source,step,selected_count,cost,edge_coverage,group_coverage,coverage,roi,uncovered_edges
marginal-greedy-prefix,0,0,0.00000000000000000,0,0.00000000000000000,0.00000000000000000,0.00000000000000000,30025
marginal-greedy-prefix,1,1,0.06712248358491349,14,222.05951871532383279,236.05951871532383279,0.00098519756797133,30011
marginal-greedy-prefix,2,2,0.13155298110641234,29,406.69075627713340282,435.69075627713340282,0.00181836121588244,29996
marginal-greedy-prefix,3,3,0.21441074888863290,49,641.96034425964353431,690.96034425964353431,0.00288373226563324,29976
marginal-greedy-prefix,4,4,0.29710702222326524,69,874.75280093013782334,943.75280093013782334,0.00393876497462393,29956
marginal-greedy-prefix,5,5,0.37680422349426929,85,1095.33079188473152499,1180.33079188473152499,0.00492612639344088,29940
marginal-greedy-prefix,6,6,0.45447179186438086,97,1306.67653456389552957,1403.67653456389552957,0.00585826284657675,29928
marginal-greedy-prefix,7,7,0.52138927892677467,105,1486.64022796435506280,1591.64022796435506280,0.00664273184241657,29920
marginal-greedy-prefix,8,8,0.60640018969247234,122,1707.17630476988210830,1829.17630476988210830,0.00763409184538460,29903
marginal-greedy-prefix,9,9,0.67985071891828552,133,1901.29839831533558936,2034.29839831533558936,0.00849017165440037,29892
marginal-greedy-prefix,10,10,0.74543120178183220,147,2068.23887299179159527,2215.23887299179159527,0.00924532915268281,29878
marginal-greedy-prefix,11,11,0.83440117795491875,160,2300.45079299508552140,2460.45079299508552140,0.01026872439020408,29865
marginal-greedy-prefix,12,12,0.92354913085518164,178,2514.80126034318391248,2692.80126034318391248,0.01123844218253934,29847
marginal-greedy-prefix,13,13,0.99328047791373308,191,2682.84542782539938344,2873.84542782539938344,0.01199403244413761,29834
marginal-greedy-prefix,14,14,1.06973178092485410,206,2863.39587288278335109,3069.39587288278335109,0.01281016484978984,29819
marginal-greedy-prefix,15,15,1.14481735417758879,219,3042.27590006190075655,3261.27590006190075655,0.01361097871719042,29806
marginal-greedy-prefix,16,16,1.22434206093156517,233,3229.66526389647378892,3462.66526389647378892,0.01445147992868524,29792
marginal-greedy-prefix,17,17,1.30728979823552494,246,3426.00040049163271760,3672.00040049163271760,0.01532514292938469,29779
marginal-greedy-prefix,18,18,1.37900520015233607,255,3597.71904961690688651,3852.71904961690688651,0.01607937463575360,29770
marginal-greedy-prefix,19,19,1.46384844483887688,267,3798.32493009901736514,4065.32493009901736514,0.01696668812994053,29758
marginal-greedy-prefix,20,20,1.53812198871303685,288,3962.97910782896406090,4250.97910782896360615,0.01774151833114854,29737
marginal-greedy-prefix,21,21,1.60002116388898741,299,4106.64745413967921195,4405.64745413967921195,0.01838702874926993,29726
marginal-greedy-prefix,22,22,1.67616195386976718,318,4276.75870875141390570,4594.75870875141390570,0.01917628710721893,29707
marginal-greedy-prefix,23,23,1.75543337013442469,330,4460.87181922123272670,4790.87181922123272670,0.01999476780451782,29695
marginal-greedy-prefix,24,24,1.83643530099376884,342,4648.23597772111497761,4990.23597772111497761,0.02082681679438125,29683
marginal-greedy-prefix,25,25,1.91922231986527381,362,4831.78947462919313693,5193.78947462919313693,0.02167635004428905,29663
marginal-greedy-prefix,26,26,1.99392611033480160,380,4996.80732193008225295,5376.80732193008225295,0.02244017748508641,29645
marginal-greedy-prefix,27,27,2.08310337342088348,392,5202.64071850198706670,5594.64071850198706670,0.02334930808779844,29633
marginal-greedy-prefix,28,28,2.15880423889165973,406,5372.47238571548768959,5778.47238571548768959,0.02411653201691805,29619
marginal-greedy-prefix,29,29,2.25868356918954971,429,5590.08530964130932261,6019.08530964130932261,0.02512073328261690,29596
marginal-greedy-prefix,30,30,2.36048276895013354,442,5821.49995995484187006,6263.49995995484187006,0.02614080110439300,29583
marginal-greedy-prefix,31,31,2.47482697393139839,465,6068.81378918044356396,6533.81378918044356396,0.02726895949678234,29560
marginal-greedy-prefix,32,32,2.55321470557974761,482,6236.56539802336192224,6718.56539802336192224,0.02804002281463285,29543
marginal-greedy-prefix,33,33,2.62897052327151526,494,6400.09699585196540284,6894.09699585196540284,0.02877260629283358,29531
marginal-greedy-prefix,34,34,2.72844173281804947,509,6614.62006190532792971,7123.62006190532792971,0.02973052388793717,29516
marginal-greedy-prefix,35,35,2.79497528026124353,525,6751.56674060223213019,7276.56674060223213019,0.03036884890317707,29500
marginal-greedy-prefix,36,36,2.86505872090188474,542,6895.59254982171933079,7437.59254982171933079,0.03104089227803021,29483
marginal-greedy-prefix,37,37,2.96646507237555257,547,7123.43687746236082603,7670.43687746236082603,0.03201267120292127,29478
marginal-greedy-prefix,38,38,3.04611446963948085,564,7288.38362093773230299,7852.38362093773230299,0.03277202837753455,29461
marginal-greedy-prefix,39,39,3.11835093640400185,576,7440.64758635044836410,8016.64758635044836410,0.03345758624069827,29449
marginal-greedy-prefix,40,40,3.19082283489915275,582,7599.06808537986398733,8181.06808537986398733,0.03414379739901111,29443
marginal-greedy-prefix,41,41,3.27065694570131527,597,7762.99522034740584786,8359.99522034740584786,0.03489055219701052,29428
marginal-greedy-prefix,42,42,3.34743567996480218,610,7921.53450861587953113,8531.53450861587953113,0.03560647371770733,29415
marginal-greedy-prefix,43,43,3.42050185292596343,622,8072.53416357611877174,8694.53416357611786225,0.03628675496423758,29403
marginal-greedy-prefix,44,44,3.50823887384510202,641,8248.98196674314385746,8889.98196674314385746,0.03710245899258352,29384
marginal-greedy-prefix,45,45,3.58957709398581803,658,8412.42021451750042615,9070.42021451750042615,0.03785552044015295,29367
marginal-greedy-prefix,46,46,3.65878764972598214,671,8552.80452748050265654,9223.80452748050265654,0.03849567192787304,29354
marginal-greedy-prefix,47,47,3.74758119276516366,692,8728.28952316961476754,9420.28952316961476754,0.03931570469312329,29333
marginal-greedy-prefix,48,48,3.83346532007501040,704,8904.85849156871518062,9608.85849156871518062,0.04010269981228937,29321
marginal-greedy-prefix,49,49,3.90627565222374429,725,9042.59216267743067874,9767.59216267743067874,0.04076517691798939,29300
marginal-greedy-prefix,50,50,3.98002785059683895,741,9186.79190047730844526,9927.79190047730844526,0.04143377267269148,29284
marginal-greedy-prefix,51,51,4.06663053961289211,753,9362.88573009093124710,10115.88573009093124710,0.04221878479376265,29272
marginal-greedy-prefix,52,52,4.14617385889608236,769,9518.10539673188213783,10287.10539673188213783,0.04293337236930944,29256
marginal-greedy-prefix,53,53,4.23208858336268090,782,9689.91542297070009226,10471.91542297070009226,0.04370467949294538,29243
marginal-greedy-prefix,54,54,4.30582401410319715,799,9831.29814220477237541,10630.29814220477237541,0.04436569189628874,29226
marginal-greedy-prefix,55,55,4.40289299063585293,815,10022.90408274162655289,10837.90408274162655289,0.04523213807404260,29210
marginal-greedy-prefix,56,56,4.50087880555010056,831,10216.34180689981258183,11047.34180689981258183,0.04610622922531250,29194
marginal-greedy-prefix,57,57,4.57809242824489182,845,10367.26022747648676159,11212.26022747648676159,0.04679451846588217,29180
marginal-greedy-prefix,58,58,4.68297856076258157,867,10568.30048210268978437,11435.30048210268978437,0.04772537996053105,29158
marginal-greedy-prefix,59,59,4.76454617085811272,881,10727.21042305855735322,11608.21042305855735322,0.04844702191860528,29144
marginal-greedy-prefix,60,60,4.83943704150893073,893,10873.79454157623695210,11766.79454157623695210,0.04910887486456043,29132
marginal-greedy-prefix,61,61,4.91062638598658374,901,11015.85970227462894400,11916.85970227462894400,0.04973517382577951,29124
marginal-greedy-prefix,62,62,5.01367412029838011,912,11221.65933120865884121,12133.65933120865884121,0.05063998998538743,29113
marginal-greedy-prefix,63,63,5.09320445912807873,921,11379.93363235941433231,12300.93363235941433231,0.05133811152513591,29104
marginal-greedy-prefix,64,64,5.19788905793189926,936,11582.75803271446784493,12518.75803271446784493,0.05224720458201623,29089
marginal-greedy-prefix,65,65,5.28560252268233111,949,11751.33375926681219426,12700.33375926681219426,0.05300501331252427,29076
marginal-greedy-prefix,66,66,5.37207456169837627,964,11915.19529570363738458,12879.19529570363738458,0.05375149433417576,29061
marginal-greedy-prefix,67,67,5.43588638036429295,979,12031.77499809927394381,13010.77499809927394381,0.05430064398719570,29046
marginal-greedy-prefix,68,68,5.53944741226005188,993,12231.01919651662865363,13224.01919651662865363,0.05519062150984805,29032
marginal-greedy-prefix,69,69,5.64492512741297592,1002,12438.41973787034658017,13440.41973787034658017,0.05609377207208600,29023
marginal-greedy-prefix,70,70,5.72671288077603968,1019,12588.39565515555295860,13607.39565515555295860,0.05679064830276895,29006
marginal-greedy-prefix,71,71,5.81213972041525651,1034,12747.68856571774631448,13781.68856571774631448,0.05751806210304698,28991
marginal-greedy-prefix,72,72,5.90269014155634775,1046,12919.72400367123736942,13965.72400367123736942,0.05828613647208342,28979
marginal-greedy-prefix,73,73,6.01885376449595899,1058,13143.20830428892804775,14201.20830428892804775,0.05926893335960803,28967
marginal-greedy-prefix,74,74,6.10737111966752089,1072,13308.33723055583141104,14380.33723055583141104,0.06001653033630225,28953
marginal-greedy-prefix,75,75,6.19284028475104709,1092,13459.89338119743297284,14551.89338119743297284,0.06073252223233951,28933
marginal-greedy-prefix,76,76,6.27430073127377685,1105,13609.92142330945898721,14714.92142330945898721,0.06141292195302855,28920
marginal-greedy-prefix,77,77,6.36237530732506862,1122,13768.71992540163955709,14890.71992540163955709,0.06214661935975369,28903
marginal-greedy-prefix,78,78,6.44065952243965523,1137,13909.92891750500348280,15046.92891750500348280,0.06279855968375765,28888
marginal-greedy-prefix,79,79,6.52498301236008604,1151,14063.29958608679044119,15214.29958608679044119,0.06349708341427227,28874
marginal-greedy-prefix,80,80,6.60601244806740961,1161,14213.51424787181531428,15374.51424787181531428,0.06416574145442656,28864
marginal-greedy-prefix,81,81,6.69244817236883449,1173,14371.14835461084112467,15544.14835461084112467,0.06487371167445323,28852
marginal-greedy-prefix,82,82,6.77385780908006296,1186,14517.73885886065909290,15703.73885886065909290,0.06553976478476159,28839
marginal-greedy-prefix,83,83,6.86835278726881260,1205,14683.94720927763955842,15888.94720927763955842,0.06631273431969840,28820
marginal-greedy-prefix,84,84,6.93169600422053467,1220,14792.35213207375272759,16012.35213207375272759,0.06682776642039941,28805
marginal-greedy-prefix,85,85,7.02792554687788051,1239,14959.58961617650493281,16198.58961617650493281,0.06760503105857905,28786
marginal-greedy-prefix,86,86,7.14036838174614896,1249,15166.99847632650562446,16415.99847632650562446,0.06851238985283935,28776
marginal-greedy-prefix,87,87,7.21685489148996506,1264,15299.60676150629115000,16563.60676150629296899,0.06912843501112384,28761
marginal-greedy-prefix,88,88,7.30509518092667154,1271,15462.66972779695788631,16733.66972779695788631,0.06983819508224220,28754
marginal-greedy-prefix,89,89,7.39249203757383544,1285,15617.01418185129659832,16902.01418185129659832,0.07054078291948931,28740
marginal-greedy-prefix,90,90,7.47398045971454827,1297,15761.62566663196957961,17058.62566663196776062,0.07119440305208125,28728
marginal-greedy-prefix,91,91,7.56525811474367593,1313,15920.82152095371930045,17233.82152095371930045,0.07192558530025231,28712
marginal-greedy-prefix,92,92,7.64839299815277140,1326,16067.36867533005715813,17393.36867533005715813,0.07259145748928220,28699
marginal-greedy-prefix,93,93,7.72763029376051502,1342,16203.04673424547036120,17545.04673424547218019,0.07322448790284618,28683
marginal-greedy-prefix,94,94,7.80715174040488868,1359,16338.05766335814951162,17697.05766335815133061,0.07385890755464374,28666
marginal-greedy-prefix,95,95,7.91460061670538995,1372,16530.24124887209109147,17902.24124887209109147,0.07471524400121486,28653
marginal-greedy-prefix,96,96,7.98411675954938715,1385,16649.88949766373480088,18034.88949766373480088,0.07526885324695251,28640
marginal-greedy-prefix,97,97,8.07234136454535367,1404,16798.84680233005201444,18202.84680233005201444,0.07596982531103531,28621
marginal-greedy-prefix,98,98,8.16932154438261549,1416,16971.06162964123723214,18387.06162964123723214,0.07673864836396251,28609
marginal-greedy-prefix,99,99,8.24159404558325903,1427,17097.06761214368816582,18524.06761214368816582,0.07731044466979889,28598
marginal-greedy-prefix,100,100,8.34897529529501448,1442,17285.20073505387699697,18727.20073505387699697,0.07815822348318739,28583
marginal-greedy-prefix,101,101,8.44093263768689184,1457,17443.96975292677961988,18900.96975292677961988,0.07888345081029893,28568
marginal-greedy-prefix,102,102,8.54134922282108455,1470,17620.36341445237849257,19090.36341445237849257,0.07967388779729127,28555
marginal-greedy-prefix,103,103,8.61556192632149376,1486,17743.96724570175138069,19229.96724570175138069,0.08025652625972170,28539
marginal-greedy-prefix,104,104,8.73123636375710532,1499,17948.36271149414460524,19447.36271149414460524,0.08116382915245084,28526
marginal-greedy-prefix,105,105,8.82729768419589433,1509,18118.69265866799469222,19627.69265866799469222,0.08191643860601125,28516
marginal-greedy-prefix,106,106,8.93431227601244871,1517,18311.15111915130910347,19828.15111915130910347,0.08275305467988202,28508
marginal-greedy-prefix,107,107,9.00751134381001606,1533,18432.07273004831949947,19965.07273004831949947,0.08332449885969130,28492
marginal-greedy-prefix,108,108,9.09942244016331969,1545,18591.70000868115312187,20136.70000868115312187,0.08404078760935411,28480
marginal-greedy-prefix,109,109,9.18867906209791485,1565,18737.88254135005990975,20302.88254135005990975,0.08473435263869811,28460
marginal-greedy-prefix,110,110,9.29122559374221524,1576,18917.34827409229910700,20493.34827409229910700,0.08552926392929437,28449
marginal-greedy-prefix,111,111,9.39354763816313465,1597,19086.27181189158727648,20683.27181189158727648,0.08632191236202297,28428
marginal-greedy-prefix,112,112,9.47284753187480177,1606,19224.34893616314730025,20830.34893616314730025,0.08693574071313175,28419
marginal-greedy-prefix,113,113,9.53668638967294768,1628,19320.40605705562120420,20948.40605705562120420,0.08742845369084999,28397
marginal-greedy-prefix,114,114,9.60419858905559920,1641,19432.14776890445136814,21073.14776890445136814,0.08794906489859482,28384
marginal-greedy-prefix,115,115,9.71545376165132346,1650,19628.50897886813982041,21278.50897886813982041,0.08880614266318970,28375
marginal-greedy-prefix,116,116,9.82006157487955811,1663,19808.40391679177992046,21471.40391679177992046,0.08961119227419703,28362
marginal-greedy-prefix,117,117,9.89035069240704878,1679,19921.72358608810827718,21600.72358608810827718,0.09015090964875987,28346
marginal-greedy-prefix,118,118,9.98783425776787226,1692,20087.84511363565979991,21779.84511363565979991,0.09089847574679961,28333
marginal-greedy-prefix,119,119,10.08001543828570590,1705,20244.17419710069225403,21949.17419710069225403,0.09160517294810055,28320
marginal-greedy-prefix,120,120,10.14961479824251001,1719,20357.76111233032497694,22076.76111233032497694,0.09213765865032204,28306
marginal-greedy-prefix,121,121,10.24035434790449273,1735,20507.82189292202747311,22242.82189292202747311,0.09283071554573859,28290
marginal-greedy-prefix,122,122,10.33141241652898046,1751,20658.26254768811122631,22409.26254768811122631,0.09352535785111772,28274
marginal-greedy-prefix,123,123,10.40232369658870226,1768,20770.62491956956728245,22538.62491956956728245,0.09406525344549241,28257
marginal-greedy-prefix,124,124,10.49955300831648586,1784,20931.97426929077118984,22715.97426929077118984,0.09480542333560107,28241
marginal-greedy-prefix,125,125,10.57874594715205063,1806,21054.34007521203238866,22860.34007521203238866,0.09540793596320399,28219
marginal-greedy-prefix,126,126,10.70237651936841417,1824,21261.65131162144098198,23085.65131162144098198,0.09634827543078908,28201
marginal-greedy-prefix,127,127,10.77689554708010533,1829,21392.36574550461591571,23221.36574550461591571,0.09691468144113748,28196
marginal-greedy-prefix,128,128,10.85902751995239512,1849,21521.69569259376658010,23370.69569259376658010,0.09753791197849589,28176
marginal-greedy-prefix,129,129,10.93503229481205707,1861,21647.72488307334424462,23508.72488307334424462,0.09811397865655061,28164
marginal-greedy-prefix,130,130,10.99956219616888120,1867,21758.77349429733658326,23625.77349429733658326,0.09860248260563882,28158
marginal-greedy-prefix,131,131,11.08035632677312421,1878,21894.32213908134872327,23772.32213908134872327,0.09921410534051704,28147
marginal-greedy-prefix,132,132,11.16844282752748185,1899,22032.92330900628803647,23931.92330900628803647,0.09988020296416360,28126
marginal-greedy-prefix,133,133,11.25848305068799959,1911,22183.82963740264676744,24094.82963740264676744,0.10056009471102757,28114
marginal-greedy-prefix,134,134,11.35844545020557561,1925,22350.66509314710128820,24275.66509314710128820,0.10131481391138854,28100
marginal-greedy-prefix,135,135,11.43694007806166368,1941,22476.52790896948863519,24417.52790896948863519,0.10190688027623751,28084
marginal-greedy-prefix,136,136,11.53726126460697188,1947,22651.61553926648775814,24598.61553926648775814,0.10266265193047631,28078
marginal-greedy-prefix,137,137,11.62106063858314187,1969,22780.38352066245715832,24749.38352066245715832,0.10329188412330470,28056
marginal-greedy-prefix,138,138,11.73332748196459363,1990,22961.24008357474667719,24951.24008357474667719,0.10413433519641760,28035
marginal-greedy-prefix,139,139,11.81322596690445437,2011,23083.81156500723591307,25094.81156500723591307,0.10473353270011117,28014
marginal-greedy-prefix,140,140,11.90828489833748094,2022,23243.57688275757027441,25265.57688275757027441,0.10544622404446813,28003
marginal-greedy-prefix,141,141,11.97281551234660668,2033,23348.17487693215662148,25381.17487693215662148,0.10592867382384138,27992
marginal-greedy-prefix,142,142,12.04446563411628901,2045,23464.25118210697837640,25509.25118210697837640,0.10646320200156403,27980
marginal-greedy-prefix,143,143,12.13978760819015790,2061,23618.51625550334210857,25679.51625550334210857,0.10717380556939919,27964
marginal-greedy-prefix,144,144,12.22871626054873317,2072,23766.34665274110375321,25838.34665274110375321,0.10783668636289631,27953
marginal-greedy-prefix,145,145,12.30710782378127988,2080,23898.11780068324151216,25978.11780068324151216,0.10842002312378844,27945
marginal-greedy-prefix,146,146,12.43234810059362161,2096,24105.26898581847126479,26201.26898581847126479,0.10935134758840483,27929
marginal-greedy-prefix,147,147,12.52183292896536670,2116,24244.59881621105523664,26360.59881621105523664,0.11001631277287323,27909
marginal-greedy-prefix,148,148,12.62503256027898146,2136,24407.96676092690177029,26543.96676092690177029,0.11078160134992829,27889
marginal-greedy-prefix,149,149,12.72765171685448848,2152,24574.08848455154293333,26726.08848455154293333,0.11154168880654181,27873
marginal-greedy-prefix,150,150,12.80497792902298215,2173,24690.13035919152389397,26863.13035919152389397,0.11211363490869565,27852
marginal-greedy-prefix,151,151,12.87414565521449106,2190,24795.65105820686949301,26985.65105820686949301,0.11262497668958622,27835
marginal-greedy-prefix,152,152,12.96280265095098727,2207,24935.61008945743014920,27142.61008945743014920,0.11328004731203238,27818
marginal-greedy-prefix,153,153,13.03504485541400726,2218,25052.43746727258258034,27270.43746727258258034,0.11381353658808023,27807
marginal-greedy-prefix,154,154,13.12646442722212115,2233,25199.12658408638526453,27432.12658408638526453,0.11448834828607615,27792
marginal-greedy-prefix,155,155,13.21687746050190881,2243,25348.40422421377297724,27591.40422421377297724,0.11515309565377266,27782
marginal-greedy-prefix,156,156,13.35707219793527400,2259,25579.31204300512763439,27838.31204300512763439,0.11618356874763548,27766
marginal-greedy-prefix,157,157,13.44040066083328355,2275,25709.52861896935792174,27984.52861896935792174,0.11679380558883981,27750
marginal-greedy-prefix,158,158,13.53087207234230682,2297,25845.83945836179918842,28142.83945836179918842,0.11745451800069989,27728
marginal-greedy-prefix,159,159,13.61698123456327814,2308,25985.33313121991886874,28293.33313121991886874,0.11808260536316587,27717
marginal-greedy-prefix,160,160,13.69686524355122081,2321,26111.83909639632838662,28432.83909639632838662,0.11866483538022794,27704
marginal-greedy-prefix,161,161,13.79489529018147032,2341,26262.85229347550557577,28603.85229347550557577,0.11937856125228900,27684
marginal-greedy-prefix,162,162,13.89880729975917895,2355,26429.69553888001610176,28784.69553888001610176,0.12013331296290070,27670
marginal-greedy-prefix,163,163,13.99094442566662089,2368,26576.51782712409840315,28944.51782712409840315,0.12080033342681840,27657
marginal-greedy-prefix,164,164,14.07552445746782688,2383,26708.16279161598140490,29091.16279161598140490,0.12141235815328949,27642
marginal-greedy-prefix,165,165,14.16137651139962195,2398,26841.87426869096452720,29239.87426869096452720,0.12203300749774733,27627
marginal-greedy-prefix,166,166,14.25042378333651705,2412,26981.69998065478648641,29393.69998065478648641,0.12267500117011847,27613
marginal-greedy-prefix,167,167,14.35361538128672443,2426,27145.43720101268627332,29571.43720101268627332,0.12341678984353247,27599
marginal-greedy-prefix,168,168,14.44110614240771362,2438,27283.75745965335227083,29721.75745965335227083,0.12404415345943562,27587
marginal-greedy-prefix,169,169,14.53280520330216596,2446,27433.20462641469930531,29879.20462641469930531,0.12470126132198413,27579
marginal-greedy-prefix,170,170,14.61967946171529853,2464,27564.20677821711069555,30028.20677821711069555,0.12532312380131613,27561
marginal-greedy-prefix,171,171,14.71368515677648681,2478,27711.33295290980822756,30189.33295290980822756,0.12599558605281805,27547
marginal-greedy-prefix,172,172,14.78983999267872385,2499,27820.38050440297229216,30319.38050440297229216,0.12653834125349353,27526
marginal-greedy-prefix,173,173,14.85540969295878178,2516,27915.23513691607149667,30431.23513691607149667,0.12700516806275738,27509
marginal-greedy-prefix,174,174,14.94492117263706099,2539,28044.70608460478615598,30583.70608460478615598,0.12764150760825291,27486
marginal-greedy-prefix,175,175,15.04271310758312730,2552,28198.04982139670028118,30750.04982139670028118,0.12833574542516674,27473
marginal-greedy-prefix,176,176,15.11374918142941404,2567,28303.71774785803063423,30870.71774785803063423,0.12883935463494917,27458
marginal-greedy-prefix,177,177,15.22105089881724460,2579,28473.81148897649472929,31052.81148897649472929,0.12959932530619780,27446
marginal-greedy-prefix,178,178,15.30346019055202511,2592,28600.65677418563063839,31192.65677418563063839,0.13018297147996827,27433
marginal-greedy-prefix,179,179,15.40066007179223995,2605,28752.56833229348194436,31357.56833229348194436,0.13087123207993226,27420
marginal-greedy-prefix,180,180,15.47742529041310355,2622,28865.64846502467844402,31487.64846502467844402,0.13141412325884172,27403
marginal-greedy-prefix,181,181,15.58243032486865154,2641,29024.17164293836322031,31665.17164293836322031,0.13215501862324353,27384
marginal-greedy-prefix,182,182,15.66051812570307966,2651,29146.12422804060042836,31797.12422804060042836,0.13270572450724147,27374
marginal-greedy-prefix,183,183,15.75081268023514802,2674,29275.63613376568173408,31949.63613376568173408,0.13334223499165121,27351
marginal-greedy-prefix,184,184,15.83915049632473959,2691,29407.83770367466058815,32098.83770367466058815,0.13396492974512605,27334
marginal-greedy-prefix,185,185,15.95814847238928458,2706,29593.50497504101440427,32299.50497504101440427,0.13480241729401829,27319
marginal-greedy-prefix,186,186,16.04964288229305680,2721,29732.72939335359114921,32453.72939335359114921,0.13544607497268438,27304
marginal-greedy-prefix,187,187,16.14887992120953442,2730,29890.76884374002111144,32620.76884374002111144,0.13614321635961757,27295
marginal-greedy-prefix,188,188,16.24250002003646287,2736,30041.79347206106103840,32777.79347206106467638,0.13679856075231733,27289
marginal-greedy-prefix,189,189,16.32111979289614467,2751,30158.61796276236418635,32909.61796276236418635,0.13734873203261466,27274
marginal-greedy-prefix,190,190,16.42161101047273064,2774,30304.07996638116674148,33078.07996638116310351,0.13805181046454590,27251
marginal-greedy-prefix,191,191,16.50655770451174575,2788,30432.26515374582231743,33220.26515374582231743,0.13864522225135101,27237
marginal-greedy-prefix,192,192,16.60880557653610623,2808,30583.38461074628867209,33391.38461074628867209,0.13935939160061897,27217
marginal-greedy-prefix,193,193,16.68598495009171501,2820,30700.12594179735606303,33520.12594179735606303,0.13989669527275711,27205
marginal-greedy-prefix,194,194,16.77986584697701389,2831,30845.54847950641851639,33676.54847950641851639,0.14054952683221103,27194
marginal-greedy-prefix,195,195,16.86885717768624104,2850,30974.69065787345607532,33824.69065787345607532,0.14116780020087444,27175
marginal-greedy-prefix,196,196,16.95430074045751212,2866,31100.86647333564178552,33966.86647333564178552,0.14176117287391882,27159
marginal-greedy-prefix,197,197,17.02675722029102445,2881,31206.36423457781347679,34087.36423457781347679,0.14226407189687643,27144
marginal-greedy-prefix,198,198,17.11888130635150063,2891,31349.49183316839480540,34240.49183316839480540,0.14290315198371953,27134
marginal-greedy-prefix,199,199,17.23615966926884013,2905,31530.39092739664920373,34435.39092739664920373,0.14371656596794885,27120
marginal-greedy-prefix,200,200,17.30494255527958458,2914,31635.46096450660479604,34549.46096450660843402,0.14419263879801617,27111
marginal-greedy-prefix,201,201,17.39285996720203542,2926,31769.16324853156402241,34695.16324853156402241,0.14480072923491299,27099
marginal-greedy-prefix,202,202,17.48712562749316035,2940,31911.16067925967581687,34851.16067925967217889,0.14545178660467933,27085
marginal-greedy-prefix,203,203,17.56283779509662679,2955,32021.34495529108608025,34976.34495529108971823,0.14597424485997695,27070
marginal-greedy-prefix,204,204,17.66339584797575313,2967,32174.41108955119852908,35141.41108955119852908,0.14666315058558593,27058
marginal-greedy-prefix,205,205,17.76720941772591900,2983,32328.54639498896358418,35311.54639498896722216,0.14737321256510513,27042
marginal-greedy-prefix,206,206,17.86579677886777873,2999,32474.03939481991619687,35473.03939481991983484,0.14804720576624233,27026
marginal-greedy-prefix,207,207,17.95277904954498283,3021,32594.23670138604938984,35615.23670138604938984,0.14864066813269733,27004
marginal-greedy-prefix,208,208,18.05642185806427946,3036,32748.51714901019659010,35784.51714901019295212,0.14934716235166387,26989
marginal-greedy-prefix,209,209,18.14096309531020523,3050,32872.49120444750587922,35922.49120444750587922,0.14992299892288008,26975
marginal-greedy-prefix,210,210,18.23152997027090194,3062,33007.56426969563472085,36069.56426969563472085,0.15053681033360011,26963
marginal-greedy-prefix,211,211,18.34567662921844899,3078,33176.73344727149378741,36254.73344727149378741,0.15130961638015902,26947
marginal-greedy-prefix,212,212,18.44204388057009680,3094,33316.76052627363969805,36410.76052627363969805,0.15196079748739477,26931
marginal-greedy-prefix,213,213,18.54884630150417024,3110,33473.67136986184050329,36583.67136986184050329,0.15268244321261717,26915
marginal-greedy-prefix,214,214,18.64961326214912418,3121,33625.52761575229669688,36746.52761575229669688,0.15336212593947093,26904
marginal-greedy-prefix,215,215,18.75478815751936779,3130,33785.98563447506603552,36915.98563447506603552,0.15406936125379961,26895
marginal-greedy-prefix,216,216,18.82382768077276936,3142,33885.02303712350112619,37027.02303712350112619,0.15453277734326057,26883
marginal-greedy-prefix,217,217,18.91039660014300239,3162,34003.88892547393334098,37165.88892547393334098,0.15511233599110316,26863
marginal-greedy-prefix,218,218,18.99453864351444210,3175,34125.83659924176026834,37300.83659924176026834,0.15567554191782448,26850
marginal-greedy-prefix,219,219,19.10080891952568649,3190,34281.13101730991184013,37471.13101730991184013,0.15638626795604096,26835
marginal-greedy-prefix,220,220,19.16770238332538412,3203,34375.09498501575581031,37578.09498501575581031,0.15683268351012605,26822
marginal-greedy-prefix,221,221,19.24483415660269259,3216,34485.27884388853271957,37701.27884388853271957,0.15734679299757756,26809
marginal-greedy-prefix,222,222,19.34669093919004013,3227,34636.21161288151051849,37863.21161288151051849,0.15802262158121175,26798
marginal-greedy-prefix,223,223,19.46801836022547505,3238,34817.90482357638393296,38055.90482357638393296,0.15882682928092376,26787
marginal-greedy-prefix,224,224,19.56460905514099480,3259,34949.99822817408130504,38208.99822817408130504,0.15946576665867887,26766
marginal-greedy-prefix,225,225,19.65206711152208996,3276,35071.41683397692395374,38347.41683397692395374,0.16004345856680904,26749
marginal-greedy-prefix,226,226,19.74683917475105943,3283,35214.19833733872656012,38497.19833733872656012,0.16066857368032875,26742
marginal-greedy-prefix,227,227,19.84767229633310492,3296,35360.50685633379180217,38656.50685633379180217,0.16133344992139373,26729
marginal-greedy-prefix,228,228,19.92220344819904199,3311,35463.13435174892219948,38774.13435174892219948,0.16182436985141907,26714
marginal-greedy-prefix,229,229,19.97799366041926916,3327,35535.01472776752052596,38862.01472776752052596,0.16219113977960120,26698
marginal-greedy-prefix,230,230,20.08500975586511927,3336,35694.26435046148981201,39030.26435046148981201,0.16289333183689370,26689
marginal-greedy-prefix,231,231,20.16881203793574784,3352,35809.87661077407392440,39161.87661077407392440,0.16344261737081678,26673
marginal-greedy-prefix,232,232,20.23588116567367479,3362,35905.05547105718142120,39267.05547105718142120,0.16388158275512679,26663
marginal-greedy-prefix,233,233,20.32345024119488031,3371,36033.17959594995045336,39404.17959594995045336,0.16445387212981399,26654
marginal-greedy-prefix,234,234,20.43049898911166906,3387,36184.44257017138443189,39571.44257017138443189,0.16515194639647102,26638
marginal-greedy-prefix,235,235,20.51705706800438733,3405,36301.48896479226095835,39706.48896479226095835,0.16571556433599682,26620
marginal-greedy-prefix,236,236,20.58846115943702060,3417,36400.81549608438945143,39817.81549608438945143,0.16618018710773075,26608
marginal-greedy-prefix,237,237,20.67938314680636935,3428,36531.27975239138322650,39959.27975239138322650,0.16677059007909575,26597
marginal-greedy-prefix,238,238,20.78604896802683299,3445,36680.21567697918362683,40125.21567697918362683,0.16746312588630513,26580
marginal-greedy-prefix,239,239,20.86512132004865094,3458,36790.01442667349328985,40248.01442667349328985,0.16797562811543426,26567
marginal-greedy-prefix,240,240,20.95520705256598148,3466,36921.89240476748818764,40387.89240476748818764,0.16855941073339825,26559
marginal-greedy-prefix,241,241,21.03480581848955566,3482,37029.08053676805866417,40511.08053676805866417,0.16907353805480591,26543
marginal-greedy-prefix,242,242,21.14048142258800667,3495,37179.48527022435155232,40674.48527022435155232,0.16975550990187338,26530
marginal-greedy-prefix,243,243,21.22884272474928480,3503,37308.07477484748233110,40811.07477484748233110,0.17032556803169357,26522
marginal-greedy-prefix,244,244,21.30591779511621198,3517,37413.16309076773904962,40930.16309076773904962,0.17082258471569320,26508
marginal-greedy-prefix,245,245,21.40723076659734403,3529,37557.63890696375892730,41086.63890696375892730,0.17147563863362716,26496
marginal-greedy-prefix,246,246,21.50484980170417870,3543,37694.32783812613342889,41237.32783812613342889,0.17210454090924523,26482
marginal-greedy-prefix,247,247,21.60176692481591587,3559,37827.90621365322294878,41386.90621365322294878,0.17272880826602191,26466
marginal-greedy-prefix,248,248,21.69515752846904633,3571,37960.00741951888630865,41531.00741951888630865,0.17333021658174330,26454
marginal-greedy-prefix,249,249,21.77345176462014464,3586,38065.78335996077657910,41651.78335996077657910,0.17383427658932255,26439
marginal-greedy-prefix,250,250,21.86591763238380537,3597,38197.03055245725408895,41794.03055245725408895,0.17442794715537704,26428
marginal-greedy-prefix,251,251,21.96017215012293278,3612,38326.97431184870220022,41938.97431184870220022,0.17503287187954072,26413
marginal-greedy-prefix,252,252,22.04337764752125040,3629,38437.89209746084088692,42066.89209746084088692,0.17556673847374205,26396
marginal-greedy-prefix,253,253,22.12845202591314830,3641,38556.09527531694766367,42197.09527531694766367,0.17611014318313092,26384
marginal-greedy-prefix,254,254,22.23013535137276619,3662,38690.41630987238022499,42352.41630987238022499,0.17675837760439711,26363
marginal-greedy-prefix,255,255,22.34229806299246235,3677,38846.61055305266927462,42523.61055305266927462,0.17747285907478980,26348
marginal-greedy-prefix,256,256,22.42828200179160092,3703,38951.80568703407334397,42654.80568703407334397,0.17802040372637415,26322
marginal-greedy-prefix,257,257,22.50460586135817209,3717,39054.14450595043308567,42771.14450595043308567,0.17850594534774497,26308
marginal-greedy-prefix,258,258,22.58881772300799895,3733,39166.24659122819139156,42899.24659122819139156,0.17904058111907303,26292
marginal-greedy-prefix,259,259,22.65352911515857670,3747,39250.56159456465684343,42997.56159456465684343,0.17945090010434128,26278
marginal-greedy-prefix,260,260,22.73536223542023293,3762,39359.88557780106202699,43121.88557780106202699,0.17996976791611854,26263
marginal-greedy-prefix,261,261,22.81487465025730899,3783,39459.48979941128345672,43242.48979941128345672,0.18047311125285032,26242
marginal-greedy-prefix,262,262,22.88633134599874452,3798,39552.86863860599987675,43350.86863860599987675,0.18092543179207396,26227
marginal-greedy-prefix,263,263,22.99591101977193830,3811,39705.70836084477195982,43516.70836084477195982,0.18161756609748916,26214
marginal-greedy-prefix,264,264,23.08019271989583743,3827,39817.05224480578908697,43644.05224480578908697,0.18214903750545094,26198
marginal-greedy-prefix,265,265,23.18640942344488209,3846,39958.44935999883455224,43804.44935999883455224,0.18281845701735114,26179
marginal-greedy-prefix,266,266,23.27997263433796959,3868,40077.49611805274616927,43945.49611805274616927,0.18340711755415640,26157
marginal-greedy-prefix,267,267,23.35773089940276748,3887,40175.71333692371263169,44062.71333692371263169,0.18389632518952104,26138
marginal-greedy-prefix,268,268,23.44725502950997154,3900,40297.50666794892458711,44197.50666794892458711,0.18445888696473561,26125
marginal-greedy-prefix,269,269,23.51589340229332947,3912,40388.75112648185313446,44300.75112648185313446,0.18488977909739232,26113
marginal-greedy-prefix,270,270,23.60759201583550038,3923,40515.47292732544156024,44438.47292732544156024,0.18546456288067775,26102
marginal-greedy-prefix,271,271,23.68557121940608923,3936,40619.20286864556692308,44555.20286864556692308,0.18595173685664740,26089
marginal-greedy-prefix,272,272,23.76718565279227136,3951,40726.26094133804872399,44677.26094133804872399,0.18646114786037363,26074
marginal-greedy-prefix,273,273,23.86249986583685612,3970,40849.78919461274199421,44819.78919461274199421,0.18705599143735627,26055
marginal-greedy-prefix,274,274,23.94100936963096515,3982,40954.92447249629913131,44936.92447249629913131,0.18754485709091076,26043
marginal-greedy-prefix,275,275,24.04873613858072190,3996,41101.52930433949950384,45097.52930433949950384,0.18821514351103680,26029
marginal-greedy-prefix,276,276,24.12546232823600789,4005,41206.77018153778772103,45211.77018153778772103,0.18869192934450446,26020
marginal-greedy-prefix,277,277,24.19599606709671136,4021,41295.70146635027049342,45316.70146635027049342,0.18912986146926675,26004
marginal-greedy-prefix,278,278,24.28168798747844548,4037,41407.17003334494074807,45444.17003334494074807,0.18966185324354207,25988
marginal-greedy-prefix,279,279,24.38264067401784985,4051,41543.11925607343437150,45594.11925607343437150,0.19028766833608851,25974
marginal-greedy-prefix,280,280,24.48661134352681756,4057,41691.30517970975051867,45748.30517970975051867,0.19093116535670687,25968
marginal-greedy-prefix,281,281,24.58067052979374978,4075,41812.56686345385242021,45887.56686345385242021,0.19151237586193431,25950
marginal-greedy-prefix,282,282,24.66510778269775628,4096,41916.44395278502634028,46012.44395278502634028,0.19203355206941772,25929
marginal-greedy-prefix,283,283,24.74036381433426968,4107,42016.73984078178909840,46123.73984078178909840,0.19249804695094735,25918
marginal-greedy-prefix,284,284,24.84820253375584187,4121,42161.97873431203333894,46282.97873431203333894,0.19316263260920091,25904
marginal-greedy-prefix,285,285,24.92569926892250365,4136,42261.35982842517114477,46397.35982842517114477,0.19364000363984366,25889
marginal-greedy-prefix,286,286,25.03115055526875565,4151,42401.92012123206950491,46552.92012123206950491,0.19428923660863187,25874
marginal-greedy-prefix,287,287,25.11276801120274982,4167,42506.13311215894646011,46673.13311215894646011,0.19479094713885853,25858
marginal-greedy-prefix,288,288,25.19855674450142047,4178,42621.22781724086962640,46799.22781724086962640,0.19531720508201136,25847
marginal-greedy-prefix,289,289,25.28381783150795670,4190,42734.54651381374424091,46924.54651381374424091,0.19584022434324194,25835
marginal-greedy-prefix,290,290,25.40034303819083661,4199,42896.67487548464123392,47095.67487548464123392,0.19655443085627139,25826
marginal-greedy-prefix,291,291,25.48954222529658864,4213,43013.58611978559201816,47226.58611978559201816,0.19710079069046615,25812
marginal-greedy-prefix,292,292,25.57299853857589156,4222,43126.41441087285784306,47348.41441087285784306,0.19760924269758059,25803
marginal-greedy-prefix,293,293,25.67665056422390535,4235,43264.56991417751123663,47499.56991417751123663,0.19824009221829328,25790
marginal-greedy-prefix,294,294,25.76585975862193223,4252,43377.56026307922002161,47629.56026307922002161,0.19878260868318598,25773
marginal-greedy-prefix,295,295,25.87948300614571551,4273,43522.07124249673506711,47795.07124249673506711,0.19947337097602674,25752
marginal-greedy-prefix,296,296,25.98468990914054544,4281,43667.28823102374008158,47948.28823102374008158,0.20011282413296863,25744
marginal-greedy-prefix,297,297,26.09242524648886175,4301,43804.02821435708028730,48105.02821435708028730,0.20076698055599387,25724
marginal-greedy-prefix,298,298,26.18797415806313822,4319,43924.85751476364384871,48243.85751476364384871,0.20134638650356190,25706
marginal-greedy-prefix,299,299,26.28663404724645503,4332,44055.15403977441746974,48387.15403977441746974,0.20194443647294105,25693
marginal-greedy-prefix,300,300,26.38636421795878917,4352,44179.84278552980686072,48531.84278552980686072,0.20254829689427375,25673
marginal-greedy-prefix,301,301,26.47247815211482092,4364,44292.60931032372172922,48656.60931032372172922,0.20306901165917776,25661
marginal-greedy-prefix,302,302,26.56621731319198787,4382,44410.34630760191066656,48792.34630760191066656,0.20363551183815792,25643
marginal-greedy-prefix,303,303,26.69010597859300660,4391,44580.30656101330532692,48971.30656101330532692,0.20438240485642700,25634
marginal-greedy-prefix,304,304,26.76946339542431730,4405,44680.74219040589377983,49085.74219040589377983,0.20486000349079009,25620
marginal-greedy-prefix,305,305,26.85084887135886689,4413,44789.96842102375376271,49202.96842102375376271,0.20534924873680130,25612
marginal-greedy-prefix,306,306,26.95950019265799114,4426,44933.43775794197426876,49359.43775794197426876,0.20600227561338244,25599
marginal-greedy-prefix,307,307,27.06308814827814047,4440,45068.45260816554946359,49508.45260816554946359,0.20662419108974550,25585
marginal-greedy-prefix,308,308,27.14931990357231584,4450,45182.31043185688031372,49632.31043185688031372,0.20714111337840813,25575
marginal-greedy-prefix,309,309,27.24609578804270171,4463,45308.12976868262921926,49771.12976868262921926,0.20772047774283797,25562
marginal-greedy-prefix,310,310,27.34268904012381540,4478,45431.37456475439103087,49909.37456475439103087,0.20829744425372390,25547
marginal-greedy-prefix,311,311,27.44483251198524698,4493,45562.27844663665018743,50055.27844663665018743,0.20890637606198251,25532
marginal-greedy-prefix,312,312,27.51581129948500504,4506,45650.62914568923588376,50156.62914568923588376,0.20932936456404422,25519
marginal-greedy-prefix,313,313,27.60613720185105890,4521,45764.51022307394305244,50285.51022307394305244,0.20986725146938040,25504
marginal-greedy-prefix,314,314,27.72523229924892973,4535,45920.22588907591853058,50455.22588907591853058,0.21057556207808506,25490
marginal-greedy-prefix,315,315,27.84932865962680637,4546,46086.03054674436862115,50632.03054674436862115,0.21131345868860482,25479
marginal-greedy-prefix,316,316,27.95271730661013265,4563,46216.11715428094612435,50779.11715428094612435,0.21192732661824734,25462
marginal-greedy-prefix,317,317,28.03691085251983850,4577,46321.77840325532451971,50898.77840325532451971,0.21242673444603394,25448
marginal-greedy-prefix,318,318,28.11567737634186770,4592,46418.63655040254525375,51010.63655040254525375,0.21289357592367045,25433
marginal-greedy-prefix,319,319,28.21645313784990350,4599,46554.62769271952129202,51153.62769271952129202,0.21349035137428049,25426
marginal-greedy-prefix,320,320,28.30699437820945974,4612,46669.95934293058962794,51281.95934293058962794,0.21402594523793722,25413
marginal-greedy-prefix,321,321,28.38848884327519784,4630,46767.39678404351434438,51397.39678404351434438,0.21450772494695391,25395
marginal-greedy-prefix,322,322,28.46921841603937509,4647,46864.74869262213906040,51511.74869262213906040,0.21498497417137685,25378
marginal-greedy-prefix,323,323,28.53920202058775502,4660,46950.82931240562174935,51610.82931240562174935,0.21539848846715703,25365
marginal-greedy-prefix,324,324,28.62373467932264148,4677,47053.33754905697423965,51730.33754905697423965,0.21589725769596091,25348
marginal-greedy-prefix,325,325,28.73176130572657527,4694,47188.66843873968173284,51882.66843873968173284,0.21653301270748956,25331
marginal-greedy-prefix,326,326,28.81536989572124696,4711,47289.46694328153535025,52000.46694328153535025,0.21702464634639931,25314
marginal-greedy-prefix,327,327,28.89295418174594232,4723,47386.75090658240515040,52109.75090658240515040,0.21748074443322174,25302
marginal-greedy-prefix,328,328,29.01808749529332943,4733,47552.89493076701182872,52285.89493076701182872,0.21821588388103461,25292
marginal-greedy-prefix,329,329,29.13490239840871254,4743,47707.16491365106776357,52450.16491365106776357,0.21890146685819570,25282
marginal-greedy-prefix,330,330,29.23536442964414661,4754,47837.28101217195217032,52591.28101217195217032,0.21949041678837003,25271
marginal-greedy-prefix,331,331,29.33971627566852192,4771,47966.77733662590617314,52737.77733662590617314,0.22010182116364890,25254
marginal-greedy-prefix,332,332,29.42341697110926546,4780,48075.11121824936708435,52855.11121824936708435,0.22059151569257607,25245
marginal-greedy-prefix,333,333,29.51479929512021272,4796,48187.13766087788098957,52983.13766087788098957,0.22112583576829281,25229
marginal-greedy-prefix,334,334,29.61799037789581845,4814,48313.26620094798272476,53127.26620094798272476,0.22172735816368311,25211
marginal-greedy-prefix,335,335,29.69366540757004458,4826,48406.78444514606962912,53232.78444514606962912,0.22216773997131495,25199
marginal-greedy-prefix,336,336,29.77457692956039992,4843,48502.59987681228085421,53345.59987681228085421,0.22263857668873291,25182
marginal-greedy-prefix,337,337,29.85527552740828483,4853,48604.91098094945482444,53457.91098094945482444,0.22310730858844316,25172
marginal-greedy-prefix,338,338,29.94320896074844640,4865,48715.07000587426591665,53580.07000587426591665,0.22361714091766521,25160
marginal-greedy-prefix,339,339,30.05407395446672680,4877,48857.08025507978891255,53734.08025507978891255,0.22425990475869007,25148
marginal-greedy-prefix,340,340,30.12907855966057724,4887,48951.18688200054020854,53838.18688200054020854,0.22469439516267886,25138
marginal-greedy-prefix,341,341,30.23571145443375130,4902,49083.98998112948902417,53985.98998112948902417,0.22531125337959351,25123
marginal-greedy-prefix,342,342,30.34246122965830139,4909,49224.46772273541137110,54133.46772273541137110,0.22592675371252133,25116
marginal-greedy-prefix,343,343,30.42943598722983722,4922,49331.44789906570076710,54253.44789906570076710,0.22642749258790607,25103
marginal-greedy-prefix,344,344,30.54859307306046645,4936,49481.81790807654033415,54417.81790807654033415,0.22711349302544906,25089
marginal-greedy-prefix,345,345,30.61545490061567776,4948,49562.01894336659461260,54510.01894336659461260,0.22749829528305998,25077
marginal-greedy-prefix,346,346,30.69698850691498748,4969,49653.20808110739744734,54622.20808110739744734,0.22796651815437885,25056
marginal-greedy-prefix,347,347,30.76841268259346407,4981,49739.31743676711630542,54720.31743676711630542,0.22837597886630950,25044
marginal-greedy-prefix,348,348,30.84847295711502824,4999,49831.28784626615379239,54830.28784626615379239,0.22883494184554831,25026
marginal-greedy-prefix,349,349,30.92264783007138362,5011,49921.13406092236255063,54932.13406092236255063,0.22925999838862882,25014
marginal-greedy-prefix,350,350,31.00641346973166534,5026,50021.03740298670163611,55047.03740298670163611,0.22973954902810156,24999
marginal-greedy-prefix,351,351,31.07594883105388206,5046,50096.38232369971228763,55142.38232369971228763,0.23013747233369874,24979
marginal-greedy-prefix,352,352,31.18277982211478871,5059,50229.84369413599051768,55288.84369413599051768,0.23074873082791594,24966
marginal-greedy-prefix,353,353,31.29186113167725125,5068,50370.35862496380286757,55438.35862496380286757,0.23137273339738912,24957
marginal-greedy-prefix,354,354,31.35641243065864003,5084,50442.67274983825336676,55526.67274983825336676,0.23174131358223968,24941
marginal-greedy-prefix,355,355,31.44312252820668263,5093,50552.29435413061582949,55645.29435413061582949,0.23223638243899958,24932
marginal-greedy-prefix,356,356,31.56526312108689680,5107,50704.91275405720807612,55811.91275405720807612,0.23293176656619047,24918
marginal-greedy-prefix,357,357,31.64063503717187942,5124,50790.72053724006400444,55914.72053724006400444,0.23336083622841586,24901
marginal-greedy-prefix,358,358,31.72583638752419688,5138,50892.82331732037710026,56030.82331732037710026,0.23384539273853810,24887
marginal-greedy-prefix,359,359,31.81528997362227784,5159,50993.66403466691554058,56152.66403466691554058,0.23435389660681233,24866
marginal-greedy-prefix,360,360,31.91875458963432877,5170,51123.31794473867194029,56293.31794473867194029,0.23494091758729421,24855
marginal-greedy-prefix,361,361,31.99963801550629228,5183,51220.16743480000877753,56403.16743480000877753,0.23539937590763768,24842
marginal-greedy-prefix,362,362,32.08576621153905961,5195,51325.00133823945361655,56520.00133823945361655,0.23588698377090692,24830
marginal-greedy-prefix,363,363,32.17031977416857558,5208,51426.54972112840914633,56634.54972112840914633,0.23636505298349961,24817
marginal-greedy-prefix,364,364,32.30081025974433118,5225,51586.21856942485464970,56811.21856942485464970,0.23710238279178347,24800
marginal-greedy-prefix,365,365,32.40812917604141319,5242,51714.49445147234655451,56956.49445147234655451,0.23770869363430741,24783
marginal-greedy-prefix,366,366,32.48497727765718679,5258,51802.51782638588338159,57060.51782638588338159,0.23814283658492730,24767
marginal-greedy-prefix,367,367,32.56583799217200692,5271,51898.83105009462451562,57169.83105009462451562,0.23859905679045451,24754
marginal-greedy-prefix,368,368,32.65797383065798698,5291,52003.38467173532990273,57294.38467173532990273,0.23911888300119261,24734
marginal-greedy-prefix,369,369,32.73096758411562490,5308,52084.90998258640320273,57392.90998258640320273,0.23953007970769422,24717
marginal-greedy-prefix,370,370,32.88372420921072603,5325,52273.91997258814080851,57598.91997258814080851,0.24038986516448094,24700
marginal-greedy-prefix,371,371,32.97419996334319592,5335,52385.92066177728702314,57720.92066177728702314,0.24089903667738621,24690
marginal-greedy-prefix,372,372,33.07646229941463645,5350,52508.80523002913832897,57858.80523002913832897,0.24147449977263349,24675
marginal-greedy-prefix,373,373,33.15689655062141128,5362,52605.05448194744531065,57967.05448194744531065,0.24192627947762069,24663
marginal-greedy-prefix,374,374,33.30810259853273436,5375,52795.33669520813418785,58170.33669520813418785,0.24277468052158699,24650
marginal-greedy-prefix,375,375,33.44642899474794717,5387,52969.05050011161802104,58356.05050011161802104,0.24354975957760361,24638
marginal-greedy-prefix,376,376,33.57859062841183118,5410,53123.36221612654480850,58533.36221612654480850,0.24428977240293429,24615
marginal-greedy-prefix,377,377,33.65341372260196096,5424,53209.66617222614149796,58633.66617222614149796,0.24470839230924019,24601
marginal-greedy-prefix,378,378,33.75598860461153095,5440,53331.11553609785914887,58771.11553609785914887,0.24528203907316895,24585
marginal-greedy-prefix,379,379,33.83493277303470848,5451,53425.72907652880530804,58876.72907652880530804,0.24572281860090697,24574
marginal-greedy-prefix,380,380,33.92995293866469808,5467,53536.84644824304996291,59003.84644824304996291,0.24625334465696833,24558
marginal-greedy-prefix,381,381,34.01229050153984446,5477,53636.88581961580348434,59113.88581961580348434,0.24671259544951218,24548
marginal-greedy-prefix,382,382,34.09712219753097173,5492,53735.23626008808787446,59227.23626008808787446,0.24718566503335915,24533
marginal-greedy-prefix,383,383,34.17608647318232329,5511,53821.58467213249241468,59332.58467213249241468,0.24762533804421938,24514
marginal-greedy-prefix,384,384,34.26633002647380977,5519,53933.94814952809974784,59452.94814952809974784,0.24812767663174201,24506
marginal-greedy-prefix,385,385,34.32978439191736442,5531,54006.48155672197754029,59537.48155672197754029,0.24848047794063635,24494
marginal-greedy-prefix,386,386,34.40575580374267872,5551,54087.50633155976538546,59638.50633155976538546,0.24890210619361550,24474
marginal-greedy-prefix,387,387,34.52971417761685302,5570,54232.97520506267028395,59802.97520506267028395,0.24958851924344236,24455
marginal-greedy-prefix,388,388,34.61151191172388053,5583,54328.44651332133071264,59911.44651332133071264,0.25004122570354481,24442
marginal-greedy-prefix,389,389,34.70812210039598256,5597,54442.43227475189632969,60039.43227475189632969,0.25057537599573620,24428
marginal-greedy-prefix,390,390,34.80911608227040688,5609,54564.15186055788217345,60173.15186055788217345,0.25113345648087465,24416
marginal-greedy-prefix,391,391,34.91799690885611795,5625,54692.17694846586528001,60317.17694846586528001,0.25173454711727855,24400
marginal-greedy-prefix,392,392,34.99703049771080288,5637,54784.65377734727371717,60421.65377734727371717,0.25217058256411623,24388
marginal-greedy-prefix,393,393,35.08838479378502484,5646,54896.34054773624666268,60542.34054773624666268,0.25267427041928348,24379
marginal-greedy-prefix,394,394,35.22879828004489156,5657,55070.75694850237778155,60727.75694850237778155,0.25344810825514336,24368
marginal-greedy-prefix,395,395,35.29399740793504492,5681,55132.76868286815442843,60813.76868286815442843,0.25380707938232061,24344
marginal-greedy-prefix,396,396,35.37266756754122810,5692,55225.51928829330427106,60917.51928829330427106,0.25424008392582165,24333
marginal-greedy-prefix,397,397,35.43702388247137236,5703,55299.38363967183977365,61002.38363967183977365,0.25459426643471011,24322
marginal-greedy-prefix,398,398,35.51814662334196271,5713,55395.98912077428394696,61108.98912077428394696,0.25503918584014701,24312
marginal-greedy-prefix,399,399,35.60276487955707125,5726,55494.16957816750800703,61220.16957816750800703,0.25550319897050433,24299
marginal-greedy-prefix,400,400,35.70765492548047604,5743,55614.93906964736379450,61357.93906964736379450,0.25607818179129999,24282
marginal-greedy-prefix,401,401,35.80506933935604508,5755,55730.73183755769423442,61485.73183755769423442,0.25661152662244580,24270
marginal-greedy-prefix,402,402,35.89476091798958635,5764,55839.34888231644436019,61603.34888231644436019,0.25710240293651654,24261
marginal-greedy-prefix,403,403,35.99736629853371994,5776,55961.84616693396674236,61737.84616693396674236,0.25766372915807734,24249
marginal-greedy-prefix,404,404,36.06690409466479963,5793,56035.95211226087849354,61828.95211226087849354,0.25804396104303701,24232
marginal-greedy-prefix,405,405,36.16496496270069372,5807,56150.16621745772863505,61957.16621745772863505,0.25857906433100014,24218
marginal-greedy-prefix,406,406,36.28386682491508708,5817,56295.61534268496325240,62112.61534268496325240,0.25922783334040334,24208
marginal-greedy-prefix,407,407,36.39484639402455457,5830,56427.52032701439748053,62257.52032701439748053,0.25983259623632554,24195
marginal-greedy-prefix,408,408,36.48557630641290928,5845,56530.96619689807994291,62375.96619689807994291,0.26032693166317344,24180
marginal-greedy-prefix,409,409,36.57929480097647712,5854,56644.30171837472153129,62498.30171837472153129,0.26083750060312222,24171
marginal-greedy-prefix,410,410,36.70405187012278958,5866,56794.72709874847350875,62660.72709874847350875,0.26151538510696215,24159
marginal-greedy-prefix,411,411,36.82131779316353004,5877,56936.21709796459617792,62813.21709796459617792,0.26215180416426292,24148
marginal-greedy-prefix,412,412,36.91271373325454874,5886,57045.98777219001931371,62931.98777219001931371,0.26264749516638813,24139
marginal-greedy-prefix,413,413,37.02156979822279936,5899,57174.36582649136107648,63073.36582649136107648,0.26323753837252623,24126
marginal-greedy-prefix,414,414,37.13151856248366300,5911,57305.14951806765748188,63216.14951806765748188,0.26383344802468722,24114
marginal-greedy-prefix,415,415,37.23986621983765843,5924,57432.63892013794247760,63356.63892013794247760,0.26441978242881814,24101
marginal-greedy-prefix,416,416,37.37652773663178607,5934,57599.65763457701541483,63533.65763457701541483,0.26515857240814156,24091
marginal-greedy-prefix,417,417,37.50281878692186410,5940,57757.09162060361268232,63697.09162060361268232,0.26584066634120357,24085
marginal-greedy-prefix,418,418,37.64095910595072780,5954,57921.80275467797036981,63875.80275467797036981,0.26658651965657776,24071
marginal-greedy-prefix,419,419,37.72547232009441132,5966,58019.01202178303356050,63985.01202178303356050,0.26704230599782497,24059
marginal-greedy-prefix,420,420,37.81144544319334244,5979,58117.07424115366302431,64096.07424115366302431,0.26750582566020892,24046
marginal-greedy-prefix,421,421,37.91354861912971330,5991,58236.87971944258606527,64227.87971944258606527,0.26805591759194813,24034
marginal-greedy-prefix,422,422,38.02520259509353906,6009,58362.95014232947869459,64371.95014232947869459,0.26865719743449473,24016
marginal-greedy-prefix,423,423,38.14609647057841357,6019,58508.62015465297008632,64527.62015465297008632,0.26930688831915722,24006
marginal-greedy-prefix,424,424,38.23920580129428259,6034,58613.48776362214266555,64647.48776362214266555,0.26980715739315031,23991
marginal-greedy-prefix,425,425,38.33115910627812895,6054,58711.84666052924148971,64765.84666052924148971,0.27030112983711374,23971
marginal-greedy-prefix,426,426,38.43334989356935694,6068,58829.31889774302544538,64897.31889774302544538,0.27084983098275567,23957
marginal-greedy-prefix,427,427,38.49875624847850730,6081,58900.27369220155378571,64981.27369220155378571,0.27120021744363726,23944
marginal-greedy-prefix,428,428,38.58667719917384886,6097,58996.95303792208142113,65093.95303792208142113,0.27167048620453538,23928
marginal-greedy-prefix,429,429,38.66721548950786769,6104,59093.08202563955273945,65197.08202563955273945,0.27210089641819479,23921
marginal-greedy-prefix,430,430,38.74423488346243971,6112,59183.65556323657801840,65295.65556323657801840,0.27251229439966757,23913
marginal-greedy-prefix,431,431,38.83784540548079889,6125,59290.30932032369310036,65415.30932032369310036,0.27301167095996215,23900
marginal-greedy-prefix,432,432,38.93962469875242505,6135,59410.28737567020289134,65545.28737567020289134,0.27355413611753732,23890
marginal-greedy-prefix,433,433,39.09139065382455414,6147,59592.03376120745087974,65739.03376120745087974,0.27436273925658178,23878
marginal-greedy-prefix,434,434,39.19778470205618248,6159,59715.70686363283311948,65874.70686363283311948,0.27492897276953659,23866
marginal-greedy-prefix,435,435,39.29972168625648266,6170,59834.68048164118954446,66004.68048164118954446,0.27547141940782149,23855
marginal-greedy-prefix,436,436,39.40658262405199252,6187,59953.83381944920984097,66140.83381944920984097,0.27603965718958789,23838
marginal-greedy-prefix,437,437,39.54793388093677464,6196,60124.55998698380426504,66320.55998698380426504,0.27678974676072449,23829
marginal-greedy-prefix,438,438,39.62974401158332682,6219,60205.45529907901072875,66424.45529907901072875,0.27722335523945418,23806
marginal-greedy-prefix,439,439,39.71090973418733938,6230,60297.46590239850047510,66527.46590239850047510,0.27765327137424056,23795
marginal-greedy-prefix,440,440,39.81163356900789552,6249,60406.13092970953584881,66655.13092970952857286,0.27818608307828158,23776
marginal-greedy-prefix,441,441,39.94956274630952464,6258,60571.58930686881649308,66829.58930686881649308,0.27891418745562224,23767
marginal-greedy-prefix,442,442,40.02730165492889824,6271,60656.84231998374161776,66927.84231998374161776,0.27932424772386932,23754
marginal-greedy-prefix,443,443,40.10668458439833017,6283,60745.16994518494175281,67028.16994518494175281,0.27974296641348823,23742
marginal-greedy-prefix,444,444,40.18904650055662842,6300,60832.19649415929598035,67132.19649415928870440,0.28017712261109351,23725
marginal-greedy-prefix,445,445,40.26354398095768516,6316,60910.11548141206731088,67226.11548141206731088,0.28056909476426628,23709
marginal-greedy-prefix,446,446,40.36079347393826566,6331,61017.65668735397048295,67348.65668735397048295,0.28108052213108992,23694
marginal-greedy-prefix,447,447,40.45290362324815447,6343,61121.62950386154261651,67464.62950386153534055,0.28156453623649791,23682
marginal-greedy-prefix,448,448,40.56803885848572122,6355,61254.56102445195574546,67609.56102445194846950,0.28216940988186129,23670
marginal-greedy-prefix,449,449,40.69172782891889284,6365,61400.24477869027032284,67765.24477869027759880,0.28281915811858971,23660
marginal-greedy-prefix,450,450,40.76024607911499231,6378,61473.45372283030155813,67851.45372283030883409,0.28317895230340528,23647
marginal-greedy-prefix,451,451,40.86314437255960996,6391,61589.70076380146929296,67980.70076380146201700,0.28371836656267874,23634
marginal-greedy-prefix,452,452,40.96103753131200165,6402,61701.55195608843496302,68103.55195608842768706,0.28423108766167182,23623
marginal-greedy-prefix,453,453,41.04137133971884310,6414,61790.26339918756275438,68204.26339918756275438,0.28465140822043650,23611
marginal-greedy-prefix,454,454,41.12682876431394163,6424,61887.39417365734698251,68311.39417365734698251,0.28509851994478852,23601
marginal-greedy-prefix,455,455,41.26845804595357947,6437,62051.79282409053121228,68488.79282409053121228,0.28583889559207998,23588
marginal-greedy-prefix,456,456,41.40343636092929813,6448,62209.78950750520743895,68657.78950750520743895,0.28654420551731180,23577
marginal-greedy-prefix,457,457,41.51908728272363902,6459,62343.52368973713601008,68802.52368973713601008,0.28714825556838885,23566
marginal-greedy-prefix,458,458,41.63844975876802579,6476,62475.42339632210496347,68951.42339632210496347,0.28776969049123158,23549
marginal-greedy-prefix,459,459,41.71428117266052737,6486,62559.99832068372052163,69045.99832068372052163,0.28816440020672712,23539
marginal-greedy-prefix,460,460,41.79078802629511813,6501,62640.28429308146587573,69141.28429308146587573,0.28856207749073975,23524
marginal-greedy-prefix,461,461,41.88430515399546294,6518,62739.57642320906597888,69257.57642320907325484,0.28904742425582441,23507
marginal-greedy-prefix,462,462,42.00184092992200391,6530,62873.66198096726293443,69403.66198096727021039,0.28965711429078833,23495
marginal-greedy-prefix,463,463,42.08773450974506147,6544,62966.23598071437299950,69510.23598071438027546,0.29010190230836641,23481
marginal-greedy-prefix,464,464,42.17651639788095963,6560,63060.33778195018385304,69620.33778195019112900,0.29056141365278121,23465
marginal-greedy-prefix,465,465,42.26234373386088805,6575,63151.60019539324275684,69726.60019539324275684,0.29100490126073958,23450
marginal-greedy-prefix,466,466,42.34764889475264482,6585,63247.21581242785759969,69832.21581242786487564,0.29144568945521088,23440
marginal-greedy-prefix,467,467,42.45816589727407830,6596,63372.84518211693648482,69968.84518211692920886,0.29201591396241855,23429
marginal-greedy-prefix,468,468,42.54881904894367750,6608,63472.82885507965693250,70080.82885507965693250,0.29248327932372992,23417
marginal-greedy-prefix,469,469,42.67653907200945440,6615,63623.50747878007678082,70238.50747878008405678,0.29314135317491857,23410
marginal-greedy-prefix,470,470,42.75885083787301255,6630,63710.09658426000532927,70340.09658425999805331,0.29356533666940282,23395
marginal-greedy-prefix,471,471,42.85899350208428160,6647,63816.55704667645477457,70463.55704667646205053,0.29408060056545438,23378
marginal-greedy-prefix,472,472,42.95805934113950286,6665,63920.68053832643636269,70585.68053832644363865,0.29459028459607728,23360
marginal-greedy-prefix,473,473,43.05240312831563898,6679,64022.91427132341050310,70701.91427132341777906,0.29507538763995389,23346
marginal-greedy-prefix,474,474,43.14788476425572838,6686,64133.48401482270855922,70819.48401482270855922,0.29556606654158374,23339
marginal-greedy-prefix,475,475,43.24732854567992035,6700,64241.75861081929906504,70941.75861081929178908,0.29607638120822416,23325
marginal-greedy-prefix,476,476,43.37422446182269198,6712,64385.57550465764506953,71097.57550465763779357,0.29672668510485928,23313
marginal-greedy-prefix,477,477,43.48730311030043794,6731,64505.31974321087909630,71236.31974321088637225,0.29730573604564148,23294
marginal-greedy-prefix,478,478,43.57253874732427334,6746,64594.86168433692364488,71340.86168433692364488,0.29774204323930553,23279
marginal-greedy-prefix,479,479,43.66569909055169774,6760,64695.10437353347515455,71455.10437353348243050,0.29821883663517229,23265
marginal-greedy-prefix,480,480,43.73020753343066502,6774,64760.16683553397160722,71534.16683553397888318,0.29854880488091229,23251
marginal-greedy-prefix,481,481,43.84659130778916847,6788,64888.80261276394594461,71676.80261276394594461,0.29914409721056462,23237
marginal-greedy-prefix,482,482,43.96642276421216167,6808,65015.63972283792099915,71823.63972283792099915,0.29975692385920011,23217
marginal-greedy-prefix,483,483,44.07102864867105296,6824,65127.53848792282224167,71951.53848792282224167,0.30029071107097588,23201
marginal-greedy-prefix,484,484,44.16406626766541166,6836,65229.13505372649524361,72065.13505372649524361,0.30076480786219506,23189
marginal-greedy-prefix,485,485,44.26642303763411945,6842,65347.93721446063136682,72189.93721446063136682,0.30128567135417361,23183
marginal-greedy-prefix,486,486,44.40603908360419894,6855,65505.12422045626590261,72360.12422045625862665,0.30199594910666455,23170
marginal-greedy-prefix,487,487,44.49797241190693597,6866,65606.04824000150256325,72472.04824000150256325,0.30246306550363783,23159
marginal-greedy-prefix,488,488,44.60851689199804326,6874,65732.54011776483093854,72606.54011776483093854,0.30302436915962011,23151
marginal-greedy-prefix,489,489,44.71332559593926703,6883,65850.73555626177403610,72733.73555626177403610,0.30355522102844623,23142
marginal-greedy-prefix,490,490,44.83364524452218092,6893,65986.55965278224903159,72879.55965278224903159,0.30416381985142715,23132
marginal-greedy-prefix,491,491,44.92543936420108253,6904,66086.74244276153331157,72990.74244276153331157,0.30462784271686372,23121
marginal-greedy-prefix,492,492,45.03624928504740410,6913,66211.91638140616123565,73124.91638140616123565,0.30518781944966911,23112
marginal-greedy-prefix,493,493,45.15071044241634723,6930,66333.47829656430985779,73263.47829656430985779,0.30576610946131605,23095
marginal-greedy-prefix,494,494,45.22635690082169901,6944,66411.00177868265018333,73355.00177868265018333,0.30614808394167581,23081
marginal-greedy-prefix,495,495,45.31659623946517002,6958,66506.08517513245169539,73464.08517513245169539,0.30660334496005481,23067
marginal-greedy-prefix,496,496,45.41134063365596774,6969,66609.40662806463660672,73578.40662806463660672,0.30708046707742881,23056
marginal-greedy-prefix,497,497,45.51872050476976028,6982,66725.96329806016001385,73707.96329806016001385,0.30762117357758895,23043
marginal-greedy-prefix,498,498,45.60632453670609010,6997,66816.44383531533821952,73813.44383531533821952,0.30806139801478877,23028
marginal-greedy-prefix,499,499,45.70664648995249024,7010,66924.17430649053130765,73934.17430649053130765,0.30856526825577352,23015
marginal-greedy-prefix,500,500,45.83022477146175788,7020,67062.76975301692436915,74082.76975301692436915,0.30918543334518028,23005
marginal-greedy-prefix,501,501,45.90877309636063330,7032,67145.15280875789176207,74177.15280875789176207,0.30957934229441375,22993
marginal-greedy-prefix,502,502,46.02904706218557607,7041,67280.61782977629627567,74321.61782977629627567,0.31018226899755547,22984
marginal-greedy-prefix,503,503,46.12511843809372181,7055,67381.88105490191082936,74436.88105490191082936,0.31066332161381210,22970
marginal-greedy-prefix,504,504,46.21938419890903305,7068,67481.83836600357608404,74549.83836600357608404,0.31113475046695721,22957
marginal-greedy-prefix,505,505,46.34394400968596273,7080,67618.95307900178886484,74698.95307900178886484,0.31175708272194980,22945
marginal-greedy-prefix,506,506,46.43851277091881258,7097,67714.90701326935959514,74811.90701326935959514,0.31222849748183251,22928
marginal-greedy-prefix,507,507,46.55358158441801208,7107,67842.13273088760615792,74949.13273088760615792,0.31280121085512225,22918
marginal-greedy-prefix,508,508,46.64374957240396213,7118,67938.64059221652860288,75056.64059221652860288,0.31324989635653933,22907
marginal-greedy-prefix,509,509,46.73211922951846731,7130,68031.89617480963352136,75161.89617480963352136,0.31368918194243933,22895
marginal-greedy-prefix,510,510,46.82672594632748542,7140,68134.55158513701462653,75274.55158513701462653,0.31415935080865309,22885
marginal-greedy-prefix,511,511,46.92180297254726185,7151,68236.62930045918619726,75387.62930045918619726,0.31463128217042757,22874
marginal-greedy-prefix,512,512,47.04995331321794794,7162,68377.89800952897348907,75539.89800952897348907,0.31526677767033412,22863
marginal-greedy-prefix,513,513,47.17858264367697529,7178,68514.56532065576175228,75692.56532065576175228,0.31590393674127254,22847
marginal-greedy-prefix,514,514,47.29061698721053375,7186,68639.51855028056888841,75825.51855028056888841,0.31645881882860855,22839
marginal-greedy-prefix,515,515,47.37423937887775338,7197,68727.62425434659235179,75924.62425434659235179,0.31687243781397845,22828
marginal-greedy-prefix,516,516,47.47119032608340916,7211,68828.44655718313879333,76039.44655718313879333,0.31735165023514689,22814
marginal-greedy-prefix,517,517,47.54263885607126383,7222,68901.88432556904444937,76123.88432556904444937,0.31770405239419325,22803
marginal-greedy-prefix,518,518,47.62212563303571500,7234,68983.71267533156787977,76217.71267533156787977,0.31809564627058456,22791
marginal-greedy-prefix,519,519,47.72845918557340639,7249,69094.15167543532152195,76343.15167543532152195,0.31861916762021508,22776
marginal-greedy-prefix,520,520,47.80843609221567903,7261,69176.49009802351065446,76437.49009802351065446,0.31901289029238666,22764
marginal-greedy-prefix,521,521,47.94064981630270950,7280,69313.36224371919524856,76593.36224371919524856,0.31966342478338955,22745
marginal-greedy-prefix,522,522,48.05540849092072619,7291,69437.52212666595005430,76728.52212666595005430,0.32022751636796576,22734
marginal-greedy-prefix,523,523,48.17387514891978384,7302,69565.88630095665575936,76867.88630095665575936,0.32080915461886433,22723
marginal-greedy-prefix,524,524,48.26723578180216379,7320,69657.71458855207310989,76977.71458855207310989,0.32126752445043188,22705
marginal-greedy-prefix,525,525,48.35690449391939438,7336,69747.08838713387376629,77083.08838713387376629,0.32170730341234649,22689
marginal-greedy-prefix,526,526,48.47651315622426438,7358,69865.64340108259057160,77223.64340108259057160,0.32229391164853227,22667
marginal-greedy-prefix,527,527,48.59730551590242698,7368,69997.47244283482723404,77365.47244283482723404,0.32288583705684637,22657
marginal-greedy-prefix,528,528,48.67277585437796716,7382,70072.07147272082511336,77454.07147272082511336,0.32325560629658451,22643
marginal-greedy-prefix,529,529,48.79423272253733757,7390,70206.52741273040010128,77596.52741273040010128,0.32385014807318513,22635
marginal-greedy-prefix,530,530,48.91665199973280664,7407,70332.87601018816349097,77739.87601018816349097,0.32444841536762031,22618
marginal-greedy-prefix,531,531,49.00169830363160628,7419,70420.44585182730224915,77839.44585182730224915,0.32486397143737772,22606
marginal-greedy-prefix,532,532,49.10023457680284764,7433,70521.60230340488487855,77954.60230340488487855,0.32534457843279935,22592
marginal-greedy-prefix,533,533,49.17677007814393164,7449,70595.00013424766075332,78044.00013424766075332,0.32571768147904606,22576
marginal-greedy-prefix,534,534,49.24361167188968835,7458,70663.99922806164249778,78121.99922806164249778,0.32604321174339507,22567
marginal-greedy-prefix,535,535,49.36941617661823045,7471,70797.68419460677250754,78268.68419460677250754,0.32665540341897198,22554
marginal-greedy-prefix,536,536,49.49084124302495269,7488,70922.12128231250972021,78410.12128231250972021,0.32724569300181522,22537
marginal-greedy-prefix,537,537,49.59673190148953381,7499,71034.38522240390011575,78533.38522240390011575,0.32776013670930687,22526
marginal-greedy-prefix,538,538,49.68304168079339433,7511,71122.77189533725322690,78633.77189533725322690,0.32817910183542803,22514
marginal-greedy-prefix,539,539,49.77062501760941160,7529,71206.55728503114369232,78735.55728503114369232,0.32860390452471239,22496
marginal-greedy-prefix,540,540,49.85296013034720630,7545,71286.17453572526574135,78831.17453572526574135,0.32900296440313886,22480
marginal-greedy-prefix,541,541,49.97328468152367975,7557,71413.80421296262647957,78970.80421296262647957,0.32958571073414683,22468
marginal-greedy-prefix,542,542,50.06175740991333356,7573,71500.41562996586435474,79073.41562996586435474,0.33001396085948748,22452
marginal-greedy-prefix,543,543,50.15344216239476793,7581,71598.64441167526820209,79179.64441167526820209,0.33045730810495427,22444
marginal-greedy-prefix,544,544,50.24374699602266503,7595,71689.27354244205344003,79284.27354244205344003,0.33089397918575364,22430
marginal-greedy-prefix,545,545,50.32873260252299730,7602,71780.67065108290989883,79382.67065108290989883,0.33130464083861111,22423
marginal-greedy-prefix,546,546,50.41679665954048772,7615,71869.58195836312370375,79484.58195836312370375,0.33172996904663110,22410
marginal-greedy-prefix,547,547,50.51913340173362599,7624,71978.91914859006647021,79602.91914859006647021,0.33222385089747375,22401
marginal-greedy-prefix,548,548,50.65061485784390527,7639,72115.74821587509359233,79754.74821587509359233,0.33285751154649401,22386
marginal-greedy-prefix,549,549,50.75326711960124726,7650,72223.25462811035686173,79873.25462811035686173,0.33335209964765838,22375
marginal-greedy-prefix,550,550,50.88317452846219879,7663,72360.07876759229111485,80023.07876759229111485,0.33397739270359739,22362
marginal-greedy-prefix,551,551,50.99250070875591234,7682,72467.04966495273401961,80149.04966495273401961,0.33450313393356379,22343
marginal-greedy-prefix,552,552,51.07821219324130624,7696,72551.79585416123154573,80247.79585416123154573,0.33491525247885306,22329
marginal-greedy-prefix,553,553,51.15866002275048174,7711,72629.38113978455658071,80340.38113978455658071,0.33530165841038440,22314
marginal-greedy-prefix,554,554,51.29491879901176077,7725,72772.16679093509446830,80497.16679093509446830,0.33595600542865733,22300
marginal-greedy-prefix,555,555,51.41589552103502569,7740,72895.99759862932842225,80635.99759862932842225,0.33653541766691070,22285
marginal-greedy-prefix,556,556,51.53662348742402344,7754,73020.53393058868823573,80774.53393058868823573,0.33711360090673431,22271
marginal-greedy-prefix,557,557,51.62084622464871586,7769,73102.12117557923193090,80871.12117557923193090,0.33751670906936887,22256
marginal-greedy-prefix,558,558,51.71247823949808975,7786,73190.17253869853448123,80976.17253869853448123,0.33795514234255547,22239
marginal-greedy-prefix,559,559,51.82118559580010952,7800,73300.72717973121325485,81100.72717973121325485,0.33847497280773958,22225
marginal-greedy-prefix,560,560,51.93447631206576176,7811,73419.32052459105034359,81230.32052459105034359,0.33901583237093796,22214
marginal-greedy-prefix,561,561,52.05729082035811928,7820,73550.74335220959619619,81370.74335220959619619,0.33960188892570153,22205
marginal-greedy-prefix,562,562,52.12322952776585794,7831,73615.04407838637416717,81446.04407838637416717,0.33991615751651949,22194
marginal-greedy-prefix,563,563,52.21163970886653516,7841,73705.98624827236926649,81546.98624827236926649,0.34033744101662422,22184
marginal-greedy-prefix,564,564,52.32126275771468471,7850,73821.73137216885515954,81671.73137216885515954,0.34085806646459571,22175
marginal-greedy-prefix,565,565,52.43225236790486576,7864,73934.01022094931977335,81798.01022094931977335,0.34138509293394459,22161
marginal-greedy-prefix,566,566,52.52515975755473221,7874,74029.58296820048417430,81903.58296820048417430,0.34182570221079961,22151
marginal-greedy-prefix,567,567,52.64155352304850055,7882,74153.73624492339149583,82035.73624492339149583,0.34237724568396860,22143
marginal-greedy-prefix,568,568,52.72642127416397528,7897,74234.95097208199149463,82131.95097208199149463,0.34277879913843440,22128
marginal-greedy-prefix,569,569,52.81501954539245958,7911,74321.35672696425172035,82232.35672696425172035,0.34319784390332536,22114
marginal-greedy-prefix,570,570,52.93811679479502885,7923,74448.70970727632811759,82371.70970727632811759,0.34377943543600392,22102
marginal-greedy-prefix,571,571,53.04799271467733490,7940,74555.94749315436638426,82495.94749315436638426,0.34429794350194975,22085
marginal-greedy-prefix,572,572,53.14033774241092090,7952,74648.28444367907650303,82600.28444367907650303,0.34473339516458934,22073
marginal-greedy-prefix,573,573,53.23336098624650248,7966,74739.31297956437629182,82705.31297956437629182,0.34517173316800859,22059
marginal-greedy-prefix,574,574,53.36497843047187928,7974,74879.91342762488056906,82853.91342762488056906,0.34579191913138513,22051
marginal-greedy-prefix,575,575,53.43458086207839131,7983,74949.37976816394075286,82932.37976816394075286,0.34611939945620912,22042
marginal-greedy-prefix,576,576,53.50847815985390810,8000,75015.67274313443340361,83015.67274313443340361,0.34646702380457944,22025
marginal-greedy-prefix,577,577,53.59330758874716594,8011,75100.27992722895578481,83111.27992722895578481,0.34686604166991747,22014
marginal-greedy-prefix,578,578,53.67584329251005215,8021,75183.26579628829495050,83204.26579628829495050,0.34725411944179263,22004
marginal-greedy-prefix,579,579,53.80375105503591016,8033,75315.19284853439603467,83348.19284853439603467,0.34785480092504661,21992
marginal-greedy-prefix,580,580,53.90966338985424500,8047,75420.18191537795064505,83467.18191537795064505,0.34835140339169324,21978
marginal-greedy-prefix,581,581,53.98660411542623194,8059,75494.59212088784261141,83553.59212088784261141,0.34871203754353575,21966
marginal-greedy-prefix,582,582,54.11784958555168856,8072,75628.93675010465085506,83700.93675010465085506,0.34932698233012194,21953
marginal-greedy-prefix,583,583,54.20421477045387348,8082,75715.79180814189021476,83797.79180814189021476,0.34973120821409942,21943
marginal-greedy-prefix,584,584,54.29592636302293585,8095,75805.57154539859038778,83900.57154539859038778,0.35016016082627582,21930
marginal-greedy-prefix,585,585,54.39497501121090295,8113,75898.48074394391733222,84011.48074394391733222,0.35062304185419263,21912
marginal-greedy-prefix,586,586,54.53582070690896444,8127,76042.02939256679383107,84169.02939256679383107,0.35128057325265161,21898
marginal-greedy-prefix,587,587,54.61766966629853925,8138,76122.38267092790920287,84260.38267092790920287,0.35166183738534734,21887
marginal-greedy-prefix,588,588,54.72213968527930916,8156,76220.92042745699291117,84376.92042745699291117,0.35214820927551349,21869
marginal-greedy-prefix,589,589,54.79429723463147184,8164,76293.31700096483109519,84457.31700096483109519,0.35248374545352579,21861
marginal-greedy-prefix,590,590,54.88697661977754194,8176,76384.45380006980849430,84560.45380006980849430,0.35291418826811571,21849
marginal-greedy-prefix,591,591,54.97816400790140534,8187,76474.89363362727453932,84661.89363362727453932,0.35333754877422924,21838
marginal-greedy-prefix,592,592,55.05920128634226529,8205,76546.96512058767257258,84751.96512058767257258,0.35371346333331954,21820
marginal-greedy-prefix,593,593,55.16760329756232295,8212,76660.40030053397640586,84872.40030053397640586,0.35421610117239932,21813
marginal-greedy-prefix,594,594,55.28580533791248541,8229,76774.62384837983699981,85003.62384837983699981,0.35476376440962815,21796
marginal-greedy-prefix,595,595,55.38952871544871925,8246,76872.67754455019894522,85118.67754455019894522,0.35524394255397934,21779
marginal-greedy-prefix,596,596,55.49994600878620332,8259,76982.14628868793079164,85241.14628868793079164,0.35575506750049124,21766
marginal-greedy-prefix,597,597,55.59763573946051451,8273,77076.41719151601137128,85349.41719151601137128,0.35620693756584082,21752
marginal-greedy-prefix,598,598,55.69148950744328630,8289,77164.41939209446718451,85453.41939209446718451,0.35664099214508921,21736
marginal-greedy-prefix,599,599,55.78072713113721193,8303,77249.19215623375202995,85552.19215623375202995,0.35705322160120861,21722
marginal-greedy-prefix,600,600,55.91277671382502490,8315,77383.21944589169288520,85698.21944589169288520,0.35766266845347450,21710
marginal-greedy-prefix,601,601,55.97838455351884335,8326,77444.68361563705548178,85770.68361563705548178,0.35796509863797504,21699
marginal-greedy-prefix,602,602,56.06376125401934729,8338,77526.92084262696153019,85864.92084262696153019,0.35835839896895971,21687
marginal-greedy-prefix,603,603,56.19819272200985694,8358,77655.29144212501705624,86013.29144212501705624,0.35897762565627755,21667
marginal-greedy-prefix,604,604,56.28649375008494360,8372,77738.50633656352874823,86110.50633656352874823,0.35938335332230281,21653
marginal-greedy-prefix,605,605,56.38820500836251881,8387,77835.39755030740343500,86222.39755030740343500,0.35985033280382400,21638
marginal-greedy-prefix,606,606,56.46417639809352096,8396,77909.90668080792238470,86305.90668080792238470,0.36019885928019851,21629
marginal-greedy-prefix,607,607,56.54548321214601714,8403,77992.15188216588285286,86395.15188216588285286,0.36057132532524289,21622
marginal-greedy-prefix,608,608,56.64748504145737940,8411,78095.72836815910704900,86506.72836815910704900,0.36103699128627481,21614
marginal-greedy-prefix,609,609,56.72275011715763782,8420,78169.04003786454268266,86589.04003786454268266,0.36138052014395777,21605
marginal-greedy-prefix,610,610,56.81438604529008529,8435,78254.10567061587062199,86689.10567061587062199,0.36179814540457267,21590
marginal-greedy-prefix,611,611,56.93207400800914542,8450,78367.59617894423718099,86817.59617894423718099,0.36233440226471297,21575
marginal-greedy-prefix,612,612,57.05636675668288404,8462,78491.13636210694676265,86953.13636210694676265,0.36290008103734200,21563
marginal-greedy-prefix,613,613,57.15542859609470128,8475,78586.09550161454535555,87061.09550161454535555,0.36335064995429145,21550
marginal-greedy-prefix,614,614,57.23184013357664668,8490,78654.33167560555739328,87144.33167560555739328,0.36369803724301192,21535
marginal-greedy-prefix,615,615,57.32554554088770971,8496,78750.34010085984482430,87246.34010085984482430,0.36412377077419950,21529
marginal-greedy-prefix,616,616,57.43000390183327397,8509,78851.01693707406229805,87360.01693707406229805,0.36459820257505382,21516
marginal-greedy-prefix,617,617,57.51477369956059960,8516,78936.17154119923361577,87452.17154119923361577,0.36498281105157526,21509
marginal-greedy-prefix,618,618,57.64174911228850817,8529,79061.12276626430684701,87590.12276626430684701,0.36555855233992668,21496
marginal-greedy-prefix,619,619,57.75331877664986280,8539,79172.32233199072652496,87711.32233199072652496,0.36606438035331362,21486
marginal-greedy-prefix,620,620,57.86107659470103215,8554,79274.11903009563684464,87828.11903009563684464,0.36655183293962007,21471
marginal-greedy-prefix,621,621,57.94801188027736316,8571,79351.33868315180006903,87922.33868315180006903,0.36694505992555648,21454
marginal-greedy-prefix,622,622,58.07215960589433479,8594,79462.73843273543752730,88056.73843273543752730,0.36750597908334498,21431
marginal-greedy-prefix,623,623,58.16424665041447639,8608,79548.28209610818885267,88156.28209610818885267,0.36792142589775645,21417
marginal-greedy-prefix,624,624,58.26600155122079627,8621,79645.14998484397074208,88266.14998484397074208,0.36837996100521458,21404
marginal-greedy-prefix,625,625,58.37569441637051426,8639,79745.48099823530355934,88384.48099823530355934,0.36887381707695094,21386
marginal-greedy-prefix,626,626,58.46923175632251457,8650,79835.30927481222897768,88485.30927481222897768,0.36929462524180240,21375
marginal-greedy-prefix,627,627,58.55832152085202580,8661,79920.22600514331134036,88581.22600514331134036,0.36969493500251116,21364
marginal-greedy-prefix,628,628,58.65987643244964289,8680,80010.53841562510933727,88690.53841562510933727,0.37015115181402480,21345
marginal-greedy-prefix,629,629,58.76677950867046007,8692,80113.25600133398256730,88805.25600133398256730,0.37062992719685617,21333
marginal-greedy-prefix,630,630,58.84558976200310809,8707,80182.66282647993648425,88889.66282647993648425,0.37098220021387551,21318
marginal-greedy-prefix,631,631,58.96385006376326032,8722,80294.30720809669583105,89016.30720809669583105,0.37151075223942009,21303
marginal-greedy-prefix,632,632,59.06949440171752030,8728,80401.36198455173871480,89129.36198455173871480,0.37198258786552491,21297
marginal-greedy-prefix,633,633,59.16627699128229523,8743,80489.86040999258693773,89232.86040999258693773,0.37241453993247864,21282
marginal-greedy-prefix,634,634,59.25235750914690414,8759,80565.74551423919911031,89324.74551423919911031,0.37279802364764170,21266
marginal-greedy-prefix,635,635,59.37381155903576513,8771,80683.16748944424034562,89454.16748944424034562,0.37333816799728692,21254
marginal-greedy-prefix,636,636,59.46542428800912461,8786,80765.73529471115034539,89551.73529471115034539,0.37374536854138857,21239
marginal-greedy-prefix,637,637,59.54679949257206317,8796,80842.30099025527306367,89638.30099025527306367,0.37410665163297474,21229
marginal-greedy-prefix,638,638,59.62604901276925062,8809,80913.59228448802605271,89722.59228448802605271,0.37445844248017801,21216
marginal-greedy-prefix,639,639,59.70821088567694090,8817,80992.91073791385861114,89809.91073791385861114,0.37482286721688135,21208
marginal-greedy-prefix,640,640,59.81568632236244554,8829,81094.97607196633180138,89923.97607196633180138,0.37529892041867519,21196
marginal-greedy-prefix,641,641,59.90800054804319785,8840,81181.94859001965960488,90021.94859001965960488,0.37570781003701997,21185
marginal-greedy-prefix,642,642,60.02078606729426724,8850,81291.63306492120318580,90141.63306492120318580,0.37620731479852515,21175
marginal-greedy-prefix,643,643,60.12292829402010597,8863,81386.79599945091467816,90249.79599945091467816,0.37665873425673319,21162
marginal-greedy-prefix,644,644,60.22973896758633572,8877,81485.81096334026369732,90362.81096334026369732,0.37713040372456103,21148
marginal-greedy-prefix,645,645,60.31699701908545563,8894,81561.05494322537560947,90455.05494322537560947,0.37751538521201544,21131
marginal-greedy-prefix,646,646,60.42417780970814079,8902,81666.33512333985709120,90568.33512333985709120,0.37798816156331660,21123
marginal-greedy-prefix,647,647,60.53294731443290999,8915,81768.25956851486989763,90683.25956851486989763,0.37846780027690485,21110
marginal-greedy-prefix,648,648,60.62887862714551090,8924,81860.55398957057332154,90784.55398957057332154,0.37889055390199167,21101
marginal-greedy-prefix,649,649,60.75619768666408760,8939,81979.98826007294701412,90918.98826007294701412,0.37945161713329756,21086
marginal-greedy-prefix,650,650,60.85198541446634124,8956,82063.83289135582162999,91019.83289135582162999,0.37987249355473374,21069
marginal-greedy-prefix,651,651,60.95269847217070946,8970,82155.84474232458160259,91125.84474232458160259,0.38031493543684447,21055
marginal-greedy-prefix,652,652,61.06691143447177694,8985,82261.04870799231866840,91246.04870799231866840,0.38081660830003106,21040
marginal-greedy-prefix,653,653,61.15411330028371850,8995,82342.80921601198497228,91337.80921601198497228,0.38119957201116955,21030
marginal-greedy-prefix,654,654,61.31939534818543081,9005,82506.48098350960935932,91511.48098350960935932,0.38192439346253532,21020
marginal-greedy-prefix,655,655,61.44840757589476965,9010,82637.01500397561176214,91647.01500397561176214,0.38249004651506696,21015
marginal-greedy-prefix,656,656,61.53191322108589389,9022,82712.60077035990252625,91734.60077035990252625,0.38285558688598831,21003
marginal-greedy-prefix,657,657,61.66086475886444873,9035,82834.81042667260044254,91869.81042667260044254,0.38341988620037498,20990
marginal-greedy-prefix,658,658,61.77077596090985878,9048,82936.97425350995035842,91984.97425350995035842,0.38390052397654217,20977
marginal-greedy-prefix,659,659,61.88661075038304915,9062,83044.20747831100015901,92106.20747831100015901,0.38440649246652858,20963
marginal-greedy-prefix,660,660,61.97567486011217142,9082,83117.33985666403896175,92199.33985666403896175,0.38479518169690635,20943
marginal-greedy-prefix,661,661,62.07440891616499101,9093,83209.54697202301758807,92302.54697202301758807,0.38522591797732564,20932
marginal-greedy-prefix,662,662,62.20671549554360524,9108,83332.55381023848894984,92440.55381023848894984,0.38580189136790621,20917
marginal-greedy-prefix,663,663,62.30122822969843810,9126,83413.12110473844222724,92539.12110473844222724,0.38621326329372963,20899
marginal-greedy-prefix,664,664,62.42219293808077651,9141,83524.26805332083313260,92665.26805332083313260,0.38673973927583249,20884
marginal-greedy-prefix,665,665,62.54764783222732660,9154,83642.07915229273203295,92796.07915229273203295,0.38728568115215306,20871
marginal-greedy-prefix,666,666,62.64870407525188511,9166,83735.33006132849550340,92901.33006132849550340,0.38772494723289880,20859
marginal-greedy-prefix,667,667,62.75092092858419335,9175,83832.65282274596393108,93007.65282274596393108,0.38816868670393789,20850
marginal-greedy-prefix,668,668,62.87248372424163989,9182,83952.06369907995394897,93134.06369907995394897,0.38869626419205250,20843
marginal-greedy-prefix,669,669,62.96954372289107482,9193,84041.92731105261191260,93234.92731105261191260,0.38911721982965208,20832
marginal-greedy-prefix,670,670,63.08204939346758522,9205,84146.77963548924890347,93351.77963548924890347,0.38960490457320018,20820
marginal-greedy-prefix,671,671,63.17893306510057982,9220,84232.34513092573615722,93452.34513092573615722,0.39002461601743704,20805
marginal-greedy-prefix,672,672,63.28026110118284464,9232,84325.49043822893872857,93557.49043822893872857,0.39046344136793532,20793
marginal-greedy-prefix,673,673,63.37237995486965048,9248,84404.94684901912114583,93652.94684901912114583,0.39086182997886515,20777
marginal-greedy-prefix,674,674,63.48788915277779665,9265,84507.49332933221012354,93772.49332933221012354,0.39136075881810428,20760
marginal-greedy-prefix,675,675,63.57099126174482961,9278,84580.36461799332755618,93858.36461799332755618,0.39171914379324912,20747
marginal-greedy-prefix,676,676,63.66862644299216356,9290,84669.25185325325583108,93959.25185325325583108,0.39214019802295508,20735
marginal-greedy-prefix,677,677,63.75846830119917996,9308,84743.98563414152886253,94051.98563414152886253,0.39252722370146664,20717
marginal-greedy-prefix,678,678,63.87095133460859131,9319,84849.08288992651796434,94168.08288992651796434,0.39301175715586828,20706
marginal-greedy-prefix,679,679,63.94042412519783625,9328,84911.71722996926109772,94239.71722996926109772,0.39331072403497325,20697
marginal-greedy-prefix,680,680,64.02722188421122951,9345,84984.10048381375963800,94329.10048381375963800,0.39368376624392204,20680
marginal-greedy-prefix,681,681,64.11714353669511013,9359,85062.60448830023233313,94421.60448830023233313,0.39406983294753839,20666
marginal-greedy-prefix,682,682,64.23078702983366384,9366,85172.46934007397794630,94538.46934007397794630,0.39455756997409597,20659
marginal-greedy-prefix,683,683,64.31646265868359080,9379,85247.39138798567000777,94626.39138798567000777,0.39492451382048294,20646
marginal-greedy-prefix,684,684,64.40826301449853020,9394,85326.53807509166654199,94720.53807509166654199,0.39531743628204757,20631
marginal-greedy-prefix,685,685,64.53420824045795712,9402,85447.59005858557065949,94849.59005858557065949,0.39585603646632311,20623
marginal-greedy-prefix,686,686,64.62874543802361416,9419,85527.38618345004215371,94946.38618345004215371,0.39626001639191349,20606
marginal-greedy-prefix,687,687,64.74260991387997421,9432,85630.94359807780710980,95062.94359807780710980,0.39674647032541821,20593
marginal-greedy-prefix,688,688,64.86713816184720827,9441,85749.31906378554413095,95190.31906378554413095,0.39727807354022360,20584
marginal-greedy-prefix,689,689,64.96597693403147389,9450,85841.37861031721695326,95291.37861031721695326,0.39769984691333365,20575
marginal-greedy-prefix,690,690,65.06778471220795268,9469,85926.36186914506834000,95395.36186914506834000,0.39813382243893181,20556
marginal-greedy-prefix,691,691,65.16526732287553614,9478,86016.81134360577561893,95494.81134360577561893,0.39854887615465540,20547
marginal-greedy-prefix,692,692,65.26555698925795923,9500,86097.09752841720182914,95597.09752841720182914,0.39897576891908065,20525
marginal-greedy-prefix,693,693,65.35737573942965639,9513,86177.73001518713135738,95690.73001518713135738,0.39936654535864496,20512
marginal-greedy-prefix,694,694,65.49032855858008872,9524,86302.17882466327864677,95826.17882466327864677,0.39993184278196742,20501
marginal-greedy-prefix,695,695,65.58846697796857939,9543,86383.10921598384447861,95926.10921598384447861,0.40034890361065689,20482
marginal-greedy-prefix,696,696,65.66505984672920704,9560,86443.89350237182225101,96003.89350237182225101,0.40067353737333194,20465
marginal-greedy-prefix,697,697,65.74076584818850222,9569,86511.77500909734226298,96080.77500909734226298,0.40099440337297543,20456
marginal-greedy-prefix,698,698,65.87534423033817177,9583,86634.43364012140955310,96217.43364012140955310,0.40156475000275726,20442
marginal-greedy-prefix,699,699,65.98013038934485053,9592,86731.83854806653107516,96323.83854806653107516,0.40200883231343149,20433
marginal-greedy-prefix,700,700,66.06728818881965992,9606,86806.14178637355507817,96412.14178637355507817,0.40237736706304683,20419
marginal-greedy-prefix,701,701,66.17729779453948424,9623,86900.49887361576838885,96523.49887361576838885,0.40284211736044834,20402
marginal-greedy-prefix,702,702,66.27984452325534903,9632,86995.15531400479085278,96627.15531400479085278,0.40327472890490795,20393
marginal-greedy-prefix,703,703,66.38890594741312157,9645,87092.38669513617060147,96737.38669513617060147,0.40373478105275512,20380
marginal-greedy-prefix,704,704,66.45550834302578380,9657,87147.68481988750863820,96804.68481988750863820,0.40401565067917339,20368
marginal-greedy-prefix,705,705,66.53907411135239158,9669,87220.07190713204909116,96889.07190713204909116,0.40436784131979636,20356
marginal-greedy-prefix,706,706,66.68312493290457610,9683,87351.49243841640418395,97034.49243841640418395,0.40497475585785075,20342
marginal-greedy-prefix,707,707,66.80363457173709207,9696,87460.14081548593821935,97156.14081548593821935,0.40548245699139873,20329
marginal-greedy-prefix,708,708,66.89136462208774958,9706,87538.59514951244636904,97244.59514951244636904,0.40585162234102623,20319
marginal-greedy-prefix,709,709,66.99021369987339369,9716,87628.14511675342509989,97344.14511675342509989,0.40626709546471629,20309
marginal-greedy-prefix,710,710,67.07728856291716113,9731,87700.81869607545377221,97431.81869607545377221,0.40663300232411126,20294
marginal-greedy-prefix,711,711,67.17645758489614138,9743,87788.66596302417747211,97531.66596302417747211,0.40704971623211972,20282
marginal-greedy-prefix,712,712,67.28427960415014297,9753,87887.13949533166305628,97640.13949533166305628,0.40750243197431979,20272
marginal-greedy-prefix,713,713,67.38829952947826030,9764,87980.70709622064896394,97744.70709622064896394,0.40793884625934873,20261
marginal-greedy-prefix,714,714,67.47726883601627890,9781,88053.07850989926373586,97834.07850989926373586,0.40831183905320645,20244
marginal-greedy-prefix,715,715,67.60394044505032696,9792,88169.23647886642720550,97961.23647886642720550,0.40884253454244740,20233
marginal-greedy-prefix,716,716,67.71076731990582687,9804,88264.40001090482110158,98068.40001090482110158,0.40928978298095148,20221
marginal-greedy-prefix,717,717,67.82967991327869584,9813,88374.51520362914016005,98187.51520362914016005,0.40978691183565336,20212
marginal-greedy-prefix,718,718,67.92364246084777335,9826,88455.56566944309452083,98281.56566944309452083,0.41017943271636492,20199
marginal-greedy-prefix,719,719,68.03186996662523711,9834,88555.85922074563859496,98389.85922074563859496,0.41063139730542647,20191
marginal-greedy-prefix,720,720,68.14389306293753634,9847,88654.93527536130568478,98501.93527536130568478,0.41109914822280563,20178
marginal-greedy-prefix,721,721,68.25049883405202422,9859,88749.50509191813762300,98608.50509191813762300,0.41154391878178304,20166
marginal-greedy-prefix,722,722,68.36480678502348951,9871,88851.56474270392209291,98722.56474270392209291,0.41201994826438704,20154
marginal-greedy-prefix,723,723,68.49099340244850964,9882,88966.27729953349626157,98848.27729953349626157,0.41254461130668241,20143
marginal-greedy-prefix,724,724,68.59545278573223470,9892,89060.24917705700499937,98952.24917705700499937,0.41297853933225420,20133
marginal-greedy-prefix,725,725,68.67705594366034916,9899,89134.45300975095597096,99033.45300975095597096,0.41331744461730863,20126
marginal-greedy-prefix,726,726,68.76295381852563082,9904,89214.90352262230589986,99118.90352262230589986,0.41367407347905039,20121
marginal-greedy-prefix,727,727,68.83420881386106771,9925,89264.66778425207303371,99189.66778425207303371,0.41396940907422719,20100
marginal-greedy-prefix,728,728,68.91172230614257899,9937,89329.63461928672040813,99266.63461928672040813,0.41429063119271348,20088
marginal-greedy-prefix,729,729,69.02813601228018570,9953,89429.05698995124839712,99382.05698995124839712,0.41477234800501162,20072
marginal-greedy-prefix,730,730,69.12991625456150757,9965,89517.95468472088396084,99482.95468472088396084,0.41519344588762158,20060
marginal-greedy-prefix,731,731,69.20408698654047441,9978,89578.38218541837704834,99556.38218541837704834,0.41549989654677344,20047
marginal-greedy-prefix,732,732,69.28728795843382215,9994,89644.68093041332031135,99638.68093041332031135,0.41584337146300376,20031
marginal-greedy-prefix,733,733,69.45366701707918367,10005,89798.19132606647326611,99803.19132606647326611,0.41652995780608165,20020
marginal-greedy-prefix,734,734,69.55303614263951317,10010,89891.43602641584584489,99901.43602641584584489,0.41693998338089017,20015
marginal-greedy-prefix,735,735,69.64837952534163890,10023,89972.58611913463391829,99995.58611913463391829,0.41733292005582551,20002
marginal-greedy-prefix,736,736,69.75131556197557359,10033,90064.08797916963521857,100097.08797916963521857,0.41775653943027502,19992
marginal-greedy-prefix,737,737,69.83238893549847148,10051,90125.99527488020248711,100176.99527488020248711,0.41809003360083696,19974
marginal-greedy-prefix,738,738,69.92877193951206038,10069,90202.94999042143172119,100271.94999042143172119,0.41848632837991534,19956
marginal-greedy-prefix,739,739,70.04198770526173234,10083,90300.40050277055706829,100383.40050277055706829,0.41895146858825377,19942
marginal-greedy-prefix,740,740,70.14239509620017543,10099,90383.20151896702009253,100482.20151896702009253,0.41936381595471278,19926
marginal-greedy-prefix,741,741,70.26027441335796198,10107,90491.06601614592364058,100598.06601614592364058,0.41984737798794958,19918
marginal-greedy-prefix,742,742,70.36115534591891674,10113,90584.10625615042226855,100697.10625615042226855,0.42026072375818052,19912
marginal-greedy-prefix,743,743,70.48865463244146667,10128,90693.93301381322089583,100821.93301381322089583,0.42078168990577075,19897
marginal-greedy-prefix,744,744,70.61708984064978267,10142,90805.40957152686314657,100947.40957152686314657,0.42130536800258994,19883
marginal-greedy-prefix,745,745,70.69315334547502516,10152,90869.71146529282850679,101021.71146529282850679,0.42161546795294258,19873
marginal-greedy-prefix,746,746,70.78992013465862954,10170,90946.13264162407722324,101116.13264162407722324,0.42200953599897095,19855
marginal-greedy-prefix,747,747,70.88200251627837645,10187,91018.97430772730149329,101205.97430772730149329,0.42238449139763096,19838
marginal-greedy-prefix,748,748,71.00068390625446568,10196,91125.56389403258799575,101321.56389403258799575,0.42286690608664890,19829
marginal-greedy-prefix,749,749,71.08032329806363236,10208,91191.07848355149326380,101399.07848355149326380,0.42319041426582304,19817
marginal-greedy-prefix,750,750,71.20036238069178580,10221,91294.88780145885539241,101515.88780145885539241,0.42367791952104428,19804
marginal-greedy-prefix,751,751,71.28996147437790398,10239,91363.98860166953818407,101602.98860166953818407,0.42404143587913451,19786
marginal-greedy-prefix,752,752,71.38766743870435505,10251,91446.92145622735552024,101697.92145622735552024,0.42443763942110529,19774
marginal-greedy-prefix,753,753,71.48977289065776120,10262,91534.97793151935911737,101796.97793151935911737,0.42485105294952646,19763
marginal-greedy-prefix,754,754,71.61370404887492214,10269,91648.09532324016618077,101917.09532324016618077,0.42535236449518415,19756
marginal-greedy-prefix,755,755,71.71559299365205220,10280,91735.79444507685548160,102015.79444507685548160,0.42576428660416582,19745
marginal-greedy-prefix,756,756,71.82349872873291474,10298,91822.18651469565520529,102120.18651469565520529,0.42619996830708401,19727
marginal-greedy-prefix,757,757,71.93286042190474916,10311,91914.98609076971479226,102225.98609076971479226,0.42664152425707413,19714
marginal-greedy-prefix,758,758,72.05734631295072745,10327,92019.32855771853064653,102346.32855771853064653,0.42714377515721524,19698
marginal-greedy-prefix,759,759,72.15896871145153568,10340,92104.50096982643299270,102444.50096982643299270,0.42755349903607826,19685
marginal-greedy-prefix,760,760,72.28899500969332337,10349,92220.83966162271099165,102569.83966162271099165,0.42807660174764195,19676
marginal-greedy-prefix,761,761,72.37638674581091891,10364,92290.07205224384961184,102654.07205224384961184,0.42842814675983198,19661
marginal-greedy-prefix,762,762,72.54963695697274773,10379,92442.03687177320534829,102821.03687177320534829,0.42912497667388205,19646
marginal-greedy-prefix,763,763,72.62983963757457673,10403,92495.28156057110754773,102898.28156057110754773,0.42944735841877651,19622
marginal-greedy-prefix,764,764,72.77467797702026076,10415,92622.54023800688446499,103037.54023800688446499,0.43002855637713583,19610
marginal-greedy-prefix,765,765,72.85559683218214388,10428,92687.29392652370734140,103115.29392652370734140,0.43035306243918520,19597
marginal-greedy-prefix,766,766,72.96818821544134437,10440,92783.32153758840286173,103223.32153758840286173,0.43080391712309662,19585
marginal-greedy-prefix,767,767,73.04470045763406461,10458,92838.70364302932284772,103296.70364302932284772,0.43111017832453624,19567
marginal-greedy-prefix,768,768,73.13476116296577345,10477,92906.07489709426590707,103383.07489709426590707,0.43147064991200074,19548
marginal-greedy-prefix,769,769,73.23328681568784759,10489,92988.50956377612601500,103477.50956377612601500,0.43186477426018832,19536
marginal-greedy-prefix,770,770,73.37854911124821911,10499,93117.67251060873968527,103616.67251060873968527,0.43244557268559114,19526
marginal-greedy-prefix,771,771,73.47746874401575212,10507,93204.34811479163181502,103711.34811479163181502,0.43284070258967133,19518
marginal-greedy-prefix,772,772,73.56503921408787505,10520,93275.10234630886407103,103795.10234630886407103,0.43319025199842698,19505
marginal-greedy-prefix,773,773,73.70113387450675191,10525,93400.20707984545151703,103925.20707984545151703,0.43373324584912776,19500
marginal-greedy-prefix,774,774,73.78670130847855546,10538,93469.00121768930694088,104007.00121768930694088,0.43407461478064396,19487
marginal-greedy-prefix,775,775,73.86428696572707508,10550,93531.15340614938759245,104081.15340614938759245,0.43438408993389427,19475
marginal-greedy-prefix,776,776,73.98658178241157657,10560,93637.92018580625881441,104197.92018580625881441,0.43487141765515652,19465
marginal-greedy-prefix,777,777,74.10006167386474374,10570,93736.24995085989939980,104306.24995085989939980,0.43532353338279406,19455
marginal-greedy-prefix,778,778,74.22539593711114492,10580,93845.82758246736193541,104425.82758246736193541,0.43582259223237818,19445
marginal-greedy-prefix,779,779,74.33049953449608438,10589,93937.05208867818873841,104526.05208867818873841,0.43624088055350752,19436
marginal-greedy-prefix,780,780,74.43557770763121084,10605,94021.15758476300106850,104626.15758476300106850,0.43665867218427945,19420
marginal-greedy-prefix,781,781,74.52136090605775109,10615,94092.78192196731106378,104707.78192196731106378,0.43699933245054873,19410
marginal-greedy-prefix,782,782,74.63999741729942627,10628,94192.64015284637571312,104820.64015284637571312,0.43747034779105565,19397
marginal-greedy-prefix,783,783,74.74625297518535660,10649,94272.58720334939425811,104921.58720334939425811,0.43789165166048105,19376
marginal-greedy-prefix,784,784,74.87623773217684686,10658,94386.99393407902971376,105044.99393407902971376,0.43840669130661686,19367
marginal-greedy-prefix,785,785,74.98036478511644987,10672,94471.77774800866609439,105143.77774800866609439,0.43881896687918454,19353
marginal-greedy-prefix,786,786,75.08132214365795676,10688,94551.53310701367445290,105239.53310701367445290,0.43921860315449912,19337
marginal-greedy-prefix,787,787,75.17808957967142192,10698,94633.29272437228064518,105331.29272437228064518,0.43960156314845178,19327
marginal-greedy-prefix,788,788,75.27311395892257906,10708,94713.29231358601828106,105421.29231358601828106,0.43997717764133193,19317
marginal-greedy-prefix,789,789,75.37305568375668940,10720,94795.85063420224469155,105515.85063420224469155,0.44037181806087333,19305
marginal-greedy-prefix,790,790,75.47512129707220652,10731,94881.34523252169310581,105612.34523252169310581,0.44077453956138329,19294
marginal-greedy-prefix,791,791,75.55455385545946001,10743,94944.39504137598851230,105687.39504137598851230,0.44108776094538998,19282
marginal-greedy-prefix,792,792,75.67567136162617203,10756,95045.82751385938900057,105801.82751385938900057,0.44156534640435019,19269
marginal-greedy-prefix,793,793,75.80139570767323676,10768,95152.51462243412970565,105920.51462243412970565,0.44206068864411135,19257
marginal-greedy-prefix,794,794,75.91555542644874777,10782,95246.20248084774357267,106028.20248084774357267,0.44251012536577594,19243
marginal-greedy-prefix,795,795,75.99431872096258189,10792,95310.48067829626961611,106102.48067829626961611,0.44282012641922985,19233
marginal-greedy-prefix,796,796,76.09524310891390542,10804,95393.61794804100645706,106197.61794804100645706,0.44321718309072539,19221
marginal-greedy-prefix,797,797,76.16726573007198908,10816,95449.38362940342631191,106265.38362940342631191,0.44350000407093204,19209
marginal-greedy-prefix,798,798,76.25765529779712892,10828,95522.35410492583469022,106350.35410492583469022,0.44385462949035859,19197
marginal-greedy-prefix,799,799,76.36141988667625924,10846,95601.83588362889713608,106447.83588362889713608,0.44426147100144203,19179
marginal-greedy-prefix,800,800,76.49097291137934462,10860,95709.47940332617145032,106569.47940332617145032,0.44476915186268173,19165
marginal-greedy-prefix,801,801,76.60538269231798836,10868,95808.90250479883980006,106676.90250479883980006,0.44521748361770169,19157
marginal-greedy-prefix,802,802,76.71014743473827480,10880,95894.90423910540994257,106774.90423910540994257,0.44562649517047132,19145
marginal-greedy-prefix,803,803,76.81846100810044220,10892,95984.18676475452957675,106876.18676475452957675,0.44604919914991914,19133
marginal-greedy-prefix,804,804,76.92796002419989065,10908,96070.57732535211835057,106978.57732535211835057,0.44647652752808814,19117
marginal-greedy-prefix,805,805,77.04560984502083443,10922,96166.41061262300354429,107088.41061262300354429,0.44693491822586828,19103
marginal-greedy-prefix,806,806,77.13501037380086700,10932,96239.86425011762185022,107171.86425011762185022,0.44728321310143826,19093
marginal-greedy-prefix,807,807,77.27654207845250767,10938,96365.96701328527706210,107303.96701328527706210,0.44783454575560683,19087
marginal-greedy-prefix,808,808,77.36120753635626102,10951,96431.92409069958375767,107382.92409069958375767,0.44816407417736259,19074
marginal-greedy-prefix,809,809,77.43733195439287442,10960,96493.85748056614829693,107453.85748056614829693,0.44846011563150445,19065
marginal-greedy-prefix,810,810,77.55043124759262696,10979,96580.14995800735778175,107559.14995800735778175,0.44889955519854791,19046
marginal-greedy-prefix,811,811,77.65140844034679901,10990,96663.13495345167757478,107653.13495345167757478,0.44929180283779352,19035
marginal-greedy-prefix,812,812,77.74481873349544969,11000,96740.01919045673275832,107740.01919045673275832,0.44965441536643996,19025
marginal-greedy-prefix,813,813,77.88541136789804398,11014,96856.77050279761897400,107870.77050279761897400,0.45020010772245400,19011
marginal-greedy-prefix,814,814,78.03741527668377387,11023,96989.04747414906159975,108012.04747414906159975,0.45078972905754466,19002
marginal-greedy-prefix,815,815,78.11689746232967480,11037,97048.88442637339176144,108085.88442637339176144,0.45109788856813637,18988
marginal-greedy-prefix,816,816,78.20057880516345961,11051,97112.59071933028462809,108163.59071933028462809,0.45142219682418055,18974
marginal-greedy-prefix,817,817,78.29338463405473192,11063,97186.63927416830847505,108249.63927416830847505,0.45178132162209267,18962
marginal-greedy-prefix,818,818,78.37250689810183246,11073,97249.99275510970619507,108322.99275510970619507,0.45208746335879951,18952
marginal-greedy-prefix,819,819,78.45388042459207156,11094,97304.29254295637656469,108398.29254295637656469,0.45240172803348422,18931
marginal-greedy-prefix,820,820,78.57636797053304178,11105,97406.62824109004577622,108511.62824109004577622,0.45287473608998324,18920
marginal-greedy-prefix,821,821,78.70684574086844520,11117,97515.26651594776194543,108632.26651594776194543,0.45337822154840018,18908
marginal-greedy-prefix,822,822,78.81729667215493862,11128,97606.32523676380515099,108734.32523676380515099,0.45380416498878945,18897
marginal-greedy-prefix,823,823,78.93023302861003287,11142,97696.66880462139670271,108838.66880462139670271,0.45423964426895658,18883
marginal-greedy-prefix,824,824,79.06620394175531885,11155,97809.18357118437415920,108964.18357118437415920,0.45476348183092102,18870
marginal-greedy-prefix,825,825,79.17871412529002839,11169,97899.01093634185963310,109068.01093634185963310,0.45519680673219470,18856
marginal-greedy-prefix,826,826,79.30293761403656561,11187,97995.55822992509638425,109182.55822992509638425,0.45567487139855534,18838
marginal-greedy-prefix,827,827,79.39803162241959456,11204,98066.11660048193880357,109270.11660048193880357,0.45604029743262331,18821
marginal-greedy-prefix,828,828,79.46888089057732429,11217,98118.34211099398089573,109335.34211099398089573,0.45631251697571085,18808
marginal-greedy-prefix,829,829,79.56647614484707276,11226,98199.13917881371162366,109425.13917881371162366,0.45668728624283644,18799
marginal-greedy-prefix,830,830,79.69248899322245450,11235,98306.00336974757374264,109541.00336974757374264,0.45717084699795540,18790
marginal-greedy-prefix,831,831,79.79945453211693973,11243,98396.29438632616074756,109639.29438632616074756,0.45758106587416786,18782
marginal-greedy-prefix,832,832,79.91132783363637770,11256,98486.06825346435653046,109742.06825346435653046,0.45800999398732589,18769
marginal-greedy-prefix,833,833,80.04123648463469465,11267,98594.33145861803495791,109861.33145861803495791,0.45850774057388727,18758
marginal-greedy-prefix,834,834,80.18787224701837602,11282,98713.76591198694950435,109995.76591198694950435,0.45906880456838917,18743
marginal-greedy-prefix,835,835,80.32579980169653311,11293,98829.20510493680194486,110122.20510493680194486,0.45959650023627990,18732
marginal-greedy-prefix,836,836,80.42221875233572348,11304,98906.58264733705436811,110210.58264733705436811,0.45996534509502507,18721
marginal-greedy-prefix,837,837,80.52840479506330951,11316,98991.77391436576726846,110307.77391436576726846,0.46037097415173861,18709
marginal-greedy-prefix,838,838,80.68553273011680460,11323,99128.44568207483098377,110451.44568207483098377,0.46097059020155273,18702
marginal-greedy-prefix,839,839,80.80050908022398914,11332,99224.35840186254063156,110556.35840186254063156,0.46140844484493510,18693
marginal-greedy-prefix,840,840,80.89800709503289511,11344,99301.21399491059128195,110645.21399491059128195,0.46177928485447167,18681
marginal-greedy-prefix,841,841,81.06598632245113834,11354,99444.25401229955605231,110798.25401229955605231,0.46241799941999495,18671
marginal-greedy-prefix,842,842,81.17777513850337812,11362,99538.09157266715192236,110900.09157266715192236,0.46284301984428583,18663
marginal-greedy-prefix,843,843,81.29392862425292776,11369,99636.81317813206987921,111005.81317813206987921,0.46328425038289278,18656
marginal-greedy-prefix,844,844,81.43996973964529218,11380,99758.72773724442231469,111138.72773724442231469,0.46383897107832633,18645
marginal-greedy-prefix,845,845,81.55237024915940935,11388,99852.86575607294798829,111240.86575607294798829,0.46426524547003439,18637
marginal-greedy-prefix,846,846,81.62874246388430777,11404,99906.23279567662393674,111310.23279567662393674,0.46455474974034228,18621
marginal-greedy-prefix,847,847,81.70571574021941785,11421,99959.10765484477451537,111380.10765484477451537,0.46484637340241464,18604
marginal-greedy-prefix,848,848,81.80978451616091718,11436,100038.51684543762530666,111474.51684543762530666,0.46524039142580303,18589
marginal-greedy-prefix,849,849,81.91879001128923221,11454,100119.33879750681808218,111573.33879750681808218,0.46565282616840775,18571
marginal-greedy-prefix,850,850,82.01905050086061522,11467,100197.20100413063482847,111664.20100413063482847,0.46603204080662042,18558
marginal-greedy-prefix,851,851,82.11211296168262663,11479,100269.35080718685640022,111748.35080718685640022,0.46638324113850044,18546
marginal-greedy-prefix,852,852,82.22521723257385418,11486,100364.62033295928267762,111850.62033295928267762,0.46681006437620293,18539
marginal-greedy-prefix,853,853,82.36525932092187929,11504,100473.14712163903459441,111977.14712163903459441,0.46733812562604748,18521
marginal-greedy-prefix,854,854,82.50239318026699209,11511,100589.92647403458249755,112100.92647403458249755,0.46785472041370452,18514
marginal-greedy-prefix,855,855,82.61697448930819121,11522,100682.34313535547698848,112204.34313535547698848,0.46828633123700680,18503
marginal-greedy-prefix,856,856,82.72209397114862384,11533,100766.16368732496630400,112299.16368732496630400,0.46868206608261875,18492
marginal-greedy-prefix,857,857,82.80977909288083083,11547,100831.17558575781004038,112378.17558575781004038,0.46901182330063079,18478
marginal-greedy-prefix,858,858,82.92151620814946966,11553,100925.83126354383421130,112478.83126354383421130,0.46943191112211319,18472
marginal-greedy-prefix,859,859,83.01068123426848899,11563,100996.15311259041482117,112559.15311259041482117,0.46976713543658399,18462
marginal-greedy-prefix,860,860,83.09355930747801722,11570,101063.78955935509293340,112633.78955935509293340,0.47007863164836461,18455
marginal-greedy-prefix,861,861,83.16876167654123719,11579,101122.37791273163747974,112701.37791273163747974,0.47036071254784345,18446
marginal-greedy-prefix,862,862,83.28411850662899951,11593,101212.04248297594313044,112805.04248297594313044,0.47079335802236311,18432
marginal-greedy-prefix,863,863,83.39208458182253025,11607,101294.86032940771838184,112901.86032940771838184,0.47119742860320607,18418
marginal-greedy-prefix,864,864,83.50042945931977556,11618,101380.98229064780753106,112998.98229064780753106,0.47160276841128107,18407
marginal-greedy-prefix,865,865,83.60890798904517851,11630,101466.19303865703113843,113096.19303865703113843,0.47200847877212804,18395
marginal-greedy-prefix,866,866,83.70864075892981759,11642,101543.56074816972250119,113185.56074816972250119,0.47238145610659954,18383
marginal-greedy-prefix,867,867,83.81519970239492068,11652,101629.03784012299729511,113281.03784012299729511,0.47277993103064098,18373
marginal-greedy-prefix,868,868,83.91656474029758783,11661,101710.76606128034472931,113371.76606128034472931,0.47315858647871201,18364
marginal-greedy-prefix,869,869,84.05908390444611200,11670,101829.20149423237307929,113499.20149423237307929,0.47369043996761589,18355
marginal-greedy-prefix,870,870,84.18197587601457599,11680,101928.76401135756168514,113608.76401135756168514,0.47414770060256078,18345
marginal-greedy-prefix,871,871,84.26026568798505423,11697,101981.50560612195113208,113678.50560612195113208,0.47443876808385632,18328
marginal-greedy-prefix,872,872,84.40073350098600713,11712,102091.57829867349937558,113803.57829867349937558,0.47496076064400389,18313
marginal-greedy-prefix,873,873,84.50316954105718992,11720,102174.72234544383536559,113894.72234544383536559,0.47534115154584883,18305
marginal-greedy-prefix,874,874,84.63891526060638171,11734,102281.36818725088960491,114015.36818725088960491,0.47584466858503038,18291
marginal-greedy-prefix,875,875,84.73486910409815209,11740,102360.53777764503320213,114100.53777764503320213,0.47620012501304509,18285
marginal-greedy-prefix,876,876,84.82251735195097808,11761,102417.24652432309812866,114178.24652432309812866,0.47652444350972750,18264
marginal-greedy-prefix,877,877,84.92382177044255798,11774,102494.02628324189572595,114268.02628324189572595,0.47689914053792287,18251
marginal-greedy-prefix,878,878,85.05289396083232134,11782,102600.34923629848344717,114382.34923629848344717,0.47737626891608614,18243
marginal-greedy-prefix,879,879,85.17078202872104953,11797,102689.69237580431217793,114486.69237580431217793,0.47781174640852148,18228
marginal-greedy-prefix,880,880,85.31283308446123215,11808,102804.28560283787373919,114612.28560283787373919,0.47833591142631238,18217
marginal-greedy-prefix,881,881,85.41025109805022453,11822,102876.30933663589530624,114698.30933663589530624,0.47869493263328106,18203
marginal-greedy-prefix,882,882,85.49030769638241622,11837,102931.96887628057447728,114768.96887628057447728,0.47898983116984828,18188
marginal-greedy-prefix,883,883,85.59661636438053733,11845,103017.75790429508197121,114862.75790429508197121,0.47938126093639677,18180
marginal-greedy-prefix,884,884,85.67885344423356742,11859,103076.26283975814294536,114935.26283975814294536,0.47968386125716700,18166
marginal-greedy-prefix,885,885,85.79563683703642596,11868,103170.14406619727378711,115038.14406619727378711,0.48011323743580769,18157
marginal-greedy-prefix,886,886,85.90505697825713582,11880,103254.51946104444505181,115134.51946104444505181,0.48051546143902701,18145
marginal-greedy-prefix,887,887,85.98476990930097941,11892,103312.71267473409534432,115204.71267473409534432,0.48080841375796540,18133
marginal-greedy-prefix,888,888,86.09307128922247898,11897,103402.99766193625691812,115299.99766193625691812,0.48120608693025108,18128
marginal-greedy-prefix,889,889,86.20029227060197741,11910,103484.28942337204352953,115394.28942337204352953,0.48159961486147718,18115
marginal-greedy-prefix,890,890,86.29019927321888872,11920,103553.28557934852142353,115473.28557934852142353,0.48192930637813641,18105
marginal-greedy-prefix,891,891,86.37710972316367020,11933,103616.59723959422262851,115549.59723959422262851,0.48224779411585222,18092
marginal-greedy-prefix,892,892,86.47577194398387235,11943,103693.18964401120319963,115636.18964401120319963,0.48260918867727753,18082
marginal-greedy-prefix,893,893,86.58113753737687546,11953,103775.59896063451014925,115728.59896063451014925,0.48299486019982679,18072
marginal-greedy-prefix,894,894,86.68166098135127129,11966,103850.70273445830389392,115816.70273445830389392,0.48336256248174564,18059
marginal-greedy-prefix,895,895,86.82931925931343642,11979,103966.92102332897775341,115945.92102332897775341,0.48390185674374203,18046
marginal-greedy-prefix,896,896,86.91759391679609337,11992,104031.13326288248936180,116023.13326288248936180,0.48422410306127978,18033
marginal-greedy-prefix,897,897,87.05905528658171022,12004,104142.72443957233917899,116146.72443957233917899,0.48473991249510479,18021
marginal-greedy-prefix,898,898,87.13354884670518175,12013,104198.78921017823449802,116211.78921017823449802,0.48501146118803778,18012
marginal-greedy-prefix,899,899,87.25206972975765041,12030,104285.27076698944438249,116315.27076698944438249,0.48544334285353941,17995
marginal-greedy-prefix,900,900,87.34963247650030382,12040,104360.40695379779208452,116400.40695379779208452,0.48579865987124071,17985
marginal-greedy-prefix,901,901,87.46879557552533413,12052,104452.34093657579796854,116504.34093657579796854,0.48623242974258385,17973
marginal-greedy-prefix,902,902,87.57255258444796198,12065,104529.79682352530653588,116594.79682352530653588,0.48660994860018525,17960
marginal-greedy-prefix,903,903,87.68272916889327462,12079,104611.81585942221863661,116690.81585942221863661,0.48701068533454533,17946
marginal-greedy-prefix,904,904,87.80983810105522025,12092,104709.52969631523592398,116801.52969631523592398,0.48747275101798559,17933
marginal-greedy-prefix,905,905,87.89891439538769191,12100,104779.01114297832828015,116879.01114297832828015,0.48779612087500640,17925
marginal-greedy-prefix,906,906,87.99042696439096289,12112,104846.51325821051432285,116958.51325821051432285,0.48812792401940652,17913
marginal-greedy-prefix,907,907,88.10353971014913554,12122,104934.75362840114394203,117056.75362840114394203,0.48853793152223945,17903
marginal-greedy-prefix,908,908,88.21074972900927946,12130,105019.86211374822596554,117149.86211374822596554,0.48892652103483630,17895
marginal-greedy-prefix,909,909,88.28268300420009496,12139,105073.29042556892090943,117212.29042556892090943,0.48918706643166260,17886
marginal-greedy-prefix,910,910,88.38976107441237673,12146,105159.17501240388082806,117305.17501240388082806,0.48957472150081566,17879
marginal-greedy-prefix,911,911,88.54118049616411668,12157,105279.44693588526570238,117436.44693588526570238,0.49012258663440827,17868
marginal-greedy-prefix,912,912,88.63809596806061109,12169,105351.41500310829724185,117520.41500310829724185,0.49047302848935054,17856
marginal-greedy-prefix,913,913,88.74661801902735192,12183,105431.29371437575900927,117614.29371437575900927,0.49086483255015828,17842
marginal-greedy-prefix,914,914,88.91667438105574206,12191,105570.12270980082394090,117761.12270980082394090,0.49147762533219774,17834
marginal-greedy-prefix,915,915,88.99458525488472560,12206,105622.36647335889574606,117828.36647335889574606,0.49175826808144668,17819
marginal-greedy-prefix,916,916,89.12274482408034260,12219,105719.84136003840831108,117938.84136003840831108,0.49221933650296545,17806
marginal-greedy-prefix,917,917,89.22026524995132490,12232,105790.74726248389924876,118022.74726248389924876,0.49256951891237477,17793
marginal-greedy-prefix,918,918,89.33369576279037005,12246,105874.32054347555094864,118120.32054347555094864,0.49297674230948713,17779
marginal-greedy-prefix,919,919,89.43257331209183292,12263,105942.31994454182859045,118205.31994454182859045,0.49333148845005903,17762
marginal-greedy-prefix,920,920,89.52991721830368022,12274,106014.94633582420647144,118288.94633582420647144,0.49368050431587956,17751
marginal-greedy-prefix,921,921,89.63670353165112203,12283,106097.60669530405721162,118380.60669530405721162,0.49406305005574375,17742
marginal-greedy-prefix,922,922,89.77538092316122231,12294,106205.39176342675636988,118499.39176342675636988,0.49455880113099232,17731
marginal-greedy-prefix,923,923,89.85751167620871627,12309,106260.68482768011745065,118569.68482768011745065,0.49485217017759781,17716
marginal-greedy-prefix,924,924,90.05249936842601244,12320,106416.54849588309298269,118736.54849588309298269,0.49554857793523033,17705
marginal-greedy-prefix,925,925,90.11729655131402694,12331,106460.93915925110923126,118791.93915925110923126,0.49577975161183302,17694
marginal-greedy-prefix,926,926,90.20932743812268484,12345,106525.58449358021607623,118870.58449358021607623,0.49610797896964093,17680
marginal-greedy-prefix,927,927,90.31823707906799825,12353,106610.64061351453710813,118963.64061351453710813,0.49649634993448516,17672
marginal-greedy-prefix,928,928,90.46313747119840798,12368,106719.43641534290509298,119087.43641534290509298,0.49701301337407072,17657
marginal-greedy-prefix,929,929,90.54915241400733805,12380,106780.91344828021829017,119160.91344828021829017,0.49731967075668992,17645
marginal-greedy-prefix,930,930,90.70221318607916317,12393,106898.47713279660092667,119291.47713279660092667,0.49786458004546141,17632
marginal-greedy-prefix,931,931,90.80003757165910372,12398,106976.88752058935642708,119374.88752058935642708,0.49821269441782051,17627
marginal-greedy-prefix,932,932,90.89791629016049512,12404,107054.08426876847806852,119458.08426876847806852,0.49855991716238623,17621
marginal-greedy-prefix,933,933,90.98413413770525437,12423,107108.33164268085965887,119531.33164268085965887,0.49886561605998408,17602
marginal-greedy-prefix,934,934,91.06922584733418091,12434,107169.61713930642872583,119603.61713930642872583,0.49916730054982245,17591
marginal-greedy-prefix,935,935,91.21014890617793469,12444,107279.20105908384721261,119723.20105908384721261,0.49966638564316818,17581
marginal-greedy-prefix,936,936,91.29821287083638026,12457,107340.92827007888990920,119797.92827007888990920,0.49997826066068179,17568
marginal-greedy-prefix,937,937,91.42221711268484796,12465,107438.00698922392621171,119903.00698922392621171,0.50041680810460876,17560
marginal-greedy-prefix,938,938,91.50930323412507050,12478,107498.76059845900454093,119976.76059845900454093,0.50072461978211680,17547
marginal-greedy-prefix,939,939,91.60699024139012181,12488,107571.33772155307815410,120059.33772155307815410,0.50106925651307810,17537
marginal-greedy-prefix,940,940,91.71442453401826356,12499,107651.11082648784213234,120150.11082648784213234,0.50144809928419631,17526
marginal-greedy-prefix,941,941,91.81843353059846891,12516,107721.90145705536997411,120237.90145705536997411,0.50181449465853445,17509
marginal-greedy-prefix,942,942,91.92476115187420760,12528,107799.62589805286552291,120327.62589805286552291,0.50218896081664322,17497
marginal-greedy-prefix,943,943,92.01670145841293902,12541,107864.19225744564027991,120405.19225744564027991,0.50251268505808044,17484
marginal-greedy-prefix,944,944,92.16659480625892797,12553,107978.51447818719316274,120531.51447818719316274,0.50303989254089065,17472
marginal-greedy-prefix,945,945,92.24541563812363165,12563,108034.93254328488546889,120597.93254328488546889,0.50331708922653895,17462
marginal-greedy-prefix,946,946,92.33348448032285205,12573,108099.11407736643741373,120672.11407736643741373,0.50362668685413414,17452
marginal-greedy-prefix,947,947,92.47310349911202820,12587,108202.69380140208522789,120789.69380140208522789,0.50411740740966637,17438
marginal-greedy-prefix,948,948,92.58337075703539654,12606,108276.53016777578159235,120882.53016777578159235,0.50450486123007754,17419
marginal-greedy-prefix,949,949,92.70003206237456084,12617,108363.72585032370989211,120980.72585032370989211,0.50491468222843416,17408
marginal-greedy-prefix,950,950,92.81454017968692938,12631,108446.01530054233444389,121077.01530054233444389,0.50531654754059341,17394
marginal-greedy-prefix,951,951,92.92116832138614768,12646,108520.64404158465913497,121166.64404158465913497,0.50569061429365536,17379
marginal-greedy-prefix,952,952,92.99823737592575412,12653,108578.42133727256441489,121231.42133727256441489,0.50596096320616180,17372
marginal-greedy-prefix,953,953,93.11709295884755022,12663,108668.28898541077796835,121331.28898541077796835,0.50637776217533803,17362
marginal-greedy-prefix,954,954,93.23094633433210277,12673,108753.84600272899842821,121426.84600272899842821,0.50677657066896220,17352
marginal-greedy-prefix,955,955,93.35270118247900939,12678,108850.91919290153600741,121528.91919290153600741,0.50720257449740491,17347
marginal-greedy-prefix,956,956,93.46303716990728105,12695,108926.40704115811968222,121621.40704115811968222,0.50758857377277911,17330
marginal-greedy-prefix,957,957,93.57354439975499361,12708,109005.96422731483471580,121713.96422731483471580,0.50797486243080958,17317
marginal-greedy-prefix,958,958,93.67053802696047171,12723,109072.15168501263542566,121795.15168501263542566,0.50831369937459792,17302
marginal-greedy-prefix,959,959,93.76906612660913254,12738,109139.43437997731962241,121877.43437997731962241,0.50865710730581160,17287
marginal-greedy-prefix,960,960,93.85915899622574443,12751,109201.67062048906518612,121952.67062048906518612,0.50897110676484159,17274
marginal-greedy-prefix,961,961,93.99444171416092786,12762,109303.64120408511371352,122065.64120408511371352,0.50944259101091993,17263
marginal-greedy-prefix,962,962,94.08440306351513982,12777,109363.74858319059421774,122140.74858319059421774,0.50975605266514223,17248
marginal-greedy-prefix,963,963,94.17500258395222090,12794,109422.24539147070026956,122216.24539147070026956,0.51007113960724881,17231
marginal-greedy-prefix,964,964,94.31941275643328026,12803,109533.50159122739569284,122336.50159122739569284,0.51057303047010638,17222
marginal-greedy-prefix,965,965,94.42956461890574360,12816,109612.18270704279711936,122428.18270704279711936,0.51095566283681537,17209
marginal-greedy-prefix,966,966,94.53195322421541391,12832,109681.33652470994275063,122513.33652470994275063,0.51131105343714234,17193
marginal-greedy-prefix,967,967,94.68108750363631998,12844,109793.22533234623551834,122637.22533234623551834,0.51182810503771492,17181
marginal-greedy-prefix,968,968,94.80566923195013374,12855,109885.70157666393788531,122740.70157666393788531,0.51225996453145362,17170
marginal-greedy-prefix,969,969,94.93678713308369765,12873,109976.49890879100712482,122849.49890879100712482,0.51271403165654428,17152
marginal-greedy-prefix,970,970,95.04278849234827931,12882,110055.33883597090607509,122937.33883597090607509,0.51308063277095550,17143
marginal-greedy-prefix,971,971,95.18194127114659864,12895,110157.63578459181007929,123052.63578459181007929,0.51356182613267209,17130
marginal-greedy-prefix,972,972,95.26776251574875687,12901,110222.74066046014195308,123123.74066046014195308,0.51385858328594269,17124
marginal-greedy-prefix,973,973,95.37531100787239779,12912,110300.74308781808940694,123212.74308781808940694,0.51423003611044138,17113
marginal-greedy-prefix,974,974,95.47764448706134033,12921,110376.40128280640055891,123297.40128280640055891,0.51458335822286971,17104
marginal-greedy-prefix,975,975,95.57594749440762882,12932,110446.66052053496241570,123378.66052053496241570,0.51492249474157936,17093
marginal-greedy-prefix,976,976,95.64964838442629969,12948,110491.49295816304220352,123439.49295816304220352,0.51517637973605490,17077
marginal-greedy-prefix,977,977,95.72962103059940375,12958,110547.49914831107889768,123505.49914831107889768,0.51545185745607569,17067
marginal-greedy-prefix,978,978,95.80433165319853117,12971,110596.12147669588739518,123567.12147669588739518,0.51570903907022048,17054
marginal-greedy-prefix,979,979,95.95391515535025917,12981,110709.47826150625769515,123690.47826150625769515,0.51622387026639227,17044
marginal-greedy-prefix,980,980,96.09654462562026822,12983,110824.97104020867845975,123807.97104020867845975,0.51671422795440991,17042
marginal-greedy-prefix,981,981,96.19247171284943931,12995,110891.95549988660786767,123886.95549988660786767,0.51704387065641033,17030
marginal-greedy-prefix,982,982,96.26007714081184474,13010,110932.60057463261182420,123942.60057463261182420,0.51727610612231190,17015
marginal-greedy-prefix,983,983,96.35430918484534857,13022,110998.13652213335444685,124020.13652213335444685,0.51759970343930972,17003
marginal-greedy-prefix,984,984,96.46193877746192413,13037,111071.50184066864312626,124108.50184066864312626,0.51796849728159056,16988
marginal-greedy-prefix,985,985,96.57975316689181966,13045,111160.08047847525449470,124205.08047847525449470,0.51837156952202745,16980
marginal-greedy-prefix,986,986,96.67093151974351883,13059,111220.76319814204180147,124279.76319814204180147,0.51868325885438582,16966
marginal-greedy-prefix,987,987,96.76812488843141580,13066,111293.36279533238848671,124359.36279533238848671,0.51901546884104599,16959
marginal-greedy-prefix,988,988,96.84848048483037530,13078,111347.09444963335408829,124425.09444963335408829,0.51928980078202625,16947
marginal-greedy-prefix,989,989,96.97418500443347966,13088,111439.90426292100164574,124527.90426292100164574,0.51971887891692126,16937
marginal-greedy-prefix,990,990,97.06253313566651286,13100,111500.14833852794254199,124600.14833852794254199,0.52002039053558269,16925
marginal-greedy-prefix,991,991,97.17647625301140124,13108,111585.30951612885110080,124693.30951612885110080,0.52040919996000767,16917
marginal-greedy-prefix,992,992,97.27801099786168493,13122,111654.28559789039718453,124776.28559789039718453,0.52075550175031948,16903
marginal-greedy-prefix,993,993,97.38065444438828422,13132,111728.13826419676479418,124860.13826419676479418,0.52110546197798813,16893
marginal-greedy-prefix,994,994,97.50975827291898668,13146,111819.43154644961759914,124965.43154644961759914,0.52154490490392380,16879
marginal-greedy-prefix,995,995,97.61082253036794043,13160,111887.82605241423880216,125047.82605241423880216,0.52188877947984558,16865
marginal-greedy-prefix,996,996,97.76111627866735887,13173,111997.30077315235394053,125170.30077315235394053,0.52239992936977941,16852
marginal-greedy-prefix,997,997,97.86356356956834190,13188,112065.73940054827835411,125253.73940054827835411,0.52274816160050108,16837
marginal-greedy-prefix,998,998,97.97323848038469407,13195,112147.98933848115848377,125342.98933848115848377,0.52312064741370445,16830
marginal-greedy-prefix,999,999,98.05558973638434850,13203,112206.97814908411237411,125409.97814908411237411,0.52340022611337511,16822
marginal-greedy-prefix,1000,1000,98.13939856840973164,13218,112260.10526519619452301,125478.10526519619452301,0.52368455554635795,16807
marginal-greedy-prefix,1001,1001,98.24204431720251307,13231,112330.45689328125445172,125561.45689328125445172,0.52403242468428868,16794
marginal-greedy-prefix,1002,1002,98.34306677749786729,13249,112394.43568988247716334,125643.43568988247716334,0.52437456429160589,16776
marginal-greedy-prefix,1003,1003,98.45650192055417449,13265,112470.37370717136946041,125735.37370717136946041,0.52475826884006072,16760
marginal-greedy-prefix,1004,1004,98.57004352667480873,13274,112553.39156346528034192,125827.39156346528034192,0.52514230659767391,16751
marginal-greedy-prefix,1005,1005,98.67810521506167731,13281,112633.84773377585224807,125914.84773377585224807,0.52550730609764307,16744
marginal-greedy-prefix,1006,1006,98.76504708657127196,13290,112695.09771325901965611,125985.09771325901965611,0.52580049532938222,16735
marginal-greedy-prefix,1007,1007,98.83799403537658179,13305,112739.02579532630625181,126044.02579532630625181,0.52604643247037897,16720
marginal-greedy-prefix,1008,1008,98.92931716735780867,13318,112799.70720738629461266,126117.70720738629461266,0.52635394283200831,16707
marginal-greedy-prefix,1009,1009,99.06836693727687759,13329,112900.89510108357353602,126229.89510108357353602,0.52682216051129482,16696
marginal-greedy-prefix,1010,1010,99.15212911148957176,13341,112956.41611568794178311,126297.41611568794178311,0.52710396037150464,16684
marginal-greedy-prefix,1011,1011,99.25932237098750477,13357,113026.78047972677450161,126383.78047972677450161,0.52746440320335275,16668
marginal-greedy-prefix,1012,1012,99.41086070125008689,13368,113137.79226751797250472,126505.79226751797250472,0.52797362103642254,16657
marginal-greedy-prefix,1013,1013,99.54732004837710235,13382,113233.54315764640341513,126615.54315764640341513,0.52843166784862339,16643
marginal-greedy-prefix,1014,1014,99.68031724571808638,13400,113322.41440826583129819,126722.41440826583129819,0.52887769644670457,16625
marginal-greedy-prefix,1015,1015,99.80447026904336383,13415,113407.07798396231373772,126822.07798396231373772,0.52929364371680776,16610
marginal-greedy-prefix,1016,1016,99.89317131282676598,13427,113466.24612585389695596,126893.24612585389695596,0.52959066491167506,16598
marginal-greedy-prefix,1017,1017,100.06089603873924432,13437,113590.72579356952337548,127027.72579356952337548,0.53015191760885938,16588
marginal-greedy-prefix,1018,1018,100.17383040711904130,13446,113672.25044660615094472,127118.25044660615094472,0.53052972346264782,16579
marginal-greedy-prefix,1019,1019,100.26137520505828604,13462,113726.37936098594218493,127188.37936098594218493,0.53082240742755404,16563
marginal-greedy-prefix,1020,1020,100.36177383782008121,13472,113796.73149460190325044,127268.73149460190325044,0.53115775813508137,16553
marginal-greedy-prefix,1021,1021,100.46579178443020908,13484,113867.91924480354646221,127351.91924480354646221,0.53150494332646736,16541
marginal-greedy-prefix,1022,1022,100.59904773846140813,13493,113965.42006064204906579,127458.42006064204906579,0.53194942591002115,16532
marginal-greedy-prefix,1023,1023,100.69055097835560275,13506,114025.44738409489218611,127531.44738409489218611,0.53225420642407428,16519
marginal-greedy-prefix,1024,1024,100.79037096415281383,13523,114088.02942771595553495,127611.02942771595553495,0.53258634315067765,16502
marginal-greedy-prefix,1025,1025,100.86390852407861018,13533,114136.63722823908028658,127669.63722823908028658,0.53283094359235339,16492
marginal-greedy-prefix,1026,1026,100.96100117511160477,13547,114199.97893487077089958,127746.97893487077089958,0.53315373024247859,16478
marginal-greedy-prefix,1027,1027,101.07300009901750570,13562,114274.02474491752218455,127836.02474491752218455,0.53352536412521090,16463
marginal-greedy-prefix,1028,1028,101.17674741922242276,13569,114349.50339983798039611,127918.50339983798039611,0.53386958989792876,16456
marginal-greedy-prefix,1029,1029,101.30692517945819020,13579,114442.92057878096238710,128021.92057878096238710,0.53430120288153371,16446
marginal-greedy-prefix,1030,1030,101.43244435910266077,13589,114532.50818711904867087,128121.50818711904867087,0.53471683310084761,16436
marginal-greedy-prefix,1031,1031,101.55740177732054974,13599,114621.52646471746265888,128220.52646471746265888,0.53513008721068211,16426
marginal-greedy-prefix,1032,1032,101.68499772718693919,13609,114712.48970687162363902,128321.48970687162363902,0.53555145865618070,16416
marginal-greedy-prefix,1033,1033,101.82730012307330014,13622,114811.94735547127493192,128433.94735547127493192,0.53602080216117087,16403
marginal-greedy-prefix,1034,1034,101.94316216867257197,13633,114892.46370722069696058,128525.46370722069696058,0.53640274688284029,16392
marginal-greedy-prefix,1035,1035,102.06293618532093603,13645,114974.98206447272968944,128619.98206447272968944,0.53679722051474521,16380
marginal-greedy-prefix,1036,1036,102.14069343083194497,13655,115026.31220784661127254,128681.31220784661127254,0.53705318269082736,16370
marginal-greedy-prefix,1037,1037,102.23490786048797929,13671,115084.61213615702581592,128755.61213615702581592,0.53736327443832488,16354
marginal-greedy-prefix,1038,1038,102.35484720260554070,13681,115169.18195366428699344,128850.18195366428699344,0.53775796284029520,16344
marginal-greedy-prefix,1039,1039,102.45998035754496414,13695,115237.92195932254253421,128932.92195932254253421,0.53810327936382318,16330
marginal-greedy-prefix,1040,1040,102.58171739522455823,13712,115316.63443750585429370,129028.63443750585429370,0.53850273667545323,16313
marginal-greedy-prefix,1041,1041,102.71284287324878903,13720,115411.61424890100897755,129131.61424890100897755,0.53893252429973026,16305
marginal-greedy-prefix,1042,1042,102.84200187214203481,13733,115500.01038470421917737,129233.01038470421917737,0.53935570243268027,16292
marginal-greedy-prefix,1043,1043,103.00682015230903232,13738,115624.36687135290412698,129362.36687135290412698,0.53989557346495698,16287
marginal-greedy-prefix,1044,1044,103.10710285472977432,13747,115693.88176598609425128,129440.88176598609425128,0.54022325643094415,16278
marginal-greedy-prefix,1045,1045,103.19310295153641732,13761,115747.14753347645455506,129508.14753347645455506,0.54050399101389968,16264
marginal-greedy-prefix,1046,1046,103.31389159620340479,13765,115837.60757277732773218,129602.60757277732773218,0.54089822125505316,16260
marginal-greedy-prefix,1047,1047,103.41913778563517212,13776,115908.90986564118065871,129684.90986564118065871,0.54124171097836193,16249
marginal-greedy-prefix,1048,1048,103.55189746487275215,13784,116004.61580201733158901,129788.61580201733158901,0.54167452909498781,16241
marginal-greedy-prefix,1049,1049,103.70147329769216071,13792,116113.30935242824489251,129905.30935242824489251,0.54216155119300968,16233
marginal-greedy-prefix,1050,1050,103.82576369910981384,13804,116198.22313236774061806,130002.22313236774061806,0.54256602215363392,16221
marginal-greedy-prefix,1051,1051,103.92250586421340586,13814,116263.61785335783497430,130077.61785335783497430,0.54288068303306625,16211
marginal-greedy-prefix,1052,1052,104.06028800640999066,13826,116358.91724999532743823,130184.91724999532743823,0.54332849850429710,16199
marginal-greedy-prefix,1053,1053,104.21519547844164322,13842,116463.40088705719972495,130305.40088705719972495,0.54383133857979882,16183
marginal-greedy-prefix,1054,1054,104.28898566650468638,13856,116506.76533414580626413,130362.76533414580626413,0.54407074986923665,16169
marginal-greedy-prefix,1055,1055,104.40310397871422765,13871,116580.44082205487939063,130451.44082205487939063,0.54444083820755962,16154
marginal-greedy-prefix,1056,1056,104.51362879322223876,13880,116657.31403066034545191,130537.31403066034545191,0.54479923119561802,16145
marginal-greedy-prefix,1057,1057,104.62091862938927989,13894,116726.58856804305105470,130620.58856804305105470,0.54514677859446836,16131
marginal-greedy-prefix,1058,1058,104.73620189233270139,13905,116805.06574291085416917,130710.06574291085416917,0.54552021278406782,16120
marginal-greedy-prefix,1059,1059,104.85650376364431224,13914,116889.41405203439353500,130803.41405203439353500,0.54590980320441285,16111
marginal-greedy-prefix,1060,1060,104.98413576193293295,13924,116978.35561491452972405,130902.35561491452972405,0.54632273714434154,16101
marginal-greedy-prefix,1061,1061,105.11278718685498745,13933,117069.06056830241868738,131002.06056830241868738,0.54673885710479486,16092
marginal-greedy-prefix,1062,1062,105.23706597440771304,13937,117161.11521720835298765,131098.11521720833843574,0.54713974247052577,16088
marginal-greedy-prefix,1063,1063,105.32673108564192432,13948,117219.29251324025972281,131167.29251324024517089,0.54742845484349156,16077
marginal-greedy-prefix,1064,1064,105.45373628237452124,13960,117305.19472017999214586,131265.19472018000669777,0.54783705101746072,16065
marginal-greedy-prefix,1065,1065,105.56369572690040570,13973,117376.86339384286839049,131349.86339384288294241,0.54819041686277803,16052
marginal-greedy-prefix,1066,1066,105.65891321779464818,13982,117441.08954741833440494,131423.08954741834895685,0.54849602719701507,16043
marginal-greedy-prefix,1067,1067,105.80825709142429503,13989,117548.86245278411661275,131537.86245278411661275,0.54897503345717658,16036
marginal-greedy-prefix,1068,1068,105.89080262065139948,14002,117599.25471567786007654,131601.25471567787462845,0.54923960191673726,16023
marginal-greedy-prefix,1069,1069,105.98259678626352809,14013,117658.70655442649149336,131671.70655442649149336,0.54953363361082852,16012
marginal-greedy-prefix,1070,1070,106.09989394482614955,14021,117740.58107053955609445,131761.58107053954154253,0.54990872610944519,16004
marginal-greedy-prefix,1071,1071,106.22069817152596727,14034,117820.12401118967682123,131854.12401118967682123,0.55029495531366290,15991
marginal-greedy-prefix,1072,1072,106.31325343224256130,14043,117882.02605406084330752,131925.02605406084330752,0.55059086594069884,15982
marginal-greedy-prefix,1073,1073,106.41155006679045414,14053,117947.23065310552192386,132000.23065310553647578,0.55090473334364165,15972
marginal-greedy-prefix,1074,1074,106.55041033869943590,14067,118039.39175467107270379,132106.39175467105815187,0.55134779812512003,15958
marginal-greedy-prefix,1075,1075,106.68611007426898141,14082,118128.03204951914085541,132210.03204951912630349,0.55178034228594797,15943
marginal-greedy-prefix,1076,1076,106.79118512589127477,14096,118194.25236557361495215,132290.25236557360040024,0.55211514285111418,15929
marginal-greedy-prefix,1077,1077,106.88427282820936171,14105,118256.21647861953533720,132361.21647861954988912,0.55241131252885722,15920
marginal-greedy-prefix,1078,1078,106.99261089862946505,14117,118326.80575615986890625,132443.80575615988345817,0.55275599998656311,15908
marginal-greedy-prefix,1079,1079,107.10493661711595337,14128,118401.25737097731325775,132529.25737097731325775,0.55311263344729156,15897
marginal-greedy-prefix,1080,1080,107.22931459225526396,14138,118485.77865557055338286,132623.77865557055338286,0.55350711929649432,15887
marginal-greedy-prefix,1081,1081,107.35219252948468238,14150,118567.01532521053741220,132717.01532521052286029,0.55389624378795699,15875
marginal-greedy-prefix,1082,1082,107.45701133917077641,14158,118638.51160129561321810,132796.51160129561321810,0.55422802256259840,15867
marginal-greedy-prefix,1083,1083,107.57642995447599787,14169,118718.04907267223461531,132887.04907267223461531,0.55460588191390081,15856
marginal-greedy-prefix,1084,1084,107.67615238879307071,14178,118784.62169482030731160,132962.62169482029275969,0.55492128526620221,15847
marginal-greedy-prefix,1085,1085,107.77960837730304888,14191,118850.02319851556967478,133041.02319851558422670,0.55524849499358908,15834
marginal-greedy-prefix,1086,1086,107.94538642548459961,14204,118962.37632413857500069,133166.37632413857500069,0.55577165794492212,15821
marginal-greedy-prefix,1087,1087,108.08261585594837584,14219,119050.90794145689869765,133269.90794145688414574,0.55620374853862165,15806
marginal-greedy-prefix,1088,1088,108.23980710107619529,14226,119162.28574945920263417,133388.28574945920263417,0.55669779990829471,15799
marginal-greedy-prefix,1089,1089,108.34475431235640031,14245,119222.19538203590491321,133467.19538203591946512,0.55702713031838436,15780
marginal-greedy-prefix,1090,1090,108.44642260769444420,14253,119290.62473533471347764,133543.62473533471347764,0.55734610924963601,15772
marginal-greedy-prefix,1091,1091,108.59687314610056319,14264,119392.61243768010172062,133656.61243768010172062,0.55781766494104446,15761
marginal-greedy-prefix,1092,1092,108.70662723034854480,14274,119465.03111740190070122,133739.03111740190070122,0.55816164040646621,15751
marginal-greedy-prefix,1093,1093,108.85901934169200445,14284,119569.40632575373456348,133853.40632575372001156,0.55863898687280511,15741
marginal-greedy-prefix,1094,1094,108.97945110165048277,14290,119653.73782779967586976,133943.73782779969042167,0.55901598660834295,15735
marginal-greedy-prefix,1095,1095,109.06270168963916944,14302,119704.17731689072388690,134006.17731689073843881,0.55927657865365699,15723
marginal-greedy-prefix,1096,1096,109.20645555462324694,14313,119800.97990191871940624,134113.97990191873395815,0.55972649418838571,15712
marginal-greedy-prefix,1097,1097,109.35098972977102960,14326,119896.18935717719432432,134222.18935717717977241,0.56017810780147914,15699
marginal-greedy-prefix,1098,1098,109.50547719590296936,14337,120000.82171415809716564,134337.82171415811171755,0.56066070099448562,15688
marginal-greedy-prefix,1099,1099,109.61288386680111273,14345,120073.14301319663354661,134418.14301319664809853,0.56099592301349055,15680
marginal-greedy-prefix,1100,1100,109.69619070376562320,14351,120129.38948943339346442,134480.38948943337891251,0.56125570951706794,15674
marginal-greedy-prefix,1101,1101,109.79414666002399770,14366,120187.47156406195426825,134553.47156406193971634,0.56156071853588740,15659
marginal-greedy-prefix,1102,1102,109.94893342873876918,14377,120291.88799298478988931,134668.88799298478988931,0.56204241055024695,15648
marginal-greedy-prefix,1103,1103,110.10896256838645968,14387,120401.13867011839465704,134788.13867011840920895,0.56254010485094852,15638
marginal-greedy-prefix,1104,1104,110.21540154462155670,14400,120467.35411223382106982,134867.35411223382106982,0.56287071156125024,15625
marginal-greedy-prefix,1105,1105,110.31827503357368414,14410,120533.89013619179604575,134943.89013619179604575,0.56319013568392884,15615
marginal-greedy-prefix,1106,1106,110.41114669939386772,14428,120584.98422377379029058,135012.98422377379029058,0.56347850078531281,15597
marginal-greedy-prefix,1107,1107,110.51913731385201345,14442,120651.31997443271393422,135093.31997443269938231,0.56381378311834907,15583
marginal-greedy-prefix,1108,1108,110.61364966846943503,14448,120715.58923614094965160,135163.58923614094965160,0.56410705282471330,15577
marginal-greedy-prefix,1109,1109,110.75221525543884127,14456,120810.54624090409197379,135266.54624090407742187,0.56453674526520570,15569
marginal-greedy-prefix,1110,1110,110.83312869351863128,14460,120866.61955370404757559,135326.61955370404757559,0.56478746204202790,15565
marginal-greedy-prefix,1111,1111,110.95365081810172114,14466,120950.01007936682435684,135416.01007936682435684,0.56516053460000781,15559
marginal-greedy-prefix,1112,1112,111.09080046910983697,14479,121038.62771999002143275,135517.62771999003598467,0.56558463718629548,15546
marginal-greedy-prefix,1113,1113,111.19720802696829764,14491,121105.39285643408948090,135596.39285643410403281,0.56591336453983720,15534
marginal-greedy-prefix,1114,1114,111.34054941270227346,14497,121205.45649333653273061,135702.45649333653273061,0.56635602255123674,15528
marginal-greedy-prefix,1115,1115,111.44965853111142451,14509,121274.13382276437187102,135783.13382276438642293,0.56669273046784741,15516
marginal-greedy-prefix,1116,1116,111.54774612137617851,14524,121331.64630019517790060,135855.64630019519245252,0.56699536226512115,15501
marginal-greedy-prefix,1117,1117,111.64817364054133009,14536,121393.87305379314057063,135929.87305379315512255,0.56730514861697467,15489
marginal-greedy-prefix,1118,1118,111.75584224467337435,14543,121466.32866400272177998,136009.32866400270722806,0.56763675767203903,15482
marginal-greedy-prefix,1119,1119,111.84634014722755069,14551,121525.09506777911155950,136076.09506777912611142,0.56791540815383568,15474
marginal-greedy-prefix,1120,1120,112.01601903398858440,14563,121638.12456193617254030,136201.12456193618709221,0.56843722042490441,15462
marginal-greedy-prefix,1121,1121,112.11825150221010006,14573,121703.42729664887883700,136276.42729664887883700,0.56875149739837394,15452
marginal-greedy-prefix,1122,1122,112.20993393549370865,14583,121760.90746101745753549,136343.90746101745753549,0.56903312676957674,15442
marginal-greedy-prefix,1123,1123,112.29834446617194033,14596,121812.91083372311550193,136408.91083372311550193,0.56930441921754948,15429
marginal-greedy-prefix,1124,1124,112.38057510142844819,14607,121862.35194986531860195,136469.35194986531860195,0.56955667102655438,15418
marginal-greedy-prefix,1125,1125,112.47485741287343330,14617,121921.54082981217652559,136538.54082981217652559,0.56984543174514468,15408
marginal-greedy-prefix,1126,1126,112.56075000089444416,14626,121975.54075945256045088,136601.54075945256045088,0.57010836279660937,15399
marginal-greedy-prefix,1127,1127,112.65505278873759210,14638,122032.69548427422705572,136670.69548427424160764,0.57039698096832647,15387
marginal-greedy-prefix,1128,1128,112.75817774216228884,14647,122099.21613738282758277,136746.21613738284213468,0.57071216742714470,15378
marginal-greedy-prefix,1129,1129,112.84414397184336565,14661,122148.17066807362425607,136809.17066807363880798,0.57097490900548420,15364
marginal-greedy-prefix,1130,1130,112.93704880383832290,14671,122206.17000737358466722,136877.17000737358466722,0.57125870516022759,15354
marginal-greedy-prefix,1131,1131,113.03666776921652115,14677,122273.02812173380516469,136950.02812173380516469,0.57156277947786283,15348
marginal-greedy-prefix,1132,1132,113.21113926247970483,14690,122387.56704230527975596,137077.56704230527975596,0.57209506487373463,15335
marginal-greedy-prefix,1133,1133,113.33222040831039124,14699,122466.87893026435631327,137165.87893026435631327,0.57246363572278891,15326
marginal-greedy-prefix,1134,1134,113.48756517362706120,14712,122567.17470318457344547,137279.17470318457344547,0.57293647715087392,15313
marginal-greedy-prefix,1135,1135,113.66458731211075417,14726,122682.16584491294634063,137408.16584491293178871,0.57347482341122480,15299
marginal-greedy-prefix,1136,1136,113.77110003237545754,14738,122747.69856153495493345,137485.69856153495493345,0.57379840724410702,15287
marginal-greedy-prefix,1137,1137,113.92637947317392388,14747,122851.62827239496982656,137598.62827239496982656,0.57426972090727335,15278
marginal-greedy-prefix,1138,1138,114.04515624561726383,14759,122925.97399084229255095,137684.97399084229255095,0.57463008592149512,15266
marginal-greedy-prefix,1139,1139,114.16183273050765479,14773,122996.77658214016992133,137769.77658214018447325,0.57498401067385851,15252
marginal-greedy-prefix,1140,1140,114.25024890079282613,14784,123050.03073480546299834,137834.03073480544844642,0.57525217624194225,15241
marginal-greedy-prefix,1141,1141,114.33025020164677699,14799,123093.16945908377238084,137892.16945908375782892,0.57549481898761790,15226
marginal-greedy-prefix,1142,1142,114.42854289976637006,14810,123153.58359670663776342,137963.58359670662321150,0.57579286684896958,15215
marginal-greedy-prefix,1143,1143,114.52361662367383133,14824,123208.59796137796365656,138032.59796137796365656,0.57608089922571648,15201
marginal-greedy-prefix,1144,1144,114.65214687930608761,14839,123286.80088532583613414,138125.80088532582158223,0.57646988287908052,15186
marginal-greedy-prefix,1145,1145,114.78685090749817732,14846,123377.45583258240367286,138223.45583258240367286,0.57687744711144506,15179
marginal-greedy-prefix,1146,1146,114.90374293333999844,14859,123449.19662045121367555,138308.19662045122822747,0.57723111392636817,15166
marginal-greedy-prefix,1147,1147,115.03963226331831038,14868,123538.42479777551488951,138406.42479777551488951,0.57764107054210989,15157
marginal-greedy-prefix,1148,1148,115.15072148765082716,14880,123606.70557357113284525,138486.70557357114739716,0.57797612343681681,15145
marginal-greedy-prefix,1149,1149,115.25107384733954063,14888,123671.14464582152140792,138559.14464582153595984,0.57827844887658553,15137
marginal-greedy-prefix,1150,1150,115.38097623569359484,14906,123746.89890445196942892,138652.89890445198398083,0.57866973353264317,15119
marginal-greedy-prefix,1151,1151,115.50046696891479314,14912,123827.13760839225142263,138739.13760839225142263,0.57902965192038425,15113
marginal-greedy-prefix,1152,1152,115.58312208154112000,14922,123876.65770106772833969,138798.65770106774289161,0.57927805982559577,15103
marginal-greedy-prefix,1153,1153,115.70716274623367781,14934,123953.93701729258464184,138887.93701729259919375,0.57965066824949485,15091
marginal-greedy-prefix,1154,1154,115.81879307366011744,14950,124018.28206485860573594,138968.28206485859118402,0.57998598938329760,15075
marginal-greedy-prefix,1155,1155,115.95972929196744872,14956,124113.70678504528768826,139069.70678504527313635,0.58040928681355541,15069
marginal-greedy-prefix,1156,1156,116.07238892008501807,14968,124182.76175957314262632,139150.76175957312807441,0.58074757083705675,15057
marginal-greedy-prefix,1157,1157,116.16259827883462208,14974,124241.66258925540023483,139215.66258925540023483,0.58101843532034581,15051
marginal-greedy-prefix,1158,1158,116.25397015784349719,14991,124290.39894938081852160,139281.39894938081852160,0.58129278690114761,15034
marginal-greedy-prefix,1159,1159,116.39220391746505356,14998,124382.70870261560776271,139380.70870261560776271,0.58170725748846053,15027
marginal-greedy-prefix,1160,1160,116.49513334331416559,15013,124441.64361848931002896,139454.64361848932458088,0.58201582585165701,15012
marginal-greedy-prefix,1161,1161,116.57620308767019424,15024,124488.83908022289688233,139512.83908022288233042,0.58225870539186320,15001
marginal-greedy-prefix,1162,1162,116.72830082548290420,15031,124590.88598543529224116,139621.88598543527768925,0.58271381411357337,14994
marginal-greedy-prefix,1163,1163,116.86028164486620540,15041,124675.47124645292933565,139716.47124645294388756,0.58310856696924163,14984
marginal-greedy-prefix,1164,1164,116.95476018912373206,15050,124734.12382820872880984,139784.12382820871425793,0.58339091592672276,14975
marginal-greedy-prefix,1165,1165,117.03065558246959199,15060,124778.43392908014357090,139838.43392908014357090,0.58361757986125073,14965
marginal-greedy-prefix,1166,1166,117.15137573451337971,15074,124850.76612842516624369,139924.76612842516624369,0.58397788845331777,14951
marginal-greedy-prefix,1167,1167,117.29271683193539388,15088,124937.79211395414313301,140025.79211395414313301,0.58439952175913290,14937
marginal-greedy-prefix,1168,1168,117.39288989966564714,15108,124989.25673438914236613,140097.25673438914236613,0.58469778031117825,14917
marginal-greedy-prefix,1169,1169,117.51523285066949143,15119,125065.52340519677090924,140184.52340519678546116,0.58506198893242989,14906
marginal-greedy-prefix,1170,1170,117.70848695942765971,15128,125194.30084458219062071,140322.30084458220517263,0.58563700492391602,14897
marginal-greedy-prefix,1171,1171,117.82488519862087628,15138,125267.28005154019047040,140405.28005154017591849,0.58598331975727702,14887
marginal-greedy-prefix,1172,1172,117.91894719836861327,15147,125325.25815896235872060,140472.25815896235872060,0.58626285378707921,14878
marginal-greedy-prefix,1173,1173,118.04044243293120076,15160,125398.67921190774359275,140558.67921190772904083,0.58662353321083915,14865
marginal-greedy-prefix,1174,1174,118.13664024760262805,15168,125459.06510627278476022,140627.06510627278476022,0.58690894265833216,14857
marginal-greedy-prefix,1175,1175,118.26731324023205616,15175,125544.95258458216267172,140719.95258458214811981,0.58729660979509246,14850
marginal-greedy-prefix,1176,1176,118.39448547298417225,15180,125630.34726473594491836,140810.34726473595947027,0.58767387320531095,14845
marginal-greedy-prefix,1177,1177,118.52508425429913075,15190,125713.11616926139686257,140903.11616926139686257,0.58806104547279336,14835
marginal-greedy-prefix,1178,1178,118.63845212652792327,15200,125783.55373627562948968,140983.55373627564404160,0.58839675273775449,14825
marginal-greedy-prefix,1179,1179,118.77913402136969978,15209,125874.27376632488449104,141083.27376632488449104,0.58881293562085624,14816
marginal-greedy-prefix,1180,1180,118.85848856469509371,15215,125924.46238192702003289,141139.46238192700548097,0.58904743956181205,14810
marginal-greedy-prefix,1181,1181,118.97007007350138963,15229,125989.42011386009107810,141218.42011386010563001,0.58937697071521089,14796
marginal-greedy-prefix,1182,1182,119.12049262511617087,15243,126081.84464303523418494,141324.84464303523418494,0.58982113491535171,14782
marginal-greedy-prefix,1183,1183,119.22315715494944754,15250,126147.45612243319919799,141397.45612243318464607,0.59012417989866339,14775
marginal-greedy-prefix,1184,1184,119.32417908784769622,15259,126209.86021358851576224,141468.86021358851576224,0.59042218583094819,14766
marginal-greedy-prefix,1185,1185,119.42206598524730055,15269,126268.90831862892082427,141537.90831862890627235,0.59071035902357782,14756
marginal-greedy-prefix,1186,1186,119.53074674838920544,15278,126336.54709347039170098,141614.54709347040625289,0.59103021197844718,14747
marginal-greedy-prefix,1187,1187,119.62463262402251019,15298,126382.71448233297269326,141680.71448233298724517,0.59130636246346557,14727
marginal-greedy-prefix,1188,1188,119.72101771677871795,15308,126440.63897188733972143,141748.63897188735427335,0.59158984623179156,14717
marginal-greedy-prefix,1189,1189,119.87667926418193076,15313,126545.28310579826938920,141858.28310579826938920,0.59204744749548655,14712
marginal-greedy-prefix,1190,1190,120.00129691135559540,15322,126623.88453046641370747,141945.88453046639915556,0.59241305321646553,14703
marginal-greedy-prefix,1191,1191,120.12153680512081166,15334,126696.40427957006613724,142030.40427957006613724,0.59276579752313718,14691
marginal-greedy-prefix,1192,1192,120.25534047831858686,15340,126784.39455531322164461,142124.39455531322164461,0.59315806719978081,14685
marginal-greedy-prefix,1193,1193,120.39179573363968245,15349,126871.18945177522255108,142220.18945177522255108,0.59355786848520253,14676
marginal-greedy-prefix,1194,1194,120.53259469992211450,15361,126957.79868764123239089,142318.79868764121783897,0.59396941545387982,14664
marginal-greedy-prefix,1195,1195,120.67963447542733491,15370,127051.70903760902001522,142421.70903760902001522,0.59439891317995808,14655
marginal-greedy-prefix,1196,1196,120.76684275698455906,15373,127109.69061343841894995,142482.69061343843350187,0.59465342060471749,14652
marginal-greedy-prefix,1197,1197,120.85642207480903210,15385,127160.30594664988166187,142545.30594664986710995,0.59491474653782683,14640
marginal-greedy-prefix,1198,1198,120.94086726395177323,15399,127205.31554598860384431,142604.31554598861839622,0.59516102389224945,14626
marginal-greedy-prefix,1199,1199,121.04968154214564890,15410,127270.33951343497028574,142680.33951343497028574,0.59547831094020798,14615
marginal-greedy-prefix,1200,1200,121.12617964658143421,15425,127308.67448590803542174,142733.67448590803542174,0.59570090516328456,14600
marginal-greedy-prefix,1201,1201,121.22317072238239177,15434,127367.29469832961331122,142801.29469832961331122,0.59598311902691525,14591
marginal-greedy-prefix,1202,1202,121.33343171390809800,15444,127434.08029948020703159,142878.08029948020703159,0.59630358476335521,14581
marginal-greedy-prefix,1203,1203,121.48599203597201779,15452,127532.31696239263692405,142984.31696239265147597,0.59674696490112866,14573
marginal-greedy-prefix,1204,1204,121.62545214771976987,15462,127619.30283124699781183,143081.30283124698325992,0.59715173672580613,14563
marginal-greedy-prefix,1205,1205,121.73408164499376483,15473,127683.77823134955542628,143156.77823134954087436,0.59746673432059649,14552
marginal-greedy-prefix,1206,1206,121.84591541380835622,15483,127751.43721181729051750,143234.43721181730506942,0.59779084511733260,14542
marginal-greedy-prefix,1207,1207,121.94264688538133612,15492,127809.58688956942933146,143301.58688956941477954,0.59807109519820822,14533
marginal-greedy-prefix,1208,1208,122.06509770031577489,15500,127886.52060001969221048,143386.52060001969221048,0.59842556717811302,14525
marginal-greedy-prefix,1209,1209,122.15513236028861854,15506,127942.92753541868296452,143448.92753541868296452,0.59868602336015664,14519
marginal-greedy-prefix,1210,1210,122.28257531663088287,15519,128018.20258916934835725,143537.20258916934835725,0.59905444048114787,14506
marginal-greedy-prefix,1211,1211,122.40565207109024470,15532,128090.36889341048663482,143622.36889341048663482,0.59940988319435895,14493
marginal-greedy-prefix,1212,1212,122.50577492875633823,15543,128148.57940882541879546,143691.57940882543334737,0.59969873420886555,14482
marginal-greedy-prefix,1213,1213,122.64826200305624582,15552,128237.82391368005482946,143789.82391368004027754,0.60010875896777405,14473
marginal-greedy-prefix,1214,1214,122.76815472871656709,15563,128309.46898263788898475,143872.46898263788898475,0.60045367927170923,14462
marginal-greedy-prefix,1215,1215,122.90483753434305925,15580,128386.65547847084235400,143966.65547847084235400,0.60084676787552982,14445
marginal-greedy-prefix,1216,1216,123.02133021235751187,15593,128453.91210115172725637,144046.91210115171270445,0.60118171996688841,14432
marginal-greedy-prefix,1217,1217,123.13558246188061673,15605,128520.62411090616660658,144125.62411090615205467,0.60151022559547829,14420
marginal-greedy-prefix,1218,1218,123.25208689795692862,15617,128588.82539059486589395,144205.82539059486589395,0.60184494671211664,14408
marginal-greedy-prefix,1219,1219,123.33783289055449472,15632,128632.76623116571863648,144264.76623116573318839,0.60209093710089923,14393
marginal-greedy-prefix,1220,1220,123.46309593038461117,15649,128701.83991905070433859,144350.83991905068978667,0.60245016679191987,14376
marginal-greedy-prefix,1221,1221,123.59975379749178614,15660,128784.71015948201238643,144444.71015948202693835,0.60284193549957943,14365
marginal-greedy-prefix,1222,1222,123.68966355667703283,15668,128838.39894495082262438,144506.39894495083717629,0.60309939447325567,14357
marginal-greedy-prefix,1223,1223,123.80578356564404885,15681,128904.98371130363375414,144585.98371130361920223,0.60343154256321641,14344
marginal-greedy-prefix,1224,1224,123.89756510933560207,15693,128955.85775092674884945,144648.85775092674884945,0.60369394821100530,14332
marginal-greedy-prefix,1225,1225,123.97815318855234068,15700,129004.02266090390912723,144704.02266090392367914,0.60392417970280299,14325
marginal-greedy-prefix,1226,1226,124.09407634068716675,15709,129074.32801891803683247,144783.32801891805138439,0.60425516167831417,14316
marginal-greedy-prefix,1227,1227,124.19640265681260871,15721,129132.29080749447166454,144853.29080749448621646,0.60454715231495149,14304
marginal-greedy-prefix,1228,1228,124.30632571726982860,15729,129199.41771049663657323,144928.41771049663657323,0.60486069545241850,14296
marginal-greedy-prefix,1229,1229,124.43383950493065981,15735,129280.52525974180025514,145015.52525974181480706,0.60522423997769470,14290
marginal-greedy-prefix,1230,1230,124.51967970833931076,15746,129328.12968566657218616,145074.12968566658673808,0.60546882633543886,14279
marginal-greedy-prefix,1231,1231,124.65400815581205052,15757,129408.78713858152332250,145165.78713858150877059,0.60585135994471528,14268
marginal-greedy-prefix,1232,1232,124.78762670963976689,15767,129489.89050000520364847,145256.89050000521820039,0.60623158104572028,14258
marginal-greedy-prefix,1233,1233,124.87254797103912551,15780,129534.74859507271321490,145314.74859507271321490,0.60647305258162010,14245
marginal-greedy-prefix,1234,1234,124.96432789360090965,15794,129583.27319907721539494,145377.27319907722994685,0.60673399985516729,14231
marginal-greedy-prefix,1235,1235,125.12603667369700133,15807,129680.34232283143501263,145487.34232283144956455,0.60719337481967428,14218
marginal-greedy-prefix,1236,1236,125.25713712441068992,15816,129760.55622691640746780,145576.55622691640746780,0.60756571024512995,14209
marginal-greedy-prefix,1237,1237,125.36818111811740550,15827,129825.11722693094634451,145652.11722693094634451,0.60788106509230122,14198
marginal-greedy-prefix,1238,1238,125.49107262590624146,15841,129894.72149272236856632,145735.72149272236856632,0.60822998861708855,14184
marginal-greedy-prefix,1239,1239,125.61876888395352125,15854,129968.47731868269329425,145822.47731868270784616,0.60859206522051723,14171
marginal-greedy-prefix,1240,1240,125.75866329284366429,15864,130053.44053870250354521,145917.44053870250354521,0.60898839549315098,14161
marginal-greedy-prefix,1241,1241,125.86684987671918634,15871,130119.83660198307188693,145990.83660198305733502,0.60929471494782150,14154
marginal-greedy-prefix,1242,1242,125.98897400326882234,15878,130195.52494300401303917,146073.52494300401303917,0.60963981584829263,14147
marginal-greedy-prefix,1243,1243,126.09339340816148933,15887,130257.20353761066508014,146144.20353761065052822,0.60993479391099914,14138
marginal-greedy-prefix,1244,1244,126.22682618645117714,15896,130338.51777743655839004,146234.51777743655839004,0.61031172160243008,14129
marginal-greedy-prefix,1245,1245,126.30778938647765131,15908,130381.31528375940979458,146289.31528375940979458,0.61054041973014794,14117
marginal-greedy-prefix,1246,1246,126.41535831035304227,15916,130446.08937546139350161,146362.08937546139350161,0.61084414337809190,14109
marginal-greedy-prefix,1247,1247,126.50477960996414595,15928,130494.52793680812465027,146422.52793680812465027,0.61109638452462367,14097
marginal-greedy-prefix,1248,1248,126.61228601949596850,15934,130561.17058189766248688,146495.17058189766248688,0.61139955957836734,14091
marginal-greedy-prefix,1249,1249,126.73952834767027298,15940,130641.09304945822805166,146581.09304945822805166,0.61175815814933554,14085
marginal-greedy-prefix,1250,1250,126.84614260119016649,15950,130703.04898159675940406,146653.04898159677395597,0.61205846719736634,14075
marginal-greedy-prefix,1251,1251,127.01135790613170684,15959,130805.48522084335854743,146764.48522084334399551,0.61252354783671981,14066
marginal-greedy-prefix,1252,1252,127.13211306322892824,15971,130874.86781173211056739,146845.86781173211056739,0.61286319917149823,14054
marginal-greedy-prefix,1253,1253,127.23260649575777848,15979,130934.55838954108185135,146913.55838954108185135,0.61314570670601709,14046
marginal-greedy-prefix,1254,1254,127.34574362412240589,15988,131001.75005861866520718,146989.75005861866520718,0.61346369365898312,14037
marginal-greedy-prefix,1255,1255,127.45499460377493506,16003,131060.24083403074473608,147063.24083403073018417,0.61377040839600505,14022
marginal-greedy-prefix,1256,1256,127.53893817307664449,16013,131106.68122219480574131,147119.68122219480574131,0.61400596311312561,14012
marginal-greedy-prefix,1257,1257,127.67346118008302369,16024,131186.06202782498439774,147210.06202782498439774,0.61438316861783360,14001
marginal-greedy-prefix,1258,1258,127.77527797059883596,16036,131242.37108310422627255,147278.37108310422627255,0.61466825737637121,13989
marginal-greedy-prefix,1259,1259,127.90218475058293279,16052,131311.46030819849693216,147363.46030819849693216,0.61502337839872878,13973
marginal-greedy-prefix,1260,1260,127.97965014293438912,16065,131350.30025372566888109,147415.30025372566888109,0.61523973310679181,13960
marginal-greedy-prefix,1261,1261,128.08712672521033937,16079,131408.19019917349214666,147487.19019917349214666,0.61553976675848365,13946
marginal-greedy-prefix,1262,1262,128.27256161643097698,16088,131523.21849111773190089,147611.21849111773190089,0.61605740049868651,13937
marginal-greedy-prefix,1263,1263,128.41095765228237724,16096,131607.57164886512327939,147703.57164886512327939,0.61644283764141372,13929
marginal-greedy-prefix,1264,1264,128.51415831412634816,16104,131668.40619688259903342,147772.40619688259903342,0.61673011955094359,13921
marginal-greedy-prefix,1265,1265,128.63104102758330782,16115,131735.36611109421937726,147850.36611109421937726,0.61705548629869655,13910
marginal-greedy-prefix,1266,1266,128.73992361460889811,16123,131799.93973037216346711,147922.93973037216346711,0.61735837327228960,13902
marginal-greedy-prefix,1267,1267,128.87136815473559182,16132,131878.44355900879600085,148010.44355900879600085,0.61772357167492187,13893
marginal-greedy-prefix,1268,1268,129.02255556044750051,16147,131964.02618282850016840,148111.02618282850016840,0.61814335460469583,13878
marginal-greedy-prefix,1269,1269,129.13992873349235424,16154,132035.07076476325164549,148189.07076476325164549,0.61846907471432711,13871
marginal-greedy-prefix,1270,1270,129.24943274332179044,16167,132094.81606153506436385,148261.81606153506436385,0.61877267818624371,13858
marginal-greedy-prefix,1271,1271,129.39429801996189440,16178,132180.04262923882924952,148358.04262923882924952,0.61917428105738359,13847
marginal-greedy-prefix,1272,1272,129.49564436067211659,16187,132238.32656470403890125,148425.32656470403890125,0.61945509146462585,13838
marginal-greedy-prefix,1273,1273,129.64150237161726409,16194,132328.04810813299263828,148522.04810813299263828,0.61985876012359475,13831
marginal-greedy-prefix,1274,1274,129.72397520023767470,16208,132368.70271883186069317,148576.70271883186069317,0.62008686187450901,13817
marginal-greedy-prefix,1275,1275,129.88970836498552330,16216,132470.32742260993109085,148686.32742260993109085,0.62054438204628393,13809
marginal-greedy-prefix,1276,1276,130.05687520062801354,16223,132573.83941862703068182,148796.83941862703068182,0.62100560534412086,13802
marginal-greedy-prefix,1277,1277,130.19043724206844104,16231,132654.11287445292691700,148885.11287445292691700,0.62137401579615170,13794
marginal-greedy-prefix,1278,1278,130.33880553160901172,16246,132737.04526364640332758,148983.04526364640332758,0.62178273793616168,13779
marginal-greedy-prefix,1279,1279,130.45195535685027721,16255,132802.57087025360669941,149057.57087025360669941,0.62209377155505818,13770
marginal-greedy-prefix,1280,1280,130.56162565554063804,16263,132866.78859471104806289,149129.78859471104806289,0.62239517319684368,13762
marginal-greedy-prefix,1281,1281,130.64487288820524213,16272,132912.59787385404342785,149184.59787385404342785,0.62262392045858428,13753
marginal-greedy-prefix,1282,1282,130.73204692344512523,16283,132958.95936775658628903,149241.95936775658628903,0.62286331942286055,13742
marginal-greedy-prefix,1283,1283,130.83517026780498327,16294,133015.81366190526750870,149309.81366190526750870,0.62314651022971934,13731
marginal-greedy-prefix,1284,1284,130.98975385251452508,16302,133109.50848375225905329,149411.50848375225905329,0.62357093493287974,13723
marginal-greedy-prefix,1285,1285,131.15801455046272395,16308,133214.07282584131462499,149522.07282584131462499,0.62403237669775025,13717
marginal-greedy-prefix,1286,1286,131.25039230349602803,16318,133264.75973722373601049,149582.75973722373601049,0.62428565433648742,13707
marginal-greedy-prefix,1287,1287,131.43170438933898936,16326,133375.69655763072660193,149701.69655763072660193,0.62478203875193017,13699
marginal-greedy-prefix,1288,1288,131.53790882058598299,16337,133434.29747060989029706,149771.29747060989029706,0.62507251909590800,13688
marginal-greedy-prefix,1289,1289,131.63676190668638810,16345,133490.97790686631924473,149835.97790686631924473,0.62534246376427782,13680
marginal-greedy-prefix,1290,1290,131.75417549808332751,16353,133559.79481245286297053,149912.79481245286297053,0.62566306015020123,13672
marginal-greedy-prefix,1291,1291,131.86790259727163743,16360,133627.09278817079029977,149987.09278817079029977,0.62597314374852786,13665
marginal-greedy-prefix,1292,1292,131.95320158365558427,16367,133675.81723558658268303,150042.81723558658268303,0.62620571047733153,13658
marginal-greedy-prefix,1293,1293,132.07097663214423733,16383,133736.59961470653070137,150119.59961470653070137,0.62652616276658335,13642
marginal-greedy-prefix,1294,1294,132.15840722303809684,16395,133781.55181596527108923,150176.55181596527108923,0.62676385354252018,13630
marginal-greedy-prefix,1295,1295,132.26523595178576898,16404,133842.11565815057838336,150246.11565815057838336,0.62705417917104256,13621
marginal-greedy-prefix,1296,1296,132.38238254051208287,16414,133908.37946339757763781,150322.37946339757763781,0.62737246718527928,13611
marginal-greedy-prefix,1297,1297,132.50874384678996876,16424,133980.56773794395849109,150404.56773794395849109,0.62771548105161068,13601
marginal-greedy-prefix,1298,1298,132.61724056792036208,16440,134035.05004196264781058,150475.05004196264781058,0.62800963989291525,13585
marginal-greedy-prefix,1299,1299,132.73328115236265035,16454,134096.37855909025529400,150550.37855909025529400,0.62832402446963931,13571
marginal-greedy-prefix,1300,1300,132.86558353549744993,16465,134171.22350275461212732,150636.22350275461212732,0.62868229949358678,13560
marginal-greedy-prefix,1301,1301,132.97334141551405651,16470,134236.13252275396371260,150706.13252275396371260,0.62897406572634640,13555
marginal-greedy-prefix,1302,1302,133.04931508994809519,16480,134275.36430062452564016,150755.36430062452564016,0.62917953521170733,13545
marginal-greedy-prefix,1303,1303,133.16734373981432782,16489,134342.83959792368113995,150831.83959792368113995,0.62949870589086077,13536
marginal-greedy-prefix,1304,1304,133.28469994888479278,16498,134409.75489562941947952,150907.75489562941947952,0.62981553940419910,13527
marginal-greedy-prefix,1305,1305,133.39567567057480346,16506,134473.49808167983428575,150979.49808167983428575,0.63011496055357719,13519
marginal-greedy-prefix,1306,1306,133.53633491511556031,16515,134555.30150015847175382,151070.30150015847175382,0.63049392983867736,13510
marginal-greedy-prefix,1307,1307,133.66880182898808016,16528,134627.73963914372143336,151155.73963914372143336,0.63085050705783952,13497
marginal-greedy-prefix,1308,1308,133.80331318819213493,16538,134704.47531265945872292,151242.47531265945872292,0.63121249955477032,13487
marginal-greedy-prefix,1309,1309,133.89879649213813195,16545,134758.97598797013051808,151303.97598797013051808,0.63146917344817832,13480
marginal-greedy-prefix,1310,1310,134.00468881833330670,16555,134817.09873551176860929,151372.09873551176860929,0.63175348464887371,13470
marginal-greedy-prefix,1311,1311,134.12074481586239472,16572,134874.74409288071910851,151446.74409288071910851,0.63206501804918080,13453
marginal-greedy-prefix,1312,1312,134.24927304610093870,16581,134948.31524396745953709,151529.31524396745953709,0.63240962985588944,13444
marginal-greedy-prefix,1313,1313,134.33297281817513635,16588,134995.03173501070705242,151583.03173501070705242,0.63263381635183658,13437
marginal-greedy-prefix,1314,1314,134.45779297743544589,16594,135069.11873683484736830,151663.11873683484736830,0.63296806052827415,13431
marginal-greedy-prefix,1315,1315,134.58224059858136457,16601,135141.87636346745421179,151742.87636346745421179,0.63330093005293153,13424
marginal-greedy-prefix,1316,1316,134.70808024620751553,16616,135207.48872755895718001,151823.48872755895718001,0.63363736683583938,13409
marginal-greedy-prefix,1317,1317,134.84004324257097096,16628,135279.98325071623548865,151907.98325071623548865,0.63399000586168541,13397
marginal-greedy-prefix,1318,1318,134.95703614854178909,16636,135346.81872040315647610,151982.81872040315647610,0.63430233269830183,13389
marginal-greedy-prefix,1319,1319,135.06588279792367757,16648,135404.43371553110773675,152052.43371553110773675,0.63459287181431645,13377
marginal-greedy-prefix,1320,1320,135.23979557483869485,16656,135507.63966427344712429,152163.63966427344712429,0.63505699133316129,13369
marginal-greedy-prefix,1321,1321,135.36178944014721992,16664,135577.41893572462140583,152241.41893572462140583,0.63538160416593037,13361
marginal-greedy-prefix,1322,1322,135.49411269404762947,16672,135653.75763131058192812,152325.75763131058192812,0.63573359284331710,13353
marginal-greedy-prefix,1323,1323,135.60644656456639723,16687,135710.31011470098746940,152397.31011470098746940,0.63603221809258548,13338
marginal-greedy-prefix,1324,1324,135.69777401495340996,16696,135759.48105758251040243,152455.48105758251040243,0.63627499530303377,13329
marginal-greedy-prefix,1325,1325,135.77712911748648139,16701,135804.98497057010536082,152505.98497057010536082,0.63648577406137063,13324
marginal-greedy-prefix,1326,1326,135.89081499518715646,16705,135873.30235896346857771,152578.30235896346857771,0.63678759165192966,13320
marginal-greedy-prefix,1327,1327,136.01587702698759585,16712,135945.70676020273822360,152657.70676020273822360,0.63711898698566960,13313
marginal-greedy-prefix,1328,1328,136.11823466314589837,16724,135998.67638341139536351,152722.67638341139536351,0.63739013857966387,13301
marginal-greedy-prefix,1329,1329,136.22858419776000005,16733,136059.71284418494906276,152792.71284418494906276,0.63768243668820412,13292
marginal-greedy-prefix,1330,1330,136.35609212399188550,16738,136135.55235807440476492,152873.55235807440476492,0.63801982148384084,13287
marginal-greedy-prefix,1331,1331,136.53770297418296309,16747,136241.62376885666162707,152988.62376885666162707,0.63850007356036242,13278
marginal-greedy-prefix,1332,1332,136.65960736569036271,16752,136313.84650645023793913,153065.84650645023793913,0.63882236369161116,13273
marginal-greedy-prefix,1333,1333,136.75791767534434484,16763,136365.08746320247882977,153128.08746320247882977,0.63908212715954604,13262
marginal-greedy-prefix,1334,1334,136.87126027615843782,16775,136424.81984583885059692,153199.81984583885059692,0.63938150322073062,13250
marginal-greedy-prefix,1335,1335,136.98969884060775826,16783,136491.73920592025388032,153274.73920592025388032,0.63969418017503377,13242
marginal-greedy-prefix,1336,1336,137.07181868941538028,16788,136538.68396560157998465,153326.68396560157998465,0.63991097232637517,13237
marginal-greedy-prefix,1337,1337,137.22677972145788772,16796,136628.68628306634491310,153424.68628306634491310,0.64031998631296327,13229
marginal-greedy-prefix,1338,1338,137.33546122233786946,16809,136684.23778565871180035,153493.23778565871180035,0.64060608692861454,13216
marginal-greedy-prefix,1339,1339,137.42740629330782554,16819,136732.17406246013706550,153551.17406246013706550,0.64084788475702958,13206
marginal-greedy-prefix,1340,1340,137.52790109981762612,16828,136786.47027347236871719,153614.47027347236871719,0.64111205234277413,13197
marginal-greedy-prefix,1341,1341,137.65585546275116258,16836,136858.96718927618348971,153694.96718927618348971,0.64144800730070473,13189
marginal-greedy-prefix,1342,1342,137.75493862217513197,16853,136904.25704732816666365,153757.25704732816666365,0.64170797485886999,13172
marginal-greedy-prefix,1343,1343,137.82202669024599118,16863,136936.40523458464303985,153799.40523458464303985,0.64188388088378046,13162
marginal-greedy-prefix,1344,1344,137.89736709577530860,16876,136970.70328842112212442,153846.70328842112212442,0.64208127994594522,13149
marginal-greedy-prefix,1345,1345,137.98887981618858589,16884,137020.14495085173984990,153904.14495085173984990,0.64232101349464876,13141
marginal-greedy-prefix,1346,1346,138.12752466729460821,16897,137094.11840234423289075,153991.11840234423289075,0.64268399836115531,13128
marginal-greedy-prefix,1347,1347,138.25640917086113291,16906,137165.94544147074338980,154071.94544147074338980,0.64302133109320148,13119
marginal-greedy-prefix,1348,1348,138.36549978811095230,16919,137221.25808654836146161,154140.25808654836146161,0.64330643483381078,13106
marginal-greedy-prefix,1349,1349,138.45834711195365685,16928,137270.37394055930781178,154198.37394055930781178,0.64354898213011869,13097
marginal-greedy-prefix,1350,1350,138.61120364052899845,16934,137359.99921736208489165,154293.99921736208489165,0.64394807550561739,13091
marginal-greedy-prefix,1351,1351,138.71425200517737153,16939,137419.41221919990493916,154358.41221919990493916,0.64421690403285370,13086
marginal-greedy-prefix,1352,1352,138.86683844109322195,16949,137504.78500318891019560,154453.78500318891019560,0.64461494362620697,13076
marginal-greedy-prefix,1353,1353,138.96671243921210248,16960,137556.14975757978390902,154516.14975757978390902,0.64487522376524731,13065
marginal-greedy-prefix,1354,1354,139.06175439419786244,16970,137605.48865834696334787,154575.48865834696334787,0.64512287546359892,13055
marginal-greedy-prefix,1355,1355,139.18583038386296380,16986,137666.91947181578143500,154652.91947181578143500,0.64544603400230416,13039
marginal-greedy-prefix,1356,1356,139.31185195214047212,16996,137735.51816382445394993,154731.51816382445394993,0.64577406669776205,13029
marginal-greedy-prefix,1357,1357,139.42735346783155137,17008,137795.48858209507307038,154803.48858209507307038,0.64607443620385940,13017
marginal-greedy-prefix,1358,1358,139.52662326844051677,17019,137846.30174478274420835,154865.30174478274420835,0.64633241426752708,13006
marginal-greedy-prefix,1359,1359,139.66348103379422696,17031,137919.51505279567209072,154950.51505279567209072,0.64668805315161026,12994
marginal-greedy-prefix,1360,1360,139.80276988005985572,17038,137999.19435437998617999,155037.19435437998617999,0.64704981037952913,12987
marginal-greedy-prefix,1361,1361,139.95113009924185121,17044,138085.49921271944185719,155129.49921271944185719,0.64743504594402945,12981
marginal-greedy-prefix,1362,1362,140.04898040757487365,17054,138136.28698247834108770,155190.28698247834108770,0.64768874451655378,12971
marginal-greedy-prefix,1363,1363,140.17683956417670288,17066,138203.59797429229365662,155269.59797429229365662,0.64801975000480416,12959
marginal-greedy-prefix,1364,1364,140.31218908301525516,17077,138276.53151224550674669,155353.53151224550674669,0.64837004775137563,12948
marginal-greedy-prefix,1365,1365,140.41536705703185817,17087,138330.42799764336086810,155417.42799764336086810,0.64863672059032096,12938
marginal-greedy-prefix,1366,1366,140.55832602435219769,17093,138412.92882235065917484,155505.92882235065917484,0.64900607996942838,12932
marginal-greedy-prefix,1367,1367,140.69220438002122364,17103,138485.72671406553126872,155588.72671406553126872,0.64935163808119012,12922
marginal-greedy-prefix,1368,1368,140.79553910685461915,17113,138539.57850587347638793,155652.57850587347638793,0.64961812439083844,12912
marginal-greedy-prefix,1369,1369,140.95007622496765975,17118,138630.06031204279861413,155748.06031204279861413,0.65001661898972374,12907
marginal-greedy-prefix,1370,1370,141.07168531994111049,17127,138696.17946560934069566,155823.17946560934069566,0.65033012978481719,12898
marginal-greedy-prefix,1371,1371,141.20150341837401697,17141,138762.19062574932468124,155903.19062574932468124,0.65066405743496858,12884
marginal-greedy-prefix,1372,1372,141.31914065407639214,17149,138826.62786200799746439,155975.62786200799746439,0.65096637521220113,12876
marginal-greedy-prefix,1373,1373,141.46816878935302952,17157,138910.37449022327200510,156067.37449022327200510,0.65134928099578981,12868
marginal-greedy-prefix,1374,1374,141.59376665403507900,17168,138976.65362881793407723,156144.65362881793407723,0.65167180651737322,12857
marginal-greedy-prefix,1375,1375,141.70887224196630427,17182,139033.39751320565119386,156215.39751320565119386,0.65196705706785696,12843
marginal-greedy-prefix,1376,1376,141.85876155567643764,17188,139119.43380655170767568,156307.43380655170767568,0.65235117177275459,12837
marginal-greedy-prefix,1377,1377,141.98964615258131516,17197,139190.79600843854132108,156387.79600843854132108,0.65268656450034557,12828
marginal-greedy-prefix,1378,1378,142.12046725927496027,17206,139262.07876902556745335,156468.07876902556745335,0.65302162567860600,12819
marginal-greedy-prefix,1379,1379,142.20823423598184831,17218,139303.82117352032219060,156521.82117352032219060,0.65324592032469064,12807
marginal-greedy-prefix,1380,1380,142.32548607431627374,17233,139360.57908460326143540,156593.57908460326143540,0.65354540292918961,12792
marginal-greedy-prefix,1381,1381,142.45291904451275400,17242,139429.51509330319822766,156671.51509330319822766,0.65387066990696885,12783
marginal-greedy-prefix,1382,1382,142.63339862547238113,17248,139533.88874144657165743,156781.88874144657165743,0.65433131580809900,12777
marginal-greedy-prefix,1383,1383,142.73681857794960592,17258,139587.04018274098052643,156845.04018274098052643,0.65459487919548420,12767
marginal-greedy-prefix,1384,1384,142.87653543067699502,17265,139665.30095114844152704,156930.30095114844152704,0.65495071615616063,12760
marginal-greedy-prefix,1385,1385,142.97947755889336463,17279,139714.05104778768145479,156993.05104778768145479,0.65521260452624375,12746
marginal-greedy-prefix,1386,1386,143.10792683788335466,17293,139778.29069464653730392,157071.29069464653730392,0.65553913874195235,12732
marginal-greedy-prefix,1387,1387,143.22521061624431127,17302,139840.68125203985255212,157142.68125203985255212,0.65583708819089981,12723
marginal-greedy-prefix,1388,1388,143.37063166852027507,17308,139923.15586700674612075,157231.15586700674612075,0.65620633818330398,12717
marginal-greedy-prefix,1389,1389,143.55090237261643438,17311,140029.69372463301988319,157340.69372463301988319,0.65666349590149942,12714
marginal-greedy-prefix,1390,1390,143.65225872167854959,17319,140083.26451645328779705,157402.26451645328779705,0.65692046242710067,12706
marginal-greedy-prefix,1391,1391,143.77674777226903302,17335,140142.82535557905794121,157477.82535557905794121,0.65723581660280062,12690
marginal-greedy-prefix,1392,1392,143.93400477157354089,17340,140233.22703377489233389,157573.22703377489233389,0.65763397678651370,12685
marginal-greedy-prefix,1393,1393,144.07397999182640547,17354,140304.06545552215538919,157658.06545552215538919,0.65798805107773817,12671
marginal-greedy-prefix,1394,1394,144.16538101331713051,17364,140349.38754171234904788,157713.38754171234904788,0.65821893854656932,12661
marginal-greedy-prefix,1395,1395,144.29654273439493295,17371,140421.67802033328916878,157792.67802033328916878,0.65854985842273350,12654
marginal-greedy-prefix,1396,1396,144.38965497180976172,17385,140463.89354974869638681,157848.89354974869638681,0.65878447468885004,12640
marginal-greedy-prefix,1397,1397,144.48349925445981512,17394,140511.54351135983597487,157905.54351135983597487,0.65902090406356328,12631
marginal-greedy-prefix,1398,1398,144.58335283666906435,17401,140564.81523706362349913,157965.81523706362349913,0.65927244891930126,12624
marginal-greedy-prefix,1399,1399,144.73142351494428226,17414,140641.17942388670053333,158055.17942388670053333,0.65964541155178036,12611
marginal-greedy-prefix,1400,1400,144.83980633243342595,17428,140692.53374194272328168,158120.53374194272328168,0.65991816867488062,12597
marginal-greedy-prefix,1401,1401,144.92551298149584227,17440,140732.20247889804886654,158172.20247889804886654,0.66013380884167228,12585
marginal-greedy-prefix,1402,1402,145.05453819875023669,17453,140796.95847986912121996,158249.95847986912121996,0.66045832455478048,12572
marginal-greedy-prefix,1403,1403,145.16413855970102986,17463,140852.96330666518770158,158315.96330666518770158,0.66073379658483355,12562
marginal-greedy-prefix,1404,1404,145.24910417884368030,17476,140891.02554619670263492,158367.02554619670263492,0.66094690552649105,12549
marginal-greedy-prefix,1405,1405,145.39739000351676168,17485,140971.04856297821970657,158456.04856297821970657,0.66131844428122522,12540
marginal-greedy-prefix,1406,1406,145.49752485191973506,17496,141020.15473675803514197,158516.15473675803514197,0.66156929820378763,12529
marginal-greedy-prefix,1407,1407,145.62218092657261082,17507,141083.90708269819151610,158590.90708269819151610,0.66188127812233177,12518
marginal-greedy-prefix,1408,1408,145.73968967301061639,17521,141140.34965017143986188,158661.34965017143986188,0.66217527112263097,12504
marginal-greedy-prefix,1409,1409,145.81862714564522321,17528,141180.62150812128675170,158708.62150812128675170,0.66237256085591156,12497
marginal-greedy-prefix,1410,1410,145.93505459696777393,17545,141233.32323786546476185,158778.32323786546476185,0.66266346196001047,12480
marginal-greedy-prefix,1411,1411,146.04606620808647222,17557,141287.73764281862531789,158844.73764281862531789,0.66294064336999647,12468
marginal-greedy-prefix,1412,1412,146.17114054326293626,17566,141353.56097942686756141,158919.56097942686756141,0.66325291956904620,12459
marginal-greedy-prefix,1413,1413,146.29886783901341119,17586,141409.81483639401267283,158995.81483639401267283,0.66357116606400357,12439
marginal-greedy-prefix,1414,1414,146.37685721104409708,17595,141447.30223572175600566,159042.30223572175600566,0.66376518184870159,12430
marginal-greedy-prefix,1415,1415,146.47548437035064239,17602,141499.07307342975400388,159101.07307342975400388,0.66401046272825548,12423
marginal-greedy-prefix,1416,1416,146.63733856169213254,17610,141587.51864008596749045,159197.51864008596749045,0.66441297959446122,12415
marginal-greedy-prefix,1417,1417,146.73306103904786823,17615,141639.54816544792265631,159254.54816544792265631,0.66465099308358000,12410
marginal-greedy-prefix,1418,1418,146.82903989349361495,17625,141686.67090702720452100,159311.67090702720452100,0.66488939561183236,12400
marginal-greedy-prefix,1419,1419,146.94263056117526389,17632,141747.27274352617678232,159379.27274352617678232,0.66517153278330354,12393
marginal-greedy-prefix,1420,1420,147.10327704343839628,17648,141826.85303994975402020,159474.85303994975402020,0.66557043843258623,12377
marginal-greedy-prefix,1421,1421,147.20869847243216100,17664,141873.56313455649069510,159537.56313455649069510,0.66583215985364996,12361
marginal-greedy-prefix,1422,1422,147.37627524801965251,17671,141966.11482825138955377,159637.11482825138955377,0.66624764018271865,12354
marginal-greedy-prefix,1423,1423,147.46852554432206261,17682,142009.89985011590761133,159691.89985011590761133,0.66647628620638222,12343
marginal-greedy-prefix,1424,1424,147.58281639734289570,17692,142067.72663072685827501,159759.72663072685827501,0.66675936218512222,12333
marginal-greedy-prefix,1425,1425,147.76724575672884043,17704,142164.97670561008271761,159868.97670561008271761,0.66721531883817897,12321
marginal-greedy-prefix,1426,1426,147.87899167418973434,17713,142222.06117215714766644,159935.06117215714766644,0.66749112324580118,12312
marginal-greedy-prefix,1427,1427,147.95110118356788576,17721,142256.69394833871047013,159977.69394833871047013,0.66766905170909097,12304
marginal-greedy-prefix,1428,1428,148.07378724875823650,17723,142327.19360713599598967,160050.19360713599598967,0.66797163000762572,12302
marginal-greedy-prefix,1429,1429,148.24271982552497207,17732,142417.91416308231418952,160149.91416308231418952,0.66838781508556599,12293
marginal-greedy-prefix,1430,1430,148.33403720501533485,17746,142457.80103197312564589,160203.80103197312564589,0.66861271265574540,12279
marginal-greedy-prefix,1431,1431,148.43023742805638676,17758,142502.56364490638952702,160260.56364490638952702,0.66884961218226269,12267
marginal-greedy-prefix,1432,1432,148.59598078933507281,17764,142594.28554179536877200,160358.28554179536877200,0.66925745582981611,12261
marginal-greedy-prefix,1433,1433,148.71027473829812493,17777,142648.64838306151796132,160425.64838306151796132,0.66953859555147710,12248
marginal-greedy-prefix,1434,1434,148.84901300926657086,17785,142722.29685769378556870,160507.29685769378556870,0.66987935655562569,12240
marginal-greedy-prefix,1435,1435,148.94173252315368927,17793,142768.81163382600061595,160561.81163382600061595,0.67010687470510033,12232
marginal-greedy-prefix,1436,1436,149.04663502305359657,17800,142823.45945945114362985,160623.45945945114362985,0.67036416273231958,12225
marginal-greedy-prefix,1437,1437,149.18770689824179954,17818,142888.34973956350586377,160706.34973956350586377,0.67071010642829754,12207
marginal-greedy-prefix,1438,1438,149.29886291304097767,17825,142946.60898941548657604,160771.60898941548657604,0.67098246678297302,12200
marginal-greedy-prefix,1439,1439,149.45779551398072726,17834,143030.79248130600899458,160864.79248130600899458,0.67137136933638508,12191
marginal-greedy-prefix,1440,1440,149.53957438627867305,17843,143069.73032017925288528,160912.73032017925288528,0.67157143854998314,12182
marginal-greedy-prefix,1441,1441,149.65623438592700722,17855,143126.03691086571780033,160981.03691086571780033,0.67185651702250970,12170
marginal-greedy-prefix,1442,1442,149.76791201847549928,17863,143183.41102569308714010,161046.41102569308714010,0.67212935676770069,12162
marginal-greedy-prefix,1443,1443,149.87838852467405104,17871,143240.02551711403066292,161111.02551711403066292,0.67239902621441505,12154
marginal-greedy-prefix,1444,1444,149.99228940772727015,17877,143300.63853285013465211,161177.63853285013465211,0.67267703652916788,12148
marginal-greedy-prefix,1445,1445,150.11503050543666404,17889,143360.41651640966301784,161249.41651640966301784,0.67297660290641703,12136
marginal-greedy-prefix,1446,1446,150.25812060250476065,17898,143435.02620467002270743,161333.02620467002270743,0.67332554906195119,12127
marginal-greedy-prefix,1447,1447,150.39126365225183690,17913,143497.78671343249152415,161410.78671343249152415,0.67365008358838718,12112
marginal-greedy-prefix,1448,1448,150.48424136501276394,17922,143543.03566504712216556,161465.03566504712216556,0.67387649231567170,12103
marginal-greedy-prefix,1449,1449,150.62867857085521450,17932,143617.28779961558757350,161549.28779961558757350,0.67422811972949082,12093
marginal-greedy-prefix,1450,1450,150.75221430262891431,17942,143679.22217395904590376,161621.22217395904590376,0.67452833880577456,12083
marginal-greedy-prefix,1451,1451,150.90111285872771418,17950,143757.88139996564132161,161707.88139996564132161,0.67489001224800060,12075
marginal-greedy-prefix,1452,1452,151.00676656888154525,17965,143804.34562951372936368,161769.34562951372936368,0.67514653403452951,12060
marginal-greedy-prefix,1453,1453,151.12026600344884741,17979,143856.31536860211053863,161835.31536860211053863,0.67542185962556378,12046
marginal-greedy-prefix,1454,1454,151.23700769827982526,17992,143911.15627806706470437,161903.15627806706470437,0.67570499457126554,12033
marginal-greedy-prefix,1455,1455,151.33207404026603626,18002,143956.32634389837039635,161958.32634389837039635,0.67593524758108958,12023
marginal-greedy-prefix,1456,1456,151.42252206118547520,18015,143995.79821965354494750,162010.79821965354494750,0.67615423965843613,12010
marginal-greedy-prefix,1457,1457,151.56755554138430853,18024,144070.88827452735858969,162094.88827452735858969,0.67650519063047532,12001
marginal-greedy-prefix,1458,1458,151.66616972859642942,18034,144118.01278911629924551,162152.01278911629924551,0.67674360055840732,11991
marginal-greedy-prefix,1459,1459,151.74680581175692851,18043,144155.61053823964903131,162198.61053823964903131,0.67693807688945762,11982
marginal-greedy-prefix,1460,1460,151.86624275619703894,18052,144215.48217848123749718,162267.48217848123749718,0.67722551360388228,11973
marginal-greedy-prefix,1461,1461,151.97484212841533235,18064,144266.08841496217064559,162330.08841496217064559,0.67748680157166485,11961
marginal-greedy-prefix,1462,1462,152.11679015224532918,18069,144342.85400361023494042,162411.85400361023494042,0.67782805135272950,11956
marginal-greedy-prefix,1463,1463,152.21841036068894937,18073,144397.36985103116603568,162470.36985103116603568,0.67807226802689968,11952
marginal-greedy-prefix,1464,1464,152.37725957068269622,18087,144474.77115583297563717,162561.77115583297563717,0.67845373259858999,11938
marginal-greedy-prefix,1465,1465,152.50172187142933922,18093,144540.33489941226434894,162633.33489941226434894,0.67875240484240762,11932
marginal-greedy-prefix,1466,1466,152.60022761016398363,18103,144586.92801334802061319,162689.92801334802061319,0.67898859696258507,11922
marginal-greedy-prefix,1467,1467,152.72773348405388560,18112,144651.10992402961710468,162763.10992402961710468,0.67929402264851113,11913
marginal-greedy-prefix,1468,1468,152.82143672676750157,18123,144693.88648245576769114,162816.88648245576769114,0.67951845983648662,11902
marginal-greedy-prefix,1469,1469,152.90255437972140840,18129,144734.42246924329083413,162863.42246924329083413,0.67971267840159988,11896
marginal-greedy-prefix,1470,1470,153.00710269421273324,18136,144787.30744774543563835,162923.30744774543563835,0.67996260916270368,11889
marginal-greedy-prefix,1471,1471,153.08514767465587170,18144,144824.00158779812045395,162968.00158779812045395,0.68014914075576172,11881
marginal-greedy-prefix,1472,1472,153.20003069383517413,18158,144875.77361029325402342,163033.77361029325402342,0.68042364117394183,11867
marginal-greedy-prefix,1473,1473,153.32992926319528237,18167,144940.96182376408251002,163107.96182376408251002,0.68073326667805778,11858
marginal-greedy-prefix,1474,1474,153.45110394639354467,18183,144994.07458856006269343,163177.07458856006269343,0.68102170972904486,11842
marginal-greedy-prefix,1475,1475,153.55474436066731414,18190,145046.14686822856310755,163236.14686822856310755,0.68126824868066449,11835
marginal-greedy-prefix,1476,1476,153.68199142760170162,18204,145104.50132439978187904,163308.50132439978187904,0.68157022097409170,11821
marginal-greedy-prefix,1477,1477,153.84096619652297022,18210,145188.80468902629218064,163398.80468902629218064,0.68194710327773200,11815
marginal-greedy-prefix,1478,1478,153.94525181646818623,18225,145233.03699418253381737,163458.03699418253381737,0.68219431009787146,11800
marginal-greedy-prefix,1479,1479,154.08251578574456175,18236,145299.95694208037457429,163535.95694208037457429,0.68251951004567779,11789
marginal-greedy-prefix,1480,1480,154.19705879491434075,18247,145353.96360405697487295,163600.96360405697487295,0.68279081622146687,11778
marginal-greedy-prefix,1481,1481,154.27389775603751332,18253,145391.53567367643699981,163644.53567367643699981,0.68297266483851993,11772
marginal-greedy-prefix,1482,1482,154.41835750984600395,18266,145460.43816969732870348,163726.43816969732870348,0.68331448600434153,11759
marginal-greedy-prefix,1483,1483,154.57044665761495139,18273,145539.51772252970840782,163812.51772252970840782,0.68367374017279892,11752
marginal-greedy-prefix,1484,1484,154.68106987352291526,18278,145597.08900261516100727,163875.08900261516100727,0.68393488224959598,11747
marginal-greedy-prefix,1485,1485,154.79804404089682635,18285,145656.19987704657251015,163941.19987704657251015,0.68421079687087771,11740
marginal-greedy-prefix,1486,1486,154.92451888636338708,18290,145722.68012874625856057,164012.68012874625856057,0.68450912066021585,11735
marginal-greedy-prefix,1487,1487,155.06811457125692755,18303,145790.75070938514545560,164093.75070938514545560,0.68484746981603106,11722
marginal-greedy-prefix,1488,1488,155.17506797634283089,18311,145843.11222248719423078,164154.11222248719423078,0.68509938940068005,11714
marginal-greedy-prefix,1489,1489,155.26274608934610910,18319,145884.53723768997588195,164203.53723768997588195,0.68530566536463910,11706
marginal-greedy-prefix,1490,1490,155.41056884747072786,18326,145960.77486572443740442,164286.77486572443740442,0.68565305872182947,11699
marginal-greedy-prefix,1491,1491,155.48723460440064059,18337,145992.91020193757140078,164329.91020193757140078,0.68583308462615256,11688
marginal-greedy-prefix,1492,1492,155.63762869359371166,18345,146069.51036971542635001,164414.51036971542635001,0.68618616456123971,11680
marginal-greedy-prefix,1493,1493,155.74120807312795023,18358,146114.71253885794430971,164472.71253885794430971,0.68642907209490722,11667
marginal-greedy-prefix,1494,1494,155.88856355771133622,18367,146188.47365244623506442,164555.47365244623506442,0.68677447671266423,11658
marginal-greedy-prefix,1495,1495,156.01319679994335843,18374,146251.45070851084892638,164625.45070851084892638,0.68706652689485492,11651
marginal-greedy-prefix,1496,1496,156.16058524374238914,18378,146330.19754995821858756,164708.19754995821858756,0.68741187194764042,11647
marginal-greedy-prefix,1497,1497,156.31127869021193533,18385,146407.68580762730562128,164792.68580762730562128,0.68776448482438735,11640
marginal-greedy-prefix,1498,1498,156.44177834111738434,18392,146473.76954809902235866,164865.76954809902235866,0.68806950079562557,11633
marginal-greedy-prefix,1499,1499,156.56509151964667126,18397,146537.80896782421041280,164934.80896782421041280,0.68835763773997583,11628
marginal-greedy-prefix,1500,1500,156.69222065520798992,18407,146598.97469561759498902,165005.97469561759498902,0.68865464885957184,11618
marginal-greedy-prefix,1501,1501,156.83466996585528364,18422,146663.65996745694428682,165085.65996745694428682,0.68898721641052896,11603
marginal-greedy-prefix,1502,1502,156.97181757355019727,18431,146731.18329017030191608,165162.18329017030191608,0.68930658752439278,11594
marginal-greedy-prefix,1503,1503,157.08046195564921277,18438,146784.74611220281803980,165222.74611220281803980,0.68955934727456358,11587
marginal-greedy-prefix,1504,1504,157.18358373667479100,18448,146832.21791648629005067,165280.21791648629005067,0.68979920662069438,11577
marginal-greedy-prefix,1505,1505,157.29232545943378341,18454,146886.78735882227192633,165340.78735882227192633,0.69005199400079043,11571
marginal-greedy-prefix,1506,1506,157.39442060075975860,18468,146929.63014204788487405,165397.63014204788487405,0.69028922811909821,11557
marginal-greedy-prefix,1507,1507,157.55824009593465007,18475,147013.82096353292581625,165488.82096353292581625,0.69066981423584239,11550
marginal-greedy-prefix,1508,1508,157.75288637106203282,18485,147112.02172980032628402,165597.02172980032628402,0.69112139158531516,11540
marginal-greedy-prefix,1509,1509,157.88684581334791801,18494,147177.42871254991041496,165671.42871254991041496,0.69143193012595072,11531
marginal-greedy-prefix,1510,1510,157.99937471164159319,18509,147224.91705133675714023,165733.91705133675714023,0.69169272604612542,11516
marginal-greedy-prefix,1511,1511,158.09151332910255405,18512,147273.04814468414406292,165785.04814468414406292,0.69190612235010718,11513
marginal-greedy-prefix,1512,1512,158.23712324194329426,18522,147343.79924365720944479,165865.79924365720944479,0.69224313814490435,11503
marginal-greedy-prefix,1513,1513,158.35745162616882453,18535,147397.51852524655987509,165932.51852524655987509,0.69252159196162111,11490
marginal-greedy-prefix,1514,1514,158.49330276575381049,18540,147467.73873242101399228,166007.73873242101399228,0.69283552450530284,11485
marginal-greedy-prefix,1515,1515,158.60185853522264665,18551,147516.82850183715345338,166067.82850183715345338,0.69308630996403342,11474
marginal-greedy-prefix,1516,1516,158.72914668786555126,18559,147579.13670545635977760,166138.13670545635977760,0.69337974219498533,11466
marginal-greedy-prefix,1517,1517,158.87237325441245162,18564,147653.21496588113950565,166217.21496588113950565,0.69370977637566100,11461
marginal-greedy-prefix,1518,1518,158.98096191531706722,18578,147699.16570406177197583,166277.16570406177197583,0.69395998158566508,11447
marginal-greedy-prefix,1519,1519,159.13732078113650914,18596,147767.47241952503100038,166363.47241952503100038,0.69432018382040972,11429
marginal-greedy-prefix,1520,1520,159.30150359163042140,18603,147850.88554646796546876,166453.88554646796546876,0.69469752421855002,11422
marginal-greedy-prefix,1521,1521,159.45225177853387777,18610,147926.86977288225898519,166536.86977288225898519,0.69504386000067941,11415
marginal-greedy-prefix,1522,1522,159.57798350152432931,18620,147986.01284703935380094,166606.01284703935380094,0.69533242954819163,11405
marginal-greedy-prefix,1523,1523,159.67670879163088671,18635,148025.29253891840926372,166660.29253891840926372,0.69555896657038208,11390
marginal-greedy-prefix,1524,1524,159.82052913190995014,18652,148087.34992462926311418,166739.34992462926311418,0.69588891363015903,11373
marginal-greedy-prefix,1525,1525,159.90473368837808721,18666,148119.61850058441632427,166785.61850058441632427,0.69608201615257626,11359
marginal-greedy-prefix,1526,1526,160.02540655510898659,18678,148173.81069977465085685,166851.81069977465085685,0.69635827018382990,11347
marginal-greedy-prefix,1527,1527,160.11685878434934693,18688,148213.96325002022786066,166901.96325002022786066,0.69656758252504958,11337
marginal-greedy-prefix,1528,1528,160.21634356601722970,18696,148260.50734212584211491,166956.50734212584211491,0.69679522302513230,11329
marginal-greedy-prefix,1529,1529,160.30384804853545688,18708,148296.46299816473037936,167004.46299816473037936,0.69699536659891026,11317
marginal-greedy-prefix,1530,1530,160.40551486532518766,18721,148339.12076562584843487,167060.12076562584843487,0.69722765503802864,11304
marginal-greedy-prefix,1531,1531,160.50437670071022467,18736,148378.24031287390971556,167114.24031287390971556,0.69745352369445335,11289
marginal-greedy-prefix,1532,1532,160.62215016535955669,18752,148426.60083573701558635,167178.60083573701558635,0.69772213319998466,11273
marginal-greedy-prefix,1533,1533,160.70829809693847778,18764,148461.67737090570153669,167225.67737090570153669,0.69791860775101788,11261
marginal-greedy-prefix,1534,1534,160.82313779203946069,18770,148518.42864719126373529,167288.42864719126373529,0.69818050104437068,11255
marginal-greedy-prefix,1535,1535,160.92821510307794597,18775,148570.80347445770166814,167345.80347445770166814,0.69841995565561998,11250
marginal-greedy-prefix,1536,1536,161.09884490136286672,18783,148655.78009044486680068,167438.78009044486680068,0.69880799480967426,11242
marginal-greedy-prefix,1537,1537,161.20845280961518142,18789,148709.47840204453677870,167498.47840204453677870,0.69905714651395656,11236
marginal-greedy-prefix,1538,1538,161.31349969814397127,18797,148758.65348656693822704,167555.65348656693822704,0.69929576749618416,11228
marginal-greedy-prefix,1539,1539,161.43380129923161803,18810,148811.11178353559807874,167621.11178353559807874,0.69956895857667112,11215
marginal-greedy-prefix,1540,1540,161.53290609975982761,18824,148851.03064502732013352,167675.03064502732013352,0.69979398966839967,11201
marginal-greedy-prefix,1541,1541,161.66499688448348593,18833,148913.87480685539776459,167746.87480685539776459,0.70009383224154043,11192
marginal-greedy-prefix,1542,1542,161.77741631162732006,18843,148964.93235989171080291,167807.93235989171080291,0.70034865675819202,11182
marginal-greedy-prefix,1543,1543,161.88777929344314543,18852,149015.85858309781178832,167867.85858309781178832,0.70059875965462115,11173
marginal-greedy-prefix,1544,1544,162.02130591741931198,18869,149071.15283050283323973,167940.15283050283323973,0.70090048066595489,11156
marginal-greedy-prefix,1545,1545,162.17720817222539154,18873,149151.56036238683736883,168024.56036238683736883,0.70125275663255493,11152
marginal-greedy-prefix,1546,1546,162.32792843988832487,18880,149226.14116839269991033,168106.14116839269991033,0.70159323522078354,11145
marginal-greedy-prefix,1547,1547,162.44035975279797412,18892,149274.89886556132114492,168166.89886556132114492,0.70184680828494894,11133
marginal-greedy-prefix,1548,1548,162.55341324332184172,18897,149330.98124458975507878,168227.98124458975507878,0.70210173641321183,11128
marginal-greedy-prefix,1549,1549,162.65236602957944001,18909,149372.36429023559321649,168281.36429023559321649,0.70232453127031991,11116
marginal-greedy-prefix,1550,1550,162.77410038379431967,18917,149429.98474143509520218,168346.98474143509520218,0.70259839910366451,11108
marginal-greedy-prefix,1551,1551,162.89180012276679577,18926,149484.38267657245160080,168410.38267657245160080,0.70286299123640983,11099
marginal-greedy-prefix,1552,1552,163.03190842653523873,18934,149551.80613825205364265,168485.80613825205364265,0.70317777206549525,11091
marginal-greedy-prefix,1553,1553,163.16134510705882121,18937,149618.41516866878373548,168555.41516866878373548,0.70346828628770763,11088
marginal-greedy-prefix,1554,1554,163.27249110638015850,18947,149668.12638323081773706,168615.12638323081773706,0.70371749184267640,11078
marginal-greedy-prefix,1555,1555,163.35443374312916376,18956,149703.14048543403623626,168659.14048543403623626,0.70390118528864731,11069
marginal-greedy-prefix,1556,1556,163.49359869663720701,18961,149772.87636683118762448,168733.87636683118762448,0.70421309649220043,11064
marginal-greedy-prefix,1557,1557,163.63876734294126436,18969,149842.77934833525796421,168811.77934833525796421,0.70453822563053481,11056
marginal-greedy-prefix,1558,1558,163.73554236404712015,18978,149885.69609493765165098,168863.69609493765165098,0.70475490086891546,11047
marginal-greedy-prefix,1559,1559,163.90448328887364937,18984,149970.25983023675507866,168954.25983023675507866,0.70513286983305057,11041
marginal-greedy-prefix,1560,1560,164.05143979931770559,18992,150040.78346763469744474,169032.78346763469744474,0.70546058928708377,11033
marginal-greedy-prefix,1561,1561,164.19429456802382106,19000,150109.08862239384325221,169109.08862239384325221,0.70577904987406415,11025
marginal-greedy-prefix,1562,1562,164.29563405909235030,19007,150156.17350561232888140,169163.17350561232888140,0.70600477385969640,11018
marginal-greedy-prefix,1563,1563,164.40727143383583098,19022,150200.68701497639995068,169222.68701497639995068,0.70625315428936941,11003
marginal-greedy-prefix,1564,1564,164.51052839901785774,19036,150241.71657468404737301,169277.71657468404737301,0.70648282089500158,10989
marginal-greedy-prefix,1565,1565,164.63805156481197400,19049,150296.64353891246719286,169345.64353891246719286,0.70676631499141307,10976
marginal-greedy-prefix,1566,1566,164.74157321096910778,19063,150337.74969991957186721,169400.74969991957186721,0.70699630129359603,10962
marginal-greedy-prefix,1567,1567,164.89970417299136329,19076,150408.78983573091682047,169484.78983573091682047,0.70734704392775838,10949
marginal-greedy-prefix,1568,1568,165.00285359695101306,19085,150454.58631597575731575,169539.58631597575731575,0.70757573777312588,10940
marginal-greedy-prefix,1569,1569,165.15192450388479983,19090,150528.72635842821910046,169618.72635842821910046,0.70790602980192285,10935
marginal-greedy-prefix,1570,1570,165.27649817945135169,19096,150588.83968105210806243,169684.83968105210806243,0.70818195464076872,10929
marginal-greedy-prefix,1571,1571,165.34610502548770228,19107,150614.77886834679520689,169721.77886834679520689,0.70833612083446262,10918
marginal-greedy-prefix,1572,1572,165.53043348606206564,19116,150703.45616889355005696,169819.45616889355005696,0.70874377835858360,10909
marginal-greedy-prefix,1573,1573,165.63209192996157526,19122,150751.26619028780260123,169873.26619028780260123,0.70896835520470525,10903
marginal-greedy-prefix,1574,1574,165.79092556820299365,19137,150820.32701463095145300,169957.32701463095145300,0.70931918418273265,10888
marginal-greedy-prefix,1575,1575,165.93724539182798594,19156,150878.66672214717254974,170034.66672214717254974,0.70964196248952272,10869
marginal-greedy-prefix,1576,1576,166.07989035245765308,19168,150942.03461743285879493,170110.03461743285879493,0.70995651141151772,10857
marginal-greedy-prefix,1577,1577,166.25749080653562828,19176,151027.74852622451726347,170203.74852622451726347,0.71034762766698201,10849
marginal-greedy-prefix,1578,1578,166.38697927075753569,19191,151080.88989350700285286,170271.88989350700285286,0.71063201657741570,10834
marginal-greedy-prefix,1579,1579,166.53422846656175693,19198,151151.36447139806114137,170349.36447139806114137,0.71095535776752428,10827
marginal-greedy-prefix,1580,1580,166.68486855605769392,19205,151223.59578315171529539,170428.59578315171529539,0.71128603070997409,10820
marginal-greedy-prefix,1581,1581,166.77935904034711712,19218,151260.23806026592501439,170478.23806026592501439,0.71149321341943494,10807
marginal-greedy-prefix,1582,1582,166.86732634252987850,19226,151298.42628687081742100,170524.42628687081742100,0.71168598060276100,10799
marginal-greedy-prefix,1583,1583,166.94838205563695510,19231,151335.94863686041207984,170566.94863686041207984,0.71186344820085723,10794
marginal-greedy-prefix,1584,1584,167.09078730818521308,19234,151407.63774149550590664,170641.63774149550590664,0.71217516418096649,10791
marginal-greedy-prefix,1585,1585,167.22001635939591324,19242,151467.36991866811877117,170709.36991866811877117,0.71245784533098744,10783
marginal-greedy-prefix,1586,1586,167.35142605871041610,19250,151528.11815843428485096,170778.11815843428485096,0.71274476703187262,10775
marginal-greedy-prefix,1587,1587,167.43962636176598835,19259,151565.20213321596384048,170824.20213321596384048,0.71293709911881598,10766
marginal-greedy-prefix,1588,1588,167.62081863193708386,19267,151651.78369842763640918,170918.78369842763640918,0.71333183654998833,10758
marginal-greedy-prefix,1589,1589,167.76220879736661118,19275,151717.52409436623565853,170992.52409436623565853,0.71363959308162628,10750
marginal-greedy-prefix,1590,1590,167.84732366630677802,19282,151754.80876252433517948,171036.80876252433517948,0.71382441573823940,10743
marginal-greedy-prefix,1591,1591,167.91902152949410265,19293,151781.00691748410463333,171074.00691748410463333,0.71397966273695745,10732
marginal-greedy-prefix,1592,1592,168.07528545399176778,19301,151853.95445073998416774,171154.95445073998416774,0.71431749835286895,10724
marginal-greedy-prefix,1593,1593,168.24232355073831968,19312,151929.40765659068711102,171241.40765659068711102,0.71467831196721066,10713
marginal-greedy-prefix,1594,1594,168.42805151904514105,19322,152015.38856985117308795,171337.38856985117308795,0.71507888959623622,10703
marginal-greedy-prefix,1595,1595,168.55784599483484953,19325,152079.44891628774348646,171404.44891628774348646,0.71535876685166810,10700
marginal-greedy-prefix,1596,1596,168.68499075349123473,19334,152136.11950315415742807,171470.11950315415742807,0.71563284392689108,10691
marginal-greedy-prefix,1597,1597,168.81322410350270502,19337,152199.33216649849782698,171536.33216649849782698,0.71590918336556641,10688
marginal-greedy-prefix,1598,1598,168.99440066493983181,19350,152279.70681963799870573,171629.70681963799870573,0.71629888373301542,10675
marginal-greedy-prefix,1599,1599,169.14738353873408983,19354,152354.53113215765915811,171708.53113215765915811,0.71662785805870244,10671
marginal-greedy-prefix,1600,1600,169.27392990369679637,19361,152412.72752581027452834,171773.72752581027452834,0.71689995608218660,10664
marginal-greedy-prefix,1601,1601,169.42143710425884251,19370,152479.54240060367737897,171849.54240060367737897,0.71721637047915310,10655
marginal-greedy-prefix,1602,1602,169.55154832548205945,19376,152540.33597514103166759,171916.33597514103166759,0.71749513435848500,10649
marginal-greedy-prefix,1603,1603,169.69022977220572557,19385,152602.52016886288765818,171987.52016886288765818,0.71779222254588138,10640
marginal-greedy-prefix,1604,1604,169.80450973386740543,19392,152654.13159174524480477,172046.13159174524480477,0.71803683810552188,10633
marginal-greedy-prefix,1605,1605,169.95051397998696530,19396,152724.77076183358440176,172120.77076183358440176,0.71834834568313033,10629
marginal-greedy-prefix,1606,1606,170.07383656991666498,19402,152781.80222539766691625,172183.80222539766691625,0.71861140834184867,10623
marginal-greedy-prefix,1607,1607,170.21621576675281062,19415,152841.57192034891340882,172256.57192034891340882,0.71891511363989447,10610
marginal-greedy-prefix,1608,1608,170.32800351893112634,19422,152891.69582176118274219,172313.69582176118274219,0.71915352100872532,10603
marginal-greedy-prefix,1609,1609,170.46683928224175020,19434,152950.54489121568622068,172384.54489121568622068,0.71944921055049627,10591
marginal-greedy-prefix,1610,1610,170.56496647119305976,19444,152990.53225159016437829,172434.53225159016437829,0.71965783346957302,10581
marginal-greedy-prefix,1611,1611,170.73637811688010402,19453,153068.83470548194600269,172521.83470548194600269,0.72002219143200641,10572
marginal-greedy-prefix,1612,1612,170.92437221351687526,19459,153158.48813628411153331,172617.48813628411153331,0.72042140230859908,10566
marginal-greedy-prefix,1613,1613,171.02825915469654205,19470,153200.32786594177014194,172670.32786594177014194,0.72064192962914220,10555
marginal-greedy-prefix,1614,1614,171.12543764472954422,19478,153241.73154983919812366,172719.73154983919812366,0.72084811656661230,10547
marginal-greedy-prefix,1615,1615,171.25722444399156075,19492,153294.61596793174976483,172786.61596793174976483,0.72112725958274049,10533
marginal-greedy-prefix,1616,1616,171.35792271194148384,19499,153338.70919248965219595,172837.70919248965219595,0.72134049784082133,10526
marginal-greedy-prefix,1617,1617,171.48337075544728236,19505,153396.33194758874014951,172901.33194758874014951,0.72160602826269282,10520
marginal-greedy-prefix,1618,1618,171.59550589767061979,19516,153442.19700095732696354,172958.19700095732696354,0.72184335532574107,10509
marginal-greedy-prefix,1619,1619,171.73114621413174063,19527,153499.92408454173710197,173026.92408454173710197,0.72213018873101786,10498
marginal-greedy-prefix,1620,1620,171.86573177435604975,19533,153562.09867590726935305,173095.09867590726935305,0.72241471630260778,10492
marginal-greedy-prefix,1621,1621,171.98882108071668995,19541,153616.44206977132125758,173157.44206977132125758,0.72267490729320294,10484
marginal-greedy-prefix,1622,1622,172.10185842859928584,19547,153667.64807299760286696,173214.64807299760286696,0.72291365731505586,10478
marginal-greedy-prefix,1623,1623,172.24798311063983647,19555,153733.54824030117015354,173288.54824030117015354,0.72322208065462879,10470
marginal-greedy-prefix,1624,1624,172.40116437708701369,19561,153804.97112721070880070,173365.97112721070880070,0.72354520611173256,10464
marginal-greedy-prefix,1625,1625,172.54050024852071488,19572,153864.37401873565977439,173436.37401873565977439,0.72383903352392931,10453
marginal-greedy-prefix,1626,1626,172.68702903292339101,19580,153930.32193205258226953,173510.32193205258226953,0.72414765613212950,10445
marginal-greedy-prefix,1627,1627,172.81571067083129378,19592,153983.15924123724107631,173575.15924123724107631,0.72441825551176964,10433
marginal-greedy-prefix,1628,1628,172.92650026951545783,19602,154028.95308013947214931,173630.95308013947214931,0.72465111184687281,10423
marginal-greedy-prefix,1629,1629,173.01797828504089694,19613,154064.01892223383765668,173677.01892223383765668,0.72484336825680240,10412
marginal-greedy-prefix,1630,1630,173.18041441424495019,19621,154137.75924051899346523,173758.75924051899346523,0.72518451257166838,10404
marginal-greedy-prefix,1631,1631,173.30280356117432916,19630,154190.28975931601598859,173820.28975931601598859,0.72544131101726694,10395
marginal-greedy-prefix,1632,1632,173.41152381525193960,19637,154237.91992362902965397,173874.91992362902965397,0.72566931074086194,10388
marginal-greedy-prefix,1633,1633,173.54906937290903102,19646,154297.89919819997157902,173943.89919819997157902,0.72595719666860403,10379
marginal-greedy-prefix,1634,1634,173.71344327113681061,19652,154374.29754210083046928,174026.29754210083046928,0.72630108726220421,10373
marginal-greedy-prefix,1635,1635,173.83527657514710540,19655,154432.34570710704429075,174087.34570710704429075,0.72655587259778631,10370
marginal-greedy-prefix,1636,1636,173.96059996881453458,19664,154486.12673677166458219,174150.12673677166458219,0.72681789006726583,10361
marginal-greedy-prefix,1637,1637,174.05654280847642212,19668,154530.06444845488294959,174198.06444845488294959,0.72701795875003461,10357
marginal-greedy-prefix,1638,1638,174.14295895486409904,19673,154568.22735958389239386,174241.22735958389239386,0.72719809973863903,10352
marginal-greedy-prefix,1639,1639,174.27954430843959699,19680,154629.44636148985591717,174309.44636148985591717,0.72748281265821524,10345
marginal-greedy-prefix,1640,1640,174.40830602999344023,19693,154680.75563868510653265,174373.75563868510653265,0.72775120828926432,10332
marginal-greedy-prefix,1641,1641,174.53547890252983166,19697,154740.21166255310527049,174437.21166255310527049,0.72801604285610622,10328
marginal-greedy-prefix,1642,1642,174.65618567943934636,19704,154793.35937647512764670,174497.35937647512764670,0.72826707014700942,10321
marginal-greedy-prefix,1643,1643,174.79319390568861081,19712,154853.56190348221571185,174565.56190348221571185,0.72855171430837418,10313
marginal-greedy-prefix,1644,1644,174.94397638853658350,19718,154922.56309867900563404,174640.56309867900563404,0.72886473280262909,10307
marginal-greedy-prefix,1645,1645,175.02623501049393440,19729,154952.46945717095513828,174681.46945717095513828,0.72903545603853226,10296
marginal-greedy-prefix,1646,1646,175.13856421848123546,19735,155002.21977048239205033,174737.21977048239205033,0.72926813071899843,10290
marginal-greedy-prefix,1647,1647,175.27525619538155865,19745,155059.93137215528986417,174804.93137215528986417,0.72955072599689530,10280
marginal-greedy-prefix,1648,1648,175.35531918778633553,19762,155082.58819584318553098,174844.58819584318553098,0.72971623428253196,10263
marginal-greedy-prefix,1649,1649,175.47600803136529635,19772,155132.30453992541879416,174904.30453992541879416,0.72996546124562223,10253
marginal-greedy-prefix,1650,1650,175.63525457399822471,19777,155206.06997874754597433,174983.06997874754597433,0.73029418986114281,10248
marginal-greedy-prefix,1651,1651,175.78582643622709725,19785,155272.53273974059266038,175057.53273974059266038,0.73060496119302565,10240
marginal-greedy-prefix,1652,1652,175.92429568696019260,19799,155326.98260686427238397,175125.98260686427238397,0.73089063763168494,10226
marginal-greedy-prefix,1653,1653,176.05672831830085556,19804,155387.33489745823317207,175191.33489745823317207,0.73116338629314503,10221
marginal-greedy-prefix,1654,1654,176.19524923592612708,19817,155442.59450917565845884,175259.59450917565845884,0.73144826869831414,10208
marginal-greedy-prefix,1655,1655,176.34314207263895469,19831,155501.46464758896036074,175332.46464758896036074,0.73175239319849616,10194
marginal-greedy-prefix,1656,1656,176.43507653164439830,19833,155544.74920195131562650,175377.74920195131562650,0.73194138889359572,10192
marginal-greedy-prefix,1657,1657,176.61227012650718393,19840,155624.98812599517987110,175464.98812599517987110,0.73230548171335652,10185
marginal-greedy-prefix,1658,1658,176.76096360034887311,19850,155688.19349439084180631,175538.19349439084180631,0.73261100530036694,10175
marginal-greedy-prefix,1659,1659,176.88461213902067470,19860,155738.98984441359061748,175598.98984441359061748,0.73286473968273758,10165
marginal-greedy-prefix,1660,1660,177.03996416743436271,19874,155801.34717961665592156,175675.34717961665592156,0.73318341804550058,10151
marginal-greedy-prefix,1661,1661,177.13573471553510785,19878,155844.40063598606502637,175722.40063598606502637,0.73337979627685546,10147
marginal-greedy-prefix,1662,1662,177.27671894291540866,19891,155900.66419523674994707,175791.66419523674994707,0.73366886867052195,10134
marginal-greedy-prefix,1663,1663,177.38212848002311262,19904,155939.30820009371382184,175843.30820009371382184,0.73388440561756940,10121
marginal-greedy-prefix,1664,1664,177.49464719844829119,19912,155986.33531773387221619,175898.33531773387221619,0.73411406203120011,10113
marginal-greedy-prefix,1665,1665,177.61904810584906045,19920,156039.17078252125065774,175959.17078252125065774,0.73436795965956558,10105
marginal-greedy-prefix,1666,1666,177.75904017431244597,19925,156102.61138661150471307,176027.61138661150471307,0.73465359743883063,10100
marginal-greedy-prefix,1667,1667,177.88778699254024218,19937,156153.54038844557362609,176090.54038844557362609,0.73491623247214422,10088
marginal-greedy-prefix,1668,1668,177.99495023946769834,19950,156192.82221511457464658,176142.82221511457464658,0.73513443137708023,10075
marginal-greedy-prefix,1669,1669,178.12924203711847326,19960,156248.26747083829832263,176208.26747083829832263,0.73540756802975649,10065
marginal-greedy-prefix,1670,1670,178.22744327828175415,19968,156288.10707896927488036,176256.10707896927488036,0.73560722727603400,10057
marginal-greedy-prefix,1671,1671,178.34776419093131494,19980,156334.66326496464898810,176314.66326496464898810,0.73585161230378582,10045
marginal-greedy-prefix,1672,1672,178.46789793648332534,19984,156389.07819845265476033,176373.07819845265476033,0.73609540781230320,10041
marginal-greedy-prefix,1673,1673,178.56701209627408389,19998,156423.27191139422939159,176421.27191139422939159,0.73629654491975793,10027
marginal-greedy-prefix,1674,1674,178.68346558569461990,20012,156465.86629249743418768,176477.86629249743418768,0.73653274232847565,10013
marginal-greedy-prefix,1675,1675,178.80534895199059520,20023,156514.09728746229666285,176537.09728746229666285,0.73677994368051380,10002
marginal-greedy-prefix,1676,1676,178.90858884258250328,20031,156556.17433800795697607,176587.17433800795697607,0.73698894092272316,9994
marginal-greedy-prefix,1677,1677,178.98867974668172565,20035,156591.01755058299750090,176626.01755058299750090,0.73715105359146615,9990
marginal-greedy-prefix,1678,1678,179.10790299299100070,20047,156636.81213331359322183,176683.81213331359322183,0.73739226005777592,9978
marginal-greedy-prefix,1679,1679,179.26467316465914337,20060,156699.76615964647498913,176759.76615964647498913,0.73770925520555908,9965
marginal-greedy-prefix,1680,1680,179.37557889375213449,20069,156744.44341324403649196,176813.44341324403649196,0.73793327794350028,9956
marginal-greedy-prefix,1681,1681,179.49381607400505345,20074,156796.57082918204832822,176870.57082918204832822,0.73817169998025145,9951
marginal-greedy-prefix,1682,1682,179.63018949191038587,20079,156857.41445285241934471,176936.41445285241934471,0.73844649922689698,9946
marginal-greedy-prefix,1683,1683,179.70846485456013397,20091,156883.20430386014049873,176974.20430386014049873,0.73860421567700851,9934
marginal-greedy-prefix,1684,1684,179.80040268954809335,20099,156919.58758020287496038,177018.58758020287496038,0.73878944987620287,9926
marginal-greedy-prefix,1685,1685,179.97416167924467345,20109,156993.35930954094510525,177102.35930954094510525,0.73913907231234854,9916
marginal-greedy-prefix,1686,1686,180.04969992025056058,20121,157017.70530415509711020,177138.70530415509711020,0.73929076280843287,9904
marginal-greedy-prefix,1687,1687,180.18720445415098652,20131,157073.77539867450832389,177204.77539867450832389,0.73956650723420481,9894
marginal-greedy-prefix,1688,1688,180.29963076432969160,20139,157119.77182949151028879,177258.77182949151028879,0.73979186206255299,9886
marginal-greedy-prefix,1689,1689,180.37181334957224976,20147,157146.40744775632629171,177293.40744775632629171,0.73993641427999968,9878
marginal-greedy-prefix,1690,1690,180.52166903060899017,20148,157217.31022239386220463,177365.31022239386220463,0.74023650147448683,9877
marginal-greedy-prefix,1691,1691,180.63193643629230678,20156,157262.16740691635641269,177418.16740691635641269,0.74045710164314249,9869
marginal-greedy-prefix,1692,1692,180.76306072553916238,20171,157309.96320754173211753,177480.96320754173211753,0.74071918075942478,9854
marginal-greedy-prefix,1693,1693,180.84994517623985644,20178,157344.53442640305729583,177522.53442640305729583,0.74089267879899834,9847
marginal-greedy-prefix,1694,1694,180.99434399279152785,20188,157403.48749202117323875,177591.48749202117323875,0.74118045534332422,9837
marginal-greedy-prefix,1695,1695,181.15082896891053110,20200,157466.17395059435511939,177666.17395059435511939,0.74149216028005860,9825
marginal-greedy-prefix,1696,1696,181.32109303373184162,20213,157534.35984932183055207,177747.35984932183055207,0.74183099071746339,9812
marginal-greedy-prefix,1697,1697,181.46452604010329424,20223,157592.71002623418462463,177815.71002623418462463,0.74211625109768831,9802
marginal-greedy-prefix,1698,1698,181.58088831833126164,20233,157638.09211292694089934,177871.09211292694089934,0.74234738897942176,9792
marginal-greedy-prefix,1699,1699,181.77918106799955922,20238,157727.45857959860586561,177965.45857959860586561,0.74274122869395198,9787
marginal-greedy-prefix,1700,1700,181.89781736761463549,20250,157771.90689673027372919,178021.90689673027372919,0.74297681650272518,9775
marginal-greedy-prefix,1701,1701,182.04275435316907306,20258,157832.77830074579105712,178090.77830074579105712,0.74326425223125714,9767
marginal-greedy-prefix,1702,1702,182.21992662211312108,20265,157909.88899452841724269,178174.88899452841724269,0.74361528934005916,9760
marginal-greedy-prefix,1703,1703,182.35158396466229647,20272,157965.32630979831446894,178237.32630979831446894,0.74387587231290153,9753
marginal-greedy-prefix,1704,1704,182.48016402701452421,20280,158018.22729732599691488,178298.22729732599691488,0.74413004340130262,9745
marginal-greedy-prefix,1705,1705,182.57366445125288124,20288,158054.50443929896573536,178342.50443929896573536,0.74431483464728110,9737
marginal-greedy-prefix,1706,1706,182.69288804648630276,20292,158106.88717300799908116,178398.88717300799908116,0.74455014874276015,9733
marginal-greedy-prefix,1707,1707,182.82764900943632824,20300,158162.54892404947895557,178462.54892404947895557,0.74481584191472039,9725
marginal-greedy-prefix,1708,1708,182.96180084259907517,20305,158220.91638424911070615,178525.91638424911070615,0.74508030685990434,9720
marginal-greedy-prefix,1709,1709,183.09459835047871934,20310,158278.56411235165433027,178588.56411235165433027,0.74534176799352625,9715
marginal-greedy-prefix,1710,1710,183.24484380244064141,20324,158335.38572572407429107,178659.38572572407429107,0.74563734294697026,9701
marginal-greedy-prefix,1711,1711,183.31718463006816933,20335,158358.43911048118025064,178693.43911048118025064,0.74577946520506211,9690
marginal-greedy-prefix,1712,1712,183.48365035474515139,20344,158427.77843050839146599,178771.77843050839146599,0.74610641540807598,9681
marginal-greedy-prefix,1713,1713,183.65315502214193089,20351,158500.51774650477454998,178851.51774650477454998,0.74643920851304746,9674
marginal-greedy-prefix,1714,1714,183.74678250862680784,20363,158532.54208594694500789,178895.54208594694500789,0.74662294468427248,9662
marginal-greedy-prefix,1715,1715,183.84986134468155683,20374,158569.99748891047784127,178943.99748891047784127,0.74682517395854420,9651
marginal-greedy-prefix,1716,1716,184.01203822128547927,20379,158641.19979030539980158,179020.19979030539980158,0.74714320528562927,9646
marginal-greedy-prefix,1717,1717,184.10967813519803826,20390,158676.05859438309562393,179066.05859438309562393,0.74733459761961907,9635
marginal-greedy-prefix,1718,1718,184.25993074176471964,20396,158740.40552321798168123,179136.40552321798168123,0.74762819147077808,9629
marginal-greedy-prefix,1719,1719,184.39066381698492592,20403,158794.59073139965767041,179197.59073139965767041,0.74788354875789131,9622
marginal-greedy-prefix,1720,1720,184.53723550854863333,20408,158858.12287192686926574,179266.12287192686926574,0.74816956856570382,9617
marginal-greedy-prefix,1721,1721,184.69701787697880491,20419,158921.79848164666327648,179340.79848164666327648,0.74848122822460306,9606
marginal-greedy-prefix,1722,1722,184.87253153932911687,20429,158993.72658934738137759,179422.72658934738137759,0.74882315628111396,9596
marginal-greedy-prefix,1723,1723,184.94974243403802916,20439,159019.76350475117214955,179458.76350475117214955,0.74897355683096778,9586
marginal-greedy-prefix,1724,1724,185.08061568906578032,20446,159073.76310337230097502,179519.76310337230097502,0.74922813947409017,9579
marginal-greedy-prefix,1725,1725,185.16757462391589684,20461,159099.28006614360492676,179560.28006614360492676,0.74939723756172971,9564
marginal-greedy-prefix,1726,1726,185.29097309228916401,20468,159149.72279640214401297,179617.72279640214401297,0.74963697556702746,9557
marginal-greedy-prefix,1727,1727,185.42285326077467289,20474,159204.96715985378250480,179678.96715985378250480,0.74989257973945345,9551
marginal-greedy-prefix,1728,1728,185.60483904900544871,20484,159279.46404147209250368,179763.46404147209250368,0.75024522860836818,9541
marginal-greedy-prefix,1729,1729,185.73796816354462180,20490,159335.17989709606627002,179825.17989709606627002,0.75050280055970020,9535
marginal-greedy-prefix,1730,1730,185.85243028748513439,20500,159378.22259551301249303,179878.22259551301249303,0.75072417497308297,9525
marginal-greedy-prefix,1731,1731,185.96262054938779329,20509,159420.26981239859014750,179929.26981239859014750,0.75093722121752615,9516
marginal-greedy-prefix,1732,1732,186.10434391809533849,20522,159472.86506047507282346,179994.86506047507282346,0.75121098386529872,9503
marginal-greedy-prefix,1733,1733,186.20693401549476675,20534,159508.32131886357092299,180042.32131886357092299,0.75140904319628365,9491
marginal-greedy-prefix,1734,1734,186.37785237069905975,20544,159577.32062962491181679,180121.32062962491181679,0.75173874787947981,9481
marginal-greedy-prefix,1735,1735,186.51064736303337099,20552,159630.59438073038472794,180182.59438073038472794,0.75199447470167335,9473
marginal-greedy-prefix,1736,1736,186.66043953391829291,20556,159695.70249384408816695,180251.70249384408816695,0.75228289833880191,9469
marginal-greedy-prefix,1737,1737,186.84954474244742073,20563,159775.80067856019013561,180338.80067856019013561,0.75264640378109038,9462
marginal-greedy-prefix,1738,1738,187.02076796037525241,20568,159849.52925051990314387,180417.52925051990314387,0.75297497853226625,9457
marginal-greedy-prefix,1739,1739,187.14798021530643268,20576,159899.98395121362409554,180475.98395121362409554,0.75321894000975020,9449
marginal-greedy-prefix,1740,1740,187.25058915791430536,20588,159935.09237589599797502,180523.09237589599797502,0.75341554765209651,9437
marginal-greedy-prefix,1741,1741,187.37023112621616860,20606,159972.01631250695209019,180578.01631250695209019,0.75364477343831782,9419
marginal-greedy-prefix,1742,1742,187.48812694878819229,20616,160016.11144909166614525,180632.11144909166614525,0.75387054021651156,9409
marginal-greedy-prefix,1743,1743,187.62924415912675613,20621,160075.82292237223009579,180696.82292237223009579,0.75414061441831803,9404
marginal-greedy-prefix,1744,1744,187.71737667495409596,20626,160111.22407510891207494,180737.22407510891207494,0.75430922917122456,9399
marginal-greedy-prefix,1745,1745,187.80592546952911448,20632,160145.81458543834742159,180777.81458543834742159,0.75447863421058459,9393
marginal-greedy-prefix,1746,1746,187.91043569877021469,20642,160183.70370979740982875,180825.70370979740982875,0.75467850011350424,9383
marginal-greedy-prefix,1747,1747,188.03381108086011864,20648,160234.17895023484015837,180882.17895023484015837,0.75491420028705514,9377
marginal-greedy-prefix,1748,1748,188.15987867549588941,20655,160284.86298516544047743,180939.86298516544047743,0.75515494538063865,9370
marginal-greedy-prefix,1749,1749,188.27552413300620060,20664,160328.74133528489619493,180992.74133528489619493,0.75537563388419715,9361
marginal-greedy-prefix,1750,1750,188.42881658240480647,20672,160390.82303352185408585,181062.82303352185408585,0.75566812079189782,9353
marginal-greedy-prefix,1751,1751,188.59713138361806273,20683,160456.67789819557219744,181139.67789819557219744,0.75598887560058070,9342
marginal-greedy-prefix,1752,1752,188.71592261963942860,20693,160500.85056512232404202,181193.85056512232404202,0.75621496595269710,9332
marginal-greedy-prefix,1753,1753,188.84999125756201011,20701,160553.98085583437932655,181254.98085583437932655,0.75647009404101417,9324
marginal-greedy-prefix,1754,1754,188.98577900215258296,20709,160607.85363855675677769,181316.85363855675677769,0.75672832092969644,9316
marginal-greedy-prefix,1755,1755,189.15453302433147087,20717,160676.59876469464506954,181393.59876469464506954,0.75704861774312804,9308
marginal-greedy-prefix,1756,1756,189.25864719452533791,20724,160716.94135878977249376,181440.94135878977249376,0.75724620269465981,9301
marginal-greedy-prefix,1757,1757,189.46643025362251933,20729,160806.37186856966582127,181535.37186856966582127,0.75764030969396123,9296
marginal-greedy-prefix,1758,1758,189.57259577000462514,20736,160847.59813739667879418,181583.59813739667879418,0.75784158267384050,9289
marginal-greedy-prefix,1759,1759,189.68746012138913670,20743,160892.75583516724873334,181635.75583516724873334,0.75805926352515374,9282
marginal-greedy-prefix,1760,1760,189.79506704197677891,20751,160933.51025739550823346,181684.51025739550823346,0.75826274076033806,9274
marginal-greedy-prefix,1761,1761,189.91995705824126617,20757,160984.06147300644079223,181741.06147300644079223,0.75849875801729483,9268
marginal-greedy-prefix,1762,1762,190.00632531137324577,20768,161012.14129614297416992,181780.14129614297416992,0.75866185818339016,9257
marginal-greedy-prefix,1763,1763,190.12249809371704146,20782,161050.69419151754118502,181832.69419151754118502,0.75888118839720509,9243
marginal-greedy-prefix,1764,1764,190.22012277107668865,20789,161087.84789061205810867,181876.84789061205810867,0.75906546445267442,9236
marginal-greedy-prefix,1765,1765,190.32066921419789196,20792,161130.30610601379885338,181922.30610601379885338,0.75925518492445132,9233
marginal-greedy-prefix,1766,1766,190.50272880940545406,20799,161205.57051964907441288,182004.57051964907441288,0.75959851655829158,9226
marginal-greedy-prefix,1767,1767,190.66962132062147361,20802,161277.78037250827765092,182079.78037250827765092,0.75991240588809961,9223
marginal-greedy-prefix,1768,1768,190.75620614963423805,20809,161309.79924330665380694,182118.79924330665380694,0.76007525166879408,9216
marginal-greedy-prefix,1769,1769,190.92173919425610507,20810,161383.37608499694033526,182193.37608499694033526,0.76038649911799716,9215
marginal-greedy-prefix,1770,1770,191.01921942479816607,20821,161416.28830774151720107,182237.28830774151720107,0.76056976736868076,9204
marginal-greedy-prefix,1771,1771,191.13113425660947087,20831,161456.67812651130952872,182287.67812651130952872,0.76078006995326908,9194
marginal-greedy-prefix,1772,1772,191.26051288453930965,20833,161512.76615997173939832,182345.76615997173939832,0.76102250114013625,9192
marginal-greedy-prefix,1773,1773,191.36186573841533232,20841,161550.23844154726248235,182391.23844154726248235,0.76121228031727817,9184
marginal-greedy-prefix,1774,1774,191.54586962863299959,20848,161625.74918138119392097,182473.74918138119392097,0.76155663999681278,9177
marginal-greedy-prefix,1775,1775,191.72001210149906569,20854,161697.82346164801856503,182551.82346164801856503,0.76188248405283143,9171
marginal-greedy-prefix,1776,1776,191.93728060073738106,20866,161783.04242553643416613,182649.04242553643416613,0.76228822870276036,9159
marginal-greedy-prefix,1777,1777,192.02515949018996366,20876,161812.35501398239284754,182688.35501398239284754,0.76245230031799704,9149
marginal-greedy-prefix,1778,1778,192.11865415910926913,20881,161849.10199969416134991,182730.10199969416134991,0.76262653192287877,9144
marginal-greedy-prefix,1779,1779,192.31069880673581451,20887,161928.85310077288886532,182815.85310077288886532,0.76298441529353622,9138
marginal-greedy-prefix,1780,1780,192.43591323022772599,20895,161976.71292445930885151,182871.71292445930885151,0.76321754701702138,9130
marginal-greedy-prefix,1781,1781,192.53641643583480914,20904,162012.50634182934300043,182916.50634182934300043,0.76340449294529511,9121
marginal-greedy-prefix,1782,1782,192.68553184103851095,20920,162062.92981121150660329,182982.92981121150660329,0.76368171218579706,9105
marginal-greedy-prefix,1783,1783,192.82205631297281911,20931,162112.68915541694150306,183043.68915541694150306,0.76393529212389277,9094
marginal-greedy-prefix,1784,1784,192.97295248521120925,20937,162173.80614369225804694,183110.80614369225804694,0.76421540577479852,9088
marginal-greedy-prefix,1785,1785,193.12094937869309774,20946,162230.58882778583210893,183176.58882778583210893,0.76448995068930270,9079
marginal-greedy-prefix,1786,1786,193.23241710047469155,20951,162275.10831550651346333,183226.10831550651346333,0.76469662093558255,9074
marginal-greedy-prefix,1787,1787,193.34002299815836068,20956,162317.80777066256268881,183273.80777066256268881,0.76489569525153922,9069
marginal-greedy-prefix,1788,1788,193.45205574438188023,20964,162359.46899227998801507,183323.46899227998801507,0.76510295702613840,9061
marginal-greedy-prefix,1789,1789,193.57279150655239164,20976,162400.94230717120808549,183376.94230717120808549,0.76532612862315297,9049
marginal-greedy-prefix,1790,1790,193.71122505851457163,20986,162452.18070343494764529,183438.18070343494764529,0.76558170789144020,9039
marginal-greedy-prefix,1791,1791,193.86122672177810955,20995,162509.49863961510709487,183504.49863961510709487,0.76585848668770795,9030
marginal-greedy-prefix,1792,1792,193.97436852105238358,21004,162550.47549687753780745,183554.47549687753780745,0.76606706577190564,9021
marginal-greedy-prefix,1793,1793,194.13393902558311765,21008,162616.81199122619000264,183624.81199122619000264,0.76636061607459649,9017
marginal-greedy-prefix,1794,1794,194.23394377653227139,21014,162654.88228858239017427,183668.88228858239017427,0.76654454405179218,9011
marginal-greedy-prefix,1795,1795,194.34249229813084980,21023,162693.68159466653014533,183716.68159466653014533,0.76674403509693656,9002
marginal-greedy-prefix,1796,1796,194.43716366212782987,21037,162721.28250195499276742,183758.28250195499276742,0.76691765704155901,8988
marginal-greedy-prefix,1797,1797,194.53204579014112596,21044,162755.97383479968993925,183799.97383479968993925,0.76709165637845345,8981
marginal-greedy-prefix,1798,1798,194.71298422738428258,21054,162825.44573636385030113,183879.44573636385030113,0.76742333342570479,8971
marginal-greedy-prefix,1799,1799,194.84301670679477070,21057,162879.53659420853364281,183936.53659420853364281,0.76766160288676311,8968
marginal-greedy-prefix,1800,1800,194.92701424973827784,21063,162910.35644407998188399,183973.35644407998188399,0.76781527102412028,8962
marginal-greedy-prefix,1801,1801,195.03020615845971975,21073,162945.56646255278610624,184018.56646255278610624,0.76800395564268487,8952
marginal-greedy-prefix,1802,1802,195.12648544178185261,21083,162977.69580657454207540,184060.69580657454207540,0.76817978302510237,8942
marginal-greedy-prefix,1803,1803,195.24474673036971240,21091,163021.40937340367236175,184112.40937340367236175,0.76839561028997383,8934
marginal-greedy-prefix,1804,1804,195.35869224461748672,21098,163064.19884141726652160,184162.19884141726652160,0.76860340730262777,8927
marginal-greedy-prefix,1805,1805,195.46611579870739206,21109,163100.11556857699179091,184209.11556857699179091,0.76879921489279179,8916
marginal-greedy-prefix,1806,1806,195.59304662680028741,21114,163150.51246011711191386,184264.51246011711191386,0.76903041456275434,8911
marginal-greedy-prefix,1807,1807,195.72786428736503694,21122,163201.27206317990203388,184323.27206317990203388,0.76927564855436570,8903
marginal-greedy-prefix,1808,1808,195.82400718470950096,21127,163238.16828917528619058,184365.16828917528619058,0.76945050301557305,8898
marginal-greedy-prefix,1809,1809,195.96283657149399460,21134,163291.62664013582980260,184425.62664013582980260,0.76970282675432355,8891
marginal-greedy-prefix,1810,1810,196.03237550276554657,21142,163313.88486034699599259,184455.88486034699599259,0.76982910984227282,8883
marginal-greedy-prefix,1811,1811,196.16196099307876466,21153,163359.24704305708291940,184512.24704305708291940,0.77006433816788200,8872
marginal-greedy-prefix,1812,1812,196.29781848323756321,21161,163410.29302791011286899,184571.29302791011286899,0.77031076737773663,8864
marginal-greedy-prefix,1813,1813,196.41337453223843568,21163,163458.50971710530575365,184621.50971710530575365,0.77052034740372299,8862
marginal-greedy-prefix,1814,1814,196.53624784466575193,21168,163506.83798561026924290,184674.83798561026924290,0.77074291364769876,8857
marginal-greedy-prefix,1815,1815,196.69948991161959384,21177,163568.66108426300343126,184745.66108426300343126,0.77103849479998021,8848
marginal-greedy-prefix,1816,1816,196.81748509080046006,21183,163613.77581788686802611,184796.77581788686802611,0.77125182282643634,8842
marginal-greedy-prefix,1817,1817,196.96055662579487944,21191,163667.70178718483657576,184858.70178718483657576,0.77151027169000541,8834
marginal-greedy-prefix,1818,1818,197.05255694945662981,21195,163703.49533010265440680,184898.49533010265440680,0.77167635057518214,8830
marginal-greedy-prefix,1819,1819,197.25588937589895977,21197,163789.32579980045557022,184986.32579980045557022,0.77204291221866495,8828
marginal-greedy-prefix,1820,1820,197.34406073319289021,21201,163823.39103647673618980,185024.39103647673618980,0.77220177799455836,8824
marginal-greedy-prefix,1821,1821,197.42415945482983375,21208,163850.96967212785966694,185058.96967212785966694,0.77234609239430230,8817
marginal-greedy-prefix,1822,1822,197.51238988317757617,21220,163877.04096425147145055,185097.04096425147145055,0.77250498344268637,8805
marginal-greedy-prefix,1823,1823,197.63816163472623089,21230,163921.30017509582103230,185151.30017509582103230,0.77273143498700370,8795
marginal-greedy-prefix,1824,1824,197.74474921322502041,21242,163955.24336717641563155,185197.24336717641563155,0.77292317951545553,8783
marginal-greedy-prefix,1825,1825,197.85133884529733450,21251,163992.15361087740166113,185243.15361087740166113,0.77311478653340315,8774
marginal-greedy-prefix,1826,1826,197.94692659008342162,21258,164026.20495669092633761,185284.20495669092633761,0.77328611487583787,8767
marginal-greedy-prefix,1827,1827,198.09943984991951993,21270,164079.70081652340013534,185349.70081652340013534,0.77355946272544074,8755
marginal-greedy-prefix,1828,1828,198.19243628368701593,21281,164108.53562758467160165,185389.53562758467160165,0.77372571384376776,8744
marginal-greedy-prefix,1829,1829,198.29202820763339332,21286,164146.16866141866194084,185432.16866141866194084,0.77390364338237350,8739
marginal-greedy-prefix,1830,1830,198.42469452438427879,21294,164194.94306716992286965,185488.94306716992286965,0.77414059212637476,8731
marginal-greedy-prefix,1831,1831,198.54940278876563298,21300,164242.30152808557613753,185542.30152808557613753,0.77436328437878166,8725
marginal-greedy-prefix,1832,1832,198.69561767401714292,21304,164300.81505659589311108,185604.81505659589311108,0.77462418542860523,8721
marginal-greedy-prefix,1833,1833,198.82859181707084417,21308,164353.63979747076518834,185661.63979747076518834,0.77486134424692021,8717
marginal-greedy-prefix,1834,1834,198.95593585440821016,21317,164398.96603858366142958,185715.96603858366142958,0.77508807554296244,8708
marginal-greedy-prefix,1835,1835,199.09156317990237994,21323,164450.79315770399989560,185773.79315770399989560,0.77532941780033127,8702
marginal-greedy-prefix,1836,1836,199.18838221856515247,21326,164489.01352881564525887,185815.01352881564525887,0.77550145157211503,8699
marginal-greedy-prefix,1837,1837,199.33786694193076983,21329,164549.57996205054223537,185878.57996205054223537,0.77576674693393077,8696
marginal-greedy-prefix,1838,1838,199.41268083465553218,21339,164571.38059015499311499,185910.38059015499311499,0.77589946728191328,8686
marginal-greedy-prefix,1839,1839,199.53500761963744026,21345,164617.29643376072635874,185962.29643376072635874,0.77611613875162522,8680
marginal-greedy-prefix,1840,1840,199.64640934739520617,21353,164656.56504491742816754,186009.56504491742816754,0.77631341493437100,8672
marginal-greedy-prefix,1841,1841,199.80791208984655327,21363,164714.99879615989630111,186077.99879615989630111,0.77659902411318382,8662
marginal-greedy-prefix,1842,1842,199.89093166587446149,21367,164746.15796521303127520,186113.15796521303127520,0.77674576137686868,8658
marginal-greedy-prefix,1843,1843,200.00081773276565400,21371,164788.69077893346548080,186159.69077893346548080,0.77693996669914389,8654
marginal-greedy-prefix,1844,1844,200.12514157393997039,21386,164826.25421840709168464,186212.25421840709168464,0.77715934091889760,8639
marginal-greedy-prefix,1845,1845,200.30027358679538452,21396,164890.23451038595521823,186286.23451038595521823,0.77746809865987765,8629
marginal-greedy-prefix,1846,1846,200.39297382758203980,21406,164919.31970572879072279,186325.31970572879072279,0.77763122124694817,8619
marginal-greedy-prefix,1847,1847,200.53600037694525327,21411,164974.60042237059678882,186385.60042237059678882,0.77788280362648643,8614
marginal-greedy-prefix,1848,1848,200.64492691443092554,21416,165015.49655126297147945,186431.49655126297147945,0.77807435173609096,8609
marginal-greedy-prefix,1849,1849,200.76784809460218639,21425,165058.23775633116019890,186483.23775633116019890,0.77829029434952379,8600
marginal-greedy-prefix,1850,1850,200.92521216225611624,21434,165115.44395458517828956,186549.44395458517828956,0.77856660680605783,8591
marginal-greedy-prefix,1851,1851,201.08544571895669151,21442,165174.81021581694949418,186616.81021581694949418,0.77884776080099127,8583
marginal-greedy-prefix,1852,1852,201.18837400601256604,21452,165208.06893545071943663,186660.06893545071943663,0.77902830164767556,8573
marginal-greedy-prefix,1853,1853,201.25750501789582358,21461,165228.07827292525325902,186689.07827292525325902,0.77914937250677030,8564
marginal-greedy-prefix,1854,1854,201.36769751137137519,21466,165269.27239261750946753,186735.27239261750946753,0.77934216428497549,8559
marginal-greedy-prefix,1855,1855,201.53187835037059017,21469,165335.06819640609319322,186804.06819640609319322,0.77962928449494628,8556
marginal-greedy-prefix,1856,1856,201.69098763412935682,21476,165394.69976035246509127,186870.69976035246509127,0.77990737222090345,8549
marginal-greedy-prefix,1857,1857,201.82658015971705368,21484,165443.44273474835790694,186927.44273474835790694,0.78014418978572153,8541
marginal-greedy-prefix,1858,1858,201.94785870758661872,21496,165482.03968596435151994,186978.03968596435151994,0.78035535684035273,8529
marginal-greedy-prefix,1859,1859,202.09109711762511097,21506,165531.77650310032186098,187037.77650310032186098,0.78060466924800731,8519
marginal-greedy-prefix,1860,1860,202.19976215290847676,21514,165568.99482534677372314,187082.99482534677372314,0.78079338852248259,8511
marginal-greedy-prefix,1861,1861,202.34393396081543415,21518,165624.98785230010980740,187142.98785230010980740,0.78104377022524696,8507
marginal-greedy-prefix,1862,1862,202.47701951813900223,21526,165672.34316675501759164,187198.34316675501759164,0.78127479637268660,8499
marginal-greedy-prefix,1863,1863,202.60976876193103635,21528,165725.53029879019595683,187253.53029879019595683,0.78150512060854138,8497
marginal-greedy-prefix,1864,1864,202.69544031030648057,21535,165754.08560791693162173,187289.08560791693162173,0.78165351116813742,8490
marginal-greedy-prefix,1865,1865,202.80044170465367870,21543,165789.64034221638576128,187332.64034221638576128,0.78183528743599984,8482
marginal-greedy-prefix,1866,1866,202.92054342350530760,21551,165831.43852452808641829,187382.43852452808641829,0.78204312081789384,8474
marginal-greedy-prefix,1867,1867,203.03877552005741336,21561,165870.39447942588594742,187431.39447942588594742,0.78224743915237793,8464
marginal-greedy-prefix,1868,1868,203.18293080157553732,21568,165923.01830358151346445,187491.01830358151346445,0.78249627998231330,8457
marginal-greedy-prefix,1869,1869,203.31574536568211897,21575,165970.92500110241235234,187545.92500110241235234,0.78272543382096094,8450
marginal-greedy-prefix,1870,1870,203.43346047037738344,21580,166014.55331778939580545,187594.55331778939580545,0.78292838475297710,8445
marginal-greedy-prefix,1871,1871,203.56090671699351446,21592,166055.16733992504305206,187647.16733992504305206,0.78314797008014936,8433
marginal-greedy-prefix,1872,1872,203.72640247743620989,21599,166116.45102344336919487,187715.45102344336919487,0.78343295294930237,8426
marginal-greedy-prefix,1873,1873,203.83834300935112083,21602,166159.63524710451019928,187761.63524710451019928,0.78362570342628890,8423
marginal-greedy-prefix,1874,1874,204.05822927333917960,21608,166244.32435870543122292,187852.32435870543122292,0.78400419565010160,8417
marginal-greedy-prefix,1875,1875,204.19176378588883836,21618,166289.39323954450082965,187907.39323954450082965,0.78423402636300321,8407
marginal-greedy-prefix,1876,1876,204.31157388358832350,21624,166332.69032376527320594,187956.69032376527320594,0.78443976840529273,8401
marginal-greedy-prefix,1877,1877,204.45613334737777222,21635,166381.16974297381239012,188016.16974297381239012,0.78468800655924442,8390
marginal-greedy-prefix,1878,1878,204.65857032340824162,21644,166455.37227639838238247,188099.37227639838238247,0.78503525344860958,8381
marginal-greedy-prefix,1879,1879,204.79570809362519412,21654,166501.72646629714290611,188155.72646629714290611,0.78527044841611349,8371
marginal-greedy-prefix,1880,1880,204.90645863768838808,21661,166540.12202155462000519,188201.12202155462000519,0.78545990737493787,8364
marginal-greedy-prefix,1881,1881,205.03066015144918310,21670,166582.00844219466671348,188252.00844219466671348,0.78567228253409338,8355
marginal-greedy-prefix,1882,1882,205.11568088648340336,21678,166608.82949256969732232,188286.82949256969732232,0.78581760865493944,8347
marginal-greedy-prefix,1883,1883,205.21774645216657973,21687,166641.61056626975187100,188328.61056626975187100,0.78599198252649749,8338
marginal-greedy-prefix,1884,1884,205.35112476796490455,21698,166685.13525453984038904,188383.13525453984038904,0.78621954204441247,8327
marginal-greedy-prefix,1885,1885,205.56134202330400740,21705,166763.98520972946425900,188468.98520972946425900,0.78657783798402781,8320
marginal-greedy-prefix,1886,1886,205.74759904744985306,21713,166832.01225215505110100,188545.01225215505110100,0.78689513786545340,8312
marginal-greedy-prefix,1887,1887,205.90143829047650570,21724,166883.75191598301171325,188607.75191598301171325,0.78715698269405854,8301
marginal-greedy-prefix,1888,1888,206.07326847388117130,21729,166948.80004888240364380,188677.80004888240364380,0.78744932951637259,8296
marginal-greedy-prefix,1889,1889,206.20506964216508550,21742,166989.48902927685412578,188731.48902927685412578,0.78767340119625795,8283
marginal-greedy-prefix,1890,1890,206.31007099955974127,21748,167026.21548804271151312,188774.21548804271151312,0.78785172064507003,8277
marginal-greedy-prefix,1891,1891,206.43937851671034878,21764,167062.78580831069848500,188826.78580831069848500,0.78807112358191134,8261
marginal-greedy-prefix,1892,1892,206.64467433651401507,21767,167143.21248850837582722,188910.21248850837582722,0.78841930595084098,8258
marginal-greedy-prefix,1893,1893,206.81528207985758172,21773,167206.48059631657088175,188979.48059631657088175,0.78870839732797327,8252
marginal-greedy-prefix,1894,1894,206.93171334732036826,21785,167241.64372447528876364,189026.64372447528876364,0.78890523327601192,8240
marginal-greedy-prefix,1895,1895,207.07687025419912175,21791,167294.43526225129608065,189085.43526225129608065,0.78915060054757735,8234
marginal-greedy-prefix,1896,1896,207.23067519054350782,21798,167349.70025657847872935,189147.70025657847872935,0.78941046433665363,8227
marginal-greedy-prefix,1897,1897,207.37606701778821616,21808,167398.40229745476972312,189206.40229745476972312,0.78965545809170745,8217
marginal-greedy-prefix,1898,1898,207.54398790163116928,21816,167458.18485604022862390,189274.18485604022862390,0.78993834950923092,8209
marginal-greedy-prefix,1899,1899,207.63319552695821812,21825,167485.13054864536388777,189310.13054864536388777,0.79008836933951077,8200
marginal-greedy-prefix,1900,1900,207.75357979873410841,21838,167520.57352870918111876,189358.57352870918111876,0.79029054676664390,8187
marginal-greedy-prefix,1901,1901,207.87535377950462134,21843,167564.43245293755899183,189407.43245293755899183,0.79049446014232760,8182
marginal-greedy-prefix,1902,1902,208.04917145174252369,21850,167627.10518510674592108,189477.10518510674592108,0.79078524022465835,8175
marginal-greedy-prefix,1903,1903,208.14542051545782897,21859,167656.66376958193723112,189515.66376958193723112,0.79094616499420844,8166
marginal-greedy-prefix,1904,1904,208.28179612453988057,21867,167703.28721848668646999,189570.28721848668646999,0.79117413669095693,8158
marginal-greedy-prefix,1905,1905,208.44189371157170854,21877,167757.38580902377725579,189634.38580902377725579,0.79144165301841196,8148
marginal-greedy-prefix,1906,1906,208.52830883415794005,21881,167787.92113831583992578,189668.92113831583992578,0.79158578667848545,8144
marginal-greedy-prefix,1907,1907,208.60738299168821186,21893,167807.49755297705996782,189700.49755297705996782,0.79171757126865494,8132
marginal-greedy-prefix,1908,1908,208.73738074568245793,21903,167849.34815704723587260,189752.34815704723587260,0.79193397046029002,8122
marginal-greedy-prefix,1909,1909,208.86215715840415896,21911,167891.11393998202402145,189802.11393998202402145,0.79214166862294988,8114
marginal-greedy-prefix,1910,1910,208.99232379380026714,21915,167939.00519778841407970,189854.00519778841407970,0.79235823748349854,8110
marginal-greedy-prefix,1911,1911,209.19278367213308911,21920,168013.80431010626489297,189933.80431010626489297,0.79269128014921975,8105
marginal-greedy-prefix,1912,1912,209.30587141885297342,21927,168051.78405823954381049,189978.78405823954381049,0.79287900373143338,8098
marginal-greedy-prefix,1913,1913,209.45942127738339877,21934,168105.83402473630849272,190039.83402473630849272,0.79313379658556049,8091
marginal-greedy-prefix,1914,1914,209.55925847276301965,21940,168139.50390069093555212,190079.50390069093555212,0.79329935934500739,8085
marginal-greedy-prefix,1915,1915,209.69864872086742480,21941,168193.88851017830893397,190134.88851017830893397,0.79353050775565803,8084
marginal-greedy-prefix,1916,1916,209.84116493508901158,21950,168241.46378146327333525,190191.46378146327333525,0.79376662540929299,8075
marginal-greedy-prefix,1917,1917,209.94390262696919081,21954,168278.21267768010147847,190232.21267768010147847,0.79393669147427870,8071
marginal-greedy-prefix,1918,1918,210.02806266047622330,21961,168304.59020122923539020,190265.59020122923539020,0.79407599301655274,8064
marginal-greedy-prefix,1919,1919,210.18233012928493508,21969,168357.75024429342010990,190326.75024429342010990,0.79433124527671062,8056
marginal-greedy-prefix,1920,1920,210.31601721105096203,21976,168403.63653156338841654,190379.63653156338841654,0.79455196690607321,8049
marginal-greedy-prefix,1921,1921,210.43290961036524322,21982,168443.86575993683072738,190425.86575993683072738,0.79474490521083030,8043
marginal-greedy-prefix,1922,1922,210.55333553231537280,21991,168482.48475246585439891,190473.48475246585439891,0.79494364371493365,8034
marginal-greedy-prefix,1923,1923,210.73551423671568728,22008,168537.51746778792585246,190545.51746778792585246,0.79524427321861091,8017
marginal-greedy-prefix,1924,1924,210.83120485097839492,22016,168567.21078133123228326,190583.21078133123228326,0.79540158676831962,8009
marginal-greedy-prefix,1925,1925,211.01954217924986779,22028,168629.33293542824685574,190657.33293542824685574,0.79571093657275282,7997
marginal-greedy-prefix,1926,1926,211.11219633676154217,22040,168653.70920152566395700,190693.70920152566395700,0.79586275340727863,7985
marginal-greedy-prefix,1927,1927,211.24336236721433124,22046,168699.19475321297068149,190745.19475321297068149,0.79607762904789692,7979
marginal-greedy-prefix,1928,1928,211.37595692749772525,22052,168745.23056402380461805,190797.23056402380461805,0.79629480120234863,7973
marginal-greedy-prefix,1929,1929,211.47617913439646031,22058,168778.53967401690897532,190836.53967401690897532,0.79645885830021568,7967
marginal-greedy-prefix,1930,1930,211.59266457621649238,22066,168816.22159738719346933,190882.22159738719346933,0.79664951242020032,7959
marginal-greedy-prefix,1931,1931,211.73474840994072110,22078,168859.94030248333001509,190937.94030248333001509,0.79688205518335586,7947
marginal-greedy-prefix,1932,1932,211.88584606213720463,22083,168914.11362158536212519,190997.11362158536212519,0.79712901582440676,7942
marginal-greedy-prefix,1933,1933,212.01524495758502553,22088,168959.74951672728639096,191047.74951672728639096,0.79734034541203525,7937
marginal-greedy-prefix,1934,1934,212.16447519686607848,22096,169010.09094721078872681,191106.09094721078872681,0.79758383415477740,7929
marginal-greedy-prefix,1935,1935,212.28944252082217758,22103,169051.89484500396065414,191154.89484500396065414,0.79778751787689550,7922
marginal-greedy-prefix,1936,1936,212.39916887802959877,22109,169088.73453764521400444,191197.73453764521400444,0.79796630990880546,7916
marginal-greedy-prefix,1937,1937,212.47103683515584294,22116,169109.78298273516702466,191225.78298273516702466,0.79808337047064337,7909
marginal-greedy-prefix,1938,1938,212.54337309321081761,22130,169124.00047535888734274,191254.00047535888734274,0.79820113655463110,7895
marginal-greedy-prefix,1939,1939,212.69961295217510155,22136,169178.91716657168581150,191314.91716657168581150,0.79845537318257276,7889
marginal-greedy-prefix,1940,1940,212.85851562876462140,22143,169233.84407398302573711,191376.84407398302573711,0.79871382596137053,7882
marginal-greedy-prefix,1941,1941,212.98028251404895173,22149,169275.24743431285605766,191424.24743431285605766,0.79891166452159790,7876
marginal-greedy-prefix,1942,1942,213.09242621650980709,22157,169310.86864026077091694,191467.86864026077091694,0.79909371820977682,7868
marginal-greedy-prefix,1943,1943,213.24588037679995978,22162,169365.50790580062312074,191527.50790580062312074,0.79934262348453644,7863
marginal-greedy-prefix,1944,1944,213.34262350307824363,22173,169392.09283594979206100,191565.09283594979206100,0.79949948469469589,7852
marginal-greedy-prefix,1945,1945,213.49959842943513877,22181,169445.05912223033374175,191626.05912223033374175,0.79975392830831804,7844
marginal-greedy-prefix,1946,1946,213.67782520637166499,22187,169508.14452902224729769,191695.14452902224729769,0.80004225718030808,7838
marginal-greedy-prefix,1947,1947,213.77175950183533359,22195,169536.49132222685148008,191731.49132222685148008,0.80019395100932034,7830
marginal-greedy-prefix,1948,1948,213.92038635440326289,22204,169584.97144069528440014,191788.97144069528440014,0.80043384505481363,7821
marginal-greedy-prefix,1949,1949,214.12227676788614872,22210,169656.96392275590915233,191866.96392275590915233,0.80075934772492130,7815
marginal-greedy-prefix,1950,1950,214.26758985510213051,22217,169706.05908763807383366,191923.05908763807383366,0.80099346164804386,7808
marginal-greedy-prefix,1951,1951,214.42992610863757363,22223,169762.66856833692872897,191985.66856833692872897,0.80125476315561339,7802
marginal-greedy-prefix,1952,1952,214.51887544999357260,22234,169785.95187319823889993,192019.95187319823889993,0.80139784498834432,7791
marginal-greedy-prefix,1953,1953,214.62552025004464440,22239,169821.96366928715724498,192060.96366928715724498,0.80156900826947286,7786
marginal-greedy-prefix,1954,1954,214.72185760501758978,22244,169854.01132437156047672,192098.01132437156047672,0.80172362715494228,7781
marginal-greedy-prefix,1955,1955,214.81014917021013844,22254,169877.95793679534108378,192131.95793679534108378,0.80186530379726861,7771
marginal-greedy-prefix,1956,1956,214.91328688501303645,22264,169907.59067195188254118,192171.59067195188254118,0.80203071154909655,7761
marginal-greedy-prefix,1957,1957,215.02306433731658331,22272,169941.77359667065320536,192213.77359667065320536,0.80220676255127188,7753
marginal-greedy-prefix,1958,1958,215.16979165458533885,22282,169988.15111389066441916,192270.15111389066441916,0.80244205487566400,7743
marginal-greedy-prefix,1959,1959,215.30332218319117032,22293,170028.34027557342778891,192321.34027557342778891,0.80265569352862243,7732
marginal-greedy-prefix,1960,1960,215.40840213336136344,22301,170060.60815153477597050,192361.60815153477597050,0.80282375204911927,7724
marginal-greedy-prefix,1961,1961,215.56325251960632272,22306,170114.87883541479823180,192420.87883541479823180,0.80307111904337725,7719
marginal-greedy-prefix,1962,1962,215.74313420960888266,22313,170176.72026192347402684,192489.72026192347402684,0.80335842966038229,7712
marginal-greedy-prefix,1963,1963,215.81471788506993903,22321,170196.09160551094100811,192517.09160551094100811,0.80347266433001663,7704
marginal-greedy-prefix,1964,1964,215.94954814365300422,22329,170239.61081459798151627,192568.61081459798151627,0.80368768044024419,7696
marginal-greedy-prefix,1965,1965,216.09251018397716848,22338,170285.20764770562527701,192623.20764770562527701,0.80391554105560636,7687
marginal-greedy-prefix,1966,1966,216.25042299138314661,22347,170336.46882120546069928,192683.46882120546069928,0.80416704187157961,7678
marginal-greedy-prefix,1967,1967,216.42388405562454068,22353,170396.64438054271158762,192749.64438054271158762,0.80444322645618349,7672
marginal-greedy-prefix,1968,1968,216.53256931116229111,22360,170431.09218160485033877,192791.09218160485033877,0.80461620940991652,7665
marginal-greedy-prefix,1969,1969,216.66862816398267455,22368,170474.91297429203405045,192842.91297429203405045,0.80483248418334485,7657
marginal-greedy-prefix,1970,1970,216.80361107778620067,22371,170523.20485958870267496,192894.20485958870267496,0.80504655155468396,7654
marginal-greedy-prefix,1971,1971,216.88588176006695107,22381,170544.46502021417836659,192925.46502021417836659,0.80517701625439275,7644
marginal-greedy-prefix,1972,1972,217.02757796793210332,22391,170588.27644185171811841,192979.27644185171811841,0.80540159894444863,7634
marginal-greedy-prefix,1973,1973,217.17678644961509349,22408,170627.89573601132724434,193035.89573601132724434,0.80563790032814153,7617
marginal-greedy-prefix,1974,1974,217.30319196695339201,22415,170668.80918437335640192,193083.80918437335640192,0.80583786774761390,7610
marginal-greedy-prefix,1975,1975,217.40502944169983834,22427,170695.39685575407929718,193122.39685575407929718,0.80599891391175438,7598
marginal-greedy-prefix,1976,1976,217.50419235528485729,22438,170721.94848036707844585,193159.94848036707844585,0.80615563612081187,7587
marginal-greedy-prefix,1977,1977,217.63709653494183272,22445,170765.23560064876801334,193210.23560064876801334,0.80636551009188240,7580
marginal-greedy-prefix,1978,1978,217.74481301707874081,22452,170798.92690753893111832,193250.92690753893111832,0.80653533580704084,7573
marginal-greedy-prefix,1979,1979,217.88089573498092477,22461,170841.32876974294777028,193302.32876974294777028,0.80674986216847788,7564
marginal-greedy-prefix,1980,1980,218.07662058985977183,22464,170912.18435817596036941,193376.18435817596036941,0.80705809945753648,7561
marginal-greedy-prefix,1981,1981,218.19388818258721585,22472,170948.35444473903044127,193420.35444473903044127,0.80724244390632571,7553
marginal-greedy-prefix,1982,1982,218.34230214821491245,22478,170998.24680314667057246,193476.24680314667057246,0.80747571141390628,7547
marginal-greedy-prefix,1983,1983,218.51470727781367032,22482,171059.09053463663440198,193541.09053463663440198,0.80774633759712378,7543
marginal-greedy-prefix,1984,1984,218.67318263803110767,22486,171114.68890885781729594,193600.68890885781729594,0.80799507221141642,7539
marginal-greedy-prefix,1985,1985,218.79170428657948833,22496,171149.23903597565367818,193645.23903597565367818,0.80818100276455895,7529
marginal-greedy-prefix,1986,1986,218.91504177070018500,22501,171190.53016096129431389,193691.53016096129431389,0.80837419939565736,7524
marginal-greedy-prefix,1987,1987,219.01558094420974498,22512,171217.25512799868010916,193729.25512799868010916,0.80853164505164832,7513
marginal-greedy-prefix,1988,1988,219.17242247557211954,22522,171266.06822145573096350,193788.06822145573096350,0.80877710228613764,7503
marginal-greedy-prefix,1989,1989,219.26353592711362239,22529,171293.17346044222358614,193822.17346044222358614,0.80891944095855139,7496
marginal-greedy-prefix,1990,1990,219.37217109509290935,22536,171326.80991963529959321,193862.80991963529959321,0.80908903776611019,7489
marginal-greedy-prefix,1991,1991,219.51262833089461424,22544,171371.28524662746349350,193915.28524662746349350,0.80930804424724068,7481
marginal-greedy-prefix,1992,1992,219.65221252934793483,22551,171416.38536209368612617,193967.38536209368612617,0.80952548477803432,7474
marginal-greedy-prefix,1993,1993,219.75514741520328243,22559,171446.79020820921869017,194005.79020820921869017,0.80968576791847802,7466
marginal-greedy-prefix,1994,1994,219.88988938188657585,22565,171491.05460649810265750,194056.05460649810265750,0.80989554705900690,7460
marginal-greedy-prefix,1995,1995,219.98732077291538189,22573,171519.36498397198738530,194092.36498397198738530,0.81004708890647847,7452
marginal-greedy-prefix,1996,1996,220.13391171288770920,22577,171569.97677334948093630,194146.97677334948093630,0.81027501194203366,7448
marginal-greedy-prefix,1997,1997,220.29459796328364973,22585,171621.75897437758976594,194206.75897437758976594,0.81052451375997081,7440
marginal-greedy-prefix,1998,1998,220.39694154503820300,22590,171654.77592466806527227,194244.77592466806527227,0.81068317801198531,7435
marginal-greedy-prefix,1999,1999,220.48289182667798514,22597,171679.70173981008701958,194276.70173981008701958,0.81081642082974836,7428
marginal-greedy-prefix,2000,2000,220.64411255589516259,22609,171727.51907565377769060,194336.51907565377769060,0.81106606928330982,7416
marginal-greedy-prefix,2001,2001,220.81404794421627003,22621,171778.55595010964316316,194399.55595010964316316,0.81132915452445753,7404
marginal-greedy-prefix,2002,2002,220.99044819801258654,22626,171838.93924607167718932,194464.93924607167718932,0.81160203258723718,7399
marginal-greedy-prefix,2003,2003,221.12589713348495479,22629,171886.10175268631428480,194515.10175268631428480,0.81181138648149676,7396
marginal-greedy-prefix,2004,2004,221.28395041067693683,22633,171940.56337316351709887,194573.56337316351709887,0.81205537683878992,7392
marginal-greedy-prefix,2005,2005,221.44486561111423839,22645,171988.04291382554220036,194633.04291382554220036,0.81230361549962926,7380
marginal-greedy-prefix,2006,2006,221.62518992530974060,22648,172051.63674060578341596,194699.63674060578341596,0.81258154572901742,7377
marginal-greedy-prefix,2007,2007,221.76123445302633286,22655,172094.84876044586417265,194749.84876044586417265,0.81279110626738749,7370
marginal-greedy-prefix,2008,2008,221.85295629244436100,22661,172122.62984407332260162,194783.62984407332260162,0.81293209207306194,7364
marginal-greedy-prefix,2009,2009,221.96521230551414305,22670,172154.94258128333603963,194824.94258128333603963,0.81310451133599637,7355
marginal-greedy-prefix,2010,2010,222.13918938200239950,22674,172214.96137209777953103,194888.96137209777953103,0.81337169461823844,7351
marginal-greedy-prefix,2011,2011,222.32986356792451943,22685,172274.11304052043124102,194959.11304052043124102,0.81366447354744775,7340
marginal-greedy-prefix,2012,2012,222.47514225487554995,22696,172316.47579369015875272,195012.47579369015875272,0.81388718371363455,7329
marginal-greedy-prefix,2013,2013,222.60557822079150014,22703,172357.33983621600782499,195060.33983621600782499,0.81408694493718692,7322
marginal-greedy-prefix,2014,2014,222.73176792680791891,22709,172397.58551009991788305,195106.58551009991788305,0.81427995187750246,7316
marginal-greedy-prefix,2015,2015,222.85428087832147526,22713,172438.48045478831045330,195151.48045478831045330,0.81446732153140133,7312
marginal-greedy-prefix,2016,2016,222.97426069597489118,22718,172477.43117752007674426,195195.43117752007674426,0.81465075046229796,7307
marginal-greedy-prefix,2017,2017,223.14056461910647045,22731,172525.29189028998371214,195256.29189028998371214,0.81490475346345725,7294
marginal-greedy-prefix,2018,2018,223.34013426671688762,22735,172594.19757615387788974,195329.19757615387788974,0.81520902632140124,7290
marginal-greedy-prefix,2019,2019,223.46373838704195691,22744,172630.33435592256137170,195374.33435592256137170,0.81539740527725169,7281
marginal-greedy-prefix,2020,2020,223.56037498306014299,22753,172656.55716753003071062,195409.55716753003071062,0.81554440815399076,7272
marginal-greedy-prefix,2021,2021,223.68437500027184228,22759,172695.74952541186939925,195454.74952541186939925,0.81573301906584206,7266
marginal-greedy-prefix,2022,2022,223.78907638494419530,22766,172726.81999878486385569,195492.81999878486385569,0.81589190669715939,7259
marginal-greedy-prefix,2023,2023,223.92470325683208898,22775,172767.12360273781814612,195542.12360273781814612,0.81609767594963867,7250
marginal-greedy-prefix,2024,2024,224.08891579990344667,22785,172816.79836241004522890,195601.79836241004522890,0.81634672935963593,7240
marginal-greedy-prefix,2025,2025,224.21845232698552763,22789,172859.82908851138199680,195648.82908851138199680,0.81654301272591201,7236
marginal-greedy-prefix,2026,2026,224.36487783196611190,22795,172906.98068233981030062,195701.98068233981030062,0.81676484161575535,7230
marginal-greedy-prefix,2027,2027,224.50687429889416080,22797,172956.50708196812774986,195753.50708196812774986,0.81697988773580343,7228
marginal-greedy-prefix,2028,2028,224.61578634479980110,22808,172985.00939190454664640,195793.00939190454664640,0.81714475115622554,7217
marginal-greedy-prefix,2029,2029,224.72768641089669472,22812,173021.55329147819429636,195833.55329147819429636,0.81731396166497094,7213
marginal-greedy-prefix,2030,2030,224.83455801687057374,22822,173050.22345187485916540,195872.22345187485916540,0.81747535209812605,7203
marginal-greedy-prefix,2031,2031,224.97004130614254791,22834,173087.20117731118807569,195921.20117731118807569,0.81767976129224473,7191
marginal-greedy-prefix,2032,2032,225.11184105648925424,22843,173129.41066109776147641,195972.41066109776147641,0.81789348475977608,7182
marginal-greedy-prefix,2033,2033,225.27584452870678433,22850,173181.41085851311800070,196031.41085851311800070,0.81813972287514525,7175
marginal-greedy-prefix,2034,2034,225.45640269225827979,22859,173237.36593554264982231,196096.36593554264982231,0.81841081376046587,7166
marginal-greedy-prefix,2035,2035,225.56854424381481294,22864,173272.70811484020669013,196136.70811484020669013,0.81857918238693306,7161
marginal-greedy-prefix,2036,2036,225.74987048497456499,22871,173330.89275654964148998,196201.89275654964148998,0.81885123136352478,7154
marginal-greedy-prefix,2037,2037,225.87336668713555810,22879,173367.22842266398947686,196246.22842266398947686,0.81903626686079234,7146
marginal-greedy-prefix,2038,2038,226.00925603761555749,22892,173402.99019369352026843,196294.99019369352026843,0.81923977476629728,7133
marginal-greedy-prefix,2039,2039,226.15337844278514012,22901,173445.67369794714613818,196346.67369794714613818,0.81945547656460660,7124
marginal-greedy-prefix,2040,2040,226.27259553486129562,22909,173480.40071209741290659,196389.40071209741290659,0.81963379833132288,7116
marginal-greedy-prefix,2041,2041,226.36782032353966088,22916,173507.52000547948409803,196423.52000547948409803,0.81977619565994508,7109
marginal-greedy-prefix,2042,2042,226.52192326931432831,22921,173557.62963717427919619,196478.62963717427919619,0.82000619644708972,7104
marginal-greedy-prefix,2043,2043,226.67456785672473529,22927,173606.20737658924190328,196533.20737658924190328,0.82023397737466952,7098
marginal-greedy-prefix,2044,2044,226.85018174295285576,22933,173662.91063505734200589,196595.91063505734200589,0.82049567026501691,7092
marginal-greedy-prefix,2045,2045,226.96101443001148823,22940,173695.46796571474988014,196635.46796571474988014,0.82066076331515625,7085
marginal-greedy-prefix,2046,2046,227.10472601884819710,22946,173740.70955005183350295,196686.70955005183350295,0.82087462075476558,7079
marginal-greedy-prefix,2047,2047,227.20110660208084141,22960,173761.03606280035455711,196721.03606280035455711,0.82101788291619349,7065
marginal-greedy-prefix,2048,2048,227.37529941271318989,22970,173813.02026803183252923,196783.02026803183252923,0.82127657482821226,7055
marginal-greedy-prefix,2049,2049,227.49663825755217772,22975,173851.19155161397065967,196826.19155161397065967,0.82145675075936209,7050
marginal-greedy-prefix,2050,2050,227.67855818206629692,22981,173909.82172994542634115,196890.82172994542634115,0.82172648567560791,7044
marginal-greedy-prefix,2051,2051,227.84634550384708973,22991,173959.26153395697474480,196950.26153395697474480,0.82197455849500345,7034
marginal-greedy-prefix,2052,2052,227.95187582811473703,22999,173988.52018320347997360,196987.52018320347997360,0.82213005796743877,7026
marginal-greedy-prefix,2053,2053,228.06714525898635770,23009,174019.20955141753074713,197028.20955141753074713,0.82229987559150630,7016
marginal-greedy-prefix,2054,2054,228.21716249725025705,23014,174067.11209589772624895,197081.11209589772624895,0.82252066507055388,7011
marginal-greedy-prefix,2055,2055,228.30893857003795233,23024,174089.47515081070014276,197113.47515081070014276,0.82265573271436632,7001
marginal-greedy-prefix,2056,2056,228.43268025608054472,23030,174127.05505610271939076,197157.05505610271939076,0.82283761403370381,6995
marginal-greedy-prefix,2057,2057,228.60141995830750261,23040,174176.41297677496913821,197216.41297677496913821,0.82308534511188447,6985
marginal-greedy-prefix,2058,2058,228.74180998003794230,23045,174220.79684008419280872,197265.79684008419280872,0.82329144932786380,6980
marginal-greedy-prefix,2059,2059,228.86205314526995380,23053,174255.09378917829599231,197308.09378917829599231,0.82346797621229906,6972
marginal-greedy-prefix,2060,2060,228.98395294907578545,23063,174287.95939119689865038,197350.95939119689865038,0.82364687637734302,6962
marginal-greedy-prefix,2061,2061,229.07598877895935630,23073,174310.30856736301211640,197383.30856736301211640,0.82378188609801928,6952
marginal-greedy-prefix,2062,2062,229.24005644118960845,23077,174363.90999006381025538,197440.90999006381025538,0.82402228640835351,6948
marginal-greedy-prefix,2063,2063,229.36734665987592052,23083,174402.58927370316814631,197485.58927370316814631,0.82420875599797117,6942
marginal-greedy-prefix,2064,2064,229.46875227154583854,23087,174434.13455407653236762,197521.13455407653236762,0.82435710470243040,6938
marginal-greedy-prefix,2065,2065,229.60872497553071980,23090,174480.17479404699406587,197570.17479404699406587,0.82456177480179593,6935
marginal-greedy-prefix,2066,2066,229.76991798423119917,23102,174524.57835186767624691,197626.57835186767624691,0.82479717580698431,6923
marginal-greedy-prefix,2067,2067,229.88473817261586873,23110,174556.72754522995091975,197666.72754522995091975,0.82496473900406175,6915
marginal-greedy-prefix,2068,2068,230.04490602089754248,23116,174606.72419207743951119,197722.72419207743951119,0.82519844176084500,6909
marginal-greedy-prefix,2069,2069,230.22103648101875706,23125,174659.21646992288879119,197784.21646992288879119,0.82545508060731920,6900
marginal-greedy-prefix,2070,2070,230.34356797444152676,23134,174692.95874272193759680,197826.95874272193759680,0.82563346605621091,6891
marginal-greedy-prefix,2071,2071,230.47845504243773007,23143,174730.95475243590772152,197873.95475243590772152,0.82582960453317866,6882
marginal-greedy-prefix,2072,2072,230.64059272530110434,23146,174784.35271663626190275,197930.35271663626190275,0.82606498219331759,6879
marginal-greedy-prefix,2073,2073,230.73798342004354822,23152,174812.21003873820882291,197964.21003873820882291,0.82620628618128800,6873
marginal-greedy-prefix,2074,2074,230.87078713681870568,23156,174854.34220916859339923,198010.34220916859339923,0.82639881941341775,6869
marginal-greedy-prefix,2075,2075,231.02214555366271043,23162,174900.85972848426899873,198062.85972848426899873,0.82661800198477631,6863
marginal-greedy-prefix,2076,2076,231.15695312419720153,23173,174936.60420052995323204,198109.60420052995323204,0.82681309066591124,6852
marginal-greedy-prefix,2077,2077,231.24520477282135289,23183,174957.20105802343459800,198140.20105802343459800,0.82694078706110086,6842
marginal-greedy-prefix,2078,2078,231.43716483997093292,23191,175015.68531993468059227,198206.68531993468059227,0.82721826002003840,6834
marginal-greedy-prefix,2079,2079,231.66587357044090822,23200,175085.82922919376869686,198285.82922919376869686,0.82754856818700473,6825
marginal-greedy-prefix,2080,2080,231.79302134242294642,23209,175120.79738272691611201,198329.79738272691611201,0.82773206986558467,6816
marginal-greedy-prefix,2081,2081,231.89518279264703438,23213,175152.12422555329976603,198365.12422555329976603,0.82787950691801138,6812
marginal-greedy-prefix,2082,2082,232.00635573307053505,23221,175182.50643916803528555,198403.50643916803528555,0.82803969560140944,6804
marginal-greedy-prefix,2083,2083,232.19016539857474868,23228,175238.86695396775030531,198466.86695396775030531,0.82830413155987370,6797
marginal-greedy-prefix,2084,2084,232.35731458673407701,23238,175286.43981035705655813,198524.43981035705655813,0.82854441264832379,6787
marginal-greedy-prefix,2085,2085,232.50239094013895169,23246,175328.39526136973290704,198574.39526136973290704,0.82875290239325095,6779
marginal-greedy-prefix,2086,2086,232.59806279065728063,23259,175348.32803760038223118,198607.32803760038223118,0.82889034777662529,6766
marginal-greedy-prefix,2087,2087,232.76286208368884445,23265,175398.92227688015555032,198663.92227688015555032,0.82912654459344104,6760
marginal-greedy-prefix,2088,2088,232.87881584858530459,23271,175432.71222171455156058,198703.71222171455156058,0.82929260846196828,6754
marginal-greedy-prefix,2089,2089,233.04941275236467391,23279,175483.22510390190291218,198762.22510390190291218,0.82953681276069646,6746
marginal-greedy-prefix,2090,2090,233.20349422080371937,23282,175533.06600446390802972,198815.06600446390802972,0.82975734496802456,6743
marginal-greedy-prefix,2091,2091,233.34101611971468060,23294,175568.19876340273185633,198862.19876340273185633,0.82995405416971657,6731
marginal-greedy-prefix,2092,2092,233.45780662769303149,23301,175601.19886715401662514,198902.19886715401662514,0.83012099513930271,6724
marginal-greedy-prefix,2093,2093,233.58322054529102729,23313,175632.14871237744227983,198945.14871237744227983,0.83030024689449200,6712
marginal-greedy-prefix,2094,2094,233.68918420063496910,23320,175661.41660445998422801,198981.41660445998422801,0.83045161142861301,6705
marginal-greedy-prefix,2095,2095,233.84004876543653495,23330,175703.03654266090597957,199033.03654266090597957,0.83066704793314861,6695
marginal-greedy-prefix,2096,2096,233.96176117019919616,23333,175741.63523467408958822,199074.63523467408958822,0.83084066063228990,6692
marginal-greedy-prefix,2097,2097,234.17130245840959901,23344,175802.15141774047515355,199146.15141774047515355,0.83113913438166909,6681
marginal-greedy-prefix,2098,2098,234.29082819920623137,23350,175836.94358059662044980,199186.94358059662044980,0.83130938102055441,6675
marginal-greedy-prefix,2099,2099,234.43726057104717597,23355,175881.90311243705218658,199236.90311243705218658,0.83151788779687097,6670
marginal-greedy-prefix,2100,2100,234.54396705708376203,23363,175910.28498015677905641,199273.28498015677905641,0.83166972800984262,6662
marginal-greedy-prefix,2101,2101,234.69448016293961246,23374,175950.53684521670220420,199324.53684521670220420,0.83188362835618679,6651
marginal-greedy-prefix,2102,2102,234.87677031303132935,23380,176006.60379603129695170,199386.60379603129695170,0.83214266560800665,6645
marginal-greedy-prefix,2103,2103,234.99204531131226759,23384,176041.70166620952659287,199425.70166620952659287,0.83230584109367256,6641
marginal-greedy-prefix,2104,2104,235.13021452491994978,23393,176079.55847065930720419,199472.55847065930720419,0.83250139859560290,6632
marginal-greedy-prefix,2105,2105,235.24247739847004368,23398,176112.58754994734772481,199510.58754994734772481,0.83266011346815139,6627
marginal-greedy-prefix,2106,2106,235.38262946746937132,23404,176154.05534930218709633,199558.05534930218709633,0.83285822096551410,6621
marginal-greedy-prefix,2107,2107,235.50452998497644330,23411,176188.29731424667988904,199599.29731424667988904,0.83303034485944893,6614
marginal-greedy-prefix,2108,2108,235.69547824803828462,23416,176247.72164452390279621,199663.72164452390279621,0.83329922066607909,6609
marginal-greedy-prefix,2109,2109,235.78788343476986711,23424,176270.86642055757693015,199694.86642055757693015,0.83342920380664620,6601
marginal-greedy-prefix,2110,2110,236.00203064542802167,23428,176338.97539842894184403,199766.97539842894184403,0.83373015159309594,6597
marginal-greedy-prefix,2111,2111,236.17375287841571208,23433,176391.77978516183793545,199824.77978516183793545,0.83397139897654082,6592
marginal-greedy-prefix,2112,2112,236.32096203045992411,23440,176434.33179718296742067,199874.33179718296742067,0.83417820496342487,6585
marginal-greedy-prefix,2113,2113,236.41647367352757669,23449,176457.43584981939056888,199906.43584981939056888,0.83431219165776183,6576
marginal-greedy-prefix,2114,2114,236.55732103555814660,23460,176493.71799432850093581,199953.71799432850093581,0.83450952432213543,6565
marginal-greedy-prefix,2115,2115,236.67343266476214581,23465,176527.63125062899780460,199992.63125062899780460,0.83467192931930623,6560
marginal-greedy-prefix,2116,2116,236.81797151084754205,23475,176566.05945899293874390,200041.05945899293874390,0.83487404509655172,6550
marginal-greedy-prefix,2117,2117,236.91759370641244686,23478,176596.43324778214446269,200074.43324778214446269,0.83501333105175513,6547
marginal-greedy-prefix,2118,2118,237.01747196071121948,23482,176625.87180370101123117,200107.87180370101123117,0.83515288731344295,6543
marginal-greedy-prefix,2119,2119,237.25514574703854009,23484,176703.37661264839698561,200187.37661264839698561,0.83548470170009959,6541
marginal-greedy-prefix,2120,2120,237.38826018315438660,23491,176740.80722166478517465,200231.80722166478517465,0.83567013344284247,6534
marginal-greedy-prefix,2121,2121,237.51817060508201962,23498,176777.10785541482619010,200275.10785541482619010,0.83585084921865327,6527
marginal-greedy-prefix,2122,2122,237.64267214100820524,23503,176813.60258401077589951,200316.60258401077589951,0.83602402802507825,6522
marginal-greedy-prefix,2123,2123,237.73181417996872256,23511,176835.30154234313522466,200346.30154234313522466,0.83614797702607402,6514
marginal-greedy-prefix,2124,2124,237.87755884071319201,23515,176879.83581995315034874,200394.83581995315034874,0.83635053548474092,6510
marginal-greedy-prefix,2125,2125,238.00094634681948946,23521,176914.84081827235058881,200435.84081827235058881,0.83652167039528635,6504
marginal-greedy-prefix,2126,2126,238.09152168880063982,23528,176937.93421808615676127,200465.93421808615676127,0.83664726560309632,6497
marginal-greedy-prefix,2127,2127,238.22839724109934423,23536,176975.37125806094263680,200511.37125806094263680,0.83683689769894476,6489
marginal-greedy-prefix,2128,2128,238.36302645111800302,23544,177012.00064898902201094,200556.00064898902201094,0.83702315906066260,6481
marginal-greedy-prefix,2129,2129,238.51705056136148642,23549,177058.05202558694873005,200607.05202558694873005,0.83723622266572117,6476
marginal-greedy-prefix,2130,2130,238.61171727540119036,23553,177085.42517964320722967,200638.42517964320722967,0.83736715894502911,6472
marginal-greedy-prefix,2131,2131,238.71448913909534895,23571,177101.43795379198854789,200672.43795379198854789,0.83750911171420239,6454
marginal-greedy-prefix,2132,2132,238.85400870429836573,23576,177142.60746532230405137,200718.60746532230405137,0.83770180078991363,6449
marginal-greedy-prefix,2133,2133,239.03864155703766414,23582,177197.66650841571390629,200779.66650841571390629,0.83795663152533850,6443
marginal-greedy-prefix,2134,2134,239.18573229731188690,23592,177236.26066861749859527,200828.26066861749859527,0.83815943990480546,6433
marginal-greedy-prefix,2135,2135,239.30648292105470887,23597,177271.08742515725316480,200868.08742515725316480,0.83832565740747889,6428
marginal-greedy-prefix,2136,2136,239.47082764130109922,23604,177318.27891701459884644,200922.27891701459884644,0.83855182632569558,6421
marginal-greedy-prefix,2137,2137,239.61928331757295041,23607,177364.22895158451865427,200971.22895158451865427,0.83875611995161181,6418
marginal-greedy-prefix,2138,2138,239.76476253225783353,23613,177406.18248391823726706,201019.18248391823726706,0.83895625466207779,6412
marginal-greedy-prefix,2139,2139,239.97613038091165549,23619,177469.79244283732259646,201088.79244283732259646,0.83924677275940718,6406
marginal-greedy-prefix,2140,2140,240.07970647121598518,23627,177495.90067410361371003,201122.90067410361371003,0.83938912392014076,6398
marginal-greedy-prefix,2141,2141,240.18315241965476048,23635,177521.94966154912253842,201156.94966154912253842,0.83953122782599365,6390
marginal-greedy-prefix,2142,2142,240.30953495761391991,23642,177556.46821434964658692,201198.46821434964658692,0.83970450606305602,6383
marginal-greedy-prefix,2143,2143,240.39342864367361585,23650,177575.98409899338730611,201225.98409899338730611,0.83981934397672764,6375
marginal-greedy-prefix,2144,2144,240.52372423273342861,23658,177610.64054009155370295,201268.64054009155370295,0.83999737120586426,6367
marginal-greedy-prefix,2145,2145,240.60969473532506413,23664,177632.78548473684350029,201296.78548473684350029,0.84011483450989088,6361
marginal-greedy-prefix,2146,2146,240.76009582507558093,23672,177673.93406562137533911,201345.93406562137533911,0.84031995677151450,6353
marginal-greedy-prefix,2147,2147,240.88806045632787800,23678,177709.73249853382003494,201387.73249853382003494,0.84049440309197843,6347
marginal-greedy-prefix,2148,2148,241.03351359045740310,23686,177749.22876742726657540,201435.22876742726657540,0.84069262940734235,6339
marginal-greedy-prefix,2149,2149,241.17747530443699588,23694,177788.17376205811160617,201482.17376205811160617,0.84088855497217629,6331
marginal-greedy-prefix,2150,2150,241.31833869059218500,23698,177830.08316646437742747,201528.08316646437742747,0.84108015848731610,6327
marginal-greedy-prefix,2151,2151,241.46594404741620110,23709,177867.18388366684666835,201576.18388366684666835,0.84128090747580619,6316
marginal-greedy-prefix,2152,2152,241.60679287613245947,23713,177909.04002266743918881,201622.04002266743918881,0.84147228868706092,6312
marginal-greedy-prefix,2153,2153,241.72628379748326211,23718,177942.90245470800437033,201660.90245470800437033,0.84163448156850107,6307
marginal-greedy-prefix,2154,2154,241.84499107880455426,23730,177969.49242984477314167,201699.49242984477314167,0.84179553734739831,6295
marginal-greedy-prefix,2155,2155,241.98981249619652090,23739,178007.56726813418208621,201746.56726813418208621,0.84199200481648306,6286
marginal-greedy-prefix,2156,2156,242.12305259658498358,23748,178041.77128150919452310,201789.77128150919452310,0.84217231734586262,6277
marginal-greedy-prefix,2157,2157,242.28180640929289780,23753,178088.23351417281082831,201841.23351417281082831,0.84238709566422265,6272
marginal-greedy-prefix,2158,2158,242.36965211605902937,23761,178108.68843260640278459,201869.68843260640278459,0.84250585264801292,6264
marginal-greedy-prefix,2159,2159,242.49973126327844852,23768,178143.77025465518818237,201911.77025465518818237,0.84268148169683876,6257
marginal-greedy-prefix,2160,2160,242.67960357226084511,23777,178192.94616912951460108,201969.94616912951460108,0.84292427965629635,6248
marginal-greedy-prefix,2161,2161,242.77945045121586531,23786,178216.22530822039698251,202002.22530822039698251,0.84305899707629961,6239
marginal-greedy-prefix,2162,2162,242.93733117323384363,23789,178264.24369071910041384,202053.24369071910041384,0.84327192298004239,6236
marginal-greedy-prefix,2163,2163,243.03410699570397924,23794,178290.50699765121680684,202084.50699765121680684,0.84340240081090423,6231
marginal-greedy-prefix,2164,2164,243.18032862396981386,23800,178331.67650082428008318,202131.67650082428008318,0.84359926336515079,6225
marginal-greedy-prefix,2165,2165,243.31743822074759009,23807,178368.83911830440047197,202175.83911830440047197,0.84378357664162218,6218
marginal-greedy-prefix,2166,2166,243.48899519033651018,23810,178421.05768770890426822,202231.05768770890426822,0.84401403208175962,6215
marginal-greedy-prefix,2167,2167,243.66046897420838491,23816,178470.21660772012546659,202286.21660772012546659,0.84424423857435404,6209
marginal-greedy-prefix,2168,2168,243.78690711785694134,23822,178504.81873605420696549,202326.81873605420696549,0.84441369210161221,6203
marginal-greedy-prefix,2169,2169,243.92246925806003333,23830,178540.34543262125225738,202370.34543262125225738,0.84459535135362229,6195
marginal-greedy-prefix,2170,2170,244.04505851222793922,23840,178569.68789344740798697,202409.68789344740798697,0.84475954764163841,6185
marginal-greedy-prefix,2171,2171,244.26873651929994935,23847,178634.30607183277606964,202481.30607183277606964,0.84505844706984956,6178
marginal-greedy-prefix,2172,2172,244.45605585068872756,23852,178689.21277351159369573,202541.21277351159369573,0.84530846849292263,6173
marginal-greedy-prefix,2173,2173,244.58165901575873136,23860,178721.32675178983481601,202581.32675178983481601,0.84547588471937463,6165
marginal-greedy-prefix,2174,2174,244.72134489730464679,23867,178758.91057367436587811,202625.91057367436587811,0.84566195589807791,6158
marginal-greedy-prefix,2175,2175,244.85271026331705002,23871,178796.80253668606746942,202667.80253668606746942,0.84583679256766564,6154
marginal-greedy-prefix,2176,2176,244.96767000561507643,23881,178823.43192691239528358,202704.43192691239528358,0.84598966581913904,6144
marginal-greedy-prefix,2177,2177,245.12348940841675926,23889,178865.00769741920521483,202754.00769741920521483,0.84619657096238188,6136
marginal-greedy-prefix,2178,2178,245.27086874548464834,23902,178898.84062944521429017,202800.84062944521429017,0.84639202883243125,6123
marginal-greedy-prefix,2179,2179,245.38277959671646045,23913,178923.30170120205730200,202836.30170120205730200,0.84654002609109991,6112
marginal-greedy-prefix,2180,2180,245.52675674082971113,23917,178964.91767078638076782,202881.91767078638076782,0.84673040495207397,6108
marginal-greedy-prefix,2181,2181,245.70475610500213293,23929,179009.30705760023556650,202938.30705760023556650,0.84696574681437531,6096
marginal-greedy-prefix,2182,2182,245.84923565656723099,23935,179049.01640990035957657,202984.01640990035957657,0.84715651540936654,6090
marginal-greedy-prefix,2183,2183,245.98901551881456840,23941,179087.21961877428111620,203028.21961877428111620,0.84734099809456431,6084
marginal-greedy-prefix,2184,2184,246.12733920630219586,23952,179119.89494399662362412,203071.89494399662362412,0.84752327765026103,6073
marginal-greedy-prefix,2185,2185,246.27643367146598052,23961,179157.94742133503314108,203118.94742133503314108,0.84771965179561692,6064
marginal-greedy-prefix,2186,2186,246.39543796175647117,23969,179187.48113201896194369,203156.48113201896194369,0.84787629924065100,6056
marginal-greedy-prefix,2187,2187,246.57287499792286667,23975,179237.41203556212713011,203212.41203556212713011,0.84810972761687176,6050
marginal-greedy-prefix,2188,2188,246.70055639633929445,23983,179269.63807447775616311,203252.63807447775616311,0.84827761152989711,6042
marginal-greedy-prefix,2189,2189,246.84534957212466111,23994,179304.21632622074685059,203298.21632622074685059,0.84846783297495443,6031
marginal-greedy-prefix,2190,2190,246.96378584218010133,24001,179334.48984278095304035,203335.48984278095304035,0.84862339449632285,6024
marginal-greedy-prefix,2191,2191,247.09953300934571985,24009,179369.20661470128106885,203378.20661470128106885,0.84880167351695512,6016
marginal-greedy-prefix,2192,2192,247.27721819742842513,24016,179418.04680602959706448,203434.04680602959706448,0.84903472330453034,6009
marginal-greedy-prefix,2193,2193,247.42503513163981665,24024,179456.47196273430017754,203480.47196273430017754,0.84922847931880618,6001
marginal-greedy-prefix,2194,2194,247.54428268108233624,24032,179485.87562318897107616,203517.87562318897107616,0.84938458399746397,5993
marginal-greedy-prefix,2195,2195,247.76033693256619017,24037,179548.62531353178201243,203585.62531353178201243,0.84966733823893581,5988
marginal-greedy-prefix,2196,2196,247.92192122538625654,24042,179594.24302491461276077,203636.24302491461276077,0.84987859193640169,5983
marginal-greedy-prefix,2197,2197,248.09888071212549221,24045,179646.63759973482228816,203691.63759973482228816,0.85010978193750264,5980
marginal-greedy-prefix,2198,2198,248.23399118069443148,24054,179679.92765356690506451,203733.92765356690506451,0.85028628004446938,5971
marginal-greedy-prefix,2199,2199,248.41836682063205899,24060,179731.52685786772053689,203791.52685786772053689,0.85052667109628155,5965
marginal-greedy-prefix,2200,2200,248.60268649921206929,24066,179782.89404102970729582,203848.89404102970729582,0.85076609380475843,5959
marginal-greedy-prefix,2201,2201,248.72639776379716636,24071,179816.34534685520338826,203887.34534685520338826,0.85092657084542489,5954
marginal-greedy-prefix,2202,2202,248.80785823492379905,24078,179834.65591646762914024,203912.65591646762914024,0.85103220484723019,5947
marginal-greedy-prefix,2203,2203,248.96195265933607743,24087,179873.51450854464201257,203960.51450854464201257,0.85123194332326113,5938
marginal-greedy-prefix,2204,2204,249.10726225514247290,24090,179915.62799831878510304,204005.62799831878510304,0.85142022507800708,5935
marginal-greedy-prefix,2205,2205,249.28438913895550400,24098,179962.56967960332985967,204060.56967960332985967,0.85164952492186152,5927
marginal-greedy-prefix,2206,2206,249.37266749502614971,24102,179985.93232905160402879,204087.93232905160402879,0.85176372330638928,5923
marginal-greedy-prefix,2207,2207,249.47463293569737175,24112,180007.53514064889168367,204119.53514064889168367,0.85189561806452552,5913
marginal-greedy-prefix,2208,2208,249.69106276885267448,24118,180068.55897123293834738,204186.55897123293834738,0.85217534292055708,5907
marginal-greedy-prefix,2209,2209,249.83555138982515587,24124,180107.30136108995066024,204231.30136108995066024,0.85236207588482071,5901
marginal-greedy-prefix,2210,2210,249.99857656918564430,24129,180152.74588861755910330,204281.74588861755910330,0.85257260679714364,5896
marginal-greedy-prefix,2211,2211,250.11419465051992006,24138,180179.49930837273132056,204317.49930837273132056,0.85272182417410503,5887
marginal-greedy-prefix,2212,2212,250.27757303867130645,24149,180218.98322264981106855,204367.98322264981106855,0.85293251946755522,5876
marginal-greedy-prefix,2213,2213,250.41646200629597274,24152,180258.87534517506719567,204410.87534517506719567,0.85311153031628939,5873
marginal-greedy-prefix,2214,2214,250.53025250212246533,24159,180287.00609721452929080,204446.00609721452929080,0.85325814898118646,5866
marginal-greedy-prefix,2215,2215,250.74133212270379545,24163,180348.05996443270123564,204511.05996443270123564,0.85352965216868459,5862
marginal-greedy-prefix,2216,2216,250.94031879738366797,24174,180398.36150215315865353,204572.36150215315865353,0.85378549495868838,5851
marginal-greedy-prefix,2217,2217,251.08247886727940568,24178,180438.00473910028813407,204616.00473910028813407,0.85396764059353802,5847
marginal-greedy-prefix,2218,2218,251.18650519073241867,24182,180465.91301417656359263,204647.91301417656359263,0.85410081020760142,5843
marginal-greedy-prefix,2219,2219,251.41755190505745077,24192,180526.75232808254077099,204718.75232808254077099,0.85439645903445982,5833
marginal-greedy-prefix,2220,2220,251.56140153311486074,24203,180559.85139059260836802,204762.85139059260836802,0.85458050706341104,5822
marginal-greedy-prefix,2221,2221,251.79082051800051545,24209,180624.05156281773815863,204833.05156281773815863,0.85487348842389055,5816
marginal-greedy-prefix,2222,2222,251.91347304395952733,24213,180657.57718885835492983,204870.57718885835492983,0.85503010212755737,5812
marginal-greedy-prefix,2223,2223,252.05894732200346198,24228,180687.07772669318364933,204915.07772669318364933,0.85521582571916210,5797
marginal-greedy-prefix,2224,2224,252.18196985486366657,24239,180713.67026740970322862,204952.67026740970322862,0.85537271869212650,5786
marginal-greedy-prefix,2225,2225,252.28939002806822600,24244,180741.41892006245325319,204985.41892006245325319,0.85550939563327844,5781
marginal-greedy-prefix,2226,2226,252.43181420828983619,24248,180780.78870616276981309,205028.78870616276981309,0.85569040001735075,5777
marginal-greedy-prefix,2227,2227,252.63764024832596533,24257,180834.45755020203068852,205091.45755020203068852,0.85595194927861784,5768
marginal-greedy-prefix,2228,2228,252.74287869245927141,24268,180855.49784439156064764,205123.49784439156064764,0.85608566987622137,5757
marginal-greedy-prefix,2229,2229,252.89348329526455927,24273,180896.29155378270661458,205169.29155378270661458,0.85627679053666361,5752
marginal-greedy-prefix,2230,2230,253.02036217655995642,24283,180924.76092060605878942,205207.76092060605878942,0.85643734295514695,5742
marginal-greedy-prefix,2231,2231,253.09626763633204405,24288,180942.77393231220776215,205230.77393231220776215,0.85653338806820989,5737
marginal-greedy-prefix,2232,2232,253.33224447627046061,24295,181007.29756543811527081,205302.29756543811527081,0.85683189291051232,5730
marginal-greedy-prefix,2233,2233,253.46218618951738222,24301,181040.62743922689696774,205341.62743922689696774,0.85699603666635915,5724
marginal-greedy-prefix,2234,2234,253.56413169800586616,24306,181066.48028585006250069,205372.48028585006250069,0.85712480143561542,5719
marginal-greedy-prefix,2235,2235,253.76440028491779799,24311,181122.02752881200285628,205433.02752881200285628,0.85737749616632619,5714
marginal-greedy-prefix,2236,2236,253.88937747870866701,24315,181155.76008142920909449,205470.76008142920909449,0.85753497348083618,5710
marginal-greedy-prefix,2237,2237,254.00002898205897850,24323,181181.14097679039696231,205504.14097679039696231,0.85767428909541310,5702
marginal-greedy-prefix,2238,2238,254.17864207855609493,24325,181233.00310329991043545,205558.00310329991043545,0.85789908340293231,5700
marginal-greedy-prefix,2239,2239,254.33399588929137281,24333,181271.79325283269281499,205604.79325283269281499,0.85809436271967243,5692
marginal-greedy-prefix,2240,2240,254.46661324857387854,24344,181300.66111734724836424,205644.66111734724836424,0.85826075178703010,5681
marginal-greedy-prefix,2241,2241,254.58340715946786759,24351,181328.72184035784448497,205679.72184035784448497,0.85840707818483575,5674
marginal-greedy-prefix,2242,2242,254.71242921012094484,24354,181364.43389848299557343,205718.43389848299557343,0.85856864347872275,5671
marginal-greedy-prefix,2243,2243,254.82176878407165077,24358,181393.23698314203647897,205751.23698314203647897,0.85870554759258322,5667
marginal-greedy-prefix,2244,2244,255.01041885483272154,24366,181441.68401198287028819,205807.68401198287028819,0.85894113002465733,5659
marginal-greedy-prefix,2245,2245,255.12480948939730752,24371,181470.89239028116571717,205841.89239028116571717,0.85908389915037242,5654
marginal-greedy-prefix,2246,2246,255.27694078034775771,24377,181510.29277430393267423,205887.29277430393267423,0.85927337826211347,5648
marginal-greedy-prefix,2247,2247,255.40798000103021081,24381,181545.38702215635566972,205926.38702215635566972,0.85943653862995417,5644
marginal-greedy-prefix,2248,2248,255.51931633064188532,24386,181573.57912655259133317,205959.57912655259133317,0.85957506632290626,5639
marginal-greedy-prefix,2249,2249,255.63711788967583516,24394,181600.62212148329126649,205994.62212148329126649,0.85972131873233271,5631
marginal-greedy-prefix,2250,2250,255.78038502015368749,24407,181630.23799436775152571,206037.23799436775152571,0.85989917664948523,5618
marginal-greedy-prefix,2251,2251,255.90511999030161405,24419,181655.32105479860911146,206074.32105479860911146,0.86005394329964291,5606
marginal-greedy-prefix,2252,2252,256.01828990597300617,24423,181684.93494387512328103,206107.93494387512328103,0.86019423131661621,5602
marginal-greedy-prefix,2253,2253,256.17442571498230564,24433,181721.26568406794103794,206154.26568406794103794,0.86038759328231318,5592
marginal-greedy-prefix,2254,2254,256.31353022933240027,24441,181754.51033457252196968,206195.51033457252196968,0.86055972838446915,5584
marginal-greedy-prefix,2255,2255,256.43654502173927767,24446,181785.97966739092953503,206231.97966739092953503,0.86071193363420351,5579
marginal-greedy-prefix,2256,2256,256.57069323753461276,24451,181820.69471489093848504,206271.69471489093848504,0.86087768491770100,5574
marginal-greedy-prefix,2257,2257,256.72553808997457736,24465,181852.53278593430877663,206317.53278593430877663,0.86106899072209386,5560
marginal-greedy-prefix,2258,2258,256.83002349402050868,24470,181878.46257984472322278,206348.46257984472322278,0.86119807663188574,5555
marginal-greedy-prefix,2259,2259,256.97605893131714083,24475,181916.65462482653674670,206391.65462482653674670,0.86137833921101559,5550
marginal-greedy-prefix,2260,2260,257.07290358156353705,24486,181934.28794070865842514,206420.28794070865842514,0.86149784073895030,5539
marginal-greedy-prefix,2261,2261,257.21220024215830335,24492,181969.42255530564580113,206461.42255530564580113,0.86166951660476987,5533
marginal-greedy-prefix,2262,2262,257.35914937384211498,24501,182003.79153409326681867,206504.79153409326681867,0.86185051761951181,5524
marginal-greedy-prefix,2263,2263,257.49745394971461110,24509,182036.48914108754252084,206545.48914108754252084,0.86202036962823914,5516
marginal-greedy-prefix,2264,2264,257.65384717256625891,24517,182074.35870810862979852,206591.35870810862979852,0.86221180688151755,5508
marginal-greedy-prefix,2265,2265,257.79163131214778559,24528,182103.76882865020888858,206631.76882865020888858,0.86238045906167804,5497
marginal-greedy-prefix,2266,2266,257.94688616064291864,24537,182140.28497109562158585,206677.28497109562158585,0.86257042129274886,5488
marginal-greedy-prefix,2267,2267,258.10866537070057802,24545,182179.68702793528791517,206724.68702793528791517,0.86276825441284255,5480
marginal-greedy-prefix,2268,2268,258.27480263177989173,24547,182226.21874251586268656,206773.21874251586268656,0.86297080217467181,5478
marginal-greedy-prefix,2269,2269,258.48395358054841608,24557,182277.22318973660003394,206834.22318973660003394,0.86322540505348977,5468
marginal-greedy-prefix,2270,2270,258.63978185607822979,24564,182315.66984741296619177,206879.66984741296619177,0.86341507728894484,5461
marginal-greedy-prefix,2271,2271,258.78798495860280582,24569,182353.83533122722292319,206922.83533122722292319,0.86359522901468566,5456
marginal-greedy-prefix,2272,2272,258.95261632325849632,24578,182392.70841399981873110,206970.70841399981873110,0.86379502796782903,5447
marginal-greedy-prefix,2273,2273,259.10590402887663686,24589,182426.27572623477317393,207015.27572623477317393,0.86398103024328832,5436
marginal-greedy-prefix,2274,2274,259.21386725527395356,24592,182454.62775127717759460,207046.62775127717759460,0.86411187834037362,5433
marginal-greedy-prefix,2275,2275,259.34804178314897172,24594,182491.58610716045950539,207085.58610716045950539,0.86427447156125814,5431
marginal-greedy-prefix,2276,2276,259.52896764032487908,24598,182540.10809807491023093,207138.10809807491023093,0.86449367279489409,5427
marginal-greedy-prefix,2277,2277,259.67790802794695537,24603,182578.29304048229823820,207181.29304048229823820,0.86467390573133440,5422
marginal-greedy-prefix,2278,2278,259.82090570451686062,24608,182614.71198949785321020,207222.71198949785321020,0.86484676827066398,5417
marginal-greedy-prefix,2279,2279,259.91665885599263675,24614,182636.44641676286119036,207250.44641676286119036,0.86496251827489712,5411
marginal-greedy-prefix,2280,2280,260.11581704477919175,24622,182686.10373552871169522,207308.10373552871169522,0.86520315186820862,5403
marginal-greedy-prefix,2281,2281,260.22781274929729989,24628,182712.41274003064609133,207340.41274003064609133,0.86533799393190558,5397
marginal-greedy-prefix,2282,2282,260.33463470272687346,24632,182739.21801300960942172,207371.21801300960942172,0.86546656015191969,5393
marginal-greedy-prefix,2283,2283,260.48265517147996206,24636,182777.89756866221432574,207413.89756866221432574,0.86564468384995930,5389
marginal-greedy-prefix,2284,2284,260.58958553996399132,24641,182803.69623300922103226,207444.69623300922103226,0.86577322248875932,5384
marginal-greedy-prefix,2285,2285,260.69776907171819857,24643,182832.83868201100267470,207475.83868201100267470,0.86590319591742759,5382
marginal-greedy-prefix,2286,2286,260.81126138505447898,24653,182855.50171075278194621,207508.50171075278194621,0.86603951550603864,5372
marginal-greedy-prefix,2287,2287,260.91796546291271852,24657,182882.17374757962534204,207539.17374757962534204,0.86616752566318445,5368
marginal-greedy-prefix,2288,2288,261.04637276113157895,24660,182916.03495772957103327,207576.03495772957103327,0.86632136641821877,5365
marginal-greedy-prefix,2289,2289,261.25190006050797820,24664,182970.95359480252955109,207634.95359480252955109,0.86656726414040497,5361
marginal-greedy-prefix,2290,2290,261.43187040951767131,24673,183013.45396239779074676,207686.45396239779074676,0.86678220161541386,5352
marginal-greedy-prefix,2291,2291,261.56858994904541760,24676,183049.55111678465618752,207725.55111678465618752,0.86694537411371497,5349
marginal-greedy-prefix,2292,2292,261.74170379634489336,24683,183092.04451494087697938,207775.04451494087697938,0.86715193547484759,5342
marginal-greedy-prefix,2293,2293,261.88312256248275389,24693,183122.40024041436845437,207815.40024041436845437,0.86732036063646178,5332
marginal-greedy-prefix,2294,2294,262.01908111873638063,24699,183155.16470136880525388,207854.16470136880525388,0.86748214463425977,5326
marginal-greedy-prefix,2295,2295,262.17844333517331279,24707,183192.58650747570209205,207899.58650747570209205,0.86767171315135627,5318
marginal-greedy-prefix,2296,2296,262.35362591602728344,24713,183236.46820691600441933,207949.46820691600441933,0.86787989509310692,5312
marginal-greedy-prefix,2297,2297,262.50744711047343571,24721,183272.26069759050733410,207993.26069759050733410,0.86806266364038986,5304
marginal-greedy-prefix,2298,2298,262.64853022517343106,24727,183306.41524098502122797,208033.41524098502122797,0.86823024916589875,5298
marginal-greedy-prefix,2299,2299,262.78212599919316972,24731,183340.41147865209495649,208071.41147865209495649,0.86838882697350162,5294
marginal-greedy-prefix,2300,2300,262.92478013440967288,24736,183375.85375467091216706,208111.85375467091216706,0.86855761335497772,5289
marginal-greedy-prefix,2301,2301,263.09608627486062460,24746,183414.36378113483078778,208160.36378113483078778,0.86876007060116112,5279
marginal-greedy-prefix,2302,2302,263.28135459905627158,24753,183459.78413272992474958,208212.78413272992474958,0.86897884764173439,5272
marginal-greedy-prefix,2303,2303,263.43028426704387357,24757,183497.90853838415932842,208254.90853838415932842,0.86915465441380890,5268
marginal-greedy-prefix,2304,2304,263.55868713015757976,24766,183525.16746300409431569,208291.16746300409431569,0.86930598152210437,5259
marginal-greedy-prefix,2305,2305,263.69145983633478636,24773,183555.61480315835797228,208328.61480315835797228,0.86946226849857433,5252
marginal-greedy-prefix,2306,2306,263.86904527854477465,24779,183599.68484274673392065,208378.68484274673392065,0.86967123648045941,5246
marginal-greedy-prefix,2307,2307,264.00224391645298283,24785,183631.22115647405735217,208416.22115647405735217,0.86982789478933009,5240
marginal-greedy-prefix,2308,2308,264.13599935580026568,24794,183659.85192713429569267,208453.85192713429569267,0.86998494731547737,5231
marginal-greedy-prefix,2309,2309,264.29256983913774093,24796,183701.81916600497788750,208497.81916600497788750,0.87016844517670122,5229
marginal-greedy-prefix,2310,2310,264.41248988461597946,24801,183730.49093944090418518,208531.49093944090418518,0.87030897477482505,5224
marginal-greedy-prefix,2311,2311,264.59321251659270047,24810,183772.18582912086276338,208582.18582912086276338,0.87052055057694933,5215
marginal-greedy-prefix,2312,2312,264.70595853746158355,24823,183790.76247946353396401,208613.76247946353396401,0.87065233615073845,5202
marginal-greedy-prefix,2313,2313,264.80888025422092369,24832,183810.57513481151545420,208642.57513481151545420,0.87077258615433972,5193
marginal-greedy-prefix,2314,2314,264.91739919336697540,24840,183832.93198219890473410,208672.93198219890473410,0.87089928086413193,5185
marginal-greedy-prefix,2315,2315,265.13297513759511048,24846,183887.21486623300006613,208733.21486623300006613,0.87115087228931110,5179
marginal-greedy-prefix,2316,2316,265.25145638033097839,24852,183914.28885390091454610,208766.28885390091454610,0.87128890702051309,5173
marginal-greedy-prefix,2317,2317,265.42299067125219381,24863,183951.04219880880555138,208814.04219880880555138,0.87148820624607182,5162
marginal-greedy-prefix,2318,2318,265.56444159399217142,24870,183983.41649145644623786,208853.41649145644623786,0.87165253538462195,5155
marginal-greedy-prefix,2319,2319,265.72881383842786818,24870,184029.16498659594799392,208899.16498659594799392,0.87184346734277840,5155
marginal-greedy-prefix,2320,2320,265.89158311283091507,24880,184064.44913101301062852,208944.44913101301062852,0.87203246132696577,5145
marginal-greedy-prefix,2321,2321,266.01708934366155290,24890,184089.31540155812399462,208979.31540155812399462,0.87217797617479831,5135
marginal-greedy-prefix,2322,2322,266.10802055004887734,24893,184111.56761073847883381,209004.56761073847883381,0.87228336660855743,5132
marginal-greedy-prefix,2323,2323,266.23572969724449422,24900,184139.98000987534760498,209039.98000987534760498,0.87243116073139371,5125
marginal-greedy-prefix,2324,2324,266.38007957974338069,24906,184173.97400893564918078,209079.97400893564918078,0.87259807622297003,5119
marginal-greedy-prefix,2325,2325,266.52596330518923651,24915,184205.31203317793551832,209120.31203317793551832,0.87276642750825839,5110
marginal-greedy-prefix,2326,2326,266.72335326148174772,24917,184257.88749268089304678,209174.88749268089304678,0.87299419892059471,5108
marginal-greedy-prefix,2327,2327,266.87843308689616606,24923,184294.71198764172731899,209217.71198764172731899,0.87317292752478159,5102
marginal-greedy-prefix,2328,2328,267.03231715434742455,24927,184333.18335005713743158,209260.18335005713743158,0.87335018232555306,5098
marginal-greedy-prefix,2329,2329,267.15646340521215052,24931,184363.36570435314206406,209294.36570435314206406,0.87349284283974560,5094
marginal-greedy-prefix,2330,2330,267.29899413168226374,24938,184395.58004734912537970,209333.58004734912537970,0.87365650442627885,5087
marginal-greedy-prefix,2331,2331,267.41861151949211717,24950,184416.47647377537214197,209366.47647377537214197,0.87379379810325686,5075
marginal-greedy-prefix,2332,2332,267.54311897695129119,24958,184442.71361312372027896,209400.71361312372027896,0.87393668726360019,5067
marginal-greedy-prefix,2333,2333,267.70106089023454388,24966,184478.10378901637159288,209444.10378901637159288,0.87411777674474433,5059
marginal-greedy-prefix,2334,2334,267.88158805790482120,24970,184523.68320771417347714,209493.68320771417347714,0.87432469711376115,5055
marginal-greedy-prefix,2335,2335,268.06703714173988828,24973,184571.55930831065052189,209544.55930831065052189,0.87453702920207643,5052
marginal-greedy-prefix,2336,2336,268.21608379307042469,24978,184607.40093154972419143,209585.40093154972419143,0.87470748226453332,5047
marginal-greedy-prefix,2337,2337,268.30762091101615852,24981,184629.46071891143219545,209610.46071891143219545,0.87481206962325109,5044
marginal-greedy-prefix,2338,2338,268.41771315242021956,24985,184655.59973133326275274,209640.59973133326275274,0.87493785519589251,5040
marginal-greedy-prefix,2339,2339,268.62283567443182619,24993,184703.59825823514256626,209696.59825823514256626,0.87517156579910793,5032
marginal-greedy-prefix,2340,2340,268.74575624010168440,25000,184730.10745843188487925,209730.10745843188487925,0.87531141689563718,5025
marginal-greedy-prefix,2341,2341,268.89236493632540714,25006,184764.03242291184142232,209770.03242291184142232,0.87547804427046638,5019
marginal-greedy-prefix,2342,2342,269.09739471224889940,25014,184811.83036634663585573,209825.83036634663585573,0.87571091773589127,5011
marginal-greedy-prefix,2343,2343,269.28163314850525012,25022,184853.94231923489132896,209875.94231923489132896,0.87592006064349559,5003
marginal-greedy-prefix,2344,2344,269.46954622505847965,25029,184897.99275179230608046,209926.99275179230608046,0.87613312030858836,4996
marginal-greedy-prefix,2345,2345,269.62694451878621749,25033,184936.69572711997898296,209969.69572711997898296,0.87631134174895609,4992
marginal-greedy-prefix,2346,2346,269.84279177045823417,25038,184990.22274074290180579,210028.22274074290180579,0.87655560502542018,4987
marginal-greedy-prefix,2347,2347,270.00030808044061814,25043,185027.85424927179701626,210070.85424927179701626,0.87673352819814454,4982
marginal-greedy-prefix,2348,2348,270.17118510276037568,25047,185070.03036172880092636,210117.03036172880092636,0.87692624482291182,4978
marginal-greedy-prefix,2349,2349,270.31193976021125991,25058,185097.00567910773679614,210155.00567910773679614,0.87708473531941156,4967
marginal-greedy-prefix,2350,2350,270.41371860926130921,25065,185117.44332307705190033,210182.44332307705190033,0.87719924669457883,4960
marginal-greedy-prefix,2351,2351,270.53968280746454411,25070,185146.37579060890129767,210216.37579060890129767,0.87734086430300906,4955
marginal-greedy-prefix,2352,2352,270.73366773362209869,25075,185193.58508566944510676,210268.58508566944510676,0.87755876049630410,4950
marginal-greedy-prefix,2353,2353,270.84254093804952390,25082,185215.81095595360966399,210297.81095595360966399,0.87768073505798461,4943
marginal-greedy-prefix,2354,2354,271.01487204831738609,25089,185255.06225658059702255,210344.06225658059702255,0.87787376548158791,4936
marginal-greedy-prefix,2355,2355,271.15622996048409732,25102,185279.99808691977523267,210381.99808691977523267,0.87803209117839753,4923
marginal-greedy-prefix,2356,2356,271.34084987061095262,25108,185323.52256653466611169,210431.52256653466611169,0.87823878225841479,4917
marginal-greedy-prefix,2357,2357,271.52608953771124334,25121,185360.15901198401115835,210481.15901198401115835,0.87844594062934422,4904
marginal-greedy-prefix,2358,2358,271.68071635384944784,25129,185393.58746197810978629,210522.58746197810978629,0.87861884282113523,4896
marginal-greedy-prefix,2359,2359,271.80997499770296599,25134,185423.16128542966907844,210557.16128542966907844,0.87876313713709975,4891
marginal-greedy-prefix,2360,2360,271.93489539914395436,25137,185453.55195415968773887,210590.55195415968773887,0.87890249354096250,4888
marginal-greedy-prefix,2361,2361,272.04423990873442563,25142,185477.76549857022473589,210619.76549857022473589,0.87902441666044406,4883
marginal-greedy-prefix,2362,2362,272.20279847720843236,25148,185514.09226215092348866,210662.09226215092348866,0.87920106797603914,4877
marginal-greedy-prefix,2363,2363,272.38877319359795592,25156,185555.60804213455412537,210711.60804213455412537,0.87940772274802870,4869
marginal-greedy-prefix,2364,2364,272.57682567863582790,25164,185597.59245051784091629,210761.59245051784091629,0.87961633334693057,4861
marginal-greedy-prefix,2365,2365,272.71324646276048043,25173,185624.84411064317100681,210797.84411064317100681,0.87976763013676040,4852
marginal-greedy-prefix,2366,2366,272.87351258602194548,25181,185659.40569556318223476,210840.40569556318223476,0.87994526148236507,4844
marginal-greedy-prefix,2367,2367,272.96970795337000482,25185,185680.91256716186762787,210865.91256716186762787,0.88005171475314337,4840
marginal-greedy-prefix,2368,2368,273.07697508293472310,25189,185705.32285048192716204,210894.32285048192716204,0.88017028545168841,4836
marginal-greedy-prefix,2369,2369,273.20685310213809771,25196,185732.71027108511771075,210928.71027108511771075,0.88031380181286478,4829
marginal-greedy-prefix,2370,2370,273.37364879711753929,25198,185774.85288520413450897,210972.85288520413450897,0.88049803160504025,4827
marginal-greedy-prefix,2371,2371,273.56802571690502646,25206,185818.14866998489014804,211024.14866998489014804,0.88071211525092841,4819
marginal-greedy-prefix,2372,2372,273.75503059839627440,25210,185863.45534687026520260,211073.45534687026520260,0.88091789732833237,4815
marginal-greedy-prefix,2373,2373,273.92051098953908195,25217,185900.03976258428883739,211117.03976258428883739,0.88109979747197653,4808
marginal-greedy-prefix,2374,2374,274.03588163643217968,25224,185923.39952133112819865,211147.39952133112819865,0.88122650433236649,4801
marginal-greedy-prefix,2375,2375,274.17453518730235373,25232,185951.85981176048517227,211183.85981176048517227,0.88137867184356888,4793
marginal-greedy-prefix,2376,2376,274.33984909706458666,25237,185990.27078049388364889,211227.27078049388364889,0.88155984810391275,4788
marginal-greedy-prefix,2377,2377,274.44427775545460690,25241,186013.64146185634308495,211254.64146185634308495,0.88167408000974212,4784
marginal-greedy-prefix,2378,2378,274.58529453444140245,25246,186045.57657360355369747,211291.57657360355369747,0.88182822919408399,4779
marginal-greedy-prefix,2379,2379,274.73844972832881695,25253,186078.68787763160071336,211331.68787763160071336,0.88199563425951688,4772
marginal-greedy-prefix,2380,2380,274.90117337483104620,25257,186117.30156012348015793,211374.30156012348015793,0.88217348303503662,4768
marginal-greedy-prefix,2381,2381,275.05612121133185610,25259,186155.81518483656691387,211414.81518483656691387,0.88234256719124537,4766
marginal-greedy-prefix,2382,2382,275.17589370972876850,25269,186177.09776512131793424,211446.09776512131793424,0.88247312545970302,4756
marginal-greedy-prefix,2383,2383,275.27495906392806546,25273,186198.93218169399187900,211471.93218169399187900,0.88258094574382406,4752
marginal-greedy-prefix,2384,2384,275.45145952217785634,25279,186238.94728700103587471,211517.94728700103587471,0.88277299040309110,4746
marginal-greedy-prefix,2385,2385,275.56972380428504721,25288,186260.77658845882979222,211548.77658845882979222,0.88290165690628397,4737
marginal-greedy-prefix,2386,2386,275.76550133434210466,25294,186305.68912121609901078,211599.68912121609901078,0.88311414104471098,4731
marginal-greedy-prefix,2387,2387,275.97694518591748647,25298,186356.60850302726612426,211654.60850302726612426,0.88334334782141422,4727
marginal-greedy-prefix,2388,2388,276.11302210331297147,25306,186383.93335817777551711,211689.93335817777551711,0.88349077657824893,4719
marginal-greedy-prefix,2389,2389,276.28128075043201761,25311,186422.58126764130429365,211733.58126764130429365,0.88367294171390853,4714
marginal-greedy-prefix,2390,2390,276.43338666610475229,25316,186456.98085587326204404,211772.98085587326204404,0.88383737642391913,4709
marginal-greedy-prefix,2391,2391,276.54293451801959236,25322,186479.32907274665194564,211801.32907274665194564,0.88395568808731639,4703
marginal-greedy-prefix,2392,2392,276.65013639378503285,25322,186507.06300023448420689,211829.06300023448420689,0.88407143600572280,4703
marginal-greedy-prefix,2393,2393,276.79367349493497841,25325,186541.15204877080395818,211866.15204877080395818,0.88422622764731895,4700
marginal-greedy-prefix,2394,2394,276.93424752789547938,25333,186569.46973625558894128,211902.46973625558894128,0.88437780000321919,4692
marginal-greedy-prefix,2395,2395,277.07120602248159003,25339,186598.81310506633599289,211937.81310506633599289,0.88452530602706336,4686
marginal-greedy-prefix,2396,2396,277.24249623713967594,25343,186638.97318384423851967,211981.97318384423851967,0.88470960870822690,4682
marginal-greedy-prefix,2397,2397,277.44985102785437903,25348,186687.38807619881117716,212035.38807619881117716,0.88493253647800107,4677
marginal-greedy-prefix,2398,2398,277.54657051224410225,25356,186704.29886094218818471,212060.29886094218818471,0.88503650197229256,4669
marginal-greedy-prefix,2399,2399,277.75061477092532414,25359,186753.78929229173809290,212112.78929229173809290,0.88525557149166112,4666
marginal-greedy-prefix,2400,2400,277.94163548392555185,25367,186794.80153776222141460,212161.80153776222141460,0.88546012475560532,4658
marginal-greedy-prefix,2401,2401,278.07777407300790173,25371,186825.68390683387406170,212196.68390683387406170,0.88560570679085437,4654
marginal-greedy-prefix,2402,2402,278.25370277275743547,25375,186866.66564233036478981,212241.66564233036478981,0.88579343866735505,4650
marginal-greedy-prefix,2403,2403,278.43164993155062348,25388,186899.14254059660015628,212287.14254059660015628,0.88598323711231752,4637
marginal-greedy-prefix,2404,2404,278.65426313467452246,25391,186953.02317598747322336,212344.02317598747322336,0.88622062920714484,4634
marginal-greedy-prefix,2405,2405,278.77544985322947468,25399,186975.98784099816111848,212374.98784099816111848,0.88634986065194143,4626
marginal-greedy-prefix,2406,2406,278.89714665780502401,25404,187001.98295351536944509,212405.98295351536944509,0.88647921916981498,4621
marginal-greedy-prefix,2407,2407,279.01346514330947457,25407,187028.58564205985749140,212435.58564205985749140,0.88660276638755975,4618
marginal-greedy-prefix,2408,2408,279.12714370794844854,25413,187051.49410455097677186,212464.49410455097677186,0.88672341624355810,4612
marginal-greedy-prefix,2409,2409,279.24873333279737153,25423,187072.38389417069265619,212495.38389417069265619,0.88685233519490603,4602
marginal-greedy-prefix,2410,2410,279.36641648981873232,25435,187090.24608584045199677,212525.24608584045199677,0.88697696545242521,4590
marginal-greedy-prefix,2411,2411,279.51472252994739165,25438,187124.84311789233470336,212562.84311789233470336,0.88713387717003800,4587
marginal-greedy-prefix,2412,2412,279.64979271715930054,25446,187151.05201833759201691,212597.05201833759201691,0.88727664847494048,4579
marginal-greedy-prefix,2413,2413,279.81220237812260621,25449,187189.17698353674495593,212638.17698353674495593,0.88744828406886866,4576
marginal-greedy-prefix,2414,2414,279.95291326712140290,25453,187220.78352100923075341,212673.78352100923075341,0.88759688843065288,4572
marginal-greedy-prefix,2415,2415,280.05639555018245801,25463,187236.92213908364647068,212699.92213908364647068,0.88770597830382203,4562
marginal-greedy-prefix,2416,2416,280.21282006571254897,25469,187270.38138765402254649,212739.38138765402254649,0.88787066200705533,4556
marginal-greedy-prefix,2417,2417,280.34550590432286299,25475,187297.81923281258787028,212772.81923281258787028,0.88801021530237556,4550
marginal-greedy-prefix,2418,2418,280.54028471351819007,25479,187342.87252208471181802,212821.87252208471181802,0.88821493986317657,4546
marginal-greedy-prefix,2419,2419,280.61728151895255223,25484,187357.24633463672944345,212841.24633463672944345,0.88829579672975179,4541
marginal-greedy-prefix,2420,2420,280.75701034145384938,25492,187384.40239976454176940,212876.40239976454176940,0.88844252103916266,4533
marginal-greedy-prefix,2421,2421,280.96002036161200976,25497,187430.43581396798253991,212927.43581396798253991,0.88865550967792684,4528
marginal-greedy-prefix,2422,2422,281.11289413614696286,25501,187464.81620449523325078,212965.81620449523325078,0.88881569075264488,4524
marginal-greedy-prefix,2423,2423,281.31112606451637248,25505,187510.46040913547039963,213015.46040913547039963,0.88902288150666142,4520
marginal-greedy-prefix,2424,2424,281.42169279507663759,25506,187537.07520053567714058,213043.07520053567714058,0.88913813220900795,4519
marginal-greedy-prefix,2425,2425,281.55904106163092138,25511,187566.35869541045394726,213077.35869541045394726,0.88928121483476275,4514
marginal-greedy-prefix,2426,2426,281.69576261456575139,25519,187592.47663798442226835,213111.47663798442226835,0.88942360652576924,4506
marginal-greedy-prefix,2427,2427,281.82757813664784408,25522,187622.29646211044746451,213144.29646211044746451,0.88956058050201969,4503
marginal-greedy-prefix,2428,2428,281.94288024346167276,25531,187641.96496723315794952,213172.96496723315794952,0.88968022889272202,4494
marginal-greedy-prefix,2429,2429,282.13089667606834610,25534,187685.65835279427119531,213219.65835279427119531,0.88987510436372830,4491
marginal-greedy-prefix,2430,2430,282.28929877470034171,25541,187717.99044021021109074,213258.99044021021109074,0.89003925735817779,4484
marginal-greedy-prefix,2431,2431,282.41431408146047488,25549,187741.01967874472029507,213290.01967874472029507,0.89016875830144226,4476
marginal-greedy-prefix,2432,2432,282.63616464341419032,25555,187790.00533266220008954,213345.00533266220008954,0.89039824166567016,4470
marginal-greedy-prefix,2433,2433,282.77308257796306634,25564,187814.87945835752179846,213378.87945835752179846,0.89053961578366303,4461
marginal-greedy-prefix,2434,2434,282.91380963402031057,25571,187842.69008998110075481,213413.69008998110075481,0.89068489842171017,4454
marginal-greedy-prefix,2435,2435,283.02549642678030750,25577,187864.29288586197071709,213441.29288586197071709,0.89080009906059576,4448
marginal-greedy-prefix,2436,2436,283.14275046622037735,25582,187888.23566998672322370,213470.23566998672322370,0.89092089215839243,4443
marginal-greedy-prefix,2437,2437,283.22723761246857066,25588,187903.07660462689818814,213491.07660462689818814,0.89100787207868326,4437
marginal-greedy-prefix,2438,2438,283.37503595696171033,25598,187929.51442836329806596,213527.51442836329806596,0.89115994582484115,4427
marginal-greedy-prefix,2439,2439,283.55663437608927779,25601,187971.27982754929689690,213572.27982754929689690,0.89134677481884794,4424
marginal-greedy-prefix,2440,2440,283.75546829881494659,25604,188017.25132798659615219,213621.25132798659615219,0.89155115803284968,4421
marginal-greedy-prefix,2441,2441,283.86544799663357708,25611,188037.32934511330677196,213648.32934511330677196,0.89166416850056518,4414
marginal-greedy-prefix,2442,2442,284.02458985319952944,25616,188071.42960152428713627,213687.42960152428713627,0.89182735394520563,4409
marginal-greedy-prefix,2443,2443,284.13558272015467310,25624,188090.69516363705042750,213714.69516363705042750,0.89194114713443629,4401
marginal-greedy-prefix,2444,2444,284.24347092060679643,25629,188112.17560659738956019,213741.17560659738956019,0.89205166361835231,4396
marginal-greedy-prefix,2445,2445,284.39155698398070626,25637,188140.43867888662498444,213777.43867888662498444,0.89220300803700126,4388
marginal-greedy-prefix,2446,2446,284.54836327655254991,25643,188172.77949529528268613,213815.77949529528268613,0.89236302394860445,4382
marginal-greedy-prefix,2447,2447,284.78677022459589807,25647,188227.00956887434585951,213874.00956887434585951,0.89260604794181209,4378
marginal-greedy-prefix,2448,2448,284.87236626861351851,25654,188240.90636169389472343,213894.90636169389472343,0.89269326098696389,4371
marginal-greedy-prefix,2449,2449,285.00593214186767455,25661,188266.50013814217527397,213927.50013814217527397,0.89282929155019897,4364
marginal-greedy-prefix,2450,2450,285.17697625409920192,25664,188305.17415916503523476,213969.17415916503523476,0.89300321863597265,4361
marginal-greedy-prefix,2451,2451,285.26372653329292461,25669,188321.30614141587284394,213990.30614141587284394,0.89309141324737085,4356
marginal-greedy-prefix,2452,2452,285.41007404533809222,25673,188352.92043741169618443,214025.92043741169618443,0.89324004998945628,4352
marginal-greedy-prefix,2453,2453,285.55394699501891864,25675,188385.87884270210633986,214060.87884270210633986,0.89338594936288418,4350
marginal-greedy-prefix,2454,2454,285.66873982240980467,25678,188410.71026104738120921,214088.71026104738120921,0.89350210416069187,4347
marginal-greedy-prefix,2455,2455,285.81723911915958070,25684,188440.65871034699375741,214124.65871034699375741,0.89365213549607314,4341
marginal-greedy-prefix,2456,2456,286.00897574709352966,25694,188477.06597114735632204,214171.06597114735632204,0.89384581682155217,4331
marginal-greedy-prefix,2457,2457,286.19632981795405158,25699,188517.35813876753672957,214216.35813876753672957,0.89403484429068536,4326
marginal-greedy-prefix,2458,2458,286.38519384984681437,25705,188557.00926476373570040,214262.00926476373570040,0.89422536987741608,4320
marginal-greedy-prefix,2459,2459,286.51587244490320927,25711,188582.59161975723691285,214293.59161975723691285,0.89435717925964198,4314
marginal-greedy-prefix,2460,2460,286.70390439060906829,25715,188624.03332497098017484,214339.03332497098017484,0.89454683082592790,4310
marginal-greedy-prefix,2461,2461,286.85228785039731747,25723,188651.80226637021405622,214374.80226637021405622,0.89469611298267893,4302
marginal-greedy-prefix,2462,2462,286.99055031327304732,25730,188678.11458168312674388,214408.11458168312674388,0.89483514237750428,4295
marginal-greedy-prefix,2463,2463,287.15323066790409712,25736,188711.29315761401085183,214447.29315761401085183,0.89499865468971163,4289
marginal-greedy-prefix,2464,2464,287.37135690451390246,25743,188756.70828739943681285,214499.70828739943681285,0.89521740993699217,4282
marginal-greedy-prefix,2465,2465,287.48191958180672145,25753,188773.25245121220359579,214526.25245121220359579,0.89532819236074057,4272
marginal-greedy-prefix,2466,2466,287.57414452849025110,25760,188788.34553655033232644,214548.34553655033232644,0.89542039814876628,4265
marginal-greedy-prefix,2467,2467,287.73230301843994994,25764,188822.19116319145541638,214586.19116319145541638,0.89557834737923203,4261
marginal-greedy-prefix,2468,2468,287.82729040460139913,25769,188839.86324074611184187,214608.86324074611184187,0.89567296959904019,4256
marginal-greedy-prefix,2469,2469,287.95952858297107468,25773,188867.41872637686901726,214640.41872637686901726,0.89580466684162019,4252
marginal-greedy-prefix,2470,2470,288.12844928158995117,25777,188903.72688500201911665,214680.72688500201911665,0.89597289348235476,4248
marginal-greedy-prefix,2471,2471,288.24445131459930280,25782,188926.40591762901749462,214708.40591762901749462,0.89608841229632308,4243
marginal-greedy-prefix,2472,2472,288.43613823289746279,25789,188965.10162922760355286,214754.10162922760355286,0.89627912396166343,4236
marginal-greedy-prefix,2473,2473,288.57888667028748841,25793,188995.11634847792447545,214788.11634847792447545,0.89642108484874405,4232
marginal-greedy-prefix,2474,2474,288.75941246171709054,25799,189032.09664920353679918,214831.09664920353679918,0.89660046371038027,4226
marginal-greedy-prefix,2475,2475,288.95007241144315913,25801,189075.48114164467551745,214876.48114164467551745,0.89678987649839215,4224
marginal-greedy-prefix,2476,2476,289.10985342727138914,25810,189104.47490542003652081,214914.47490542003652081,0.89694844398117479,4215
marginal-greedy-prefix,2477,2477,289.31280422774597127,25817,189145.58608554716920480,214962.58608554716920480,0.89714923663682133,4208
marginal-greedy-prefix,2478,2478,289.44291773291365644,25824,189169.34375685884151608,214993.34375685884151608,0.89727760419063840,4201
marginal-greedy-prefix,2479,2479,289.59942000672464246,25831,189199.33374134748009965,215030.33374134748009965,0.89743198238710264,4194
marginal-greedy-prefix,2480,2480,289.73601253124098776,25837,189225.60818290917086415,215062.60818290917086415,0.89756668020190489,4188
marginal-greedy-prefix,2481,2481,289.88248190723686548,25845,189252.18294282365241088,215097.18294282365241088,0.89771097842620995,4180
marginal-greedy-prefix,2482,2482,290.07073864014807896,25853,189288.59409492599661462,215141.59409492599661462,0.89789632896526106,4172
marginal-greedy-prefix,2483,2483,290.18277213865093245,25857,189311.00060260892496444,215168.00060260892496444,0.89800653687930510,4168
marginal-greedy-prefix,2484,2484,290.37053794356609160,25860,189352.19588085965369828,215212.19588085965369828,0.89819098646594064,4165
marginal-greedy-prefix,2485,2485,290.52383774916239645,25862,189386.21844411251368001,215248.21844411251368001,0.89834132711689996,4163
marginal-greedy-prefix,2486,2486,290.72222517623049498,25868,189426.80545593361603096,215294.80545593361603096,0.89853575863567536,4157
marginal-greedy-prefix,2487,2487,290.85821977229733193,25873,189453.73314541895524599,215326.73314541895524599,0.89866900927603532,4152
marginal-greedy-prefix,2488,2488,291.01455055775136316,25880,189483.41192143879015930,215363.41192143879015930,0.89882208863978041,4145
marginal-greedy-prefix,2489,2489,291.14617942595253908,25883,189511.29319527451298200,215394.29319527451298200,0.89895097205038965,4142
marginal-greedy-prefix,2490,2490,291.32112564628221207,25889,189546.30933361130882986,215435.30933361130882986,0.89912215345394797,4136
marginal-greedy-prefix,2491,2491,291.46453334562841064,25892,189576.87761412429972552,215468.87761412429972552,0.89926225112296965,4133
marginal-greedy-prefix,2492,2492,291.62525946193903792,25900,189606.47637599214795046,215506.47637599214795046,0.89941917005999250,4125
marginal-greedy-prefix,2493,2493,291.80278895924698190,25905,189642.88909296836936846,215547.88909296836936846,0.89959200658982230,4120
marginal-greedy-prefix,2494,2494,291.95756049647189911,25912,189671.96659656098927371,215583.96659656098927371,0.89974257653502665,4113
marginal-greedy-prefix,2495,2495,292.05635302415271326,25918,189688.96289617611910217,215606.96289617611910217,0.89983855189995354,4107
marginal-greedy-prefix,2496,2496,292.17345919416050037,25927,189707.15436287020565942,215634.15436287020565942,0.89995203585096029,4098
marginal-greedy-prefix,2497,2497,292.27754919857380855,25929,189729.32075514344614930,215658.32075514344614930,0.90005289461329196,4096
marginal-greedy-prefix,2498,2498,292.36087130349648078,25934,189743.64468792144907638,215677.64468792144907638,0.90013354330596129,4091
marginal-greedy-prefix,2499,2499,292.61487400748092114,25939,189797.53958055531256832,215736.53958055531256832,0.90037934193041236,4086
marginal-greedy-prefix,2500,2500,292.78742487491922475,25940,189836.54500338633079082,215776.54500338633079082,0.90054630509924916,4085
marginal-greedy-prefix,2501,2501,292.94874249357968665,25945,189868.91089368198299780,215813.91089368198299780,0.90070225214364152,4080
marginal-greedy-prefix,2502,2502,293.15753752410364541,25949,189913.23899354567402042,215862.23899354567402042,0.90090395011671842,4076
marginal-greedy-prefix,2503,2503,293.30546826849814579,25952,189944.45908540755044669,215896.45908540755044669,0.90104676812914830,4073
marginal-greedy-prefix,2504,2504,293.49687780099225165,25958,189982.69382053957087919,215940.69382053957087919,0.90123138238960721,4067
marginal-greedy-prefix,2505,2505,293.63317628915876867,25973,189999.18889087944990024,215972.18889087944990024,0.90136282748816032,4052
marginal-greedy-prefix,2506,2506,293.77808283824140290,25979,190026.54416862904326990,216005.54416862904326990,0.90150203618729163,4046
marginal-greedy-prefix,2507,2507,294.00424966560649409,25982,190075.51517454700660892,216057.51517454700660892,0.90171893787765367,4043
marginal-greedy-prefix,2508,2508,294.11163528374055431,25987,190095.15412426766124554,216082.15412426766124554,0.90182176886483123,4038
marginal-greedy-prefix,2509,2509,294.27214636960769667,25996,190122.94697051221737638,216118.94697051221737638,0.90197532430218930,4029
marginal-greedy-prefix,2510,2510,294.41794700823970743,26006,190146.35899692334351130,216152.35899692334351130,0.90211476984262073,4019
marginal-greedy-prefix,2511,2511,294.54989502518003519,26010,190172.57776822932646610,216182.57776822932646610,0.90224088829003501,4015
marginal-greedy-prefix,2512,2512,294.69253905595121523,26017,190198.23100838949903846,216215.23100838949903846,0.90237716702586934,4008
marginal-greedy-prefix,2513,2513,294.82550758754445042,26019,190226.62270579976029694,216245.62270579976029694,0.90250400718269952,4006
marginal-greedy-prefix,2514,2514,294.98308420094531357,26026,190255.53748169622849673,216281.53748169622849673,0.90265389798168105,3999
marginal-greedy-prefix,2515,2515,295.15589406277541684,26034,190286.83354167261859402,216320.83354167261859402,0.90281790061512823,3991
marginal-greedy-prefix,2516,2516,295.28284549094240674,26040,190309.68477151406113990,216349.68477151406113990,0.90293831160989546,3985
marginal-greedy-prefix,2517,2517,295.47893439796575876,26042,190352.18679634021827951,216394.18679634021827951,0.90312404140747837,3983
marginal-greedy-prefix,2518,2518,295.60302156941241947,26052,190370.32129135320428759,216422.32129135320428759,0.90324146109982439,3973
marginal-greedy-prefix,2519,2519,295.76117896020656417,26054,190404.13849157444201410,216458.13849157444201410,0.90339094466541636,3971
marginal-greedy-prefix,2520,2520,295.88108988343805095,26061,190424.28948023254633881,216485.28948023254633881,0.90350425968079706,3964
marginal-greedy-prefix,2521,2521,296.07353882498131270,26068,190460.74714759321068414,216528.74714759321068414,0.90368563083848830,3957
marginal-greedy-prefix,2522,2522,296.25528998688031379,26072,190497.68578328777221031,216569.68578328777221031,0.90385648878372959,3953
marginal-greedy-prefix,2523,2523,296.37815798699841707,26080,190517.32682405153173022,216597.32682405153173022,0.90397184903814698,3945
marginal-greedy-prefix,2524,2524,296.56439087841033597,26088,190551.21946918845060281,216639.21946918845060281,0.90414668855459346,3937
marginal-greedy-prefix,2525,2525,296.70070157502146913,26097,190572.87479754580999725,216669.87479754580999725,0.90427462897871791,3928
marginal-greedy-prefix,2526,2526,296.84274173877685143,26103,190598.80183576539275236,216701.80183576539275236,0.90440787690101154,3922
marginal-greedy-prefix,2527,2527,296.95440847677156171,26107,190619.87060366402147338,216726.87060366402147338,0.90451250174012066,3918
marginal-greedy-prefix,2528,2528,297.06714367368522289,26114,190638.17601882058079354,216752.17601882058079354,0.90461811422973526,3911
marginal-greedy-prefix,2529,2529,297.19462673934049235,26119,190661.77871603405219503,216780.77871603405219503,0.90473748797024567,3906
marginal-greedy-prefix,2530,2530,297.33320262216261654,26125,190686.84129119466524571,216811.84129119466524571,0.90486712804436642,3900
marginal-greedy-prefix,2531,2531,297.44803556089181029,26131,190706.51972491142805666,216837.51972491142805666,0.90497429733194579,3894
marginal-greedy-prefix,2532,2532,297.62547705025707501,26137,190740.18304145816364326,216877.18304145816364326,0.90513983271561593,3888
marginal-greedy-prefix,2533,2533,297.76556026125786047,26142,190766.42905356810661033,216908.42905356810661033,0.90527023836630538,3883
marginal-greedy-prefix,2534,2534,297.95236485176275210,26145,190805.09144240757450461,216950.09144240757450461,0.90544411690500570,3880
marginal-greedy-prefix,2535,2535,298.11472696541324012,26149,190837.14520150041789748,216986.14520150041789748,0.90559458775222168,3876
marginal-greedy-prefix,2536,2536,298.21755037843621494,26154,190854.93474762391997501,217008.93474762391997501,0.90568970022867779,3871
marginal-greedy-prefix,2537,2537,298.42302245245190306,26159,190895.46800584290758707,217054.46800584290758707,0.90587973389265919,3866
marginal-greedy-prefix,2538,2538,298.58798965949813464,26164,190926.99120063977898099,217090.99120063977898099,0.90603216393608321,3861
marginal-greedy-prefix,2539,2539,298.72922925580985520,26171,190951.22467229189351201,217122.22467229189351201,0.90616251724900365,3854
marginal-greedy-prefix,2540,2540,298.87153339145220343,26178,190975.66946901741903275,217153.66946901741903275,0.90629375252995292,3847
marginal-greedy-prefix,2541,2541,299.03495613564467703,26184,191005.76890072255628183,217189.76890072255628183,0.90644441399242903,3841
marginal-greedy-prefix,2542,2542,299.18935486222471809,26188,191035.80409958527889103,217223.80409958527889103,0.90658646035144663,3837
marginal-greedy-prefix,2543,2543,299.29872804176147838,26195,191052.90861219339421950,217247.90861219339421950,0.90668706085816586,3830
marginal-greedy-prefix,2544,2544,299.42399125235817792,26202,191073.48581536745768972,217275.48581536745768972,0.90680215468554626,3823
marginal-greedy-prefix,2545,2545,299.59804783848079524,26206,191107.74877256900072098,217313.74877256900072098,0.90696184565070415,3819
marginal-greedy-prefix,2546,2546,299.75901502234927420,26211,191138.04906839443719946,217349.04906839443719946,0.90710917190886631,3814
marginal-greedy-prefix,2547,2547,299.87122013799989872,26215,191158.65319676935905591,217373.65319676935905591,0.90721185756869038,3810
marginal-greedy-prefix,2548,2548,299.99331348472566106,26219,191181.41053113064845093,217400.41053113064845093,0.90732352966258267,3806
marginal-greedy-prefix,2549,2549,300.09647899826944695,26224,191199.01514349316130392,217423.01514349316130392,0.90741787031550647,3801
marginal-greedy-prefix,2550,2550,300.28416468029524822,26228,191236.05762296257307753,217464.05762296257307753,0.90758916165413506,3797
marginal-greedy-prefix,2551,2551,300.40719414386580866,26231,191259.95112494507338852,217490.95112494507338852,0.90770140204542105,3794
marginal-greedy-prefix,2552,2552,300.53408388038195653,26235,191283.67373663885518909,217518.67373663885518909,0.90781710273720917,3790
marginal-greedy-prefix,2553,2553,300.63121936667738510,26239,191300.89525565868825652,217539.89525565868825652,0.90790567103151376,3786
marginal-greedy-prefix,2554,2554,300.75960746057677397,26242,191325.88230147142894566,217567.88230147142894566,0.90802247534264457,3783
marginal-greedy-prefix,2555,2555,300.93674252123395263,26247,191359.49018511120812036,217606.49018511120812036,0.90818360586291946,3778
marginal-greedy-prefix,2556,2556,301.05787981283657473,26250,191382.87999988062074408,217632.87999988062074408,0.90829374410886499,3775
marginal-greedy-prefix,2557,2557,301.20707627446552124,26257,191408.37090645689750090,217665.37090645689750090,0.90842934534330921,3768
marginal-greedy-prefix,2558,2558,301.32251921920050108,26264,191426.41764318896457553,217690.41764318896457553,0.90853387823504916,3761
marginal-greedy-prefix,2559,2559,301.54956833593587362,26268,191471.55980233772424981,217739.55980233772424981,0.90873897369547252,3757
marginal-greedy-prefix,2560,2560,301.75990345181827479,26277,191508.03666624397737905,217785.03666624397737905,0.90892877199703315,3748
marginal-greedy-prefix,2561,2561,301.83818686361496475,26282,191519.94542011886369437,217801.94542011886369437,0.90899934090815193,3743
marginal-greedy-prefix,2562,2562,301.98149165862281507,26288,191544.83100159128662199,217832.83100159128662199,0.90912824229674072,3737
marginal-greedy-prefix,2563,2563,302.09874588036467458,26292,191566.07730260715470649,217858.07730260715470649,0.90923360807269615,3733
marginal-greedy-prefix,2564,2564,302.26478915691063776,26296,191597.81165206508012488,217893.81165206508012488,0.90938274585951617,3729
marginal-greedy-prefix,2565,2565,302.36619429237731538,26298,191617.62979562897817232,217915.62979562897817232,0.90947380417435886,3727
marginal-greedy-prefix,2566,2566,302.47854925708122664,26302,191637.80324442821438424,217939.80324442821438424,0.90957469238719646,3723
marginal-greedy-prefix,2567,2567,302.65631199175294341,26303,191675.01390149435610510,217978.01390149435610510,0.90973416507703764,3722
marginal-greedy-prefix,2568,2568,302.76919879599864771,26306,191696.27105412239325233,218002.27105412239325233,0.90983540262892759,3719
marginal-greedy-prefix,2569,2569,302.88771720074907989,26311,191716.68797906406689435,218027.68797906406689435,0.90994148050612611,3714
marginal-greedy-prefix,2570,2570,303.05918809612438736,26315,191749.41450434332364239,218064.41450434332364239,0.91009475915204596,3710
marginal-greedy-prefix,2571,2571,303.21189246150822783,26320,191777.11922865590895526,218097.11922865590895526,0.91023125275768102,3705
marginal-greedy-prefix,2572,2572,303.35943606538978656,26324,191804.71573725430062041,218128.71573725430062041,0.91036312121016671,3701
marginal-greedy-prefix,2573,2573,303.47701519468182596,26331,191822.87350557572790422,218153.87350557572790422,0.91046811749373435,3694
marginal-greedy-prefix,2574,2574,303.63732155473661578,26337,191851.15035655174870044,218188.15035655174870044,0.91061117239108846,3688
marginal-greedy-prefix,2575,2575,303.74697156193104775,26343,191868.56360219579073600,218211.56360219579073600,0.91070888788586013,3682
marginal-greedy-prefix,2576,2576,303.97769261382103423,26347,191913.76592969018383883,218260.76592969018383883,0.91091423445968100,3678
marginal-greedy-prefix,2577,2577,304.13584053553182684,26354,191940.48805990486289375,218294.48805990486289375,0.91105497422249648,3671
marginal-greedy-prefix,2578,2578,304.30359459270681555,26359,191971.17477446305565536,218330.17477446305565536,0.91120391320442340,3666
marginal-greedy-prefix,2579,2579,304.51247770358878597,26364,192010.52343947815825231,218374.52343947815825231,0.91138900295277769,3661
marginal-greedy-prefix,2580,2580,304.64921341626046569,26365,192038.53677835967391729,218403.53677835967391729,0.91151009051179821,3660
marginal-greedy-prefix,2581,2581,304.86491998552753557,26373,192076.19094035148737021,218449.19094035148737021,0.91170062876929736,3652
marginal-greedy-prefix,2582,2582,305.02504332571305667,26379,192104.07145928117097355,218483.07145928117097355,0.91184202956953953,3646
marginal-greedy-prefix,2583,2583,305.12629603751548757,26387,192117.44897427686373703,218504.44897427686373703,0.91193124891514199,3638
marginal-greedy-prefix,2584,2584,305.36499247327520834,26390,192164.76119920701603405,218554.76119920701603405,0.91214122766079975,3635
marginal-greedy-prefix,2585,2585,305.51995038681621963,26394,192193.41903497799648903,218587.41903497799648903,0.91227752557647745,3631
marginal-greedy-prefix,2586,2586,305.67624540757435625,26398,192222.33521061597275548,218620.33521061597275548,0.91241490167705552,3627
marginal-greedy-prefix,2587,2587,305.86397752318339371,26405,192254.84650022271671332,218659.84650022271671332,0.91257980257425220,3620
marginal-greedy-prefix,2588,2588,306.07581590978338681,26407,192297.27605634793872014,218704.27605634793872014,0.91276522992273967,3618
marginal-greedy-prefix,2589,2589,306.20942172580748775,26411,192321.24983524426352233,218732.24983524426352233,0.91288197886421685,3614
marginal-greedy-prefix,2590,2590,306.35457772014592592,26416,192346.62416444250266068,218762.62416444250266068,0.91300874653458119,3609
marginal-greedy-prefix,2591,2591,306.57361166712121303,26426,192382.39927861676551402,218808.39927861676551402,0.91319978958763626,3599
marginal-greedy-prefix,2592,2592,306.76578513702207829,26433,192415.45820574229583144,218848.45820574229583144,0.91336697605736394,3592
marginal-greedy-prefix,2593,2593,306.87116597529040973,26436,192434.39533793763257563,218870.39533793763257563,0.91345853097285612,3589
marginal-greedy-prefix,2594,2594,307.03418564632943344,26451,192453.28458086831960827,218904.28458086831960827,0.91359996818283351,3574
marginal-greedy-prefix,2595,2595,307.23821598918755171,26455,192491.67076254647690803,218946.67076254647690803,0.91377686748065534,3570
marginal-greedy-prefix,2596,2596,307.41943051208431825,26460,192524.31377089372836053,218984.31377089372836053,0.91393397108095353,3565
marginal-greedy-prefix,2597,2597,307.55441382220493551,26464,192548.33628174767363816,219012.33628174767363816,0.91405092340590965,3561
marginal-greedy-prefix,2598,2598,307.65933048136230354,26467,192567.06294608348980546,219034.06294608348980546,0.91414159993096678,3558
marginal-greedy-prefix,2599,2599,307.84920511613864846,26473,192600.37780401925556362,219073.37780401925556362,0.91430568101794962,3552
marginal-greedy-prefix,2600,2600,307.97769212689587448,26477,192622.97788010776275769,219099.97788010776275769,0.91441669679233084,3548
marginal-greedy-prefix,2601,2601,308.11992729057425322,26481,192648.38334750453941524,219129.38334750453941524,0.91453942090497009,3544
marginal-greedy-prefix,2602,2602,308.27751883004106048,26488,192673.85679540067212656,219161.85679540067212656,0.91467494927537862,3537
marginal-greedy-prefix,2603,2603,308.44181871203591072,26494,192701.68706486531300470,219195.68706486531300470,0.91481614035880432,3531
marginal-greedy-prefix,2604,2604,308.59128727127250613,26499,192727.43565348407719284,219226.43565348407719284,0.91494447000588075,3526
marginal-greedy-prefix,2605,2605,308.73885332421230032,26504,192752.78971506105153821,219256.78971506105153821,0.91507115308905584,3521
marginal-greedy-prefix,2606,2606,308.85115025350978613,26507,192772.88846552351606078,219279.88846552351606078,0.91516755603396838,3518
marginal-greedy-prefix,2607,2607,308.99042935165147128,26512,192796.49464055060525425,219308.49464055060525425,0.91528694428918056,3513
marginal-greedy-prefix,2608,2608,309.17287492077724664,26519,192826.92213849668041803,219345.92213849668041803,0.91544314845392849,3506
marginal-greedy-prefix,2609,2609,309.28800095879148557,26524,192845.53098012550617568,219369.53098012550617568,0.91554168027116645,3501
marginal-greedy-prefix,2610,2610,309.40880123748473807,26526,192868.18599240420735441,219394.18599240420735441,0.91564457829564549,3499
marginal-greedy-prefix,2611,2611,309.53171051847147055,26530,192889.26950168548501097,219419.26950168548501097,0.91574926465811279,3495
marginal-greedy-prefix,2612,2612,309.74511938112527787,26533,192929.77912342493073083,219462.77912342493073083,0.91593085264810081,3492
marginal-greedy-prefix,2613,2613,309.96123666515688910,26542,192964.75319165806286037,219506.75319165806286037,0.91611437901176052,3483
marginal-greedy-prefix,2614,2614,310.14971027662022607,26550,192995.03918830386828631,219545.03918830386828631,0.91627416613234813,3475
marginal-greedy-prefix,2615,2615,310.32345307974776460,26557,193023.32585658330935985,219580.32585658330935985,0.91642143551576427,3468
marginal-greedy-prefix,2616,2616,310.51252724632911395,26561,193057.72231469687540084,219618.72231469687540084,0.91658168364876935,3464
marginal-greedy-prefix,2617,2617,310.72246264721786702,26563,193098.31070468388497829,219661.31070468388497829,0.91675942686568068,3462
marginal-greedy-prefix,2618,2618,310.91733464752417149,26565,193135.75625122684868984,219700.75625122684868984,0.91692405338331873,3460
marginal-greedy-prefix,2619,2619,311.02463904287753849,26566,193156.47073681032634340,219722.47073681032634340,0.91701467908018974,3459
marginal-greedy-prefix,2620,2620,311.12635248677605659,26572,193170.95717979242908768,219742.95717979242908768,0.91710017952479028,3453
marginal-greedy-prefix,2621,2621,311.28790892417879377,26577,193198.47181652684230357,219775.47181652684230357,0.91723587979736787,3448
marginal-greedy-prefix,2622,2622,311.44101391657420663,26583,193223.28306576103204861,219806.28306576103204861,0.91736447095936335,3442
marginal-greedy-prefix,2623,2623,311.60080045754421008,26584,193254.42215307708829641,219838.42215307708829641,0.91749860387140558,3441
marginal-greedy-prefix,2624,2624,311.81432926631634928,26590,193291.28027408994967118,219881.28027408994967118,0.91767747281437173,3435
marginal-greedy-prefix,2625,2625,311.96198299237323681,26595,193315.83388807217124850,219910.83388807217124850,0.91780081521877255,3430
marginal-greedy-prefix,2626,2626,312.13011501911626056,26600,193344.40324130345834419,219944.40324130345834419,0.91794091736479833,3425
marginal-greedy-prefix,2627,2627,312.27597299153615040,26603,193370.46543120034039021,219973.46543120034039021,0.91806220880418676,3422
marginal-greedy-prefix,2628,2628,312.45478868668175210,26605,193404.05800896947039291,220009.05800896947039291,0.91821075490496173,3420
marginal-greedy-prefix,2629,2629,312.62530255523961387,26608,193434.93915237151668407,220042.93915237151668407,0.91835215831144767,3417
marginal-greedy-prefix,2630,2630,312.87072045557255251,26615,193476.64852203373447992,220091.64852203373447992,0.91855544751914331,3410
marginal-greedy-prefix,2631,2631,313.11549314531396249,26622,193518.17282295506447554,220140.17282295506447554,0.91875796433996615,3403
marginal-greedy-prefix,2632,2632,313.19611024271165434,26629,193527.12672550958814099,220156.12672550958814099,0.91882454816629056,3396
marginal-greedy-prefix,2633,2633,313.29634308346902571,26637,193538.94573207941721193,220175.94573207941721193,0.91890726305607118,3388
marginal-greedy-prefix,2634,2634,313.40573969473337002,26641,193556.55178746272576973,220197.55178746272576973,0.91899743621804719,3384
marginal-greedy-prefix,2635,2635,313.53698069322877018,26645,193578.45874871694832109,220223.45874871694832109,0.91910555926836979,3380
marginal-greedy-prefix,2636,2636,313.71370592657228826,26657,193601.25290875954669900,220258.25290875954669900,0.91925077316205273,3368
marginal-greedy-prefix,2637,2637,313.85334499230441452,26669,193616.73255799629259855,220285.73255799629259855,0.91936545984676721,3356
marginal-greedy-prefix,2638,2638,314.06271381459367831,26675,193651.88923648817581125,220326.88923648817581125,0.91953722779654801,3350
marginal-greedy-prefix,2639,2639,314.18007399985992834,26679,193670.87723525657202117,220349.87723525657202117,0.91963316851777965,3346
marginal-greedy-prefix,2640,2640,314.30932584211433323,26687,193688.18701400276040658,220375.18701400276040658,0.91973879921889412,3338
marginal-greedy-prefix,2641,2641,314.51612905070430770,26688,193727.61457384435925633,220415.61457384435925633,0.91990752418220723,3337
marginal-greedy-prefix,2642,2642,314.69322936682004865,26692,193758.22054572380147874,220450.22054572380147874,0.92005195267006679,3333
marginal-greedy-prefix,2643,2643,314.86281898963920867,26697,193786.27528839986189269,220483.27528839986189269,0.92018990708203718,3328
marginal-greedy-prefix,2644,2644,315.08510483230122645,26701,193825.59797743710805662,220526.59797743710805662,0.92037071490588496,3324
marginal-greedy-prefix,2645,2645,315.25225819319746279,26703,193856.17312798197963275,220559.17312798197963275,0.92050666773366230,3322
marginal-greedy-prefix,2646,2646,315.39036201867924092,26710,193876.06249004657729529,220586.06249004657729529,0.92061889084694537,3315
marginal-greedy-prefix,2647,2647,315.56695511934975684,26711,193909.36403553790296428,220620.36403553790296428,0.92076204880719037,3314
marginal-greedy-prefix,2648,2648,315.82697302447053289,26714,193956.81559116611606441,220670.81559116611606441,0.92097260905138556,3311
marginal-greedy-prefix,2649,2649,316.07768621637791284,26717,194002.34550726608722471,220719.34550726608722471,0.92117514930723177,3308
marginal-greedy-prefix,2650,2650,316.22014733026657041,26723,194023.91725253508775495,220746.91725253508775495,0.92129022035597230,3302
marginal-greedy-prefix,2651,2651,316.45078073399622554,26726,194065.52772765592089854,220791.52772765592089854,0.92147640277231491,3299
marginal-greedy-prefix,2652,2652,316.56865404410365272,26736,194078.27039255504496396,220814.27039255504496396,0.92157131958935212,3289
marginal-greedy-prefix,2653,2653,316.71249625890209245,26741,194101.01911325607215986,220842.01911325607215986,0.92168712924743224,3284
marginal-greedy-prefix,2654,2654,316.84904360905807152,26744,194124.33097416063537821,220868.33097416063537821,0.92179694215187702,3281
marginal-greedy-prefix,2655,2655,317.02245657038980653,26748,194153.70122941795852967,220901.70122941795852967,0.92193621335983766,3277
marginal-greedy-prefix,2656,2656,317.22056135379119723,26752,194187.78726577133056708,220939.78726577133056708,0.92209516594346241,3273
marginal-greedy-prefix,2657,2657,317.38161534002767894,26753,194217.62367884261766449,220970.62367884261766449,0.92222386212706953,3272
marginal-greedy-prefix,2658,2658,317.52449089352643341,26757,194240.94741846586111933,220997.94741846586111933,0.92233789812092060,3268
marginal-greedy-prefix,2659,2659,317.65444441022179944,26760,194262.78711000786279328,221022.78711000786279328,0.92244156690678236,3265
marginal-greedy-prefix,2660,2660,317.81631109629046250,26768,194285.71485519982525147,221053.71485519982525147,0.92257064426622026,3257
marginal-greedy-prefix,2661,2661,317.91386646281728190,26772,194300.33781602489762008,221072.33781602489762008,0.92264836744304080,3253
marginal-greedy-prefix,2662,2662,318.05754760999354858,26783,194316.74388840451138094,221099.74388840451138094,0.92276274705375505,3242
marginal-greedy-prefix,2663,2663,318.28786785432328088,26792,194351.65380746498703957,221143.65380746498703957,0.92294600568998209,3233
marginal-greedy-prefix,2664,2664,318.47377979691805194,26798,194381.07417543866904452,221179.07417543866904452,0.92309383307086568,3227
marginal-greedy-prefix,2665,2665,318.63735990996678993,26808,194402.20632904948433861,221210.20632904948433861,0.92322376353158175,3217
marginal-greedy-prefix,2666,2666,318.76352377831574358,26811,194423.18103160517057404,221234.18103160517057404,0.92332382227430576,3214
marginal-greedy-prefix,2667,2667,318.95763442178565583,26816,194455.00612941180588678,221271.00612941180588678,0.92347751231399089,3209
marginal-greedy-prefix,2668,2668,319.16440849012133185,26823,194487.20115643981262110,221310.20115643981262110,0.92364109328507271,3202
marginal-greedy-prefix,2669,2669,319.33184740238817767,26829,194512.83825400189380161,221341.83825400189380161,0.92377313113614290,3196
marginal-greedy-prefix,2670,2670,319.49769469121201837,26835,194538.15974201253266074,221373.15974201253266074,0.92390385178651635,3190
marginal-greedy-prefix,2671,2671,319.64133517100623294,26841,194559.28238647594116628,221400.28238647594116628,0.92401704850702027,3184
marginal-greedy-prefix,2672,2672,319.83950663999246444,26846,194591.62810508022084832,221437.62810508022084832,0.92417291136458823,3179
marginal-greedy-prefix,2673,2673,319.94945322661379805,26859,194599.33269864920293912,221458.33269864920293912,0.92425932226358942,3166
marginal-greedy-prefix,2674,2674,320.14698371514413111,26868,194627.48359370493562892,221495.48359370493562892,0.92441437202246401,3157
marginal-greedy-prefix,2675,2675,320.29512409822461905,26870,194653.31012685253517702,221523.31012685253517702,0.92453050643183377,3155
marginal-greedy-prefix,2676,2676,320.50146466404157763,26880,194682.03003855000133626,221562.03003855000133626,0.92469210450271011,3145
marginal-greedy-prefix,2677,2677,320.60232771198639057,26883,194697.91835061827441677,221580.91835061827441677,0.92477093512650377,3142
marginal-greedy-prefix,2678,2678,320.74765001983979573,26888,194720.11219923169119284,221608.11219923169119284,0.92488442901848278,3137
marginal-greedy-prefix,2679,2679,320.97460521016091661,26896,194754.57673001085640863,221650.57673001085640863,0.92506165530732876,3129
marginal-greedy-prefix,2680,2680,321.07629689552413765,26901,194768.59365123469615355,221669.59365123469615355,0.92514102268315834,3124
marginal-greedy-prefix,2681,2681,321.23380880111363922,26908,194791.04745592974359170,221699.04745592974359170,0.92526394853216032,3117
marginal-greedy-prefix,2682,2682,321.37262630317468393,26914,194810.99617000750731677,221724.99617000750731677,0.92537224583845201,3111
marginal-greedy-prefix,2683,2683,321.50129440968913741,26920,194829.04243179952027276,221749.04243179952027276,0.92547260323460878,3105
marginal-greedy-prefix,2684,2684,321.63742750752118127,26927,194847.39837739474023692,221774.39837739474023692,0.92557842661368694,3098
marginal-greedy-prefix,2685,2685,321.75987909041390367,26931,194866.19392785066156648,221797.19392785066156648,0.92567356414930491,3094
marginal-greedy-prefix,2686,2686,321.89095348883120096,26936,194885.58971346099860966,221821.58971346099860966,0.92577538028780615,3089
marginal-greedy-prefix,2687,2687,322.04421831320416914,26941,194909.07725124928401783,221850.07725124928401783,0.92589427340891073,3084
marginal-greedy-prefix,2688,2688,322.15392551218462813,26947,194923.45242617436451837,221870.45242617436451837,0.92597930947478269,3078
marginal-greedy-prefix,2689,2689,322.27780715419817170,26951,194942.45635681203566492,221893.45635681203566492,0.92607531668788456,3074
marginal-greedy-prefix,2690,2690,322.42226786162387953,26957,194963.27365840275888331,221920.27365840275888331,0.92618723905581324,3068
marginal-greedy-prefix,2691,2691,322.66848096813811253,26966,194999.88780383020639420,221965.88780383020639420,0.92637761030364418,3059
marginal-greedy-prefix,2692,2692,322.78040969312979769,26970,195016.61434556840686128,221986.61434556840686128,0.92646411280362417,3055
marginal-greedy-prefix,2693,2693,322.94722500887138494,26976,195041.49241235203226097,222017.49241235203226097,0.92659298282955849,3049
marginal-greedy-prefix,2694,2694,323.19704083289423124,26981,195082.59478556679096073,222063.59478556679096073,0.92678539170260910,3044
marginal-greedy-prefix,2695,2695,323.33135412405647457,26984,195104.30642151477513835,222088.30642151477513835,0.92688852604673144,3041
marginal-greedy-prefix,2696,2696,323.48940572361789236,26987,195130.37090326490579173,222117.37090326490579173,0.92700982705120016,3038
marginal-greedy-prefix,2697,2697,323.63704197157875342,26991,195153.51549555585370399,222144.51549555585370399,0.92712311537125669,3034
marginal-greedy-prefix,2698,2698,323.78532850136099341,26996,195175.73882911025430076,222171.73882911025430076,0.92723673231903259,3029
marginal-greedy-prefix,2699,2699,323.99908330023180270,27000,195210.97851479411474429,222210.97851479411474429,0.92740049967361371,3025
marginal-greedy-prefix,2700,2700,324.21668843535138649,27008,195242.77353017398854718,222250.77353017398854718,0.92756658470413056,3017
marginal-greedy-prefix,2701,2701,324.43427293757224561,27013,195277.54117611522087827,222290.54117611522087827,0.92773255550792810,3012
marginal-greedy-prefix,2702,2702,324.61066725447733461,27019,195303.74162487004650757,222322.74162487004650757,0.92786694451275831,3006
marginal-greedy-prefix,2703,2703,324.76882186207382119,27021,195330.59664997304207645,222351.59664997304207645,0.92798737134710041,3004
marginal-greedy-prefix,2704,2704,324.98353574907378061,27025,195365.65804576998925768,222390.65804576998925768,0.92815039460644688,3000
marginal-greedy-prefix,2705,2705,325.14438661175756806,27029,195390.87493448771419935,222419.87493448771419935,0.92827233168343926,2996
marginal-greedy-prefix,2706,2706,325.33082405437448870,27036,195417.66733338791527785,222453.66733338791527785,0.92841336471355640,2989
marginal-greedy-prefix,2707,2707,325.46790969528831283,27040,195438.50200991905876435,222478.50200991905876435,0.92851701256920305,2985
marginal-greedy-prefix,2708,2708,325.65243142547194566,27045,195466.92460602198843844,222511.92460602198843844,0.92865650222238494,2980
marginal-greedy-prefix,2709,2709,325.81950892035541756,27053,195489.12295899752643891,222542.12295899752643891,0.92878253545362321,2972
marginal-greedy-prefix,2710,2710,325.98661423114060653,27057,195515.32498162548290566,222572.32498162548290566,0.92890858400020515,2968
marginal-greedy-prefix,2711,2711,326.20571015122231984,27059,195552.90240460642962717,222611.90240460642962717,0.92907376090592619,2966
marginal-greedy-prefix,2712,2712,326.41180148373194925,27063,195586.08582526311511174,222649.08582526311511174,0.92922894641083265,2962
marginal-greedy-prefix,2713,2713,326.62233736070646728,27066,195621.02123587863752618,222687.02123587863752618,0.92938727035591995,2959
marginal-greedy-prefix,2714,2714,326.76960722708429330,27070,195643.46747077093459666,222713.46747077093459666,0.92949764407200508,2955
marginal-greedy-prefix,2715,2715,326.86512532237350115,27077,195653.60816110577434301,222730.60816110577434301,0.92956918097305075,2948
marginal-greedy-prefix,2716,2716,326.99742106383541795,27080,195674.33983992150751874,222754.33983992150751874,0.92966822545293615,2945
marginal-greedy-prefix,2717,2717,327.17438574958640629,27086,195700.07620700442930683,222786.07620700442930683,0.92980067760668317,2939
marginal-greedy-prefix,2718,2718,327.25814261366809887,27094,195707.09298667189432308,222801.09298667189432308,0.92986335033806744,2931
marginal-greedy-prefix,2719,2719,327.48110726584599206,27097,195743.82028099207673222,222840.82028099207673222,0.93002915273383324,2928
marginal-greedy-prefix,2720,2720,327.60156813555835242,27100,195762.26725577213801444,222862.26725577213801444,0.93011866197077764,2925
marginal-greedy-prefix,2721,2721,327.73318380720451160,27105,195780.67653241535299458,222885.67653241535299458,0.93021636090087101,2920
marginal-greedy-prefix,2722,2722,327.91580563315858399,27111,195807.10287242245976813,222918.10287242245976813,0.93035169266587281,2914
marginal-greedy-prefix,2723,2723,328.10448454536327745,27117,195834.59669868624769151,222951.59669868624769151,0.93049147959908662,2908
marginal-greedy-prefix,2724,2724,328.25703479692060682,27120,195858.65673939965199679,222978.65673939965199679,0.93060441504200009,2905
marginal-greedy-prefix,2725,2725,328.41671468265900558,27124,195882.94711964126327075,223006.94711964126327075,0.93072248532343882,2901
marginal-greedy-prefix,2726,2726,328.59395983858973977,27129,195909.30923062321380712,223038.30923062321380712,0.93085337551432801,2896
marginal-greedy-prefix,2727,2727,328.84493187162615868,27132,195950.57177022352698259,223082.57177022352698259,0.93103810581710844,2893
marginal-greedy-prefix,2728,2728,329.01497953931516349,27138,195974.54771296211401932,223112.54771296211401932,0.93116321081623921,2887
marginal-greedy-prefix,2729,2729,329.26695626360998403,27144,196012.92111480564926751,223156.92111480564926751,0.93134840380407879,2881
marginal-greedy-prefix,2730,2730,329.39013206634666631,27151,196027.55593430396402255,223178.55593430396402255,0.93143869701347459,2874
marginal-greedy-prefix,2731,2731,329.62708558356962385,27156,196064.11740593623835593,223220.11740593623835593,0.93161215437285694,2869
marginal-greedy-prefix,2732,2732,329.81915641460250299,27160,196093.72579282513470389,223253.72579282513470389,0.93175241942637643,2865
marginal-greedy-prefix,2733,2733,329.94197733643187576,27164,196111.20679513830691576,223275.20679513830691576,0.93184207067768665,2861
marginal-greedy-prefix,2734,2734,330.09744350225867038,27170,196132.34426969758351333,223302.34426969758351333,0.93195532929179459,2855
marginal-greedy-prefix,2735,2735,330.21780829192869078,27178,196145.33439753518905491,223323.33439753518905491,0.93204293187189624,2847
marginal-greedy-prefix,2736,2736,330.36547359975782001,27183,196166.07747358857886866,223349.07747358857886866,0.93215037094513475,2842
marginal-greedy-prefix,2737,2737,330.52444443855887357,27190,196186.75833098136354238,223376.75833098136354238,0.93226589737478749,2835
marginal-greedy-prefix,2738,2738,330.63327695610360024,27198,196197.68988785322289914,223395.68988785322289914,0.93234490848134899,2827
marginal-greedy-prefix,2739,2739,330.85996331152006178,27206,196229.05438719122321345,223435.05438719122321345,0.93250919674738997,2819
marginal-greedy-prefix,2740,2740,331.07074333694424695,27210,196261.62007737281965092,223471.62007737281965092,0.93266180414587219,2815
marginal-greedy-prefix,2741,2741,331.22161610598061543,27217,196280.78272980210022070,223497.78272980210022070,0.93277099432674382,2808
marginal-greedy-prefix,2742,2742,331.37532763278596804,27223,196301.40949662160710432,223524.40949662160710432,0.93288212149524896,2802
marginal-greedy-prefix,2743,2743,331.49213436298191482,27232,196312.63436379909398966,223544.63436379909398966,0.93296653024971998,2793
marginal-greedy-prefix,2744,2744,331.61234028547545449,27240,196325.38908759842161089,223565.38908759842161089,0.93305315036791014,2785
marginal-greedy-prefix,2745,2745,331.77113470815311302,27243,196349.80211689666612074,223592.80211689666612074,0.93316755901341752,2782
marginal-greedy-prefix,2746,2746,331.93577341802506453,27246,196375.21897631842875853,223621.21897631842875853,0.93328615715741137,2779
marginal-greedy-prefix,2747,2747,332.15569010561802088,27251,196408.14823533035814762,223659.14823533035814762,0.93344445542869847,2774
marginal-greedy-prefix,2748,2748,332.26260461064566698,27256,196421.58394502321607433,223677.58394502321607433,0.93352139711040683,2769
marginal-greedy-prefix,2749,2749,332.40977373819163176,27260,196442.90024687739787623,223702.90024687739787623,0.93362705503580001,2765
marginal-greedy-prefix,2750,2750,332.58670868172953305,27263,196470.23436036953353323,223733.23436036953353323,0.93375365486537543,2762
marginal-greedy-prefix,2751,2751,332.76292409709594722,27268,196495.41764200627221726,223763.41764200627221726,0.93387962519617906,2757
marginal-greedy-prefix,2752,2752,332.96210524398475172,27276,196521.49921932481811382,223797.49921932481811382,0.93402186511630425,2749
marginal-greedy-prefix,2753,2753,333.17785099092054679,27282,196552.33886144254938699,223834.33886144254938699,0.93417561585686681,2743
marginal-greedy-prefix,2754,2754,333.39790585833094383,27284,196587.79230059019755572,223871.79230059019755572,0.93433192828756750,2741
marginal-greedy-prefix,2755,2755,333.54945878759770039,27291,196606.54182347864843905,223897.54182347864843905,0.93443939426675859,2734
marginal-greedy-prefix,2756,2756,333.75307362093553820,27297,196635.11086260026786476,223932.11086260026786476,0.93458366861525788,2728
marginal-greedy-prefix,2757,2757,333.99370139715699679,27305,196667.95294253560132347,223972.95294253560132347,0.93475412358374277,2720
marginal-greedy-prefix,2758,2758,334.15172694017127242,27307,196692.75161036854842678,223999.75161036854842678,0.93486596818343348,2718
marginal-greedy-prefix,2759,2759,334.32347673651690911,27314,196714.86534629392554052,224028.86534629392554052,0.93498747475086330,2711
marginal-greedy-prefix,2760,2760,334.49178372032702100,27319,196738.34476650803117082,224057.34476650803117082,0.93510633399316323,2706
marginal-greedy-prefix,2761,2761,334.62589102802326124,27324,196756.00889359565917403,224080.00889359565917403,0.93520092303159064,2701
marginal-greedy-prefix,2762,2762,334.77810450810966358,27330,196775.67737312003737316,224105.67737312003737316,0.93530805077521462,2695
marginal-greedy-prefix,2763,2763,334.99632566365357889,27334,196808.47451098516467027,224142.47451098516467027,0.93546162412370881,2691
marginal-greedy-prefix,2764,2764,335.15782351963201791,27338,196831.68259455476072617,224169.68259455476072617,0.93557517742546847,2687
marginal-greedy-prefix,2765,2765,335.32738463731055845,27342,196856.23521660067490302,224198.23521660067490302,0.93569434217659531,2683
marginal-greedy-prefix,2766,2766,335.53292213413305944,27349,196883.78946550097316504,224232.78946550097316504,0.93583855479790756,2676
marginal-greedy-prefix,2767,2767,335.75305672463969131,27361,196908.78142936155200005,224269.78142936155200005,0.93599294125530719,2664
marginal-greedy-prefix,2768,2768,335.84442808719865070,27366,196919.12800279766088352,224285.12800279766088352,0.93605699038540902,2659
marginal-greedy-prefix,2769,2769,335.98070322482152505,27368,196939.96745172637747601,224307.96745172637747601,0.93615231113189201,2657
marginal-greedy-prefix,2770,2770,336.25168775916199593,27374,196979.28294165560510010,224353.28294165560510010,0.93634143593699481,2651
marginal-greedy-prefix,2771,2771,336.41241682831804383,27378,197002.14901015791110694,224380.14901015791110694,0.93645356183428330,2647
marginal-greedy-prefix,2772,2772,336.64966252180312267,27382,197037.75805265808594413,224419.75805265808594413,0.93661887070449201,2643
marginal-greedy-prefix,2773,2773,336.76313722018204544,27386,197052.70201628186623566,224438.70201628186623566,0.93669793359079900,2639
marginal-greedy-prefix,2774,2774,336.90554795250301368,27389,197073.43127758146147244,224462.43127758146147244,0.93679696798114831,2636
marginal-greedy-prefix,2775,2775,337.10017915117356324,27395,197099.81518410498392768,224494.81518410498392768,0.93693212264943715,2630
marginal-greedy-prefix,2776,2776,337.22611493552966522,27404,197111.73527366263442673,224515.73527366263442673,0.93701943292383783,2621
marginal-greedy-prefix,2777,2777,337.41788061741766569,27408,197139.58652947776135989,224547.58652947776135989,0.93715236456724993,2617
marginal-greedy-prefix,2778,2778,337.55922940865241344,27414,197157.04598121813614853,224571.04598121813614853,0.93725027290378449,2611
marginal-greedy-prefix,2779,2779,337.71368445553673610,27420,197176.64205281218164600,224596.64205281218164600,0.93735709845193993,2605
marginal-greedy-prefix,2780,2780,337.89171455521602638,27426,197200.12838872897555120,224626.12838872897555120,0.93748016007043211,2599
marginal-greedy-prefix,2781,2781,338.09463761801106330,27430,197229.70152901750407182,224659.70152901750407182,0.93762027802179215,2595
marginal-greedy-prefix,2782,2782,338.21091723517963601,27436,197242.93164146351045929,224678.93164146351045929,0.93770053515404728,2589
marginal-greedy-prefix,2783,2783,338.33954891067946846,27443,197257.10852298347163014,224700.10852298347163014,0.93778891715314749,2582
marginal-greedy-prefix,2784,2784,338.50493114215180412,27447,197280.31399359929491766,224727.31399359929491766,0.93790245954970952,2578
marginal-greedy-prefix,2785,2785,338.70164183590526363,27449,197310.62098794570192695,224759.62098794570192695,0.93803729322399543,2576
marginal-greedy-prefix,2786,2786,338.84698352357133899,27453,197330.45847778161987662,224783.45847778161987662,0.93813677930759287,2572
marginal-greedy-prefix,2787,2787,339.01719671520078236,27457,197354.31210023624589667,224811.31210023624589667,0.93825302677454880,2568
marginal-greedy-prefix,2788,2788,339.19092305019336209,27464,197375.72079450488672592,224839.72079450488672592,0.93837159084116650,2561
marginal-greedy-prefix,2789,2789,339.30570187247695912,27469,197389.45712191643542610,224858.45712191643542610,0.93844978715495642,2556
marginal-greedy-prefix,2790,2790,339.46465657205322941,27472,197412.32724548786063679,224884.32724548786063679,0.93855775646271578,2553
marginal-greedy-prefix,2791,2791,339.66770891077129590,27476,197441.36057646365952678,224917.36057646365952678,0.93869562151266783,2549
marginal-greedy-prefix,2792,2792,339.82891506584161334,27478,197465.54184108864865266,224943.54184108864865266,0.93880488937178797,2547
marginal-greedy-prefix,2793,2793,340.03672040260750009,27480,197497.28687975698267110,224977.28687975698267110,0.93894572474334204,2545
marginal-greedy-prefix,2794,2794,340.15959190910513144,27484,197513.21479140382143669,224997.21479140382143669,0.93902889414992241,2541
marginal-greedy-prefix,2795,2795,340.30713587611609228,27492,197529.13513030976173468,225021.13513030976173468,0.93912872600522501,2533
marginal-greedy-prefix,2796,2796,340.52604871391901042,27495,197561.58111003303201869,225056.58111003303201869,0.93927666027708900,2530
marginal-greedy-prefix,2797,2797,340.66540654246665554,27498,197581.11298390748561360,225079.11298390748561360,0.93937069735495715,2527
marginal-greedy-prefix,2798,2798,340.82226448369436866,27504,197600.43754421023186296,225104.43754421023186296,0.93947638974709613,2521
marginal-greedy-prefix,2799,2799,341.07636791198001447,27509,197636.25612891159835272,225145.25612891159835272,0.93964674665790693,2516
marginal-greedy-prefix,2800,2800,341.20522995443195668,27515,197650.92300591277307831,225165.92300591277307831,0.93973300014630645,2510
marginal-greedy-prefix,2801,2801,341.41710295700920597,27523,197676.84088531401357614,225199.84088531401357614,0.93987455687097787,2502
marginal-greedy-prefix,2802,2802,341.59656303734215044,27527,197701.49191384168807417,225228.49191384168807417,0.93999413232287643,2498
marginal-greedy-prefix,2803,2803,341.79226380987165612,27537,197722.72577984089730307,225259.72577984089730307,0.94012448728160991,2488
marginal-greedy-prefix,2804,2804,341.97292216626379968,27541,197747.52516107104020193,225288.52516107104020193,0.94024468188550225,2484
marginal-greedy-prefix,2805,2805,342.20516129476879996,27542,197783.54372062618494965,225325.54372062618494965,0.94039917934038997,2483
marginal-greedy-prefix,2806,2806,342.43255219252216648,27552,197809.77981328737223521,225361.77981328737223521,0.94055041115919935,2473
marginal-greedy-prefix,2807,2807,342.53060899339089929,27557,197820.39589571097167209,225377.39589571097167209,0.94061558508867571,2468
marginal-greedy-prefix,2808,2808,342.62640760199877832,27560,197832.64669253915781155,225392.64669253915781155,0.94067923449381941,2465
marginal-greedy-prefix,2809,2809,342.77770235613945715,27563,197853.67365755315404385,225416.67365755315404385,0.94077951135461424,2462
marginal-greedy-prefix,2810,2810,342.97627716277906984,27566,197882.10480069057666697,225448.10480069057666697,0.94091068965213043,2459
marginal-greedy-prefix,2811,2811,343.18165680147063767,27570,197910.55754371915827505,225480.55754371915827505,0.94104613161049644,2455
marginal-greedy-prefix,2812,2812,343.34117622824658156,27581,197924.68774596956791356,225505.68774596956791356,0.94115101284669689,2444
marginal-greedy-prefix,2813,2813,343.50615953704578942,27586,197945.62875657554832287,225531.62875657554832287,0.94125927800244580,2439
marginal-greedy-prefix,2814,2814,343.71026631410921937,27588,197975.71576542721595615,225563.71576542721595615,0.94139319356431839,2437
marginal-greedy-prefix,2815,2815,343.89510864120495626,27592,198000.74394799099536613,225592.74394799099536613,0.94151434307364590,2433
marginal-greedy-prefix,2816,2816,344.05415339437956845,27600,198017.71332105051260442,225617.71332105051260442,0.94161855308706066,2425
marginal-greedy-prefix,2817,2817,344.18458043069591668,27603,198035.17028901271987706,225638.17028901271987706,0.94170393051727030,2422
marginal-greedy-prefix,2818,2818,344.33734703213741568,27607,198055.11834065918810666,225662.11834065918810666,0.94180387803206722,2418
marginal-greedy-prefix,2819,2819,344.56855022460553073,27613,198085.28630118040018715,225698.28630118040018715,0.94195482550047649,2412
marginal-greedy-prefix,2820,2820,344.70174577234064373,27617,198102.01270752542768605,225719.01270752542768605,0.94204132743539115,2408
marginal-greedy-prefix,2821,2821,344.93060166053453486,27620,198134.61876660838606767,225754.61876660838606767,0.94218992980061023,2405
marginal-greedy-prefix,2822,2822,345.02370931031356349,27632,198137.09125675944960676,225769.09125675944960676,0.94225033093239652,2393
marginal-greedy-prefix,2823,2823,345.16240914065343759,27636,198154.61728604990639724,225790.61728604990639724,0.94234017010440041,2389
marginal-greedy-prefix,2824,2824,345.33326160967146734,27638,198179.11507580798934214,225817.11507580798934214,0.94245075898540953,2387
marginal-greedy-prefix,2825,2825,345.54120308382488247,27642,198207.30018214014125988,225849.30018214014125988,0.94258508395843288,2383
marginal-greedy-prefix,2826,2826,345.70100847439539393,27645,198228.98544378884253092,225873.98544378884253092,0.94268810822906335,2380
marginal-greedy-prefix,2827,2827,345.87708137841667622,27650,198251.13454962716787122,225901.13454962716787122,0.94280141538647044,2375
marginal-greedy-prefix,2828,2828,346.02064739613086886,27653,198270.26080404009553604,225923.26080404009553604,0.94289375960607480,2372
marginal-greedy-prefix,2829,2829,346.14496535311548087,27657,198285.39989858318585902,225942.39989858318585902,0.94297363687389113,2368
marginal-greedy-prefix,2830,2830,346.30710052139596655,27664,198303.35841070857713930,225967.35841070857713930,0.94307780155905163,2361
marginal-greedy-prefix,2831,2831,346.52713448264188401,27668,198333.21982675537583418,226001.21982675537583418,0.94321912263315577,2357
marginal-greedy-prefix,2832,2832,346.68163247491747825,27672,198352.91714679685537703,226024.91714679685537703,0.94331802371623585,2353
marginal-greedy-prefix,2833,2833,346.86125062320576262,27677,198375.41383126034634188,226052.41383126034634188,0.94343278149769760,2348
marginal-greedy-prefix,2834,2834,347.03445207552493912,27683,198395.89315517927752808,226078.89315517927752808,0.94354329331127940,2342
marginal-greedy-prefix,2835,2835,347.16338664172002382,27686,198412.59563378780148923,226098.59563378780148923,0.94362552187005033,2339
marginal-greedy-prefix,2836,2836,347.29049965669457833,27691,198427.01599078808794729,226118.01599078808794729,0.94370657299050476,2334
marginal-greedy-prefix,2837,2837,347.46830247198391817,27696,198449.15492446909775026,226145.15492446909775026,0.94381983769427680,2329
marginal-greedy-prefix,2838,2838,347.57326305332037464,27698,198463.15062124058022164,226161.15062124058022164,0.94388659594932633,2327
marginal-greedy-prefix,2839,2839,347.73089425664721830,27700,198485.14231857439153828,226185.14231857439153828,0.94398672561998487,2325
marginal-greedy-prefix,2840,2840,347.86262623026436813,27703,198502.16547529347008094,226205.16547529347008094,0.94407029253315200,2322
marginal-greedy-prefix,2841,2841,347.98725599042711565,27706,198518.07785613636951894,226224.07785613636951894,0.94414922360829934,2319
marginal-greedy-prefix,2842,2842,348.10705611549531113,27711,198531.20979622809682041,226242.20979622809682041,0.94422489750350247,2314
marginal-greedy-prefix,2843,2843,348.32817765213951589,27719,198556.65033944370225072,226275.65033944370225072,0.94436446205919999,2306
marginal-greedy-prefix,2844,2844,348.50651040771100497,27722,198580.61010203126352280,226302.61010203126352280,0.94447697899001004,2303
marginal-greedy-prefix,2845,2845,348.67948492779515846,27732,198596.74245999153936282,226328.74245999153936282,0.94458604273650892,2293
marginal-greedy-prefix,2846,2846,348.84331246744221744,27735,198618.44164783824817277,226353.44164783824817277,0.94468912512831360,2290
marginal-greedy-prefix,2847,2847,348.95530831141701356,27745,198625.32462334705633111,226370.32462334705633111,0.94475958645307578,2280
marginal-greedy-prefix,2848,2848,349.14386390144665029,27750,198648.70925404218723997,226398.70925404218723997,0.94487805009004666,2275
marginal-greedy-prefix,2849,2849,349.26800911608796696,27754,198663.39593056356534362,226417.39593056356534362,0.94495603918518045,2271
marginal-greedy-prefix,2850,2850,349.41045209691645823,27758,198680.81803083413979039,226438.81803083413979039,0.94504544460802575,2267
marginal-greedy-prefix,2851,2851,349.56649949048875214,27760,198702.25327578856376931,226462.25327578856376931,0.94514325191721438,2265
marginal-greedy-prefix,2852,2852,349.75389622687777091,27769,198721.32170026615494862,226490.32170026615494862,0.94526039586329458,2256
marginal-greedy-prefix,2853,2853,349.90114946657621431,27771,198741.37602684478042647,226512.37602684478042647,0.94535243989111761,2254
marginal-greedy-prefix,2854,2854,350.05735135077765108,27777,198758.74669896444538608,226535.74669896444538608,0.94544997770471417,2248
marginal-greedy-prefix,2855,2855,350.19992830697691488,27780,198777.03332800569478422,226557.03332800569478422,0.94553881773656656,2245
marginal-greedy-prefix,2856,2856,350.34097054972454544,27785,198793.04563009133562446,226578.04563009133562446,0.94562651286118982,2240
marginal-greedy-prefix,2857,2857,350.51043065052880365,27785,198818.28960294753778726,226603.28960294753778726,0.94573186892053973,2240
marginal-greedy-prefix,2858,2858,350.69838610488346831,27789,198842.19379210687475279,226631.19379210687475279,0.94584832742831604,2236
marginal-greedy-prefix,2859,2859,350.82135763113831217,27794,198855.44678623139043339,226649.44678623139043339,0.94592450654414895,2231
marginal-greedy-prefix,2860,2860,351.06557303643603518,27795,198890.61958687452715822,226685.61958687452715822,0.94607547421287197,2230
marginal-greedy-prefix,2861,2861,351.24278468977365719,27798,198913.85615021784906276,226711.85615021784906276,0.94618497286193481,2227
marginal-greedy-prefix,2862,2862,351.45492294233713437,27801,198942.18807387704146095,226743.18807387704146095,0.94631573706562755,2224
marginal-greedy-prefix,2863,2863,351.59317612779545925,27802,198961.59884897698066197,226763.59884897698066197,0.94640092170930690,2223
marginal-greedy-prefix,2864,2864,351.68771637662723606,27805,198972.54268559030606411,226777.54268559030606411,0.94645911649846171,2220
marginal-greedy-prefix,2865,2865,351.87000213328150267,27811,198993.36459614030900411,226804.36459614030900411,0.94657105810194386,2214
marginal-greedy-prefix,2866,2866,351.96685283011453294,27819,198999.61194082404836081,226818.61194082404836081,0.94663051958610200,2206
marginal-greedy-prefix,2867,2867,352.12864758452820979,27823,199019.36873098331852816,226842.36873098331852816,0.94672966886851639,2202
marginal-greedy-prefix,2868,2868,352.31435010675539843,27826,199043.62769666776875965,226869.62769666776875965,0.94684343452746500,2199
marginal-greedy-prefix,2869,2869,352.44555455834864688,27832,199056.84955225014709868,226888.84955225014709868,0.94692365719958904,2193
marginal-greedy-prefix,2870,2870,352.62083050252459770,27834,199080.49339531327132136,226914.49339531327132136,0.94703068212261154,2191
marginal-greedy-prefix,2871,2871,352.79656257760626659,27837,199103.17792887450195849,226940.17792887450195849,0.94713787686797368,2188
marginal-greedy-prefix,2872,2872,352.93250290042107054,27842,199118.02995763655053452,226960.02995763655053452,0.94722072957631642,2183
marginal-greedy-prefix,2873,2873,353.06942959920962721,27845,199134.99923120177118108,226979.99923120177118108,0.94730407160741814,2180
marginal-greedy-prefix,2874,2874,353.18425291929173682,27850,199146.73873366933548823,226996.73873366933548823,0.94737393414551796,2175
marginal-greedy-prefix,2875,2875,353.38599574022526895,27852,199174.12618273901171051,227026.12618273901171051,0.94749658305842732,2173
marginal-greedy-prefix,2876,2876,353.56808235176021071,27856,199196.64812563042505644,227052.64812563042505644,0.94760727274286238,2169
marginal-greedy-prefix,2877,2877,353.76786424649725404,27858,199223.64929484552703798,227081.64929484552703798,0.94772830951161691,2167
marginal-greedy-prefix,2878,2878,353.94549781737299554,27858,199249.36513217509491369,227107.36513217509491369,0.94783563490367606,2167
marginal-greedy-prefix,2879,2879,354.19423050472920522,27862,199281.36532618221826851,227143.36532618221826851,0.94798588219628832,2163
marginal-greedy-prefix,2880,2880,354.36976093250126496,27869,199299.74371280768536963,227168.74371280768536963,0.94809179923330722,2156
marginal-greedy-prefix,2881,2881,354.50575557705798246,27874,199314.34215430024778470,227188.34215430024778470,0.94817359359177911,2151
marginal-greedy-prefix,2882,2882,354.61619026949523459,27874,199330.23968526773387566,227204.23968526773387566,0.94823994215052887,2151
marginal-greedy-prefix,2883,2883,354.77464822472592232,27874,199353.02607370639452711,227227.02607370639452711,0.94833504144834491,2151
marginal-greedy-prefix,2884,2884,354.89693505539906937,27875,199369.60375611728522927,227244.60375611728522927,0.94840840214168198,2150
marginal-greedy-prefix,2885,2885,355.03039755023343105,27879,199384.77535668018390425,227263.77535668018390425,0.94848841507380810,2146
marginal-greedy-prefix,2886,2886,355.19776109881325965,27886,199401.74240936755086295,227287.74240936755086295,0.94858844188970404,2139
marginal-greedy-prefix,2887,2887,355.41377733860730359,27886,199432.64613386878045276,227318.64613386878045276,0.94871741899846695,2139
marginal-greedy-prefix,2888,2888,355.59983500510890053,27890,199455.25696515743038617,227345.25696515743038617,0.94882847965982031,2135
marginal-greedy-prefix,2889,2889,355.74248679238934301,27893,199472.63817287751589902,227365.63817287751589902,0.94891354090364322,2132
marginal-greedy-prefix,2890,2890,356.01047647640547211,27898,199505.89450354545260780,227403.89450354545260780,0.94907320421287411,2127
marginal-greedy-prefix,2891,2891,356.15415671840685263,27902,199522.39989344010245986,227424.39989344010245986,0.94915878373266838,2123
marginal-greedy-prefix,2892,2892,356.27124408370309538,27905,199536.05663595660007559,227441.05663595660007559,0.94922830087100230,2120
marginal-greedy-prefix,2893,2893,356.45247213819726539,27911,199555.73554363573202863,227466.73554363573202863,0.94933547213667002,2114
marginal-greedy-prefix,2894,2894,356.63359149158173977,27913,199579.39629933796823025,227492.39629933796823025,0.94944256764481871,2112
marginal-greedy-prefix,2895,2895,356.84473926842889568,27916,199606.28390193442464806,227522.28390193442464806,0.94956730395518130,2109
marginal-greedy-prefix,2896,2896,356.94056852618876974,27920,199615.84241605325951241,227535.84241605325951241,0.94962389059573660,2105
marginal-greedy-prefix,2897,2897,357.07734910549515917,27922,199633.16056506222230382,227555.16056506222230382,0.94970451514976817,2103
marginal-greedy-prefix,2898,2898,357.29836684927931856,27927,199659.36270251055248082,227586.36270251055248082,0.94983473768896887,2098
marginal-greedy-prefix,2899,2899,357.51824421836272450,27930,199687.36978256184374914,227617.36978256184374914,0.94996414615350644,2095
marginal-greedy-prefix,2900,2900,357.68732929621035055,27933,199708.14774377341382205,227641.14774377341382205,0.95006338379359156,2092
marginal-greedy-prefix,2901,2901,357.85092830656503793,27940,199724.12260915205115452,227664.12260915205115452,0.95015926970244491,2085
marginal-greedy-prefix,2902,2902,357.99236499035583847,27943,199740.96019481704570353,227683.96019481704570353,0.95024206213232842,2082
marginal-greedy-prefix,2903,2903,358.11929129315490172,27947,199754.75231624676962383,227701.75231624676962383,0.95031631778978731,2078
marginal-greedy-prefix,2904,2904,358.23702459628975703,27950,199768.25068792124511674,227718.25068792124511674,0.95038517396528754,2075
marginal-greedy-prefix,2905,2905,358.44647893612597045,27955,199792.58845493663102388,227747.58845493663102388,0.95050761552947682,2070
marginal-greedy-prefix,2906,2906,358.63844698965641555,27959,199815.45767617566161789,227774.45767617566161789,0.95061975458475423,2066
marginal-greedy-prefix,2907,2907,358.81562304521020224,27962,199837.07219069442362525,227799.07219069442362525,0.95072248359128886,2063
marginal-greedy-prefix,2908,2908,358.95238179896165320,27965,199853.05116004691808484,227818.05116004691808484,0.95080169257447433,2060
marginal-greedy-prefix,2909,2909,359.10956562129774738,27967,199872.85375562476110645,227839.85375562476110645,0.95089268599958865,2058
marginal-greedy-prefix,2910,2910,359.23934809298441451,27971,199886.84000655065756291,227857.84000655065756291,0.95096775185910387,2054
marginal-greedy-prefix,2911,2911,359.42309011989868850,27978,199905.30024357329239137,227883.30024357329239137,0.95107401049985341,2047
marginal-greedy-prefix,2912,2912,359.55344748787786102,27980,199921.33573884240468033,227901.33573884240468033,0.95114928188129566,2045
marginal-greedy-prefix,2913,2913,359.77389810563954597,27989,199942.80670901687699370,227931.80670901687699370,0.95127645288407070,2036
marginal-greedy-prefix,2914,2914,359.96077106797281431,27993,199964.63642458524554968,227957.63642458524554968,0.95138425354848710,2032
marginal-greedy-prefix,2915,2915,360.24629603246944498,27993,200004.07521877309773117,227997.07521877309773117,0.95154885188508065,2032
marginal-greedy-prefix,2916,2916,360.43055471971183579,27995,200027.48659639371908270,228022.48659639371908270,0.95165490661046037,2030
marginal-greedy-prefix,2917,2917,360.64075261463938205,27997,200054.46717570078908466,228051.46717570078908466,0.95177585744695747,2028
marginal-greedy-prefix,2918,2918,360.81443341768999744,28003,200072.39848291760426946,228075.39848291760426946,0.95187573507865264,2022
marginal-greedy-prefix,2919,2919,361.00175400399268710,28009,200092.15535548527259380,228101.15535548527259380,0.95198323173182853,2016
marginal-greedy-prefix,2920,2920,361.14463368107169572,28016,200104.75326004344969988,228120.75326004344969988,0.95206502384939762,2009
marginal-greedy-prefix,2921,2921,361.29595314592779687,28022,200119.47979002707870677,228141.47979002707870677,0.95215152630031963,2003
marginal-greedy-prefix,2922,2922,361.48636239482254950,28028,200139.52279413092765026,228167.52279413092765026,0.95226021712730013,1997
marginal-greedy-prefix,2923,2923,361.66939262809376032,28032,200160.53782106272410601,228192.53782106272410601,0.95236461767776326,1993
marginal-greedy-prefix,2924,2924,361.89738624703568348,28033,200190.68268849534797482,228223.68268849534797482,0.95249460119978513,1992
marginal-greedy-prefix,2925,2925,362.11507548114718702,28042,200211.37464002822525799,228253.37464002822525799,0.95261852095780930,1983
marginal-greedy-prefix,2926,2926,362.26852884391291809,28051,200223.28249320038594306,228274.28249320038594306,0.95270578016349106,1974
marginal-greedy-prefix,2927,2927,362.50474281854712899,28060,200246.38339025917230174,228306.38339025917230174,0.95283975368798235,1965
marginal-greedy-prefix,2928,2928,362.65175972454284192,28062,200264.30560991002130322,228326.30560991002130322,0.95292289933894114,1963
marginal-greedy-prefix,2929,2929,362.88065424427463768,28068,200289.28747874684631824,228357.28747874684631824,0.95305220258413692,1957
marginal-greedy-prefix,2930,2930,363.04805034680839526,28071,200308.93128712050383911,228379.93128712050383911,0.95314670682213909,1954
marginal-greedy-prefix,2931,2931,363.23055064315860818,28075,200329.52621608602930792,228404.52621608602930792,0.95324935408810463,1950
marginal-greedy-prefix,2932,2932,363.41157331555382370,28078,200350.92145897066802718,228428.92145897066802718,0.95335116796153285,1947
marginal-greedy-prefix,2933,2933,363.56854947893668850,28081,200368.98535589501261711,228449.98535589501261711,0.95343907841790754,1944
marginal-greedy-prefix,2934,2934,363.75405035393828257,28085,200389.87382421051734127,228474.87382421051734127,0.95354295077428786,1940
marginal-greedy-prefix,2935,2935,363.92710293166305746,28090,200408.05170053872279823,228498.05170053872279823,0.95363968395206256,1935
marginal-greedy-prefix,2936,2936,364.11436676479877406,28095,200428.03875899495324120,228523.03875899495324120,0.95374396777571768,1930
marginal-greedy-prefix,2937,2937,364.37979505170949324,28095,200463.42618390201823786,228558.42618390201823786,0.95389165766827089,1930
marginal-greedy-prefix,2938,2938,364.56584163236993845,28101,200482.19091151104657911,228583.19091151104657911,0.95399501359115280,1924
marginal-greedy-prefix,2939,2939,364.69016641149801217,28105,200494.73036976254661568,228599.73036976254661568,0.95406404124203348,1920
marginal-greedy-prefix,2940,2940,364.84259984370669372,28106,200514.00853315627318807,228620.00853315627318807,0.95414867242897794,1919
marginal-greedy-prefix,2941,2941,365.02735314116659993,28109,200535.52287590506603010,228644.52287590506603010,0.95425098336728686,1916
marginal-greedy-prefix,2942,2942,365.24735452763070498,28111,200562.71035806860891171,228673.71035806860891171,0.95437279771563099,1914
marginal-greedy-prefix,2943,2943,365.40796552392782814,28115,200579.93558349311933853,228694.93558349311933853,0.95446138147866533,1910
marginal-greedy-prefix,2944,2944,365.64424024579557226,28119,200607.15498643220053054,228726.15498643220053054,0.95459167607562323,1906
marginal-greedy-prefix,2945,2945,365.87792207057464111,28120,200637.00661179574672133,228757.00661179574672133,0.95472043574793619,1905
marginal-greedy-prefix,2946,2946,366.02093872763589388,28123,200652.86299389722989872,228775.86299389722989872,0.95479913311158504,1902
marginal-greedy-prefix,2947,2947,366.20181506820495088,28127,200672.64394412314868532,228799.64394412314868532,0.95489838322636178,1898
marginal-greedy-prefix,2948,2948,366.41465332637795882,28130,200697.61364245819277130,228827.61364245819277130,0.95501511513756165,1895
marginal-greedy-prefix,2949,2949,366.63063330965707109,28134,200721.94984623501659371,228855.94984623501659371,0.95513337666413933,1891
marginal-greedy-prefix,2950,2950,366.77607942683158626,28138,200737.02705877574044280,228875.02705877574044280,0.95521299566658868,1887
marginal-greedy-prefix,2951,2951,366.95488063265901246,28140,200758.45219686187920161,228898.45219686187920161,0.95531076079462696,1885
marginal-greedy-prefix,2952,2952,367.08664415469667119,28143,200772.70271142054116353,228915.70271142054116353,0.95538275604854406,1882
marginal-greedy-prefix,2953,2953,367.28145295948110061,28151,200790.08504855044884607,228941.08504855044884607,0.95548868957304622,1874
marginal-greedy-prefix,2954,2954,367.41878762565767147,28152,200806.97822432749671862,228958.97822432749671862,0.95556336698217925,1873
marginal-greedy-prefix,2955,2955,367.54195293577953407,28161,200814.01192288275342435,228975.01192288275342435,0.95563028383818316,1864
marginal-greedy-prefix,2956,2956,367.83416319603742295,28166,200847.04558304470265284,229013.04558304470265284,0.95578901782907033,1859
marginal-greedy-prefix,2957,2957,368.03957834449960274,28168,200871.74107974310754798,229039.74107974310754798,0.95590043184264706,1857
marginal-greedy-prefix,2958,2958,368.16446937355198088,28172,200883.96040124658611603,229055.96040124658611603,0.95596812339851533,1853
marginal-greedy-prefix,2959,2959,368.34208634157204187,28179,200899.97734643553849310,229078.97734643553849310,0.95606418492802159,1846
marginal-greedy-prefix,2960,2960,368.49867776619049664,28183,200916.20980470214271918,229099.20980470214271918,0.95614862536400491,1842
marginal-greedy-prefix,2961,2961,368.71549325665228025,28188,200939.21510047660558484,229127.21510047660558484,0.95626550584159575,1837
marginal-greedy-prefix,2962,2962,368.93189378343902263,28192,200963.14607847796287388,229155.14607847796287388,0.95638207615296367,1833
marginal-greedy-prefix,2963,2963,369.05412826131930615,28196,200974.92186801700154319,229170.92186801700154319,0.95644791662222861,1829
marginal-greedy-prefix,2964,2964,369.22383202694879856,28199,200993.80644055656739511,229192.80644055656739511,0.95653925217929248,1826
marginal-greedy-prefix,2965,2965,369.32752528374567191,28202,201004.11780974897556007,229206.11780974897556007,0.95659480735718194,1823
marginal-greedy-prefix,2966,2966,369.53405312496533952,28212,201020.58579759398708120,229232.58579759398708120,0.95670527185950704,1813
marginal-greedy-prefix,2967,2967,369.61638766950159152,28214,201029.12495717796264216,229243.12495717796264216,0.95674925718340798,1811
marginal-greedy-prefix,2968,2968,369.84113119032781469,28222,201049.88763691097847186,229271.88763691097847186,0.95686929861310976,1803
marginal-greedy-prefix,2969,2969,370.05570183087490932,28227,201072.33419282999238931,229299.33419282999238931,0.95698384718241869,1798
marginal-greedy-prefix,2970,2970,370.19373705292639443,28232,201084.96411118286778219,229316.96411118286778219,0.95705742588316045,1793
marginal-greedy-prefix,2971,2971,370.31867988407429948,28236,201096.90169640906970017,229332.90169640906970017,0.95712394160889624,1789
marginal-greedy-prefix,2972,2972,370.53031065694221979,28237,201122.86684627397335134,229359.86684627397335134,0.95723648102358050,1788
marginal-greedy-prefix,2973,2973,370.65169156749072954,28242,201133.30459873451036401,229375.30459873451036401,0.95730091069056389,1783
marginal-greedy-prefix,2974,2974,370.81354403316368007,28244,201151.88017347271670587,229395.88017347271670587,0.95738678312774417,1781
marginal-greedy-prefix,2975,2975,371.02243908865330013,28250,201172.20116375767975114,229422.20116375767975114,0.95749663413378050,1775
marginal-greedy-prefix,2976,2976,371.21895558812309446,28253,201193.95184235984925181,229446.95184235984925181,0.95759993142294386,1772
marginal-greedy-prefix,2977,2977,371.40056535592873388,28254,201215.82405088044470176,229469.82405088044470176,0.95769538889202310,1771
marginal-greedy-prefix,2978,2978,371.54722542649835759,28259,201229.28613542020320892,229488.28613542020320892,0.95777244064950884,1766
marginal-greedy-prefix,2979,2979,371.66060304870620712,28263,201239.50371764460578561,229502.50371764460578561,0.95783177791964369,1762
marginal-greedy-prefix,2980,2980,371.86190554654501739,28268,201259.70733386979554780,229527.70733386979554780,0.95793696555005259,1757
marginal-greedy-prefix,2981,2981,372.13157434861398087,28275,201286.46118738883524202,229561.46118738883524202,0.95807783771050437,1750
marginal-greedy-prefix,2982,2982,372.34304490752322181,28276,201311.88060375940403901,229587.88060375940403901,0.95818809949912931,1749
marginal-greedy-prefix,2983,2983,372.49506272485649561,28277,201329.85940415639197454,229606.85940415639197454,0.95826730777717661,1748
marginal-greedy-prefix,2984,2984,372.67497908110550497,28279,201350.28772146758274175,229629.28772146758274175,0.95836091266033885,1746
marginal-greedy-prefix,2985,2985,372.81746221393751739,28281,201366.00036555001861416,229647.00036555001861416,0.95843483661802265,1744
marginal-greedy-prefix,2986,2986,372.95391388788681297,28283,201380.94735296728322282,229663.94735296728322282,0.95850556509734341,1742
marginal-greedy-prefix,2987,2987,373.18042286633374260,28285,201407.02223680590395816,229692.02223680590395816,0.95862273600165349,1740
marginal-greedy-prefix,2988,2988,373.36708105887259990,28292,201423.15151990152662620,229715.15151990152662620,0.95871926637492011,1733
marginal-greedy-prefix,2989,2989,373.57113361540780261,28293,201447.43360644541098736,229740.43360644541098736,0.95882478150225681,1732
marginal-greedy-prefix,2990,2990,373.71572589550498833,28296,201462.33457670046482235,229758.33457670046482235,0.95889949144174824,1729
marginal-greedy-prefix,2991,2991,373.93611725862240291,28303,201482.61165871802950278,229785.61165871802950278,0.95901333270945610,1722
marginal-greedy-prefix,2992,2992,374.11916948437590236,28307,201501.22548675708821975,229808.22548675708821975,0.95910771182412957,1718
marginal-greedy-prefix,2993,2993,374.26802192544141690,28313,201513.53826451869099401,229826.53826451869099401,0.95918414044777378,1712
marginal-greedy-prefix,2994,2994,374.38206176996823160,28317,201523.56181133308564313,229840.56181133308564313,0.95924266790852208,1708
marginal-greedy-prefix,2995,2995,374.60038059157579937,28318,201549.40305346209788695,229867.40305346209788695,0.95935469019260855,1707
marginal-greedy-prefix,2996,2996,374.73743273492414119,28321,201563.16849763429490849,229884.16849763429490849,0.95942466099876067,1704
marginal-greedy-prefix,2997,2997,374.86946130244939468,28321,201579.31904201005818322,229900.31904201005818322,0.95949206551236388,1704
marginal-greedy-prefix,2998,2998,374.97856630010471690,28322,201591.65032756276195869,229913.65032756276195869,0.95954770381145027,1703
marginal-greedy-prefix,2999,2999,375.24472381867803961,28326,201620.13947106199339032,229946.13947106199339032,0.95968329768766891,1699
marginal-greedy-prefix,3000,3000,375.35642385021674272,28330,201629.76915411069057882,229959.76915411069057882,0.95974018135270756,1695
marginal-greedy-prefix,3001,3001,375.52771577438363693,28338,201642.63924374009366147,229980.63924374009366147,0.95982728295173703,1687
marginal-greedy-prefix,3002,3002,375.66662687088171424,28341,201656.56226045588846318,229997.56226045588846318,0.95989791138901370,1684
marginal-greedy-prefix,3003,3003,375.83400564433111413,28346,201671.90216809484991245,230017.90216809484991245,0.95998280026639393,1679
marginal-greedy-prefix,3004,3004,376.02597731278450510,28350,201691.17189526071888395,230041.17189526071888395,0.96007991678487170,1675
marginal-greedy-prefix,3005,3005,376.21601695469661308,28355,201709.20036121693556197,230064.20036121693556197,0.96017602639645461,1670
marginal-greedy-prefix,3006,3006,376.42503189466077629,28358,201731.36751678484142758,230089.36751678484142758,0.96028106185782125,1667
marginal-greedy-prefix,3007,3007,376.58612617313434612,28362,201746.71875549782998860,230108.71875549782998860,0.96036182451217644,1663
marginal-greedy-prefix,3008,3008,376.76884891990380311,28367,201763.61137699161190540,230130.61137699161190540,0.96045319366165871,1658
marginal-greedy-prefix,3009,3009,377.05842045294150466,28372,201793.21822036473895423,230165.21822036473895423,0.96059762578670882,1653
marginal-greedy-prefix,3010,3010,377.25633979846872990,28377,201811.85165068900096230,230188.85165068900096230,0.96069626022519705,1648
marginal-greedy-prefix,3011,3011,377.39395002057085549,28381,201824.27854382942314260,230205.27854382942314260,0.96076481808407665,1644
marginal-greedy-prefix,3012,3012,377.56936730018855997,28386,201840.19766371234436519,230226.19766371234436519,0.96085212431152689,1639
marginal-greedy-prefix,3013,3013,377.74614141203323925,28392,201855.25461530717439018,230247.25461530717439018,0.96094000578147565,1633
marginal-greedy-prefix,3014,3014,377.93182151549706305,28398,201871.29069599782815203,230269.29069599782815203,0.96103197365984039,1627
marginal-greedy-prefix,3015,3015,378.09522186079766470,28399,201889.67126198374899104,230288.67126198374899104,0.96111285871196261,1626
marginal-greedy-prefix,3016,3016,378.27230136263506211,28404,201905.63996143694384955,230309.63996143694384955,0.96120037186041452,1621
marginal-greedy-prefix,3017,3017,378.47445934757286068,28405,201928.56334740202873945,230333.56334740202873945,0.96130021643265928,1620
marginal-greedy-prefix,3018,3018,378.63891330855119577,28411,201941.99478565805475228,230352.99478565805475228,0.96138131380088321,1614
marginal-greedy-prefix,3019,3019,378.89993382508066588,28419,201964.80846106121316552,230383.80846106121316552,0.96150991508852734,1606
marginal-greedy-prefix,3020,3020,379.09452153062920843,28421,201985.77737191916094162,230406.77737191916094162,0.96160577614610876,1604
marginal-greedy-prefix,3021,3021,379.25383414188854658,28425,202000.50130346792866476,230425.50130346792866476,0.96168392072559916,1600
marginal-greedy-prefix,3022,3022,379.47336545826533438,28428,202023.24848813153221272,230451.24848813153221272,0.96179137694617745,1597
marginal-greedy-prefix,3023,3023,379.68476921339356522,28429,202046.98487666674191132,230475.98487666674191132,0.96189461459555470,1596
marginal-greedy-prefix,3024,3024,379.85987080538245664,28434,202062.42583547864342108,230496.42583547864342108,0.96197992521136078,1591
marginal-greedy-prefix,3025,3025,380.04154406444354208,28435,202082.55404528501094319,230517.55404528501094319,0.96206810407841126,1590
marginal-greedy-prefix,3026,3026,380.12643049219605018,28438,202089.39608904457418248,230527.39608904457418248,0.96210917998006762,1587
marginal-greedy-prefix,3027,3027,380.37554915693260682,28438,202118.27572741045150906,230556.27572741045150906,0.96222970953819265,1587
marginal-greedy-prefix,3028,3028,380.56510690502011585,28450,202128.18246902903774753,230578.18246902903774753,0.96232113761820504,1575
marginal-greedy-prefix,3029,3029,380.78961349090548083,28453,202151.12592456862330437,230604.12592456862330437,0.96242941297791718,1572
marginal-greedy-prefix,3030,3030,380.92688661058218713,28456,202163.93658538116142154,230619.93658538116142154,0.96249539898290992,1569
marginal-greedy-prefix,3031,3031,381.07400624652848364,28458,202178.86850674648303539,230636.86850674648303539,0.96256606458386085,1567
marginal-greedy-prefix,3032,3032,381.27575062008043005,28466,202194.08648890297627077,230660.08648890297627077,0.96266296514384786,1559
marginal-greedy-prefix,3033,3033,381.50070520803876661,28469,202216.87941993432468735,230685.87941993432468735,0.96277061228750560,1556
marginal-greedy-prefix,3034,3034,381.67638396387189914,28471,202235.01630735752405599,230706.01630735752405599,0.96285465385729196,1554
marginal-greedy-prefix,3035,3035,381.88531806401454105,28473,202256.96431036881403998,230729.96431036881403998,0.96295460116910936,1552
marginal-greedy-prefix,3036,3036,382.03650879275085117,28476,202271.28498963612946682,230747.28498963612946682,0.96302688925637914,1549
marginal-greedy-prefix,3037,3037,382.20430254878931464,28481,202285.50426443389733322,230766.50426443389733322,0.96310710115756404,1544
marginal-greedy-prefix,3038,3038,382.30913634850685412,28483,202295.47708371249609627,230778.47708371249609627,0.96315706987943228,1542
marginal-greedy-prefix,3039,3039,382.49569670768227070,28484,202315.76944176849792711,230799.76944176849792711,0.96324593382140467,1541
marginal-greedy-prefix,3040,3040,382.68155699013078674,28488,202332.95252764518954791,230820.95252764518954791,0.96333434171447085,1537
marginal-greedy-prefix,3041,3041,382.78201408200726519,28491,202341.38468049041694030,230832.38468049041694030,0.96338205395772658,1534
marginal-greedy-prefix,3042,3042,382.92906331528354258,28498,202351.08936266115051694,230849.08936266115051694,0.96345177117285064,1527
marginal-greedy-prefix,3043,3043,383.10592397974301093,28503,202366.09962702909251675,230869.09962702909251675,0.96353528427961732,1522
marginal-greedy-prefix,3044,3044,383.18753924472576955,28508,202370.33076663594692945,230878.33076663594692945,0.96357381056459734,1517
marginal-greedy-prefix,3045,3045,383.35084066540088088,28512,202384.78365154954371974,230896.78365154954371974,0.96365082392731982,1513
marginal-greedy-prefix,3046,3046,383.51326544316208356,28516,202399.13582003168994561,230915.13582003168994561,0.96372741694866471,1509
marginal-greedy-prefix,3047,3047,383.65037525749113456,28519,202411.61376552638830617,230930.61376552638830617,0.96379201436181516,1506
marginal-greedy-prefix,3048,3048,383.84323787683962337,28521,202431.34953755544847809,230952.34953755544847809,0.96388272889795235,1504
marginal-greedy-prefix,3049,3049,384.04731842849474788,28525,202450.33718207775382325,230975.33718207775382325,0.96397866814073319,1500
marginal-greedy-prefix,3050,3050,384.19485029436970080,28527,202464.89117907933541574,230991.89117907933541574,0.96404775646928231,1498
marginal-greedy-prefix,3051,3051,384.35911275181064184,28528,202482.29924194229533896,231010.29924194229533896,0.96412458276657531,1497
marginal-greedy-prefix,3052,3052,384.48111339019129673,28531,202492.95649637983296998,231023.95649637983296998,0.96418158150117517,1494
marginal-greedy-prefix,3053,3053,384.61554636212639480,28534,202505.00218163567478769,231039.00218163567478769,0.96424437487042025,1491
marginal-greedy-prefix,3054,3054,384.79728134781180415,28537,202522.31740224652457982,231059.31740224652457982,0.96432916071615760,1488
marginal-greedy-prefix,3055,3055,384.97300899561827237,28543,202535.95595351071096957,231078.95595351071096957,0.96441112247329930,1482
marginal-greedy-prefix,3056,3056,385.24234567412906927,28546,202562.86029560663155280,231108.86029560663155280,0.96453592864618753,1479
marginal-greedy-prefix,3057,3057,385.44637316885518885,28551,202580.46596485775080509,231131.46596485775080509,0.96463027371005006,1474
marginal-greedy-prefix,3058,3058,385.61430297672904999,28553,202597.04213306191377342,231150.04213306191377342,0.96470780159723957,1472
marginal-greedy-prefix,3059,3059,385.86587542636425496,28557,202620.84045061349752359,231177.84045061349752359,0.96482381824844077,1468
marginal-greedy-prefix,3060,3060,386.01838411235905824,28561,202633.62962602451443672,231194.62962602451443672,0.96489388809723653,1464
marginal-greedy-prefix,3061,3061,386.19659834095614315,28562,202652.19809609002550133,231214.19809609002550133,0.96497555736955554,1463
marginal-greedy-prefix,3062,3062,386.39282760247749593,28569,202666.73293597591691650,231235.73293597591691650,0.96506543331269778,1456
marginal-greedy-prefix,3063,3063,386.54862862540824153,28573,202679.82628213058342226,231252.82628213058342226,0.96513677262217235,1452
marginal-greedy-prefix,3064,3064,386.69925055558906024,28576,202693.31596433554659598,231269.31596433554659598,0.96520559253205518,1449
marginal-greedy-prefix,3065,3065,386.91532705512554458,28580,202712.96035045589087531,231292.96035045589087531,0.96530427269470520,1445
marginal-greedy-prefix,3066,3066,387.04023069700372162,28586,202720.62792462782817893,231306.62792462782817893,0.96536131449885509,1439
marginal-greedy-prefix,3067,3067,387.22235564114879480,28590,202736.50255135347833857,231326.50255135347833857,0.96544426152010210,1435
marginal-greedy-prefix,3068,3068,387.48019275058874200,28597,202757.62087607954163104,231354.62087607954163104,0.96556161372553873,1428
marginal-greedy-prefix,3069,3069,387.68146505176542860,28599,202777.55060353368753567,231376.55060353368753567,0.96565313773724426,1426
marginal-greedy-prefix,3070,3070,387.83661951437085236,28602,202791.44588015746558085,231393.44588015746558085,0.96572365040087471,1423
marginal-greedy-prefix,3071,3071,388.09691806827726168,28604,202817.67430814227554947,231421.67430814227554947,0.96584146212373867,1421
marginal-greedy-prefix,3072,3072,388.26912531005291385,28607,202833.24573720325133763,231440.24573720325133763,0.96591897023205053,1418
marginal-greedy-prefix,3073,3073,388.42602445569502834,28611,202846.16003891846048646,231457.16003891846048646,0.96598956229715527,1414
marginal-greedy-prefix,3074,3074,388.64709000441519038,28614,202866.97758075656020083,231480.97758075656020083,0.96608896512751630,1411
marginal-greedy-prefix,3075,3075,388.93409171288101334,28618,202893.86344565174658783,231511.86344565174658783,0.96621786769897378,1407
marginal-greedy-prefix,3076,3076,389.15553586256794460,28620,202915.61158263342804275,231535.61158263342804275,0.96631698086723550,1405
marginal-greedy-prefix,3077,3077,389.43680111637888785,28624,202941.74101207786588930,231565.74101207786588930,0.96644272644519214,1401
marginal-greedy-prefix,3078,3078,389.61754678329964463,28625,202960.10044840179034509,231585.10044840179034509,0.96652352331238656,1400
marginal-greedy-prefix,3079,3079,389.78047375196729263,28629,202973.54021984760765918,231602.54021984760765918,0.96659630843246092,1396
marginal-greedy-prefix,3080,3080,389.92298810434203915,28633,202984.77399138474720530,231617.77399138474720530,0.96665988678232406,1392
marginal-greedy-prefix,3081,3081,390.10635533359624105,28639,202998.31180316870450042,231637.31180316870450042,0.96674142810189378,1386
marginal-greedy-prefix,3082,3082,390.33939415713774679,28643,203019.09519192037987523,231662.09519192037987523,0.96684486190730490,1382
marginal-greedy-prefix,3083,3083,390.55327064278827720,28648,203036.83985596746788360,231684.83985596746788360,0.96693978706781303,1377
marginal-greedy-prefix,3084,3084,390.73800223221820715,28652,203052.38929354070569389,231704.38929354070569389,0.96702137690777024,1373
marginal-greedy-prefix,3085,3085,390.88032643771924768,28654,203065.40232357973582111,231719.40232357973582111,0.96708403399002996,1371
marginal-greedy-prefix,3086,3086,391.04412810312879856,28660,203076.66675041869166307,231736.66675041869166307,0.96715608730703539,1365
marginal-greedy-prefix,3087,3087,391.29313590981615789,28667,203095.90480437787482515,231762.90480437787482515,0.96726559217720365,1358
marginal-greedy-prefix,3088,3088,391.45921632733160322,28668,203112.35591258035856299,231780.35591258035856299,0.96733842461138397,1357
marginal-greedy-prefix,3089,3089,391.73045191781608310,28673,203135.85218591373995878,231808.85218591373995878,0.96745735419040324,1352
marginal-greedy-prefix,3090,3090,391.92057950478084649,28679,203149.77213549826410599,231828.77213549826410599,0.96754049036720979,1346
marginal-greedy-prefix,3091,3091,392.14078765841708218,28682,203169.83564946783008054,231851.83564946783008054,0.96763674625214657,1343
marginal-greedy-prefix,3092,3092,392.31569195288335550,28686,203184.12835585954599082,231870.12835585954599082,0.96771309110765935,1339
marginal-greedy-prefix,3093,3093,392.54588066860259232,28690,203204.19257581455167383,231894.19257581455167383,0.96781352345245020,1335
marginal-greedy-prefix,3094,3094,392.83468081715176368,28693,203231.27723612551926635,231924.27723612551926635,0.96793908218582780,1332
marginal-greedy-prefix,3095,3095,393.02323746645555502,28699,203244.88351418700767681,231943.88351418700767681,0.96802090925032525,1326
marginal-greedy-prefix,3096,3096,393.17134607866017859,28703,203256.22770925797522068,231959.22770925797522068,0.96808494845428805,1322
marginal-greedy-prefix,3097,3097,393.29510956071578676,28706,203266.00638939341297373,231972.00638939341297373,0.96813828044725259,1319
marginal-greedy-prefix,3098,3098,393.41550234132751029,28706,203278.43301018653437495,231984.43301018653437495,0.96819014311582918,1319
marginal-greedy-prefix,3099,3099,393.64058340804547242,28708,203299.64882721396861598,232007.64882721396861598,0.96828703463962096,1317
marginal-greedy-prefix,3100,3100,393.82639604590167437,28710,203316.77999931876547635,232026.77999931876547635,0.96836687884303485,1315
marginal-greedy-prefix,3101,3101,393.95459391906069868,28717,203322.95533017942216247,232039.95533017942216247,0.96842186626312188,1308
marginal-greedy-prefix,3102,3102,394.16198402086143915,28725,203336.24871031264774501,232061.24871031264774501,0.96851073447074720,1300
marginal-greedy-prefix,3103,3103,394.30135639032454264,28727,203348.48797376255970448,232075.48797376255970448,0.96857016222776759,1298
marginal-greedy-prefix,3104,3104,394.44052047404710493,28730,203359.68579844437772408,232089.68579844437772408,0.96862941703953342,1295
marginal-greedy-prefix,3105,3105,394.66449074977361988,28731,203381.51283613365376368,232112.51283613365376368,0.96872468598754224,1294
marginal-greedy-prefix,3106,3106,394.78839848969488457,28735,203390.13743897678796202,232125.13743897678796202,0.96877737493686034,1290
marginal-greedy-prefix,3107,3107,394.97808886833325914,28737,203407.41637239197734743,232144.41637239197734743,0.96885783582408525,1288
marginal-greedy-prefix,3108,3108,395.17845677229189505,28740,203424.77156138402642682,232164.77156138402642682,0.96894278847839765,1285
marginal-greedy-prefix,3109,3109,395.39847257158504590,28743,203444.06381003337446600,232187.06381003337446600,0.96903582547717437,1282
marginal-greedy-prefix,3110,3110,395.58241234850544288,28745,203460.69346970834885724,232205.69346970834885724,0.96911357661173481,1280
marginal-greedy-prefix,3111,3111,395.74200144941897861,28745,203476.82005311510874890,232221.82005311510874890,0.96918088112391254,1280
marginal-greedy-prefix,3112,3112,395.98438830355706841,28748,203498.10708039364544675,232246.10708039364544675,0.96928224335805702,1277
marginal-greedy-prefix,3113,3113,396.16681855761470388,28749,203515.38471493351971731,232264.38471493351971731,0.96935852531099398,1276
marginal-greedy-prefix,3114,3114,396.38045804825588903,28751,203534.74605662454268895,232285.74605662454268895,0.96944767715709246,1274
marginal-greedy-prefix,3115,3115,396.56355964492018984,28753,203551.01369062010780908,232304.01369062010780908,0.96952391737262356,1272
marginal-greedy-prefix,3116,3116,396.72852123915521361,28761,203559.46449252843740396,232320.46449252843740396,0.96959257501506668,1264
marginal-greedy-prefix,3117,3117,396.90622386228147889,28764,203574.15790562107576989,232338.15790562107576989,0.96966641871195658,1261
marginal-greedy-prefix,3118,3118,397.06332551009501231,28768,203585.79043690164689906,232353.79043690164689906,0.96973166129095811,1257
marginal-greedy-prefix,3119,3119,397.28253445765795959,28771,203604.58285471968702041,232375.58285471968702041,0.96982261223905541,1254
marginal-greedy-prefix,3120,3120,397.44680611397785697,28773,203618.86308072137762792,232391.86308072137762792,0.96989055798066404,1252
marginal-greedy-prefix,3121,3121,397.67494296868170522,28775,203639.35796878873952664,232414.35796878873952664,0.96998444069777012,1250
marginal-greedy-prefix,3122,3122,397.87283046576806100,28779,203654.85563695026212372,232433.85563695026212372,0.97006581447739315,1246
marginal-greedy-prefix,3123,3123,397.99366168529525112,28781,203664.75425848373561166,232445.75425848373561166,0.97011547353397676,1244
marginal-greedy-prefix,3124,3124,398.29425205844768243,28785,203690.33725055426475592,232475.33725055426475592,0.97023893854822318,1240
marginal-greedy-prefix,3125,3125,398.38851162474327339,28787,203697.60565072842291556,232484.60565072842291556,0.97027762034068077,1238
marginal-greedy-prefix,3126,3126,398.57566351959860640,28792,203710.99433130220859312,232502.99433130220859312,0.97035436574572975,1233
marginal-greedy-prefix,3127,3127,398.68856449088985983,28794,203720.06971443214570172,232514.06971443214570172,0.97040058900579296,1231
marginal-greedy-prefix,3128,3128,398.89324529163542365,28794,203740.13476441454258747,232534.13476441454258747,0.97048433076105645,1231
marginal-greedy-prefix,3129,3129,399.08227164684831223,28798,203754.64412905348581262,232552.64412905348581262,0.97056157984267044,1227
marginal-greedy-prefix,3130,3130,399.32819395740955315,28798,203778.61438637677929364,232576.61438637677929364,0.97066162003315737,1227
marginal-greedy-prefix,3131,3131,399.45704077410539412,28801,203788.11402152318623848,232589.11402152318623848,0.97071378742811687,1224
marginal-greedy-prefix,3132,3132,399.64972478069216777,28805,203802.79660418638377450,232607.79660418638377450,0.97079175943747864,1220
marginal-greedy-prefix,3133,3133,399.92560975477402962,28807,203827.48571207179338671,232634.48571207179338671,0.97090314678725864,1218
marginal-greedy-prefix,3134,3134,400.07258041153232853,28810,203838.70153369181207381,232648.70153369181207381,0.97096247670948743,1215
marginal-greedy-prefix,3135,3135,400.30525538088994608,28812,203859.07939971712767147,232671.07939971712767147,0.97105587103353130,1213
marginal-greedy-prefix,3136,3136,400.54311875706304136,28816,203877.94235513833700679,232693.94235513833700679,0.97115128988467614,1209
marginal-greedy-prefix,3137,3137,400.74168567514163897,28820,203893.02779402610030957,232713.02779402610030957,0.97123094321989523,1205
marginal-greedy-prefix,3138,3138,400.88819478030632126,28824,203903.05686733138281852,232727.05686733138281852,0.97128949374552731,1201
marginal-greedy-prefix,3139,3139,401.08159959284466822,28826,203919.57221562179620378,232745.57221562179620378,0.97136676779999098,1199
marginal-greedy-prefix,3140,3140,401.23518762759351830,28831,203929.27081577753415331,232760.27081577753415331,0.97142811260491480,1194
marginal-greedy-prefix,3141,3141,401.37140361080707862,28833,203940.30086424000910483,232773.30086424000910483,0.97148249368696415,1192
marginal-greedy-prefix,3142,3142,401.65440374674494706,28835,203965.32987312786281109,232800.32987312786281109,0.97159529961813740,1190
marginal-greedy-prefix,3143,3143,401.80585106839328091,28838,203976.71228721595252864,232814.71228721595252864,0.97165532481626649,1187
marginal-greedy-prefix,3144,3144,401.93853446318200895,28841,203986.30595305407769047,232827.30595305407769047,0.97170788464957913,1184
marginal-greedy-prefix,3145,3145,402.17524237502016149,28845,204004.74919391018920578,232849.74919391018920578,0.97180155181635630,1180
marginal-greedy-prefix,3146,3146,402.29595164133888829,28849,204012.18399870008579455,232861.18399870008579455,0.97184927512753871,1176
marginal-greedy-prefix,3147,3147,402.56697133529098664,28852,204034.79051432773121633,232886.79051432773121633,0.97195614426400856,1173
marginal-greedy-prefix,3148,3148,402.73954902057619165,28853,204050.06862749217543751,232903.06862749217543751,0.97202408118766259,1172
marginal-greedy-prefix,3149,3149,402.91313886678835843,28856,204063.42696691199671477,232919.42696691199671477,0.97209235293666962,1169
marginal-greedy-prefix,3150,3150,403.11304655589992763,28863,204075.20112711307592690,232938.20112711307592690,0.97217070714611420,1162
marginal-greedy-prefix,3151,3151,403.35395758710126302,28869,204091.82487567260977812,232960.82487567260977812,0.97226512766421302,1156
marginal-greedy-prefix,3152,3152,403.52492821538470480,28871,204105.84200079532456584,232976.84200079532456584,0.97233197535077387,1154
marginal-greedy-prefix,3153,3153,403.72965939167551142,28874,204121.99379893593140878,232995.99379893593140878,0.97241190563722490,1151
marginal-greedy-prefix,3154,3154,403.88752079687839114,28879,204131.73530530542484485,233010.73530530542484485,0.97247342951180737,1146
marginal-greedy-prefix,3155,3155,404.09606111577073762,28879,204151.18724135754746385,233030.18724135754746385,0.97255461242785834,1146
marginal-greedy-prefix,3156,3156,404.38442042770697071,28881,204176.06476362349349074,233057.06476362349349074,0.97266678612758295,1144
marginal-greedy-prefix,3157,3157,404.55439372292261169,28882,204190.90388643566984683,233072.90388643566984683,0.97273289091911297,1143
marginal-greedy-prefix,3158,3158,404.72704540002331441,28885,204203.94910359117784537,233088.94910359117784537,0.97279985584814954,1140
marginal-greedy-prefix,3159,3159,404.94050773758277728,28888,204220.76651618428877555,233108.76651618428877555,0.97288256408544693,1137
marginal-greedy-prefix,3160,3160,405.09981117338185186,28891,204232.49057522541261278,233123.49057522541261278,0.97294401514337048,1134
marginal-greedy-prefix,3161,3161,405.26994932437384023,28891,204248.20818049801164307,233139.20818049801164307,0.97300961277981901,1134
marginal-greedy-prefix,3162,3162,405.47183255391706780,28893,204264.84685331920627505,233157.84685331920627505,0.97308740153086615,1132
marginal-greedy-prefix,3163,3163,405.62103169145143511,28897,204274.54257319285534322,233171.54257319285534322,0.97314456080147960,1128
marginal-greedy-prefix,3164,3164,405.82918722436920689,28899,204291.64375050610397011,233190.64375050610397011,0.97322427982122861,1126
marginal-greedy-prefix,3165,3165,406.07016125556674524,28904,204308.74518549017375335,233212.74518549017375335,0.97331652045661354,1121
marginal-greedy-prefix,3166,3166,406.18557921060323679,28911,204312.32538054214091972,233223.32538054214091972,0.97336067704259066,1114
marginal-greedy-prefix,3167,3167,406.36528170446320019,28915,204324.74486192106269300,233239.74486192106269300,0.97342920396838417,1110
marginal-greedy-prefix,3168,3168,406.51982652600565871,28916,204337.86441843531792983,233253.86441843531792983,0.97348813212690277,1109
marginal-greedy-prefix,3169,3169,406.69015553810936581,28920,204349.41128807986387983,233269.41128807986387983,0.97355301719591725,1105
marginal-greedy-prefix,3170,3170,406.88571806821738619,28924,204363.16874128440394998,233287.16874128440394998,0.97362712816507324,1101
marginal-greedy-prefix,3171,3171,407.07907546951906852,28926,204378.69508977705845609,233304.69508977705845609,0.97370027461561393,1099
marginal-greedy-prefix,3172,3172,407.21915894535703728,28929,204388.36719244194682688,233317.36719244194682688,0.97375316180607541,1096
marginal-greedy-prefix,3173,3173,407.46727335569318029,28932,204407.79260387839167379,233339.79260387839167379,0.97384675456153036,1093
marginal-greedy-prefix,3174,3174,407.70136391559498179,28936,204424.94697411163360812,233360.94697411163360812,0.97393504260947339,1089
marginal-greedy-prefix,3175,3175,407.83494649469741944,28938,204434.99963807061430998,233372.99963807061430998,0.97398534456418628,1087
marginal-greedy-prefix,3176,3176,407.97037750190895622,28939,204446.17492340682656504,233385.17492340682656504,0.97403615828086199,1086
marginal-greedy-prefix,3177,3177,408.18216785932611401,28942,204462.07982608143356629,233404.07982608143356629,0.97411505814577370,1083
marginal-greedy-prefix,3178,3178,408.30088608841481346,28944,204470.67114573103026487,233414.67114573103026487,0.97415926116040819,1081
marginal-greedy-prefix,3179,3179,408.53270048213823884,28946,204489.33262377770734020,233435.33262377770734020,0.97424549211619871,1079
marginal-greedy-prefix,3180,3180,408.71130620175893000,28948,204503.24112272346974351,233451.24112272346974351,0.97431188644995292,1077
marginal-greedy-prefix,3181,3181,408.90368661890488511,28949,204519.33054857686511241,233468.33054857686511241,0.97438320939799761,1076
marginal-greedy-prefix,3182,3182,409.13860383479629945,28951,204538.14689951829495840,233489.14689951829495840,0.97447008671789193,1074
marginal-greedy-prefix,3183,3183,409.41140746824521557,28957,204556.25650813148240559,233513.25650813148240559,0.97457070849285665,1068
marginal-greedy-prefix,3184,3184,409.62740386603582010,28962,204570.27102511713746935,233532.27102511713746935,0.97465006583456593,1063
marginal-greedy-prefix,3185,3185,409.83768901387657024,28964,204586.78018172306474298,233550.78018172306474298,0.97472731404795132,1061
marginal-greedy-prefix,3186,3186,409.99878179102279319,28969,204595.95026081812102348,233564.95026081812102348,0.97478645306313860,1056
marginal-greedy-prefix,3187,3187,410.25043952647445167,28972,204615.05368003842886537,233587.05368003842886537,0.97487870197976012,1053
marginal-greedy-prefix,3188,3188,410.40004457599241050,28974,204626.15801546012517065,233600.15801546012517065,0.97493339309943028,1051
marginal-greedy-prefix,3189,3189,410.62983117747660344,28976,204644.25938782622688450,233620.25938782622688450,0.97501728644664942,1049
marginal-greedy-prefix,3190,3190,410.78338902434995816,28979,204654.62801180247333832,233633.62801180247333832,0.97507308057814723,1046
marginal-greedy-prefix,3191,3191,411.03276244419350860,28981,204674.28116714541101828,233655.28116714541101828,0.97516345031243656,1044
marginal-greedy-prefix,3192,3192,411.18455162857821961,28984,204684.44974257651483640,233668.44974257651483640,0.97521840953864780,1041
marginal-greedy-prefix,3193,3193,411.37440753222375633,28991,204693.91111760813510045,233684.91111760813510045,0.97528711130816281,1034
marginal-greedy-prefix,3194,3194,411.56328519636934971,28993,204708.26790422672638670,233701.26790422672638670,0.97535537657653315,1032
marginal-greedy-prefix,3195,3195,411.79200090780483379,28994,204727.04010784832644276,233721.04010784832644276,0.97543789613358145,1031
marginal-greedy-prefix,3196,3196,411.96408466019687467,28998,204737.91626625505159609,233735.91626625505159609,0.97549998198024768,1027
marginal-greedy-prefix,3197,3197,412.14923007987130177,29000,204751.86006622336572036,233751.86006622336572036,0.97556652364329299,1025
marginal-greedy-prefix,3198,3198,412.40555142095632846,29002,204771.89501893287524581,233773.89501893287524581,0.97565848681401335,1023
marginal-greedy-prefix,3199,3199,412.63923989532435144,29002,204791.84829442261252552,233793.84829442261252552,0.97574176207693231,1023
marginal-greedy-prefix,3200,3200,412.78268587171356785,29006,204800.07653024268802255,233806.07653024268802255,0.97579279678316266,1019
marginal-greedy-prefix,3201,3201,412.96280938890947709,29008,204813.36031613865634426,233821.36031613865634426,0.97585658386862340,1017
marginal-greedy-prefix,3202,3202,413.26508494897655055,29011,204835.98247144743800163,233846.98247144743800163,0.97596351827751215,1014
marginal-greedy-prefix,3203,3203,413.38532225454389391,29013,204844.15016612739418633,233857.15016612739418633,0.97600595328765316,1012
marginal-greedy-prefix,3204,3204,413.52705996563463486,29016,204853.10955566461780109,233869.10955566461780109,0.97605586596031568,1009
marginal-greedy-prefix,3205,3205,413.83287555560355031,29021,204873.85575129362405278,233894.85575129362405278,0.97616331805314482,1004
marginal-greedy-prefix,3206,3206,413.99445352466693748,29022,204886.45551114619593136,233908.45551114619593136,0.97622007683332312,1003
marginal-greedy-prefix,3207,3207,414.14781198278444663,29025,204896.34601297284825705,233921.34601297284825705,0.97627387551561584,1000
marginal-greedy-prefix,3208,3208,414.38572990475950064,29029,204912.25905512319877744,233941.25905512319877744,0.97635698286415318,996
marginal-greedy-prefix,3209,3209,414.56999587993800560,29031,204925.65107418553088792,233956.65107418553088792,0.97642122166218559,994
marginal-greedy-prefix,3210,3210,414.77106725700662082,29034,204939.37677763184183277,233973.37677763184183277,0.97649102660988518,991
marginal-greedy-prefix,3211,3211,414.99544643406738942,29039,204952.99031968801864423,233991.99031968801864423,0.97656871047734739,986
marginal-greedy-prefix,3212,3212,415.25235597641108143,29041,204972.28381933728815056,234013.28381933728815056,0.97665757918377460,984
marginal-greedy-prefix,3213,3213,415.43434777428240068,29044,204984.33579317302792333,234028.33579317302792333,0.97672039879849226,981
marginal-greedy-prefix,3214,3214,415.65370516915061216,29049,204997.44253598668728955,234046.44253598668728955,0.97679596753251741,976
marginal-greedy-prefix,3215,3215,415.83510204060826254,29051,205010.36508277230313979,234061.36508277230313979,0.97685824698170520,974
marginal-greedy-prefix,3216,3216,416.01567380044139099,29053,205023.17494689687737264,234076.17494689687737264,0.97692005614829558,972
marginal-greedy-prefix,3217,3217,416.19140622879314151,29055,205035.58774081230512820,234090.58774081230512820,0.97698020813704156,970
marginal-greedy-prefix,3218,3218,416.43654849714482680,29060,205050.67765204925672151,234110.67765204925672151,0.97706405365108451,965
marginal-greedy-prefix,3219,3219,416.63432499777047724,29062,205064.87312531677889638,234126.87312531677889638,0.97713164567602018,963
marginal-greedy-prefix,3220,3220,416.86413607993478081,29065,205080.67523810305283405,234145.67523810305283405,0.97721011654595402,960
marginal-greedy-prefix,3221,3221,417.02729543899869213,29067,205092.02260588496574201,234159.02260588496574201,0.97726582196443967,958
marginal-greedy-prefix,3222,3222,417.21765095410609092,29072,205102.58720755964168347,234174.58720755964168347,0.97733078103831983,953
marginal-greedy-prefix,3223,3223,417.37560320787906676,29078,205109.48870562776573934,234187.48870562776573934,0.97738462561357387,947
marginal-greedy-prefix,3224,3224,417.57202589814426119,29081,205122.49127426833729260,234203.49127426833729260,0.97745141254846124,944
marginal-greedy-prefix,3225,3225,417.70395508718570454,29084,205130.21509598710690625,234214.21509598710690625,0.97749616856225885,941
marginal-greedy-prefix,3226,3226,417.89106173874938577,29084,205145.41871258316677995,234229.41871258316677995,0.97755962106007099,941
marginal-greedy-prefix,3227,3227,418.12394960815197464,29086,205162.32634912268258631,234248.32634912268258631,0.97763853233480447,939
marginal-greedy-prefix,3228,3228,418.33494225220067619,29088,205177.30122465081512928,234265.30122465081512928,0.97770937720553008,937
marginal-greedy-prefix,3229,3229,418.50710781883117306,29091,205188.12703959108330309,234279.12703959108330309,0.97776707942964924,934
marginal-greedy-prefix,3230,3230,418.70693249706755523,29096,205199.16603742138249800,234295.16603742138249800,0.97783401840224871,929
marginal-greedy-prefix,3231,3231,418.90030915901866138,29097,205213.65811083742300980,234310.65811083742300980,0.97789867477846848,928
marginal-greedy-prefix,3232,3232,419.06232519863090147,29097,205226.60131579588050954,234323.60131579588050954,0.97795269341798874,928
marginal-greedy-prefix,3233,3233,419.26317252080889375,29101,205238.60336751746945083,234339.60336751746945083,0.97801947819550783,924
marginal-greedy-prefix,3234,3234,419.47288611696177441,29103,205253.27840606641257182,234356.27840606641257182,0.97808907169257864,922
marginal-greedy-prefix,3235,3235,419.64758143397165213,29106,205264.11824848089599982,234370.11824848089599982,0.97814683246054956,919
marginal-greedy-prefix,3236,3236,419.75111655925257992,29106,205272.31658197057549842,234378.31658197057549842,0.97818104831534503,919
marginal-greedy-prefix,3237,3237,419.92351308466635373,29108,205283.96360606237431057,234391.96360606237431057,0.97823800435345976,917
marginal-greedy-prefix,3238,3238,420.19795828325146658,29112,205301.63471952846157365,234413.63471952846157365,0.97832844903621696,913
marginal-greedy-prefix,3239,3239,420.35861960069183851,29114,205312.29593361963634379,234426.29593361963634379,0.97838129078306990,911
marginal-greedy-prefix,3240,3240,420.65706038463810046,29116,205333.72250902513042092,234449.72250902513042092,0.97847906190977973,909
marginal-greedy-prefix,3241,3241,420.87006214613751354,29119,205347.42302811134140939,234466.42302811134140939,0.97854876175021466,906
marginal-greedy-prefix,3242,3242,421.02357709969101052,29125,205353.45702376455301419,234478.45702376455301419,0.97859898579250304,900
marginal-greedy-prefix,3243,3243,421.24655253321077453,29130,205365.92748600727645680,234495.92748600727645680,0.97867189900103002,895
marginal-greedy-prefix,3244,3244,421.47124288491443167,29135,205378.50601475365692750,234513.50601475365692750,0.97874526322655964,890
marginal-greedy-prefix,3245,3245,421.72988103085333478,29139,205394.69837445311713964,234533.69837445311713964,0.97882953631063507,886
marginal-greedy-prefix,3246,3246,421.88362302277323579,29142,205403.66431427819770761,234545.66431427819770761,0.97887947632101180,883
marginal-greedy-prefix,3247,3247,422.05630408674483078,29142,205417.09723905130522326,234559.09723905130522326,0.97893553881274786,883
marginal-greedy-prefix,3248,3248,422.27490667231296584,29144,205432.09182572452118620,234576.09182572452118620,0.97900646594820184,881
marginal-greedy-prefix,3249,3249,422.48475669778514430,29145,205447.36078947162604891,234592.36078947162604891,0.97907436468663989,880
marginal-greedy-prefix,3250,3250,422.71116950003238344,29149,205460.88977869154768996,234609.88977869154768996,0.97914752215829137,876
marginal-greedy-prefix,3251,3251,422.84853388279123010,29153,205467.51483172591542825,234620.51483172591542825,0.97919186595965968,872
marginal-greedy-prefix,3252,3252,422.96748562368577495,29154,205475.71313946513691917,234629.71313946513691917,0.97923025522039975,871
marginal-greedy-prefix,3253,3253,423.16065887455113170,29156,205488.64394779817666858,234644.64394779817666858,0.97929256914926655,869
marginal-greedy-prefix,3254,3254,423.30881132291625590,29163,205493.08194507140433416,234656.08194507140433416,0.97934030578432096,862
marginal-greedy-prefix,3255,3255,423.50872062711556509,29164,205507.49841865227790549,234671.49841865227790549,0.97940464664361460,861
marginal-greedy-prefix,3256,3256,423.68393168065523469,29166,205519.00596171274082735,234685.00596171274082735,0.97946102055577389,859
marginal-greedy-prefix,3257,3257,423.88088228589941764,29173,205527.18236834046547301,234700.18236834046547301,0.97952435949241812,852
marginal-greedy-prefix,3258,3258,424.03798790916340522,29178,205534.26776700437767431,234712.26776700437767431,0.97957479806586123,847
marginal-greedy-prefix,3259,3259,424.34761036289665981,29183,205553.00281294592423365,234736.00281294592423365,0.97967385659849127,842
marginal-greedy-prefix,3260,3260,424.62734898731554267,29183,205574.38399842282524332,234757.38399842282524332,0.97976309126289640,842
marginal-greedy-prefix,3261,3261,424.79062128656806863,29186,205583.83779723715269938,234769.83779723715269938,0.97981506735930901,839
marginal-greedy-prefix,3262,3262,424.92700993895368811,29190,205590.23792804405093193,234780.23792804405093193,0.97985847244474389,835
marginal-greedy-prefix,3263,3263,425.37473300233466489,29197,205617.34713919393834658,234814.34713919393834658,0.98000082769503483,828
marginal-greedy-prefix,3264,3264,425.54277800818817923,29201,205626.14513464769697748,234827.14513464769697748,0.98005424030073940,824
marginal-greedy-prefix,3265,3265,425.73890533704275185,29203,205639.02343733122688718,234842.02343733122688718,0.98011633509657359,822
marginal-greedy-prefix,3266,3266,425.98197020726848905,29208,205652.43004179408308119,234860.43004179408308119,0.98019315530721418,817
marginal-greedy-prefix,3267,3267,426.23817324481711921,29210,205669.76118761731777340,234879.76118761731777340,0.98027383410362445,815
marginal-greedy-prefix,3268,3268,426.40890405583121492,29213,205679.61775831814156845,234892.61775831814156845,0.98032749117390838,812
marginal-greedy-prefix,3269,3269,426.61379097861703258,29216,205691.91717326972866431,234907.91717326972866431,0.98039134348744239,809
marginal-greedy-prefix,3270,3270,426.79414933247454655,29219,205702.38046175640192814,234921.38046175640192814,0.98044753270254437,806
marginal-greedy-prefix,3271,3271,426.97891340727591114,29221,205714.15989649537368678,234935.15989649537368678,0.98050504135827132,804
marginal-greedy-prefix,3272,3272,427.30815063815981603,29223,205736.61963292912696488,234959.61963292912696488,0.98060712439639186,802
marginal-greedy-prefix,3273,3273,427.52200438022163098,29226,205749.47912035736953840,234975.47912035736953840,0.98067331417992032,799
marginal-greedy-prefix,3274,3274,427.66955150730126434,29227,205759.35337941721081734,234986.35337941721081734,0.98071869804597889,798
marginal-greedy-prefix,3275,3275,427.84982084196218466,29228,205771.62590117732179351,234999.62590117732179351,0.98077409109358860,797
marginal-greedy-prefix,3276,3276,428.01888020031225324,29228,205784.06864485991536640,235012.06864485991536640,0.98082602105126060,797
marginal-greedy-prefix,3277,3277,428.12520344654370774,29229,205790.88689324611914344,235019.88689324611914344,0.98085865061577815,796
marginal-greedy-prefix,3278,3278,428.40563974126581570,29233,205807.49523284466704354,235040.49523284466704354,0.98094465979754253,792
marginal-greedy-prefix,3279,3279,428.61390576820798515,29237,205818.79496790090342984,235055.79496790090342984,0.98100851344703754,788
marginal-greedy-prefix,3280,3280,428.71758580677641248,29240,205823.36975773086305708,235063.36975773086305708,0.98104012693400466,785
marginal-greedy-prefix,3281,3281,428.98496428592676466,29240,205842.85860658157616854,235082.85860658157616854,0.98112146390611565,785
marginal-greedy-prefix,3282,3282,429.21654723552109090,29243,205856.70837254595244303,235099.70837254595244303,0.98119178663039863,782
marginal-greedy-prefix,3283,3283,429.47713438378406181,29244,205874.61889938765671104,235118.61889938765671104,0.98127070996784715,781
marginal-greedy-prefix,3284,3284,429.60325936657505963,29245,205882.73325549665605649,235127.73325549665605649,0.98130874885533237,780
marginal-greedy-prefix,3285,3285,429.75559511216368946,29248,205890.73275572387501597,235138.73275572387501597,0.98135465541708311,777
marginal-greedy-prefix,3286,3286,429.97120290421190703,29252,205902.28989372518844903,235154.28989372518844903,0.98141958334122226,773
marginal-greedy-prefix,3287,3287,430.11072482086700575,29254,205910.27506813127547503,235164.27506813127547503,0.98146125660055195,771
marginal-greedy-prefix,3288,3288,430.26213388839096297,29256,205919.10367726854747161,235175.10367726854747161,0.98150644994604630,769
marginal-greedy-prefix,3289,3289,430.48641323931315128,29259,205932.07895497168647125,235191.07895497168647125,0.98157312298184030,766
marginal-greedy-prefix,3290,3290,430.64171820380374811,29260,205942.11237959831487387,235202.11237959831487387,0.98161917112752706,765
marginal-greedy-prefix,3291,3291,430.82902611856741260,29266,205949.40479917899938300,235215.40479917899938300,0.98167464721895770,759
marginal-greedy-prefix,3292,3292,430.97137949152477177,29272,205953.49089109385386109,235225.49089109385386109,0.98171674165886391,753
marginal-greedy-prefix,3293,3293,431.12176871641884190,29272,205964.13456528424285352,235236.13456528424285352,0.98176116317587681,753
marginal-greedy-prefix,3294,3294,431.35505948475019977,29274,205978.62971221224870533,235252.62971221224870533,0.98183000589285441,751
marginal-greedy-prefix,3295,3295,431.53709961002357431,29278,205987.49735390255227685,235265.49735390255227685,0.98188370916806145,747
marginal-greedy-prefix,3296,3296,431.68422330267833331,29279,205996.88044162793084979,235275.88044162793084979,0.98192704312396695,746
marginal-greedy-prefix,3297,3297,431.95971771518605919,29284,206011.27381920989137143,235295.27381920989137143,0.98200798164545711,741
marginal-greedy-prefix,3298,3298,432.12681715211527944,29289,206018.01449936773860827,235307.01449936773860827,0.98205698153159082,736
marginal-greedy-prefix,3299,3299,432.30856145579519989,29290,206029.76194453210337088,235319.76194453210337088,0.98211018316498455,735
marginal-greedy-prefix,3300,3300,432.54121912172155362,29293,206043.07735003350535408,235336.07735003350535408,0.98217827572870708,732
marginal-greedy-prefix,3301,3301,432.68103987739476679,29299,206046.87962740368675441,235345.87962740368675441,0.98221918566480393,726
marginal-greedy-prefix,3302,3302,432.83507799921670767,29300,206056.67115315527189523,235356.67115315527189523,0.98226422424229076,725
marginal-greedy-prefix,3303,3303,433.07462940837086762,29302,206071.36254256943357177,235373.36254256943357177,0.98233388597991689,723
marginal-greedy-prefix,3304,3304,433.30805290113579531,29305,206084.61152396575198509,235389.61152396575198509,0.98240170132174587,720
marginal-greedy-prefix,3305,3305,433.45757163818535673,29309,206091.00900976863340475,235400.00900976863340475,0.98244509536822089,716
marginal-greedy-prefix,3306,3306,433.59802997437196836,29312,206097.75545917821000330,235409.75545917821000330,0.98248577230557521,713
marginal-greedy-prefix,3307,3307,433.81050655691939255,29315,206109.46220748728956096,235424.46220748728956096,0.98254715111692636,710
marginal-greedy-prefix,3308,3308,433.98846727773474186,29315,206121.75454310438362882,235436.75454310438362882,0.98259845334451945,710
marginal-greedy-prefix,3309,3309,434.15705542574249876,29321,206127.38229594414588064,235448.38229594414588064,0.98264698192697630,704
marginal-greedy-prefix,3310,3310,434.46170926826624736,29323,206146.35316071842680685,235469.35316071842680685,0.98273450411242480,702
marginal-greedy-prefix,3311,3311,434.73167316482187061,29325,206162.86168415177962743,235487.86168415177962743,0.98281174968325591,700
marginal-greedy-prefix,3312,3312,434.98097367008853098,29328,206176.79954945450299419,235504.79954945450299419,0.98288244009130921,697
marginal-greedy-prefix,3313,3313,435.25256108957665901,29330,206193.22235380913480185,235523.22235380913480185,0.98295932791241547,695
marginal-greedy-prefix,3314,3314,435.39733543548254602,29335,206198.02428186079487205,235533.02428186079487205,0.98300023639062672,690
marginal-greedy-prefix,3315,3315,435.60090136990254450,29337,206209.77559936465695500,235546.77559936465695500,0.98305762769869565,688
marginal-greedy-prefix,3316,3316,435.78102262690617863,29342,206216.91769841883797199,235558.91769841883797199,0.98310830291197815,683
marginal-greedy-prefix,3317,3317,435.96874216528476609,29342,206229.53410332347266376,235571.53410332347266376,0.98316095764708999,683
marginal-greedy-prefix,3318,3318,436.14291981190706338,29346,206237.20408166199922562,235583.20408166199922562,0.98320966245823238,679
marginal-greedy-prefix,3319,3319,436.40564203701330825,29349,206251.79753422329667956,235600.79753422329667956,0.98328308896850369,676
marginal-greedy-prefix,3320,3320,436.55787869738264817,29352,206258.98548993939766660,235610.98548993939766660,0.98332560853835094,673
marginal-greedy-prefix,3321,3321,436.77473823187915514,29356,206269.46584464603802189,235625.46584464603802189,0.98338604249296535,669
marginal-greedy-prefix,3322,3322,436.96140665881648601,29360,206277.91561137436656281,235637.91561137436656281,0.98343800176141294,665
marginal-greedy-prefix,3323,3323,437.16293696562524929,29361,206290.32279917626874521,235651.32279917626874521,0.98349395683955454,664
marginal-greedy-prefix,3324,3324,437.39052735021380158,29363,206303.38875196722801775,235666.38875196722801775,0.98355683479562939,662
marginal-greedy-prefix,3325,3325,437.55524231224831055,29364,206313.22833910566987470,235677.22833910566987470,0.98360207395795896,661
marginal-greedy-prefix,3326,3326,437.78044459198679306,29366,206326.02212081736070104,235692.02212081736070104,0.98366381600438335,659
marginal-greedy-prefix,3327,3327,437.93522465805392585,29368,206334.18591558479238302,235702.18591558479238302,0.98370623473818719,657
marginal-greedy-prefix,3328,3328,438.16438291145016137,29370,206347.20443095813971013,235717.20443095813971013,0.98376891471356320,655
marginal-greedy-prefix,3329,3329,438.47777163961961833,29376,206361.73962582685635425,235737.73962582685635425,0.98385461862481649,649
marginal-greedy-prefix,3330,3330,438.64355364926262837,29378,206370.58162071058177389,235748.58162071058177389,0.98389986783590333,647
marginal-greedy-prefix,3331,3331,438.92286371334256501,29381,206385.79177117519429885,235766.79177117519429885,0.98397586814314686,644
marginal-greedy-prefix,3332,3332,439.06121149244512480,29382,206393.77763125856290571,235775.77763125856290571,0.98401337075074535,643
marginal-greedy-prefix,3333,3333,439.22788999603488946,29387,206399.58847037234227173,235786.58847037234227173,0.98405848993280842,638
marginal-greedy-prefix,3334,3334,439.34414316299336178,29388,206406.11790171902975999,235794.11790171902975999,0.98408991411553715,637
marginal-greedy-prefix,3335,3335,439.56582033918203933,29389,206419.46211296803085133,235808.46211296803085133,0.98414977987360475,636
marginal-greedy-prefix,3336,3336,439.70095241997779567,29392,206425.19967776653356850,235817.19967776653356850,0.98418624621750117,633
marginal-greedy-prefix,3337,3337,439.90707378750579437,29396,206434.48192811364424415,235830.48192811364424415,0.98424167986749911,629
marginal-greedy-prefix,3338,3338,440.11030027220579086,29398,206445.55955063039436936,235843.55955063039436936,0.98429625950050215,627
marginal-greedy-prefix,3339,3339,440.32045049943184267,29402,206455.01007626479258761,235857.01007626479258761,0.98435239544966890,623
marginal-greedy-prefix,3340,3340,440.59856710811851599,29403,206471.79930154277826659,235874.79930154277826659,0.98442663901999961,622
marginal-greedy-prefix,3341,3341,440.80238669297733622,29404,206483.80611277866410092,235887.80611277866410092,0.98448092312117208,621
marginal-greedy-prefix,3342,3342,440.95080250398444832,29405,206492.27376856195041910,235897.27376856195041910,0.98452043650958709,620
marginal-greedy-prefix,3343,3343,441.11775672277451577,29406,206501.91398809087695554,235907.91398809087695554,0.98456484360852403,619
marginal-greedy-prefix,3344,3344,441.33879917060966136,29408,206513.99137033527949825,235921.99137033527949825,0.98462359575216163,617
marginal-greedy-prefix,3345,3345,441.56013427464853294,29411,206525.08225140086142346,235936.08225140086142346,0.98468240423331055,614
marginal-greedy-prefix,3346,3346,441.77798915735962737,29415,206534.85127153882058337,235949.85127153882058337,0.98473986942356040,610
marginal-greedy-prefix,3347,3347,441.97555745932169202,29417,206545.22873340809019282,235962.22873340809019282,0.98479152692670879,608
marginal-greedy-prefix,3348,3348,442.12662578082398568,29421,206550.67046573560219258,235971.67046573560219258,0.98483093212323347,604
marginal-greedy-prefix,3349,3349,442.26076414630750833,29424,206556.03854099311865866,235980.03854099311865866,0.98486585639757407,601
marginal-greedy-prefix,3350,3350,442.54810375405787681,29426,206571.96335465484298766,235997.96335465484298766,0.98494066584784312,599
marginal-greedy-prefix,3351,3351,442.79802707022253117,29429,206584.52995342854410410,236013.52995342854410410,0.98500563325664281,596
marginal-greedy-prefix,3352,3352,442.99785767657243696,29432,206593.92558559530880302,236025.92558559530880302,0.98505736659377163,593
marginal-greedy-prefix,3353,3353,443.23086697265023304,29435,206605.31725281529361382,236040.31725281529361382,0.98511743040997080,590
marginal-greedy-prefix,3354,3354,443.47248450948995924,29438,206617.23300916707376018,236055.23300916707376018,0.98517968151919189,587
marginal-greedy-prefix,3355,3355,443.74887650150697027,29441,206631.29101354704471305,236072.29101354704471305,0.98525087332929573,584
marginal-greedy-prefix,3356,3356,443.98408748285646652,29446,206640.80613325076410547,236086.80613325076410547,0.98531145237609175,579
marginal-greedy-prefix,3357,3357,444.17453586484674588,29447,206651.49632702709641308,236098.49632702709641308,0.98536024155663504,578
marginal-greedy-prefix,3358,3358,444.39828693904365764,29448,206664.20458932523615658,236112.20458932523615658,0.98541745317322538,577
marginal-greedy-prefix,3359,3359,444.59594123340963279,29449,206675.29368495801463723,236124.29368495801463723,0.98546790717601762,576
marginal-greedy-prefix,3360,3360,444.74287766585888448,29451,206682.27972069848328829,236133.27972069848328829,0.98550541051672336,574
marginal-greedy-prefix,3361,3361,444.88500986205764320,29453,206688.96060955291613936,236141.96060955291613936,0.98554164032280678,572
marginal-greedy-prefix,3362,3362,445.02211602938251644,29454,206696.33428510552039370,236150.33428510552039370,0.98557658797005399,571
marginal-greedy-prefix,3363,3363,445.24449754325598860,29456,206707.89425402140477672,236163.89425402140477672,0.98563318068222416,569
marginal-greedy-prefix,3364,3364,445.39756823373238603,29459,206714.20504379371413961,236173.20504379371413961,0.98567203938823822,566
marginal-greedy-prefix,3365,3365,445.75305561088021022,29463,206731.82367483043344691,236194.82367483043344691,0.98576226503487241,562
marginal-greedy-prefix,3366,3366,446.10033328831548260,29465,206750.92101526679471135,236215.92101526679471135,0.98585031506819321,560
marginal-greedy-prefix,3367,3367,446.31413965134447608,29465,206763.85828023863723502,236228.85828023863723502,0.98590430891709968,560
marginal-greedy-prefix,3368,3368,446.44610818656940410,29467,206769.81302547926316038,236236.81302547926316038,0.98593750815307013,558
marginal-greedy-prefix,3369,3369,446.69778592223974556,29470,206781.92220726882806048,236251.92220726882806048,0.98600056652595047,555
marginal-greedy-prefix,3370,3370,446.92252681610136733,29472,206793.39139101412729360,236265.39139101412729360,0.98605678034499344,553
marginal-greedy-prefix,3371,3371,447.04820082174398976,29475,206797.91618745282175951,236272.91618745282175951,0.98608818518387154,550
marginal-greedy-prefix,3372,3372,447.24184995937343956,29477,206807.46387093359953724,236284.46387093359953724,0.98613637959578460,548
marginal-greedy-prefix,3373,3373,447.43901401151970276,29483,206813.21580868962337263,236296.21580868962337263,0.98618542646565532,542
marginal-greedy-prefix,3374,3374,447.60960278152936098,29484,206822.36789519080775790,236306.36789519080775790,0.98622779633485291,541
marginal-greedy-prefix,3375,3375,447.77150799220362387,29487,206828.99785720251384191,236315.99785720251384191,0.98626798711048957,538
marginal-greedy-prefix,3376,3376,447.98136319499587898,29488,206840.41530460628564470,236328.41530460628564470,0.98631981149380266,537
marginal-greedy-prefix,3377,3377,448.20146215506690623,29490,206851.40750579992891289,236341.40750579992891289,0.98637403461976780,535
marginal-greedy-prefix,3378,3378,448.47744176387220705,29492,206865.67713730796822347,236357.67713730796822347,0.98644193614511499,533
marginal-greedy-prefix,3379,3379,448.70145744819274114,29494,206876.87697288839262910,236370.87697288839262910,0.98649702583597876,531
marginal-greedy-prefix,3380,3380,448.88579650633073470,29497,206884.62557973028742708,236381.62557973028742708,0.98654188529082021,528
marginal-greedy-prefix,3381,3381,449.04140356727896233,29498,206892.69129548055934720,236390.69129548055934720,0.98657972117711568,527
marginal-greedy-prefix,3382,3382,449.32164659458317146,29499,206907.96127407593303360,236406.96127407593303360,0.98664762415103657,526
marginal-greedy-prefix,3383,3383,449.50194895025992992,29501,206916.39393214936717413,236417.39393214936717413,0.98669116498945464,524
marginal-greedy-prefix,3384,3384,449.82537610398094330,29502,206934.09205983384163119,236436.09205983384163119,0.98676920187617123,523
marginal-greedy-prefix,3385,3385,449.96970630983753381,29504,206940.43612878481508233,236444.43612878481508233,0.98680402595986938,521
marginal-greedy-prefix,3386,3386,450.20602503239103953,29510,206948.09595300265937112,236458.09595300265937112,0.98686103541948189,515
marginal-greedy-prefix,3387,3387,450.32885978147714923,29512,206953.15949775374610908,236465.15949775374610908,0.98689051521825422,513
marginal-greedy-prefix,3388,3388,450.60284488823776883,29516,206964.86463285199715756,236480.86463285199715756,0.98695606081026277,509
marginal-greedy-prefix,3389,3389,450.76523200256849577,29519,206971.14844712390913628,236490.14844712390913628,0.98699480693366404,506
marginal-greedy-prefix,3390,3390,450.90417717558830191,29520,206978.07100949223968200,236498.07100949223968200,0.98702787185398522,505
marginal-greedy-prefix,3391,3391,451.11455127374938456,29522,206988.06616876029875129,236510.06616876029875129,0.98707793381209918,503
marginal-greedy-prefix,3392,3392,451.33710699059679428,29524,206998.74720458872616291,236522.74720458872616291,0.98713085828523850,501
marginal-greedy-prefix,3393,3393,451.49373249776454031,29528,207003.66741909139091149,236531.66741909139091149,0.98716808692012525,497
marginal-greedy-prefix,3394,3394,451.67986489576117037,29529,207013.23750425048638135,236542.23750425048638135,0.98721220131232879,496
marginal-greedy-prefix,3395,3395,451.89447011719391867,29530,207024.41332067578332499,236554.41332067578332499,0.98726301724551191,495
marginal-greedy-prefix,3396,3396,452.21773445045175777,29534,207038.69031119707506150,236572.69031119707506150,0.98733929651062857,491
marginal-greedy-prefix,3397,3397,452.45671112980312500,29536,207050.12553011917043477,236586.12553011917043477,0.98739536857702626,489
marginal-greedy-prefix,3398,3398,452.64195267426828195,29537,207059.53420757927233353,236596.53420757927233353,0.98743880933203287,488
marginal-greedy-prefix,3399,3399,452.90135648101932020,29541,207070.08006707366439514,236611.08006707366439514,0.98749951667175773,484
marginal-greedy-prefix,3400,3400,453.17326917658226648,29543,207083.18853556065005250,236626.18853556065005250,0.98756257206766018,482
marginal-greedy-prefix,3401,3401,453.47419450312190747,29547,207095.79605940778856166,236642.79605940778856166,0.98763188379121736,478
marginal-greedy-prefix,3402,3402,453.66918839895180326,29548,207105.55296637953142636,236653.55296637953142636,0.98767677788676211,477
marginal-greedy-prefix,3403,3403,453.79669307415900903,29549,207111.58437567486544140,236660.58437567486544140,0.98770612356777876,476
marginal-greedy-prefix,3404,3404,454.05475704621215982,29553,207121.80266209106775932,236674.80266209106775932,0.98776546377686758,472
marginal-greedy-prefix,3405,3405,454.26688841180720146,29559,207127.40648192152730189,236686.40648192152730189,0.98781389247458906,466
marginal-greedy-prefix,3406,3406,454.41984402539065968,29561,207133.73323508808971383,236694.73323508808971383,0.98784864429062869,464
marginal-greedy-prefix,3407,3407,454.65012073162239403,29565,207142.26316185572068207,236707.26316185572068207,0.98790093810807567,460
marginal-greedy-prefix,3408,3408,454.86265148968641370,29566,207152.78086566194542684,236718.78086566194542684,0.98794900739941482,459
marginal-greedy-prefix,3409,3409,454.97391811256864003,29567,207157.80381579798995517,236724.80381579798995517,0.98797414426260233,458
marginal-greedy-prefix,3410,3410,455.20945003896576964,29569,207168.55306785801076330,236737.55306785801076330,0.98802735343709924,456
marginal-greedy-prefix,3411,3411,455.35984117395685189,29574,207171.68632096084184013,236745.68632096084184013,0.98806129767802719,451
marginal-greedy-prefix,3412,3412,455.56809886288880307,29579,207177.94703443857724778,236756.94703443857724778,0.98810829441678294,446
marginal-greedy-prefix,3413,3413,455.75747132533007289,29582,207185.17627069729496725,236767.17627069729496725,0.98815098627152853,443
marginal-greedy-prefix,3414,3414,455.97459445425732838,29584,207194.83846087890560739,236778.83846087890560739,0.98819965857869352,441
marginal-greedy-prefix,3415,3415,456.14648712064337133,29585,207203.07051536065409891,236788.07051536065409891,0.98823818868191626,440
marginal-greedy-prefix,3416,3416,456.36055843290722578,29588,207211.52629669723683037,236799.52629669723683037,0.98828599953899765,437
marginal-greedy-prefix,3417,3417,456.56177338409491995,29590,207220.28041301007033326,236810.28041301007033326,0.98833088198769004,435
marginal-greedy-prefix,3418,3418,456.74494352925711382,29592,207228.02861255573225208,236820.02861255573225208,0.98837156622926081,433
marginal-greedy-prefix,3419,3419,456.93013758825435389,29595,207234.87272094769286923,236829.87272094769286923,0.98841265074768814,430
marginal-greedy-prefix,3420,3420,457.08318056703348020,29595,207243.00601234121131711,236838.00601234121131711,0.98844659514842270,430
marginal-greedy-prefix,3421,3421,457.24843979427959084,29599,207247.78248273165081628,236846.78248273165081628,0.98848322386532894,426
marginal-greedy-prefix,3422,3422,457.41273336934040117,29600,207255.48723048155079596,236855.48723048155079596,0.98851955324683272,425
marginal-greedy-prefix,3423,3423,457.62732114835745278,29602,207264.84378820579149760,236866.84378820579149760,0.98856694999283701,423
marginal-greedy-prefix,3424,3424,457.87061576413776720,29604,207275.68858727213228121,236879.68858727213228121,0.98862055793404646,421
marginal-greedy-prefix,3425,3425,458.02819268212277848,29605,207282.98784196755150333,236887.98784196755150333,0.98865519498484788,420
marginal-greedy-prefix,3426,3426,458.26318127347946074,29608,207292.32726998251746409,236900.32726998251746409,0.98870669375319520,417
marginal-greedy-prefix,3427,3427,458.44952772104960559,29611,207299.06886626526829787,236910.06886626526829787,0.98874735043595963,414
marginal-greedy-prefix,3428,3428,458.71626194714627900,29615,207308.98707090981770307,236923.98707090981770307,0.98880543824974898,410
marginal-greedy-prefix,3429,3429,458.95076839957829407,29616,207320.21365198073908687,236936.21365198073908687,0.98885646604986155,409
marginal-greedy-prefix,3430,3430,459.10800374766125742,29616,207328.40761428832774982,236944.40761428832774982,0.98889066366146994,409
marginal-greedy-prefix,3431,3431,459.33870414985796060,29619,207337.34887321369023994,236956.34887321369023994,0.98894050066578054,406
marginal-greedy-prefix,3432,3432,459.47382863863271041,29621,207342.32162106249597855,236963.32162106249597855,0.98896960152246327,404
marginal-greedy-prefix,3433,3433,459.71947324287174297,29625,207350.98451589667820372,236975.98451589667820372,0.98902245028391977,400
marginal-greedy-prefix,3434,3434,459.85744377097711322,29628,207355.07297677019960247,236983.07297677019960247,0.98905203407046327,397
marginal-greedy-prefix,3435,3435,460.10423957903901737,29631,207364.75159934259136207,236995.75159934259136207,0.98910494847184616,394
marginal-greedy-prefix,3436,3436,460.26058227966723280,29634,207369.77063261307193898,237003.77063261307193898,0.98913841601477159,391
marginal-greedy-prefix,3437,3437,460.48353530162182778,29636,207379.17822480565519072,237015.17822480565519072,0.98918602575381409,389
marginal-greedy-prefix,3438,3438,460.80303013128661860,29637,207394.38446988948271610,237031.38446988948271610,0.98925366273506965,388
marginal-greedy-prefix,3439,3439,460.94540306041056965,29640,207398.59648463627672754,237038.59648463627672754,0.98928376217536074,385
marginal-greedy-prefix,3440,3440,461.12615380127408571,29643,207404.73799427747144364,237047.73799427747144364,0.98932191438847672,382
marginal-greedy-prefix,3441,3441,461.33364037001808811,29644,207414.17066958642681129,237058.17066958642681129,0.98936545529882747,381
marginal-greedy-prefix,3442,3442,461.50252922369713815,29645,207421.64816268833237700,237066.64816268833237700,0.98940083623000930,380
marginal-greedy-prefix,3443,3443,461.76103535753304641,29650,207429.59006672256509773,237079.59006672256509773,0.98945484944010498,375
marginal-greedy-prefix,3444,3444,462.01070447416577736,29653,207439.04528499217121862,237092.04528499217121862,0.98950683146063323,372
marginal-greedy-prefix,3445,3445,462.22199982092689652,29653,207449.57467059019836597,237102.57467059019836597,0.98955077599267272,372
marginal-greedy-prefix,3446,3446,462.36024409337204588,29655,207454.42774682000163011,237109.42774682000163011,0.98957937739824819,370
marginal-greedy-prefix,3447,3447,462.58036331275940256,29656,207464.23924209599499591,237120.23924209599499591,0.98962449931881302,369
marginal-greedy-prefix,3448,3448,462.82190155428548906,29657,207475.06410207712906413,237132.06410207712906413,0.98967385053056844,368
marginal-greedy-prefix,3449,3449,463.01223473405104869,29660,207481.37099914232385345,237141.37099914232385345,0.98971269299031717,365
marginal-greedy-prefix,3450,3450,463.16836654018368336,29663,207485.99282289558323100,237148.99282289558323100,0.98974450277399406,362
marginal-greedy-prefix,3451,3451,463.35255102683447603,29667,207490.97326290770433843,237157.97326290770433843,0.98978198276085250,358
marginal-greedy-prefix,3452,3452,463.57947175995673206,29670,207499.01984297260059975,237169.01984297260059975,0.98982808581093740,355
marginal-greedy-prefix,3453,3453,463.74386521889346113,29671,207506.02104978958959691,237177.02104978958959691,0.98986147895491994,354
marginal-greedy-prefix,3454,3454,463.93514902028505276,29673,207513.31433514680247754,237186.31433514680247754,0.98990026460602276,352
marginal-greedy-prefix,3455,3455,464.21014801338526468,29675,207524.63184185072896071,237199.63184185072896071,0.98995584539889891,350
marginal-greedy-prefix,3456,3456,464.43808878584752620,29676,207534.60717624731478281,237210.60717624731478281,0.99000165110423133,349
marginal-greedy-prefix,3457,3457,464.59255360950112390,29676,207542.04088065959513187,237218.04088065959513187,0.99003267576931520,349
marginal-greedy-prefix,3458,3458,464.71384928839586337,29676,207547.86398533362080343,237223.86398533362080343,0.99005697857478603,349
marginal-greedy-prefix,3459,3459,464.99227318048582447,29677,207560.22780410837731324,237237.22780410837731324,0.99011275265171106,348
marginal-greedy-prefix,3460,3460,465.17984298984828229,29680,207566.21046576561639085,237246.21046576561639085,0.99015024191063516,345
marginal-greedy-prefix,3461,3461,465.35711714243251436,29680,207574.69569793457048945,237254.69569793457048945,0.99018565514091716,345
marginal-greedy-prefix,3462,3462,465.56972120157757900,29681,207583.83836512977723032,237264.83836512977723032,0.99022798569851489,344
marginal-greedy-prefix,3463,3463,465.74708965677331207,29683,207590.25681899584014900,237273.25681899584014900,0.99026312022865393,342
marginal-greedy-prefix,3464,3464,465.93126783471200270,29686,207595.99104367927066050,237281.99104367927066050,0.99029957263253521,339
marginal-greedy-prefix,3465,3465,466.18640791426150827,29686,207608.07193367849686183,237294.07193367849686183,0.99034999238900567,339
marginal-greedy-prefix,3466,3466,466.28477496261814395,29687,207611.72787800079095177,237298.72787800079095177,0.99036942403509187,338
marginal-greedy-prefix,3467,3467,466.58199055347085960,29690,207622.70971123527851887,237312.70971123527851887,0.99042777740365484,335
marginal-greedy-prefix,3468,3468,466.74380713373295748,29692,207628.29192552578751929,237320.29192552578751929,0.99045942187670766,333
marginal-greedy-prefix,3469,3469,466.92953158634611555,29693,207635.96353041546535678,237328.96353041546535678,0.99049561293603972,332
marginal-greedy-prefix,3470,3470,467.11220366277314042,29695,207642.48599125689361244,237337.48599125689361244,0.99053118154068565,330
marginal-greedy-prefix,3471,3471,467.42043149061976237,29697,207654.86311910024960525,237351.86311910024960525,0.99059118467660146,328
marginal-greedy-prefix,3472,3472,467.62141900844892461,29699,207662.21195684405392967,237361.21195684405392967,0.99063020217633491,326
marginal-greedy-prefix,3473,3473,467.81966984354801298,29700,207670.38011563930194825,237370.38011563930194825,0.99066846561005284,325
marginal-greedy-prefix,3474,3474,467.91403578612545289,29700,207674.73432685298030265,237374.73432685298030265,0.99068663796896250,325
marginal-greedy-prefix,3475,3475,468.17956555098140825,29704,207682.98518087880802341,237386.98518087880802341,0.99073776707257799,321
marginal-greedy-prefix,3476,3476,468.38591140037948435,29707,207689.50207428805879317,237396.50207428805879317,0.99077748595488557,318
marginal-greedy-prefix,3477,3477,468.55520830937854271,29708,207696.29863066092366353,237404.29863066092366353,0.99081002498749438,317
marginal-greedy-prefix,3478,3478,468.81630586284592255,29710,207706.31112878725980408,237416.31112878725980408,0.99086015930956595,315
marginal-greedy-prefix,3479,3479,469.07629476493224274,29712,207716.23166904901154339,237428.23166904901154339,0.99090990984425609,313
marginal-greedy-prefix,3480,3480,469.26610885738585921,29714,207722.88095732338842936,237436.88095732338842936,0.99094600776489483,311
marginal-greedy-prefix,3481,3481,469.51959078184842156,29718,207730.41288988370797597,237448.41288988370797597,0.99099413644013001,307
marginal-greedy-prefix,3482,3482,469.80677382221870175,29719,207742.33347244421020150,237461.33347244421020150,0.99104806066476903,306
marginal-greedy-prefix,3483,3483,470.03694357610697807,29720,207751.68426154999178834,237471.68426154999178834,0.99109125982195234,305
marginal-greedy-prefix,3484,3484,470.33066896019744263,29723,207761.87155877251643687,237484.87155877251643687,0.99114629718381109,302
marginal-greedy-prefix,3485,3485,470.43053107413049929,29725,207764.35400527584715746,237489.35400527584715746,0.99116500473442237,300
marginal-greedy-prefix,3486,3486,470.64463002533176450,29725,207773.93665235457592644,237498.93665235457592644,0.99120499804055162,300
marginal-greedy-prefix,3487,3487,470.84027042390579254,29726,207781.67093254474457353,237507.67093254474457353,0.99124145067609104,299
marginal-greedy-prefix,3488,3488,471.13135378645489482,29726,207794.60916117951273918,237520.60916117951273918,0.99129544854685769,299
marginal-greedy-prefix,3489,3489,471.35550879142459735,29728,207802.56914954719832167,237530.56914954719832167,0.99133701669191809,297
marginal-greedy-prefix,3490,3490,471.64808162434445649,29730,207813.48222305427771062,237543.48222305427771062,0.99139090957742193,295
marginal-greedy-prefix,3491,3491,471.89632804872775296,29733,207821.41813332316814922,237554.41813332316814922,0.99143655074562853,292
marginal-greedy-prefix,3492,3492,472.29936334677751120,29737,207835.02705449689528905,237572.02705449689528905,0.99151004181436142,288
marginal-greedy-prefix,3493,3493,472.50647589420435679,29737,207844.06329600530443713,237581.06329600530443713,0.99154775468951317,288
marginal-greedy-prefix,3494,3494,472.67672148017601330,29737,207851.46529334643855691,237588.46529334643855691,0.99157864702471021,288
marginal-greedy-prefix,3495,3495,472.83249136987097927,29741,207854.23570409053354524,237595.23570409053354524,0.99160690342477220,284
marginal-greedy-prefix,3496,3496,473.05514283615639215,29741,207863.90040229758596979,237604.90040229758596979,0.99164723917238606,284
marginal-greedy-prefix,3497,3497,473.23727599221467699,29742,207870.75777930617914535,237612.75777930617914535,0.99168003204073396,283
marginal-greedy-prefix,3498,3498,473.56960882197142837,29742,207885.05658682374632917,237627.05658682374632917,0.99173970830571945,283
marginal-greedy-prefix,3499,3499,473.81964925187179460,29744,207893.74847369338385761,237637.74847369338385761,0.99178433103899588,281
marginal-greedy-prefix,3500,3500,473.99903187619150913,29744,207901.36427670111879706,237645.36427670111879706,0.99181611569501060,281
marginal-greedy-prefix,3501,3501,474.15674998198545609,29745,207907.05238034034846351,237652.05238034034846351,0.99184402858526632,280
marginal-greedy-prefix,3502,3502,474.28595142100010662,29746,207911.52767646574648097,237657.52767646574648097,0.99186687980709387,279
marginal-greedy-prefix,3503,3503,474.44006560762380786,29750,207914.04785083446768112,237664.04785083446768112,0.99189409184228639,275
marginal-greedy-prefix,3504,3504,474.67566935512439841,29752,207921.97101779392687604,237673.97101779392687604,0.99193550631270566,273
marginal-greedy-prefix,3505,3505,474.81130283344322152,29753,207926.65629018456093036,237679.65629018456093036,0.99195923387329288,272
marginal-greedy-prefix,3506,3506,475.00023639572560796,29755,207932.55797292821807787,237687.55797292821807787,0.99199221165222040,270
marginal-greedy-prefix,3507,3507,475.15954227731361925,29756,207938.20339584670728073,237694.20339584670728073,0.99201994641391555,269
marginal-greedy-prefix,3508,3508,475.34305057773519820,29757,207944.85672600721591152,237701.85672600721591152,0.99205188769000574,268
marginal-greedy-prefix,3509,3509,475.54940506675575307,29757,207953.45219143637223169,237710.45219143637223169,0.99208776098027796,268
marginal-greedy-prefix,3510,3510,475.76685741168023469,29759,207960.48724799480987713,237719.48724799480987713,0.99212546891002507,266
marginal-greedy-prefix,3511,3511,475.92503633672117758,29759,207967.01544771002954803,237726.01544771002954803,0.99215271443910891,266
marginal-greedy-prefix,3512,3512,476.11989121232147681,29759,207975.04435525258304551,237734.04435525258304551,0.99218622319244121,266
marginal-greedy-prefix,3513,3513,476.31761313403006852,29762,207980.19027223892044276,237742.19027223892044276,0.99222022028625689,263
marginal-greedy-prefix,3514,3514,476.54768519473219612,29764,207987.59964273730292916,237751.59964273730292916,0.99225949042025352,261
marginal-greedy-prefix,3515,3515,476.79793040686234917,29765,207996.80099832231644541,237761.80099832231644541,0.99230206591463344,260
marginal-greedy-prefix,3516,3516,477.06141403179145755,29765,208007.51123715727590024,237772.51123715727590024,0.99234676524008325,260
marginal-greedy-prefix,3517,3517,477.24814811616676025,29765,208015.03938354010460898,237780.03938354010460898,0.99237818405999811,260
marginal-greedy-prefix,3518,3518,477.48450086503368084,29766,208023.53885299572721124,237789.53885299572721124,0.99241783022320140,259
marginal-greedy-prefix,3519,3519,477.59323857006182834,29767,208026.86366931372322142,237793.86366931372322142,0.99243587990211968,258
marginal-greedy-prefix,3520,3520,477.90320036705287521,29767,208039.18641681704320945,237806.18641681704320945,0.99248730905412796,258
marginal-greedy-prefix,3521,3521,478.08908711285215531,29768,208045.56627801785361953,237813.56627801785361953,0.99251810900384640,257
marginal-greedy-prefix,3522,3522,478.23675485089563608,29768,208051.42387250039610080,237819.42387250039610080,0.99254255575299577,257
marginal-greedy-prefix,3523,3523,478.40655898424728321,29768,208058.13195736162015237,237826.13195736162015237,0.99257055203514954,257
marginal-greedy-prefix,3524,3524,478.57971613597584337,29770,208062.97188411370734684,237832.97188411370734684,0.99259909856120332,255
marginal-greedy-prefix,3525,3525,478.80124272625636195,29770,208071.70239057627622969,237841.70239057627622969,0.99263553544703997,255
marginal-greedy-prefix,3526,3526,479.12142499639406878,29772,208082.25685730489203706,237854.25685730489203706,0.99268793168234337,253
marginal-greedy-prefix,3527,3527,479.44178367438240684,29775,208091.81252273853169754,237866.81252273853169754,0.99274033292045827,250
marginal-greedy-prefix,3528,3528,479.71729082526337606,29775,208102.60621993185486645,237877.60621993185486645,0.99278538056048626,250
marginal-greedy-prefix,3529,3529,479.89839546900009282,29775,208109.64210865399218164,237884.64210865399218164,0.99281474493645083,250
marginal-greedy-prefix,3530,3530,480.03079546808066880,29776,208113.77180443183169700,237889.77180443183169700,0.99283615379059176,249
marginal-greedy-prefix,3531,3531,480.21284637961832686,29777,208119.80868124947301112,237896.80868124947301112,0.99286552229038616,248
marginal-greedy-prefix,3532,3532,480.39175529362603356,29778,208125.69517167515004985,237903.69517167515004985,0.99289426315055629,247
marginal-greedy-prefix,3533,3533,480.59440589974656177,29778,208133.47911664840648882,237911.47911664840648882,0.99292674954931970,247
marginal-greedy-prefix,3534,3534,480.71785807195442430,29780,208136.20609900407725945,237916.20609900407725945,0.99294647767359101,245
marginal-greedy-prefix,3535,3535,480.90654050256466689,29780,208143.41574160970048979,237923.41574160970048979,0.99297656721371919,245
marginal-greedy-prefix,3536,3536,481.12365191254014007,29784,208147.69077957302215509,237931.69077957302215509,0.99301110319566432,241
marginal-greedy-prefix,3537,3537,481.36100001756449274,29785,208155.72669134035822935,237940.72669134035822935,0.99304881469463724,240
marginal-greedy-prefix,3538,3538,481.66745195992831441,29787,208165.38748422110802494,237952.38748422110802494,0.99309748117014840,238
marginal-greedy-prefix,3539,3539,481.95762872696849399,29789,208174.39710658273543231,237963.39710658273543231,0.99314342997676286,236
marginal-greedy-prefix,3540,3540,482.18558476191236650,29790,208182.04014593537431210,237972.04014593537431210,0.99317950181744286,235
marginal-greedy-prefix,3541,3541,482.41843776275089795,29793,208187.81118705327389762,237980.81118705327389762,0.99321610787520731,232
marginal-greedy-prefix,3542,3542,482.75317314099646637,29795,208198.33060813279007562,237993.33060813279007562,0.99326835784702405,230
marginal-greedy-prefix,3543,3543,483.05925219983436136,29796,208208.76337637519463897,238004.76337637519463897,0.99331607265864819,229
marginal-greedy-prefix,3544,3544,483.24988456387774249,29796,208215.84844482553307898,238011.84844482553307898,0.99334564228686806,229
marginal-greedy-prefix,3545,3545,483.42648802449872392,29798,208220.37708291460876353,238018.37708291460876353,0.99337288964551107,227
marginal-greedy-prefix,3546,3546,483.54828911346731957,29798,208224.85916616732720286,238022.85916616732720286,0.99339159568009106,227
marginal-greedy-prefix,3547,3547,483.76360167324492068,29798,208232.74139824506710283,238030.74139824506710283,0.99342449228140350,227
marginal-greedy-prefix,3548,3548,484.00826441568631253,29799,208240.68620952288620174,238039.68620952288620174,0.99346182357126134,226
marginal-greedy-prefix,3549,3549,484.17998081541657029,29801,208244.95920524041866884,238045.95920524041866884,0.99348800400303738,224
marginal-greedy-prefix,3550,3550,484.41634124951485774,29801,208253.58200705837225541,238054.58200705837225541,0.99352399138209491,224
marginal-greedy-prefix,3551,3551,484.62096001996508221,29804,208258.04133932993863709,238062.04133932993863709,0.99355512300539328,221
marginal-greedy-prefix,3552,3552,484.78447881440274614,29808,208259.96403298791847192,238067.96403298791847192,0.99357984144682454,217
marginal-greedy-prefix,3553,3553,485.11267570024602946,29808,208271.78787326431483962,238079.78787326431483962,0.99362918840282866,217
marginal-greedy-prefix,3554,3554,485.34132525289152227,29811,208276.94254354960867204,238087.94254354960867204,0.99366322202865487,214
marginal-greedy-prefix,3555,3555,485.52777131953058642,29811,208283.58372322158538736,238094.58372322158538736,0.99369093908110384,214
marginal-greedy-prefix,3556,3556,485.71595794484227326,29812,208289.25521180449868552,238101.25521180449868552,0.99371878262819902,213
marginal-greedy-prefix,3557,3557,485.87716208663886164,29812,208294.96767804509727284,238106.96767804509727284,0.99374262368268385,213
marginal-greedy-prefix,3558,3558,486.12786454017850701,29812,208303.82739571924321353,238115.82739571924321353,0.99377959983324538,213
marginal-greedy-prefix,3559,3559,486.34092787511622191,29815,208308.33089163177646697,238123.33089163177646697,0.99381091577409175,210
marginal-greedy-prefix,3560,3560,486.53000403444411859,29815,208314.95040657586650923,238129.95040657586650923,0.99383854240850811,210
marginal-greedy-prefix,3561,3561,486.71310634195754119,29817,208319.35759889110340737,238136.35759889110340737,0.99386528291158482,208
marginal-greedy-prefix,3562,3562,486.91341061642765453,29817,208326.35580787275102921,238143.35580787275102921,0.99389449003064700,208
marginal-greedy-prefix,3563,3563,487.16889975238188981,29817,208335.21226845486671664,238152.21226845486671664,0.99393145258769122,208
marginal-greedy-prefix,3564,3564,487.33693935873208147,29819,208339.03296325457631610,238158.03296325457631610,0.99395574533551934,206
marginal-greedy-prefix,3565,3565,487.63415458111660428,29821,208347.25002006359864026,238168.25002006359864026,0.99399838635916815,204
marginal-greedy-prefix,3566,3566,487.82346677376767730,29823,208351.71890251326840371,238174.71890251326840371,0.99402538432684850,202
marginal-greedy-prefix,3567,3567,488.06927293431408543,29825,208358.11410957673797384,238183.11410957673797384,0.99406042183614507,200
marginal-greedy-prefix,3568,3568,488.19624710188156769,29827,208360.43056499405065551,238187.43056499405065551,0.99407843662073214,198
marginal-greedy-prefix,3569,3569,488.45109014496779309,29828,208368.04451125508057885,238196.04451125508057885,0.99411438704100408,197
marginal-greedy-prefix,3570,3570,488.66340763701600736,29829,208374.20360892789904028,238203.20360892789904028,0.99414426563117708,196
marginal-greedy-prefix,3571,3571,488.80006003492212585,29829,208378.80540288265910931,238207.80540288265910931,0.99416347127997795,196
marginal-greedy-prefix,3572,3572,489.18494644097233959,29830,208390.76319841638905928,238220.76319841638905928,0.99421755081345986,195
marginal-greedy-prefix,3573,3573,489.36622351640710349,29831,208395.80433460199856199,238226.80433460199856199,0.99424276357636909,194
marginal-greedy-prefix,3574,3574,489.61658276580260463,29834,208401.13890168894431554,238235.13890168894431554,0.99427754800391033,191
marginal-greedy-prefix,3575,3575,489.74585576027527623,29836,208403.43587906134780496,238239.43587906134780496,0.99429548149661573,189
marginal-greedy-prefix,3576,3576,490.01198454551814621,29837,208411.23905859031947330,238248.23905859031947330,0.99433222168446977,188
marginal-greedy-prefix,3577,3577,490.19930459160030978,29838,208416.39674290054244921,238254.39674290054244921,0.99435792086254060,187
marginal-greedy-prefix,3578,3578,490.41199896954282167,29839,208422.38693251702352427,238261.38693251702352427,0.99438709451267471,186
marginal-greedy-prefix,3579,3579,490.67418632955974545,29842,208427.95153229151037522,238269.95153229151037522,0.99442283898472306,183
marginal-greedy-prefix,3580,3580,490.91723139647302787,29844,208433.88863657068577595,238277.88863657068577595,0.99445596459590424,181
marginal-greedy-prefix,3581,3581,491.10196528688442186,29844,208439.87134636859991588,238283.87134636859991588,0.99448093351550071,181
marginal-greedy-prefix,3582,3582,491.34363006592610645,29846,208445.65860166470520198,238291.65860166470520198,0.99451343372994083,179
marginal-greedy-prefix,3583,3583,491.50807119245399690,29847,208449.95667695914744399,238296.95667695914744399,0.99453554531825306,178
marginal-greedy-prefix,3584,3584,491.71173958222618694,29848,208455.47831182737718336,238303.47831182737718336,0.99456276344885985,177
marginal-greedy-prefix,3585,3585,491.85730363709581070,29848,208460.12845163402380422,238308.12845163402380422,0.99458217086972212,177
marginal-greedy-prefix,3586,3586,492.03894241419686750,29849,208464.91925918287597597,238313.91925918287597597,0.99460633888270777,176
marginal-greedy-prefix,3587,3587,492.23890084804111211,29849,208471.25812723330454901,238320.25812723330454901,0.99463279423354889,176
marginal-greedy-prefix,3588,3588,492.41601141357477900,29850,208475.86826024713809602,238325.86826024713809602,0.99465620819893907,175
marginal-greedy-prefix,3589,3589,492.69797478281827807,29852,208482.79756358647136949,238334.79756358647136949,0.99469347476620762,173
marginal-greedy-prefix,3590,3590,492.86409445041084609,29853,208487.04818884967244230,238340.04818884967244230,0.99471538832117790,172
marginal-greedy-prefix,3591,3591,493.04181275511604099,29853,208492.63965453515993431,238345.63965453515993431,0.99473872437822286,172
marginal-greedy-prefix,3592,3592,493.23534429135526125,29855,208496.72282061062287539,238351.72282061062287539,0.99476411255344122,170
marginal-greedy-prefix,3593,3593,493.50365953923773077,29855,208505.11829886122723110,238360.11829886122723110,0.99479915119454099,170
marginal-greedy-prefix,3594,3594,493.71591925463991402,29856,208510.72500855923863128,238366.72500855923863128,0.99482672438609110,169
marginal-greedy-prefix,3595,3595,493.90028630754528649,29857,208515.43602312039001845,238372.43602312039001845,0.99485055938197231,168
marginal-greedy-prefix,3596,3596,494.03083177430704609,29858,208518.46192382767912932,238376.46192382767912932,0.99486736153257949,167
marginal-greedy-prefix,3597,3597,494.15659782088130214,29858,208522.33674756914842874,238380.33674756914842874,0.99488353316144318,167
marginal-greedy-prefix,3598,3598,494.39426331139156900,29859,208528.62708262016531080,238387.62708262016531080,0.99491395947257466,166
marginal-greedy-prefix,3599,3599,494.65389491186851956,29860,208535.58693402566132136,238395.58693402566132136,0.99494718001919258,165
marginal-greedy-prefix,3600,3600,494.89975321891853355,29861,208542.09023725290899165,238403.09023725290899165,0.99497849515586434,164
marginal-greedy-prefix,3601,3601,495.12698812628667611,29861,208548.99025283675291575,238409.99025283675291575,0.99500729246346353,164
marginal-greedy-prefix,3602,3602,495.30116399971001329,29862,208553.27073165832553059,238415.27073165832553059,0.99502933061266019,163
marginal-greedy-prefix,3603,3603,495.47560275628910631,29862,208558.51709487184416503,238420.51709487184416503,0.99505122637990906,163
marginal-greedy-prefix,3604,3604,495.59984108448878715,29864,208560.25195533051737584,238424.25195533051737584,0.99506681387013451,161
marginal-greedy-prefix,3605,3605,495.82761299450504566,29866,208565.09776055367547087,238431.09776055367547087,0.99509538493006611,159
marginal-greedy-prefix,3606,3606,496.01094296174784404,29868,208568.57307435967959464,238436.57307435967959464,0.99511823622568396,157
marginal-greedy-prefix,3607,3607,496.26670971761899409,29871,208573.19534733970067464,238444.19534733970067464,0.99515004788421479,154
marginal-greedy-prefix,3608,3608,496.43922566800875984,29872,208577.32659427574253641,238449.32659427574253641,0.99517146321213534,153
marginal-greedy-prefix,3609,3609,496.59685390396316507,29873,208581.01227763033239171,238454.01227763033239171,0.99519101897447160,152
marginal-greedy-prefix,3610,3610,496.89178198465441483,29873,208589.76607424762914889,238462.76607424762914889,0.99522755306208144,152
marginal-greedy-prefix,3611,3611,497.10866175161282854,29874,208595.15702186661656015,238469.15702186661656015,0.99525422576770051,151
marginal-greedy-prefix,3612,3612,497.36704995803808060,29875,208601.75581081552081741,238476.75581081552081741,0.99528593941531240,150
marginal-greedy-prefix,3613,3613,497.59146168316436842,29877,208606.33765257551567629,238483.33765257551567629,0.99531340882018970,148
marginal-greedy-prefix,3614,3614,497.81063098637463327,29878,208611.74492580135120079,238489.74492580135120079,0.99534014966094786,147
marginal-greedy-prefix,3615,3615,498.07342794394702423,29880,208617.40582426168839447,238497.40582426168839447,0.99537212252343898,145
marginal-greedy-prefix,3616,3616,498.28870928386430705,29882,208621.66420147547614761,238503.66420147547614761,0.99539824194469351,143
marginal-greedy-prefix,3617,3617,498.51250506350231717,29884,208626.15432976567535661,238510.15432976567535661,0.99542532858217425,141
marginal-greedy-prefix,3618,3618,498.71825370981412107,29884,208632.09554594513610937,238516.09554594513610937,0.99545012432759750,141
marginal-greedy-prefix,3619,3619,498.96089833383939549,29886,208637.08169404053478502,238523.08169404053478502,0.99547928111038908,139
marginal-greedy-prefix,3620,3620,499.17745216155822163,29887,208642.31385188121930696,238529.31385188121930696,0.99550529110473829,138
marginal-greedy-prefix,3621,3621,499.36314129235415749,29887,208647.64062037033727393,238534.64062037033727393,0.99552752244448339,138
marginal-greedy-prefix,3622,3622,499.53788132600254812,29892,208647.64062037033727393,238539.64062037033727393,0.99554839001155571,133
marginal-greedy-prefix,3623,3623,499.79381945648856345,29893,208653.95816594961797819,238546.95816594961797819,0.99557892988619190,132
marginal-greedy-prefix,3624,3624,499.96961556239409674,29894,208657.92544027339317836,238551.92544027339317836,0.99559966087221552,131
marginal-greedy-prefix,3625,3625,500.23280898002326467,29898,208661.34837516822153702,238559.34837516822153702,0.99563064059057371,127
marginal-greedy-prefix,3626,3626,500.45576762246855651,29899,208666.58063999330624938,238565.58063999330624938,0.99565665103142376,126
marginal-greedy-prefix,3627,3627,500.61425177444505152,29900,208669.99605463098851033,238569.99605463098851033,0.99567507882364459,125
marginal-greedy-prefix,3628,3628,500.96991072558432734,29902,208677.88412022753618658,238579.88412022753618658,0.99571634679805487,123
marginal-greedy-prefix,3629,3629,501.18045958526289496,29902,208683.73094767890870571,238585.73094767890870571,0.99574074861085526,123
marginal-greedy-prefix,3630,3630,501.43053091403777444,29903,208689.67001923927455209,238592.67001923927455209,0.99576970891909644,122
marginal-greedy-prefix,3631,3631,501.63392202799144570,29905,208693.27884886009269394,238598.27884886009269394,0.99579311744475840,120
marginal-greedy-prefix,3632,3632,501.83436610237737341,29905,208698.76987627957714722,238603.76987627957714722,0.99581603432135279,120
marginal-greedy-prefix,3633,3633,501.96606220741222160,29905,208702.35903625810169615,238607.35903625810169615,0.99583101372866989,120
marginal-greedy-prefix,3634,3634,502.26892090430777671,29906,208709.58328318814164959,238615.58328318814164959,0.99586533773355623,119
marginal-greedy-prefix,3635,3635,502.49281009596126069,29908,208713.65753212777781300,238621.65753212777781300,0.99589068869298869,117
marginal-greedy-prefix,3636,3636,502.71376472627645171,29909,208718.64171339682070538,238627.64171339682070538,0.99591566375378959,116
marginal-greedy-prefix,3637,3637,503.07052644250785534,29913,208724.30367860716069117,238637.30367860716069117,0.99595598809520514,112
marginal-greedy-prefix,3638,3638,503.35733486508814849,29914,208730.95890404592501000,238644.95890404592501000,0.99598793728126456,111
marginal-greedy-prefix,3639,3639,503.61126631548245314,29915,208736.73475325989420526,238651.73475325989420526,0.99601621637885351,110
marginal-greedy-prefix,3640,3640,503.94418595884428669,29918,208742.61011930683162063,238660.61011930683162063,0.99605325783810872,107
marginal-greedy-prefix,3641,3641,504.07237664475769634,29919,208745.00086280421237461,238664.00086280421237461,0.99606740915157999,106
marginal-greedy-prefix,3642,3642,504.27643276143726325,29920,208749.38593700324418023,238669.38593700324418023,0.99608988383098762,105
marginal-greedy-prefix,3643,3643,504.53548525891426380,29921,208755.18478072941070423,238676.18478072941070423,0.99611825889648165,104
marginal-greedy-prefix,3644,3644,504.78163835139446292,29921,208761.60823689264361747,238682.60823689264361747,0.99614506727694618,104
marginal-greedy-prefix,3645,3645,505.13420084883796335,29921,208770.76793426932999864,238691.76793426932999864,0.99618329539682016,104
marginal-greedy-prefix,3646,3646,505.33293047849002733,29922,208774.90431079920381308,238696.90431079920381308,0.99620473213316940,103
marginal-greedy-prefix,3647,3647,505.56892588790930176,29923,208779.98148205594043247,238702.98148205594043247,0.99623009528893136,102
marginal-greedy-prefix,3648,3648,505.74818070522491098,29925,208782.57735417969524860,238707.57735417969524860,0.99624927622289106,100
marginal-greedy-prefix,3649,3649,506.01648602496533158,29926,208788.42630041926167905,238714.42630041926167905,0.99627786039189692,99
marginal-greedy-prefix,3650,3650,506.27679023303386430,29926,208795.06236928160069510,238721.06236928160069510,0.99630555611431315,99
marginal-greedy-prefix,3651,3651,506.51888913580734197,29929,208798.21824756514979526,238727.21824756514979526,0.99633124775490745,96
marginal-greedy-prefix,3652,3652,506.78602686135684507,29932,208802.00205637887120247,238734.00205637887120247,0.99635956007199267,93
marginal-greedy-prefix,3653,3653,507.01890860753974266,29933,208806.90198886982398108,238739.90198886982398108,0.99638418351938807,92
marginal-greedy-prefix,3654,3654,507.26131018387565064,29934,208811.92676915222546086,238745.92676915222546086,0.99640932802071591,91
marginal-greedy-prefix,3655,3655,507.61643622851596547,29935,208819.70959500351455063,238754.70959500351455063,0.99644598326222322,90
marginal-greedy-prefix,3656,3656,507.96396153002223173,29937,208826.26259012607624754,238763.26259012607624754,0.99648167930210108,88
marginal-greedy-prefix,3657,3657,508.22161016795240585,29938,208831.52786381659097970,238769.52786381659097970,0.99650782750589384,87
marginal-greedy-prefix,3658,3658,508.41827346071113425,29939,208835.28562260553007945,238774.28562260553007945,0.99652768407602221,86
marginal-greedy-prefix,3659,3659,508.56051489509798103,29939,208838.72291458770632744,238777.72291458770632744,0.99654202966021932,86
marginal-greedy-prefix,3660,3660,508.76888036478158028,29940,208842.71537189884111285,238782.71537189884111285,0.99656286574777853,85
marginal-greedy-prefix,3661,3661,508.95004860265771640,29940,208847.05577425856608897,238787.05577425856608897,0.99658098047525101,85
marginal-greedy-prefix,3662,3662,509.08523011033321382,29940,208850.26719110662816092,238790.26719110662816092,0.99659438336654582,85
marginal-greedy-prefix,3663,3663,509.28195949277096588,29940,208854.90857467427849770,238794.90857467427849770,0.99661375424312715,85
marginal-greedy-prefix,3664,3664,509.47854788300912787,29940,208859.54557023529196158,238799.54557023529196158,0.99663310680630379,85
marginal-greedy-prefix,3665,3665,509.74469778196544212,29940,208865.79986181092681363,238805.79986181092681363,0.99665920917609274,85
marginal-greedy-prefix,3666,3666,510.04009636075966228,29941,208871.71914198528975248,238812.71914198528975248,0.99668808688471888,84
marginal-greedy-prefix,3667,3667,510.29428239034825765,29941,208877.63330603743088432,238818.63330603743088432,0.99671276972772593,84
marginal-greedy-prefix,3668,3668,510.51168151344450052,29941,208882.66878999033360742,238823.66878999033360742,0.99673378538755164,84
marginal-greedy-prefix,3669,3669,510.70881599659674066,29943,208885.22914063691860065,238828.22914063691860065,0.99675281807214988,82
marginal-greedy-prefix,3670,3670,510.89530755734210743,29943,208889.54013572668191046,238832.54013572668191046,0.99677081006798673,82
marginal-greedy-prefix,3671,3671,511.19038147883532019,29943,208896.35443855688208714,238839.35443855688208714,0.99679924965225875,82
marginal-greedy-prefix,3672,3672,511.49272415800442104,29944,208902.25045021524420008,238846.25045021524420008,0.99682803024942124,81
marginal-greedy-prefix,3673,3673,511.66073420445115971,29946,208904.08126887286198325,238850.08126887286198325,0.99684401822247726,79
marginal-greedy-prefix,3674,3674,511.83822931054874061,29947,208907.12399917570292018,238854.12399917570292018,0.99686089061162719,78
marginal-greedy-prefix,3675,3675,512.05573388360573972,29947,208912.00979325635125861,238859.00979325635125861,0.99688128153876310,78
marginal-greedy-prefix,3676,3676,512.34481987887158994,29949,208916.47415001483750530,238865.47415001483750530,0.99690826061841065,76
marginal-greedy-prefix,3677,3677,512.60019498421172557,29950,208921.16763479207293130,238871.16763479207293130,0.99693202245350343,75
marginal-greedy-prefix,3678,3678,512.86965332222678171,29951,208926.17221861716825515,238877.17221861716825515,0.99695708266464578,74
marginal-greedy-prefix,3679,3679,513.07478951982773197,29951,208930.73793831144575961,238881.73793831144575961,0.99697613775703653,74
marginal-greedy-prefix,3680,3680,513.30764239946688576,29953,208933.90856222916045226,238886.90856222916045226,0.99699771742531829,72
marginal-greedy-prefix,3681,3681,513.56800650033267175,29954,208938.68015862200991251,238892.68015862200991251,0.99702180526028672,71
marginal-greedy-prefix,3682,3682,513.86011122498700843,29956,208943.11396600736770779,238899.11396600736770779,0.99704865684171562,69
marginal-greedy-prefix,3683,3683,514.12337800829936896,29956,208948.84372371810604818,238904.84372371810604818,0.99707257006238303,69
marginal-greedy-prefix,3684,3684,514.38594097551958839,29957,208953.54134725884068757,238910.54134725884068757,0.99709634917066092,68
marginal-greedy-prefix,3685,3685,514.61075579568682770,29958,208957.41036443039774895,238915.41036443039774895,0.99711667007914173,67
marginal-greedy-prefix,3686,3686,514.93311675269126226,29959,208963.34783035609871149,238922.34783035609871149,0.99714562368624504,66
marginal-greedy-prefix,3687,3687,515.33746805266616775,29962,208969.03721207007765770,238931.03721207007765770,0.99718188893739179,63
marginal-greedy-prefix,3688,3688,515.57536497096805306,29964,208972.12480379056069069,238936.12480379056069069,0.99720312206968453,61
marginal-greedy-prefix,3689,3689,515.91457821620792856,29964,208979.33324482798343524,238943.33324482798343524,0.99723320659505166,61
marginal-greedy-prefix,3690,3690,516.14192972177863794,29965,208983.10487138092867099,238948.10487138092867099,0.99725312104247921,60
marginal-greedy-prefix,3691,3691,516.31192187421743256,29966,208985.63518978536012582,238951.63518978536012582,0.99726785487369740,59
marginal-greedy-prefix,3692,3692,516.46957754317145373,29967,208987.89839572133496404,238954.89839572133496404,0.99728147390744537,58
marginal-greedy-prefix,3693,3693,516.67057257122178271,29967,208992.05401141336187720,238959.05401141336187720,0.99729881742528137,58
marginal-greedy-prefix,3694,3694,516.85291994638635060,29967,208995.82111356290988624,238962.82111356290988624,0.99731453947663629,58
marginal-greedy-prefix,3695,3695,517.25381485243940460,29967,209004.02814903546823189,238971.02814903546823189,0.99734879164927392,58
marginal-greedy-prefix,3696,3696,517.46551223029848643,29968,209007.36145528830820695,238975.36145528830820695,0.99736687676104918,57
marginal-greedy-prefix,3697,3697,517.75508239188445714,29970,209011.18947883890359662,238981.18947883890359662,0.99739120009551741,55
marginal-greedy-prefix,3698,3698,518.04311088906069926,29970,209016.93316985573619604,238986.93316985573619604,0.99741517146702474,55
marginal-greedy-prefix,3699,3699,518.21594435249983235,29970,209020.37107345875119790,238990.37107345875119790,0.99742951960382964,55
marginal-greedy-prefix,3700,3700,518.44727187649164080,29971,209023.96368458436336368,238994.96368458436336368,0.99744868692796973,54
marginal-greedy-prefix,3701,3701,518.71164264822914447,29971,209029.20651264861226082,239000.20651264861226082,0.99747056794122568,54
marginal-greedy-prefix,3702,3702,519.00598783375835410,29972,209034.04105636582244188,239006.04105636582244188,0.99749491848769678,53
marginal-greedy-prefix,3703,3703,519.26542344141569174,29973,209038.14271829099743627,239011.14271829099743627,0.99751621034217752,52
marginal-greedy-prefix,3704,3704,519.52045299303506454,29974,209042.08954023581463844,239016.08954023581463844,0.99753685596992325,51
marginal-greedy-prefix,3705,3705,519.88569616393829165,29975,209048.12654554471373558,239023.12654554471373558,0.99756622500597758,50
marginal-greedy-prefix,3706,3706,520.14311218086606914,29975,209053.04380075290100649,239028.04380075290100649,0.99758674723655127,50
marginal-greedy-prefix,3707,3707,520.39690892976250325,29975,209057.89186010393314064,239032.89186010393314064,0.99760698067728704,50
marginal-greedy-prefix,3708,3708,520.67041200416190350,29976,209062.06545871033449657,239038.06545871033449657,0.99762857276047190,49
marginal-greedy-prefix,3709,3709,520.84114160340493527,29977,209064.28094293191679753,239041.28094293191679753,0.99764199262700470,48
marginal-greedy-prefix,3710,3710,521.16026692317200286,29977,209070.26570113821071573,239047.26570113821071573,0.99766697009566097,48
marginal-greedy-prefix,3711,3711,521.43937993441591061,29977,209075.45742313435766846,239052.45742313435766846,0.99768863781705608,48
marginal-greedy-prefix,3712,3712,521.54282159044623768,29977,209077.38123232903308235,239054.38123232903308235,0.99769666686053693,48
marginal-greedy-prefix,3713,3713,521.86697625787087418,29977,209083.40063463954720646,239060.40063463954720646,0.99772178891682695,48
marginal-greedy-prefix,3714,3714,522.14418778947424471,29978,209087.47944162652129307,239065.47944162652129307,0.99774298538591655,47
marginal-greedy-prefix,3715,3715,522.45557233600004565,29980,209091.03202688682358712,239071.03202688682358712,0.99776615917498546,45
marginal-greedy-prefix,3716,3716,522.83134005660986077,29981,209096.73219174414407462,239077.73219174414407462,0.99779412240289667,44
marginal-greedy-prefix,3717,3717,523.01641816494623072,29981,209100.01529551821295172,239081.01529551821295172,0.99780782448053884,44
marginal-greedy-prefix,3718,3718,523.35464602209276563,29981,209106.00607758216210641,239087.00607758216210641,0.99783282708984589,44
marginal-greedy-prefix,3719,3719,523.67274250266098079,29982,209110.56568078440614045,239092.56568078440614045,0.99785603016838953,43
marginal-greedy-prefix,3720,3720,523.79444409735197041,29983,209111.68782976196962409,239094.68782976196962409,0.99786488698561493,42
marginal-greedy-prefix,3721,3721,524.02355269809982019,29983,209115.65308221636223607,239098.65308221636223607,0.99788143601992507,42
marginal-greedy-prefix,3722,3722,524.28959594066998307,29984,209119.21804911148501560,239103.21804911148501560,0.99790048797049846,41
marginal-greedy-prefix,3723,3723,524.65569825639579449,29984,209125.49239444933482446,239109.49239444933482446,0.99792667403493296,41
marginal-greedy-prefix,3724,3724,525.00134993082315304,29986,209129.37811173114459962,239115.37811173114459962,0.99795123815496234,39
marginal-greedy-prefix,3725,3725,525.24735404362081681,29987,209132.55642591920332052,239119.55642591920332052,0.99796867640527609,38
marginal-greedy-prefix,3726,3726,525.42389165768440762,29988,209134.51741052477154881,239122.51741052477154881,0.99798103411424743,37
marginal-greedy-prefix,3727,3727,525.63308226932997513,29988,209138.01640045014210045,239126.01640045014210045,0.99799563719563811,37
marginal-greedy-prefix,3728,3728,525.81259755003850387,29989,209140.01647428632713854,239129.01647428632713854,0.99800815804403786,36
marginal-greedy-prefix,3729,3729,525.96680171805246573,29991,209140.58645068621262908,239131.58645068621262908,0.99801888387501758,34
marginal-greedy-prefix,3730,3730,526.18760450008187490,29992,209143.21595713496208191,239135.21595713496208191,0.99803403166886939,33
marginal-greedy-prefix,3731,3731,526.45616648809311755,29993,209146.62894131478969939,239139.62894131478969939,0.99805244931754167,32
marginal-greedy-prefix,3732,3732,526.65175727802102301,29994,209148.82953449437627569,239142.82953449437627569,0.99806580703611092,31
marginal-greedy-prefix,3733,3733,526.90627053785726730,29994,209152.97501944590476342,239146.97501944590476342,0.99808310827316560,31
marginal-greedy-prefix,3734,3734,527.29390813053214515,29994,209159.28164642050978728,239153.28164642050978728,0.99810942906544420,31
marginal-greedy-prefix,3735,3735,527.49964215657257682,29994,209162.62600967331673019,239156.62600967331673019,0.99812338681034263,31
marginal-greedy-prefix,3736,3736,527.77336270393061568,29995,209166.01829826083849184,239161.01829826083849184,0.99814171808568286,30
marginal-greedy-prefix,3737,3737,528.10119361170313823,29995,209171.27760634044534527,239166.27760634044534527,0.99816366787850397,30
marginal-greedy-prefix,3738,3738,528.34809239083961074,29995,209175.15431329089915380,239170.15431329089915380,0.99817984736696563,30
marginal-greedy-prefix,3739,3739,528.71316435885853480,29995,209180.86064394030836411,239175.86064394030836411,0.99820366281447837,30
marginal-greedy-prefix,3740,3740,528.98502507623220481,29995,209185.09641765098785982,239180.09641765098785982,0.99822134087288050,30
marginal-greedy-prefix,3741,3741,529.17342104004649173,29995,209188.02138831611955538,239183.02138831611955538,0.99823354827718835,30
marginal-greedy-prefix,3742,3742,529.48908876765813147,29995,209192.92219964059768245,239187.92219964059768245,0.99825400187899282,30
marginal-greedy-prefix,3743,3743,529.71816634169670124,29996,209195.45928181105409749,239191.45928181105409749,0.99826876393887931,29
marginal-greedy-prefix,3744,3744,529.99651500285642669,29997,209198.75389634407474659,239195.75389634407474659,0.99828668757024286,28
marginal-greedy-prefix,3745,3745,530.19540713129072174,29997,209201.77780940142110921,239198.77780940142110921,0.99829930791195187,28
marginal-greedy-prefix,3746,3746,530.31557131470572131,29997,209203.57977780539658852,239200.57977780539658852,0.99830682845125829,28
marginal-greedy-prefix,3747,3747,530.55545392214366984,29997,209207.16725395800312981,239204.16725395800312981,0.99832180083110533,28
marginal-greedy-prefix,3748,3748,530.75410416481065567,29997,209210.11930912054958753,239207.11930912054958753,0.99833412127292642,28
marginal-greedy-prefix,3749,3749,530.93338098536173675,29997,209212.75808890318148769,239209.75808890318148769,0.99834513425574711,28
marginal-greedy-prefix,3750,3750,531.14083414489311963,29998,209214.80039932360523380,239212.80039932360523380,0.99835783137909773,27
marginal-greedy-prefix,3751,3751,531.31809482110315912,29998,209217.39004903528257273,239215.39004903528257273,0.99836863931690811,27
marginal-greedy-prefix,3752,3752,531.63175081807901279,29999,209220.94494272107840516,239219.94494272107840516,0.99838764922680734,26
marginal-greedy-prefix,3753,3753,531.83419948266032407,29999,209223.82527153557748534,239222.82527153557748534,0.99839967031775267,26
marginal-greedy-prefix,3754,3754,532.08140646896822545,30001,209225.31166181204025634,239226.31166181204025634,0.99841422081433961,24
marginal-greedy-prefix,3755,3755,532.31405632440703357,30001,209228.57870880400878377,239229.57870880400878377,0.99842785587878624,24
marginal-greedy-prefix,3756,3756,532.52169346888990731,30001,209231.49426703187054954,239232.49426703187054954,0.99844002400016085,24
marginal-greedy-prefix,3757,3757,532.70453315578299680,30001,209234.05504391973954625,239235.05504391973954625,0.99845071143685393,24
marginal-greedy-prefix,3758,3758,533.02218061013559236,30002,209237.49356791216996498,239239.49356791216996498,0.99846923567627677,23
marginal-greedy-prefix,3759,3759,533.19391569107165196,30002,209239.88071692129597068,239241.88071692129597068,0.99847919847468869,23
marginal-greedy-prefix,3760,3760,533.52764637999553088,30002,209244.48834164449363016,239246.48834164449363016,0.99849842845827974,23
marginal-greedy-prefix,3761,3761,533.77865350579725146,30003,209246.95003872833331116,239249.95003872833331116,0.99851287589749593,22
marginal-greedy-prefix,3762,3762,534.01289816121936838,30003,209250.17345439162454568,239253.17345439162454568,0.99852632886600712,22
marginal-greedy-prefix,3763,3763,534.22096930012253324,30004,209251.98092316355905496,239255.98092316355905496,0.99853804587458750,21
marginal-greedy-prefix,3764,3764,534.44421702107638339,30004,209254.98256185630452819,239258.98256185630452819,0.99855057325393703,21
marginal-greedy-prefix,3765,3765,534.87062673011962488,30005,209259.68875124145415612,239264.68875124145415612,0.99857438811188148,20
marginal-greedy-prefix,3766,3766,535.05446035651414149,30005,209262.13996549640432931,239267.13996549640432931,0.99858461828745626,20
marginal-greedy-prefix,3767,3767,535.33697318088707107,30005,209265.84951497500878759,239270.84951497500878759,0.99860010014196687,20
marginal-greedy-prefix,3768,3768,535.51748661171382082,30005,209268.21599599035107531,239273.21599599035107531,0.99860997668222951,20
marginal-greedy-prefix,3769,3769,535.84117946690162171,30005,209272.43560916863498278,239277.43560916863498278,0.99862758729443291,20
marginal-greedy-prefix,3770,3770,536.06809211919016889,30005,209275.38449333497555926,239280.38449333497555926,0.99863989450205881,20
marginal-greedy-prefix,3771,3771,536.35899093520640690,30005,209279.10920405268552713,239284.10920405268552713,0.99865543963220416,20
marginal-greedy-prefix,3772,3772,536.60231163667401688,30005,209282.16811299140681513,239287.16811299140681513,0.99866820602969364,20
marginal-greedy-prefix,3773,3773,536.75753450804825206,30005,209284.10886375835980289,239289.10886375835980289,0.99867630577905364,20
marginal-greedy-prefix,3774,3774,537.08414874145648810,30005,209288.14416802430059761,239293.14416802430059761,0.99869314717553903,20
marginal-greedy-prefix,3775,3775,537.32186889424542642,30005,209291.07550244769663550,239296.07550244769663550,0.99870538113907736,20
marginal-greedy-prefix,3776,3776,537.48239709638107797,30005,209293.04721041227458045,239298.04721041227458045,0.99871361008871695,20
marginal-greedy-prefix,3777,3777,537.69151046475178646,30005,209295.61451538911205716,239300.61451538911205716,0.99872432477047679,20
marginal-greedy-prefix,3778,3778,538.00258481540345201,30007,209297.42033487654407509,239304.42033487654407509,0.99874020840916056,18
marginal-greedy-prefix,3779,3779,538.23527789731963367,30008,209299.23610097044729628,239307.23610097044729628,0.99875196004672551,17
marginal-greedy-prefix,3780,3780,538.49435936869929265,30008,209302.36903129960410297,239310.36903129960410297,0.99876503537348083,17
marginal-greedy-prefix,3781,3781,538.79619233697724212,30008,209305.94792940709157847,239313.94792940709157847,0.99877997195274149,17
marginal-greedy-prefix,3782,3782,539.05492128170362776,30008,209308.99960761412512511,239316.99960761412512511,0.99879270817267518,17
marginal-greedy-prefix,3783,3783,539.39393906538089141,30008,209312.95037864014739171,239320.95037864014739171,0.99880919676854973,17
marginal-greedy-prefix,3784,3784,539.75156106351141716,30008,209317.09415953652933240,239325.09415953652933240,0.99882649089370745,17
marginal-greedy-prefix,3785,3785,540.15765137328651235,30009,209320.72431414900347590,239329.72431414900347590,0.99884581490609359,16
marginal-greedy-prefix,3786,3786,540.48423340434453621,30009,209324.42536661180201918,239333.42536661180201918,0.99886126129819475,16
marginal-greedy-prefix,3787,3787,540.69513686157949905,30009,209326.81151559826685116,239335.81151559826685116,0.99887121992299865,16
marginal-greedy-prefix,3788,3788,540.95883327423791798,30009,209329.77352628970402293,239338.77352628970402293,0.99888358191435322,16
marginal-greedy-prefix,3789,3789,541.26965518834936120,30009,209333.21106390675413422,239342.21106390675413422,0.99889792852371073,16
marginal-greedy-prefix,3790,3790,541.58795211749895770,30009,209336.72956669350969605,239345.72956669350969605,0.99891261304229007,16
marginal-greedy-prefix,3791,3791,541.96629116137523852,30010,209339.89913940575206652,239349.89913940575206652,0.99893001480993726,15
marginal-greedy-prefix,3792,3792,542.27821629260495229,30010,209343.33079520077444613,239353.33079520077444613,0.99894433687143158,15
marginal-greedy-prefix,3793,3793,542.55044404738998765,30011,209345.32357993521145545,239356.32357993521145545,0.99895682729866742,14
marginal-greedy-prefix,3794,3794,542.79095805475196812,30011,209347.92164711430086754,239358.92164711430086754,0.99896767036689105,14
marginal-greedy-prefix,3795,3795,542.92735681272063175,30011,209349.38938397093443200,239360.38938397093443200,0.99897379598635105,14
marginal-greedy-prefix,3796,3796,543.26190056417829055,30011,209352.93960708417580463,239363.93960708417580463,0.99898861289013852,14
marginal-greedy-prefix,3797,3797,543.57048574092334547,30012,209355.19544012675760314,239367.19544012675760314,0.99900220115301708,13
marginal-greedy-prefix,3798,3798,543.85102713004960151,30012,209358.13748652985668741,239370.13748652985668741,0.99901447982314640,13
marginal-greedy-prefix,3799,3799,544.08331397108611327,30012,209360.54580258001806214,239372.54580258001806214,0.99902453096248800,13
marginal-greedy-prefix,3800,3800,544.48676572642034444,30012,209364.66165352403186262,239376.66165352403186262,0.99904170852161478,13
marginal-greedy-prefix,3801,3801,544.81426371587235735,30012,209367.99568137226742692,239379.99568137226742692,0.99905562313156360,13
marginal-greedy-prefix,3802,3802,545.06909779157820140,30013,209369.57907229140982963,239382.57907229140982963,0.99906640494821941,12
marginal-greedy-prefix,3803,3803,545.26931902457215529,30013,209371.60862664654268883,239384.60862664654268883,0.99907487532054595,12
marginal-greedy-prefix,3804,3804,545.45676481662803781,30013,209373.49163473857333884,239386.49163473857333884,0.99908273408007764,12
marginal-greedy-prefix,3805,3805,545.82950984580213571,30014,209376.18449855080689304,239390.18449855080689304,0.99909814629673577,11
marginal-greedy-prefix,3806,3806,546.17036452330773955,30015,209378.54713496155454777,239393.54713496155454777,0.99911218030490401,10
marginal-greedy-prefix,3807,3807,546.46886253473030592,30015,209381.48406583358882926,239396.48406583358882926,0.99912443762529579,10
marginal-greedy-prefix,3808,3808,546.69792165764943093,30015,209383.72376880544470623,239398.72376880544470623,0.99913378505569328,10
marginal-greedy-prefix,3809,3809,546.88314688477407799,30015,209385.53171058956650086,239400.53171058956650086,0.99914133052498189,10
marginal-greedy-prefix,3810,3810,547.22271503429078621,30015,209388.81831475315266289,239403.81831475315266289,0.99915504721154669,10
marginal-greedy-prefix,3811,3811,547.54939410348720230,30016,209390.97054732448305003,239406.97054732448305003,0.99916820309646870,9
marginal-greedy-prefix,3812,3812,547.84971677911664756,30016,209393.85261267077294178,239409.85261267077294178,0.99918023143485279,9
marginal-greedy-prefix,3813,3813,548.04538645064019420,30016,209395.72710731395636685,239411.72710731395636685,0.99918805466339145,9
marginal-greedy-prefix,3814,3814,548.34108055752574273,30016,209398.52532255704863928,239414.52532255704863928,0.99919973305224508,9
marginal-greedy-prefix,3815,3815,548.62386261099607054,30016,209401.17845512999338098,239417.17845512999338098,0.99921080593662859,9
marginal-greedy-prefix,3816,3816,548.94343997465023222,30016,209404.13576513162115589,239420.13576513162115589,0.99922314830959114,9
marginal-greedy-prefix,3817,3817,549.40997958197374373,30017,209407.36992777264094912,239424.36992777264094912,0.99924081964417244,8
marginal-greedy-prefix,3818,3818,549.59229408981354936,30017,209409.00778364532743581,239426.00778364532743581,0.99924765525762804,8
marginal-greedy-prefix,3819,3819,549.80753310478542062,30017,209410.90913458223803900,239427.90913458223803900,0.99925559057126889,8
marginal-greedy-prefix,3820,3820,549.93314231503745759,30018,209411.00863830125308596,239429.00863830125308596,0.99926017936478950,7
marginal-greedy-prefix,3821,3821,550.08063059450535093,30018,209412.29849741345969960,239430.29849741345969960,0.99926556260909705,7
marginal-greedy-prefix,3822,3822,550.27895904416141093,30019,209413.01453642387059517,239432.01453642387059517,0.99927272452092675,6
marginal-greedy-prefix,3823,3823,550.62591536427919436,30019,209416.01488445053109899,239435.01488445053109899,0.99928524651366413,6
marginal-greedy-prefix,3824,3824,550.82940099292977720,30019,209417.77148898327141069,239436.77148898327141069,0.99929257772624536,6
marginal-greedy-prefix,3825,3825,551.27479084804099330,30019,209421.60569616514840163,239440.60569616514840163,0.99930857984135280,6
marginal-greedy-prefix,3826,3826,551.47015979335367319,30019,209423.25449459592346102,239442.25449459592346102,0.99931546112372138,6
marginal-greedy-prefix,3827,3827,551.87171077586026513,30020,209425.62552710474119522,239445.62552710474119522,0.99932953017311754,5
marginal-greedy-prefix,3828,3828,552.06359726050527570,30020,209427.22375076965545304,239447.22375076965545304,0.99933620038102244,5
marginal-greedy-prefix,3829,3829,552.40272168912974848,30020,209430.03757492871955037,239450.03757492871955037,0.99934794391389625,5
marginal-greedy-prefix,3830,3830,552.71274459969617965,30020,209432.55738718039356172,239452.55738718039356172,0.99935846038413045,5
marginal-greedy-prefix,3831,3831,552.92841981080857749,30020,209434.30642976469243877,239454.30642976469243877,0.99936576003681854,5
marginal-greedy-prefix,3832,3832,553.25770857095596966,30020,209436.95049234092584811,239456.95049234092584811,0.99937679506744914,5
marginal-greedy-prefix,3833,3833,553.56929060274978838,30020,209439.43372273279237561,239459.43372273279237561,0.99938715886280083,5
marginal-greedy-prefix,3834,3834,553.79377009612392158,30020,209441.15985826577525586,239461.15985826577525586,0.99939436291260297,5
marginal-greedy-prefix,3835,3835,554.08371581067137868,30020,209443.36407020146725699,239463.36407020146725699,0.99940356222068483,5
marginal-greedy-prefix,3836,3836,554.37866928919663678,30020,209445.57787385632400401,239465.57787385632400401,0.99941280155993539,5
marginal-greedy-prefix,3837,3837,554.69024041035015671,30020,209447.91036192839965224,239467.91036192839965224,0.99942253623019328,5
marginal-greedy-prefix,3838,3838,555.04029817288630966,30020,209450.48964015656383708,239470.48964015656383708,0.99943330088247817,5
marginal-greedy-prefix,3839,3839,555.23031644598074763,30020,209451.88773755927104503,239471.88773755927104503,0.99943913586074318,5
marginal-greedy-prefix,3840,3840,555.50988363209660292,30020,209453.93371380481403321,239473.93371380481403321,0.99944767477004959,5
marginal-greedy-prefix,3841,3841,555.78075663048502975,30020,209455.91409559085150249,239475.91409559085150249,0.99945593991999937,5
marginal-greedy-prefix,3842,3842,556.15937352632306556,30020,209458.62642873829463497,239478.62642873829463497,0.99946725987877472,5
marginal-greedy-prefix,3843,3843,556.43444575666637775,30020,209460.57669634578633122,239480.57669634578633122,0.99947539934679641,5
marginal-greedy-prefix,3844,3844,556.72359701954599132,30020,209462.61828588257776573,239482.61828588257776573,0.99948391994811503,5
marginal-greedy-prefix,3845,3845,556.92333392331261166,30020,209464.00982834259048104,239484.00982834259048104,0.99948972756923871,5
marginal-greedy-prefix,3846,3846,557.15826172863182819,30020,209465.64341268083080649,239485.64341268083080649,0.99949654535538801,5
marginal-greedy-prefix,3847,3847,557.57164173823764486,30021,209467.51009229780174792,239488.51009229780174792,0.99950850948122438,4
marginal-greedy-prefix,3848,3848,557.92232643016961902,30021,209469.87634576298296452,239490.87634576298296452,0.99951838507180335,4
marginal-greedy-prefix,3849,3849,558.06514456301783866,30021,209470.82693072262918577,239491.82693072262918577,0.99952235235088405,4
marginal-greedy-prefix,3850,3850,558.27212433227191468,30021,209472.18899938534013927,239493.18899938534013927,0.99952803696271930,4
marginal-greedy-prefix,3851,3851,558.63204953469642078,30021,209474.55536495253909379,239495.55536495253909379,0.99953791302115758,4
marginal-greedy-prefix,3852,3852,558.95280269159991349,30022,209475.64607949036872014,239497.64607949036872014,0.99954663864632698,3
marginal-greedy-prefix,3853,3853,559.26776503896076065,30022,209477.64581597613869235,239499.64581597613869235,0.99955498457337577,3
marginal-greedy-prefix,3854,3854,559.59748814810109252,30022,209479.73355266352882609,239501.73355266352882609,0.99956369777044651,3
marginal-greedy-prefix,3855,3855,559.85868791245286502,30023,209480.38639358239015564,239503.38639358239015564,0.99957059592419328,2
marginal-greedy-prefix,3856,3856,560.18994106434763580,30023,209482.46985172276617959,239505.46985172276617959,0.99957929126469069,2
marginal-greedy-prefix,3857,3857,560.72938559842259565,30024,209484.85605377139290795,239508.85605377139290795,0.99959342362436476,1
marginal-greedy-prefix,3858,3858,561.03400660672957656,30024,209486.70011556462850422,239510.70011556462850422,0.99960111984099587,1
marginal-greedy-prefix,3859,3859,561.32641528999772618,30024,209488.43496837012935430,239512.43496837012935430,0.99960836027245181,1
marginal-greedy-prefix,3860,3860,561.55301641919913891,30024,209489.74843047547619790,239513.74843047547619790,0.99961384202416781,1
marginal-greedy-prefix,3861,3861,561.77049521598439696,30024,209491.00215314934030175,239515.00215314934030175,0.99961907445256526,1
marginal-greedy-prefix,3862,3862,562.19725446788686440,30024,209493.41575994499726221,239517.41575994499726221,0.99962914767290412,1
marginal-greedy-prefix,3863,3863,562.40542672631988808,30024,209494.59274914048728533,239518.59274914048728533,0.99963405985310028,1
marginal-greedy-prefix,3864,3864,562.65550616251380234,30024,209496.00231966897263192,239520.00231966897263192,0.99963994271460954,1
marginal-greedy-prefix,3865,3865,562.94150806473783177,30024,209497.59117905973107554,239521.59117905973107554,0.99964657384059052,1
marginal-greedy-prefix,3866,3866,563.25402572272741963,30024,209499.31508338823914528,239523.31508338823914528,0.99965376857843080,1
marginal-greedy-prefix,3867,3867,563.53035772046723650,30024,209500.78006721593555994,239524.78006721593555994,0.99965988270808770,1
marginal-greedy-prefix,3868,3868,563.74523274480452528,30024,209501.90887802169891074,239525.90887802169891074,0.99966459381512796,1
marginal-greedy-prefix,3869,3869,563.91398076859059074,30024,209502.77347468057996593,239526.77347468057996593,0.99966820222088193,1
marginal-greedy-prefix,3870,3870,564.22638561282633418,30024,209504.36674754161504097,239528.36674754161504097,0.99967485176654036,1
marginal-greedy-prefix,3871,3871,564.53544292402966676,30024,209505.93635615304810926,239529.93635615304810926,0.99968140254913562,1
marginal-greedy-prefix,3872,3872,564.97769318279210893,30024,209508.16635374838369898,239532.16635374838369898,0.99969070947401395,1
marginal-greedy-prefix,3873,3873,565.28354269841588575,30024,209509.70178380754077807,239533.70178380754077807,0.99969711761196278,1
marginal-greedy-prefix,3874,3874,565.61379647029923490,30024,209511.35961449838941917,239535.35961449838941917,0.99970403659059004,1
marginal-greedy-prefix,3875,3875,565.78560766346799937,30024,209512.18561315012630075,239536.18561315012630075,0.99970748390704334,1
marginal-greedy-prefix,3876,3876,566.01002815210972585,30024,209513.25126047982485034,239537.25126047982485034,0.99971193140046899,1
marginal-greedy-prefix,3877,3877,566.13537185407233210,30024,209513.84270989222568460,239537.84270989222568460,0.99971439982252563,1
marginal-greedy-prefix,3878,3878,566.48383522839230864,30024,209515.44785905579919927,239539.44785905579919927,0.99972109893409200,1
marginal-greedy-prefix,3879,3879,566.74555358210477607,30024,209516.64562068277155049,239540.64562068277155049,0.99972609780830946,1
marginal-greedy-prefix,3880,3880,567.03265176662830527,30024,209517.95478378987172619,239541.95478378987172619,0.99973156161809873,1
marginal-greedy-prefix,3881,3881,567.39688211611371571,30024,209519.59929662363720126,239543.59929662363720126,0.99973842501447063,1
marginal-greedy-prefix,3882,3882,567.66827725539656058,30024,209520.78206638907431625,239544.78206638907431625,0.99974336131995301,1
marginal-greedy-prefix,3883,3883,567.98489051741364619,30024,209522.15479602804407477,239546.15479602804407477,0.99974909042551563,1
marginal-greedy-prefix,3884,3884,568.62782648118763973,30025,209523.88307075147167780,239548.88307075147167780,0.99976047691667225,0
marginal-greedy-prefix,3885,3885,568.95944116926273182,30025,209525.26768386029289104,239550.26768386029289104,0.99976625561805577,0
marginal-greedy-prefix,3886,3886,569.32730411178192753,30025,209526.77061247086385265,239551.77061247086385265,0.99977252811077300,0
marginal-greedy-prefix,3887,3887,569.65995313585233362,30025,209528.12849920918233693,239553.12849920918233693,0.99977819526929068,0
marginal-greedy-prefix,3888,3888,569.97239850411870066,30025,209529.39444796656607650,239554.39444796656607650,0.99978347872341167,0
marginal-greedy-prefix,3889,3889,570.22872464744989429,30025,209530.41203692412818782,239555.41203692412818782,0.99978772564457641,0
marginal-greedy-prefix,3890,3890,570.51102295910845896,30025,209531.50962548100505956,239556.50962548100505956,0.99979230644514205,0
marginal-greedy-prefix,3891,3891,571.17468111018979471,30025,209534.06345601391512901,239559.06345601391512901,0.99980296489112952,0
marginal-greedy-prefix,3892,3892,571.44394797840732281,30025,209535.08626634100801311,239560.08626634100801311,0.99980723360375001,0
marginal-greedy-prefix,3893,3893,571.58861038229724727,30025,209535.62404068739851937,239560.62404068739851937,0.99980947801219866,0
marginal-greedy-prefix,3894,3894,571.81572607806970154,30025,209536.44123761533410288,239561.44123761533410288,0.99981288859453965,0
marginal-greedy-prefix,3895,3895,572.13188047529285996,30025,209537.57583824233734049,239562.57583824233734049,0.99981762386547657,0
marginal-greedy-prefix,3896,3896,572.36745613943514854,30025,209538.40579986118245870,239563.40579986118245870,0.99982108772142630,0
marginal-greedy-prefix,3897,3897,572.63245161606425881,30025,209539.33919566494296305,239564.33919566494296305,0.99982498326133429,0
marginal-greedy-prefix,3898,3898,572.91468753037861461,30025,209540.32922279290505685,239565.32922279290505685,0.99982911515283357,0
marginal-greedy-prefix,3899,3899,573.21713475991441555,30025,209541.34881838393630460,239566.34881838393630460,0.99983337044871001,0
marginal-greedy-prefix,3900,3900,573.58691359489819206,30025,209542.57049118026043288,239567.57049118026043288,0.99983846911651353,0
marginal-greedy-prefix,3901,3901,573.93626236960437836,30025,209543.70143730417476036,239568.70143730417476036,0.99984318913533277,0
marginal-greedy-prefix,3902,3902,574.21312627608062940,30025,209544.59719511127332225,239569.59719511127332225,0.99984692759255678,0
marginal-greedy-prefix,3903,3903,574.42253344264440784,30025,209545.25337283292901702,239570.25337283292901702,0.99984966615908044,0
marginal-greedy-prefix,3904,3904,574.67346347681211682,30025,209546.03548895052517764,239571.03548895052517764,0.99985293033118894,0
marginal-greedy-prefix,3905,3905,575.12729278371921282,30025,209547.44100296337273903,239572.44100296337273903,0.99985879626277574,0
marginal-greedy-prefix,3906,3906,575.52728397007740568,30025,209548.66566003821208142,239573.66566003821208142,0.99986390738550568,0
marginal-greedy-prefix,3907,3907,575.75598773105014061,30025,209549.36042640116647817,239574.36042640116647817,0.99986680700224140,0
marginal-greedy-prefix,3908,3908,576.00752346725835196,30025,209550.08581232113647275,239575.08581232113647275,0.99986983441010902,0
marginal-greedy-prefix,3909,3909,576.19157505157170363,30025,209550.59398698000586592,239575.59398698000586592,0.99987195528386474,0
marginal-greedy-prefix,3910,3910,576.34573222194944719,30025,209551.00972223919234239,239576.00972223919234239,0.99987369036054585,0
marginal-greedy-prefix,3911,3911,576.66870600668187308,30025,209551.87969970531412400,239576.87969970531412400,0.99987732122317097,0
marginal-greedy-prefix,3912,3912,577.08135685223612654,30025,209552.98854346713051200,239577.98854346713051200,0.99988194899748550,0
marginal-greedy-prefix,3913,3913,577.51739559275790725,30025,209554.07517568924231455,239579.07517568924231455,0.99988648407164105,0
marginal-greedy-prefix,3914,3914,577.70393260587445639,30025,209554.53957684282795526,239579.53957684282795526,0.99988842225608521,0
marginal-greedy-prefix,3915,3915,577.86987901824727487,30025,209554.95196020469302312,239579.95196020469302312,0.99989014334357784,0
marginal-greedy-prefix,3916,3916,578.16048752598953797,30025,209555.67361533356597647,239580.67361533356597647,0.99989315518093880,0
marginal-greedy-prefix,3917,3917,578.53472530305737109,30025,209556.59578959704958834,239581.59578959704958834,0.99989700388759795,0
marginal-greedy-prefix,3918,3918,578.97152263493944702,30025,209557.66501117261941545,239582.66501117261941545,0.99990146629818666,0
marginal-greedy-prefix,3919,3919,579.22156110053117573,30025,209558.26807974366238341,239583.26807974366238341,0.99990398321295770,0
marginal-greedy-prefix,3920,3920,579.44769428064580552,30025,209558.80491595895728096,239583.80491595895728096,0.99990622370610360,0
marginal-greedy-prefix,3921,3921,579.88134882365739031,30025,209559.81527249247301370,239584.81527249247301370,0.99991044044264965,0
marginal-greedy-prefix,3922,3922,580.24598266957411852,30025,209560.64212443405995145,239585.64212443405995145,0.99991389132031971,0
marginal-greedy-prefix,3923,3923,580.45766747047923673,30025,209561.11733929809997790,239586.11733929809997790,0.99991587463592946,0
marginal-greedy-prefix,3924,3924,581.02855607591129683,30025,209562.30163890498806722,239587.30163890498806722,0.99992081732622562,0
marginal-greedy-prefix,3925,3925,581.34429501723593603,30025,209562.94026706539443694,239587.94026706539443694,0.99992348264941988,0
marginal-greedy-prefix,3926,3926,581.65946847808231723,30025,209563.57142045209184289,239588.57142045209184289,0.99992611677654586,0
marginal-greedy-prefix,3927,3927,581.92456596939655356,30025,209564.09938515565590933,239589.09938515565590933,0.99992832024431855,0
marginal-greedy-prefix,3928,3928,582.12285963428746527,30025,209564.46903532190481201,239589.46903532190481201,0.99992986298424602,0
marginal-greedy-prefix,3929,3929,582.40685679640273520,30025,209564.99489970738068223,239589.99489970738068223,0.99993205768631299,0
marginal-greedy-prefix,3930,3930,582.70389036569224572,30025,209565.53896158371935599,239590.53896158371935599,0.99993432833585227,0
marginal-greedy-prefix,3931,3931,583.19506726205497671,30025,209566.41876323611359112,239591.41876323611359112,0.99993800019985057,0
marginal-greedy-prefix,3932,3932,583.62434270040307638,30025,209567.16631211983622052,239592.16631211983622052,0.99994112010514480,0
marginal-greedy-prefix,3933,3933,583.75736192122849388,30025,209567.39776714477920905,239592.39776714477920905,0.99994208608579616,0
marginal-greedy-prefix,3934,3934,584.03166290519584436,30025,209567.86863403799361549,239592.86863403799361549,0.99994405125509145,0
marginal-greedy-prefix,3935,3935,584.36022436996847773,30025,209568.38821581346564926,239593.38821581346564926,0.99994621973660136,0
marginal-greedy-prefix,3936,3936,584.66515985478508810,30025,209568.86960572598036379,239593.86960572598036379,0.99994822882385881,0
marginal-greedy-prefix,3937,3937,584.74318655131912692,30025,209568.99109707382740453,239593.99109707382740453,0.99994873586962874,0
marginal-greedy-prefix,3938,3938,585.21031835473741012,30025,209569.71100950471009128,239594.71100950471009128,0.99995174043381629,0
marginal-greedy-prefix,3939,3939,585.71868921908640004,30025,209570.49116288078948855,239595.49116288078948855,0.99995499641439667,0
marginal-greedy-prefix,3940,3940,585.95095941116744598,30025,209570.82170590065652505,239595.82170590065652505,0.99995637594012421,0
marginal-greedy-prefix,3941,3941,586.26556921348878859,30025,209571.25203413414419629,239596.25203413414419629,0.99995817192077929,0
marginal-greedy-prefix,3942,3942,586.53013660382896433,30025,209571.59197296600905247,239596.59197296600905247,0.99995959066005413,0
marginal-greedy-prefix,3943,3943,587.05509512448895748,30025,209572.25810691458173096,239597.25810691458173096,0.99996237077902439,0
marginal-greedy-prefix,3944,3944,587.34913353821752935,30025,209572.62230543003533967,239597.62230543003533967,0.99996389076641412,0
marginal-greedy-prefix,3945,3945,587.51042082850210591,30025,209572.81884196467581205,239597.81884196467581205,0.99996471101427786,0
marginal-greedy-prefix,3946,3946,587.84145448231129194,30025,209573.20714368537301198,239598.20714368537301198,0.99996633159671811,0
marginal-greedy-prefix,3947,3947,588.26108591808508663,30025,209573.69595221729832701,239598.69595221729832701,0.99996837164568320,0
marginal-greedy-prefix,3948,3948,588.58614738067649341,30025,209574.04352276376448572,239599.04352276376448572,0.99996982223602127,0
marginal-greedy-prefix,3949,3949,588.95744718714524879,30025,209574.43259002733975649,239599.43259002733975649,0.99997144601346499,0
marginal-greedy-prefix,3950,3950,589.33804403329736488,30025,209574.82246622428647242,239599.82246622428647242,0.99997307316700290,0
marginal-greedy-prefix,3951,3951,589.49815684746999978,30025,209574.97676957424846478,239599.97676957424846478,0.99997371715410388,0
marginal-greedy-prefix,3952,3952,589.84738528579350714,30025,209575.30365031160181388,239600.30365031160181388,0.99997508139524616,0
marginal-greedy-prefix,3953,3953,590.12033259855195411,30025,209575.55824782693525776,239600.55824782693525776,0.99997614396139167,0
marginal-greedy-prefix,3954,3954,590.40929768976832293,30025,209575.82588865392608568,239600.82588865392608568,0.99997726096397344,0
marginal-greedy-prefix,3955,3955,590.96363290206295460,30025,209576.31075473973760381,239601.31075473973760381,0.99997928455908680,0
marginal-greedy-prefix,3956,3956,591.33979088028490878,30025,209576.63105930152232759,239601.63105930152232759,0.99998062135447208,0
marginal-greedy-prefix,3957,3957,591.73760887732089486,30025,209576.96082138814381324,239601.96082138814381324,0.99998199762096418,0
marginal-greedy-prefix,3958,3958,591.94080674792724039,30025,209577.11803714005509391,239602.11803714005509391,0.99998265376301376,0
marginal-greedy-prefix,3959,3959,592.22339501945464235,30025,209577.32352532970253378,239602.32352532970253378,0.99998351137072972,0
marginal-greedy-prefix,3960,3960,592.58977212127763323,30025,209577.58978722052415833,239602.58978722052415833,0.99998462261830290,0
marginal-greedy-prefix,3961,3961,592.90674664186110476,30025,209577.81861425176612101,239602.81861425176612101,0.99998557763098739,0
marginal-greedy-prefix,3962,3962,593.16630869593893749,30025,209577.99549776915227994,239602.99549776915227994,0.99998631585671993,0
marginal-greedy-prefix,3963,3963,593.50902699334949375,30025,209578.22719804980442859,239603.22719804980442859,0.99998728286094940,0
marginal-greedy-prefix,3964,3964,593.92857767567841165,30025,209578.50211425742600113,239603.50211425742600113,0.99998843022742978,0
marginal-greedy-prefix,3965,3965,594.54157100471934427,30025,209578.89618563235853799,239603.89618563235853799,0.99999007488959935,0
marginal-greedy-prefix,3966,3966,594.73435637397221853,30025,209579.01635398599319160,239604.01635398599319160,0.99999057641383515,0
marginal-greedy-prefix,3967,3967,594.95692041161998986,30025,209579.13730714219855145,239604.13730714219855145,0.99999108121345515,0
marginal-greedy-prefix,3968,3968,595.25284766784011481,30025,209579.29635907724150456,239604.29635907724150456,0.99999174501883958,0
marginal-greedy-prefix,3969,3969,595.53952496759256974,30025,209579.44222406874177977,239604.44222406874177977,0.99999235378833840,0
marginal-greedy-prefix,3970,3970,595.79102609996436968,30025,209579.56970786154852249,239604.56970786154852249,0.99999288584365775,0
marginal-greedy-prefix,3971,3971,596.35360104342066734,30025,209579.85197933556628413,239604.85197933556628413,0.99999406390744106,0
marginal-greedy-prefix,3972,3972,596.78088593816312368,30025,209580.05371248710434884,239605.05371248710434884,0.99999490584345518,0
marginal-greedy-prefix,3973,3973,597.09025359608597228,30025,209580.19527130684582517,239605.19527130684582517,0.99999549664108833,0
marginal-greedy-prefix,3974,3974,597.28759865064921541,30025,209580.27611651518964209,239605.27611651518964209,0.99999583404964987,0
marginal-greedy-prefix,3975,3975,597.66676706173404909,30025,209580.41462308098562062,239605.41462308098562062,0.99999641210866019,0
marginal-greedy-prefix,3976,3976,598.06037339223780691,30025,209580.54956056605442427,239605.54956056605442427,0.99999697527206421,0
marginal-greedy-prefix,3977,3977,598.44327304282455771,30025,209580.67631231617997400,239605.67631231617997400,0.99999750427219369,0
marginal-greedy-prefix,3978,3978,598.64774892299601561,30025,209580.74182449438376352,239605.74182449438376352,0.99999777768814824,0
marginal-greedy-prefix,3979,3979,599.14769765332607676,30025,209580.88023471616907045,239605.88023471616907045,0.99999835534506554,0
marginal-greedy-prefix,3980,3980,599.47501628591749068,30025,209580.95626330829691142,239605.95626330829691142,0.99999867265141462,0
marginal-greedy-prefix,3981,3981,599.81525166300923502,30025,209581.02919580406160094,239606.02919580406160094,0.99999897703616414,0
marginal-greedy-prefix,3982,3982,600.55411000926540055,30025,209581.15455366150126792,239606.15455366150126792,0.99999950021886375,0
marginal-greedy-prefix,3983,3983,600.93872664896878177,30025,209581.21598317319876514,239606.21598317319876514,0.99999975659575480,0
marginal-greedy-prefix,3984,3984,601.60726739123026618,30025,209581.27430435753194615,239606.27430435753194615,1.00000000000000000,0
marginal-greedy-prefix,3985,3985,602.00534930426829305,30025,209581.27430435753194615,239606.27430435753194615,1.00000000000000000,0
marginal-greedy-prefix,3986,3986,602.29121618280680650,30025,209581.27430435753194615,239606.27430435753194615,1.00000000000000000,0
marginal-greedy-prefix,3987,3987,602.97101271587291649,30025,209581.27430435753194615,239606.27430435753194615,1.00000000000000000,0
marginal-greedy-prefix,3988,3988,603.66196628489922205,30025,209581.27430435753194615,239606.27430435753194615,1.00000000000000000,0
marginal-greedy-prefix,3989,3989,604.17714364323421705,30025,209581.27430435753194615,239606.27430435753194615,1.00000000000000000,0
marginal-greedy-prefix,3990,3990,604.69570447619901188,30025,209581.27430435753194615,239606.27430435753194615,1.00000000000000000,0
marginal-greedy-prefix,3991,3991,605.31338335547388851,30025,209581.27430435753194615,239606.27430435753194615,1.00000000000000000,0
marginal-greedy-prefix,3992,3992,605.60702585998978975,30025,209581.27430435753194615,239606.27430435753194615,1.00000000000000000,0
marginal-greedy-prefix,3993,3993,605.73472945108960630,30025,209581.27430435753194615,239606.27430435753194615,1.00000000000000000,0
marginal-greedy-prefix,3994,3994,606.32676403152618150,30025,209581.27430435753194615,239606.27430435753194615,1.00000000000000000,0
marginal-greedy-prefix,3995,3995,606.93747459809424072,30025,209581.27430435753194615,239606.27430435753194615,1.00000000000000000,0
marginal-greedy-prefix,3996,3996,607.26596451629154672,30025,209581.27430435753194615,239606.27430435753194615,1.00000000000000000,0
marginal-greedy-prefix,3997,3997,607.69406906349252040,30025,209581.27430435753194615,239606.27430435753194615,1.00000000000000000,0
marginal-greedy-prefix,3998,3998,608.25035252491443316,30025,209581.27430435753194615,239606.27430435753194615,1.00000000000000000,0
marginal-greedy-prefix,3999,3999,608.53587178123984813,30025,209581.27430435753194615,239606.27430435753194615,1.00000000000000000,0
marginal-greedy-prefix,4000,4000,609.53587178123984813,30025,209581.27430435753194615,239606.27430435753194615,1.00000000000000000,0
