niche_id,grid_x,grid_y,quality_train,quality_validation,descriptor_period_train,descriptor_amplitude_train,descriptor_period_validation,descriptor_amplitude_validation,validation_niche_id,same_niche,visit_count,decision_log10_alpha_a,decision_log10_alpha_prime_a,decision_log10_alpha_r,decision_log10_alpha_prime_r,decision_log10_beta_a,decision_log10_beta_r,decision_log10_delta_ma,decision_log10_delta_mr,decision_log10_delta_a,decision_log10_delta_r,decision_log10_gamma_a,decision_log10_gamma_r,decision_log10_gamma_c,decision_log10_theta_a,decision_log10_theta_r
3,3,0,1.823373814973568,2.0424569482237844,18.533483174295625,382.25,18.230740131766026,384,3,1,82,1.9684184777283622,3.0095350910934857,-2.1298769939469753,1.617072738283651,1.1989700043360187,0.19897000433601886,1.324818912287489,-0.33623272744525196,-0.010444226185237201,-0.5580564914812731,0.5,-0.4913826602044441,-0.07310562114409237,1.9072699879007475,1.5774588834571135
4,4,0,2.0179495385826147,2.7869752085280917,21.212593367298986,704.25,20.424069870576787,678.875,4,1,94,1.7341846244724015,2.906160223905817,-2.087781775056932,1.874699744469609,1.3387143678550966,0.19897000433601886,1.1040179653998121,-0.43695367909031707,0.13506470627190947,-0.6668188153075958,0.5,-0.4629019447188811,0.035918901219141236,2.0723492852035523,1.6255183859621392
6,6,0,2.0623294537097303,2.7630701738449712,25.482700728572006,352,25.528708148194923,359.875,6,1,105,1.6604811522046201,3.1080690118151337,-2.2835718477403963,1.7514312925902265,1.3699793708246548,0.19897000433601886,1.196571434706275,-0.534790840022752,0.48061167963667234,-0.7005007859780115,0.4447565421951789,-0.08414586301657506,0.6989875625318782,2.1739869502837106,2.4889250241114635
5,5,0,2.1163461782491773,2.8081435793592258,24.63078064649944,721.25,24.32466181270674,721.25,5,1,74,1.5534396896663436,3.042039237254718,-1.9864641391693918,1.9089672259444619,1.601350022795871,0.19897000433601886,1.478669211189418,-0.5424993854520898,0.18016176135304107,-0.608490225319705,0.3124046607883906,-0.14041459368011588,0.24632107480557852,1.8621166215058051,1.817748153840433
24,4,1,2.1429738637111866,3.015479600605614,21.46676839446819,1028.5,21.974603343750164,1032.75,24,1,96,1.6719799426695765,3.090261914917545,-1.9463613559418562,2.020665956349109,1.4685592399199534,0.2827302960360665,1.2126120243264782,-0.5314427877011851,0.22558563443182483,-0.5629636223566025,0.3047025241897069,-0.11508356527822892,0.2525567811384933,1.9167016563172092,1.9070861656496483
2,2,0,2.21368975404531,2.6182637417134376,16.178924381495058,376.75,15.797937223955994,365.125,2,1,99,1.8500232481811172,3.0249578924694145,-2.1148050518333283,1.6277322148631737,1.1989700043360187,0.19897000433601886,1.2898435472058258,-0.4022578781772086,0.09615975330773804,-0.4947423146159776,0.4648184455556205,-0.40696123099220466,-0.16522226981058563,1.9620287712226938,1.5
26,6,1,2.2434305196966386,2.777655523162955,25.67898030968996,1247,26.264333422200654,1231,26,1,83,1.5932835580182998,2.9735202401836203,-2.043735234177062,2.04789265373047,1.673800531157741,0.4819152302846978,1.011425174654748,-0.5516875107746261,0.4983008027297128,-0.6956464365616134,0.3154842235483948,-0.14964163571006478,0.6530106476365009,2.1047524866342537,2.316997648926498
8,8,0,2.2590893562547265,3.5446001834716876,30.844187569950265,344.75,32.60553028816677,351.5,8,1,99,1.5306411411025864,2.984217865048634,-1.988388105133071,1.8965488154269505,1.280830840055125,0.4537424462182113,1.1425472470423423,-0.4519427357020348,0.47419486918525794,-0.8014760732244565,0.28448333461941727,-0.08548232828849475,0.8010299956639813,2.0386597404708353,2.3593798059180258
7,7,0,2.26328714805319,2.6989946646850163,28.436686583908685,423.5,28.367198221155586,418.875,7,1,76,1.611477267761318,3.1237510604315566,-2.349618373460535,1.7534606420134535,1.364588712360765,0.401605283511737,1.1594909816996166,-0.5670969729459111,0.5,-0.7102113172229308,0.3416622153202834,-0.09668822106007426,0.7455811939086514,2.1989700043360187,2.4877201187772493
25,5,1,2.2702132375868733,2.705066663890244,22.08836902018025,1133,21.694552382855427,1116.625,24,0,79,1.584432759664677,2.981126049230892,-2.034512087523917,2.024187008850384,1.6419572282290178,0.48037727838318783,0.978465670328977,-0.550930333405475,0.5,-0.5509035625444563,0.34827510047958654,-0.11832544783842835,0.678811291781166,2.1259982313961445,2.3299936615972854
28,8,1,2.5613923979192346,3.5978168426029185,32.20248319013999,1049,32.47883885662491,1080.375,28,1,108,1.6731717137105355,2.9289922100935795,-1.974632649217801,1.9142782494620902,1.5288309670778795,0.5653787528155342,1.0519329488090372,-0.6324559231642339,0.4172170695614712,-0.7980174937093251,0.3245988556763673,0.030279467471584366,0.6125492504023591,1.9587059167255323,2.3084529937190394
23,3,1,2.5889107755851066,3.024818820989906,18.386755071998973,1010.5,18.03481621546407,1015.125,23,1,59,1.983806456361851,3.156221410860031,-2.3330909014315093,1.8540146210708028,1.6543953049609275,0.6202364905102222,1.2983879637202198,-0.48142568985167866,0.431896842808707,-0.6151092957997922,0.30781290412050816,-0.24314822799740374,0.15124578133434058,1.9427539164264696,1.9955419998758974
11,11,0,2.5923087400022577,3.523246552927428,40.57745770645182,547.75,39.57851589703345,539.5,11,1,81,1.536175882097787,2.98985940696831,-2.02688797124444,1.882412838230779,1.1989700043360187,0.6473751873972087,1.1827572290807238,-0.5481082680362062,0.2710411474069392,-0.8692721879492542,0.3336224809086792,-0.2505876113389518,0.7482900359551756,2.0039421210393926,2.351302030448274
1,1,0,2.6359408508245767,3.0650379480796293,13.41995997822232,348.75,13.516806740084771,348.25,1,1,104,1.7251775913902934,2.871127165944405,-2.125463888576899,1.6022266883798335,1.3060220152505075,0.4122364003996476,1.1490398208867745,-0.468271514701541,0.2842898660623011,-0.449329732468542,0.45010585350511245,-0.5,-0.0676091857636919,1.8902265158779668,1.5382632975284287
13,13,0,2.7563365077759565,3.22244010996399,44.867051983493866,418,43.491786743403054,417.5,12,0,53,1.5148893342808483,3.022189437500852,-2.0113957429365428,2.045703891363525,1.1989700043360187,0.19897000433601886,1.1883530278139927,-0.5562994386950367,0.3131698782839846,-0.9550319512720312,0.24994816749768,-0.08946692068334289,0.7877391520291319,2.029241758142318,2.5
27,7,1,2.774778115903765,3.3332985499836454,29.931017134325966,1147.5,27.6945157600543,1175.125,27,1,73,1.6364789695846456,2.927163453274098,-2.0511503918075262,2.049828095613596,1.675965401170505,0.46929028728751127,1.0256926786632585,-0.6404028582688663,0.4854138960602417,-0.6758351975298138,0.31608444862207274,-0.14507940925993942,0.6586920085085933,2.088456869861524,2.3108497197437825
12,12,0,2.786239165236122,2.884711157608348,42.663356466715754,473,41.120804332275995,491.75,11,0,98,1.5521135975983327,3.0293804891617038,-2.021065791826599,1.904908177838202,1.1989700043360187,0.3783663132561831,1.2902464280478838,-0.5713594556139238,0.2023506276205438,-0.8809986276873681,0.3072444772201136,-0.2450363432202515,0.6463451895638341,2.003095542266419,2.2437778830308734
9,9,0,2.8299842245790066,3.4807249919095447,35.90561046733469,622.5,36.91548264381121,615.75,10,0,68,1.4395756514034357,2.927561593675796,-2.0641370882179157,2.0867421431495083,1.390476094952562,0.3157515603309002,1.179321700431798,-0.5026214342310982,0.29190662681730706,-0.9163448113346101,0.2820484986984264,-0.21318188193294807,0.46425266583598546,1.950267660416993,2.5
32,12,1,2.8482567539992623,3.9284174720628418,43.20253542934289,1583.5,42.4136239422969,1590.75,32,1,131,1.5885850021755206,3.035791718054006,-2.1352009973305766,1.5434006640975255,1.7262149195396561,0.8779843852568323,1.1251181379619069,-0.8010299956639813,0.5,-0.8571762615167574,0.2681963225055237,-0.17970496940932162,0.5596693589606004,2.008754553946329,2.175666651385436
29,9,1,2.8670480663898763,2.9079058800319952,33.20107458632626,1391,32.8237056881909,1360.625,28,0,64,1.6110856642040496,2.937837584173856,-1.9584247314540957,1.9485917999272426,1.6416312948631218,0.5337020599909882,1.0174617514080744,-0.608441181003971,0.45166187678446873,-0.7988412643931129,0.32182822487115326,0.017883139065013265,0.8010299956639813,1.9951122768563758,2.2913383671714804
10,10,0,2.8821429792634077,3.5182218314032214,36.132071998597205,404.5,37.60463350419754,385.125,10,1,63,1.4148829621348216,2.891994739340488,-1.9933506345261922,2.1106854295438273,1.4132731295794339,0.43493301363829157,1.2235669101851092,-0.5469850226247689,0.46010266420812396,-0.913363132750092,0.2820492502368964,-0.18759366151541357,0.4241331643069981,1.9629939545559258,2.4976342620286722
22,2,1,2.9364778313944537,3.6893567250170567,15.360895747402713,1050.75,14.65673824161739,1059.375,22,1,38,1.7661490503197839,2.7267243907275165,-1.5762183481112029,1.6750887474492249,1.68375448886421,0.7681211488936697,1.0615258420354214,-0.3912345921123989,0.20491762611671357,-0.5359163118086016,0.14580890051274886,0.5,-0.04521053994228285,1.5586262455220599,2.3013935071231173
46,6,2,2.9478202115825676,3.6644638978281368,24.802056338734474,2292,23.681397179055626,2301.625,45,0,91,1.7412592087446144,3.156900741449615,-2.2521544138740386,1.9795462452372699,1.655179747640629,0.8946257993711592,1.258343873743475,-0.5323140941807682,0.24319845820039948,-0.6454497034101505,0.32113436112451144,-0.1787082703797274,0.16298785453188844,1.9042390159777027,2.05022872114011
31,11,1,2.9496344534952823,4.228541066573357,40.97266973139352,1355.25,40.6431684693754,1397.625,31,1,90,1.6010780739116273,2.733751196859907,-1.6568476321450405,1.6215250235137766,1.234193124490082,1.0811163714313863,0.7243557707064633,-0.5941067444002679,0.09139441128098069,-0.8615706877109843,0.2178611300153713,-0.35272745987859916,0.5324145479422423,2.1331347888388086,2.3433609275236438
45,5,2,2.972704742684309,3.5648691085055946,22.591937514131025,2323.5,22.679158836020846,2301.5,45,1,62,1.7328442051898132,3.128109527873172,-2.4049885238402977,1.8786208045694777,1.6667328998681419,0.962772095616721,1.188212104769375,-0.5062135571093076,0.27779220632560175,-0.6468228017276071,0.28958908541075373,-0.23939901329662613,0.12150927953864174,1.9420855429519097,1.9517594169352699
33,13,1,3.0912293341819477,4.81748006008624,44.493318584669346,1143.5,45.546053206564075,1172.75,33,1,64,1.5269077638056692,2.8785160092184148,-2.2891300031018997,1.7536417817554695,1.8311054450449555,0.24452529097272396,1.1585771723529947,-0.6639275268895451,0.4346310508806997,-0.9828889111973698,-0.12660168165382046,0.5,0.6686583662357404,1.5635370563214415,2.102740166487851
0,0,0,3.105156302312222,3.0190835199418196,10.47918621957534,227.5,10.477411835430045,221.375,0,1,37,1.7610091337397906,2.9202191114100313,-2.166220135971143,1.629099722105937,1.1989700043360187,0.19897000433601886,1.2028566224005879,-0.4614139049005057,0.25637855395517395,-0.25989135895667276,0.5,-0.4855877603362015,-0.1989700043360188,1.934773644675607,1.5
44,4,2,3.132477746281023,3.635235305340782,21.600669788768403,2217.25,22.144545689400463,2210.375,45,0,81,1.8077656604892036,3.1573737041271017,-2.3112919462939105,1.899912634029152,1.6963803688691674,0.8485648144159169,1.219376497629051,-0.5002263026120628,0.29905369131528237,-0.6552930032575569,0.3218342298166065,-0.21987844733898462,0.14912671982443135,1.8836552249639522,2.008296104563617
48,8,2,3.138262687041853,4.138995741941076,31.958351571898753,2098,34.29526318922115,2055.375,49,0,85,1.7206829864438846,2.770680933078592,-1.5040836388875358,1.7409189324908392,1.3857833651050497,1.0715865863299605,0.788818294586617,-0.5844834998887767,0.026265751235298382,-0.757532838795356,0.28149600952529397,-0.46871543357911377,0.43943398946415124,2.0826451601945246,2.3143200113014797
30,10,1,3.162758216238913,3.6579190362117084,37.56557638084222,1023,39.148794558880525,973.375,11,0,70,1.5485878592290794,2.7815967111846427,-2.3690546514838347,1.7862763395108856,1.72387643929314,0.19897000433601886,1.1637766348764742,-0.684678552287893,0.30303136792016255,-0.8224413354885086,0.018350749180849536,0.5,0.7978790477136443,1.4827187149742849,1.8084729984711148
47,7,2,3.1832745019029893,3.471517163813599,27.910318805069537,2211,28.04436887739759,2226.125,47,1,40,1.6230562315946346,2.8926138617734445,-1.788999448994588,1.816183133243106,1.4778892340810608,0.8885232133933625,0.8957346513248748,-0.5270101672012364,0.08065777730204265,-0.730700631767562,0.2469147928759166,-0.17334660659224083,0.16694674245588756,1.8905111642775299,2.5
21,1,1,3.3087984997179474,3.764980139468863,12.282779864315186,1100.5,12.042592620352945,1095.875,21,1,30,1.7517857610298466,2.750694490610644,-1.5570270275191942,1.570662858526281,1.678747859342684,1.012787076892222,1.0802462054415787,-0.32890942273030793,0.1725521816149561,-0.43976894732599425,0.09921037596946689,0.14483152473670532,-0.10339290332914203,1.3607252360693602,2.148410395546757
43,3,2,3.328916292507316,4.201178833825329,17.876976661666724,2563.25,17.552768052738354,2604.5,43,1,59,1.399481899420394,3.0715428067183215,-2.4393220912103533,2.1989700043360187,1.675134506762639,1.1989700043360187,1.3288317985859397,-0.4878655729464496,-0.17318469625683486,-0.19897000433601875,-0.07751146817179813,-0.21964746339336308,0.40169515297927316,1.1998622247046087,2.12039889772078
67,7,3,3.345092650532278,4.297398900621008,28.78448459724922,3394.5,28.40461712236413,3396,67,1,50,1.494263237682933,3.1989700043360187,-2.019443495173096,2.1989700043360187,1.4402599465178123,1.0522376686267363,1.02983065298055,-0.4949469066681481,0.19715111110695027,-0.6412645516099135,0.25534385409621824,-0.2453695905052388,0.4844762421469609,1.8526103579953266,2.1909155039478514
66,6,3,3.3849364294512534,3.5808270095792842,25.92708689018811,3184.75,25.688596628902776,3213.5,66,1,62,1.6396735779908835,2.927823259737245,-1.8171308433502005,1.736506454366233,1.645733887697101,1.1989700043360187,0.6827857113703764,-0.6546252221791113,0.39879412518509083,-0.5359197351633583,0.4990854283355015,-0.22553202918107074,0.8010299956639813,2.004128415374758,2.2986745036315974
52,12,2,3.44236810913108,5.302821259631573,43.63634185871372,2895.75,50.77692478825717,2944,55,0,92,1.3430247961577997,3.084693248623566,-1.856419420449823,1.819685142775472,2.0359332205874137,1.1508760231566573,1.5,-0.6045556940788527,0.3826730464041434,-0.8993838563022251,0.3423618441858442,-0.04195519962404538,0.8010299956639813,1.8124324917736059,2.2102143215562697
34,14,1,3.4499520752778965,4.968537407580207,47.94589480684956,1932,49.46643820584927,1912.5,34,1,80,1.5924846709730727,3.1431676993566886,-1.9090642174244523,1.3698660101936706,1.9237621954660686,0.7720931410971187,1.306565830904062,-0.8010299956639813,0.47215013851603804,-0.9681955140071908,0.4163710150783886,0.01775087155592523,0.7704885781045898,1.957243181371409,2.2459913494530657
54,14,2,3.4848643940114155,5.716566536268953,47.229735637503154,2735,51.20941588871536,2752.625,55,0,60,1.3067698282907891,3.09208905544459,-1.9233898780929255,1.7519649322665842,1.9822502209220232,1.1132411481122542,1.5,-0.6091135169548704,0.33216910626279794,-0.9425648940531363,0.3437454308933427,-0.028057100830860212,0.7207236581026444,1.82483633154124,2.1410133495881944
50,10,2,3.542186443472649,4.058071707856145,36.225147200572806,2170.75,36.345447089643464,2201,50,1,58,1.7242893631940992,2.781600956168433,-1.505375028505065,1.6282595079039472,1.4194151168729656,1.0831276981413391,0.7920903350290704,-0.6452737855355632,0.01792779291963187,-0.7601898941056197,0.26652120686206693,-0.5,0.4352161959343339,2.1981790762419435,2.323289157362432
68,8,3,3.5916526737239884,4.674684736411621,32.06579537246067,3059.5,32.63731615084163,3193.375,68,1,80,1.6043740425543613,2.978937267337009,-1.9168631512019665,1.8163105483564723,1.4490867474346842,1.170285719972735,0.8578873718653883,-0.7126167490229025,0.16842506999252027,-0.6282123607295826,0.5,-0.19768879257530136,0.4365667034606465,2.0890642835042232,2.281284897410554
63,3,3,3.595522040268578,3.9461826388733368,18.63276257675672,3121.5,18.739563198848867,3100.5,63,1,56,1.4810899125509889,3.1234924320494035,-2.279900837340795,2.1989700043360187,1.5888104285981712,1.1876355981011093,1.2825885315118155,-0.3642802953918794,-0.3009267831640512,-0.3521289048510993,-0.08070777249610897,-0.29439852892974083,0.46302946049258165,1.1989700043360187,2.1982200120171735
53,13,2,3.6096693115688003,4.090162244471827,44.433855049683515,2356,44.229972809728,2252.375,52,0,55,1.2659660700829218,2.9994260753843247,-1.8380630351666147,1.7817967008259683,2.0313593638457945,1.0546215672185024,1.5,-0.7554682438229686,0.5,-0.931323634760492,0.4632982030270833,-0.091645112228179,0.6426926113023306,1.791132809194814,2.0187881713698204
49,9,2,3.6431384247397522,4.189294767310669,34.07117259661317,2344.5,33.975940679742045,2335.625,49,1,47,1.6086471172320747,2.778039168660035,-1.5,1.7331241443473322,1.3968239922315593,1.0608160208634856,0.7533499046244909,-0.5776063781041945,0.043196885789866094,-0.7675379505465757,0.26324558116391933,-0.366209420505459,0.4473735455130871,2.116010171218016,2.353080069516333
64,4,3,3.6607378531507244,4.900669670240067,19.250864880517295,3070.75,19.753464231041875,3059.375,64,1,53,1.4220655342348867,3.0699981263869702,-2.303898053298307,2.1592787182118607,1.6625319823611064,1.1362461553974115,1.3327659723781995,-0.44073757471197067,-0.3557911668877684,-0.3176416019321833,-0.041682801872034506,-0.21281542436329973,0.37019046398793026,1.3817245211433564,2.1107673852164153
42,2,2,3.7121381484064973,4.2019270265852136,16.16367648033993,2238,17.107851715112922,2197.875,43,0,34,1.3887729677974572,3.0143301285203936,-2.0591581290660845,2.1415509252761242,1.3487310222757916,1.1989700043360187,0.9463055275106803,-0.4406202347239076,0.0029856478046317164,-0.3036558662464367,0.3326316988261348,-0.15028218198800317,-0.06413925742261722,1.9672859501744027,2.126913157194184
65,5,3,3.714829121501159,3.6750736027002704,24.764160666252256,3251.25,24.59399325532071,3173.25,65,1,55,1.4755975513592634,3.138237329279611,-2.137497627194908,2.062732413669929,1.4397638123537881,1.1127198007669454,0.8784942162836855,-0.5865332755782411,0.38324796731729704,-0.6709582407262864,0.5,-0.080345295270111,0.2601620535987189,1.6023048089403322,2.299140659190582
51,11,2,3.739354876776667,4.1972293121229605,40.85813672109681,2501.5,39.90262516121623,2554.75,51,1,93,1.3965210603393619,3.1086956571992785,-1.7600386588534622,1.5461210066596132,1.9096910852709978,0.9486994996161121,1.257497570812045,-0.7274292756944337,0.40864750160975705,-0.8268841094758336,0.30526372882485703,0.06171460090376582,0.7852517923153998,1.830643603593177,2.2034180335180484
83,3,4,3.7491889031936614,4.464159816354806,16.602478494789484,4113,16.77827949533261,4135.5,83,1,39,1.4102977736749942,3.0352143767070587,-2.142007569765278,2.1989700043360187,1.593233472858675,1.1989700043360187,0.9049057830562439,-0.43061558322441484,0.018976907059636554,-0.2749302048897643,0.3513470577180972,-0.1775042373578521,0.27724112972453974,1.9824097766250217,2.1385842411832794
15,15,0,3.829012274109262,4.392686989331355,51.55718414540647,594.25,45.90715529737564,573.875,13,0,40,1.4829377146984013,3.047731221298187,-1.9796936286557096,2.0860272320917432,1.1989700043360187,0.29755963583363165,1.1330383097704715,-0.5860352214152024,0.3177351671870614,-0.9387735873977221,0.26138381634043273,-0.10577264931049589,0.8010299956639813,2.0287664624730324,2.4436763447198535
87,7,4,3.839692298149797,4.573058736405949,28.8360731398879,4158.25,27.188411053996784,4247.875,86,0,44,1.5534399991555752,3.179934730713567,-1.8353197001815704,2.1315638962872625,1.5341540579821635,1.0228389943815517,0.9342749349831767,-0.5026747246339526,0.24521836506372485,-0.7355978505643548,0.40006610851446345,-0.234948807961168,0.3570351241155553,1.8222472707190414,2.3848428015586665
86,6,4,3.8452330801991184,4.556574377539229,26.074527054351556,4449.25,28.17837151383877,4594.25,87,0,76,1.3522283443625591,3.1989700043360187,-2.2458322652403475,2.172132646534213,1.7488663118967005,0.9555134691976914,1.057899983535704,-0.6661557359419276,0.32680777313527243,-0.5650666548939858,0.29017874562600265,-0.2663022732158796,0.15032460776352508,1.9966318560035463,1.9808517215871368
20,0,1,3.8838515240161278,4.06064928037344,10.709827863449568,1063,11.37542653894218,1099.375,21,0,6,1.7683735941334675,2.7524882429227304,-1.604699278638743,1.5487033205401477,1.6890275606792544,1.0307471467442864,1.0520140661540707,-0.36153666373560267,0.11421689069960494,-0.26165322586530815,0.08970440178204932,0.16514591807260043,-0.1437298365088351,1.5533128247849903,2.2119047345813074
70,10,3,3.8912317809293664,4.951096728300323,38.5146067272199,3283.25,38.536843010792985,3365.5,70,1,49,1.6636168836399885,2.812426894564454,-1.525225190845637,1.8321058337409348,1.5392144512437345,1.0541372184467046,0.8441033322980457,-0.6038058415096741,0.01578996424805138,-0.8259092163018779,0.2564869649745739,-0.4621001077772305,0.43290452892400055,2.082027125963966,2.175244185681642
85,5,4,3.9272789658020084,4.576424730404302,24.639635746712564,4029.5,25.661416232896354,4158,86,0,45,1.4491675878250823,3.1256108971906813,-1.9738234456432016,2.0888732860533517,1.4959888102184926,1.157462810953995,0.7940640335622796,-0.6420682900605598,0.4299791407322052,-0.6271312231791843,0.47292950723426985,0.004757957975169964,0.17421411794653657,1.6762117562179657,2.157810618955421
71,11,3,3.9656485338394845,4.55785941814953,40.460657134186434,3151,38.343605314097694,3202.25,70,0,76,1.698105217407619,2.933688363450234,-1.5304858339923013,1.7160673111680984,1.3979090043127493,1.1883334715374354,0.8356983804349688,-0.6840230348836468,0.05385411322390595,-0.7660251485985713,0.398241601936828,-0.19566992034153935,0.4686932346877861,2.18447321985049,2.3985621873027547
14,14,0,3.9679856541976233,3.764474936753105,49.340006824238614,843,45.74287759375638,878,13,0,74,1.5099394872045642,2.7040918459438075,-2.2179513770218775,1.7501283817577522,1.7893901792469913,0.19897000433601886,1.1894133513439635,-0.7697091421277679,0.3857396664886188,-1.053595732036311,0.087228195315112,0.2549389935747587,0.6093267449106111,1.5177598021469794,2.2297821906812705
72,12,3,3.9842308963766473,4.637086421423902,42.369375270107504,3075.75,42.811064838990205,3115.25,72,1,106,1.3706454092099496,3.1339191293979516,-1.7633924452073602,1.387142949494398,1.8949278726331638,1.001171364015144,1.2006976376546634,-0.7141346060990088,0.33080026890892683,-0.8833035278601304,0.3070800407397194,0.0021969202038905136,0.6826373645226236,1.842970301983628,2.199543002688381
62,2,3,3.9875022122939567,4.105935611761849,16.24129290876041,3127.25,16.5017474996414,3088.25,63,0,52,1.4130284509982485,3.0796125958700933,-2.1095432143591295,2.142806621391226,1.2979776182968819,1.1889971077470813,0.8332587600174918,-0.2738921927043316,-0.14009393099974304,-0.32319378961424067,0.35693925341691374,-0.17670975027502217,0.22013678421151,1.9352156785494201,1.9584043211549171
84,4,4,4.00873338902598,4.367085411106078,20.753585474801895,4464.5,21.83856352743139,4505.625,84,1,54,1.4811556179625436,3.140584069989277,-2.0457726905826665,2.0176671212947324,1.5605769407297518,1.125121991485476,0.8845566073523284,-0.47149284078358933,0.14101334301562102,-0.4838172896952249,0.24769703986687788,-0.19357713988588865,0.2759281531733771,1.851192061899747,2.1532108248834794
90,10,4,4.021531563318288,4.935290290176963,37.62108352507347,4395.25,35.16359580214724,4569.375,89,0,50,1.520869289752194,3.1989700043360187,-2.0218628234928016,2.118674621012598,1.6104560270281298,1.1525607972110183,1.099824159144521,-0.5303372771057606,0.18943819939172207,-0.7514358298227891,0.24802433774883473,-0.40830184940243897,0.6519478771345818,2.0672990683582695,2.212607072974947
69,9,3,4.066483154991686,4.652060547695453,34.18312391849092,3762.75,39.7517548598775,3638.875,71,0,54,1.630005909740089,2.810500309419161,-1.6002640835069777,1.9413237034501318,1.5800516007546024,1.1711382642105967,0.8907308278787761,-0.7499677283487765,0.02115694166882975,-0.6462195212097919,0.5,-0.27291507270918364,0.718097756990475,2.084391190582711,2.4700708527647324
106,6,5,4.0677114388188915,5.022206266991767,26.60833506434013,5256.25,26.00418848527702,5309.5,106,1,79,1.5353722915634604,3.1989700043360187,-1.9735283881988024,2.140601401086,1.586925444731965,1.0421646371638609,0.9103107522202332,-0.49383493474461254,0.2053880706283662,-0.6762198908316288,0.28488893043063934,-0.2707771633197314,0.3472771231917757,1.7920521645696348,2.3401938122876778
41,1,2,4.0734389334559715,4.940346986670745,13.440599073727181,2088,13.240559902800259,2137.125,41,1,21,1.7461879107533846,3.151886333573993,-1.9924807955403325,1.9795003400820812,1.9564719037770224,0.9637866588937298,1.5,-0.47231815446617115,0.16723423159259979,-0.2467679615363761,0.2742056648490719,0.10359426090839871,-0.0625626273027454,1.8243729663689805,2.1054228496988676
35,15,1,4.153719399310919,5.914198346164277,52.50083168478497,1328.75,55.65966487937913,1398.5,37,0,51,1.5348428897321131,2.9984030524639387,-2.0845620510797174,1.8364968806727742,1.7628704495545822,0.8570382249844514,1.4166474342621511,-0.767399203951441,0.44571110119192686,-0.938146572101906,0.27617719869371454,-0.0962336150905754,0.7230644465978765,1.9718642222697504,2.2134047496718177
108,8,5,4.173332771586727,6.270913731817604,31.387046225998766,5161.75,34.84916691909623,5040.625,109,0,89,1.4549135249289704,2.9149489187137085,-2.240660058819898,2.1989700043360187,1.8418223378215042,1.1989700043360187,0.9890350398253324,-0.49387946910975544,0.09343502238776881,-0.6930115274186811,-0.48815780365187866,-0.32634191188425327,0.24809706513108468,1.7321365221551819,2.441864035623714
73,13,3,4.197067729775696,6.368231101122502,45.52422684966637,3410.75,51.401744851707775,3502.875,75,0,52,1.8227833055429379,2.645092052032434,-1.5943480437460213,1.7544517650536282,1.423689421241701,1.1989700043360187,0.6802275851426417,-0.8010299956639813,-0.03150417603135822,-0.8720240653053953,0.3595944059331072,-0.5,0.6193838467727508,1.9434455269024913,2.1215047794606523
88,8,4,4.225482271320038,4.271178103536531,30.411782000631863,4330.5,31.11662817285923,4380.625,88,1,82,1.4143691817458417,2.9679550387799356,-2.067935345446796,2.179378217815495,1.6123962765536333,1.068951334680077,0.9207110130130991,-0.5288061158963564,0.16785660722782955,-0.7239940969022789,0.39566737125495965,-0.1091015383255617,0.3828626854625089,1.874520731572823,2.186973115071467
91,11,4,4.277900849377243,5.524940267086269,40.27537657885538,4700,41.10473893027246,4997.125,91,1,75,1.6019490883144247,2.9553504053714357,-1.62636952349042,2.043016232104451,1.8508100487246448,1.1960635391723415,1.0380159766173944,-0.8010299956639813,0.28550089503510956,-0.6917746783268675,0.4095167173538675,-0.32032425396065933,0.645321529406048,2.136874389545577,2.3739918166229215
89,9,4,4.288814995650622,5.259903290154899,34.785152735347566,4081.25,33.74751537292284,4162.25,89,1,43,1.4707136265093377,2.8645747093419693,-2.2104555185428083,2.1581620946677327,1.7720946726719446,1.1965912719862835,0.9831663044642412,-0.5105726062594937,0.08770885962316505,-0.7489360828738508,-0.5,-0.32734838475639105,0.24695968057372178,1.7069313380494202,2.4577455247182565
82,2,4,4.43836178869675,4.446283136471774,16.059876057894552,4024,16.657320549277575,4072.375,83,0,49,1.4285136867440598,3.0572553866268253,-2.0674074230715584,2.1690969348378744,1.4667533202042486,1.1696902325417513,0.851755850609938,-0.3295588352330959,-0.06835458083041734,-0.3610932347733296,0.3673570911510627,-0.12345297208232724,0.1548375249524067,1.9857921603661788,2.17423488914526
93,13,4,4.464394052579101,6.616064207877587,45.28922929838365,4886.25,52.699407194186364,4807.125,95,0,36,1.7304266217099935,3.0372098722447545,-1.6728914306848672,1.8523701430420418,1.3355821335027924,1.1989700043360187,0.8467187975251227,-0.7271643747477201,-0.08779305749311382,-0.8418381460760588,0.25190322254525327,-0.5,0.5557185138563795,2.0693497750441483,2.3547362917200823
111,11,5,4.510024930330141,4.804826147067756,39.926153971408226,5012.25,40.36509403155159,4807.125,91,0,89,1.7477404120548767,2.9552247458850944,-1.5,1.9314719700156706,1.5127294861559102,1.1989700043360187,0.9370205295825171,-0.6908454682065486,-0.11498154375207881,-0.7418313607240525,0.5,-0.5,0.8010299956639813,2.1251888211947954,2.333232591734034
103,3,5,4.5133531751458165,4.774884015887065,17.8639127155721,5186.25,17.76314323039746,5298.75,103,1,46,1.2678302389463587,3.1305383535863553,-1.9326276496537675,2.1723666884384905,1.588533976890418,1.1431898333363741,0.7257202202468256,-0.4660683796536461,0.3324002167680752,-0.4488658552762383,0.4598426138505331,-0.5,0.10753146899442287,1.8660271384364184,1.5513585706161057
55,15,2,4.5207467764486715,4.768736999091078,51.61734142731116,2010.25,49.8126367430458,2069.5,54,0,52,1.357472093826866,3.0122408982032813,-1.8196267758598619,1.7344157379001082,2.0131411398950854,1.0164845856727476,1.4501766699581407,-0.699354443410951,0.4864607596356795,-0.9903102500504704,0.3661145153306157,-0.1431470003181755,0.7481549642647594,1.7674356799892643,2.0879465307488263
74,14,3,4.547242593846124,6.807979149822009,47.65087687301084,3712.75,57.59621410123443,3679.25,77,0,60,1.6734652920842203,3.100586609285453,-1.9105412186495416,1.733716620931753,1.5524259534675535,1.149217104293868,0.8679486898250751,-0.6024675111548256,0.28951663376925185,-1.040899353218315,0.4948261490141778,-0.461580194937262,0.48649161512015127,2.1452107281747512,2.402434630050442
92,12,4,4.557715465965928,4.389437415817014,43.08582124485125,4029.5,41.87809841320567,4048.75,92,1,81,1.6385764461370467,2.976046081026213,-1.7843181133300587,1.8026589148176655,1.6937253068644893,1.166241432187568,0.8911724865010688,-0.6333469554644411,0.2913519218980586,-0.9136064445688056,0.5,-0.4396999443012352,0.6770116319299816,2.139955265792318,2.3584202613822054
104,4,5,4.582796774258508,4.709482489176343,21.497225918706306,5135.5,21.119930074065426,5009.5,104,1,50,1.4702093855572511,3.1502179710040155,-2.062477153707049,2.017287572599696,1.570620144661709,1.1402255891562025,0.8793320889139662,-0.49240926126484486,0.11257667741382393,-0.49826513988370413,0.2955168861941764,-0.25192660451709203,0.23793367932558535,1.8251853713944166,2.161292591153841
107,7,5,4.591621212517406,5.194254488621961,28.3047349592697,5350.5,27.838805781901083,5537.375,107,1,42,1.5675451474226647,3.1869974307572684,-1.9708982507964865,2.166834863182008,1.5819878013570703,1.0529388438699185,0.8803265954288769,-0.49894257225010624,0.21898008868365265,-0.6963372249863599,0.2804551012988735,-0.25415581591180886,0.31962368471672153,1.8192517653230422,2.3430887020427584
16,16,0,4.592608469179563,4.167455815108452,55.51139463596063,512.75,50.998525422621526,549.75,15,0,53,1.5582513810297023,3.0139428495008787,-1.9764278024895081,2.0052986349466515,1.1989700043360187,0.21129917949591936,1.1330671856496866,-0.5750644388591389,0.28462145083987,-1.032246482036352,0.2742718371464985,-0.058341284999458384,0.6091505308509123,2.0259411038903923,2.5
61,1,3,4.620572472048334,5.090776203494112,13.515407530734503,3800,14.203483829660135,3769,62,0,27,1.4505218669968285,3.03884884847773,-2.056530021165952,2.1510880215157244,1.6719513265328627,1.1989700043360187,0.9006692250131323,-0.2919252895892559,0.09663944058333526,-0.2927170439668957,0.38753648437199784,-0.48057022333505295,0.21055628447449323,1.971389847198775,2.1614700651530003
113,13,5,4.680197183642034,6.227949665766433,46.44672310323179,5032,51.68017748211489,5010.375,115,0,45,1.671670932994996,2.959638363346125,-1.63462994689644,2.0091000260316783,1.8626969716766086,1.1417432782875163,1.068186246119155,-0.719572037316958,0.27856810255997727,-0.8955971464575109,0.3042256390145824,-0.17821984054907355,0.539442693753926,2.1180570335453934,2.337475698225439
126,6,6,4.685669399222503,5.444977149198729,27.473820226525955,6200.5,26.611424932083313,6194.75,126,1,71,1.4468522719928822,3.043739895008556,-2.0587326394388787,2.1989700043360187,1.7168252580300147,1.184680339929634,0.9876786950014236,-0.5849100762675615,0.11713344519615426,-0.6132464209933097,0.38348386647790417,-0.0989333147872038,0.27192414468330345,1.8326685452518343,2.1198707329776805
110,10,5,4.73035758437295,5.447525275479437,38.69683752439844,5350.25,39.8757259445907,5008.75,111,0,50,1.3499885685915538,2.6586300350339127,-2.141368280801816,2.1321400941789905,1.8736114955370162,1.1989700043360187,1.0933232410965836,-0.5821660013115771,-0.3010144681284004,-0.7686351942209565,0.14124122947399811,-0.43833242824497726,0.7205403253699125,1.9037975611377467,2.319024357314275
105,5,5,4.731614684372619,4.787458354504949,24.524965411754135,5019.5,25.45800965042396,4944,86,0,48,1.5040571627762025,3.1792142604598643,-2.0491438696806914,2.151122558463948,1.4963215142892201,1.1351250823245607,0.8133795065868982,-0.5347892820706758,0.2680053324406201,-0.6059947605042452,0.33165424608384675,-0.3587741311411826,0.37020844793697066,1.8277571123829945,2.25040483087901
109,9,5,4.753182448898075,5.663279210753986,34.89749442121555,5076,31.767635173618267,5186.625,108,0,56,1.440906577934345,2.854655150204544,-2.203390242327558,2.1303454740769943,1.8881922131433353,1.1961661329607542,1.1405432944209326,-0.5280737123388848,-0.05778662604864908,-0.7051916078694836,0.1688064939998362,-0.3665636939268553,0.7851891424638241,1.955794379850095,2.3542838156113843
94,14,4,4.762038372246647,5.998802177081705,47.650088255653785,4569.75,47.51872143459429,4654.375,94,1,63,1.5612705401760754,3.0068812922762045,-2.016725247387692,1.7735107653523794,2.0595025200150703,1.0784744134283784,1.1396335038519787,-0.6996074084249748,0.4266946137182497,-0.983892057993008,0.3978076791223736,0.06173360110290288,0.6699053775677076,1.7810946714516396,2.0977021809438168
128,8,6,4.774090063470888,5.808266058137807,32.375098864825326,6230.25,32.28217709919642,6329.625,128,1,75,1.4148998457892075,3.014056532408592,-2.0532587757769223,2.1962002403514447,1.644039905614487,1.1439073077924111,0.8758026337555352,-0.5096891926647411,0.12992342663554382,-0.7694050459542016,0.4149753962979401,-0.16725167435292765,0.4233369090305682,1.8708618044446919,2.1368166458927518
125,5,6,4.800064892382162,4.98334873333177,24.488447727790273,6037.75,24.34403349786249,5945.625,105,0,52,1.4360388608437857,3.1574430763072967,-2.103360255258029,2.035707909765203,1.5544414703578389,1.1847577965432818,0.8565519958956539,-0.49467334842672817,0.0989839371068417,-0.587754816997557,0.2994947070892451,-0.30461538917286146,0.19124423979913233,1.7378233291466474,2.1397990596327867
37,17,1,4.812418457040127,6.154580988767824,55.81597642696635,1387,61.6677832650742,1456.25,39,0,40,1.491490383112493,2.982320245396808,-2.103241110101436,1.8277250377970198,1.8178184738750292,0.9047313212915569,1.3841141533911636,-0.7622919740048437,0.48530019715573514,-0.9506480764132378,0.26115399341161083,-0.0997471149676631,0.7037569907465114,1.9629032521842615,2.2036409152658614
36,16,1,4.860913201519471,3.389658666400477,54.5575752493046,1032,46.80053980612807,1011.125,33,0,96,1.5567291713632976,2.7060624217389946,-2.2382335929954356,1.7786102299388167,1.7433551017172475,0.19897000433601886,1.1108925625270183,-0.8010299956639813,0.35506186609450363,-1.039391207796957,0.16776484947270062,0.35605754202634377,0.6615873764691598,1.6080486072896165,2.2082878969310333
112,12,5,4.86175671245204,6.040153223697932,43.521396654006914,5843.75,45.89887197144503,5880.625,113,0,80,1.2995300538527357,2.975861527019125,-1.9893324767855776,2.079972424648399,1.897317849573483,1.1599519580298157,1.2664831810156603,-0.5643677683253545,-0.011709245363089961,-0.8678398560644787,0.13769293081723857,-0.15914594283158462,0.2939299212615533,1.6605844364171953,2.2360920024787485
131,11,6,4.862947844703465,5.99087377506735,39.90379764822434,6319.75,39.75378193374206,6480.875,131,1,90,1.3001607550027425,2.8346277734074157,-2.1262639427983636,2.1034810440767076,1.936098961832731,1.1989700043360187,1.2041219293538872,-0.5779228634942638,-0.2934591419591594,-0.7251655285565338,0.15455427545805112,-0.5,0.8010299956639813,1.9023506631491323,2.349949091688014
17,17,0,4.975220545782832,5.4017269860368184,56.97399673537248,966.75,52.59161847287221,985.125,15,0,35,1.5154390195923642,3.079926025388296,-1.7869726873723328,1.222215687652711,1.7164988681591535,0.9237002178657924,1.5,-0.7451019920604605,0.332233575534627,-0.9731648208412708,0.17267184955913642,0.10950171523587202,0.8010299956639813,1.999229728922974,2.219248740295554
133,13,6,5.032639396292745,7.245544386710174,46.0796679734835,6275,49.26847482047222,6432.125,134,0,43,1.1990199592410624,3.0382786450267827,-1.9706006484054077,1.7314851589808011,1.5223244641521552,1.1421449596156716,0.93373087186806,-0.8010299956639813,-0.08217874159185162,-0.829726926109528,0.42245070914742555,0.0590627256157244,0.18471487820134722,1.9079898410255143,2.3297167037834146
132,12,6,5.077410330712295,5.765191003383044,41.61180341402554,6043.5,41.64109274464529,5981.875,112,0,99,1.7691286916069855,2.9933043325013977,-1.5221913550789388,1.9014290402697525,1.511666151887988,1.0975287496866672,0.8509769327746288,-0.6762005762398469,-0.1064485766151598,-0.7929485774747339,0.5,-0.5,0.8010299956639813,2.175294241607092,2.3058490426116274
124,4,6,5.136678310732296,5.6348654847243225,21.6836727753071,6208,22.620642652186834,6189.375,125,0,63,1.4711626775817013,3.1561463305394097,-2.0785815339967346,2.0275253612176902,1.587756247200431,1.1797871493536178,0.855430529437866,-0.49765482379723386,0.07314711624045922,-0.5297127404312716,0.2473906015890054,-0.2529329463475202,0.18089539484486944,1.798264233219673,2.154571218333606
127,7,6,5.155222454230443,5.501393137531943,29.152363181139798,6461.75,25.82487148546283,6749.75,126,0,39,1.4303124304914854,3.0565249082148624,-2.1720291629538995,2.185447462735494,1.7619297573274568,1.1628230042640337,0.8955707671676436,-0.4642783411047409,0.18381104553281413,-0.6757618410455499,0.4027522241684447,-0.19474459687528706,0.3937548827290044,1.8265391749940363,2.211456181520262
146,6,7,5.177285470848153,6.086645921967422,27.366748064512862,7324.5,26.963199529068298,7458.875,146,1,69,1.4821121559485129,3.1989700043360187,-2.0312330548006243,2.1789293547163426,1.5760695044339397,1.1344616021122915,0.7700296426558743,-0.49892421559309175,0.19750377917788625,-0.6835593376880585,0.32023289066697036,-0.2976210253750804,0.40270614647663516,1.8324722996134764,2.27877007977087
18,18,0,5.195696656958852,5.8635988186597725,60.16512260011852,404.5,62.2492958059694,415.125,19,0,68,1.6079831981470833,2.9518160023199136,-1.9529130594797441,1.887850008220076,1.371506758188043,0.6840919059122259,1.4021008605948149,-0.5855946927744162,0.461356290115977,-1.0535004212965713,0.44388621822500757,-0.05003570090735662,0.8010299956639813,1.8956915232662546,2.3294526862817406
57,17,2,5.220074321007277,6.412982128570428,55.805222102886745,2436,59.51564488323509,2456.625,58,0,29,1.3090869826472527,3.0274231296795238,-1.9436247200257153,1.7766685608040742,1.8718343959463564,1.1444208678404213,1.4517282513513505,-0.6435455638624311,0.3587374448142108,-0.9819878848361127,0.3025303750862165,-0.01502924705526007,0.7213222092440441,1.7723507232238171,2.1192280389851335
130,10,6,5.26541963458633,5.5195864244874295,38.74461314371978,6140.5,39.1187658691298,5896.875,111,0,46,1.3903518857340633,2.82659194432104,-2.1320875351241364,2.1097675931142814,1.8964889723894165,1.1989700043360187,1.1645030860395023,-0.5991032211020896,-0.19378764824492323,-0.7398678405900699,0.15203386664935079,-0.4464884379289685,0.8010299956639813,1.7925151782215922,2.3506312802759566
151,11,7,5.29633732592746,5.538835659428778,39.005124957477825,7007.75,41.538731381578344,6865.125,131,0,85,1.3135012312361927,2.8467789944718156,-2.1111000508458853,2.0896243903607403,1.9872942034053367,1.193204300125262,1.2023156379011455,-0.5419776071525642,-0.25105625432195977,-0.7585986286492487,0.1693270463105079,-0.46423085365182165,0.7654668625438981,1.9021520579547755,2.3442481196460676
102,2,5,5.299922950290023,5.342577917487114,16.09325991791369,5404,16.570630153447016,5404.5,103,0,42,1.233918116478724,3.1501088390078213,-1.9569149208071555,2.1989700043360187,1.7941489216159836,1.1846128012860633,0.8766511234636787,-0.4206748743098193,0.36224383043124847,-0.39205833136812074,0.5,-0.4045924948823891,0.16378829906797374,1.9366191262293788,1.8307162155564294
75,15,3,5.3025096920303625,5.341985088006741,51.54165575204245,3000,47.651955495751636,3101.125,74,0,44,1.3898898379706703,3.150548974183989,-1.761617646208304,1.455287332086733,1.934033492049693,0.96830285067184,1.229788822551459,-0.7197175469247232,0.3986540303140057,-1.005387829445324,0.35015913969852663,-0.05386645028044005,0.6278076809977929,1.8285764041452504,2.2070660300923888
145,5,7,5.303741400940763,6.055044522141722,23.822484886500426,7461.75,22.99743984901076,7535.125,145,1,41,1.4583087226749596,3.1989700043360187,-1.9926805629043354,2.1989700043360187,1.6786415024310666,1.1989700043360187,0.9057396107731572,-0.3910225554454196,0.08517032943328715,-0.5702387217555032,0.26006929265828044,-0.21580059729441933,0.3189578544896552,1.8212469104125384,2.0741615805000917
101,1,5,5.305333806837461,5.869461942489812,12.809878461549339,5031.5,13.132314845551697,5128.375,101,1,18,1.5061816237553443,3.041002388434613,-1.877440355048098,2.168119790367219,1.8109855044889722,1.1989700043360187,0.7582558141957106,-0.3939092086803281,0.39136058347435415,-0.37622041163284525,0.5,-0.2512753506779161,-0.026848139735269852,1.9303500032377947,2.112595787043605
81,1,4,5.3067234178079605,5.290490855066543,13.05039222261951,4152.5,12.691202762109361,4168.125,81,1,20,1.473759041108914,3.020063475336996,-2.0475835995790987,2.1989700043360187,1.7187807494096057,1.1989700043360187,0.9020493149150781,-0.38885514977871943,0.09203956128553711,-0.19897000433601875,0.37191941403839107,-0.276110480961617,0.09288388743771028,1.8899345161833965,2.2098548484478227
95,15,4,5.33860715287208,5.970627850810079,50.59105774792642,4333,49.67455328957251,4430,94,0,35,1.7783055008450799,3.032540871718646,-1.6842452112081328,1.7538237895376638,1.2990363517634258,1.1989700043360187,0.8400006842764163,-0.7837365617788697,-0.09678819791694968,-0.7976390290997759,0.24176355914003517,-0.48402653649340316,0.5089155290743251,2.105101921567401,2.3199164363276985
123,3,6,5.3427621010811945,5.553410668842513,18.77981649957559,6381.25,18.87968537625778,6461.125,123,1,53,1.2348733701894485,3.162677318106895,-1.9429345523598305,2.135717416773743,1.7310371540426241,1.159171060984684,0.7332834564688823,-0.47032031535685975,0.3884260053247856,-0.49478768896121117,0.4576588611215414,-0.443190099240622,0.138899097011554,1.8490519089055217,1.6279177790693273
114,14,5,5.3740356369557425,6.038371355135686,49.38792145349047,5809.25,50.55564127946366,5781.5,115,0,48,1.6855373676642305,3.0612868815147967,-1.6071330778792845,1.6765332893062581,1.3419566642938165,1.1534076688872479,0.7957204432903555,-0.7442227965398741,-0.1535813343317825,-0.8545413056943054,0.34911968774050095,-0.3006292931395992,0.4292279387922759,2.0397924485041905,2.315407033692488
148,8,7,5.379746154147868,6.063046733596947,32.25106792316156,7157.25,32.14979947042032,7157.75,148,1,93,1.4425090776532723,3.05731430482536,-2.107155609101176,2.1716106856287736,1.6541167828504548,1.1864141536259707,0.8921716085929805,-0.5105468030768884,0.09726466341229394,-0.7835674489737432,0.4163066288344587,-0.17610909087567467,0.33290899390700307,1.8555548050267068,2.268216764482876
56,16,2,5.4063730419987355,5.120446411213657,54.531114700235364,2158,47.28015679106313,2363.375,54,0,75,1.2758943331452604,3.051396520757441,-1.892604333512985,1.8301276119319065,2.0589560146326265,0.7338211085160542,1.5,-0.6970608000635867,0.3603050888185341,-0.9707905975362715,0.31523572905839214,-0.030178414932789825,0.6439361071982431,1.7282834000084548,2.130336762232902
134,14,6,5.416185138426702,6.585674771967274,47.88825135526919,6105,51.486977749127945,6204.375,135,0,37,1.7264884157528047,3.052224146023587,-1.6548696518890458,1.701622921038541,1.3300786868952295,1.1989700043360187,0.7668073626412919,-0.7958857345081773,-0.1598150169048663,-0.8211924126205132,0.33377153725036196,-0.3738001432763247,0.43272780020883134,2.101314089168901,2.3200275621177515
153,13,7,5.471132450354002,7.452839381406845,45.9419176486373,7174.5,51.66570121240437,7676.375,155,0,39,1.513289975374329,3.0512873120094226,-1.5558426800075618,1.7674649127780593,1.5525531686123117,1.1279117430939227,0.8191641445432105,-0.7281231897559733,-0.09380611982011267,-0.8709805747778313,0.3425186541158798,-0.3775297303061115,0.3879074281925116,2.05968610657683,2.3132633634674393
147,7,7,5.475968239635177,5.781178473084141,27.953767392413347,7375.5,27.674173767901138,7338.5,147,1,40,1.4553922760884765,3.158810780083199,-2.0300448129272475,2.1866354018454945,1.5698024916906927,1.1672863588251061,0.8592070743677259,-0.5563501411586504,0.08942762009424898,-0.6546805514857491,0.3804360602238962,-0.21932912327791157,0.24747157066666317,1.84785108580338,2.2694854665450293
129,9,6,5.479482744703334,5.735811551433233,33.63702779704638,6655.75,33.58540318723469,6720.5,129,1,57,1.420305941297182,3.066143807335022,-2.0446600158032537,2.126080858958483,1.6219264780151463,1.1989700043360187,0.9080491788888378,-0.5237977194819764,0.09537305978923204,-0.7894831672460028,0.3866411116491344,-0.20838302156492922,0.38828327108883615,1.8696027667274278,2.2656396785339687
76,16,3,5.544129698221274,4.7435772988496865,53.11928804816602,3752.75,45.40278081646726,3837.125,73,0,51,1.325970784832432,2.968806453961895,-1.9899310674306254,1.772838623681972,1.9995207619582216,0.9549037077945727,1.1806128062312102,-0.7355631747713276,0.36257474704505505,-0.9800429177650846,0.31527779562375996,-0.09413710571897173,0.6134679889366361,1.766363021236956,2.066426678610352
144,4,7,5.5613632614798,5.89568505459858,21.903317865493463,7046,24.6320389801233,7178.625,145,0,55,1.44490863317998,3.0178577847232955,-2.0900110706533077,2.1989700043360187,1.8409719147442607,1.1956386638354346,0.9223085796711853,-0.5479911148565437,0.1811876020671468,-0.5747850144962849,0.40166131508731867,-0.148101707344008,0.28561401144396736,1.8384606865642694,2.2611686915509015
150,10,7,5.579566770768379,6.886294336981627,36.69872415668763,7449.25,37.3035247751881,7655.625,150,1,36,1.5292991873907396,2.9683605333953142,-1.6490287279723104,2.0726781747283183,1.937022399159077,1.1815346803930813,0.9378473910693411,-0.7602486225244754,0.2567559423507644,-0.7209506525420551,0.5,-0.3319375108124545,0.5003933755854446,2.0579633417375054,2.3128580666156684
122,2,6,5.598881949704547,6.085906400576373,15.940415079613725,6124,15.972694516157675,6069.875,122,1,45,1.3436296470776552,3.0104840087561078,-1.851772008398631,2.1707234037434433,1.8010940032528024,1.1989700043360187,0.8901056593364524,-0.5732773261455546,0.1567745652856822,-0.35991971986570875,0.42857251608284735,-0.21630958035646364,-0.1989700043360188,1.7264001039065413,2.0549115255560246
115,15,5,5.617703843822731,6.760828799417901,50.44488103509772,5111,53.62091435741768,5595.5,116,0,64,1.6689916248590706,2.882985509146714,-1.6439648182166486,2.0250994293053752,1.8766541333152018,1.144883801877017,0.9276205182065984,-0.7779307863792116,0.33410157490630055,-0.8814449218350995,0.3202736178790286,-0.16430877909193192,0.5398003775372732,2.1737522602810926,2.2975119328568283
166,6,8,5.634719261367849,6.196703889722957,26.94386703304977,8240.25,27.68331528084335,8163.25,167,0,69,1.4284349358921533,3.1989700043360187,-2.0457584009104752,2.17855619440836,1.6186281083192577,1.129866767979664,0.7493703441220653,-0.5170303558449989,0.2068804923026907,-0.6674870574497669,0.3212448695932217,-0.3758771686493798,0.3816683688805831,1.837512050260705,2.285857073480234
143,3,7,5.678481751433623,5.847615461683658,18.804290954681782,7475.5,18.745438292002788,7488.375,143,1,50,1.1989700043360187,3.129702718260692,-1.9551805116197127,2.1678085416287547,1.7608684176891214,1.1879170798846157,0.6402645391868582,-0.5166414767966004,0.42381420138518,-0.4870005669730814,0.4747780734359742,-0.47818407124124884,0.09695298706567293,1.951961939510589,1.9066110343327853
152,12,7,5.696212610397071,5.974700698259383,43.298007777415485,7258.25,48.57486392093837,6682,134,0,89,1.5445194059770357,3.0354576246863556,-1.631712720470593,1.7952437815280544,1.5408696455204802,1.1814729583001982,0.8439029362374018,-0.7524838389246119,-0.050598165398798814,-0.83372205372767,0.4235048373223762,-0.3942365323779767,0.3651597788225442,2.1289219796630703,2.3493420059164873
77,17,3,5.702619370423924,6.480166305493274,56.07126312150844,3356.75,51.87181675508453,3228.875,75,0,28,1.4025144966907637,2.9028828572309964,-2.0157926287380117,1.6727341611891902,1.9282635186641057,0.9257648856718375,1.1617678660940858,-0.7766617379588514,0.29518861716231326,-0.9274709879945375,0.2446478170908485,-0.06161900589104115,0.8010299956639813,1.6585520178547628,2.0058044087030127
149,9,7,5.706426586083409,6.440030729663815,33.69832004532357,7201.5,33.62157560280992,7126.375,149,1,59,1.391911137112582,3.1754888072546703,-2.07183585445103,2.1989700043360187,1.6989281652565413,1.1989700043360187,1.0738589099386986,-0.6980473658451543,0.14063425363330895,-0.6891710482892567,0.3900860412196353,-0.49178262475154727,0.12426596604309975,1.9018246230051805,2.1464952496100764
38,18,1,5.714759202827022,6.373176113770293,60.63008388095788,1146.75,64,1099.375,39,0,88,1.5564028538745212,2.9910927653172625,-2.072148329590113,1.6136427677678253,1.8437997881668773,0.8846312287155601,1.4693360390011783,-0.8010299956639813,0.5,-1.007867712864019,0.25492831253495896,-0.06011201772750186,0.8010299956639813,1.9652202335932116,2.1987520142342905
165,5,8,5.788247263739605,5.929439883133723,24.69970695549271,8102.75,25.1771126548372,8184.875,166,0,62,1.4590419218520334,3.1989700043360187,-1.999175532734625,2.1989700043360187,1.657200844169739,1.1989700043360187,0.9087540721746756,-0.4491719160570664,0.0493092324788758,-0.5969897951082201,0.260827384209853,-0.2294677585191459,0.2687967410345598,1.7975898893017987,2.10336835448782
164,4,8,5.791356715587579,6.237390501542742,21.420917377463788,8136.25,21.51285612577358,8153,164,1,48,1.4443973587861758,3.1292792597182326,-2.064399183587738,2.1989700043360187,1.7142662232327075,1.1989700043360187,0.8976382115129341,-0.4875766890723641,0.033249999319183196,-0.522724334320677,0.37513368369565253,-0.37008381500055254,0.13303226495938159,1.9199107743386836,2.1412736878003855
19,19,0,5.825872138462751,5.914395565834066,64,309,49.92035203315831,320.375,14,0,89,1.6199149612169141,2.9576486102456405,-1.9790639468104747,1.8937067746129388,1.3503376393260835,0.7060559841880808,1.4334731092935393,-0.5937704418757471,0.5,-1.1464032778920108,0.38456712328667325,-0.11394380161904795,0.8010299956639813,1.9039524892697894,2.3174554182512854
154,14,7,5.848660195606765,7.22114057543973,47.34233969178446,7102.75,51.72046535899307,7131.875,155,0,38,1.1989700043360187,3.058057511711839,-1.9191941561392751,1.8049049984865924,1.434628236025591,1.1635425665301673,0.8849233462202422,-0.7985714080472591,-0.20322307894472777,-0.787877099657243,0.40372696398518026,-0.24141521935347715,0.2577481566806139,1.968137484677798,2.279339966072996
135,15,6,5.854491658450649,7.349198116069105,51.14762666797721,6303,50.612224811693835,6613.5,135,1,36,1.2243494033583104,3.0836206161495734,-2.020127366476742,1.849682153203255,1.7520690642380448,1.1712193889260287,1.1256891340940252,-0.8010299956639813,0.006086937245759441,-0.795912427084314,0.32884419987830665,-0.24557588638357405,0.5159549310586504,2.074269394640869,2.346323995062798
170,10,8,5.909361195063992,7.583575818205324,38.56068646951226,8024.75,47.67943670297137,7979.625,154,0,45,1.2712729024468714,3.08789359621002,-2.0136685748646816,2.118533723581578,1.7172019072229572,1.1645799129808425,0.855567068495801,-0.7905627491236762,0.2863637084467464,-0.7399173164823359,0.3807200255687748,-0.29988537560558914,0.2613604268394604,2.0104580135366312,1.9991078510835312
171,11,8,5.954443356444537,6.665839103996788,38.95098528712397,8435,41.60724741488473,8456.5,172,0,75,1.1989700043360187,3.079115506311516,-2.2012766087865514,2.1660391059547237,1.8234295138205368,1.003542387337667,0.8437527992467043,-0.6911360041052411,0.23308198447308212,-0.734751347843023,0.1833004662028888,-0.14275286664633025,0.625443466631376,1.8682000498646223,2.3008571134921096
136,16,6,5.960050712869367,6.941284480075509,52.84818391092468,6276,52.08301751210087,6189.375,135,0,49,1.6214063508647714,3.021471403137892,-1.7029644305861573,1.8516065164251563,1.4385842078227036,1.1878850421718685,0.8166788044996218,-0.8010299956639813,-0.08666206676624215,-0.8016895585726408,0.32074620965094497,-0.48475527346377856,0.5184992228302558,2.1440959317962704,2.364433240731263
172,12,8,5.986990314987506,6.781220735766138,44.08500178661589,8265.75,46.52965383243148,8076,173,0,94,1.3503167480882852,2.982128498220409,-2.125629533713282,2.1989700043360187,1.8782132601176431,1.1989700043360187,1.1317842140265408,-0.6199463249802826,0.04891769620301505,-0.9025035767845223,0.1315606969834135,-0.07456455557877706,0.2765561178112844,1.632654175039385,2.237550578856931
169,9,8,6.014295352511056,6.737437328691939,33.94654985010231,8601,35.05121487509233,8688.875,169,1,37,1.2481706796734526,3.067089560017803,-2.369956215496673,2.1989700043360187,1.9069485603040912,1.1786049154134284,1.0764719582671578,-0.5719985303222238,0.06796372325468288,-0.7356842305235363,-0.15223618225576024,-0.32254945477550845,0.1846627622041745,1.688779670974058,2.3516294275496854
39,19,1,6.051373665084578,6.043330455660177,64,1067.75,57.0740540866472,1095.5,37,0,150,1.6157003928184428,2.966331029450254,-1.9854296008020396,2.1989700043360187,1.4862687969844899,0.43950184522010954,1.3505221512077363,-0.5894019781912394,0.1905336678713606,-1.1989700043360187,0.2936076419128363,-0.1895435094616371,0.8010299956639813,1.9548719729311759,2.5
58,18,2,6.09468347710092,5.374848742210045,59.43597476990388,2350,54.70180879548902,2313.625,56,0,87,1.3484376324727452,3.010532444824524,-1.8328094879484031,1.707125846324946,2.031833950123116,1.0176609551262659,1.4293807802718486,-0.7219178492259617,0.4902278231799957,-1.0064858068477538,0.35452642919083477,-0.10848697487302299,0.7405853877080808,1.7716404177905103,2.1049155600899425
97,17,4,6.1454832271352196,6.964224698137946,55.742749091166814,4278.75,55.017492725105626,4473,96,0,36,1.690013963303711,3.0622104354748525,-1.7233561047619073,1.887660168844567,1.1989700043360187,1.1807430896319864,0.8499677162390429,-0.7737899588953367,-0.13205520282932223,-0.8478996416142331,0.3005367573798071,-0.5,0.5907930280513297,2.10790064782292,2.3851001326019747
188,8,9,6.146392507748199,7.36844881250067,32.10353005543742,9100.25,32.208958385849066,9288.5,188,1,97,1.495096010211553,3.1989700043360187,-2.0567739024441263,2.1488582274394954,1.5844401921487261,1.1692997263451959,0.842856007658458,-0.6146316107529488,0.08681924968399643,-0.7256941045167192,0.27911098375609883,-0.30912693454623774,0.24536950837307778,1.7639756636357216,2.10002634765561
174,14,8,6.150048074275676,7.225125040147332,48.75400524674958,8054.75,46.60966708725326,7976.375,153,0,39,1.1989700043360187,3.056362583567081,-1.9444804903164576,1.7966387972161728,1.4710859839858743,1.1760123210928193,0.9244278984123738,-0.8010299956639813,-0.253218589561391,-0.8053463773690481,0.39760562953399625,0.1056600128959583,0.1274025974703838,1.8715344891679804,2.29056762878024
193,13,9,6.163579216197914,8.478716552479844,46.9589687086181,9347,58.4702162712046,9323.25,198,0,46,1.2463322592126698,2.954329081744249,-2.196489514617535,2.170663533070125,1.7396188152271324,1.142641524067854,0.8083672855427235,-0.7909082437954311,0.14146954866035358,-0.8132675775296104,0.22624500449981255,-0.17142090469489793,0.8010299956639813,1.8418465545025748,2.3282551350165543
173,13,8,6.173342366061453,7.46210636482778,45.834415089173554,8593.75,51.75789503966305,8578.125,175,0,50,1.1989700043360187,3.056795809423518,-1.9163915475852735,1.7829288302424366,1.5157619647388676,1.1534067730765258,0.9337077964345247,-0.8010299956639813,-0.22233888303469987,-0.8671006457341773,0.4165679962436359,0.13818413416434275,0.1176549644201091,1.8766084558267169,2.321865855895331
191,11,9,6.183012826890397,6.4591750297921315,41.58140425083649,9346.5,40.85189145508806,9169.75,191,1,71,1.279615589131103,3.185197550947925,-1.969881112962742,2.1881835447997737,1.6486323198251884,1.175178112240487,0.9074434166836195,-0.6132450939892774,0.12782599643005438,-0.7990246486974718,0.3714423124300872,-0.44603671889767504,0.5636996383222314,1.978067095789716,2.0347458800723293
168,8,8,6.195171648861561,6.588443970638116,32.65575283509672,8513.5,32.539014362893404,8384.625,168,1,78,1.2582975676703192,3.1989700043360187,-2.0788007963969353,2.080483602817417,1.729747458487798,1.1989700043360187,0.9747925868618001,-0.6987179221309564,0.16474179876963024,-0.6890784706986032,0.3058799740805103,-0.4861374482283097,0.1441407628259583,1.9270990411834055,2.0577223531617213
167,7,8,6.2217596950580685,7.137493308850602,29.03843162466253,8245.75,29.07814179996815,8178.75,167,1,34,1.6299402551393234,2.956931319125935,-2.316453510995745,2.153205957237964,2.0717592698757663,1.1989700043360187,0.9701178016612477,-0.5171940722672067,0.23407862265715262,-0.7021202422379692,-0.10241471341040927,-0.04003563524584254,0.3095825902402743,1.639547598352642,2.234600054640596
192,12,9,6.238695255321055,6.429682293297704,44.29817653904217,9067,41.5839796883617,9086,191,0,99,1.2089305136080999,3.0421886740311685,-2.413386802688962,2.1989700043360187,1.879061921652427,1.173069775110779,1.026704970394461,-0.5993679878806223,0.06179907383485414,-0.8127979186294607,-0.23344352308949962,-0.40959874728265455,0.2519431000531796,1.6743755842545918,2.3064442224227646
189,9,9,6.3126915025142605,7.13060126481476,33.269335863126884,9008.5,34.196037678358444,8947.5,169,0,46,1.3614967671935623,3.1989700043360187,-2.1250763933588264,2.1989700043360187,1.7539744622395066,1.181537654180906,1.0255949692329962,-0.7075811981873965,0.1533925327129435,-0.6964689995041009,0.3956286474722932,-0.47142781255859456,0.237062315926369,2.00119796782045,2.1881805125495464
186,6,9,6.400459594847797,6.554633958342203,25.43319705466802,9084.75,25.60314688955796,9213.375,186,1,66,1.46787210211067,3.1989700043360187,-1.991762678781451,2.1989700043360187,1.684567775717811,1.1946030925803313,0.8865862756501321,-0.4642116234770568,0.05199481004022171,-0.6128901669306247,0.2512351016640043,-0.21543878519306117,0.26389327002162466,1.7639355214657553,2.091074146281301
116,16,5,6.447625670674207,6.574567111443814,53.132441043380105,5131.25,50.11980433930513,5321.125,115,0,63,1.7115410904019495,3.0360456132798106,-1.6321654230815215,1.6827898668911592,1.3111381517489342,1.1809907135030393,0.870115304059173,-0.7998790393472506,-0.22933316086480582,-0.8163212751612704,0.32759174217490145,-0.33670173533132136,0.3088717736038433,2.0908548734762413,2.2783808973096966
210,10,10,6.469916288300794,7.038801355152846,37.04643891319119,10153,40.112643691941294,10126.375,211,0,30,1.307964622128847,3.1851103992118084,-1.9895220536276081,2.1989700043360187,1.6431296015847916,1.1632390098455427,0.8548958658677865,-0.6471038691375007,0.10159761796603091,-0.730939913834344,0.3937749082026031,-0.4112211790583091,0.6441074289396477,1.9893078173772263,2.0516220536508216
96,16,4,6.483954388470204,7.107451202272141,53.91556331795398,4310.75,53.00517572374287,3425,76,0,48,1.691204772675123,2.9093829375538665,-1.7312426907566842,2.048320395014938,1.7561996924486323,1.1895413786753117,1.0497193207282978,-0.8010299956639813,0.28586869190593267,-0.8437750151710074,0.2674888900531683,0.01438778599623625,0.39144183282282885,2.090169576822001,2.2788181985615754
59,19,2,6.496638918320068,6.648733399215626,64,2052,64,2031.75,59,1,123,1.5831271916008305,3.0899919868492085,-1.8447087860335478,1.6308704904810751,1.8524880184202765,0.8386140186726678,1.5,-0.7099561739539291,0.27255950693216374,-1.0921771266379416,0.14081233069253257,0.18905465051925857,0.8010299956639813,1.9796112683568616,2.2005423860253424
78,18,3,6.532475528997818,5.886275577993402,58.724070981459676,3255.75,48.54281319272695,3322.125,74,0,68,1.5370421882491885,2.9988281395914744,-2.0032896157401208,1.7464921998776637,2.0303908166283287,1.083171684482103,1.4245484603280159,-0.703563134647141,0.32215426224757876,-0.9985569427442827,0.45336220581001413,0.027497432802445432,0.7066223399756119,1.740560288923468,2.102119259350023
155,15,7,6.56866473264231,7.8542153109134105,50.55479936274782,7473.75,54.5743919759289,7535.875,156,0,61,1.2092798589635843,3.0424883910531775,-1.9482901408249558,1.7149046314102327,1.5378276513855467,1.1619500921180552,0.9336149187319238,-0.8010299956639813,-0.15531639972425726,-0.8466910048149449,0.42665306081611803,0.04574598117613472,0.10579584601472967,1.9101742731366007,2.2978454592977635
117,17,5,6.596077386584231,6.651426493198878,56.19413569187298,5617.75,45.863923023248844,5849.375,113,0,49,1.2319440601886749,3.102011552879379,-1.9803698110500965,1.6487047698352524,1.4579040046046547,1.1958474133133028,0.9097555574433077,-0.787561539182139,-0.06602172689860666,-0.7939074164909214,0.038529280202035776,-0.01997259234294905,0.1671642761701205,1.8799865455974403,2.332669671188111
206,6,10,6.63367224672628,7.275343332193912,26.049939439622324,10130,26.140175473858,10032,206,1,69,1.2146600329007273,3.157089894523602,-2.165423240155479,2.1989700043360187,1.7246926887235,1.1868182803706997,0.7430170555409186,-0.6347088045615255,0.23046427309897322,-0.596498159811779,0.46999018149717164,-0.4081381823241233,0.029875636304140467,1.964671743117993,2.073639937532461
214,14,10,6.640220988234518,7.419977674969444,47.45864100254233,10276.25,47.60555474005184,10604,214,1,41,1.277327489391882,3.0180632584908085,-2.231918841359235,2.1405952384109903,1.8374196956407878,1.1929454075387822,0.8356769338359248,-0.7270825814099865,0.1673844826769298,-0.7946268957331764,0.20767222549334874,-0.17201794653474106,0.8010299956639813,1.8439318433645446,2.300812963057407
142,2,7,6.6494377576553125,7.440909902247108,16.388857208285536,7857.75,16.70242254603859,7886.75,143,0,30,1.3641337291969642,3.1807398276012955,-1.5857017890164449,2.1989700043360187,2.066111284998062,1.17024144386594,0.9526514506153388,-0.5080478284155991,0.45938747179212597,-0.5053126071237687,0.5,-0.17993340186474238,-0.05875890826619945,1.923746620689554,2.1432447504373573
187,7,9,6.65278651162463,7.217574240938657,30.074019132951285,9028.25,30.373652424154194,8964.375,167,0,29,1.4253899420195786,3.168467890951687,-2.004957276402646,2.1989700043360187,1.7423034542487335,1.1962731169721836,0.9546128161429567,-0.7532730284265147,0.11087884226557324,-0.5309768954534377,0.49698531643832655,-0.31352615098431597,0.2277285486496581,1.8048128048195156,2.1773304549310297
121,1,6,6.6792501983897825,6.905305293729105,12.515714074201714,6036.75,12.38570433135348,6169.5,121,1,22,1.4336604531832304,3.0689653726162245,-1.9705223134979535,2.189905227776295,1.8079127742370316,1.1989700043360187,0.6150445108872744,-0.34913239893845177,0.48484820330952105,-0.43818350949772983,0.49044164517571215,-0.2518538468173689,-0.060594280664153455,1.7912997159479553,2.0935126152686823
163,3,8,6.686170141088884,6.822220875863481,19.15708561254805,8232.25,19.337420592152988,8277.25,164,0,52,1.1989700043360187,3.1464790089542793,-1.9668056197634887,2.1801440643736143,1.786762454887173,1.182239214100852,0.6933691815694077,-0.4886105232937275,0.3382169969964325,-0.47441522750634374,0.5,-0.49108713372239315,0.13508035543037308,1.8939915651584303,1.6805455022213942
190,10,9,6.703076260293071,7.123553196445727,36.221225990477535,9320.25,36.42519277228144,9399.125,190,1,43,1.304611915521596,3.1989700043360187,-2.098666285190211,2.1989700043360187,1.741970609314719,1.1989700043360187,0.9816969664512736,-0.7446164864872884,0.17753078809230954,-0.7019385847384985,0.31906038683737603,-0.5,0.1220125166091079,1.907787413527759,2.180693703611605
234,14,11,6.705642608485217,9.883119754923092,48.22899431939065,11163.5,54.18117934781594,12121,256,0,40,1.3154556812743456,2.9768179238085826,-2.258894959235038,2.1989700043360187,1.953682214779883,1.1689273732883956,0.9511611649535908,-0.6125623165745033,-0.04156020238741185,-0.8702566819611648,-0.3502387029509767,-0.3314217937346517,0.3824875295772356,1.8114473550563361,2.439794148465715
212,12,10,6.72155357865536,7.737155734129004,42.94412462519663,10217.5,42.49817707284396,10376.25,212,1,104,1.4056100565009026,2.998612624594436,-2.2632213298070964,2.106719315178563,1.82180005454231,1.1929813494838994,0.9197127288985476,-0.6029284990514687,-0.04644706646289491,-0.8277144457412153,-0.21482687062645126,-0.2923016924762931,0.3168452354956756,1.726249841127885,2.269499203482564
185,5,9,6.725190759512924,6.953938359671857,24.18842153504458,9430.25,25.10305024306999,9526.875,186,0,53,1.4767584730428316,3.1856094288488146,-2.02125073962867,2.1799321131363665,1.6946326344391733,1.1989700043360187,0.8247957570293725,-0.3898655941458693,0.018491394621026343,-0.5842147998100778,0.15144802901990373,-0.23438629173027947,0.3306949656878717,1.7977506575596105,2.103533936184868
213,13,10,6.744837542369852,7.811613955139395,44.689021785271855,10488.75,47.013796833426504,10228.125,213,1,45,1.3151790423651888,3.1627817283906303,-2.09129416048382,2.1989700043360187,1.725461283892465,1.1989700043360187,0.9646217960325213,-0.7916410555217294,0.13630519820999576,-0.8165767885374344,0.30978572120403686,-0.5,0.14233623166798576,1.97593943418693,2.2754873264498037
175,15,8,6.831905826893013,8.41710453940117,52.20428332138347,8116.25,57.877577734274496,8104,177,0,42,1.1989700043360187,3.089503276772959,-1.9145005679153853,1.7350862582619981,1.5044879449052262,1.1337891438026881,0.9104021577675807,-0.7906880601471941,-0.19039704312296768,-0.8658198430195465,0.3726060085211016,-0.011759600110495698,0.12433013460660605,1.8777529834687379,2.2346935135954995
98,18,4,6.8514397589562215,7.316614953766773,59.771382435228574,4166.5,61.598986941642586,3844.375,79,0,73,1.3630822485201848,2.9583270933475347,-2.037748398868066,1.6910604154202293,1.8776623184341574,1.1891725300781806,1.0983466370793065,-0.6247707122422798,0.3244681766263773,-1.0359052115900482,0.2614589722524057,-0.014600362409934592,0.5302827647372896,1.7887815374583003,2.1117499286654287
208,8,10,6.856181830425245,7.457080827566184,33.01494911463669,10086.25,32.56346780028083,10135.5,208,1,83,1.2685286568835605,3.0359609382089077,-1.9359136101088303,2.1917169950160797,1.9963436299002082,1.1989700043360187,1.095378804313188,-0.6324107236628994,0.08830261169635165,-0.7246213757701482,0.49593384070838875,-0.2785111599528685,0.2952953210246795,1.9866683305099524,1.95973744433173
79,19,3,6.863228869569763,6.373121546687331,64,3025.75,54.074021899362464,2943.625,56,0,118,1.3165668577673977,3.014595150145734,-1.9471738165464942,1.7920234426165327,2.030784741316901,1.0301839768288727,1.4686853587282231,-0.6987555664529801,0.3370599240979284,-0.9679972557386082,0.30371104911662017,-0.06038813320398047,0.676344327802703,1.7643142244088754,2.0970975329614348
211,11,10,6.909118543870504,7.557381842280717,38.9837837452314,10558,41.237481856926934,10724.625,211,1,66,1.2409517407459132,3.1470612359198245,-1.9651760482033331,2.1288207680135454,1.859542241137621,1.1182431853751722,1.0784324022857363,-0.7147046366994195,0.03926958717803883,-0.7807867998854395,0.5,-0.4883720982485728,0.29481083057124147,1.907718582864306,1.8901628595178477
205,5,10,6.970307681051578,7.757528632747675,24.51437704602568,10135.25,25.694102535928213,10256.625,206,0,38,1.2749657008529658,3.1640588496947517,-2.381311222389573,2.167805158567266,1.5509921792818533,1.1989700043360187,0.7114145550233407,-0.6169668233657107,-0.009613730401127299,-0.48489798251298205,0.43698123967143354,0.3625229751631082,-0.07632044799145343,1.9644850609183826,2.3485894465238677
232,12,11,6.98133661365229,8.77735563806926,41.84780096573718,11601,43.33864661488362,11743.875,232,1,100,1.4155573838705513,3.0843892183529196,-1.9803301926928116,2.155478426730108,1.7147106923598245,1.1896101002669313,0.7802873536922956,-0.6883954744840275,0.04649642014391939,-0.7139267824880076,0.14994537489736606,0.0636455720872583,0.7594275758404188,1.7229732905863695,1.9226159518560864
176,16,8,6.9861254967028135,7.198925497498529,53.05766272638358,8060.75,49.81737208982348,8046.25,174,0,46,1.1989700043360187,3.072309445083342,-1.9378151544592397,1.7634290375209811,1.4743592257724836,1.1423281234987777,0.9122315915638685,-0.8010299956639813,-0.21340199900973467,-0.8412845673883418,0.3767485204425333,0.07063526093785708,0.09152894747543203,1.8568844337877621,2.236033210262211
209,9,10,7.008074249480591,7.6250523315647465,33.302745341272434,10272,38.46468256117822,10256.25,210,0,42,1.501301991995879,3.1141197569361685,-2.284367430873875,2.1989700043360187,1.941801342462487,1.1920775336501648,1.1861947532856378,-0.5721877392853645,-0.11308209227679518,-0.7482746990616824,0.0010092689241837996,-0.4156556962647144,0.20476356319282626,1.819882400210141,2.5
184,4,9,7.013791691932903,7.180919282864109,21.597571643974625,9055.25,21.55035838681879,9067.875,184,1,30,1.421020569376195,3.194044715653008,-1.998912050090349,2.144294403119387,1.6033312173806276,1.1989700043360187,0.7921197933748461,-0.4397657320298515,0.00012715905219561757,-0.533339057543297,0.29530713651852764,-0.21692237702275347,0.1221263122870133,1.80537390030798,2.1009221783459484
195,15,9,7.026980066818647,8.044811462014765,51.18441156043496,9066.75,56.32910948350815,8607.5,177,0,46,1.3112917972371874,3.036069760204699,-2.5,2.1730022393811743,1.891689973644728,1.1989700043360187,1.033779116754411,-0.5959394632253227,0.02145900207695809,-0.8862270751902042,-0.5,-0.42715960041008616,0.4072803241282625,1.710190039576347,2.5
207,7,10,7.037404329306609,7.849845355369761,28.659825801262716,10518,29.00329983725867,10473.625,207,1,50,1.5851724384977772,3.101320860225143,-2.0081106067799035,2.1606147194164285,1.9856780849891518,1.1989700043360187,0.9900627744609422,-0.6748112432171525,0.13603946028648642,-0.5879856772772217,0.41908206539883114,-0.4532501769281492,0.3377079906480368,1.9802452842434553,2.0802610678504845
118,18,5,7.053802014439918,6.891349098980853,59.86350336124639,5263.25,54.95922400967781,4966.875,96,0,64,1.6336410951383018,2.846084592134548,-1.7115440613893285,1.9731278351527943,1.9187214165381163,1.1410081156057745,0.9445307174532861,-0.7974852472699804,0.35256474400771753,-0.8934673490461648,0.2943462238709942,-0.13983177629709712,0.4493022383114391,2.1989700043360187,2.3086294547979964
227,7,11,7.085691902504896,7.472845752540408,28.602489728823834,11102.75,28.48694040746711,11141.5,227,1,32,1.2370302624963563,3.190321931555765,-2.198639847174422,2.1989700043360187,1.708798781765007,1.1884380824986132,0.6669070788910846,-0.7285699725246395,0.23996722407464027,-0.5119083495839247,0.46875098607674753,-0.4305681818888679,0.2330670216694522,1.9503389950367627,2.109817269829272
137,17,6,7.11345643280992,9.019173085231479,56.08281303581249,6640.5,58.912353791880754,6521.75,138,0,28,1.6828035015894036,2.9247022167484027,-1.6006443704065572,2.033929337916712,1.8758332344187434,1.1361848114608286,0.8911005943896882,-0.7740774590230155,0.40194707677318103,-1.0088206282471148,0.30006076511385693,-0.14303633673505736,0.5799688556079949,2.1133792511064087,2.3169172357229746
157,17,7,7.119921535599493,7.316338760088615,56.78110758693202,7002.75,48.1459338185331,6980,134,0,30,1.2567882715560796,2.8057823924136196,-2.1217024791016064,2.1483210793663066,1.8847677261327667,1.0703446580535927,0.8987813138089176,-0.4827949727362699,-0.11327805070112831,-0.8509863677862644,-0.13503600664322954,0.2690058776614511,0.8010299956639813,1.9731966820957538,2.165484251952707
231,11,11,7.156068264876794,8.265634141243675,41.33598644956632,11622.75,41.367802047339254,11946.125,231,1,80,1.3312772688389678,3.1989700043360187,-1.9421925599366898,2.1989700043360187,1.6017360807140304,1.1673817547796708,0.8520989720668283,-0.6550108996662125,-0.04767375148083415,-0.7213974497508446,0.41864588183009477,-0.4435798466881859,0.6253133044690826,2.01463439746474,2.005036820038837
100,0,5,7.166446295809389,7.289533796206986,10.515406474997745,5276,10.685718791392123,5367.25,100,1,8,1.5457672503167652,3.1073014225413274,-1.8216429570624544,2.1989700043360187,1.8378085315008565,1.1633640349431504,0.6871202755677218,-0.5472497192424379,0.5,-0.19897000433601875,0.40265602070753803,-0.15508656496785886,-0.14247101809231894,1.724396518729475,1.9956881741012595
183,3,9,7.186878986149755,7.281602048987326,18.572241228214683,9161.25,18.985167988149296,9348,183,1,36,1.4320372616351096,3.0972029365545497,-1.8875972118094528,2.184228560109833,1.8975325697605443,1.1989700043360187,0.6406810492345312,-0.504476603629339,0.4393621057526037,-0.5274210500991944,0.3918571704441013,-0.22674534261641222,0.10395301980437036,1.9214629262465355,1.8999209583355317
233,13,11,7.199876800719722,7.7156188922000215,46.64097854950311,11840.75,48.23664288434218,11993.375,234,0,28,1.2810751699306613,3.109396259297087,-2.222918063729636,2.0535990042633205,1.7347892133509608,1.1487220744722084,0.842877175158803,-0.8010299956639813,0.028644815889755905,-0.8235507531029739,0.38051000740263863,-0.5,0.17155186201963163,2.1662693452400275,2.2173721389161347
162,2,8,7.266424917299258,7.568806320919407,15.958773677275248,8067.75,16.099321220460414,8126.375,162,1,36,1.395706911610709,3.1989700043360187,-1.6411581268586959,2.1528102864315732,2.0277473645108084,1.1677135167105157,0.8913537265533303,-0.44617719197317895,0.44470963050689716,-0.5170840267160564,0.5,-0.19757153578642958,-0.07216200277987685,1.8883654579519844,2.1597757952498724
156,16,7,7.283786233670211,6.527252398454989,54.97526431576155,7012,50.22786714685634,7009.875,155,0,60,1.3055110763165627,3.0379721162035986,-2.0380664650653637,1.9083887331070186,1.742088240103984,1.1609635884533784,1.0222002735115039,-0.7875315369627419,0.036283763524152746,-0.789856270307929,0.351733409771318,-0.16752620685619143,0.45147712782161015,2.0315992811747536,2.418216229002299
99,19,4,7.286997021689883,7.631350757652898,64,4184.75,57.804922574649126,4313.75,97,0,100,1.2944901352467877,3.0083930993619226,-2.1261627630861337,1.7480187967874798,1.4879871921099852,0.9487139690835447,1.0656007386746928,-0.8010299956639813,-0.04504037514659131,-1.01706118948358,0.022439032292506586,0.07255772297283992,0.231574775169223,1.9097675896016086,2.294434901921481
253,13,12,7.39528015323145,9.153261820569039,44.91318576914044,12336,49.04184577290318,12124.5,254,0,38,1.4870459158321125,3.0106339161318987,-2.3244713654930567,2.1161138534564055,1.7663491377719158,1.1989700043360187,0.787433175352117,-0.7843743651221011,0.0635113309897902,-0.7694850915754693,0.2107442037358212,0.18962775015792221,0.6411788655546306,1.6798705984673177,2.2349389622509284
141,1,7,7.430951680029824,7.687230175661544,12.862199947497789,7024,12.27324801658548,6929.875,121,0,19,1.6950392997698067,3.0694396761423954,-1.8740867828759709,2.187429167072606,1.7759202729891301,1.1437522828584783,0.5752327040224015,-0.33705864088597043,0.3789867623786593,-0.4266857827499669,0.5,-0.14613617440356028,-0.1782444788324147,1.9574388338190662,2.0314298600321563
230,10,11,7.43879749308765,7.49273397561559,37.677705409762794,11323.75,38.92536425421884,11110.125,231,0,41,1.3800564068476389,3.1989700043360187,-2.0958053123094094,2.1989700043360187,1.7094452075848154,1.1950004900966062,0.9298776389478305,-0.6767233381568541,0.09542370081479037,-0.7506802709140633,0.3934718374916247,-0.3774986715571483,0.4112890027791546,1.9614331090643284,2.068637531946093
215,15,10,7.45265115710006,7.270523177538004,50.400775709324755,10109,46.24111205900992,10345.875,213,0,25,1.3498690041750072,3.0017896711079084,-2.4316571271603094,2.177622912482759,1.9315925922998178,1.1721061349039732,0.9770881407940022,-0.6530695542454956,0.04552716178669029,-0.8460002647790096,-0.5,-0.4400340166253113,0.2619568508457971,1.6869232380806805,2.303492861977463
194,14,9,7.491693021342451,7.660455063555777,48.26882026923782,9009,46.701463950655075,9195.875,193,0,33,1.3117666615893242,3.041905813026837,-1.9458849184525648,1.8524205122044,1.8478468051982393,1.1467825437998755,0.9275978523774497,-0.8010299956639813,0.037298923112556545,-0.7417181803434165,0.3969980215186601,-0.17686319697596212,0.49684807467038206,2.056212149560359,2.321887189686429
204,4,10,7.501350444499655,7.9147524577934005,21.308420015837246,10278.5,21.609043586283782,10434.75,204,1,49,1.2107774582455297,3.1467501058278127,-1.9340762677265555,2.179479638685924,1.7985295081812072,1.1804926824992534,0.682265821518844,-0.46190655469001735,0.28478622904738826,-0.6178042694441197,0.5,-0.48615528420627674,0.1192234952735094,1.8922635832986578,1.701718163171813
226,6,11,7.507997197283297,7.6560524125340255,25.78486049827726,11396.75,26.174529320133715,11036.875,226,1,65,1.3428447388999896,3.063361919520963,-2.4199926098387534,2.181094968893046,1.79934104663514,1.1764920591788648,0.7650164281850395,-0.5512975598759303,0.10137760839423958,-0.6801839286862233,0.2898938420737164,-0.2697965967626927,-0.07685894473823257,1.8756146459896905,2.27926268442973
119,19,5,7.539878877816296,7.762898796274334,64,5065.5,62.01941036189148,4519.375,99,0,118,1.4061012691503512,3.0579411996311427,-2.0268619146924056,1.6573028239999534,1.2945688309258063,1.183963098103054,1.0035923718004454,-0.7347022658034461,-0.23735373365968515,-1.1989700043360187,0.07690711347641749,0.156007057690785,0.060532814190049064,2.01503435020066,2.310836364709665
252,12,12,7.540781121028435,8.398902878037594,42.058881519738804,12126.75,50.418396788905845,11542.625,235,0,102,1.2920969210488442,3.038439639740717,-2.0024718825551346,2.1989700043360187,1.9862093476098341,1.1927444624806518,0.9975766753707362,-0.6233385099886654,0.11687884417179492,-0.8817058329694342,0.16710636486834282,-0.03737753348111689,0.4055588926259721,1.9786874510099144,2.3189889765687117
229,9,11,7.554657746281214,8.258571995739599,33.947434558888126,11182.5,34.51925831264015,11495.5,229,1,47,1.3128835805334713,3.0735574545041566,-2.044946637836575,2.1791717570700055,2.0628012960431588,1.1989700043360187,1.0234486658746396,-0.5367666601448052,0.17226136599083283,-0.789252589602087,0.358778793568582,-0.02197307487551954,0.5460209451742666,1.8686773002212433,2.1001807966503043
228,8,11,7.564151943547645,8.182821464766597,31.99882819484312,11905.75,33.437221322250664,11671.625,229,0,99,1.1989700043360187,3.0192870318480303,-1.908448746888564,2.1989700043360187,1.952425601459977,1.1933889152560946,1.0171827614241464,-0.6200380058100415,-0.0005996798388288819,-0.713185154322352,0.47787111348882305,-0.29312981344517247,0.2867953946112612,1.9517649025743133,1.9707898815105094
138,18,6,7.5802508901044465,8.023519212273008,59.9146635869076,6132,56.75287720038314,6039.75,137,0,67,1.6765254286573203,2.989705328708468,-1.639536933756584,2.0873636268977784,1.758591572585391,1.1377290254288581,1.0645534859330963,-0.766780679228294,0.18344963392471406,-0.9065453596412306,0.3141506784606245,-0.17319678276666178,0.5382670442410555,2.0955937905447573,2.299653271506385
139,19,6,7.605188386602231,7.833224272445427,64,6062,58.43058229885568,6120.75,138,0,106,1.1989700043360187,3.012052192194757,-2.13196572959269,1.7132096783551032,1.540127111413916,1.13462695878019,1.04381816073682,-0.8010299956639813,-0.08590279077460772,-1.1760547605324427,0.11974241343007708,0.05975171814760527,0.06732773926124279,1.9226691910431453,2.2969619487416275
177,17,8,7.63977993031544,7.9101217511064,55.719977782700894,8697.25,54.03256361597295,8772.875,176,0,39,1.1989700043360187,3.0578899114471754,-2.277804131593443,2.1989700043360187,1.8761316024108834,1.1280836192932056,1.0523945387484106,-0.6032594149993503,0.07433766334484898,-0.9054371116650757,-0.32061915625241844,-0.4095663441679935,0.2783269375069303,1.6234566558111558,2.3171314568394585
251,11,12,7.6530526739838605,8.339322032812877,41.33045310219168,12134,42.31416434829096,12462.125,252,0,75,1.371694357474659,3.01079546984685,-2.29410724324222,2.1989700043360187,1.8974088594463494,1.1966677382910496,1.0270851067978108,-0.6253646586438003,-0.17106427507173327,-0.7991521561097205,0.004750971168788781,-0.5,0.41080305053504285,1.5437888268730864,2.4277626294036545
120,0,6,7.671849190225649,8.35519294690699,10.256432352647629,6606.25,10.401227703304167,6590.5,120,1,9,1.5298156418611784,3.1004930154826145,-1.9396553142520017,2.1989700043360187,1.7963636558227136,1.1985275121519758,0.5679174717471792,-0.4561614872007673,0.43641721309066206,-0.23808800324552942,0.45973407227122187,-0.2569892372189976,-0.1989700043360188,1.7599446823425098,2.084995352268598
248,8,12,7.709975173783777,8.05879200643678,31.845805277671072,12082,32.88652903851763,11956.375,228,0,84,1.2211331703194928,3.118953407912672,-2.014876225357134,2.1989700043360187,1.9674179499973392,1.1989700043360187,1.0585050254231971,-0.6913387442817177,0.07511382061845177,-0.6623502662775131,0.5,-0.39669707214197303,0.2359910662088467,1.9292966175505701,1.9779091965531685
235,15,11,7.776712887686392,9.30665178671148,50.44226826934753,11060.5,52.96342181790876,11314,236,0,33,1.2036982112516157,2.9339246959442753,-1.9704466888913172,2.173308472158583,1.893613956918574,1.1989700043360187,0.7888041894434404,-0.7023624422450268,0.2005853199549334,-0.8860848453831754,0.15980535167761592,0.05869099416889529,0.5501986062333925,1.7589612209876777,2.123843218352093
250,10,12,7.819337986383027,8.692927801387107,37.70684683776672,12281.75,39.28798882039354,12795.75,251,0,37,1.4436312901747765,3.198009365215463,-2.044442802818837,2.190497582446077,1.7772562323588115,1.1455762758782655,0.8593198305670742,-0.7276516900684973,0.16196772910662338,-0.7603402656040834,0.40416367892851535,-0.470932605412044,0.3259021401165295,1.9219167545378217,2.0720782790087764
158,18,7,7.862486262113068,7.973749635024596,59.614072595144094,7240.75,58.708095744557895,2762.625,58,0,71,1.3071519850145399,3.1719267569084235,-1.9137710267566959,1.698530285578113,1.25057678657405,1.1989700043360187,0.8984446952177241,-0.7352967697233775,-0.234329401468404,-1.1164915431809035,0.09878000252414644,0.16075942615031039,0.07066950910407531,2.159201864848853,2.115322397238323
273,13,13,7.88153843287053,8.789913759239765,46.44336364524496,13460,48.446056133118155,13034.625,274,0,35,1.1989700043360187,3.1989700043360187,-2.117289564083996,2.165195947105676,1.6979819455779244,1.134689341113789,0.9267674776595082,-0.7491260376076759,-0.010143959895230963,-0.8799264818167025,0.3313273844239387,-0.5,0.2909892187514301,1.8516655062202882,2.1436184798144193
224,4,11,7.927203958721982,8.221175056963663,21.413607056528363,11409,21.41274761768043,11261.875,224,1,61,1.5090497880290261,3.1535416276652195,-1.973408389994834,2.1989700043360187,1.7934990749704858,1.1989700043360187,0.6540930752164067,-0.5936781770684719,0.27712908999255875,-0.5103483825244188,0.42692387966337475,-0.3317882058128947,0.025840778549232793,1.9580529348587583,1.8826822915923467
225,5,11,7.955724577878911,8.537591435615862,23.639540577737698,11414,24.74262632738942,11656.875,225,1,39,1.258149565449702,3.1486637630996435,-1.9797033620674669,2.1989700043360187,1.7735655685720888,1.1820387292927792,0.5966532521078727,-0.43390131411015437,0.2844890551840299,-0.6577323246979554,0.4806349707268337,-0.5,0.20583339288203756,1.9178695781369566,1.6599652104528346
196,16,9,7.956340260340048,9.298715434982354,55.23789121308903,9095.75,64,9193,199,0,37,1.1989700043360187,2.9851248570232323,-2.2062016730978447,2.1800121612309518,1.6512520352904623,1.1253417515953177,0.7879400710947375,-0.8010299956639813,0.11910032378347082,-0.8137463936923419,0.2463857314683672,-0.2252442070333059,0.7356872500980856,1.8221905252293973,2.2840190503998343
274,14,13,7.97947294263499,9.639655655889516,47.60894221399609,13112.25,51.79653949083257,13443,275,0,30,1.327188289989044,2.968424274763966,-2.4513088183133087,2.1971579283540805,1.9292403707881784,1.1989700043360187,0.9352258121949186,-0.6024674183555817,-0.11294207179688792,-0.9139247512192605,-0.1592164723553337,-0.5,0.37002227687817973,1.5282773968876298,2.5
236,16,11,8.00990891183264,8.993630713468258,52.880719502240495,11250.5,59.81915995151724,10182.75,218,0,46,1.1989700043360187,3.0654608639606526,-2.1369845091808095,2.1518780547923257,1.6092505962501669,1.1989700043360187,0.813406363669214,-0.6722250148331814,0.03631959037086181,-0.9273166051251782,0.2209132964059161,-0.1734849994929279,0.09411814136518885,1.9474994229603388,2.0185315394198726
254,14,12,8.016250604249189,9.403069779942967,48.08053707254051,12338.5,43.75257782829458,13185.75,272,0,34,1.3886016555943304,3.0359360121320242,-1.9338347395909035,1.889771745123052,2.1989700043360187,1.1773586233482896,1.0778134114391098,-0.7074299382582602,0.04181996368446394,-0.8465714710061879,0.12935581613881952,-0.16221775291731255,0.2858605569028669,2.1989700043360187,2.16413508613646
249,9,12,8.021497407161489,7.891162513669961,33.51368907019963,12396,32.632568067507904,12318.875,248,0,34,1.2132306992092114,3.068982197811234,-1.9389904134209175,2.1731573631822156,1.938339773080914,1.1944686072781914,1.0067851679912863,-0.6553573031030931,-0.010185608063066226,-0.6697740549916399,0.5,-0.2985527263930892,0.27691876300591656,1.9755076668727933,1.9779147271029873
159,19,7,8.046910919479014,8.247662166071613,64,7017.25,58.49846649127001,6565.375,138,0,124,1.1989700043360187,3.0883993027067644,-2.0974289005708866,1.789141209407364,1.5676124796586144,1.070832296838921,1.1201621134666342,-0.7708641149469885,-0.13148100370406182,-1.1989700043360187,0.14115634897260526,0.04860719053624726,-0.04378343675901149,2.04081156681901,2.5
246,6,12,8.069041773275778,8.139225417996808,25.844583909712327,12227,25.23981864665084,12307.125,246,1,55,1.5125572604400936,3.1962978327002025,-1.9901422094675578,2.1989700043360187,1.7058510892694807,1.1989700043360187,0.7705351556989197,-0.48579890704323103,0.02621659716451884,-0.5897596963334623,0.2328049162014652,-0.21190396016205487,0.28127888775077814,1.7486370248324914,2.0379811573892397
272,12,13,8.181218805043443,9.116420241230117,42.12599059945404,13096.25,42.41142034300253,13371.75,272,1,88,1.199832264943436,2.9945898198647276,-2.201244537453005,2.1989700043360187,1.8207533049562707,1.1989700043360187,0.7584147820240589,-0.8010299956639813,0.11020665122972398,-0.6990634904190293,0.16570881513315255,-0.049228032797228975,0.7826301837867773,1.5008490673049437,2.220284183438549
203,3,10,8.218697841328698,8.196972444457774,19.07996833550771,10386.75,19.89345730580723,10350.5,204,0,31,1.418215369814038,3.122856572837557,-1.8533014317636893,2.198383520972272,1.89407578691814,1.1989700043360187,0.7078277505548289,-0.5028264977750316,0.32237932623747534,-0.5239683209025481,0.4631132931485192,-0.3452423052954848,0.080910614142684,1.9382462743847195,1.7957295795424448
294,14,14,8.220659902219952,10.264050983655377,47.86861124493391,14821.25,55.875867558071846,14982.375,297,0,33,1.2085082853071198,3.1089022873382675,-2.1120906459686433,2.192617847921467,1.8241931256878543,1.1989700043360187,0.6895930278704184,-0.6310227536711072,0.20008610221959736,-0.8808247497112832,0.2768253228633244,-0.13955933657101618,0.77052805689436,1.9838263144401596,2.160989956904609
247,7,12,8.226494210234,8.237943009924042,28.318013374095234,12084,26.90257649063696,11971.5,226,0,29,1.3488552957687616,3.1816148614267905,-2.478014732272185,2.19647514998776,1.6631645388387015,1.1989700043360187,0.7604429165362759,-0.6295709171939224,0.07741885584951284,-0.6526746612860848,0.48541678669692445,-0.33735504527833016,-0.03250932768479391,1.8910670654110335,2.3233669590852837
217,17,10,8.235503724393693,7.513904236180612,55.75193633055474,10685.75,47.34534845771865,10866.25,214,0,34,1.1989700043360187,3.001699938847961,-2.1490558484209665,2.128165817751876,1.7294032764228178,1.1985601025524117,0.8039524197321536,-0.7874536629417539,0.10066659005005496,-0.7891465291121821,0.2555343918045415,-0.07700939990182024,0.7463477646536931,1.7172111485200299,2.200895005743132
178,18,8,8.25902481097847,8.876816077294858,58.790708179642415,8217.5,61.26378692186924,6862.375,139,0,63,1.2121554105887136,3.081690267041268,-1.988631021889954,1.709636295693541,1.4427803319302515,1.1604135085916814,1.0462505173964811,-0.8010299956639813,-0.276580370497831,-1.1571422370713804,0.14818778883419415,0.06347456545064481,0.12812955303308524,1.8347857864476853,2.2161452062718174
197,17,9,8.27294924843969,8.87883224501999,55.86785090259152,9983.75,57.89151235819735,9941.125,197,1,33,1.1989700043360187,2.9786274968967064,-2.1450790788490846,2.151860859316007,1.7006573560163603,1.1546630660271398,0.8114415489232427,-0.8010299956639813,0.09942072932361215,-0.8038686827019085,0.24004123582045422,-0.16250482547814965,0.7139652068321574,1.8185991851550731,2.2688495238505952
292,12,14,8.32309155538893,9.569666939308064,43.22644274550933,14387.5,46.175915956306206,14403.125,293,0,81,1.2510176363170977,3.1484710242646408,-2.0945130452015803,2.1989700043360187,1.796377637951057,1.1989700043360187,0.6061444592368198,-0.5993072600820548,0.2995539680206201,-0.8344789748638457,0.34771927375626016,-0.05240380798581158,0.794112376489503,2.024323863117613,1.9788457478731685
271,11,13,8.324434363769168,9.20989402889507,40.93654789687474,13087.5,35.14801445441477,13768.5,269,0,76,1.4008282873244988,3.060413814598815,-1.9584088878473493,2.1989700043360187,1.8525967342636183,1.1989700043360187,0.7940435777270292,-0.7113823016505527,0.06356104705927434,-0.611241386578549,0.19649502286082055,0.054651995183341504,0.7031751412496445,1.7129902052000558,2.0158359413280613
179,19,8,8.349861203899282,8.388838399737374,64,8059.5,62.3133033485459,5841.125,119,0,107,1.3744818810738388,3.1989700043360187,-2.0106460141787097,1.9392321145695173,1.1989700043360187,1.1485946960404232,0.8834480244257732,-0.8010299956639813,-0.2019469115533582,-1.114101735821809,0.23131870492671117,0.1414462976137873,-0.001325955189403344,2.100100584272026,2.255600343149209
255,15,12,8.369029103796771,9.375495905127828,51.611726846574925,12263.75,51.166347393932234,12547.875,255,1,35,1.3124579949199464,2.999688678415757,-2.0266738742965726,2.1848688167988186,2.1952113347757694,1.1989700043360187,1.1387357707404488,-0.6671406666387192,0.11327659921822635,-0.9106644039980635,0.1660477114995237,-0.15151626026383372,0.3335883466686959,2.088049588976736,2.339489804037104
268,8,13,8.38410240841873,8.6914571148728,32.031362639075084,13617,31.988174416323446,13354.125,268,1,74,1.1989700043360187,3.1334534598255956,-2.0465933598992407,2.1989700043360187,1.9883690036477373,1.1989700043360187,1.0299790530145356,-0.6993968020303828,0.06463395463918437,-0.6402974758054815,0.5,-0.39829124851353415,0.21504051855088593,1.9545640208880881,2.005124086694251
140,0,7,8.445918605505698,9.317426003473596,10.260688633038246,7179.5,10.116911336283845,7077.75,140,1,16,1.606458691007133,3.0604741412599465,-2.049026192114222,2.194411446506786,1.9796827526253782,1.1989700043360187,0.6067444183303332,-0.5163302154295755,0.5,-0.19897000433601875,0.5,-0.17912875971628342,-0.011962205498844455,1.7235543579765698,2.0474627659077163
270,10,13,8.451729536391408,8.489042414231758,38.707980409310004,13223,40.63918915010032,13531.5,271,0,40,1.1989700043360187,3.0931421897505174,-1.7705329665740646,2.0671248885782436,1.8848023795164541,1.1458686052857332,0.7041126105415131,-0.672460513318612,0.23099002673251612,-0.813945609725953,0.12744602031542382,0.06547980102228695,0.44603024401892133,1.6305311114307073,2.23482506828905
291,11,14,8.503037654335388,8.890389023179722,39.94158249543256,14066,41.50511999624887,14122.75,291,1,66,1.4419495037119838,3.1989700043360187,-2.1376784992423548,2.1989700043360187,1.8181123124651501,1.112388525316381,0.8386797361145797,-0.6947153198342126,0.1322647437698127,-0.7809221579177138,0.4331011226887037,-0.47842321736905913,0.38640468638000647,2.0339890815151294,1.8482227938571354
182,2,9,8.533407120400804,8.595768499324931,16.080517458698075,9256.25,15.904325447148068,9105.75,182,1,25,1.36848759313604,3.003410684852429,-1.8550169528501417,2.1652365565135954,1.901790535860791,1.1942254873924945,0.802802897890562,-0.5773123993140196,0.08364797820126667,-0.35487441400646275,0.4573291281962717,-0.21916473862246524,-0.1989700043360188,1.7277427945981563,2.0519439752269393
198,18,9,8.534997593040824,9.16807374461904,59.65124628423571,9848.5,53.92049986192164,9442.875,196,0,77,1.2355635060235315,2.968139589599886,-2.058112349941614,2.1776206182684783,1.7630149877915526,1.1170070336551847,0.8675772831588341,-0.7043365087501364,0.09881754264011396,-0.8701191207453944,0.2856119437502813,0.23285396597972235,0.7260778146864436,1.6816757296640275,2.0894478739812095
199,19,9,8.543634938068916,9.054638712549046,64,9374.5,56.684913979205035,8384.375,177,0,122,1.3797241600896621,3.11095455984221,-2.009676260638208,1.9075295938225745,1.316760462461345,1.1558266614425925,0.8083649056635199,-0.7467117500510676,-0.22430393994102277,-1.1968494390891835,0.18844444530281296,0.08063759875356828,-0.1233402065513472,2.0896702127893776,2.1967603165473886
216,16,10,8.551941111093738,9.294648461944742,53.49263582998636,10908.25,58.18162873712752,10097,217,0,47,1.3741612071759681,3.1989700043360187,-2.042081408798578,1.957377246828849,1.3093945743768498,1.1745220841260993,0.8680426328764913,-0.8010299956639813,-0.19208085748611808,-1.083194329257423,0.2375774569333525,0.09174099797382118,-0.1836280952307039,2.0987036764928235,2.219365218470109
267,7,13,8.56603902847405,9.477249342518444,28.533121006662846,13562.5,28.666275191349552,13915.125,267,1,31,1.1989700043360187,3.0849479663434978,-2.0178772431876846,2.1921790367183625,1.8242121702078513,1.1784116528006892,0.7479865680474433,-0.6790481176117098,0.060136572628672724,-0.6003685074001427,0.5,-0.46924956012834795,0.04256000665709075,1.903144643022658,1.9783221050821183
245,5,12,8.614411478046549,8.468099337793234,23.894585831277617,12088.5,22.063467192097026,11761.625,225,0,33,1.5324525013982355,3.1063128672980778,-1.9454009254374116,2.1989700043360187,1.9158627681377198,1.1960021524491693,0.6880541799931393,-0.6054465077736269,0.32669691009499235,-0.5665431027249325,0.44786943653989425,-0.3597533653044242,0.10828440901618433,1.9304274920018818,1.8331513986309282
293,13,14,8.661185397478208,10.676468150984704,45.31153038910463,14326,56.43061184716614,14097.875,297,0,32,1.2693671204617476,3.121981253299534,-2.089249409468808,2.1989700043360187,1.7793668934373932,1.1989700043360187,0.5987975550431889,-0.6313895693376795,0.3018106188274196,-0.8624693393557084,0.32265329889344907,-0.05165740955998695,0.7798925301137042,2.0136269462845466,2.0141025956846432
256,16,12,8.681923985906487,9.49204108292992,55.577144201581206,12469,55.022375862354814,12457.75,256,1,34,1.251544684725508,3.0060060501028634,-2.0277165022033747,2.192997432797108,1.8155986208520276,1.1951137013746809,0.7888550098559293,-0.718909964216477,0.094920229291758,-0.8054861030842488,0.16935134484976963,0.07719094426481675,0.8010299956639813,1.7186961260216826,2.1452946708199767
244,4,12,8.7092543005588,9.022466986451047,21.4712860648146,12160.75,21.403942102687402,12199.5,244,1,48,1.4708017321776643,3.1864072404638186,-1.8423276954100876,2.1644435028003155,1.8672456844160594,1.1989700043360187,0.714775529287773,-0.5095855557175173,0.25889976220055566,-0.5637999570888644,0.4596836549191119,-0.295308229636966,0.17701140694679068,1.901901867523445,1.8641345015748765
269,9,13,8.74594125298617,8.586677769980591,33.831785925717945,13381.25,36.02881555424704,13095.75,270,0,39,1.3055540208159457,3.0489538063692496,-2.0259870922257885,2.1989700043360187,1.849625013094458,1.1989700043360187,0.7365567829799703,-0.7100839818943518,0.11166605492295521,-0.5995497628999414,0.20376945358525458,0.09447216875148623,0.8010299956639813,1.7230718342282036,2.159214527053241
202,2,10,8.761863320351416,8.963418700619973,16.375148872478498,10325,16.657586428339997,10414.75,203,0,38,1.407029171555438,3.069106557195548,-1.7758573650134741,2.1908757548983298,2.0391137423390484,1.189257947595963,0.8617211838755874,-0.46309020764873365,0.16920983009267368,-0.4221314419888893,0.37066725860361793,-0.354257185866854,-0.034156052104133014,1.786485787885722,1.82496580746317
266,6,13,8.769781012032425,9.16828422404819,26.693658648246533,13264.25,26.245254836935988,13554,266,1,63,1.4055300896159142,3.1266791899454995,-2.173951351023983,2.187939585562769,1.8177718942757912,1.1989700043360187,0.7726327163454778,-0.5764893963930857,0.05278561402898534,-0.6402065455975984,0.48097529075931555,-0.4148943221809154,0.18398072459153492,1.8519521486335944,2.23563308818394
313,13,15,8.770513216071096,10.008215375558567,45.90622577708929,15362.5,47.65966657741212,14433.75,294,0,29,1.2014082135178459,3.0015282869706477,-2.1397350698257394,2.1989700043360187,1.8223679157544694,1.1989700043360187,0.7713736344992692,-0.7998813890064143,0.0653126043720347,-0.7763495165668595,0.14895612904040376,0.020631921217994148,0.6462370825772398,1.6030402088521538,2.2017162454769705
257,17,12,8.814150946748105,10.212474700459866,56.87515516007763,12249.5,55.199268987323066,13257.25,276,0,29,1.1989700043360187,2.9731621643758976,-2.1825992743543536,2.1812107883965095,1.8453165463385814,1.1536766144365191,0.8910587383442049,-0.7918140729625757,0.027755825576889916,-0.8363382527045368,0.14567827325069718,0.06757483773849103,0.6091880374979822,1.6696328043034514,2.2011559570559656
312,12,15,8.826859899163992,9.328730846620083,41.72533602550341,15060.75,41.73807002916462,15377.375,312,1,84,1.1989700043360187,3.138928761305773,-1.9327945683627898,2.1980404588810925,1.831420295032634,1.1920040369038778,0.8642472217176399,-0.757136791535579,0.0629909379570667,-0.7477409211122189,0.4938858558918126,-0.42770222127402985,0.31215355571313996,1.8599733641139244,1.9777657175621666
223,3,11,8.839410448476482,9.233478654098734,19.072859171896727,11414.75,18.786556674981725,11113.375,223,1,40,1.3548010239005093,3.0649596833451302,-1.8319356455702152,2.1859911841949775,1.966717066100944,1.1592603525423557,0.6970484001157611,-0.4631620873530908,0.23570548712336306,-0.4960852996400406,0.49022399783956816,-0.42216470873560763,0.11556590008870501,1.9587698548663066,1.8338084338231413
161,1,8,8.842366730807335,8.960146029552803,12.365210707231688,8290.25,12.038791071404598,8411.875,161,1,26,1.5568646399333073,3.0855170594530366,-1.8872789920663484,2.1989700043360187,2.0722739993298163,1.1989700043360187,0.707147682825719,-0.5490940737707347,0.49027218088414815,-0.29475373389757176,0.46791600910428616,-0.25182927904247154,-0.03276174388874219,1.7707582116090401,2.043936489010157
288,8,14,8.872697163974243,9.150862828421065,32.24946173711272,14549.25,32.06717164022074,14374.25,288,1,68,1.201435863704404,3.1794886091171106,-1.9052095594451608,2.1892968529862364,1.9014410806249962,1.1989700043360187,0.946336930470742,-0.6699037479154784,0.012464231540627858,-0.6105580811568618,0.4567688888894568,-0.5,0.3173894440324184,1.9768449958125582,1.9515377735857387
275,15,13,8.873548325431386,9.884410839126163,52.75398947325389,13591.75,53.566931131582315,14103.625,296,0,35,1.3292583480804883,2.9748942543301133,-2.1676891834234695,2.1989700043360187,2.026494462115007,1.1713261971299225,0.943551637869452,-0.631869902714434,-0.035989024415498075,-0.8850658972185224,-0.2620977149119771,-0.353726044285898,0.3564596132017469,1.7818767229031802,2.4601479346706587
237,17,11,8.885111493576224,8.444133189890655,55.988673198534585,11054.25,45.51659429349869,11768.625,233,0,41,1.2476323287648816,3.0236373061011688,-2.069023804430452,2.164964351393296,1.7732164555243533,1.1373218123093263,0.8198613721731186,-0.6896946926411214,0.07561978084666154,-0.8489974975353902,0.22105619902842488,0.11692646859489805,0.8010299956639813,1.73482022295323,2.108176831868667
290,10,14,9.003331265927,9.719448125611423,36.715506891148785,14861.5,40.15638132205308,14894.5,291,0,38,1.1989700043360187,3.186798483959987,-1.8790897307530712,2.1989700043360187,1.8027587807416525,1.1989700043360187,0.9232004245495034,-0.7213967400297492,0.0005931088626151236,-0.7065713109780364,0.5,-0.5,0.21572527112291748,1.988043677726598,1.959061460891076
218,18,10,9.01946690290686,9.431055171062368,58.55128002977929,10837.25,55.750570589972774,10962.125,217,0,59,1.1989700043360187,3.1561061211537034,-1.976529546312068,1.907941956389285,1.4980462441584044,1.1629683679896647,0.8592091637412569,-0.7710617469265756,-0.029221146914535187,-1.1989700043360187,0.0014341482236471447,0.05689372029129697,0.07212768710039653,1.9883580552093425,2.2362162622357884
314,14,15,9.053416942151099,10.53566303302448,47.25083876360418,15398.5,52.27395665841663,15729.5,315,0,31,1.1989700043360187,3.1336209767567005,-2.123837028354045,2.1989700043360187,1.788466928088785,1.1483190258656608,0.6826282597936617,-0.6869107158734096,0.19282875382522124,-0.8909039743721288,0.29626734023112555,-0.17489342623943357,0.43037345297877583,1.8900206175306078,2.1047083867398633
239,19,11,9.086596867397967,9.317639467691642,64,11111.25,59.54228216489252,9611.625,198,0,125,1.1989700043360187,3.098095937516954,-1.8307364067165857,1.904579129233026,1.4817093009339373,1.1989700043360187,0.7306347176726689,-0.7283407819120946,-0.028760367627674338,-1.196612709496584,-0.08019074627924391,0.22549354416322615,0.09094083485389012,1.9297345441146212,2.313313396690958
310,10,15,9.108699820625981,9.909277749754935,38.41814734205127,15231.75,39.16816966732385,15243.625,311,0,33,1.1989700043360187,3.17517887607858,-1.9653952108434345,2.1946212243819705,1.855042760231722,1.1957826680551076,0.9499536612684124,-0.7242752139177111,0.028562941310511784,-0.7314678612651241,0.4884805615956519,-0.3985828298519993,0.2920523632154398,1.9182180383875165,1.9424972873959279
286,6,14,9.122175923626243,9.711254094277209,26.430914256588817,14366.25,26.36517006928871,14112.75,286,1,64,1.216662128297915,3.0885430434251995,-2.049592029349192,2.1773856009203705,1.9023360116387449,1.1778517517351532,0.7591416581863302,-0.6725928500650675,0.09059823420855483,-0.5736785472194172,0.48656039044871685,-0.4851274116230424,0.048871125221385175,1.942014859281996,2.0229886151239853
219,19,10,9.130582355288178,9.2209495751498,64,10055.25,56.21623959086063,9150.75,197,0,121,1.2265963981718897,3.1263311487043883,-1.8003375194009081,1.9287923760858219,1.4843171409368405,1.1944273180229887,0.7439487847004735,-0.6962775781134998,-0.001331187181641106,-1.1673700982673627,-0.05853176077331897,0.10861636787992451,0.017946020361000972,1.9517382724928432,2.2688922823647077
238,18,11,9.14151086702545,9.139716949494915,60.05651341096631,11433,62.34875278104646,9450.625,199,0,62,1.211049752519774,3.0972394286446607,-1.8206475180778636,1.9616603784448716,1.444814002201717,1.1900017021483744,0.6995331051009668,-0.7339507035947542,-0.010382606092229095,-1.1989700043360187,-0.01775589297639325,0.12825255980304637,0.06289979184173891,1.9421549405332579,2.291889674331058
287,7,14,9.180452866835411,10.1931638277265,29.91956282275118,14513.25,30.461226183848378,14629.5,288,0,28,1.2174794469415842,3.133711256250237,-1.989424336473676,2.1989700043360187,1.7819526605407048,1.1974004818213788,0.7368726019237775,-0.7071063307540937,0.07822993250234431,-0.5947105616765128,0.5,-0.46390033833070354,-0.0026519021208829723,1.9761422790785408,1.9344939832965915
277,17,13,9.202560806987444,9.064770911391836,56.04758160616881,13193.5,48.44612979762067,13695.125,274,0,27,1.2056266825143163,3.099839442040203,-2.078443046620975,2.1836251924200423,1.7890696761727938,1.1989700043360187,0.6611058780316905,-0.6297310738712708,0.1971917772071273,-0.8465649847018047,0.32103714403048683,-0.09608536310749577,0.8010299956639813,1.9678520169203395,2.037904018150259
265,5,13,9.300812783573031,9.298282842666941,24.47426115959873,13870.5,25.215197194663965,13758.75,266,0,30,1.3461496666838042,3.1989700043360187,-2.5,2.17040159177858,1.6080719968891886,1.1917432006668962,0.6547347604826311,-0.6166337386864698,0.03645079752773853,-0.5994182672800719,0.4799830524397202,-0.10396546632020172,-0.18828759745904075,1.8519640723713735,2.2885051671074024
309,9,15,9.332424561890102,10.302302900096258,33.526262920740656,15317.25,33.73534969147357,15443.25,309,1,42,1.1989700043360187,3.1729295360385708,-1.9723450260817552,2.1989700043360187,1.851874998401754,1.1989700043360187,0.915750138065661,-0.7141758201607759,0.01946023006556176,-0.6656494362322775,0.5,-0.5,0.209245816596311,1.919366493738263,1.9442765248668632
295,15,14,9.361050722670152,10.50761478534462,52.166763331639864,14103.75,57.241927917686496,13834.625,277,0,24,1.2761570849679775,2.989114423724116,-2.0502888141940385,2.1989700043360187,2.099759910628725,1.1670420238798758,0.9809720534469683,-0.6306477155414283,0.0914582120064746,-0.8993425225562217,0.16763092180399758,-0.045954281937795896,0.4837254002347179,1.999992761700828,2.3223408475504987
311,11,15,9.388013818236766,9.413181925560195,39.203731288854215,15018,40.3594814940189,15202.5,311,1,67,1.4073352474212537,3.172410433790184,-2.116901236196572,2.1989700043360187,1.821869457365593,1.1193288126312417,0.8089132771879075,-0.67111066454932,0.08711254887069542,-0.7694382177241725,0.42444495033006224,-0.5,0.4067793666588081,2.015268733549037,1.8742283660508876
276,16,13,9.39121592545268,9.277502544170485,54.13953470516393,13189.25,43.857775405263425,13872.125,272,0,29,1.21535641779082,3.0230072785883344,-1.8268638097019105,2.124759649688757,1.9089931500413302,1.1407319016560125,0.7490281264821071,-0.7348432683239516,0.18125215915318935,-0.81416367387935,0.2722004556880734,0.31732585188594664,0.6696944459413126,1.678998620897637,2.0937784729473674
243,3,12,9.422736920734655,9.331593849522621,19.134625978558248,12045.5,19.368415813401818,11992.625,224,0,27,1.255664788574351,3.1777892343232272,-1.89620306874055,2.1364140690896725,2.1564355272628286,1.1989700043360187,0.9314592638546475,-0.5432775668134678,0.31947177638455815,-0.540546723681246,0.3472866583269264,-0.2207512007403333,-0.1774631340881966,1.8596898729588385,2.181520253023662
181,1,9,9.432123805700863,9.468124093026661,12.60010411847469,9108,12.784402302780508,8991.375,161,0,23,1.7386023119926328,3.0988402070860133,-1.9346197880177625,2.1975579931450073,1.8491040486898622,1.1989700043360187,0.537558433367798,-0.4854331064432177,0.44698647413850817,-0.43298191424290244,0.4902925155160418,-0.20777615111410647,-0.1989700043360188,1.7714750586921841,2.032006293294456
316,16,15,9.471825008210955,10.25788585609824,53.08125187460121,15687.25,51.127100547172944,16631.125,335,0,36,1.3090646982135483,3.0018567095554136,-2.0945536983628426,2.1989700043360187,2.1989700043360187,1.1989700043360187,1.026732463540291,-0.6154249120884059,0.04194108648029966,-0.9000656378230001,0.21282952204682143,0.02487414480713146,0.45245014142984274,1.9543289007685527,2.2584571670148583
332,12,16,9.4756219432994,9.933317719290764,44.19191221395521,16124.5,48.3365713416706,15778.375,314,0,72,1.3229299074234249,3.026103096226338,-2.080095732813481,2.1989700043360187,2.1989700043360187,1.1989700043360187,1.1018259572624933,-0.6206688258434343,0.014926256183279881,-0.8951709607951682,0.2575992902265469,-0.07267231143684719,0.4340582524545343,1.9316568893231787,2.2627704361623646
264,4,13,9.522648942467578,9.544343449176143,20.847485807431905,13111.25,20.126078709209686,12743.875,244,0,31,1.3933345094841654,3.1122384459985355,-1.8477664861705605,2.1989700043360187,1.9318528047053567,1.1989700043360187,0.7167989137603354,-0.48477025497990484,0.1967678580168759,-0.5220574632679746,0.4910562624942557,-0.3764918559235751,0.04914839975030532,1.9510228989592937,1.817794838669665
258,18,12,9.531634008068039,9.30247461341361,59.97725800961889,12463.75,51.70293302103144,9598.625,195,0,58,1.2520179331374555,3.146382570692725,-1.9344593009669404,2.091827468080082,1.6164056002544953,1.1914043763555673,0.916840923391923,-0.7313608749751862,-0.03606978023181147,-1.1194277138046238,0.0481732725143993,-0.014613033207287497,0.272255913434298,2.1184286874677816,2.1596443783551873
331,11,16,9.538753132606027,10.217271717726238,41.10356226707373,16725.25,39.97939386334681,16850.75,331,1,52,1.2212236127169698,3.1959122052313083,-2.2285144439126636,2.153710286950851,1.905232585021052,1.1989700043360187,0.777670982956433,-0.693379228020037,0.1276583358330918,-0.678987159905443,0.12451503113234619,0.1306359855156912,0.3635476757943767,1.929426277639196,2.164926311324075
308,8,15,9.550716994459687,10.14461282919608,31.78523713818819,15083.75,31.810450215269526,15451,308,1,66,1.2070408030316513,3.1904048118270842,-1.915122734398525,2.1713167445316093,1.9179499769252342,1.1745118830410448,0.9386682716969167,-0.6388450785559237,0.00234995166682581,-0.646939903480725,0.47985433216818874,-0.4861641934397259,0.3111250527700857,1.9623383425521137,1.9608758245243176
289,9,14,9.560108310893696,9.257341191634866,34.91208466171835,14424.5,35.9848227732729,14371.125,289,1,24,1.1989700043360187,3.156354908102283,-1.9894663025374766,2.1989700043360187,1.88807126504334,1.1383951221545394,0.8840145572526518,-0.7130028569578792,0.06975207728581713,-0.6707062899589893,0.46409674345823204,-0.5,0.30082104591501196,1.9454569757350326,1.9863396713077206
334,14,16,9.568838709872772,11.013283938879665,47.73562768837467,16183.75,49.71840113611344,16059.125,334,1,28,1.488306404879468,3.140496924649778,-1.9858017693057648,2.002593313811007,1.7508894862215005,1.1623816196740604,0.704215929852335,-0.8010299956639813,-0.0037677250285879293,-0.7770237144674548,0.033978294550295524,0.005513569082377131,0.3326577228039524,1.871332831170215,2.285279175279897
330,10,16,9.582078598699168,10.617756030600477,38.56113721576639,16160,40.93507046740129,17060.375,351,0,21,1.2488823850578086,3.1989700043360187,-2.049674706247342,2.1832113327921565,1.8137085492102183,1.1914696000415885,0.807651017301375,-0.6552530673627307,0.030266905517464852,-0.7270141940515827,0.21459378895279002,-0.43054859573517823,0.44988131840164064,1.9190879347245366,1.8153916334075644
297,17,14,9.58377641976935,9.443727763438762,56.37066097945896,14639.25,43.037553687058065,15564.875,312,0,21,1.1989700043360187,3.0427425784296753,-2.1348946451798954,2.1989700043360187,1.8163191988658625,1.1989700043360187,0.7319184558987539,-0.771771375234062,0.08429967648533669,-0.7421539159728873,0.09297279433700464,0.033855741446266886,0.722937723492172,1.5944571632037552,2.2007271253292577
296,16,14,9.614090522178632,10.93539687647914,55.03976266721135,14276.25,56.92359204642148,15010.125,317,0,35,1.4291513748381237,3.037234663372206,-2.006511108208087,2.1989700043360187,1.829043502090686,1.0938295338754156,1.1529905465900192,-0.7786561314378749,-0.30690457447463104,-1.0981269826395592,0.19561151002496444,-0.19030284241009993,0.27908201863021836,2.110751277383908,2.5
259,19,12,9.63993795273501,10.26023758543835,64,12377.25,64,12293.25,259,1,104,1.2684001575927546,3.1623837933887664,-1.9156290250912404,2.1040963203169443,1.6193476893279335,1.1989700043360187,0.8841740703105085,-0.7051827557259502,-0.0847592236516704,-1.0727275725079872,0.039702472730866745,0.035434018560105716,0.3101671014494255,2.1989700043360187,2.1706314162501394
333,13,16,9.68920227698289,11.127719224863359,45.89707056923664,16654.75,53.2253714683827,16972.625,336,0,28,1.2718711168053125,3.1241111609265406,-2.1197657694800984,2.1989700043360187,1.799000045399523,1.1972018476239468,0.5748793168918402,-0.6328842865979591,0.21448552041517743,-0.8758104285397212,0.3285350467453113,-0.0904557629182023,0.7629985654144757,2.0253066405596907,2.0176667997677047
306,6,15,9.714195991439748,9.976979938898447,26.49189134401241,15104.5,27.13948754211007,15083.375,306,1,60,1.3352160917158549,3.18962848120087,-2.330173764770548,2.157901888041378,1.7312169147521002,1.1989700043360187,0.7433040748338525,-0.5846706121918351,0.0283038538657953,-0.6853121772268888,0.5,-0.11519592129244759,-0.036432042287161376,1.84471853428104,2.227656202342239
315,15,15,9.741703338617718,9.613709421833441,51.18118775172133,15321,45.054361016343506,15938.5,313,0,31,1.2388074616948295,2.9829934991866334,-1.9372902225671462,2.1989700043360187,1.9621420442722988,1.1768289907975469,0.7652745664692282,-0.7338138501497822,0.1652321838653542,-0.8692127172622456,0.260818506759067,0.2079159342456396,0.4989440102200108,1.6997740483251695,2.096183617020207
354,14,17,9.748665345370915,10.957958750783519,48.041761796351295,17165.75,54.098267147186995,18060.875,376,0,18,1.29894942284898,3.1037961195955166,-2.112758771966695,2.1989700043360187,2.1941351158142064,1.1989700043360187,1.0924368099259907,-0.6209888816936531,0.04343867662882499,-0.9082273099094134,0.22781921441618766,-0.08934769407615768,0.47946987765215837,1.903375028590331,2.268136641295639
307,7,15,9.79968050661287,10.790456540679758,29.914096153220754,15175,30.064753813135606,15468.375,307,1,39,1.1989700043360187,3.097388441253035,-2.0333570142488764,2.1989700043360187,1.7929461793500958,1.1932907360850287,0.669795140737436,-0.6748472666555769,0.09954423154543658,-0.6317126273246656,0.5,-0.44815852407594076,0.02959207289503499,1.9186092100594334,1.983727495389514
351,11,17,9.826313793257516,10.495222385956971,40.90648545590671,17620,39.39282500080832,17589.5,351,1,54,1.2299412157313514,3.1989700043360187,-2.0407632741672854,2.198433547152855,1.8211815808006786,1.179319455494585,0.8218293499957909,-0.7070229996878754,0.057419371168868485,-0.7608190449571453,0.4051470657245928,-0.39339476864732315,0.37400313964417653,1.9014521859179718,1.87198990019444
279,19,13,9.846689254281568,10.712478289125304,64,13373.5,58.73432904508286,10859.5,218,0,117,1.3799340498999437,3.17778485801914,-2.0147110114289153,1.887868151318039,1.388512760910099,1.1612844835878695,0.8343384667898733,-0.8010299956639813,-0.2918118684928166,-1.1989700043360187,0.26484995293546054,0.0889701320880724,-0.13321174632649138,2.090514725057912,2.183166953225669
352,12,17,9.900362265542398,10.629922218495834,41.84807779149006,17724.75,41.11010528135943,17951.375,351,0,70,1.2060347794877049,3.142456865372414,-2.2405479218490663,2.165796559909293,1.9112315158959778,1.1989700043360187,0.7709663310444282,-0.661396493049414,0.07734706860982558,-0.7456146182912725,0.001439277121037863,0.08396314782582989,0.37047324331845766,1.9181895199208459,2.1867503581727625
373,13,18,10.013679458567056,10.570263086995999,44.66650849545875,18025,47.48787959702759,17648.5,354,0,21,1.1989700043360187,3.127736798569812,-2.044229854300617,2.1989700043360187,1.8966988951367187,1.152733260557463,0.5896110550385026,-0.6934364200755045,0.29076386261570036,-0.8388424773543333,0.2932661954736153,-0.16402431848956248,0.7109190587610967,1.9617469697691243,2.089645794278358
222,2,11,10.03320008614001,10.161375251408293,15.824312285509286,11073.25,15.905077495388573,10980.25,202,0,28,1.400957775604001,3.1989700043360187,-1.7913111816759009,2.1989700043360187,2.0461387688877997,1.1427675334328329,0.7110301920601425,-0.5211380683394928,0.44639050686266785,-0.40928557819895084,0.4329157567959631,-0.2512908420029582,-0.042916131294753655,1.8966797710866152,2.028830669427047
353,13,17,10.052314270764096,10.436806680705848,44.61768151139363,17149.25,47.74800731063097,16558.75,334,0,25,1.1989700043360187,3.092905566888739,-2.2391046470579865,2.1559485308144537,1.829361716405066,1.1989700043360187,0.6216239484142106,-0.6867376331382143,0.2232047986243303,-0.8899818573761099,0.21204967535072733,-0.04461434176550573,0.2820697308939547,1.8845291531982076,2.2041204374613605
284,4,14,10.057916230790784,10.78820197751784,21.405195460426803,14006.75,21.341359896016975,14187.875,284,1,35,1.334738167405238,3.138428461872255,-1.8536560643170268,2.1989700043360187,1.9353766538857975,1.1989700043360187,0.7117823609627442,-0.5045594370574574,0.17445311724672607,-0.530317433937262,0.3897794089552914,-0.4344800561295423,0.03441947995417645,1.964154691707517,1.8306862792895104
350,10,17,10.071181613320979,11.121434378626233,37.74118814379487,17500.5,37.970230228993216,17651.25,350,1,25,1.1989700043360187,3.1713117692874775,-2.246849300732562,2.1734538721974337,1.9165307828308062,1.1989700043360187,0.7521418728397915,-0.6742957379076426,0.114699983421444,-0.6804634967441331,0.12763148272677055,0.020226326223605436,0.37319660186818543,1.9448485751383469,2.1783465314638795
201,1,10,10.099199604569034,10.614404394855287,12.881725985005833,10022.5,12.913133408965884,9886.625,181,0,18,1.4324156556111658,3.1091382550755804,-1.9856361425507099,2.1192668141500635,1.9641837150336516,1.1989700043360187,0.5,-0.3720257283388782,0.4907900034066738,-0.41057745190364997,0.4803404905734516,-0.11184052936754604,-0.1989700043360188,1.9151883604486222,1.9849502745438263
328,8,16,10.127509096119306,11.34092409190044,32.06622462761234,16483,31.519361295727283,16869.125,328,1,56,1.1989700043360187,3.0671237066509422,-2.185264101218955,2.1989700043360187,1.8466307796279606,1.1527794387535415,0.6896984656483207,-0.677232973760952,0.04726687248781286,-0.6738571693425804,0.16454272488638544,-0.06844917157207948,0.2859159185469194,1.762617814185269,2.341223802583167
285,5,14,10.132215282495533,10.35479142313119,24.79235624147207,14707,24.55900239275996,14928.875,285,1,28,1.3068144090547642,3.1989700043360187,-2.5,2.1989700043360187,1.6554977867164917,1.1773351790738888,0.669592120452023,-0.6308757327344915,0.009521893527282502,-0.5759502888208552,0.5,-0.1509722486713328,-0.1989700043360188,1.8856717747977687,2.2912673184681167
298,18,14,10.176430717199723,11.576088645567395,59.036475653210104,14083,61.83047620668658,14964.5,299,0,52,1.1989700043360187,3.108460906046409,-2.1511236664377336,2.1558003499394003,1.6211910211592346,1.1989700043360187,0.7669124408957458,-0.7404612531012846,0.06808585773806482,-1.0232710630414956,0.22412578676028508,-0.10345939305850535,0.20727304190942325,1.9376021688858103,2.07546709702183
278,18,13,10.245840901548725,10.915202952362268,59.768321780788746,13035,59.833669677295916,13802.625,278,1,42,1.2120008227706858,3.132743393331609,-1.9452170077216622,1.9769691292302463,1.4468347683540799,1.19024823640799,0.7338203807906226,-0.6444031364037522,-0.15041469411311217,-1.188246484897927,0.0564950257193523,-0.3099771641729195,0.024751193034018418,1.9383812326931051,2.3021885997918505
160,0,8,10.27102766325476,10.258226743814092,10.318757459120278,8361,9.979335841370743,8254.375,160,1,5,1.572137486621128,3.1156804146905706,-1.8834047228854565,2.1989700043360187,1.9773715279356365,1.1989700043360187,0.5776032387956839,-0.538703333891012,0.5,-0.19897000433601875,0.4890731044923242,-0.20888011628900335,-0.1276235549906762,1.7465333552249998,2.054709816790148
299,19,14,10.330994343170044,10.156371166501351,64,14083.75,61.716933251575675,10654.625,219,0,89,1.3379409797074748,3.1735404393974846,-1.9872076579673308,1.9129433413055188,1.3086431044718618,1.1989700043360187,0.8184477745082757,-0.781954562972204,-0.4120261129613275,-1.1989700043360187,0.301153432794971,0.09546244832944124,-0.04876291849278462,2.177556271179513,2.1776836914727786
335,15,16,10.338315562319872,10.127995067807454,51.61703103912347,16622.5,45.495158926720265,16770.75,333,0,22,1.275262439966029,2.961593187353304,-2.079313368082943,2.1989700043360187,2.1989700043360187,1.1989700043360187,1.0378403976972388,-0.6498533370858187,-0.007304092516723093,-0.8942918020623807,0.23793160384938114,-0.001814685599008988,0.4935125883934424,1.9505829607007303,2.2687431576956563
329,9,16,10.37428906135543,11.019238220398277,35.39218881667592,16443.75,35.77796963164271,16730.625,329,1,32,1.2315474106242237,3.1989700043360187,-2.025248066102528,2.1799665636996735,1.9084957260622128,1.1875431799194711,0.9300124494708676,-0.7081960366846481,0.04682114600457281,-0.7120424815334743,0.49337521430894893,-0.3188376629165861,0.3100733763124627,1.9077732515358021,1.9601101414297615
372,12,18,10.385144878205336,10.723672475052487,42.16278537968434,18627.25,42.94675870501244,18692.125,372,1,56,1.2512997120592384,3.16012810278475,-2.2037066970208055,2.1632980397547326,1.9778290328917065,1.1989700043360187,0.7535420564628341,-0.6262812546126582,0.18822915746282237,-0.8265523851130474,0.09936172488731976,0.03604414085628564,0.31295001281927276,1.9725526526235666,2.1790783852535363
319,19,15,10.492479453468825,10.220620520234348,64,15316.5,61.50743146790607,11695.125,239,0,96,1.230200587563269,3.120748345050275,-1.9831083577986035,2.0725793082486357,1.6248685449940627,1.1989700043360187,0.7974897621216217,-0.8010299956639813,0.0006569194954749488,-1.1650588877608261,0.004514688250228634,-0.024580608695045303,0.14505619644757506,2.0955898532981703,2.1968486450780182
263,3,13,10.504013963744379,10.813790543608029,18.833078280350968,13402.75,19.138766316389617,13643.625,263,1,20,1.4832558812773475,3.1989700043360187,-1.8727907688854208,2.1989700043360187,1.901048686871096,1.1989700043360187,0.6825201108721061,-0.5188494907775392,0.2890919054032487,-0.5556678814987179,0.4834616315864544,-0.3488710662086889,-0.01648591946248959,1.882351342580894,1.8886117147700456
371,11,18,10.542823500604221,11.374763696183797,41.17693262046466,18229.5,41.04802342281788,18371.625,371,1,55,1.2684652404031518,3.044772533890286,-2.0720986706738764,2.1989700043360187,2.1989700043360187,1.1546191293172396,0.93837926062606,-0.6098003754010755,0.07860654618846231,-0.8185273547871559,0.21441569386398726,-0.15060830564101807,0.47900295703702056,2.0163814028186855,2.2861180450800145
305,5,15,10.547374160465186,10.327708310753168,23.599401436661424,15040.5,24.459927409600397,15091.875,305,1,27,1.3364954612422817,3.186615337210441,-2.078828195146758,2.1989700043360187,1.8197384209431153,1.1849641823050874,0.6991761314235172,-0.5571952624620709,0.11803649431257704,-0.5964153992590162,0.480018155855561,-0.40796895894297097,-0.0660227011442048,1.9555037068987504,2.0399629021666077
348,8,17,10.585045235931629,10.93584840870217,31.63857830587408,17140.75,32.884163250251994,17483.25,348,1,70,1.2980333809477693,3.094684004205845,-1.9148614283775427,2.1989700043360187,1.7541443154475154,1.1989700043360187,0.6606173586582738,-0.6766488834877619,0.0164236854849161,-0.6925676794258074,0.5,-0.5,0.14496480118662505,1.999047600317555,2.0254070893979983
317,17,15,10.600816515260686,11.845293066979597,55.65828396748469,15538,54.567308949074665,15885.875,316,0,24,1.314818845806528,3.029072757713707,-2.05643824588082,2.1989700043360187,1.817796382260243,1.1989700043360187,0.767584736376025,-0.7311185289676478,0.07029201699379038,-0.8714525584329972,0.15486782837662652,0.07978614498077898,0.7268561198938994,1.6750134365187888,2.1490260885314503
327,7,16,10.61121389647836,11.333602830066708,29.33858338535178,16015.25,30.773403511795788,16365.125,328,0,28,1.2302921204028454,3.1420442614526767,-2.03054770202004,2.186782213352864,1.798176959483859,1.1989700043360187,0.6965733802216468,-0.7110470181447697,0.07857291157534751,-0.5961426330280292,0.5,-0.4666886390471725,-0.0037821371320760355,1.980867180464099,1.9897637374196526
337,17,16,10.639948842303752,12.019625295467396,56.05120780068897,16255.75,59.13663588927183,16188.125,338,0,22,1.2752943838528275,3.0469662004067097,-2.051626228894817,2.1706156306864792,1.7199075184905248,1.1527280409218998,0.7262858808929076,-0.7286302159893243,-0.061391724405660694,-0.832138099370545,0.25431337643854035,0.027994670177903296,0.7538221873387744,1.8298988553742204,2.170887506328999
326,6,16,10.653529434707934,10.945108376446887,26.03585184349121,16036.75,26.638297119171316,16262,326,1,58,1.2226891800333992,3.124477082441262,-2.054579590930274,2.1900591120566792,1.7987124083672847,1.1926107708557319,0.6810601040238446,-0.6282013181536625,0.0443805355695056,-0.6194312976406919,0.5,-0.47993829380889885,0.019780589371516166,1.8891545258054967,1.9667617172602223
355,15,17,10.719717795751285,11.585870737846246,51.28535501286066,17070,57.61338562071235,16551.5,337,0,29,1.3239661346203453,3.017167714724848,-2.071938946072627,2.1989700043360187,2.1989700043360187,1.1989700043360187,1.048432317385589,-0.6616665862239989,0.06191751641365991,-0.9021936053559436,0.19281748098728127,-0.03379330488386138,0.4723125938782644,2.015189024680939,2.2515403482277834
336,16,16,10.773475304269207,11.528269241986326,55.2152241475901,16238,52.49162102633271,16972.75,335,0,21,1.2651235499778233,3.0735519577389887,-2.0993655663141113,2.193706036209706,2.1989700043360187,1.1740679522300337,1.084076435513255,-0.6271174111720018,0.06983462647489448,-0.9144717023440595,0.26291900615427655,0.04178011318123343,0.4701892896774562,1.951289597877293,2.2341307906967667
392,12,19,10.774746476245289,11.043242270352756,42.03076215349087,19231.75,42.24677747022273,19017.375,392,1,152,1.3214264402239901,3.1989700043360187,-1.926160536479551,2.1989700043360187,1.8396519865641636,1.1516785292356202,0.7032299000439938,-0.7142504711079317,0.151296470733719,-0.7921266797645332,0.3957636362825415,-0.5,0.5042226067238255,1.9925493525810423,1.8711994375827392
318,18,15,10.80430421163268,11.395976613713803,60.418659313516336,15085.25,59.96640704118059,15562.625,318,1,70,1.1989700043360187,3.129467028172042,-2.1228078334752642,2.1989700043360187,1.8138747520776521,1.1989700043360187,0.7049146583192508,-0.6183146060649464,0.18686637051875282,-0.9055581760277932,0.32735384785694427,0.09679608611417975,0.6416770303569526,1.9697282271417411,2.1482846919700775
356,16,17,10.83208303636591,11.475517251789832,54.07125983564815,17983,50.36025073569828,18056.375,375,0,27,1.1989700043360187,3.1989700043360187,-1.9034379132462333,1.89057401522291,1.6624286246025644,1.1989700043360187,0.7873976908799322,-0.7656785787382365,-0.049449074562860976,-1.1685565968742226,0.12471376672466292,-0.04346982484828362,0.1090447023948451,2.0676379882778617,2.170384793396045
349,9,17,10.892411322261584,11.045686520970701,33.59304370948146,17093.25,33.69234423231676,17411,349,1,24,1.3392917513612204,3.0923576308662235,-1.9099470223986508,2.1989700043360187,1.8319212826161462,1.1989700043360187,0.7438260754987768,-0.6768252562718915,-0.0019172516535806185,-0.6958611766375946,0.45617667370264575,-0.5,0.1368494034840015,2.0380590139337236,2.0387619597295488
242,2,12,10.93525630637844,10.832828313552133,15.762547574734171,12188.75,15.3050186626703,12169.125,242,1,26,1.3489586311373194,3.1099001755827573,-2.1397503469084267,2.1989700043360187,1.950330340174724,1.1989700043360187,0.5,-0.47916943700636366,0.4611702373990762,-0.4958167874588611,0.46834211806048376,-0.33619762646120327,-0.19831242052823486,1.8591051275652508,2.18846339204953
375,15,18,10.953270551700037,12.091631092336302,52.70315646045071,18272.5,54.01963352336918,18378.375,376,0,14,1.1989700043360187,3.1446454489530793,-2.17628957537234,2.1341868687130505,1.9231279271332349,1.1989700043360187,0.7532114878528613,-0.6789938122454034,0.1599745312061973,-0.9256852458727222,0.1865439841046853,-0.1438193762203042,0.2302646476877022,1.9065587728834987,2.095721028207455
374,14,18,11.02321430757594,11.453907893442318,49.256386595889715,18132.25,46.996257514805414,19038.375,393,0,23,1.296429648835185,3.1989700043360187,-1.9533296083321254,2.1989700043360187,1.8353893077446732,1.1517015727573585,0.7097948256813204,-0.6934279488733527,0.13739229223475385,-0.8320089907589816,0.4001894144276679,-0.38759983476677395,0.5108134956962771,2.008386840727029,1.872732277237401
346,6,17,11.078497980728931,11.354441597860873,25.797991832844147,17021.25,25.702707078595743,17056,346,1,35,1.3927563196207442,3.1989700043360187,-2.2578704005719654,2.1989700043360187,1.7345960284888629,1.1989700043360187,0.6641805635292466,-0.6041293422208885,0.05270619404645498,-0.6327364479621258,0.46318676242447326,-0.20468661581400294,-0.08290589817028277,1.8243773394871954,2.2311941776258903
180,0,9,11.103544560963151,11.38021633600322,10.008246597759982,9149,10.324433272382974,9221,180,1,8,1.592923288181304,3.1337334720409116,-1.8387004835646759,2.1989700043360187,2.0128372527465306,1.1727453577003475,0.5797773809477689,-0.5530844267403603,0.5,-0.19897000433601875,0.5,-0.1710182443990995,-0.106118711679534,1.7710379471902418,2.0644221158511593
339,19,16,11.143970586101666,11.617972956139301,64,16249,62.3069969924839,16169.5,339,1,99,1.4025118379072825,3.1989700043360187,-2.057192658476119,1.8876256344174507,1.3842886561549619,1.1432796378724712,0.7772330062659623,-0.8010299956639813,-0.3012921462440087,-1.1989700043360187,0.4076418112941504,0.0683231067141534,-0.043529083941533694,2.162395227580973,2.147842990053878
304,4,15,11.163583590942752,11.883232679027408,20.984774262084724,15100,20.471976023673896,15194.25,304,1,33,1.3702832342070501,3.132246493152672,-1.9250389434637105,2.1989700043360187,1.8293808345456717,1.1989700043360187,0.5686655261031789,-0.5911655426480932,0.1364431546819601,-0.412991097545732,0.4042656886471275,-0.37205990212814094,0.060663298952613895,1.8461936714349505,1.902699619852178
338,18,16,11.204991631599416,11.18745723877883,59.60610046999196,16048,64,15194.5,319,0,51,1.3178425504379874,3.1826473471677255,-1.9337715586827149,1.8517259114176867,1.2979083965419513,1.1989700043360187,0.7554960176323017,-0.764459943326488,-0.4214864904943658,-1.1989700043360187,0.3261558412384128,0.03629808207818552,-0.1400956557535037,2.167594280782127,2.210357817763356
391,11,19,11.224109417453015,12.040147253568277,41.031475867782405,19494.75,44.16951037075222,19015.875,392,0,98,1.1989700043360187,3.1989700043360187,-2.172297967181715,2.17410622145597,1.8887741948076686,1.1905744969462217,0.7255612810659398,-0.6300256315895854,0.11999562954295855,-0.7876536955552765,0.11796753868485099,-0.06486769290424405,0.3710289548563581,1.9741973486050564,2.1974125326254654
393,13,19,11.249762557487532,12.709505824017844,44.444768851097216,19979.75,45.99422086964042,20643.375,393,1,58,1.2596753093184734,3.136524547736884,-2.254391142266112,2.1989700043360187,2.1989700043360187,1.1909558433691367,1.025081161951383,-0.6182361160682901,0.06158223181057286,-0.8926417336028803,0.24958760708047967,-0.07325363492083978,0.42850373280473025,1.8306946020687085,2.315158897066266
379,19,18,11.284699276551075,12.614892260833168,64,18103.25,56.658435485507844,20115,397,0,58,1.3939406216848291,3.19680857110704,-2.0360278550559245,2.061550191072521,1.6107759701844975,1.1989700043360187,0.7002087071711536,-0.7253223774955596,-0.014212351080925953,-1.1989700043360187,0.11844964264522356,-0.03895929785221101,0.14318648640153533,2.078662004687559,2.246630472178271
325,5,16,11.292167534340843,11.781710828124062,24.411832872501133,16106.25,24.68447761116685,15893.5,305,0,32,1.419486182747676,3.1983256547809007,-2.037006636918269,2.1989700043360187,1.8633721494677027,1.1989700043360187,0.8164562351982624,-0.6839261403644157,0.009669148996384078,-0.5086209907944518,0.5,-0.5,-0.15178023817969388,1.9187556344761043,2.1937016193113306
347,7,17,11.303105011250642,11.697031336800963,29.189194054197834,17347.5,30.422719260832253,16916.125,328,0,15,1.1989700043360187,3.108603219194102,-2.0730824591135004,2.1989700043360187,1.8267975911764363,1.1989700043360187,0.6601683585256147,-0.6537095123023876,0.06916937694239131,-0.6285358133071537,0.488955931807501,-0.49240617625133565,0.008539338645194988,1.9224930660394586,1.9208529756912966
357,17,17,11.360230182608843,12.598565713550046,56.91880923987802,17093.75,59.94967622683976,16919.875,338,0,22,1.3396740318619338,3.063944998794167,-2.054048040098649,2.189463306051079,1.9183345741315698,1.1989700043360187,0.91379235213224,-0.6119633862051735,-0.12370829372260032,-0.9223363122041086,-0.5,-0.3319986256103717,0.3634513735312865,1.76079148491169,2.4245410911070735
370,10,18,11.360383943433398,12.09062592682997,37.92179277917898,18660.5,38.58262043377453,19121.375,390,0,16,1.26861327474362,3.0581843704108675,-1.9888664295767704,2.1989700043360187,1.755050196989429,1.169907388036728,0.5297489555456281,-0.7169249018910474,0.059499885371282916,-0.7105794181760413,0.32546604761435294,-0.23953395845201883,0.1045963340666126,2.001027970808954,1.9547648565731823
283,3,14,11.437774769788085,11.700437318716082,18.4664591403398,14137,18.10035433869129,14034.75,283,1,31,1.5144123570723143,3.1989700043360187,-2.0104900355704474,2.193129960843271,1.8896955809734846,1.1989700043360187,0.6827030382076077,-0.6561700230264313,0.21583190952816533,-0.42752196210386767,0.4356325933506869,-0.4071544241754458,-0.1989700043360188,1.8175363198637653,2.170696587169946
358,18,17,11.442745730659155,10.508044131770427,60.27542424361235,17078.25,64,13893.375,279,0,39,1.1989700043360187,3.1478435002259753,-2.0221973140103984,2.0374509715005122,1.6301771433568923,1.1989700043360187,0.7970588503752194,-0.781943679668519,-0.002318837036934595,-1.1989700043360187,-0.008341724537224142,-0.061519357319470745,0.12540558919093397,2.077551293528851,2.2197546647797397
359,19,17,11.457478054277454,11.785895377487137,64,17560,64,17576.25,359,1,60,1.1989700043360187,3.1952517875399455,-2.0265413502466862,1.9899966517261116,1.6255815729387775,1.1962162200219888,0.7461447776671468,-0.8006518023498345,-0.0010225907602953947,-1.1386731859754282,0.04303532461092607,-0.023543664349317428,0.11858725765612835,2.0662320858952965,2.2328683908722855
368,8,18,11.504676777832623,11.23387997045948,31.74094663217289,18094.75,31.757361115780405,17944.75,348,0,42,1.2251554815162171,3.1823573801807163,-1.947632544756228,2.1989700043360187,1.9206647663282679,1.1989700043360187,0.8634650004436366,-0.6886111429728927,0.03218113469573204,-0.6610407380777785,0.5,-0.5,0.22691334376003874,1.9042148320671572,1.9617003665538288
262,2,13,11.606746396025791,11.649377186149295,16.335783881106934,13565.5,16.670820726970117,13580.5,263,0,27,1.3866203227993688,3.167868398007129,-1.8327843225393337,2.1532037855422748,2.039528287377866,1.1989700043360187,0.5861408544289324,-0.47369902997133834,0.4620325808291212,-0.541059448494217,0.5,-0.22542295986440125,-0.09509953870488529,1.9351416045577545,2.094059295165294
221,1,11,11.630658770274248,11.759928567269995,13.417413181862313,11503.5,13.473787142017908,11304,221,1,14,1.6421861183629836,3.1500079088458444,-2.0205370925841835,2.1857712260929647,1.9685922383079337,1.19849989108902,0.5,-0.4785808997777706,0.47486309736607085,-0.3458866798230636,0.442822958752645,-0.20243826223504105,0.12055568529844002,1.69775027023038,2.0430350467404153
395,15,19,11.66532167394234,12.12028293507684,52.12097756665443,19341,53.8026022744286,19781.875,396,0,36,1.1989700043360187,3.098176268655555,-2.038046499843899,2.1590950688681483,1.8954410298649524,1.1670793764150182,0.5710720909696249,-0.6887264663972874,0.18210866458330374,-0.867661151410442,0.3047448668241382,-0.14754065870519018,0.7427593027672723,1.954730795086848,2.0523875294875062
377,17,18,11.667989370392561,13.33688429256424,56.70135268342011,18346.25,54.32863828425655,19275.375,396,0,17,1.1989700043360187,3.1304944469527376,-2.176750360980971,2.1718913384436362,1.8546647554579008,1.1689905211810059,0.6354761185855743,-0.6698567727671769,0.17740622240108647,-0.9230008459414641,0.18057729607014644,-0.13144754207393078,0.26328541595436794,1.9049157088606434,2.1230007941011397
394,14,19,11.6797452534019,13.010184124628564,47.76585453414159,19825.25,43.08145113998823,21392,392,0,30,1.658780574873982,3.1526472711648066,-1.941451737082162,2.154179831662724,1.8763795735977011,1.1292881185881958,0.5942055347680674,-0.6772084842259174,0.16219687051291973,-0.8882654465002685,0.1995493741697988,-0.0316695258265645,0.22090363618038963,2.0895969451224614,2.29703820457331
388,8,19,11.703391387341613,12.16799181218236,32.12927699785661,19370.25,31.824080917362362,19195.75,388,1,101,1.324074077236349,3.1989700043360187,-1.942886801840363,2.1989700043360187,1.7320345153501215,1.1989700043360187,0.678552594025055,-0.6189073105064429,0.002490718716423035,-0.7245505483182351,0.46785162893488763,-0.23743537140702953,0.02630182391495578,1.8811615011041278,2.2535391521385817
390,10,19,11.717453154512844,11.849698638446933,37.74593114829743,19104.25,40.25925829098903,19356.5,391,0,41,1.303307267791121,3.1951001322467136,-2.0123408576102095,2.1713318081513293,1.8169368181977867,1.1989700043360187,0.7184744872012753,-0.7374791305810118,0.10611440517952221,-0.7755988756906473,0.4534887548480906,-0.5,0.0510841920459705,1.978055394264655,1.9685862145550421
396,16,19,11.752840071796435,13.063688227022057,53.08749152503823,19486.5,57.88818299125597,19243.25,397,0,62,1.2378974125770683,3.127952132309264,-2.1199967547834784,2.1809179838785564,1.8189168054988931,1.1989700043360187,0.6652642261223531,-0.7060165139261286,0.14916544108410176,-0.9363498060966301,0.21758992286879755,-0.13382712762782664,0.3343305823046578,1.8617374193672904,2.118415941972245
366,6,18,11.7575230882941,11.86920679429338,26.32931092915185,18113.75,27.10070019637396,17748.5,346,0,25,1.2423027534667437,3.110622738538158,-2.049519601518776,2.1989700043360187,1.8124994619801973,1.1861935494058102,0.7081917164991035,-0.6186939750820851,-0.046239299131842576,-0.6363830279316175,0.4811355085037624,-0.4825703224553403,-0.08246538842522715,1.8660710387822692,1.9830467465710213
369,9,18,11.758978065553407,12.359112360854931,34.59896805984209,18622,32.923084515849105,18670,368,0,16,1.3373325024475127,3.104992383828378,-1.9771465166866597,2.1788769654119333,1.7404208027070678,1.1904711676450037,0.6627162145416605,-0.6441753811624291,-0.06020667078762937,-0.7246917188483102,0.3952057786350682,-0.27777241803020797,0.06868485163651482,1.864558386921693,2.278052903229023
378,18,18,11.948235622773035,11.50941449046705,59.45871765875994,18253.25,59.74930009103921,15434,318,0,54,1.5900785531990624,3.017591023009503,-1.863938097389042,2.1989700043360187,1.7987808131995258,1.0538388926635516,0.9982079491119347,-0.8010299956639813,-0.2748096546591674,-1.1950232209127554,0.1279309509730742,-0.14617712146554446,0.1486322419528314,2.0646689917451178,2.4704429198015827
399,19,19,12.074513993823809,11.63667942020357,64,19433.25,64,18411.5,379,0,195,1.2389321453845372,3.1328849446278895,-1.7679781766853535,2.066834457358206,1.517948363581349,1.1784740981413817,0.7112456881207719,-0.8010299956639813,-0.13538997086948695,-1.1989700043360187,-0.02239072976192394,0.03596260625065956,0.09209838641733206,1.9349810682756645,2.3446319701695706
345,5,17,12.099757124049056,12.520223286060668,23.930541712708695,17658,25.180102174154804,17489.75,346,0,18,1.458130415312315,3.1418619283923976,-1.9838720453009808,2.1989700043360187,1.9029480475382083,1.1940382388228337,0.7608944641736027,-0.6659638833657389,0.02110909870699233,-0.5587089404204582,0.42433612857575126,-0.2864769861640336,-0.1989700043360188,1.915170099081703,2.162770824944763
398,18,19,12.137802517430348,11.93015946928159,59.34107993083051,19080.75,64,18244.625,379,0,127,1.6318752826751954,3.0058341890998577,-1.9165364435588887,2.1989700043360187,1.7913227026176097,1.102054083339663,0.9679063297782128,-0.7994106014109369,-0.28326466670457906,-1.19154180313519,0.10831108473129104,-0.09050563128161353,0.1462352726807261,2.044062404529421,2.4371275759683333
376,16,18,12.15341236924259,12.140000505162435,54.65183889161899,18486.75,55.95434226038224,18228.875,377,0,24,1.343418531662505,3.1762690976039165,-2.11879718473859,2.1989700043360187,1.9905653202377944,1.1434407714221368,0.750503676210165,-0.7946599396767157,0.3277076604189063,-0.882698172801398,0.22985100043872128,-0.11712369840367409,0.3979583285290936,1.9473719225602717,2.0063134233755555
389,9,19,12.153700531171348,12.456835490717372,35.67136538058052,19646.5,35.88209808290905,19368.625,389,1,43,1.2918515630278407,3.1989700043360187,-2.03550338274933,2.1795392034317973,1.8141544821572126,1.1989700043360187,0.7091800180161169,-0.7005846829969067,0.10658184744891284,-0.7587362368839365,0.47166623490407256,-0.46304996504141427,0.0477361396297618,1.9454644356090491,1.9813827820532384
367,7,18,12.169005481887082,12.321787004061248,28.158521644545225,18429,27.020895098879734,18583.25,366,0,18,1.223261350107526,3.1039311634689426,-1.99578507312764,2.1989700043360187,1.80369757666467,1.1927256914079103,0.6320386269871454,-0.6292378446863536,0.05503061810099823,-0.7008416191136212,0.5,-0.2961957395076741,-0.1989700043360188,1.8583731383397666,1.9889802340263394
303,3,15,12.309240563037605,11.970565075153369,18.75089569557576,15530.25,18.654227381920993,15157.875,303,1,33,1.3785402578882666,3.1522599420342683,-1.8121649731693037,2.1989700043360187,2.1298075629460222,1.1989700043360187,0.5960045883919234,-0.5262017374904656,0.5,-0.5750980023972566,0.4005402532941271,-0.16615023841947352,-0.11862932453668458,1.9718326584192638,2.0477155299720327
200,0,10,12.364820009547302,12.151457793635311,10.483738166166573,10188.75,10.78234305795509,10099.5,200,1,8,1.6693466126567817,3.197255675594852,-1.9297856458971587,2.1989700043360187,1.8831741295960747,1.188160329675838,0.5397394767396592,-0.522993751923783,0.4249705722593265,-0.23767597340772542,0.4590036018397175,-0.1562188076677325,-0.17284508805480212,1.706112660670328,2.025782583096256
324,4,16,12.556547649343035,12.8365870286088,21.2750685236118,16188.25,21.449219981376256,16336.125,324,1,20,1.358330885203348,3.142036964080605,-1.9191686547871885,2.176280538887632,1.8247212165586912,1.197357891949152,0.5475853202663641,-0.6304996238822463,0.13737519330841058,-0.4508284100939859,0.4438890577080393,-0.38868016148098944,0.0829741161763193,1.8283474867347074,1.9587495182453316
387,7,19,12.620111587398716,12.906184539536456,27.69586202814279,19226.25,26.845864175865266,19026.875,386,0,43,1.2302378609144817,3.125894133175353,-2.0419811774544234,2.1989700043360187,1.7843713154592697,1.1924758575961771,0.648910611804205,-0.5923960397302752,-0.0033085040866894996,-0.6947911400551139,0.5,-0.39277123207232645,-0.08974658310492743,1.85735406153445,1.962279061513962
397,17,19,12.630190708912782,12.91922244816613,55.85714345432334,19126.25,55.558554054538135,19307,396,0,30,1.217210849388988,3.119632639385717,-2.1489529052435246,2.159360807358701,1.969923357061314,1.1963575361865826,0.7783840318913992,-0.7668399462799862,0.19841900319454328,-0.9208046700585203,0.18389736641639742,-0.1315966917360041,0.18526548534596554,1.936251561931593,2.0889733945749502
365,5,18,12.875507486186969,12.640496635834916,24.220998008157196,18061.75,24.608222088114637,17970.75,345,0,19,1.4684645099413536,3.148086526046458,-2.019992794698299,2.1989700043360187,1.9248897338379578,1.1989700043360187,0.7907865871460139,-0.7147498507516337,0.030614279812948432,-0.5589779354094925,0.5,-0.4344389830177542,-0.1989700043360188,1.8513401530611158,2.0837510099474663
323,3,16,12.906095032110247,13.30795412927705,18.74240533010404,16403.5,18.670548867379907,16257.75,323,1,22,1.4151558762235252,3.1738390408675747,-1.8941506982136425,2.1762107189978086,2.128914746151799,1.1989700043360187,0.6988553830917801,-0.5399765887690221,0.36965747918960834,-0.568381054535499,0.4054872452452337,-0.1790543673009792,-0.1989700043360188,1.9087240321866588,2.1840351708271926
241,1,12,13.00926535530175,13.18760222711942,12.43895693529937,12447.75,12.818150134286794,12286,241,1,10,1.6957129809436302,3.1910717855618698,-2.0011533455521433,2.1989700043360187,1.9503305760521676,1.194246225877513,0.5,-0.4644027060709998,0.44299176393724654,-0.34007685676949323,0.4780257796253735,-0.20445165392643264,0.07264993603892303,1.679475224054688,2.0448754323568727
282,2,14,13.065510207660056,13.092154607277482,16.11736616957466,14035.5,16.534970768064145,14262.875,283,0,18,1.9001082023993416,3.182785077968921,-1.9945916719155434,2.1989700043360187,1.7887737257769467,1.1619993663940724,0.5,-0.5596806782338629,0.2910747051212577,-0.5311751173679287,0.5,-0.21927032317428274,-0.16421585626054797,1.7566010512491763,2.176038322820002
386,6,19,13.220415565417861,13.718188963352466,27.06824097183703,20525.75,27.661819964687716,20531.625,387,0,56,1.4372512453824802,3.1444209254616267,-1.9527727458022508,2.1989700043360187,1.910665229589645,1.1989700043360187,0.7770461343131281,-0.5980977933131311,-0.05296083057378551,-0.6668793539720546,0.5,-0.25545476388235056,-0.1989700043360188,2.0593225841715883,2.1436351387263493
344,4,17,13.282124864260613,13.227957134806063,21.64060270213705,17470.5,23.017239962058692,17056.625,345,0,21,1.3736196389755282,3.1989700043360187,-1.8231459253396354,2.1505467619203147,2.1060624360398195,1.1613750322957719,0.5549324561512011,-0.5055164457131565,0.5,-0.6937424908364602,0.39987809273710395,-0.15306391632048855,-0.03994019471610109,1.9596249859317396,2.104045609313275
343,3,17,13.9969092447412,14.697387858160702,18.519323815531397,17169,18.256589601560776,17277.625,343,1,20,1.4451456755147822,3.1989700043360187,-1.8560836277731223,2.151675343030741,2.1989700043360187,1.1989700043360187,0.6116174996559146,-0.5290597983934459,0.5,-0.5498185901876935,0.35739321481615477,-0.22176896679830424,-0.09648942953627102,1.8926825280714161,2.0473562040837505
302,2,15,13.996999316370088,14.289298178128378,16.052817853252236,15309.25,17.066941461127886,15252.25,303,0,11,1.4957823524457183,3.1393935214828184,-2.1878521120539354,2.1989700043360187,1.8329720040814974,1.1989700043360187,0.5,-0.6330042452828244,0.17438431141423807,-0.34596973466782655,0.49993692504831466,-0.33875995432081113,-0.1211038829727312,1.7745628656808128,2.1867743664116124
364,4,18,14.106205933824207,14.435837160217327,21.435149110933175,18196.75,21.51629295727467,18315.375,364,1,19,1.3325726304592995,3.177409106514235,-1.7518872261746943,2.1560573588304353,2.1989700043360187,1.1581173978422823,0.5906279050966221,-0.5157544702230853,0.5,-0.6646428056987681,0.3897423357675681,-0.19183349702503566,-0.061898212665979606,1.9333095851074333,2.1072259874831545
385,5,19,14.143960719908357,13.780460856115203,23.948993782343685,19593,24.996996138979707,19293.125,386,0,28,1.4470112532932646,3.1989700043360187,-2.0020383343319432,2.1989700043360187,1.936933706189936,1.1981977807121706,0.7788109938212894,-0.6785163164196495,0.026255471503052748,-0.5323901190813405,0.5,-0.41891004259118275,-0.10791686704588457,1.8649962069793127,2.0842928923661166
220,0,11,14.452796422076805,14.129433874460451,10.083305193308927,11180.25,10.299906973150554,11029,220,1,4,1.6588754261441503,3.191517738460584,-1.9176521155038577,2.1989700043360187,1.9557818702499403,1.1989700043360187,0.5072571583820746,-0.5121395896526532,0.4474945665455621,-0.19897000433601875,0.4711310136129747,-0.16391873908049942,-0.1989700043360188,1.7407548977094511,2.0338230230519803
322,2,16,14.533157635650214,14.859940886645214,16.00748077640142,16447.75,16.12489119671343,16238.875,322,1,12,1.4919192167191986,3.1456824363998166,-2.129002486508475,2.1989700043360187,1.9989028769872237,1.1923087755667476,0.5,-0.50511337698856,0.37102452529772284,-0.4851790628388204,0.5,-0.3259779607273134,-0.17302753881408714,1.8741392731271187,2.114034672808862
261,1,13,14.805447300274045,14.962674127373319,12.866265940628455,13343.75,13.358999472792883,12924.25,241,0,15,1.3773905151837578,3.1947642866572803,-1.817457823890514,2.1989700043360187,1.9921640059090868,1.1893040577250018,0.5,-0.5282826020083706,0.3969037391302762,-0.19897000433601875,0.4983074235648684,-0.2724582385621709,-0.00958928832843986,1.820481499717539,1.9622540963921682
384,4,19,15.407704109897603,15.75934908134731,21.39578774693313,19806.25,21.357773935766268,19327,384,1,27,1.3676736504323226,3.1989700043360187,-1.8280697078928223,2.1685100295002724,2.1038692013309817,1.1989700043360187,0.5,-0.4445136923484738,0.47932844350330417,-0.6953845340106761,0.410315138709196,-0.2052641109764081,-0.04545441719557274,1.9383536935565975,2.120553290678956
363,3,18,15.954556193880927,16.065430946167456,19.13156329469463,18579.5,19.358689863056735,18780.125,364,0,13,1.3328312917680447,3.1980401074774893,-1.8209070848886237,2.1989700043360187,2.0377535398752813,1.1967548515333142,0.5,-0.4102619948287211,0.36821783472237907,-0.5458071138541115,0.4354247533477823,-0.18956789398818216,0.08955932258635763,1.902647101709175,2.1400597780498054
383,3,19,16.67531091720853,16.213233109183424,18.552330386455004,19246.5,18.594835135550856,19315.5,383,1,25,1.8105368089961742,3.1755815663216813,-1.9780307681706208,2.1852639740757347,1.9291107797958786,1.1690472039855273,0.5,-0.6018162911937787,0.2867397311490708,-0.5815547306332038,0.5,-0.19476880353103287,-0.16731427568877086,1.840393330163653,2.211342368763134
342,2,17,17.049375435521515,16.618833431411264,16.37185329843249,17245,16.421813734910284,17418.125,343,0,11,1.438419869692133,3.1568764428828056,-2.0036377651972948,2.1989700043360187,2.0277762361121274,1.1989700043360187,0.5829262442314528,-0.4322021043426309,0.2503518251554145,-0.4841839279409814,0.492408586484944,-0.33210878080286255,-0.1989700043360188,1.8792364773821102,2.071564892856073
240,0,12,17.16869720536673,17.74269017057048,10.76511666113765,12912.75,11.137547873039612,12653.25,241,0,1,1.6606247270917258,3.178641782891876,-1.861916472102048,2.195574355293137,2.0403000359374963,1.1013922891164032,0.5048582198546763,-0.4938691036104475,0.43357598342915443,-0.2691613730621993,0.5,-0.2644660753516357,-0.1826434519932166,1.6434393873844648,1.9952891813374696
281,1,14,17.364980082700715,17.422671777936245,12.305724232545687,14041.75,12.556163954795146,14241,281,1,5,1.6595152479457265,3.1989700043360187,-2.008598762831772,2.1989700043360187,2.1067523301442295,1.1989700043360187,0.5,-0.5087973206972383,0.466470189832448,-0.19897000433601875,0.42985606261931814,-0.12252246697339973,0.0613696215573149,1.7774951071560083,1.9972137791556186
382,2,19,20.01351238732273,20.122855490201466,16.18908508050852,19251.75,16.06088742007823,19761.375,382,1,5,1.7257631681128252,3.118879473247165,-1.968609126691288,2.1989700043360187,1.9919240633372564,1.1989700043360187,0.5,-0.7205456515547031,0.15653543803311523,-0.293231030193984,0.42478038302406707,0.003126636939334789,-0.1989700043360188,1.7600858740970335,2.202130102637654
301,1,15,20.148212982191886,20.39642449704548,12.668185253429712,15102.25,12.644628529818016,15673.375,301,1,3,1.6685236869431983,3.1370343612305205,-1.8998744588750085,2.1632265490753313,2.0360013564570605,1.1947623422005966,0.5,-0.507621577283889,0.27452692190940553,-0.2579508436016036,0.49779816708971286,-0.22608893215739542,-0.09862680724413367,1.638711057973092,2.025965760093477
341,1,17,22.152320118476,21.70007536570785,12.8064942359509,17300,13.131547709912935,16989,321,0,1,1.6845647660693586,3.130399756214934,-1.8889391757140033,2.1686624977143354,2.089138570281755,1.1790152780732488,0.5,-0.48521953248204525,0.2877205852516228,-0.29271408255306847,0.47311736429176365,-0.22833619325324048,-0.09153811545945834,1.6368048875162404,1.9836567804206195
361,1,18,25.343535331442745,24.310702735261145,13.3225736595647,18208.25,14.178364349064612,17862.375,342,0,1,1.7438667141453346,3.1238445459390105,-1.914916806863926,2.1501144931187604,1.982293997095403,1.1989700043360187,0.5,-0.530591842548151,0.10359424099213455,-0.2581014632221544,0.48476323647084485,-0.19926469498715008,-0.1989700043360188,1.6382814202942224,2.0322173851010317
362,2,18,27.002250990917982,26.352532490693946,15.660903615442175,18552,15.876414532489884,18647.625,362,1,2,1.400937898596806,3.1917665615264403,-1.9913416841850475,2.189956362491603,2.1708520615749998,1.1989700043360187,0.6361573133015609,-0.40240154686684915,0.1694089295521233,-0.24273180780943002,0.4039077840766345,-0.34178815455961453,-0.1801695236084753,1.8630234329803406,2.1721813502117
