niche_id,grid_x,grid_y,quality_train,descriptor_mean_voltage_pu_train,descriptor_security_spread_train,asset_battery_capacity_mw,asset_capacitor_mvar,category_battery_bus,category_capacitor_bus_1,category_capacitor_bus_2,visit_count,objective_loss_mw,objective_voltage_deviation_mpu,objective_lifecycle_cost_musd,objective_security_index,constraint_voltage,constraint_thermal,constraint_power_flow,decision_generator_vm_1_pu,decision_generator_vm_2_pu,decision_generator_vm_3_pu,decision_generator_vm_4_pu,decision_generator_vm_5_pu,decision_generator_vm_6_pu,decision_generator_vm_7_pu,decision_generator_vm_8_pu,decision_generator_vm_9_pu,decision_tap_offset_1,decision_tap_offset_2,decision_tap_offset_3,decision_capacitor_bus_index_1,decision_capacitor_steps_1,decision_capacitor_bus_index_2,decision_capacitor_steps_2,decision_battery_bus_index,decision_battery_capacity_mw,decision_renewable_curtailment_1,decision_renewable_curtailment_2
362,2,18,14.755087954776,1.001380295794,0.271722124890,270.831663375443,175.000000000000,14,7,7,54,36.242608546266,14.520621940173,104.984315032025,0.999714315562,-0.012744072000,-0.000285684438,-1.000000000000,0.994595451299,1.006662298232,0.990948877314,1.007394024934,1.002260611432,1.007185649214,0.999803930740,0.985280722695,0.996338356967,0.000000000000,0.000000000000,0.000000000000,1.000000000000,1.000000000000,1.000000000000,6.000000000000,2.000000000000,270.831663375443,0.404579310826,0.486111171576
342,2,17,14.761038495625,1.001238147642,0.268505398703,270.841370014362,175.000000000000,14,7,7,114,36.273053398626,14.505468801867,105.028718454669,0.999996055521,-0.012713625156,-0.000003944479,-1.000000000000,0.994595451299,1.006635525676,0.991315486634,1.007394024934,1.000129111775,1.007185649214,0.999905213209,0.985277856467,0.996338356967,0.000000000000,1.000000000000,0.000000000000,1.000000000000,1.000000000000,1.000000000000,6.000000000000,2.000000000000,270.841370014362,0.403856910782,0.486111171576
343,3,17,14.768375843157,1.001985284837,0.269262165714,270.837634454503,175.000000000000,14,7,7,625,36.219138395267,14.547824429809,105.083672043069,0.999499072828,-0.013221345970,-0.000500927172,-1.000000000000,0.996975609504,1.006684610083,0.990948498494,1.007068972949,1.006359455273,1.004585009607,0.999905213209,0.985277371656,0.996319478372,0.000000000000,1.000000000000,0.000000000000,1.000000000000,1.000000000000,1.000000000000,6.000000000000,2.000000000000,270.837634454503,0.404494485684,0.486697910459
363,3,18,14.769738248840,1.001881268363,0.271569892815,270.832621401908,175.000000000000,14,7,7,396,36.274253371409,14.642236131325,104.662854888016,0.999738399754,-0.014106300508,-0.000261600246,-1.000000000000,0.995766033340,1.008385015872,0.990628492054,1.007070641620,1.001328245735,1.004353587675,1.000358507681,0.985917210302,0.999059622230,0.000000000000,0.000000000000,0.000000000000,1.000000000000,1.000000000000,1.000000000000,6.000000000000,2.000000000000,270.832621401908,0.404543512760,0.477761948586
364,4,18,14.815675224437,1.004298748908,0.276482876815,270.833543383457,200.000000000000,14,7,7,795,36.081505433307,14.996425924088,104.219757285839,0.999890075696,-0.018061941499,-0.000109924304,-1.000000000000,0.997324704276,1.008224002005,0.990777632601,1.006725665296,1.006639536847,1.005675892792,0.999340625456,0.985370990174,0.999386461573,0.000000000000,0.000000000000,2.000000000000,1.000000000000,2.000000000000,1.000000000000,6.000000000000,2.000000000000,270.833543383457,0.378241570069,0.486129142926
344,4,17,14.881355025401,1.004034475811,0.269279986161,270.837660126893,175.000000000000,14,7,7,559,36.069844319484,14.937545822371,105.265670900252,0.998081071059,-0.015137712971,-0.001918928941,-1.000000000000,0.994595451299,1.008394172791,0.990948498494,1.007068972949,1.006638550509,1.004585009607,0.999905213209,0.992006658688,0.999316749615,0.000000000000,1.000000000000,2.000000000000,1.000000000000,1.000000000000,1.000000000000,6.000000000000,2.000000000000,270.837660126893,0.404915557437,0.486697910459
323,3,16,14.944272093363,1.003049942166,0.250801984282,271.302172703994,175.000000000000,14,7,7,93,36.364638644996,15.061940037978,104.898647138840,0.999595121145,-0.011107126411,-0.000404878855,-1.000000000000,0.989489760917,1.006575813906,1.005326379612,1.006431355112,1.000011669044,1.006462454492,0.998892916163,0.983664460880,0.999544416793,0.000000000000,1.000000000000,2.000000000000,1.000000000000,1.000000000000,1.000000000000,6.000000000000,2.000000000000,271.302172703994,0.401938600274,0.478507304729
303,3,15,14.971419375580,1.003516987443,0.239174245433,270.831195566762,175.000000000000,14,7,7,113,36.328848099500,15.159615177417,104.901064935458,0.999606235171,-0.010405532128,-0.000393764829,-1.000000000000,0.989408496996,1.006636220122,1.005847464780,1.007402204728,1.001268652912,1.006630583563,0.998762646912,0.985260831189,0.999551744127,0.000000000000,1.000000000000,2.000000000000,1.000000000000,1.000000000000,1.000000000000,6.000000000000,2.000000000000,270.831195566762,0.404820031149,0.477346336296
324,4,16,14.979922308262,1.004266614890,0.254857615894,270.815268612910,175.000000000000,14,7,7,195,36.392209895519,15.282438992091,104.468434593320,0.999588255568,-0.011364365552,-0.000411744432,-1.000000000000,0.997377795427,1.008943116809,1.003570238308,1.007561082505,1.001403785016,1.004907137875,0.998851639271,0.983934676353,1.000046051072,0.000000000000,0.000000000000,2.000000000000,1.000000000000,1.000000000000,1.000000000000,6.000000000000,2.000000000000,270.815268612910,0.406038154413,0.466570424751
283,3,14,14.993683689248,1.003121207423,0.224269153785,270.833638270346,175.000000000000,14,7,7,112,36.327301265076,15.140535964755,105.264636732115,0.998767126922,-0.009528071762,-0.001232873078,-1.000000000000,0.987639752239,1.004065785435,1.003455299802,1.007925014186,1.006341634575,1.001900845772,0.998786344298,0.984102507859,0.999695653665,0.000000000000,0.000000000000,3.000000000000,1.000000000000,1.000000000000,1.000000000000,6.000000000000,2.000000000000,270.833638270346,0.404848475837,0.486785485952
304,4,15,15.004540733485,1.004010481295,0.227710819518,270.831193359201,175.000000000000,14,7,7,263,36.412193975505,15.256841814308,104.804331037697,0.999244451541,-0.009741413999,-0.000755548459,-1.000000000000,0.994551460266,1.006668613716,1.005847464780,1.008419293984,1.006399392135,1.005084497579,0.993848766920,0.983960283440,0.999692292221,0.000000000000,0.000000000000,2.000000000000,1.000000000000,1.000000000000,1.000000000000,6.000000000000,2.000000000000,270.831193359201,0.404485561531,0.477365562880
284,4,14,15.021529134275,1.004127133014,0.220455504856,270.833754584750,175.000000000000,14,7,7,277,36.305180808389,15.260219533894,105.203974865235,0.998423403927,-0.009321710029,-0.001576596073,-1.000000000000,0.995569140771,1.004065785435,1.003455299802,1.007411650873,1.006496598180,1.002239352783,0.998786344298,0.985238633880,0.999553561161,0.000000000000,0.000000000000,3.000000000000,1.000000000000,1.000000000000,1.000000000000,6.000000000000,2.000000000000,270.833754584750,0.403985083249,0.486378438843
263,3,13,15.032271086758,1.002919703129,0.206591503597,270.833381935707,175.000000000000,14,7,7,100,36.456705497952,15.180415865247,105.254809497219,0.999582822886,-0.008421542669,-0.000417177114,-1.000000000000,0.990214851181,1.006574894990,1.003576682825,1.012397423410,1.006601112804,1.000344798964,0.993260382778,0.985383777932,0.993786673399,0.000000000000,0.000000000000,3.000000000000,1.000000000000,1.000000000000,1.000000000000,6.000000000000,2.000000000000,270.833381935707,0.404690259948,0.486746142189
365,5,18,15.050713478919,1.006261555150,0.278402638093,270.833602528108,200.000000000000,14,7,7,867,35.928732832316,15.817346408520,104.148808102633,0.999312982853,-0.014791538394,-0.000687017147,-1.000000000000,0.997564066090,1.008317230336,1.003157851494,1.006380067717,1.011067538722,1.005639901221,1.000236352321,0.992103310680,0.999352216469,0.000000000000,0.000000000000,0.000000000000,1.000000000000,2.000000000000,1.000000000000,6.000000000000,2.000000000000,270.833602528108,0.386791551395,0.476794636198
322,2,16,15.051025544859,1.001654310373,0.249421516364,270.831195705016,175.000000000000,14,7,7,34,36.408857208845,15.304545959676,105.068561727994,0.999982180826,-0.010985486897,-0.000017819174,-1.000000000000,0.975158857782,1.006749862661,1.005821890679,1.007515829427,1.006387928464,0.995369445296,0.998692285263,0.985260831189,0.999551744127,0.000000000000,1.000000000000,2.000000000000,1.000000000000,1.000000000000,1.000000000000,6.000000000000,2.000000000000,270.831195705016,0.399036380486,0.489606062318
345,5,17,15.056112173800,1.006270507422,0.265572889666,271.308146177635,200.000000000000,14,7,7,493,35.977865935901,15.811606807117,104.116795414735,0.999672008480,-0.012021192249,-0.000327991520,-1.000000000000,0.996940332737,1.008228476511,1.005172919736,1.006382831043,1.006674032145,1.004272317614,1.000130037345,0.991641494565,0.999904514813,0.000000000000,1.000000000000,1.000000000000,1.000000000000,2.000000000000,1.000000000000,6.000000000000,2.000000000000,271.308146177635,0.373851610029,0.486701412847
264,4,13,15.078000799387,1.005131039037,0.209952207596,270.831195566762,175.000000000000,14,7,7,252,36.335542573504,15.600443283123,104.455499103239,0.999987512718,-0.008639928440,-0.000012487282,-1.000000000000,0.997021666590,1.006645913589,1.005847464780,1.011661641170,1.006288204789,1.006524575151,0.998762646912,0.983617290363,0.999691651202,1.000000000000,0.000000000000,2.000000000000,1.000000000000,1.000000000000,1.000000000000,6.000000000000,2.000000000000,270.831195566762,0.404455179876,0.466211229662
243,3,12,15.083294673604,1.003643126607,0.190128111118,270.832162463293,175.000000000000,14,7,7,86,36.421156227961,15.441232074054,104.923589677786,0.999856070714,-0.007423520126,-0.000143929286,-1.000000000000,0.989654839028,1.004225544406,1.004060174043,1.015246733246,1.001577098100,1.008527309013,0.994365419843,0.985363410746,0.999286940265,0.000000000000,0.000000000000,3.000000000000,1.000000000000,1.000000000000,1.000000000000,6.000000000000,2.000000000000,270.832162463293,0.403859346100,0.479238873617
325,5,16,15.083437769593,1.006280423442,0.244695831414,270.828736526198,200.000000000000,14,7,7,187,35.985025123079,15.837180797958,104.295849316917,0.999710930167,-0.010740064280,-0.000289069833,-1.000000000000,0.997590407856,1.006917943110,1.003400502082,1.007058940043,1.006392646198,1.005772969199,0.999886583320,0.992045003235,0.999430147342,-1.000000000000,0.000000000000,2.000000000000,1.000000000000,2.000000000000,1.000000000000,6.000000000000,2.000000000000,270.828736526198,0.378027091543,0.486347195116
244,4,12,15.109145878934,1.004029379293,0.184591406504,270.841520676010,175.000000000000,14,7,7,256,36.367812880932,15.569881528067,104.869769956272,0.999428454798,-0.007137803500,-0.000571545202,-1.000000000000,0.989408496996,1.006633544062,1.012287033892,1.006438809354,1.000011696693,1.006552441641,0.998877025306,0.985130185571,0.999776747012,0.000000000000,1.000000000000,2.000000000000,1.000000000000,1.000000000000,1.000000000000,6.000000000000,2.000000000000,270.841520676010,0.403808982225,0.477848700299
224,4,11,15.115952984854,1.004089005592,0.179083591314,270.833828101153,175.000000000000,14,7,7,236,36.353043525814,15.587386313699,104.870282548183,0.999861043386,-0.006782074612,-0.000138956614,-1.000000000000,0.989399147703,1.008377673781,1.012275565449,1.007398936065,1.001392614373,1.006640583525,0.998744045930,0.985260831189,0.996263829314,0.000000000000,1.000000000000,2.000000000000,1.000000000000,1.000000000000,1.000000000000,6.000000000000,2.000000000000,270.833828101153,0.403813997624,0.477899427176
223,3,11,15.123328246376,1.003448056299,0.173643052277,270.832454037479,175.000000000000,14,7,7,52,36.527193621079,15.557208431798,104.795520563674,0.999515221569,-0.006476736230,-0.000484778431,-1.000000000000,0.989542928123,1.006926150908,1.013460428199,1.006905435016,1.001392614373,1.005604925234,0.993167995525,0.982813511271,0.999545978212,0.000000000000,0.000000000000,2.000000000000,1.000000000000,1.000000000000,1.000000000000,6.000000000000,2.000000000000,270.832454037479,0.403814292013,0.478043669629
305,5,15,15.123331541920,1.006684396468,0.231007750645,271.308146177636,200.000000000000,14,7,7,251,35.980591529326,15.994317365949,104.196795414735,0.999525903411,-0.009935483545,-0.000474096589,-1.000000000000,0.996940332737,1.008228476511,1.005172919736,1.006382831043,1.006592845270,1.004051934026,1.000124418401,0.992268201335,0.999606482979,0.000000000000,1.000000000000,2.000000000000,1.000000000000,2.000000000000,1.000000000000,6.000000000000,2.000000000000,271.308146177636,0.373851610029,0.486701412847
204,4,10,15.151482916347,1.004232387023,0.162611186991,270.813201868152,175.000000000000,14,7,7,201,36.400879263659,15.737567919713,104.651593422185,0.999812084422,-0.005797440013,-0.000187915578,-1.000000000000,0.989408496996,1.006754371289,1.012325081985,1.011668043049,1.000022102165,1.006630125515,0.997199339017,0.985697933916,0.999257214970,0.000000000000,0.000000000000,2.000000000000,1.000000000000,1.000000000000,1.000000000000,6.000000000000,2.000000000000,270.813201868152,0.401586809048,0.477434139649
341,1,17,15.153337621288,0.999352110589,0.267428451177,270.833442225731,175.000000000000,14,7,7,2,36.921080082022,15.333621668331,105.200111447328,0.999954517158,-0.013212268488,-0.000045482842,-1.000000000000,0.997184791022,1.008030831246,0.988434258148,1.011954975450,0.999925303607,0.995497188211,0.993835644964,0.966957428037,1.000119877659,0.000000000000,0.000000000000,2.000000000000,1.000000000000,1.000000000000,1.000000000000,6.000000000000,2.000000000000,270.833442225731,0.405195641508,0.486717211093
285,5,14,15.158465951364,1.006369096273,0.219785530670,270.833730540674,200.000000000000,14,7,7,299,36.148471923858,15.946645836595,104.494002501095,0.998894799486,-0.009305198061,-0.001105200514,-1.000000000000,0.997943316608,1.008454394141,1.003067813371,1.014039617311,1.006442100146,1.004920068078,0.999809566540,0.985238371783,0.998996039191,1.000000000000,1.000000000000,2.000000000000,1.000000000000,2.000000000000,1.000000000000,6.000000000000,2.000000000000,270.833730540674,0.386328066572,0.478083689648
203,3,10,15.168742170337,1.003437769427,0.160970305243,270.833710453029,175.000000000000,14,7,7,67,36.557464952554,15.600419943530,105.071090789124,0.999431545677,-0.005724868564,-0.000568454323,-1.000000000000,0.989100620557,1.006825408080,1.014514925120,1.007088859014,1.006366020723,0.999859720476,0.994749422017,0.983522254380,0.996338717487,0.000000000000,0.000000000000,2.000000000000,1.000000000000,1.000000000000,1.000000000000,6.000000000000,2.000000000000,270.833710453029,0.418730632442,0.464890451715
265,5,13,15.178259713126,1.006365640659,0.204854166744,270.831246329175,175.000000000000,14,7,7,317,36.154296100697,15.986550422133,104.490788372335,0.999688613220,-0.008349761882,-0.000311386780,-1.000000000000,0.997021666590,1.006645740532,1.005847464780,1.011661641170,1.006288204789,1.006288342036,0.998762646912,0.993762269439,1.000216602615,1.000000000000,0.000000000000,2.000000000000,1.000000000000,1.000000000000,1.000000000000,6.000000000000,2.000000000000,270.831246329175,0.404455179876,0.467132254367
183,3,9,15.181762269309,1.003919347565,0.137601324452,270.832174738851,175.000000000000,14,7,7,48,36.479552084330,15.725016345667,104.872228027429,0.999871087546,-0.004266015642,-0.000128912454,-1.000000000000,0.989654839028,1.004194321929,1.013258013056,1.007703776854,1.001580108741,1.006633130011,0.994365419843,0.985247738222,0.999234468650,0.000000000000,0.000000000000,3.000000000000,1.000000000000,1.000000000000,1.000000000000,6.000000000000,2.000000000000,270.832174738851,0.403859346100,0.477897876388
282,2,14,15.182452337840,1.001736127085,0.224741436674,270.831149894344,175.000000000000,14,7,7,17,36.796130590595,15.599672407519,104.791765159108,0.999939525845,-0.009550618577,-0.000060474155,-1.000000000000,0.997071731664,1.002772113335,1.015613751269,1.008227018707,1.001178655417,1.000449524787,0.993988242975,0.973950688628,1.000208018280,0.000000000000,-1.000000000000,0.000000000000,1.000000000000,1.000000000000,1.000000000000,6.000000000000,2.000000000000,270.831149894344,0.405459048671,0.477798869587
225,5,11,15.184210401957,1.006527412944,0.177272465872,271.308146177635,200.000000000000,14,7,7,323,36.016656638247,16.124320446490,104.294553087045,0.999896716556,-0.006665499982,-0.000103283444,-1.000000000000,0.990539895186,1.006599454012,1.005172919736,1.012282023323,1.006674032145,1.004011127668,1.000130037345,0.991609268209,0.999904514813,0.000000000000,1.000000000000,3.000000000000,1.000000000000,2.000000000000,1.000000000000,6.000000000000,2.000000000000,271.308146177635,0.374191590162,0.486701412847
184,4,9,15.193382032664,1.004078396844,0.135669551097,270.832173029427,175.000000000000,14,7,7,196,36.493024622181,15.759053569159,104.860217548749,0.999788881242,-0.004155512794,-0.000211118758,-1.000000000000,0.991787085804,1.004101402350,1.013389029222,1.007507985278,1.001577098100,1.007671653270,0.994365419843,0.984082474041,0.999151577293,0.000000000000,0.000000000000,3.000000000000,1.000000000000,1.000000000000,1.000000000000,6.000000000000,2.000000000000,270.832173029427,0.403835504801,0.477616832926
302,2,15,15.199089519737,1.001647166279,0.228836498507,270.886135465721,175.000000000000,14,3,7,10,36.575035029911,15.603831675106,105.349520013373,0.999327585945,-0.009836558422,-0.000672414055,-1.000000000000,0.977807980693,1.008527453888,1.013564563393,1.011717198446,1.006505785100,0.992861498010,0.993982945205,0.983237200852,0.998948801938,0.000000000000,1.000000000000,0.000000000000,0.000000000000,1.000000000000,1.000000000000,6.000000000000,2.000000000000,270.886135465721,0.417544535265,0.475564453457
164,4,8,15.200371114659,1.004101619169,0.134580110056,270.832173029427,175.000000000000,14,7,7,243,36.486633929234,15.769494932942,104.922346735537,0.999582641968,-0.004101207036,-0.000417358032,-1.000000000000,0.991787085804,1.004101402350,1.013390903443,1.007703776854,1.001577098100,1.007671653270,0.994365419843,0.984157596304,0.999151577293,0.000000000000,0.000000000000,3.000000000000,1.000000000000,1.000000000000,1.000000000000,6.000000000000,2.000000000000,270.832173029427,0.403835504801,0.479238873617
262,2,13,15.228993433419,1.001593593214,0.197019627091,270.834356943541,175.000000000000,14,7,7,6,36.782469365927,15.759281989958,104.787684367495,0.999407908324,-0.007888355475,-0.000592091676,-1.000000000000,0.989641769983,1.006894337423,1.012287033892,1.007077152743,0.999984691109,0.995267634005,0.998784894784,0.971502646638,1.000047701726,0.000000000000,0.000000000000,2.000000000000,1.000000000000,1.000000000000,1.000000000000,6.000000000000,2.000000000000,270.834356943541,0.403813997624,0.477828557559
242,2,12,15.231216269731,1.001736725142,0.194605808308,270.831201681053,175.000000000000,14,7,7,10,36.784765747908,15.750850421309,104.810909784752,0.999720767549,-0.007725246937,-0.000279232451,-1.000000000000,0.990061245910,1.006576163209,1.012287033892,1.007664611494,1.000277365540,0.995267634005,0.998763237930,0.971502646638,1.000043620455,0.000000000000,1.000000000000,2.000000000000,1.000000000000,1.000000000000,1.000000000000,6.000000000000,2.000000000000,270.831201681053,0.403048545547,0.477408233490
245,5,12,15.253972924091,1.006408452539,0.191201909686,271.106417697552,175.000000000000,14,7,7,283,36.209181582353,16.220003824588,104.433063195764,0.999119233193,-0.007601588330,-0.000880766807,-1.000000000000,0.997322273826,1.008942397038,1.013557753022,1.013491860444,1.010667067855,1.004766251644,0.995731398737,0.989320329634,0.999138583570,1.000000000000,0.000000000000,0.000000000000,1.000000000000,1.000000000000,1.000000000000,6.000000000000,2.000000000000,271.106417697552,0.397635526312,0.477521435856
163,3,8,15.277005550073,1.003878014548,0.122963210139,270.831233694803,175.000000000000,14,7,7,31,36.556238029520,15.983797825527,104.859990327476,0.999660851896,-0.003401837695,-0.000339148104,-1.000000000000,0.989765383901,1.003736373544,1.012187821525,1.015213521231,1.001384309897,0.995495030216,0.998624348037,0.985352798629,0.999894147826,0.000000000000,0.000000000000,3.000000000000,1.000000000000,1.000000000000,1.000000000000,6.000000000000,2.000000000000,270.831233694803,0.403909544168,0.477515333183
185,5,9,15.280717393201,1.006526267467,0.145471110912,270.831054802975,200.000000000000,14,7,7,251,36.047354421669,16.449251343777,104.141620197417,0.999872038024,-0.004771896542,-0.000127961976,-1.000000000000,0.987230443935,1.008510174167,1.014924771728,1.006311168004,1.006641546981,1.005643316548,0.996966297158,0.992882395953,0.999304018126,0.000000000000,0.000000000000,2.000000000000,1.000000000000,2.000000000000,1.000000000000,6.000000000000,2.000000000000,270.831054802975,0.376323635090,0.486718834626
205,5,10,15.281640821168,1.006384487017,0.156108554215,270.832375768986,200.000000000000,14,7,7,303,36.171877262928,16.288204443580,104.610171092286,0.998278466954,-0.005502189402,-0.001721533046,-1.000000000000,0.997391421148,1.006932009465,1.013280830802,1.006724622781,1.006673495263,1.005643354566,0.999906825409,0.982413148405,0.999347038149,1.000000000000,0.000000000000,2.000000000000,1.000000000000,2.000000000000,1.000000000000,6.000000000000,2.000000000000,270.832375768986,0.380934128574,0.490568321794
143,3,7,15.292380389015,1.003998337137,0.119953082525,270.831233694803,175.000000000000,14,7,7,63,36.621409223302,16.020453886483,104.819860726225,0.999247972460,-0.003253482165,-0.000752027540,-1.000000000000,0.989771740601,1.006594817142,1.012670699010,1.014605201119,1.001778570054,0.995356449257,0.994786421518,0.984698908116,1.000218237732,0.000000000000,0.000000000000,3.000000000000,1.000000000000,1.000000000000,1.000000000000,6.000000000000,2.000000000000,270.831233694803,0.403140598910,0.477516209430
144,4,7,15.301549374945,1.004863974389,0.112267542102,270.832150173017,175.000000000000,14,7,7,181,36.378652346805,16.145024124837,104.854115993011,0.999629050098,-0.002760765991,-0.000370949902,-1.000000000000,0.989657760355,1.003698811921,1.012167827987,1.015246733246,1.001569791583,1.008527309013,0.998673121179,0.985363410746,0.999294176971,0.000000000000,0.000000000000,3.000000000000,1.000000000000,1.000000000000,1.000000000000,6.000000000000,2.000000000000,270.832150173017,0.403859346100,0.477425156688
124,4,6,15.331401803364,1.004619783622,0.103337138986,270.832176925235,175.000000000000,14,7,7,185,36.490893243007,16.120981820964,105.124732257810,0.998749920478,-0.002273719092,-0.001250079522,-1.000000000000,0.991894457515,1.004101402350,1.013504887105,1.014655381414,1.001520783321,1.007342576680,0.994373462098,0.984157621870,0.999151577293,0.000000000000,0.000000000000,3.000000000000,1.000000000000,1.000000000000,1.000000000000,6.000000000000,2.000000000000,270.832176925235,0.403835504801,0.484522640863
346,6,17,15.333376438482,1.008506141893,0.262979776827,270.831178327944,200.000000000000,14,7,7,384,35.906282628396,16.920892450240,103.336579168807,0.999959565163,-0.011890946807,-0.000040434837,-1.000000000000,0.998070448001,1.008471761929,1.003637145866,1.015284280312,1.011152495325,1.008543662342,0.998374925115,0.994020395712,1.007755187711,0.000000000000,0.000000000000,0.000000000000,1.000000000000,2.000000000000,1.000000000000,6.000000000000,2.000000000000,270.831178327944,0.379848962047,0.465070421858
123,3,6,15.343301269148,1.003826705123,0.104873861574,270.831154322708,175.000000000000,14,7,7,37,36.614161894346,15.998997574383,105.494917331941,0.998278270894,-0.002384022445,-0.001721729106,-1.000000000000,0.995555029171,1.004101402350,1.013596557066,1.015620214590,1.001520783321,0.998221869442,0.994373983488,0.984160942537,0.995104240020,0.000000000000,0.000000000000,3.000000000000,1.000000000000,1.000000000000,1.000000000000,6.000000000000,2.000000000000,270.831154322708,0.403835504801,0.494193138726
366,6,18,15.345692809222,1.008585834290,0.284477284836,270.834056477771,200.000000000000,14,7,7,822,35.713972601371,17.069901640035,103.297178196569,0.999752351871,-0.017650661298,-0.000247648129,-1.000000000000,1.002007216893,1.009350462672,0.992129635932,1.015364864368,1.016604675302,1.005697820304,1.007386047697,0.991272182563,1.006991014109,0.000000000000,-1.000000000000,0.000000000000,1.000000000000,2.000000000000,1.000000000000,6.000000000000,2.000000000000,270.834056477771,0.376026800549,0.467148662605
165,5,8,15.360101295825,1.006257288665,0.125371540492,270.836976596418,150.000000000000,14,14,7,238,36.331417979734,16.473141570234,104.452025568373,0.999277121613,-0.003580983135,-0.000722878387,-1.000000000000,1.000555830309,1.008456376369,1.013682072081,1.014033125556,1.006438885426,1.005011216990,1.000254744957,0.986455023385,0.998981476687,0.000000000000,0.000000000000,2.000000000000,2.000000000000,0.000000000000,1.000000000000,6.000000000000,2.000000000000,270.836976596418,0.404455732514,0.486450473313
286,6,14,15.362394388897,1.008511421958,0.218497839982,271.856193796919,200.000000000000,14,7,7,327,35.827474702384,16.939597130982,103.716893918684,0.999633565000,-0.009197478531,-0.000366435000,-1.000000000000,1.002007216893,1.009234286324,1.004753543858,1.006702907265,1.011356636715,1.005697820304,1.007386047697,0.991272182563,0.999542747725,0.000000000000,-1.000000000000,2.000000000000,1.000000000000,2.000000000000,1.000000000000,6.000000000000,2.000000000000,271.856193796919,0.376712171036,0.467123797340
266,6,13,15.373355163711,1.008523614524,0.198323694179,270.831178327944,200.000000000000,14,7,7,356,35.988522710428,16.935294073544,103.578340634772,0.999688495627,-0.007965657252,-0.000311504373,-1.000000000000,0.998070448001,1.008471761929,1.003459905937,1.008099533095,1.006505532272,1.008543662342,0.998381255593,0.993872609265,1.007262544788,0.000000000000,0.000000000000,3.000000000000,1.000000000000,2.000000000000,1.000000000000,6.000000000000,2.000000000000,270.831178327944,0.379848962047,0.465116409415
326,6,16,15.378155921889,1.008504205027,0.254486413427,270.838236912095,175.000000000000,14,7,7,296,35.954094345575,17.015349673351,103.406196187615,0.999865032017,-0.011379317762,-0.000134967983,-1.000000000000,0.997925203512,1.009170631571,1.003902023681,1.016677966588,1.011415173312,1.011242950445,1.000173131167,0.991235537242,1.010861961568,0.000000000000,1.000000000000,0.000000000000,1.000000000000,1.000000000000,1.000000000000,6.000000000000,2.000000000000,270.838236912095,0.387744698778,0.465740288195
222,2,11,15.380226117696,1.000563395501,0.169121849402,270.834356943541,175.000000000000,14,7,7,3,37.037573536768,16.075322193340,104.801291528300,0.999964749457,-0.006179440335,-0.000035250543,-1.000000000000,0.989550326542,1.006633544062,1.016596974332,1.007472588039,0.992657609287,0.995092170172,0.994037088781,0.971502646638,0.998957881068,0.000000000000,0.000000000000,2.000000000000,1.000000000000,1.000000000000,1.000000000000,6.000000000000,2.000000000000,270.834356943541,0.404074513994,0.477828557559
145,5,7,15.383865599564,1.006278957126,0.117778362986,270.833496098074,175.000000000000,14,7,7,276,36.328188764807,16.471579017652,104.766676093696,0.998433528480,-0.003191003814,-0.001566471520,-1.000000000000,0.997316893905,1.006612874239,1.013462210873,1.016271840138,1.006340752971,1.005689109155,0.999343353969,0.984078295998,0.999384777196,0.000000000000,0.000000000000,2.000000000000,1.000000000000,1.000000000000,1.000000000000,6.000000000000,2.000000000000,270.833496098074,0.403827934363,0.477266022814
306,6,15,15.415094107389,1.008564720746,0.225788975771,270.828710373353,200.000000000000,14,7,7,269,35.888372949190,17.175608450330,103.356949730828,0.999870012271,-0.009644789940,-0.000129987729,-1.000000000000,0.992755192359,1.009240097318,1.002717709031,1.016145450983,1.018807626896,1.011216020707,0.999008035782,0.985749384294,1.007092585697,0.000000000000,0.000000000000,1.000000000000,1.000000000000,2.000000000000,1.000000000000,6.000000000000,2.000000000000,270.828710373353,0.377965239749,0.466096530796
104,4,5,15.418060750008,1.005272207517,0.089329493419,270.831076479350,150.000000000000,14,7,7,117,36.508670494185,16.480665003510,104.753675511669,0.998907160038,-0.001433422152,-0.001092839962,-1.000000000000,0.994735722829,1.008510503395,1.017546586730,1.015648096762,1.006459321428,1.005038203214,0.993813930319,0.983844072526,0.998990966761,0.000000000000,0.000000000000,2.000000000000,1.000000000000,0.000000000000,1.000000000000,6.000000000000,2.000000000000,270.831076479350,0.404483535892,0.494321788087
386,6,19,15.420962839718,1.008788576970,0.286204482959,271.837297309006,200.000000000000,14,7,7,37,35.695943435697,17.211932252671,103.596270680544,0.999990926192,-0.013444345355,-0.000009073808,-1.000000000000,1.002007216893,1.009240183387,1.004753543858,1.012389314887,1.018730553812,1.005697820304,1.007386047697,0.993011418243,0.999542747725,0.000000000000,-1.000000000000,-1.000000000000,1.000000000000,2.000000000000,1.000000000000,6.000000000000,2.000000000000,271.837297309006,0.376712171036,0.466171759233
246,6,12,15.421437351024,1.008687564276,0.186422950267,271.856193796919,200.000000000000,14,7,7,316,35.888739293127,16.977851808371,104.203376404076,0.998079288156,-0.007361758221,-0.001920711844,-1.000000000000,0.999886312024,1.009212868034,1.004753543858,1.014018329874,1.011356636715,1.010294906008,1.000089793368,0.991190724965,1.000350149993,0.000000000000,0.000000000000,2.000000000000,1.000000000000,2.000000000000,1.000000000000,6.000000000000,2.000000000000,271.856193796919,0.380475285256,0.476781746305
125,5,6,15.428238828334,1.006311476897,0.101367486276,270.833839462396,175.000000000000,14,7,7,263,36.262749552288,16.488536137005,105.320393872005,0.997681492198,-0.002220754379,-0.002318507802,-1.000000000000,0.997017816572,1.008457104964,1.013428792204,1.011689326489,1.006592011358,1.006497258323,1.000231631709,0.985366892468,0.994237690446,1.000000000000,0.000000000000,3.000000000000,1.000000000000,1.000000000000,1.000000000000,6.000000000000,2.000000000000,270.833839462396,0.404506626014,0.486617567603
202,2,10,15.448134567827,1.001520026456,0.154519612445,270.835183981859,150.000000000000,14,7,7,4,37.113171130403,16.334648399433,104.503117974487,0.999849425213,-0.005300356964,-0.000150574787,-1.000000000000,0.997147180628,1.008539479383,1.015068559322,1.011688188388,0.999463368730,0.995497188211,0.993835644964,0.966957428037,1.000041361952,0.000000000000,0.000000000000,2.000000000000,1.000000000000,0.000000000000,1.000000000000,6.000000000000,2.000000000000,270.835183981859,0.405195641508,0.486785700088
105,5,5,15.463103524741,1.006364964846,0.089208438553,270.681581789978,150.000000000000,14,7,7,236,36.340566504584,16.737573800940,104.588791072834,0.999336121521,-0.001403071648,-0.000663878479,-1.000000000000,0.996916322534,1.008326322772,1.017539971955,1.014222631425,1.006534581301,1.008319702598,1.000026631646,0.984060430964,0.999314767928,0.000000000000,1.000000000000,2.000000000000,1.000000000000,0.000000000000,1.000000000000,6.000000000000,2.000000000000,270.681581789978,0.404840128977,0.488300839420
226,6,11,15.471663414999,1.008516741643,0.176446439123,270.832516306602,175.000000000000,14,7,7,341,36.050665381148,17.233956111187,103.490111783185,0.999605931734,-0.006694782819,-0.000394068266,-1.000000000000,1.000832313126,1.009078160787,1.013890441757,1.014690014514,1.011231972449,1.002323702563,1.000445879141,0.991717964640,1.006951862149,0.000000000000,0.000000000000,0.000000000000,1.000000000000,1.000000000000,1.000000000000,6.000000000000,2.000000000000,270.832516306602,0.381992469010,0.477896529279
206,6,10,15.490591454042,1.008595886162,0.159113485456,270.832305680997,175.000000000000,14,7,7,317,35.985871450264,17.325864530841,103.469634707792,0.999779820764,-0.005638120845,-0.000220179236,-1.000000000000,0.997949444302,1.008891673866,1.016154804119,1.013659143617,1.011429514223,1.005100149590,1.000434919345,0.991860915545,1.006881787780,0.000000000000,0.000000000000,0.000000000000,1.000000000000,1.000000000000,1.000000000000,6.000000000000,2.000000000000,270.832305680997,0.377727807197,0.483178580751
186,6,9,15.494277372322,1.008659259587,0.137858372018,270.840397259113,225.000000000000,14,7,7,363,35.985013699623,17.256855558428,103.718392939518,0.999952810475,-0.004339101160,-0.000047189525,-1.000000000000,0.996940332737,1.008466522115,1.014500823905,1.006795351569,1.006640164652,1.004178439583,0.999501832404,0.993719543144,0.999591169910,0.000000000000,0.000000000000,2.000000000000,1.000000000000,3.000000000000,1.000000000000,6.000000000000,2.000000000000,270.840397259113,0.373791233808,0.467320627152
84,4,4,15.505818167471,1.004923887523,0.068659198600,270.813537756500,175.000000000000,14,7,7,108,36.523795193289,16.617622367389,105.215050977115,0.998107525126,-0.000259279456,-0.001892474874,-1.000000000000,0.987293852460,1.006636920805,1.024056810859,1.008058464014,1.000022761574,1.006629962605,0.997235876951,0.983960355610,0.999688908770,0.000000000000,1.000000000000,2.000000000000,1.000000000000,1.000000000000,1.000000000000,6.000000000000,2.000000000000,270.813537756500,0.416529935337,0.469677111073
146,6,7,15.507469439284,1.008589663487,0.118199165509,270.833602528108,200.000000000000,14,7,7,272,35.975052654883,17.247694746987,103.896100556559,0.999939439030,-0.003139669937,-0.000060560970,-1.000000000000,0.997318696182,1.008335751536,1.016236457104,1.006742947078,1.011251475418,1.005770769940,1.000226496928,0.991476024217,0.999384175203,0.000000000000,1.000000000000,2.000000000000,1.000000000000,2.000000000000,1.000000000000,6.000000000000,2.000000000000,270.833602528108,0.376775097205,0.477590051737
166,6,8,15.532878680365,1.008705699479,0.125041442156,270.840327306588,225.000000000000,14,7,7,328,35.998037888131,17.326597375987,103.900607071295,0.999339236019,-0.003604966164,-0.000660763981,-1.000000000000,0.997054820121,1.008474505027,1.015893548576,1.006492942356,1.006640164652,1.005692998718,0.999503153754,0.992115581929,0.999353806774,0.000000000000,0.000000000000,2.000000000000,1.000000000000,3.000000000000,1.000000000000,6.000000000000,2.000000000000,270.840327306588,0.376766619588,0.468020848777
162,2,8,15.533227346823,1.001570240153,0.132712115100,270.831233694803,175.000000000000,14,7,7,1,36.972732708410,16.534621525815,104.904219694312,0.999931585535,-0.003975159469,-0.000068414465,-1.000000000000,0.989765383901,1.003823756380,1.012187821525,1.015248767754,1.001419811603,0.995921128797,0.998624348037,0.964552989131,0.999894147826,0.000000000000,1.000000000000,3.000000000000,1.000000000000,1.000000000000,1.000000000000,6.000000000000,2.000000000000,270.831233694803,0.403495821982,0.477145616298
126,6,6,15.552232400474,1.008662318337,0.100814850286,270.833602528108,200.000000000000,14,7,7,295,36.041882462218,17.378255791597,103.816956902653,0.999821805975,-0.002107870348,-0.000178194025,-1.000000000000,0.997958325497,1.008321669445,1.013500157931,1.018194107547,1.006685864924,1.005642226708,1.000236247255,0.992111206745,0.999352127351,0.000000000000,0.000000000000,2.000000000000,1.000000000000,2.000000000000,1.000000000000,6.000000000000,2.000000000000,270.833602528108,0.376775796722,0.477611454947
85,5,4,15.558620918705,1.006987428863,0.074764449547,270.672531949976,150.000000000000,14,7,7,200,36.269345731740,17.110605612099,104.441506252862,0.999138453285,-0.000552426000,-0.000861546715,-1.000000000000,0.995549648560,1.009931186578,1.017829437377,1.015796483421,1.006537497512,1.013436426628,1.000087670088,0.984060421541,0.999406966964,0.000000000000,0.000000000000,2.000000000000,1.000000000000,0.000000000000,1.000000000000,6.000000000000,2.000000000000,270.672531949976,0.404932227103,0.486470588646
106,6,5,15.594803322022,1.008817774278,0.088073843093,270.831209799615,200.000000000000,14,7,7,290,36.049172591497,17.478764280254,103.896393965581,0.999866163404,-0.001339249151,-0.000133836596,-1.000000000000,0.997958325497,1.008321756346,1.016170742877,1.015370296083,1.006637872669,1.005760698074,1.000224851490,0.992110673236,0.999352127351,0.000000000000,1.000000000000,2.000000000000,1.000000000000,2.000000000000,1.000000000000,6.000000000000,2.000000000000,270.831209799615,0.376775097205,0.477611454947
103,3,5,15.605500385502,1.003115769449,0.080676088830,270.833379885644,175.000000000000,14,7,7,41,36.379728118725,17.067894452024,104.803735827927,0.999992206291,-0.004841032952,-0.000007793709,-1.000000000000,0.987526914450,1.006241788816,0.988197036832,1.055158967048,1.007107368299,1.000306033339,0.993184961605,0.985385054657,1.001463069541,0.000000000000,0.000000000000,-2.000000000000,1.000000000000,1.000000000000,1.000000000000,6.000000000000,2.000000000000,270.833379885644,0.399243389936,0.484485880559
86,6,4,15.618772557303,1.008679966724,0.074759352682,270.833602528108,200.000000000000,14,7,7,261,36.058550382185,17.576580233072,103.810353375670,0.999744862348,-0.000542530907,-0.000255137652,-1.000000000000,0.997969849354,1.008320764082,1.021342956827,1.007058940043,1.006639540807,1.005772327160,1.000060022577,0.992111206745,0.999352127351,0.000000000000,0.000000000000,2.000000000000,1.000000000000,2.000000000000,1.000000000000,6.000000000000,2.000000000000,270.833602528108,0.376775796722,0.477439053053
83,3,4,15.638756519591,1.003004034987,0.067083017824,270.833414712354,175.000000000000,14,7,7,41,36.337834966710,17.177426043451,104.871516094161,0.999595051078,-0.004049278005,-0.000404948922,-1.000000000000,0.987519405569,1.006241788816,0.988197036832,1.055950721995,1.001257720679,1.000306033339,0.999338625601,0.985062711185,1.001496046855,0.000000000000,0.000000000000,-2.000000000000,1.000000000000,1.000000000000,1.000000000000,6.000000000000,2.000000000000,270.833414712354,0.399243389936,0.486255257042
63,3,3,15.648742045561,1.002928993062,0.056703178113,270.681657571322,175.000000000000,14,7,7,48,36.342288357586,17.207368627354,104.838129523134,0.999941415282,-0.003405705770,-0.000058584718,-1.000000000000,0.987603565617,1.006574541135,0.988197036832,1.056594294230,1.001257720679,1.000306033339,0.999338625601,0.985058700073,1.000112299387,0.000000000000,0.000000000000,-2.000000000000,1.000000000000,1.000000000000,1.000000000000,6.000000000000,2.000000000000,270.681657571322,0.399243389936,0.486255257042
64,4,3,15.686023976749,1.004139235181,0.056048665259,270.831314564680,175.000000000000,14,7,7,147,36.238666467029,17.371710217413,104.871054061673,0.999477259850,-0.003394284325,-0.000522740150,-1.000000000000,0.987519405569,1.006574541135,0.991031259256,1.056605715675,1.008683292405,1.000306033339,0.999338625601,0.985183928512,1.000054920890,0.000000000000,0.000000000000,-2.000000000000,1.000000000000,1.000000000000,1.000000000000,6.000000000000,2.000000000000,270.831314564680,0.399243389936,0.486255257042
43,3,2,15.690273301600,1.003474515122,0.041844271641,270.815675610117,175.000000000000,14,7,7,44,36.448710193504,17.258783440274,104.959351685161,0.999292170903,-0.002553126044,-0.000707829097,-1.000000000000,0.994834293359,1.006586922268,0.988598659773,1.057446873956,1.000683855892,1.003231169830,0.993485829330,0.985184896357,1.000038868744,0.000000000000,0.000000000000,-2.000000000000,1.000000000000,1.000000000000,1.000000000000,6.000000000000,2.000000000000,270.815675610117,0.401043438965,0.486195703967
287,7,14,15.693374614161,1.010799643297,0.217948644701,270.878106918606,200.000000000000,14,7,7,290,35.586924731443,18.194364042042,103.349179386059,0.999321570895,-0.009206961705,-0.000678429105,-1.000000000000,0.997741151983,1.009211632716,1.003340741777,1.015502382858,1.012793355114,1.012116243868,1.008027784798,0.997041661038,1.007795451330,0.000000000000,1.000000000000,1.000000000000,1.000000000000,2.000000000000,1.000000000000,6.000000000000,2.000000000000,270.878106918606,0.377352372070,0.464357074027
44,4,2,15.712312709565,1.004320560663,0.037852705287,270.834313417223,175.000000000000,14,7,7,176,36.359471366104,17.424008645578,104.726344732194,0.999980160865,-0.002272352665,-0.000019839135,-1.000000000000,0.996706479509,1.006629125225,0.989506980997,1.057727647335,0.999968134660,1.004160097709,0.999405359570,0.984655841312,0.999746435801,0.000000000000,1.000000000000,-2.000000000000,1.000000000000,1.000000000000,1.000000000000,6.000000000000,2.000000000000,270.834313417223,0.401107711955,0.477829165875
367,7,18,15.712942670554,1.010762525000,0.281627698533,270.809975507045,175.000000000000,14,7,7,764,35.803707734952,18.277586320205,102.938769592783,0.999192331439,-0.014354021671,-0.000807668561,-1.000000000000,1.005183583367,1.018596020460,0.992748328526,1.017481944580,1.011341328642,1.015670781137,0.999731540428,0.994231933743,1.010941310672,1.000000000000,0.000000000000,1.000000000000,1.000000000000,1.000000000000,1.000000000000,6.000000000000,2.000000000000,270.809975507045,0.376393744803,0.467089219921
327,7,16,15.717600096118,1.010800271535,0.243042431289,270.820807434022,200.000000000000,14,7,7,328,35.587990336009,18.252694436251,103.445178473281,0.998713736172,-0.010745747822,-0.001286263828,-1.000000000000,1.001865553662,1.009492228544,1.003457907277,1.006715616386,1.019707065096,1.013783661153,1.006426253477,0.991298409795,1.007793586513,0.000000000000,1.000000000000,1.000000000000,1.000000000000,2.000000000000,1.000000000000,6.000000000000,2.000000000000,270.820807434022,0.377137126873,0.467485999711
307,7,15,15.717772788112,1.010816910563,0.237744041470,270.834101702024,200.000000000000,14,7,7,363,35.755763084236,18.223702381687,103.248297448248,0.998998120003,-0.010436629979,-0.001001879997,-1.000000000000,1.004985017554,1.009913348712,1.003563309942,1.016628692887,1.018851988415,1.012085028446,0.999071368321,0.994185637267,1.007105298201,0.000000000000,0.000000000000,0.000000000000,1.000000000000,2.000000000000,1.000000000000,6.000000000000,2.000000000000,270.834101702024,0.377348881549,0.466158012463
23,3,1,15.721351495559,1.003128385028,0.020317451634,270.833605224949,175.000000000000,14,7,7,37,36.337785129733,17.422299412404,104.868330636205,0.999818144888,-0.001229958405,-0.000181855112,-1.000000000000,0.987519405569,1.006666825993,0.988523780578,1.058770041595,1.001681001303,1.000263378535,0.999446780994,0.985064539625,0.999615312537,0.000000000000,0.000000000000,-2.000000000000,1.000000000000,1.000000000000,1.000000000000,6.000000000000,2.000000000000,270.833605224949,0.399243389936,0.486170998308
267,7,13,15.733614975579,1.011071982688,0.199828389556,273.737617449790,200.000000000000,14,7,7,365,35.646706678422,18.426489196273,102.919161981715,0.999199398318,-0.008162241243,-0.000800601682,-1.000000000000,0.995677374614,1.014295366217,1.002855718186,1.019107702209,1.018851988415,1.013449645274,1.000255217623,0.993625380797,1.006049612924,0.000000000000,0.000000000000,1.000000000000,1.000000000000,2.000000000000,1.000000000000,6.000000000000,2.000000000000,273.737617449790,0.359536495332,0.463089297911
24,4,1,15.747512828437,1.004265438528,0.029966476124,270.815654148791,175.000000000000,14,7,7,149,36.344891813954,17.462947041221,105.048399672352,0.998958593132,-0.001860472980,-0.001041406868,-1.000000000000,0.996838843065,1.006517354695,0.989506980997,1.058139527020,1.000667867177,1.004131414316,0.999436919931,0.983387134185,0.999623423491,0.000000000000,1.000000000000,-2.000000000000,1.000000000000,1.000000000000,1.000000000000,6.000000000000,2.000000000000,270.815654148791,0.401013640199,0.486472682669
347,7,17,15.750587272222,1.010983413460,0.260608845238,270.834692739770,200.000000000000,14,7,7,450,35.548074798337,18.418169925216,103.274830852751,0.999116502312,-0.011819665986,-0.000883497688,-1.000000000000,1.001746153849,1.009910337477,1.003561580858,1.019107702209,1.018851988415,1.013655161904,1.007647706070,0.993073714813,1.006888754703,0.000000000000,0.000000000000,-1.000000000000,1.000000000000,2.000000000000,1.000000000000,6.000000000000,2.000000000000,270.834692739770,0.376322745524,0.466158012463
3,3,0,15.752180334744,1.003138790452,0.013544004016,270.811809617261,150.000000000000,14,7,7,48,36.382760582357,17.528794055893,104.741418664034,0.999956059969,-0.000815276643,-0.000043940031,-1.000000000000,0.990395551726,1.008536508414,0.989609553466,1.059184723357,1.001194573190,1.001815859661,1.000584789113,0.984123942039,0.999448711324,0.000000000000,0.000000000000,-2.000000000000,1.000000000000,0.000000000000,1.000000000000,6.000000000000,2.000000000000,270.811809617261,0.404792971241,0.493690496875
227,7,11,15.756653218317,1.010774962946,0.167843835153,270.835901380030,175.000000000000,14,7,7,367,35.612710455211,18.370486466504,103.327621873696,0.999815828809,-0.006130083698,-0.000184171191,-1.000000000000,0.998070334428,1.009384715403,1.003365805729,1.018298589602,1.016302505885,1.017482104772,1.007936842587,0.991917289852,1.007133428503,0.000000000000,0.000000000000,2.000000000000,1.000000000000,1.000000000000,1.000000000000,6.000000000000,2.000000000000,270.835901380030,0.376399893302,0.477083905561
207,7,10,15.772117966308,1.010822285640,0.162134595957,271.837297309006,200.000000000000,14,7,7,373,35.581851541559,18.310921783411,103.755953361463,0.999308546851,-0.005834482732,-0.000691453149,-1.000000000000,0.998586144014,1.009240183387,1.004753543858,1.015857417948,1.018730553812,1.013689645739,1.007386047697,0.994553739208,0.999542747725,1.000000000000,-1.000000000000,2.000000000000,1.000000000000,2.000000000000,1.000000000000,6.000000000000,2.000000000000,271.837297309006,0.376706095793,0.466171759233
4,4,0,15.773676452485,1.005004114262,0.013548471900,270.831201177763,175.000000000000,14,7,7,108,36.325879168659,17.702063488859,104.480570952968,0.999960527854,-0.000815276643,-0.000039472146,-1.000000000000,0.996462690889,1.008534363886,0.989506980997,1.059184723357,1.000681201268,1.006599578109,0.999803147944,0.985187246036,0.999599502233,0.000000000000,0.000000000000,-2.000000000000,1.000000000000,1.000000000000,1.000000000000,6.000000000000,2.000000000000,270.831201177763,0.406012122366,0.466831262339
187,7,9,15.775878979721,1.010764951441,0.142023675205,270.831210182100,200.000000000000,14,7,7,328,35.738322874446,18.457908661280,103.047192577385,0.999678722969,-0.004645127803,-0.000321277031,-1.000000000000,0.997798647879,1.009299124652,1.016031202835,1.015476164894,1.011203975078,1.008705380120,1.007279159141,0.994182394103,1.007004116775,0.000000000000,0.000000000000,0.000000000000,1.000000000000,2.000000000000,1.000000000000,6.000000000000,2.000000000000,270.831210182100,0.376053029491,0.462691336406
247,7,12,15.782333388753,1.011047881608,0.192433180825,270.834692739770,200.000000000000,14,7,7,337,35.678122108069,18.457090936872,103.283986733828,0.998696971200,-0.007722801612,-0.001303028800,-1.000000000000,0.995677374614,1.014174013588,1.003665267508,1.019107702209,1.018851988415,1.013448384879,1.000127886099,0.993073714813,1.006229807714,0.000000000000,0.000000000000,1.000000000000,1.000000000000,2.000000000000,1.000000000000,6.000000000000,2.000000000000,270.834692739770,0.376498039764,0.466158012463
65,5,3,15.793078441015,1.006397707242,0.058483228317,270.846438505356,175.000000000000,14,7,7,179,36.057445618839,17.902397163430,104.482137352366,0.999598266238,-0.003533097725,-0.000401733762,-1.000000000000,0.998234505104,1.011913969081,0.978624702502,1.056466902275,1.010992387152,1.001866895281,0.999438552370,0.994563818558,1.000074885605,0.000000000000,1.000000000000,-2.000000000000,1.000000000000,1.000000000000,1.000000000000,6.000000000000,2.000000000000,270.846438505356,0.404458900394,0.466814065317
167,7,8,15.800896948201,1.011064195909,0.129370900995,270.831453922385,200.000000000000,14,7,7,351,35.725503664923,18.548204690066,103.017088336143,0.999785807496,-0.003860866773,-0.000214192504,-1.000000000000,0.997070346645,1.009942221759,1.013145908911,1.015949286627,1.011031788879,1.013165742005,1.003394931974,0.994670123428,1.007751300304,0.000000000000,0.000000000000,1.000000000000,1.000000000000,2.000000000000,1.000000000000,6.000000000000,2.000000000000,270.831453922385,0.370368426699,0.467567115824
25,5,1,15.809190978487,1.006283522540,0.027264016000,270.832600184465,175.000000000000,14,7,7,236,36.163520374167,17.916896690307,104.409430235177,0.999766540874,-0.001649848508,-0.000233459126,-1.000000000000,0.998548165683,1.008084455124,0.989501190058,1.058350151492,1.011326568075,1.004756998014,1.000177918319,0.985275807948,0.999577439174,0.000000000000,0.000000000000,-2.000000000000,1.000000000000,1.000000000000,1.000000000000,6.000000000000,2.000000000000,270.832600184465,0.398881472012,0.474689531375
387,7,19,15.813336333055,1.010785490700,0.286863495346,270.834022164328,175.000000000000,14,7,7,115,35.793497493515,18.544284174467,103.040795296635,0.999791288420,-0.015057039544,-0.000208711580,-1.000000000000,1.009346722916,1.009685024468,1.002556172699,1.016396937172,1.020103551902,1.015418190132,1.000230880831,0.992789180128,1.013533725613,1.000000000000,0.000000000000,-2.000000000000,1.000000000000,1.000000000000,1.000000000000,6.000000000000,2.000000000000,270.834022164328,0.376713087377,0.467090674049
45,5,2,15.814934326264,1.006424557059,0.037411494755,270.831462692273,175.000000000000,14,7,7,217,36.161838058861,17.876424245217,104.604009276314,0.999699267291,-0.002262733648,-0.000300732709,-1.000000000000,0.997023457145,1.006373550666,0.990327691345,1.057737266352,1.010970696627,1.006512820050,1.000067531427,0.989333464638,0.999527341738,0.000000000000,0.000000000000,-2.000000000000,1.000000000000,1.000000000000,1.000000000000,6.000000000000,2.000000000000,270.831462692273,0.416137894403,0.456244561211
142,2,7,15.823231203269,1.001722345581,0.119539990371,270.847611055625,175.000000000000,14,7,7,2,36.702335739466,17.446420072971,105.199695610819,0.999891361322,-0.003241548512,-0.000108638678,-1.000000000000,0.958131033229,1.007996973389,1.024468167798,1.015447533572,1.000722989896,1.008469278149,0.997701404527,0.981256218454,1.000358828429,1.000000000000,0.000000000000,0.000000000000,1.000000000000,1.000000000000,1.000000000000,6.000000000000,2.000000000000,270.847611055625,0.419292455553,0.469490649225
5,5,0,15.847463937137,1.006384253158,0.013839926248,270.831025972414,175.000000000000,14,7,7,173,36.151653120495,18.023738439033,104.464921067558,0.999676276915,-0.000849818960,-0.000323723085,-1.000000000000,0.996462814713,1.008293954418,0.989552372700,1.059150181040,1.011332576083,1.007797367737,1.000162831588,0.985187246036,0.999598964853,0.000000000000,0.000000000000,-2.000000000000,1.000000000000,1.000000000000,1.000000000000,6.000000000000,2.000000000000,270.831025972414,0.405738217840,0.466797194705
127,7,6,15.864716900367,1.010794749559,0.093839074177,271.133828665320,175.000000000000,14,7,7,269,35.980170553073,18.524566684300,103.356174896113,0.999080971695,-0.001747534819,-0.000919028305,-1.000000000000,1.000619103141,1.009170631571,1.013875690555,1.015271183161,1.011415173312,1.011094602063,1.000479008267,0.993049254795,1.010861961568,0.000000000000,0.000000000000,2.000000000000,1.000000000000,1.000000000000,1.000000000000,6.000000000000,2.000000000000,271.133828665320,0.387888126642,0.460452389051
147,7,7,15.865585837101,1.011097496030,0.117222557023,270.878111847960,200.000000000000,14,7,7,295,35.812069539117,18.576016302595,103.483999791938,0.998910721774,-0.003183116242,-0.001089278226,-1.000000000000,0.998054310452,1.009209540067,1.013918907850,1.016757279379,1.012715540012,1.013447920200,0.998967577214,0.994826153933,1.007740533484,0.000000000000,1.000000000000,1.000000000000,1.000000000000,2.000000000000,1.000000000000,6.000000000000,2.000000000000,270.878111847960,0.377540670880,0.467620104751
107,7,5,15.891250564764,1.010769798296,0.088256946892,271.133828665320,175.000000000000,14,7,7,262,35.996974170708,18.521425014397,103.638717825816,0.998521475291,-0.001443015055,-0.001478524709,-1.000000000000,1.000619103141,1.009170631571,1.013875690555,1.016677966588,1.011415173312,1.011242950445,1.000479008267,0.991235537242,1.010861961568,0.000000000000,1.000000000000,2.000000000000,1.000000000000,1.000000000000,1.000000000000,6.000000000000,2.000000000000,271.133828665320,0.387888126642,0.465740288195
66,6,3,15.927104401324,1.008685549842,0.055654651671,270.832096225706,225.000000000000,14,7,7,211,35.919794149958,18.616296870527,103.732371756369,0.999511450104,-0.003368592094,-0.000488549896,-1.000000000000,0.996489430392,1.011848665860,0.990760161986,1.056631407906,1.008739879192,1.008894087990,1.000156539979,0.987657918704,0.999548808947,1.000000000000,0.000000000000,-2.000000000000,1.000000000000,3.000000000000,1.000000000000,6.000000000000,2.000000000000,270.832096225706,0.372949359814,0.466792664291
87,7,4,15.930158712980,1.010790460612,0.071700395754,270.831178327944,200.000000000000,14,7,7,256,35.964235116144,18.771331460416,103.222108633075,0.999250251199,-0.000448785790,-0.000749748801,-1.000000000000,0.997798647879,1.009286593507,1.023974454915,1.015477718119,1.011152495325,1.008561136636,0.998374204881,0.994055313531,1.007063858609,0.000000000000,0.000000000000,0.000000000000,1.000000000000,2.000000000000,1.000000000000,6.000000000000,2.000000000000,270.831178327944,0.379430698595,0.462652236170
46,6,2,15.937630819571,1.008531380401,0.039175640207,270.830678949399,200.000000000000,14,7,7,239,35.953650822595,18.594195544458,103.853812591489,0.999457185189,-0.002383107301,-0.000542814811,-1.000000000000,0.997602154509,1.012264215345,0.990496014241,1.057616892699,1.011087081445,1.004817878448,1.001038897870,0.991061824923,1.000130913281,0.000000000000,0.000000000000,-2.000000000000,1.000000000000,2.000000000000,1.000000000000,6.000000000000,2.000000000000,270.830678949399,0.387404290074,0.464097058609
26,6,1,15.960345565805,1.008501584344,0.024018114443,270.830678949399,200.000000000000,14,7,7,231,35.979575499589,18.649707018136,103.853256357184,0.999489155652,-0.001471737527,-0.000510844348,-1.000000000000,0.997602154509,1.012447684404,0.990496014241,1.058528262473,1.011059578564,1.004817878448,0.999846297751,0.991061824923,1.000021312121,0.000000000000,0.000000000000,-2.000000000000,1.000000000000,2.000000000000,1.000000000000,6.000000000000,2.000000000000,270.830678949399,0.387404290074,0.464082536695
2,2,0,15.981739378581,1.001036986213,0.001879325572,270.840262992640,200.000000000000,14,7,7,9,36.299054800988,18.059845440889,105.431522904581,0.999507590596,-0.000142304099,-0.000492409404,-1.000000000000,0.969775040579,1.006606518943,0.974659863882,1.059857695901,1.011830955706,0.997881778055,0.993668124241,0.983367501444,1.001472247932,0.000000000000,0.000000000000,-2.000000000000,1.000000000000,2.000000000000,1.000000000000,6.000000000000,2.000000000000,270.840262992640,0.398041138579,0.490727364535
6,6,0,16.007707940426,1.008598284086,0.012775415049,270.831203810092,175.000000000000,14,7,7,217,36.072753310310,18.812629641207,103.616696946121,0.999865539434,-0.000774592537,-0.000134460566,-1.000000000000,0.997617076849,1.012447684404,0.990077652621,1.059225407463,1.011059216604,1.004933490689,1.000218452072,0.990921347303,1.006533147033,0.000000000000,0.000000000000,-2.000000000000,1.000000000000,1.000000000000,1.000000000000,6.000000000000,2.000000000000,270.831203810092,0.398941762454,0.453919015492
22,2,1,16.020217110702,1.001652802554,0.025742721041,270.835690868639,225.000000000000,14,7,7,2,36.376341875591,18.175636622356,105.307941865142,0.999490486516,-0.001575134071,-0.000509513484,-1.000000000000,0.969167535768,1.008571581888,0.974939735325,1.058424865929,1.011830955706,0.995344882685,0.989384704441,0.983363761841,1.000076294041,0.000000000000,0.000000000000,-1.000000000000,1.000000000000,3.000000000000,1.000000000000,6.000000000000,2.000000000000,270.835690868639,0.398873670185,0.476732164492
82,2,4,16.044539513643,1.001729577716,0.068112398254,270.831412865961,175.000000000000,14,3,7,3,36.422173532157,18.175818608091,105.439121221834,0.999877591860,-0.004094088384,-0.000122408140,-1.000000000000,0.961249996946,1.008380657238,0.990730830344,1.055905911616,1.006398792619,1.004641448728,0.999290664895,0.984727001806,0.999734089000,-1.000000000000,0.000000000000,-1.000000000000,0.000000000000,1.000000000000,1.000000000000,6.000000000000,2.000000000000,270.831412865961,0.418355519954,0.475023537282
368,8,18,16.094383554842,1.013033003557,0.281741445758,273.565682545111,200.000000000000,14,7,7,668,35.318115129235,19.868993891783,102.469609870076,0.998607511129,-0.015753599732,-0.001392488871,-1.000000000000,1.004245259850,1.015874711539,0.992277995291,1.017131283935,1.019933094937,1.012279315895,1.006315529898,1.003615955662,1.012078065110,-1.000000000000,0.000000000000,0.000000000000,1.000000000000,2.000000000000,1.000000000000,6.000000000000,2.000000000000,273.565682545111,0.348631558138,0.467210499444
388,8,19,16.098398259591,1.013115390050,0.285030811051,273.565682545111,200.000000000000,14,7,7,119,35.326169755683,19.906628775310,102.389609870076,0.998478324288,-0.016251766467,-0.001521675712,-1.000000000000,1.006223543569,1.015639664452,0.992074133800,1.015356201771,1.019933094937,1.012279315895,1.006315529898,1.003615955662,1.011881991951,0.000000000000,0.000000000000,0.000000000000,1.000000000000,2.000000000000,1.000000000000,6.000000000000,2.000000000000,273.565682545111,0.348631558138,0.467210499444
308,8,15,16.114182228388,1.013092670460,0.232915531193,270.815854624549,200.000000000000,14,7,7,393,35.437232566548,19.854351312911,102.436004371829,0.999596262201,-0.010113574024,-0.000403737799,-1.000000000000,1.001840132613,1.021413056901,1.003442838235,1.006715616386,1.019210427446,1.017108614492,1.006582221011,0.992376948836,1.007793586513,0.000000000000,1.000000000000,1.000000000000,1.000000000000,2.000000000000,1.000000000000,6.000000000000,2.000000000000,270.815854624549,0.357836810333,0.467485999711
248,8,12,16.121464179919,1.013008051181,0.192406676837,270.941451880013,175.000000000000,14,7,7,352,35.490517166315,19.773208630372,102.666495199820,0.999619543390,-0.007620152377,-0.000380456610,-1.000000000000,1.010329215030,1.009206588567,1.000839341635,1.014681133784,1.019884969759,1.015038718023,1.008507047912,0.994723309336,1.013269920639,0.000000000000,0.000000000000,2.000000000000,1.000000000000,1.000000000000,1.000000000000,6.000000000000,2.000000000000,270.941451880013,0.357035655958,0.485623041531
288,8,14,16.136870067668,1.013107184858,0.221692625385,270.851919048238,175.000000000000,14,7,7,339,35.413582679289,19.897611696250,102.528162599651,0.999962306043,-0.009376044041,-0.000037693957,-1.000000000000,1.010329215030,1.009206588567,1.000887642986,1.014681133784,1.019931811404,1.021354348084,1.008507047912,0.994723309336,1.013172950599,0.000000000000,0.000000000000,1.000000000000,1.000000000000,1.000000000000,1.000000000000,6.000000000000,2.000000000000,270.851919048238,0.356295961000,0.485623041531
328,8,16,16.149587235174,1.013091353895,0.249284986964,270.833999445085,175.000000000000,14,3,7,303,35.446488842663,19.987861040691,102.330803413071,0.999823617074,-0.011034275286,-0.000176382926,-1.000000000000,1.005803552962,1.010760849681,0.993188192671,1.017517045414,1.019193830012,1.016068936000,1.008702111052,0.994568036968,1.020427282254,0.000000000000,0.000000000000,2.000000000000,0.000000000000,1.000000000000,1.000000000000,6.000000000000,2.000000000000,270.833999445085,0.357498834306,0.476844515746
348,8,17,16.153007878041,1.013014465070,0.266516391566,270.832855643224,175.000000000000,14,7,7,467,35.437420153329,19.825653439004,102.863960532319,0.999949883316,-0.012116026562,-0.000050116684,-1.000000000000,1.008417174022,1.010858003329,1.001522876139,1.020576284043,1.018841626168,1.013370379021,1.007656821679,1.002378948976,1.012506441748,2.000000000000,1.000000000000,-1.000000000000,1.000000000000,1.000000000000,1.000000000000,6.000000000000,2.000000000000,270.832855643224,0.365998029902,0.475003490370
268,8,13,16.166354888848,1.013327814055,0.203751386804,270.835193347719,200.000000000000,14,7,7,369,35.595378443738,19.948961546878,102.361058939239,0.999941419876,-0.008328828961,-0.000058580124,-1.000000000000,1.013702931780,1.009898156946,1.003357684990,1.016186633090,1.012411660712,1.013487240321,1.008764435332,0.994604236015,1.013148509982,0.000000000000,1.000000000000,1.000000000000,1.000000000000,2.000000000000,1.000000000000,6.000000000000,2.000000000000,270.835193347719,0.356297404254,0.467517473323
228,8,11,16.166656206753,1.013099964709,0.170581090100,270.834103586182,175.000000000000,14,7,7,319,35.597283358069,19.841362703925,102.720381108325,0.999540727867,-0.006316841509,-0.000459272133,-1.000000000000,1.013702931780,1.009898156946,1.003357684990,1.016154084886,1.012411660712,1.015668754316,1.008712092186,0.994603853787,1.013187368403,0.000000000000,1.000000000000,2.000000000000,1.000000000000,1.000000000000,1.000000000000,6.000000000000,2.000000000000,270.834103586182,0.356452475424,0.486353084979
208,8,10,16.173803189835,1.013088521711,0.161060309152,270.939638854213,175.000000000000,14,3,7,357,35.634013153777,19.820669182047,102.762945080041,0.999929579434,-0.005720065568,-0.000070420566,-1.000000000000,1.013572028194,1.010737629016,1.004361015265,1.016020414593,1.012411660712,1.015489626117,1.006184241533,0.994595229736,1.013189071709,0.000000000000,1.000000000000,2.000000000000,0.000000000000,1.000000000000,1.000000000000,6.000000000000,2.000000000000,270.939638854213,0.357041934091,0.486054359872
148,8,7,16.183275570831,1.013073399316,0.107373637141,270.834014669660,175.000000000000,14,7,7,365,35.588998668576,19.962498150741,102.493377182747,0.999889033060,-0.002509290530,-0.000110966940,-1.000000000000,0.998340920021,1.010900754858,1.010625023286,1.015957431664,1.015865891674,1.013880413263,1.006857963448,0.994719821519,1.017755057121,0.000000000000,1.000000000000,2.000000000000,1.000000000000,1.000000000000,1.000000000000,6.000000000000,2.000000000000,270.834014669660,0.358233286534,0.477998701144
188,8,9,16.202280812646,1.013052903253,0.148636025174,270.881137905742,175.000000000000,14,7,7,349,35.594985634976,19.962678921882,102.690778989921,0.999516649834,-0.005002926238,-0.000483350166,-1.000000000000,1.010013491238,1.009206588567,1.000839341635,1.027526404442,1.012411660712,1.014992166204,1.008712092186,0.994739742000,1.013202137772,0.000000000000,0.000000000000,2.000000000000,1.000000000000,1.000000000000,1.000000000000,6.000000000000,2.000000000000,270.881137905742,0.357754625630,0.485623041531
168,8,8,16.204444421925,1.013027045918,0.124860448226,270.831104599528,200.000000000000,14,7,7,366,35.482911760983,19.974680088161,102.916614251006,0.998693979617,-0.003675411588,-0.001306020383,-1.000000000000,0.997069760378,1.010004077105,1.015664986056,1.017666272992,1.011083189338,1.013907372210,1.007935433772,1.002575629812,1.011899231508,0.000000000000,0.000000000000,0.000000000000,1.000000000000,2.000000000000,1.000000000000,6.000000000000,2.000000000000,270.831104599528,0.369582413830,0.468106429797
67,7,3,16.215099706845,1.010792922652,0.055698127110,270.849757805460,200.000000000000,14,7,7,215,35.677486358642,19.657563023736,103.639467136162,0.999236542072,-0.003387695102,-0.000763457928,-1.000000000000,1.004954928681,1.008835489866,0.992106569984,1.056612304898,1.011048363305,1.013769698194,1.008627900688,0.991640224418,0.999910808238,0.000000000000,0.000000000000,-1.000000000000,1.000000000000,2.000000000000,1.000000000000,6.000000000000,2.000000000000,270.849757805460,0.375737930808,0.476388717518
128,8,6,16.226542246648,1.013280723454,0.104753859964,270.834210500507,175.000000000000,14,7,7,284,35.568423739173,20.092613285307,102.541855693358,0.999822069731,-0.002355824846,-0.000177930269,-1.000000000000,0.998320178599,1.010863398122,1.010809336456,1.015908236915,1.016198122260,1.013875360911,1.007907278602,0.994570281498,1.017722745225,1.000000000000,1.000000000000,2.000000000000,1.000000000000,1.000000000000,1.000000000000,6.000000000000,2.000000000000,270.834210500507,0.358279344373,0.477111821435
47,7,2,16.269253299507,1.010962370197,0.038922954107,270.833702202954,200.000000000000,14,7,7,273,35.819902782376,19.802900392018,103.480550714808,0.999154780751,-0.002386090401,-0.000845219249,-1.000000000000,0.998221094101,1.008021556981,0.998203334108,1.057613909599,1.011365554444,1.012259726588,1.001046324741,0.992367026695,1.010591974910,0.000000000000,0.000000000000,-2.000000000000,1.000000000000,2.000000000000,1.000000000000,6.000000000000,2.000000000000,270.833702202954,0.377980092397,0.467185920568
108,8,5,16.270310937764,1.013019660128,0.081165588510,270.833999445085,175.000000000000,14,7,7,286,35.669550002569,20.142231798844,102.728627474645,0.998667367895,-0.001002294168,-0.001332632105,-1.000000000000,1.000544801804,1.009372742834,1.013921128530,1.016022650655,1.011344599853,1.013926854388,1.008701963332,0.991266624777,1.020381245538,0.000000000000,1.000000000000,2.000000000000,1.000000000000,1.000000000000,1.000000000000,6.000000000000,2.000000000000,270.833999445085,0.356670618180,0.486271508135
27,7,1,16.281711490810,1.010902341640,0.023829575928,270.841673505199,200.000000000000,14,7,7,248,35.814027243613,19.841308146702,103.481748166997,0.999250898797,-0.001474720628,-0.000749101203,-1.000000000000,0.996321833434,1.008205026039,0.998057600893,1.058525279372,1.011338051563,1.012259726588,0.999853724621,0.994058917088,1.010482373750,0.000000000000,0.000000000000,-2.000000000000,1.000000000000,2.000000000000,1.000000000000,6.000000000000,2.000000000000,270.841673505199,0.377980092397,0.467171398655
7,7,0,16.303088652509,1.011111330785,0.011369872545,270.833811858307,200.000000000000,14,7,7,207,35.768427056279,19.889552344452,103.579024228357,0.999624891028,-0.000704698891,-0.000375108972,-1.000000000000,1.005245069106,1.012338793240,0.990674209660,1.059295301109,1.012467320912,1.017209173357,0.999821307143,0.994789372674,1.000085777383,1.000000000000,0.000000000000,-2.000000000000,1.000000000000,2.000000000000,1.000000000000,6.000000000000,2.000000000000,270.833811858307,0.380600319392,0.464094552066
88,8,4,16.309422231874,1.013099941729,0.069401281048,270.831064931726,175.000000000000,14,7,7,225,35.766259180566,20.041250076630,103.151881683678,0.999945104146,-0.000222404150,-0.000054895854,-1.000000000000,1.005219063356,1.009635838398,1.016497777835,1.013208938889,1.011179927722,1.013898502077,0.999593835184,1.004665911723,1.010644097126,0.000000000000,2.000000000000,2.000000000000,1.000000000000,1.000000000000,1.000000000000,6.000000000000,2.000000000000,270.831064931726,0.376866199132,0.467710459956
269,9,13,16.535135385084,1.015332894660,0.196542913353,270.831400660110,200.000000000000,14,7,7,358,35.179784702159,21.488665948427,101.848269314031,0.999788471973,-0.007939198695,-0.000211528027,-1.000000000000,0.997515158119,1.020053460331,1.004973336900,1.017665145084,1.025977698014,1.013907372210,1.007935433772,1.002575629812,1.011899231508,0.000000000000,0.000000000000,0.000000000000,1.000000000000,2.000000000000,1.000000000000,6.000000000000,2.000000000000,270.831400660110,0.349127131667,0.468106429797
229,9,11,16.555409778330,1.015260558518,0.172545241265,270.834887745199,175.000000000000,14,7,7,386,35.300903437402,21.469307383610,101.935527526357,0.999299072282,-0.006487930408,-0.000700927718,-1.000000000000,0.998405136788,1.021714471991,1.003377487830,1.012470116433,1.016302505885,1.018302167582,1.010143447374,1.000632399968,1.019024047603,0.000000000000,0.000000000000,2.000000000000,1.000000000000,1.000000000000,1.000000000000,6.000000000000,2.000000000000,270.834887745199,0.357531225452,0.466475559947
309,9,15,16.556386153222,1.015262081168,0.235355826464,270.842206469993,175.000000000000,14,7,7,373,35.256596816025,21.559694257647,101.708733561546,0.999825393080,-0.010286350528,-0.000174606920,-1.000000000000,1.001135369848,1.021594192512,1.003306756304,1.021854014906,1.020050290262,1.013912996537,1.012086536287,1.000662442926,1.018864013691,0.000000000000,0.000000000000,-1.000000000000,1.000000000000,1.000000000000,1.000000000000,6.000000000000,2.000000000000,270.842206469993,0.352936707738,0.468866344706
249,9,12,16.559628509069,1.015277477706,0.185624223590,270.850901575449,200.000000000000,14,7,7,356,35.203396859605,21.397229925559,102.336581645667,0.999386409642,-0.007293237983,-0.000613590358,-1.000000000000,0.997610700417,1.023803707868,1.003547853921,1.016496000035,1.019933094937,1.013450593224,1.011046574435,1.003263665905,1.008108643708,0.000000000000,1.000000000000,1.000000000000,1.000000000000,2.000000000000,1.000000000000,6.000000000000,2.000000000000,270.850901575449,0.356295526836,0.466790768609
68,8,3,16.564697988303,1.013025767923,0.054902466710,270.832852246611,200.000000000000,14,7,7,238,35.662765957554,20.842825387947,103.377662824837,0.998440881672,-0.003387695102,-0.001559118328,-1.000000000000,1.004985017554,1.010929371757,0.992073380039,1.056612304898,1.018848247739,1.013377253561,0.999084673930,0.998057541598,1.007741452049,0.000000000000,1.000000000000,-1.000000000000,1.000000000000,2.000000000000,1.000000000000,6.000000000000,2.000000000000,270.832852246611,0.376597776586,0.466389628068
329,9,16,16.569156329356,1.015336336465,0.243436598891,270.970507621333,175.000000000000,14,7,7,321,35.333217330571,21.488285319437,101.963674416519,0.999173286021,-0.010757825374,-0.000826713979,-1.000000000000,1.005633619210,1.021714471991,0.992906103606,1.017558223991,1.019313573717,1.014640815900,1.007907278602,1.002372796463,1.018317879657,1.000000000000,0.000000000000,2.000000000000,1.000000000000,1.000000000000,1.000000000000,6.000000000000,2.000000000000,270.970507621333,0.357499124254,0.464386622268
289,9,14,16.570937769973,1.015267884494,0.224522604017,273.496109915210,200.000000000000,14,7,7,389,35.302540459008,21.436696769278,102.377902469252,0.996595354733,-0.009827856497,-0.003404645267,-1.000000000000,1.006223543569,1.015639664452,1.003272649587,1.015350521778,1.019934349404,1.012279315895,1.006315529898,1.003615955662,1.018704182807,0.000000000000,0.000000000000,0.000000000000,1.000000000000,2.000000000000,1.000000000000,6.000000000000,2.000000000000,273.496109915210,0.348700454834,0.467210499444
189,9,9,16.571051470971,1.015361375762,0.146056342517,270.876775094290,175.000000000000,14,7,7,344,35.341654962780,21.513611809706,101.843253774295,0.999826813481,-0.004865497529,-0.000173186519,-1.000000000000,0.998317937562,1.021263763395,1.005643875732,1.013628307952,1.019870759829,1.015049320278,1.008029593370,1.000589333821,1.018077776346,0.000000000000,0.000000000000,2.000000000000,1.000000000000,1.000000000000,1.000000000000,6.000000000000,2.000000000000,270.876775094290,0.355698125042,0.466325614257
48,8,2,16.573424076049,1.013191262480,0.030653971366,270.839916502133,200.000000000000,14,7,7,294,35.582915605008,21.197162396698,102.439746913853,0.999541253759,-0.001866763056,-0.000458746241,-1.000000000000,1.001840132613,1.021413056901,0.989725795418,1.058133236944,1.019121330914,1.007702624198,1.006446637100,0.991061770353,1.007767263100,0.000000000000,0.000000000000,-2.000000000000,1.000000000000,2.000000000000,1.000000000000,6.000000000000,2.000000000000,270.839916502133,0.358308861951,0.466801798299
369,9,18,16.580020680143,1.015265856772,0.283089629978,270.874235332943,175.000000000000,14,7,7,627,35.034842736612,21.688819789290,101.896111583641,0.999868521380,-0.014780688968,-0.000131478620,-1.000000000000,1.006723815552,1.015540841516,0.990785616605,1.021316807322,1.019933094937,1.020411721491,1.019090331963,1.003644473132,1.017281653470,0.000000000000,1.000000000000,0.000000000000,1.000000000000,1.000000000000,1.000000000000,6.000000000000,2.000000000000,270.874235332943,0.348530262862,0.479583150860
28,8,1,16.580827907231,1.013006799115,0.029903369660,271.829815930489,200.000000000000,14,7,7,275,35.620686028843,21.110402048208,102.763731823226,0.998790652052,-0.001866763056,-0.001209347948,-1.000000000000,1.001840132613,1.021413056901,0.989725795418,1.058133236944,1.019210427446,1.004322690821,1.006446637100,0.991061770353,1.007767263100,0.000000000000,1.000000000000,-2.000000000000,1.000000000000,2.000000000000,1.000000000000,6.000000000000,2.000000000000,271.829815930489,0.358308861951,0.467485999711
149,9,7,16.590654108576,1.015318280612,0.108022198530,273.527013230828,175.000000000000,14,7,7,381,35.392379198014,21.581343628456,101.785216977034,0.999264300435,-0.002668906866,-0.000735699565,-1.000000000000,0.998488862305,1.018782056308,1.015823109156,1.017259905853,1.019842701669,1.014259442262,1.007294848414,0.999848718731,1.017736631324,0.000000000000,0.000000000000,0.000000000000,1.000000000000,1.000000000000,1.000000000000,6.000000000000,2.000000000000,273.527013230828,0.347904388892,0.464393377503
169,9,8,16.608139069141,1.015288905410,0.128007164604,271.854187981357,175.000000000000,14,7,7,346,35.392444156445,21.552511677944,102.080564673667,0.998600354233,-0.003892225905,-0.001399645767,-1.000000000000,1.001996885905,1.018683233337,1.015637237717,1.012394928631,1.018760792726,1.016238598493,1.007299346952,0.999751028215,1.017686069685,0.000000000000,0.000000000000,0.000000000000,1.000000000000,1.000000000000,1.000000000000,6.000000000000,2.000000000000,271.854187981357,0.359307016349,0.466163284260
389,9,19,16.612107815578,1.015330220505,0.288433515407,270.831400336872,175.000000000000,14,7,7,121,35.299700366818,21.670071250464,101.895136602548,0.998907908139,-0.014925798887,-0.001092091861,-1.000000000000,1.011949696453,1.021881333971,0.992571955200,1.017215009617,1.019934753925,1.013637004798,1.009837368256,1.003441710081,1.017792001342,1.000000000000,-1.000000000000,0.000000000000,1.000000000000,1.000000000000,1.000000000000,6.000000000000,2.000000000000,270.831400336872,0.355679018953,0.467966818612
209,9,10,16.612411767889,1.015351747569,0.164881896695,270.938639844961,175.000000000000,14,7,7,344,35.234836712167,21.519450013275,102.559073972053,0.997423215382,-0.006125931776,-0.002576784618,-1.000000000000,0.998391714130,1.021465171327,1.003267233517,1.013601048939,1.019870759829,1.015049320278,1.010143447374,1.000656157525,1.018222393616,0.000000000000,0.000000000000,2.000000000000,1.000000000000,1.000000000000,1.000000000000,6.000000000000,2.000000000000,270.938639844961,0.355698125042,0.484658593901
349,9,17,16.614397489193,1.015250474714,0.261816796685,270.840280600279,175.000000000000,14,7,7,424,35.139173617751,21.764481238742,101.834059599101,0.999708354869,-0.011878891529,-0.000291645131,-1.000000000000,0.998405136788,1.021714471991,1.003237453908,1.013572019186,1.019202605509,1.029327987683,1.010143447374,1.000663176425,1.019024047603,0.000000000000,-1.000000000000,-1.000000000000,1.000000000000,1.000000000000,1.000000000000,6.000000000000,2.000000000000,270.840280600279,0.355565852921,0.466475559947
129,9,6,16.635107852777,1.015320035759,0.094295574223,270.834014669660,175.000000000000,14,7,7,315,35.578018474515,21.583925206853,101.842298202822,0.999875469786,-0.001731882611,-0.000124530214,-1.000000000000,1.013366119526,1.010900754858,1.010625023286,1.015957431664,1.015865891674,1.017509113996,1.006910063704,0.994911446320,1.020105711122,0.000000000000,0.000000000000,2.000000000000,1.000000000000,1.000000000000,1.000000000000,6.000000000000,2.000000000000,270.834014669660,0.347299674061,0.477998701144
109,9,5,16.658765245594,1.015252375486,0.078184864682,270.808892568661,175.000000000000,14,7,7,260,35.505048490930,21.754787017837,101.709626971563,0.999379900964,-0.000850833456,-0.000620099036,-1.000000000000,0.998390752487,1.018998191421,1.020137938589,1.017458394908,1.011175177595,1.014291525352,1.008335727608,0.999903327035,1.020633925717,0.000000000000,0.000000000000,0.000000000000,1.000000000000,1.000000000000,1.000000000000,6.000000000000,2.000000000000,270.808892568661,0.355504282929,0.467668378086
8,8,0,16.661399121885,1.013041738520,0.011557148098,270.833822319513,175.000000000000,14,7,7,214,35.820832800396,21.052989553029,103.267460730111,0.999967303084,-0.000695390701,-0.000032696916,-1.000000000000,1.005552052304,1.012337933114,1.003364199134,1.059304609299,1.015736802113,1.017477395914,0.998873869496,0.994564703159,1.006986615704,1.000000000000,1.000000000000,-2.000000000000,1.000000000000,1.000000000000,1.000000000000,6.000000000000,2.000000000000,270.833822319513,0.380065626964,0.466349251759
89,9,4,16.695907694401,1.015342903079,0.071423678749,270.808892568661,175.000000000000,14,7,7,243,35.602521651793,21.810367500094,101.709626971563,0.999647219370,-0.000430326042,-0.000352780630,-1.000000000000,0.998390752487,1.018998191421,1.020137938589,1.017433370117,1.018775109371,1.014291525352,0.999466365157,0.999874343237,1.020633925717,0.000000000000,0.000000000000,0.000000000000,1.000000000000,1.000000000000,1.000000000000,6.000000000000,2.000000000000,270.808892568661,0.355504282929,0.467668378086
49,9,2,16.952159526809,1.015277093141,0.038400490796,270.876107248425,175.000000000000,14,7,7,265,35.452812941894,22.645891938497,101.807939068866,0.999953215182,-0.002306836537,-0.000046784818,-1.000000000000,0.998191845510,1.013963270966,0.992420389885,1.057693163463,1.019280973894,1.015912477600,1.007545970103,0.996985614127,1.021511147619,0.000000000000,1.000000000000,0.000000000000,1.000000000000,1.000000000000,1.000000000000,6.000000000000,2.000000000000,270.876107248425,0.356108836202,0.466936012911
69,9,3,16.968065214076,1.015367014298,0.054089918272,270.883640783773,200.000000000000,14,7,7,264,35.385919733417,22.592194987878,102.377893922665,0.997778333849,-0.003378695065,-0.002221666151,-1.000000000000,0.998353944020,1.013965384452,0.992008832485,1.056621304935,1.019280973894,1.013749805902,1.007432547320,0.996985614127,1.021511147619,0.000000000000,1.000000000000,-1.000000000000,1.000000000000,2.000000000000,1.000000000000,6.000000000000,2.000000000000,270.883640783773,0.355593128348,0.468639104066
29,9,1,16.974808654456,1.015339504664,0.027736187037,270.874566351678,175.000000000000,14,7,7,272,35.397499810003,22.692297394307,101.961580687690,0.999997567282,-0.001664317185,-0.000002432718,-1.000000000000,0.998350137217,1.014051528580,0.992008832485,1.058335682815,1.019270524920,1.013353774344,1.006841833082,1.003208154849,1.021511147619,0.000000000000,1.000000000000,-1.000000000000,1.000000000000,1.000000000000,1.000000000000,6.000000000000,2.000000000000,270.874566351678,0.357352309098,0.467171820497
9,9,0,17.023149833601,1.015487753953,0.007099494367,270.874572339209,175.000000000000,14,7,7,194,35.379387951027,22.857504949527,101.948819332905,0.999971978789,-0.000427650935,-0.000028021211,-1.000000000000,0.998193797975,1.013978614390,0.992008832485,1.059572349065,1.019280795901,1.013366405874,1.007890910164,1.003086586325,1.021501631674,0.000000000000,1.000000000000,-1.000000000000,1.000000000000,1.000000000000,1.000000000000,6.000000000000,2.000000000000,270.874572339209,0.357277487121,0.466940648399
270,10,13,17.049133600952,1.017518279344,0.198791473764,270.968464991260,175.000000000000,14,7,7,400,35.175305599490,23.283842583220,101.292450352261,0.999897557836,-0.008105679628,-0.000102442164,-1.000000000000,1.006924107461,1.024180351966,1.004235585222,1.026615829660,1.019700167053,1.013685393454,1.015725096383,1.003497540296,1.019795788248,0.000000000000,0.000000000000,-1.000000000000,1.000000000000,1.000000000000,1.000000000000,6.000000000000,2.000000000000,270.968464991260,0.354009080949,0.455810697896
290,10,14,17.058841004661,1.017503022279,0.220689409179,270.883385368588,175.000000000000,14,7,7,389,35.033013206044,23.412888854974,101.259076625205,0.999631726707,-0.009403423652,-0.000368273293,-1.000000000000,1.007905027776,1.021881333971,1.003549798226,1.013475015483,1.019934753925,1.015039703787,1.025371328315,1.003567687965,1.018748480871,0.000000000000,0.000000000000,0.000000000000,1.000000000000,1.000000000000,1.000000000000,6.000000000000,2.000000000000,270.883385368588,0.355794050609,0.455082614454
250,10,12,17.060204592239,1.017722272697,0.190796550559,270.857332914188,175.000000000000,14,7,7,388,35.145456260600,23.381273535873,101.161596895554,0.999900042051,-0.007605358535,-0.000099957949,-1.000000000000,1.006957653185,1.023847644144,1.003088578346,1.022038183253,1.020064087233,1.015536076328,1.016229199962,1.003693251314,1.020114896741,0.000000000000,0.000000000000,0.000000000000,1.000000000000,1.000000000000,1.000000000000,6.000000000000,2.000000000000,270.857332914188,0.355466898999,0.453133410074
150,10,7,17.060901743081,1.017528660168,0.108711318845,270.966607343319,175.000000000000,14,7,7,321,35.450382286875,23.093005265345,101.504923596378,0.999874595762,-0.002610099462,-0.000125404238,-1.000000000000,1.013580137780,1.021714471991,1.003933473390,1.015612480924,1.020512620545,1.017514394866,1.002303556746,1.002711031717,1.018317879657,0.000000000000,0.000000000000,3.000000000000,1.000000000000,1.000000000000,1.000000000000,6.000000000000,2.000000000000,270.966607343319,0.347259070907,0.466395874453
190,10,9,17.064278224775,1.017522023516,0.141119004884,270.971310799989,175.000000000000,14,7,7,298,35.315491471058,23.085406843620,101.887166155064,0.998346121480,-0.004657011307,-0.001653878520,-1.000000000000,1.014458349404,1.021714471991,1.003941859402,1.015612480924,1.020480178620,1.013875360911,1.007907278602,1.002711031717,1.018317879657,1.000000000000,0.000000000000,2.000000000000,1.000000000000,1.000000000000,1.000000000000,6.000000000000,2.000000000000,270.971310799989,0.347236485441,0.476379073488
210,10,10,17.064664404591,1.017534845457,0.160326988498,270.833834110457,175.000000000000,14,7,7,385,35.337487979009,23.226513476415,101.356822788406,0.999615684915,-0.005800859498,-0.000384315085,-1.000000000000,1.006023749075,1.027375759353,1.004754267182,1.026488521871,1.019840485589,1.014017630126,1.008767320684,1.000631887721,1.019672865910,1.000000000000,0.000000000000,0.000000000000,1.000000000000,1.000000000000,1.000000000000,6.000000000000,2.000000000000,270.833834110457,0.355599360967,0.456096014728
170,10,8,17.067758275047,1.017520738680,0.128213012186,270.876938103701,175.000000000000,14,7,7,321,35.361873447675,23.181694648827,101.449552561957,0.999926576627,-0.003827551372,-0.000073423373,-1.000000000000,1.009623696848,1.025951672228,1.003601840928,1.029319286649,1.012834043353,1.022051209850,1.008068630310,0.999853704475,1.017116040728,1.000000000000,0.000000000000,1.000000000000,1.000000000000,1.000000000000,1.000000000000,6.000000000000,2.000000000000,270.876938103701,0.349599845632,0.464361940470
230,10,11,17.069765064054,1.017542503258,0.177779212280,270.851598189366,175.000000000000,14,7,7,342,35.326666480862,23.269613414861,101.280351035329,0.999832299214,-0.006839001768,-0.000167700786,-1.000000000000,1.006700844460,1.029398504003,1.004533505990,1.022388738410,1.020389083543,1.014017630126,1.008757449965,1.000266781187,1.019672865910,0.000000000000,0.000000000000,0.000000000000,1.000000000000,1.000000000000,1.000000000000,6.000000000000,2.000000000000,270.851598189366,0.355592088528,0.456096014728
330,10,16,17.080927496576,1.017559879549,0.240721699807,270.652876950462,175.000000000000,14,7,7,357,35.152724970852,23.407916705403,101.281150748820,0.999596056284,-0.010633561644,-0.000403943716,-1.000000000000,1.013675564432,1.022630369615,1.003217705308,1.017740523470,1.020065847635,1.014440322639,1.017635554019,1.003498746015,1.020156650084,0.000000000000,0.000000000000,-1.000000000000,1.000000000000,1.000000000000,1.000000000000,6.000000000000,2.000000000000,270.652876950462,0.355465281062,0.455342596080
350,10,17,17.083168843280,1.017548309374,0.269087645249,270.857180447075,175.000000000000,14,7,7,357,35.112865372780,23.446667146432,101.253233610178,0.999614976163,-0.011520785017,-0.000385023837,-1.000000000000,1.006957653185,1.029674141305,0.996344724017,1.017380338355,1.020065847635,1.015591986256,1.016229199962,1.003498746015,1.020159764101,0.000000000000,0.000000000000,0.000000000000,1.000000000000,1.000000000000,1.000000000000,6.000000000000,2.000000000000,270.857180447075,0.355466898999,0.455526695666
310,10,15,17.084264452951,1.017519388925,0.237313202014,270.883385368588,175.000000000000,14,7,7,366,35.027113906790,23.470993494391,101.324786435367,0.999691186008,-0.010419037811,-0.000308813992,-1.000000000000,1.007905027776,1.021881333971,1.003223815169,1.018635463921,1.019934753925,1.015109563480,1.025953559811,1.003567687965,1.018939410241,0.000000000000,0.000000000000,-1.000000000000,1.000000000000,1.000000000000,1.000000000000,6.000000000000,2.000000000000,270.883385368588,0.355596076630,0.454979497163
390,10,19,17.102297878095,1.017508235588,0.287555322544,270.835736037680,175.000000000000,14,7,7,109,35.078509810202,23.543955207310,101.240330609087,0.999109315309,-0.010043081744,-0.000890684691,-1.000000000000,1.014163183336,1.018830889630,0.996449302751,1.017959501137,1.020294807534,1.025747665927,1.015284586593,1.002284288035,1.025024724360,0.000000000000,0.000000000000,-1.000000000000,1.000000000000,1.000000000000,1.000000000000,6.000000000000,2.000000000000,270.835736037680,0.347410976247,0.464209744772
110,10,5,17.109689409778,1.017508241733,0.084461972974,270.878351290323,175.000000000000,14,7,7,282,35.127365989476,23.360567825341,101.766538057011,0.998861457049,-0.001259664281,-0.001138542951,-1.000000000000,0.997853573975,1.021581997273,1.015720785915,1.020999815102,1.019925072628,1.013464135391,1.020734699569,1.003582203150,1.017347926613,0.000000000000,0.000000000000,0.000000000000,1.000000000000,1.000000000000,1.000000000000,6.000000000000,2.000000000000,270.878351290323,0.356878223875,0.466881683802
130,10,6,17.111283470332,1.017585858501,0.101753260319,270.880299395657,175.000000000000,14,7,7,360,35.108009312006,23.448564311597,101.560273153301,0.998879345451,-0.002298917716,-0.001120654549,-1.000000000000,0.998096619019,1.021786475093,1.015278127679,1.017614271145,1.019689255232,1.013985806055,1.020653763925,1.003323277763,1.019914201723,0.000000000000,0.000000000000,0.000000000000,1.000000000000,1.000000000000,1.000000000000,6.000000000000,2.000000000000,270.880299395657,0.353001150143,0.466772342514
370,10,18,17.123983363547,1.017524964140,0.278536813314,270.816563692716,175.000000000000,14,7,7,574,35.203199094735,23.508204920914,101.285296375439,0.999763616041,-0.012874762889,-0.000236383959,-1.000000000000,1.013029380390,1.021785573427,0.994422490302,1.015642699222,1.036308087738,1.013882316696,1.008269582704,1.002715436359,1.019619306045,0.000000000000,0.000000000000,0.000000000000,1.000000000000,1.000000000000,1.000000000000,6.000000000000,2.000000000000,270.816563692716,0.356641158567,0.454995801629
90,10,4,17.146539619144,1.017508265373,0.071093929478,270.833602532144,175.000000000000,14,7,7,263,35.247446034030,23.474571370953,101.492186313551,0.999991325233,-0.000410753652,-0.000008674767,-1.000000000000,1.005358801826,1.013331392654,1.015632187592,1.032899017032,1.021113029584,1.016662896269,1.020712659869,0.997211759483,1.020141325912,0.000000000000,0.000000000000,-1.000000000000,1.000000000000,1.000000000000,1.000000000000,6.000000000000,2.000000000000,270.833602532144,0.360184745699,0.453378557128
70,10,3,17.356796985989,1.017577426683,0.057927890613,270.356928579910,175.000000000000,14,7,7,290,35.244482490155,24.114835265464,101.570215749444,0.999595069738,-0.003499969253,-0.000404930262,-1.000000000000,1.007577461583,1.014909737654,0.996787709369,1.056500030747,1.018726275868,1.013590758787,1.016852575625,1.002606918270,1.021139630243,0.000000000000,0.000000000000,-1.000000000000,1.000000000000,1.000000000000,1.000000000000,6.000000000000,2.000000000000,270.356928579910,0.359358759963,0.459279911832
50,10,2,17.385523277389,1.017563008644,0.031589403713,270.846659354678,175.000000000000,14,7,7,254,35.286739874818,24.082840391818,101.898493586466,0.998871374984,-0.001963081724,-0.001128625016,-1.000000000000,1.011949696453,1.021881333971,0.992571955200,1.058036918276,1.019934753925,1.013637004798,1.009841830724,1.003451986712,1.017773060722,0.000000000000,0.000000000000,-2.000000000000,1.000000000000,1.000000000000,1.000000000000,6.000000000000,2.000000000000,270.846659354678,0.355679018953,0.467966818612
10,10,0,17.387611902606,1.017556779699,0.006789824102,271.108172898323,175.000000000000,14,7,7,209,35.101093114538,24.382150831415,101.302316531670,0.999838758702,-0.000417063924,-0.000161241298,-1.000000000000,0.998189525729,1.017549742087,0.990509048775,1.059582936076,1.019973436731,1.025249390482,1.014987375116,1.000731528384,1.023691592104,0.000000000000,0.000000000000,-1.000000000000,1.000000000000,1.000000000000,1.000000000000,6.000000000000,2.000000000000,271.108172898323,0.347410976247,0.464263260368
30,10,1,17.398783234466,1.017550959268,0.019171566233,270.840421860083,175.000000000000,14,7,7,272,35.383200828979,24.058391417897,101.897918698513,0.999284287761,-0.001193236708,-0.000715712239,-1.000000000000,1.005504067588,1.022545296523,1.003306756304,1.058806763292,1.015862927903,1.013912996537,1.008875927967,1.000644048872,1.019024252960,0.000000000000,1.000000000000,-2.000000000000,1.000000000000,1.000000000000,1.000000000000,6.000000000000,2.000000000000,270.840421860083,0.353502989602,0.468866344706
231,11,11,17.544807066392,1.019750121159,0.173838561494,270.842235080660,175.000000000000,14,7,7,329,34.991638726072,25.083403657800,100.901941814713,0.999816420907,-0.006582555067,-0.000183579093,-1.000000000000,1.019994496088,1.020226008191,1.004966418234,1.017461107200,1.026056064288,1.020583656089,1.019950863205,1.002948003461,1.019454770528,0.000000000000,0.000000000000,0.000000000000,1.000000000000,1.000000000000,1.000000000000,6.000000000000,2.000000000000,270.842235080660,0.348689902764,0.455682528065
191,11,9,17.554502372927,1.019848296633,0.144590043831,270.833834110457,175.000000000000,14,7,7,351,34.921341868937,25.141545057121,100.931437059694,0.999901127649,-0.004835926200,-0.000098872351,-1.000000000000,1.006023749075,1.027375759353,1.004754267182,1.026488521871,1.019840485589,1.025875008660,1.023389157909,1.000631887721,1.019672865910,1.000000000000,0.000000000000,0.000000000000,1.000000000000,1.000000000000,1.000000000000,6.000000000000,2.000000000000,270.833834110457,0.347296256219,0.456312652205
271,11,13,17.581095337271,1.019753221520,0.208618581192,270.967878082282,175.000000000000,14,7,7,377,34.993981302797,25.172433865122,100.989860298244,0.999504668933,-0.008715025233,-0.000495331067,-1.000000000000,1.020254373583,1.022654498333,1.004820754688,1.017573527402,1.026015175625,1.020470675130,1.019430349669,1.002760293964,1.020186571332,0.000000000000,0.000000000000,-1.000000000000,1.000000000000,1.000000000000,1.000000000000,6.000000000000,2.000000000000,270.967878082282,0.348538524468,0.455374034461
291,11,14,17.586393790891,1.019775544900,0.210109984670,270.835941352188,175.000000000000,14,7,7,335,34.996791701907,25.170320337402,101.040772715278,0.999450516089,-0.008806451764,-0.000549483911,-1.000000000000,1.020022212108,1.022654498333,1.004654753037,1.017573527402,1.026015175625,1.020470675130,1.019288656661,1.002754282198,1.020186571332,1.000000000000,0.000000000000,-1.000000000000,1.000000000000,1.000000000000,1.000000000000,6.000000000000,2.000000000000,270.835941352188,0.348538524468,0.455372428786
211,11,10,17.602794595019,1.019815464624,0.164579079784,270.976587448745,175.000000000000,14,7,7,325,34.984409729040,25.164326279123,101.282700330388,0.998592328820,-0.006124093456,-0.001407671180,-1.000000000000,1.006219111817,1.031649531365,1.004815649900,1.021545896266,1.020381405914,1.020564097679,1.019261497178,1.002361614306,1.021592431810,0.000000000000,0.000000000000,0.000000000000,1.000000000000,1.000000000000,1.000000000000,6.000000000000,2.000000000000,270.976587448745,0.355115753554,0.456089000888
351,11,17,17.608572189880,1.019750076745,0.258593772674,270.981838700251,175.000000000000,14,7,7,276,34.854445173968,25.344743172588,100.954149951051,0.999804448634,-0.009427285355,-0.000195551366,-1.000000000000,1.006885792144,1.032015540288,0.998916152243,1.018447337375,1.026342228095,1.020720235584,1.022681476701,1.002867213856,1.021592431810,0.000000000000,0.000000000000,-1.000000000000,1.000000000000,1.000000000000,1.000000000000,6.000000000000,2.000000000000,270.981838700251,0.347763935322,0.455417797756
131,11,6,17.614621761031,1.019778138920,0.095689968515,270.808283819560,175.000000000000,14,7,7,273,34.986784289045,25.221919897123,101.171031174890,0.999275155207,-0.001931332309,-0.000724844793,-1.000000000000,1.013902975505,1.019306103027,1.018502110439,1.017482312886,1.020706133008,1.016265095454,1.021176181835,1.007378686543,1.020551142192,0.000000000000,0.000000000000,-1.000000000000,1.000000000000,1.000000000000,1.000000000000,6.000000000000,2.000000000000,270.808283819560,0.347355472175,0.462633870096
151,11,7,17.616091217583,1.019826531397,0.118910054868,268.525923041126,175.000000000000,14,7,7,307,35.072327355919,25.324997813417,100.722395143826,0.999856076877,-0.003285778996,-0.000143923123,-1.000000000000,1.006703453002,1.029429608660,1.013965642384,1.014337267460,1.014065600341,1.022408088754,1.019034956818,1.002785210386,1.024965821983,0.000000000000,0.000000000000,0.000000000000,1.000000000000,1.000000000000,1.000000000000,6.000000000000,2.000000000000,268.525923041126,0.356044407308,0.454270244823
251,11,12,17.620733903934,1.020015647331,0.182534069255,270.842235080660,175.000000000000,14,7,7,333,34.989915194443,25.338694457371,100.892394267834,0.999368030297,-0.007133541623,-0.000631969703,-1.000000000000,1.020647267111,1.020226008191,1.003673207496,1.017574122689,1.027160235899,1.020577227954,1.019297278691,1.002949369510,1.021368270801,0.000000000000,0.000000000000,0.000000000000,1.000000000000,1.000000000000,1.000000000000,6.000000000000,2.000000000000,270.842235080660,0.348518354443,0.455667194562
111,11,5,17.623052379440,1.019789165371,0.089937950482,270.831490468582,175.000000000000,14,7,7,271,34.991158487398,25.239783246110,101.190905848765,0.999230286604,-0.001587789148,-0.000769713396,-1.000000000000,1.013992096657,1.019012854527,1.019152392046,1.017482312886,1.020706133008,1.016068256619,1.021176181835,1.007378686543,1.020494604358,0.000000000000,0.000000000000,-1.000000000000,1.000000000000,1.000000000000,1.000000000000,6.000000000000,2.000000000000,270.831490468582,0.347355988208,0.463018754293
331,11,16,17.641110072754,1.019787525988,0.243090309916,270.816563692716,175.000000000000,14,7,7,312,34.887921827126,25.340748531942,101.228967559785,0.999297706640,-0.010758299820,-0.000702293360,-1.000000000000,1.007285260096,1.028990050334,0.996095277964,1.017990411817,1.037242799897,1.015479074575,1.015767384662,1.006253529479,1.019862826853,0.000000000000,0.000000000000,0.000000000000,1.000000000000,1.000000000000,1.000000000000,6.000000000000,2.000000000000,270.816563692716,0.355756392216,0.454731693971
171,11,8,17.643499927576,1.019830655206,0.122711615437,268.488706224434,175.000000000000,14,7,7,297,34.997911543201,25.471943632031,100.687246567863,0.999692931073,-0.003518372382,-0.000307068927,-1.000000000000,1.003923557448,1.028307614952,1.013568056420,1.014203346006,1.013878610085,1.022764091322,1.027641103854,1.000555505456,1.025015315533,0.000000000000,0.000000000000,0.000000000000,1.000000000000,1.000000000000,1.000000000000,6.000000000000,2.000000000000,268.488706224434,0.355383966442,0.454466963647
311,11,15,17.652462678872,1.019776283441,0.226083794053,270.832981052808,175.000000000000,14,7,7,339,34.976917159904,25.418500535918,100.963463100766,0.999415809576,-0.008277134658,-0.000584190424,-1.000000000000,1.006885792144,1.031846763299,1.004965526982,1.014162799761,1.026217713381,1.014037956851,1.019297278691,1.002867213856,1.025377159663,0.000000000000,1.000000000000,-1.000000000000,1.000000000000,1.000000000000,1.000000000000,6.000000000000,2.000000000000,270.832981052808,0.347129331220,0.455292694470
91,11,4,17.677090176889,1.020135355739,0.073728661300,268.497348927112,175.000000000000,14,7,7,230,35.131941492367,25.491698528152,100.689750586797,0.999931839230,-0.000571849403,-0.000068160770,-1.000000000000,1.006018823619,1.028307614952,1.013568056420,1.026396437477,1.014120459761,1.022764091322,1.017999743505,1.000631003517,1.025015315533,0.000000000000,0.000000000000,0.000000000000,1.000000000000,1.000000000000,1.000000000000,6.000000000000,2.000000000000,268.497348927112,0.355383966442,0.454482696691
371,11,18,17.677711400995,1.019756718473,0.275150137305,270.834081034859,175.000000000000,14,7,7,320,34.787584158678,25.493956629217,101.386486061606,0.997948528047,-0.008542107676,-0.002051471953,-1.000000000000,1.005724847627,1.029463704308,0.992716329584,1.019132804185,1.019357777582,1.037355224644,1.019301067239,1.002832004903,1.025405736263,0.000000000000,1.000000000000,0.000000000000,1.000000000000,1.000000000000,1.000000000000,6.000000000000,2.000000000000,270.834081034859,0.347667655125,0.467684994302
391,11,19,17.750476246496,1.019764677828,0.285052193475,271.092747591071,175.000000000000,14,7,7,77,34.726098138689,25.609016655126,101.807959280080,0.997759078222,-0.009160046779,-0.002240921778,-1.000000000000,1.006141217280,1.032979526603,0.992065378408,1.014295896536,1.036392871125,1.014458129295,1.026003942919,1.003616035951,1.017247421839,1.000000000000,0.000000000000,0.000000000000,1.000000000000,1.000000000000,1.000000000000,6.000000000000,2.000000000000,271.092747591071,0.347950961298,0.476816606881
51,11,2,17.818607631517,1.019848266593,0.038041274927,270.826852807151,175.000000000000,14,7,7,253,35.153629642197,25.747522460797,101.186922167484,0.999636787889,-0.001262570032,-0.000363212111,-1.000000000000,1.007028886341,1.024296348576,1.002094089717,1.057695730778,1.021064948241,1.013865631641,1.016034069591,1.003448563739,1.019681758632,0.000000000000,0.000000000000,-1.000000000000,1.000000000000,1.000000000000,1.000000000000,6.000000000000,2.000000000000,270.826852807151,0.352539230565,0.455873329539
71,11,3,17.829747683702,1.019947694669,0.057625297451,270.815420109647,175.000000000000,14,7,7,228,35.148755884485,25.795552164453,101.184406974033,0.999300212677,-0.001534281688,-0.000699787323,-1.000000000000,1.007028886341,1.024296348576,1.002094089717,1.056500494914,1.021064948241,1.013865631641,1.016034069591,1.003448563739,1.021104337700,0.000000000000,0.000000000000,-1.000000000000,1.000000000000,1.000000000000,1.000000000000,6.000000000000,2.000000000000,270.815420109647,0.352539230565,0.455873329539
11,11,0,17.885443604876,1.019828241125,0.006633254737,271.110765350001,175.000000000000,14,7,7,209,35.214828033685,26.020482067561,100.962864511501,0.999036245797,-0.000455820536,-0.000963754203,-1.000000000000,1.019642094281,1.017999844507,0.990482918878,1.059544179464,1.020259386973,1.020476691066,1.015083533441,1.000584686962,1.025024724360,0.000000000000,0.000000000000,-1.000000000000,1.000000000000,1.000000000000,1.000000000000,6.000000000000,2.000000000000,271.110765350001,0.347410976247,0.455386110489
31,11,1,17.889744167649,1.019799347694,0.023817195910,270.841524650708,175.000000000000,14,7,7,279,35.066094166969,26.061198363791,101.085459408774,0.999566913047,-0.001455016972,-0.000433086953,-1.000000000000,1.009034189153,1.027139235843,0.998274599161,1.058544983028,1.011576398186,1.029265758143,1.026455458713,0.994184038455,1.020222986748,0.000000000000,0.000000000000,-2.000000000000,1.000000000000,1.000000000000,1.000000000000,6.000000000000,2.000000000000,270.841524650708,0.349041516308,0.455821122221
212,12,10,18.101220403998,1.022015762553,0.152282474913,270.840202787254,175.000000000000,14,7,7,258,34.735532085688,27.146036221809,100.503502452021,0.999423297837,-0.005308222609,-0.000576702163,-1.000000000000,1.013826673922,1.022514348748,1.003242835128,1.013576181002,1.032898392738,1.028128894258,1.026491535963,1.001002229796,1.025124783155,1.000000000000,0.000000000000,1.000000000000,1.000000000000,1.000000000000,1.000000000000,6.000000000000,2.000000000000,270.840202787254,0.348368528676,0.441552956113
152,12,7,18.121218357682,1.022046072643,0.108398617132,270.834693094024,175.000000000000,14,7,7,255,34.853476849608,26.976790998950,100.928381519483,0.999437107621,-0.002716174964,-0.000562892379,-1.000000000000,1.013491618839,1.031819553454,1.009491047014,1.029537855475,1.028084542492,1.022239248066,1.019566940201,1.000554509517,1.020165590163,0.000000000000,0.000000000000,-1.000000000000,1.000000000000,1.000000000000,1.000000000000,6.000000000000,2.000000000000,270.834693094024,0.339967628213,0.466221529479
132,12,6,18.129085997453,1.022003400861,0.103486409218,270.833011391632,175.000000000000,14,7,7,240,34.616666202684,27.096364862362,101.057999839172,0.999394936431,-0.002353469608,-0.000605063569,-1.000000000000,1.000559424425,1.027251299790,1.003620138297,1.016730015878,1.032898392738,1.029333517839,1.026657728886,1.006295228185,1.020379170908,0.000000000000,0.000000000000,2.000000000000,1.000000000000,1.000000000000,1.000000000000,6.000000000000,2.000000000000,270.833011391632,0.348551646161,0.455821122221
172,12,8,18.158076425827,1.022041902178,0.129757549953,270.836641296158,175.000000000000,14,7,7,286,34.861947798885,26.969117406945,101.325803844845,0.998332863316,-0.004070384990,-0.001667136684,-1.000000000000,1.013577484485,1.031803681269,1.006630378198,1.030324887219,1.027849641711,1.022252815933,1.019467439182,1.003026405897,1.020215282451,0.000000000000,0.000000000000,-1.000000000000,1.000000000000,1.000000000000,1.000000000000,6.000000000000,2.000000000000,270.836641296158,0.355215711431,0.455793221125
252,12,12,18.158716900717,1.022043562454,0.187258317337,270.838097704155,175.000000000000,14,7,7,350,34.596150426097,27.210261477166,101.030136864710,0.999478117275,-0.007457872559,-0.000521882725,-1.000000000000,1.009034189153,1.025884994215,1.003619978297,1.029533852289,1.033333909019,1.029429541272,1.026657728886,1.006295228185,1.020181567573,0.000000000000,0.000000000000,-2.000000000000,1.000000000000,1.000000000000,1.000000000000,6.000000000000,2.000000000000,270.838097704155,0.348368528676,0.455314179903
192,12,9,18.159969630291,1.022059411628,0.138034277791,270.974678548971,175.000000000000,14,7,7,279,34.743415651301,27.185719585044,100.957687798146,0.998323355057,-0.004537048340,-0.001676644943,-1.000000000000,1.006839143854,1.025152641994,1.003098105454,1.026774730891,1.036866574961,1.014228534764,1.026821501011,1.004913938956,1.025126730416,0.000000000000,1.000000000000,0.000000000000,1.000000000000,1.000000000000,1.000000000000,6.000000000000,2.000000000000,270.974678548971,0.348009577494,0.455216321146
112,12,5,18.170092436266,1.022015279587,0.079163282690,270.835959073353,175.000000000000,14,7,7,224,34.915901186820,27.055924994542,101.061933176489,0.998963581197,-0.000986879190,-0.001036418803,-1.000000000000,1.014011405966,1.031693789192,1.019885192777,1.015640770943,1.020454447261,1.020442018035,1.019054583538,1.007378686543,1.020143615997,2.000000000000,0.000000000000,-1.000000000000,1.000000000000,1.000000000000,1.000000000000,6.000000000000,2.000000000000,270.835959073353,0.347180024905,0.455688670356
232,12,11,18.172132971012,1.022152659274,0.178752526424,270.984336293437,175.000000000000,14,7,7,312,34.645105470201,27.295588820050,100.874648194987,0.999000020236,-0.006946315293,-0.000999979764,-1.000000000000,1.007042427648,1.028832430033,0.997215838316,1.031178176497,1.026342228095,1.020720235584,1.028311304480,1.013039108760,1.021592431810,0.000000000000,0.000000000000,0.000000000000,1.000000000000,1.000000000000,1.000000000000,6.000000000000,2.000000000000,270.984336293437,0.347762954562,0.455417797756
92,12,4,18.172265680158,1.022023561647,0.067614551737,270.808419964699,175.000000000000,14,7,7,236,34.980816702668,26.977954887885,101.216649615943,0.998523313857,-0.000327975936,-0.001476686143,-1.000000000000,1.013865859589,1.031090261390,1.014227594633,1.029190408718,1.027609321836,1.022017691415,1.018858598880,0.998052093872,1.020165590163,0.000000000000,0.000000000000,-1.000000000000,1.000000000000,1.000000000000,1.000000000000,6.000000000000,2.000000000000,270.808419964699,0.355180010928,0.453154248166
312,12,15,18.177839553471,1.022026889408,0.236727011100,270.835905665144,175.000000000000,14,7,7,267,34.736767980319,27.358475746637,100.571924163065,0.999514734441,-0.008016772403,-0.000485265559,-1.000000000000,1.014006776382,1.031532740874,1.004222328609,1.018748013340,1.020517625233,1.029046088754,1.026803113505,1.007124873370,1.025030294432,1.000000000000,0.000000000000,-2.000000000000,1.000000000000,1.000000000000,1.000000000000,6.000000000000,2.000000000000,270.835905665144,0.348447539154,0.441167615035
292,12,14,18.179782038967,1.022081507579,0.224853353326,270.832934954382,175.000000000000,14,7,7,301,34.701995451739,27.413108194422,100.491270606698,0.999630182604,-0.008399733181,-0.000369817396,-1.000000000000,1.013826673922,1.027476503656,1.004222328609,1.018748013340,1.032898392738,1.029262383689,1.026493326096,1.001264837272,1.025124595810,0.000000000000,0.000000000000,-2.000000000000,1.000000000000,1.000000000000,1.000000000000,6.000000000000,2.000000000000,270.832934954382,0.348447539154,0.441167615035
272,12,13,18.188759468737,1.022025429858,0.198368014345,270.967878082282,175.000000000000,14,7,7,257,34.866102209507,27.168249143894,100.982320422964,0.999187579894,-0.007659861677,-0.000812420106,-1.000000000000,1.020257137846,1.033267983980,1.004820754688,1.017740457391,1.026015175625,1.020470675130,1.022824846373,1.002825540266,1.021389163457,0.000000000000,1.000000000000,-1.000000000000,1.000000000000,1.000000000000,1.000000000000,6.000000000000,2.000000000000,270.967878082282,0.348469749359,0.453182367256
332,12,16,18.196580098334,1.022058203513,0.242081974558,268.464507154301,200.000000000000,14,7,7,175,34.770477150310,27.352416964451,100.732347020015,0.998945849275,-0.006540440504,-0.001054150725,-1.000000000000,1.027989227664,1.021963726300,0.994775351456,1.017224879181,1.036916248298,1.022279233616,1.023024132248,1.003263491381,1.017467127160,0.000000000000,0.000000000000,0.000000000000,1.000000000000,2.000000000000,1.000000000000,6.000000000000,2.000000000000,268.464507154301,0.347927872142,0.454202422057
352,12,17,18.206320357681,1.022029853675,0.255761134732,270.840202787254,175.000000000000,14,7,7,151,34.591951486463,27.522572339806,100.583903974106,0.999832643807,-0.007703209819,-0.000167356193,-1.000000000000,1.013756847104,1.022514348748,1.003185583698,1.013576181002,1.032898392738,1.028128894258,1.026491535963,1.012212574546,1.025116199981,1.000000000000,0.000000000000,-2.000000000000,1.000000000000,1.000000000000,1.000000000000,6.000000000000,2.000000000000,270.840202787254,0.348368528676,0.441563438870
392,12,19,18.281745295408,1.022012368200,0.288755922057,270.973423913013,175.000000000000,14,7,7,55,34.642020521097,27.571660993752,101.062596348967,0.998989236783,-0.007783585620,-0.001010763217,-1.000000000000,1.006970497686,1.033665036169,0.996246268595,1.017960931270,1.036507435630,1.025934490326,1.015724336895,1.013549348151,1.024795260786,1.000000000000,0.000000000000,-2.000000000000,1.000000000000,1.000000000000,1.000000000000,6.000000000000,2.000000000000,270.973423913013,0.347176429279,0.454921335929
372,12,18,18.287008879762,1.022103029551,0.273972611173,270.825810104135,175.000000000000,14,7,7,174,34.689378919595,27.578993460959,101.070397641829,0.998207000779,-0.006974208530,-0.001792999221,-1.000000000000,1.020332011472,1.025581473968,0.996251601147,1.020052693432,1.036019639387,1.026138665777,1.026258298534,1.002755711060,1.024800462708,1.000000000000,1.000000000000,-2.000000000000,1.000000000000,1.000000000000,1.000000000000,6.000000000000,2.000000000000,270.825810104135,0.347668481976,0.453213267401
72,12,3,18.323227892099,1.022060816331,0.059248342582,270.829555427882,175.000000000000,14,7,7,201,34.897154966887,27.450598754598,101.316977197984,0.998982922299,-0.002123127434,-0.001017077701,-1.000000000000,1.009301674817,1.029969871035,1.003439884412,1.056384074783,1.018132835770,1.029576254795,1.016862690140,1.006514682042,1.020328185193,0.000000000000,0.000000000000,-2.000000000000,1.000000000000,1.000000000000,1.000000000000,6.000000000000,2.000000000000,270.829555427882,0.352747124578,0.456881128851
32,12,1,18.360926126929,1.022076224735,0.020017165236,270.833278803082,175.000000000000,14,7,7,195,34.915266725629,27.546764909226,101.352712349075,0.998894614699,-0.001267353032,-0.001105385301,-1.000000000000,1.009301674817,1.029955418328,1.003439884412,1.058732646968,1.016952590861,1.029600206940,1.016862690140,1.006514682042,1.020186607952,0.000000000000,0.000000000000,-2.000000000000,1.000000000000,1.000000000000,1.000000000000,6.000000000000,2.000000000000,270.833278803082,0.353415610234,0.456881128851
52,12,2,18.390904628153,1.022044521376,0.043626344477,270.832501919416,175.000000000000,14,7,7,219,34.937823258204,27.570757458840,101.567398675851,0.998014295624,-0.000916368349,-0.001985704376,-1.000000000000,1.008847198246,1.028531104308,1.001922990162,1.057263277069,1.021071668291,1.013345788768,1.026407448422,1.006031452287,1.019675375872,1.000000000000,1.000000000000,-1.000000000000,1.000000000000,1.000000000000,1.000000000000,6.000000000000,2.000000000000,270.832501919416,0.357326740762,0.455068560860
12,12,0,18.446728499349,1.022024113782,0.013390662838,270.831934740001,175.000000000000,14,7,7,160,35.101407473828,27.815739927074,100.982597720867,0.999870800283,-0.000811191753,-0.000129199717,-1.000000000000,1.013870292974,1.033693478429,1.003897989274,1.059188808247,1.019860279695,1.005945930802,1.026091854781,1.000928921031,1.020412922305,0.000000000000,1.000000000000,-2.000000000000,1.000000000000,1.000000000000,1.000000000000,6.000000000000,2.000000000000,270.831934740001,0.347592087615,0.453078626894
153,13,7,18.707934447072,1.024275732029,0.112733044211,270.833333516835,175.000000000000,14,7,7,204,34.485685655895,29.038081289182,100.981633361626,0.999152737103,-0.002940458206,-0.000847262897,-1.000000000000,1.006913873687,1.032659676192,0.996347481326,1.028655128164,1.032505884623,1.025893506800,1.025811434769,1.014910219092,1.020402766418,0.000000000000,0.000000000000,2.000000000000,1.000000000000,1.000000000000,1.000000000000,6.000000000000,2.000000000000,270.833333516835,0.347762054995,0.454902245835
113,13,5,18.749950504185,1.024261741239,0.082049973653,270.974493005412,175.000000000000,14,7,7,161,34.537874825852,29.042905605101,101.440655825487,0.996303629261,-0.001263601158,-0.003696370739,-1.000000000000,1.006839143854,1.033530221077,1.003939415172,1.018090064532,1.036997817897,1.022283400192,1.026821501011,1.004913938956,1.025138778997,0.000000000000,0.000000000000,2.000000000000,1.000000000000,1.000000000000,1.000000000000,6.000000000000,2.000000000000,270.974493005412,0.347243000445,0.466783226072
193,13,9,18.752135666533,1.024251501282,0.136627074037,270.833892588759,175.000000000000,14,7,7,154,34.708740195167,29.050601259327,100.947780673779,0.999181065722,-0.004439261878,-0.000818934278,-1.000000000000,1.021241001435,1.033640306169,1.003364353200,1.031438727542,1.036713830125,1.022307749830,1.025874905235,1.000304818155,1.019604682745,0.000000000000,1.000000000000,-1.000000000000,1.000000000000,1.000000000000,1.000000000000,6.000000000000,2.000000000000,270.833892588759,0.348376268184,0.453177660622
213,13,10,18.756898849784,1.024340558196,0.155367469346,268.844729310321,175.000000000000,14,7,7,204,34.412151990972,29.190999062209,101.151557682465,0.998514720570,-0.005547280020,-0.001485279430,-1.000000000000,1.013036868837,1.028783850182,0.996991701478,1.031264820973,1.037803695326,1.028447132962,1.027164793285,1.013109113217,1.019157404123,0.000000000000,0.000000000000,0.000000000000,1.000000000000,1.000000000000,1.000000000000,6.000000000000,2.000000000000,268.844729310321,0.355495342714,0.464392235648
133,13,6,18.761496770186,1.024254169135,0.090498849334,270.974678548971,175.000000000000,14,7,7,205,34.544029606323,29.027393299167,101.545536411674,0.996545121616,-0.001756926527,-0.003454878384,-1.000000000000,1.007454224966,1.033476782309,1.003084828775,1.018090064532,1.037099276514,1.021792203821,1.026821501011,1.004880262164,1.025054563371,0.000000000000,1.000000000000,2.000000000000,1.000000000000,1.000000000000,1.000000000000,6.000000000000,2.000000000000,270.974678548971,0.347883703269,0.466558045788
253,13,12,18.763305816536,1.024260376627,0.185216041444,270.835277906196,175.000000000000,14,7,7,216,34.846419642441,29.122335039006,100.676929480362,0.998630844105,-0.006385987160,-0.001369155895,-1.000000000000,1.021651099365,1.033684910620,1.003291411656,1.019422246194,1.037216962408,1.020721570037,1.016107094691,1.010153918342,1.024792659108,1.000000000000,0.000000000000,-1.000000000000,1.000000000000,1.000000000000,1.000000000000,6.000000000000,2.000000000000,270.835277906196,0.362008725876,0.427508728416
233,13,11,18.774757350340,1.024343990543,0.173560741202,270.840281209416,175.000000000000,14,7,7,236,34.439971197650,29.210869305020,101.340366950687,0.996663028737,-0.006705348129,-0.003336971263,-1.000000000000,1.006899158356,1.033662753370,0.996246268595,1.028938855523,1.036307430757,1.025934490326,1.023630653086,1.013190686073,1.024795260786,1.000000000000,0.000000000000,0.000000000000,1.000000000000,1.000000000000,1.000000000000,6.000000000000,2.000000000000,270.840281209416,0.347176429279,0.467115179156
273,13,13,18.776620375465,1.024283176104,0.196103683443,270.834053604655,175.000000000000,14,7,7,218,34.456201411743,29.210634234180,101.213580558981,0.998199973266,-0.007003021131,-0.001800026734,-1.000000000000,1.013577484485,1.033505847407,0.996342952501,1.032039523279,1.036456685375,1.022259196183,1.027506370111,1.013586867419,1.019976280648,0.000000000000,0.000000000000,-1.000000000000,1.000000000000,1.000000000000,1.000000000000,6.000000000000,2.000000000000,270.834053604655,0.348397361619,0.462175958931
173,13,8,18.780347486169,1.024253238118,0.134317852485,270.831780441585,175.000000000000,14,7,7,212,34.680348517010,29.053224449226,101.297863398723,0.998066203659,-0.004360388753,-0.001933796341,-1.000000000000,1.021241001435,1.033640306169,1.003511245587,1.031438727542,1.036614061691,1.022307749830,1.025874905235,1.000282409878,1.019629691805,0.000000000000,1.000000000000,-1.000000000000,1.000000000000,1.000000000000,1.000000000000,6.000000000000,2.000000000000,270.831780441585,0.348376268184,0.462329593424
93,13,4,18.784780399726,1.024263932581,0.068177647166,270.833154179736,175.000000000000,14,7,7,201,35.072068709717,29.158977704545,100.326732177793,0.999580120614,-0.000325706572,-0.000419879386,-1.000000000000,1.030666949937,1.033433215510,1.013662935139,1.030361982858,1.019768457356,1.015164280766,1.026494557615,1.003498204236,1.021104211836,0.000000000000,0.000000000000,-1.000000000000,1.000000000000,1.000000000000,1.000000000000,6.000000000000,2.000000000000,270.833154179736,0.356774947771,0.427603707630
293,13,14,18.804794235908,1.024290767819,0.218190186171,270.812476333830,175.000000000000,14,7,7,164,34.499786257782,29.298041191736,101.030362157506,0.999749780015,-0.004393812046,-0.000250219985,-1.000000000000,1.012404521214,1.039424657957,0.998624905696,1.029970848185,1.034664156500,1.029915170690,1.026669004668,1.006424704742,1.020181567573,0.000000000000,0.000000000000,-2.000000000000,1.000000000000,1.000000000000,1.000000000000,6.000000000000,2.000000000000,270.812476333830,0.348368528676,0.455467222197
333,13,16,18.834929880266,1.024347315209,0.243120790549,270.839689223057,175.000000000000,14,7,7,67,34.527317929881,29.566036549254,100.550328745324,0.999718063994,-0.004150081707,-0.000281936006,-1.000000000000,1.013546490871,1.039170898321,1.003568777744,1.013536632989,1.032898392738,1.025962686009,1.026491535963,1.011191888537,1.025116199981,0.000000000000,0.000000000000,-2.000000000000,1.000000000000,1.000000000000,1.000000000000,6.000000000000,2.000000000000,270.839689223057,0.349236792082,0.441594429971
313,13,15,18.837191709787,1.024250787729,0.227860103529,270.833677491084,175.000000000000,14,7,7,69,34.592100739020,29.396607317013,100.994450253869,0.998394253379,-0.006734569013,-0.001605746621,-1.000000000000,1.020040302690,1.033697614291,1.003223315777,1.020038083805,1.019108273305,1.037257707489,1.019207196350,1.018702129923,1.025781224868,0.000000000000,1.000000000000,-2.000000000000,1.000000000000,1.000000000000,1.000000000000,6.000000000000,2.000000000000,270.833677491084,0.347668481976,0.453273883563
53,13,2,18.880485996854,1.024348077560,0.039589269052,270.840907745738,175.000000000000,14,7,7,193,34.868003791328,29.534132690391,100.479544620071,0.999366526924,-0.001120247071,-0.000633473076,-1.000000000000,1.014673408937,1.035676286854,1.003812994661,1.057586635472,1.020709158208,1.022547310422,1.026539908391,1.000961046055,1.025141114765,0.000000000000,0.000000000000,-2.000000000000,1.000000000000,1.000000000000,1.000000000000,6.000000000000,2.000000000000,270.840907745738,0.348116108120,0.441267636686
393,13,19,18.881062958212,1.024261120531,0.286642991337,270.836564427912,175.000000000000,14,7,7,4,34.535556569397,29.584408210715,100.989825753354,0.997990643737,-0.006625487082,-0.002009356263,-1.000000000000,1.020332011472,1.033697502602,0.996312500559,1.016227575644,1.036019639387,1.026138665777,1.019315597696,1.018702129923,1.024800462708,1.000000000000,0.000000000000,-2.000000000000,1.000000000000,1.000000000000,1.000000000000,6.000000000000,2.000000000000,270.836564427912,0.347668481976,0.453136567611
73,13,3,18.881475132657,1.024321679598,0.057879577910,270.965476685564,175.000000000000,14,7,7,201,34.860498400355,29.317441561223,101.061792115686,0.999198809792,-0.000561959088,-0.000801190208,-1.000000000000,1.020257137846,1.033267817743,1.004809651367,1.056479153913,1.025975418636,1.020500841192,1.022824846373,1.002915000972,1.019855392921,0.000000000000,1.000000000000,-2.000000000000,1.000000000000,1.000000000000,1.000000000000,6.000000000000,2.000000000000,270.965476685564,0.348469749359,0.453182367256
33,13,1,18.884456066788,1.024412790680,0.023063993354,270.832934954382,175.000000000000,14,7,7,167,34.575818997371,29.518475758110,101.057486588685,0.998816031216,-0.000077724390,-0.001183968784,-1.000000000000,1.009034189153,1.027265739431,1.003620138297,1.058545122272,1.032898392738,1.029429541272,1.026657728886,1.006295228185,1.020258096742,0.000000000000,0.000000000000,-2.000000000000,1.000000000000,1.000000000000,1.000000000000,6.000000000000,2.000000000000,270.832934954382,0.348542141661,0.455821122221
13,13,0,18.901504471713,1.024251829542,0.014048494087,270.834081195566,175.000000000000,14,7,7,118,34.700327344916,29.393430042421,101.385500737964,0.997858445545,-0.000971402913,-0.002141554455,-1.000000000000,1.013577484485,1.031803681269,0.996342952501,1.059028597087,1.027850173908,1.022259196183,1.019289867866,1.013586867419,1.019976280648,0.000000000000,0.000000000000,-1.000000000000,1.000000000000,1.000000000000,1.000000000000,6.000000000000,2.000000000000,270.834081195566,0.356369423564,0.455793221125
353,13,17,18.911424062165,1.024251043185,0.261617621031,270.835794077936,175.000000000000,14,7,7,60,34.407552753784,29.511925311506,101.640105897924,0.997753604797,-0.004167183812,-0.002246395203,-1.000000000000,1.016141735868,1.039606707767,0.998365051437,1.018104307923,1.036762861070,1.032080261539,1.027988046732,1.006327053513,1.019516948646,0.000000000000,0.000000000000,-2.000000000000,1.000000000000,1.000000000000,1.000000000000,6.000000000000,2.000000000000,270.835794077936,0.348645643147,0.470874323247
373,13,18,18.934316600244,1.024277934044,0.280573711790,270.874138985529,175.000000000000,14,7,7,35,34.505405550510,29.622444972643,101.495648014775,0.996298844624,-0.006625613794,-0.003701155376,-1.000000000000,1.021578534786,1.033530433018,0.996312500559,1.015519867499,1.036019639387,1.026138665777,1.019261478448,1.018427860876,1.024800462708,1.000000000000,0.000000000000,-2.000000000000,1.000000000000,1.000000000000,1.000000000000,6.000000000000,2.000000000000,270.874138985529,0.347668481976,0.466126530793
134,14,6,19.258547322585,1.026504836260,0.097380873506,270.852784040106,175.000000000000,14,7,7,132,34.597699919082,30.983127026467,100.273506646219,0.999370807986,-0.002064118873,-0.000629192014,-1.000000000000,1.028624123425,1.031390438400,1.003474808116,1.028793580978,1.037502660447,1.029336872322,1.026656691368,1.007282608658,1.020264689294,0.000000000000,0.000000000000,0.000000000000,1.000000000000,1.000000000000,1.000000000000,6.000000000000,2.000000000000,270.852784040106,0.355490518681,0.429941470296
194,14,9,19.289852847203,1.026557892599,0.139221407362,270.852784040106,175.000000000000,14,7,7,97,34.587788066586,31.122316765836,100.280990500377,0.998170294696,-0.003028361163,-0.001829705304,-1.000000000000,1.028424797165,1.031390438400,0.998691579389,1.028793580978,1.037420479835,1.029335876536,1.026556359750,1.007282608658,1.024940204304,0.000000000000,0.000000000000,0.000000000000,1.000000000000,1.000000000000,1.000000000000,6.000000000000,2.000000000000,270.852784040106,0.355528677652,0.430084820413
94,14,4,19.322108314432,1.026838475226,0.072755986856,270.852784040106,175.000000000000,14,7,7,143,34.580737455801,31.230497815933,100.275499746511,0.998197239084,-0.000656724326,-0.001802760916,-1.000000000000,1.026165581198,1.030470095574,1.006890197424,1.027232946924,1.036511198036,1.029335876536,1.026556359750,1.007282608658,1.024940204304,0.000000000000,0.000000000000,0.000000000000,1.000000000000,1.000000000000,1.000000000000,6.000000000000,2.000000000000,270.852784040106,0.355528677652,0.429941470296
154,14,7,19.368987213395,1.026726788821,0.116566647540,270.831548364777,175.000000000000,14,7,7,116,34.698015355612,31.244195952863,100.313195272279,0.999615526705,-0.002558924694,-0.000384473295,-1.000000000000,1.031212919009,1.034964351370,1.001455526287,1.029145140917,1.037775027664,1.022213265948,1.026568116456,1.006564032953,1.021156151611,0.000000000000,1.000000000000,0.000000000000,1.000000000000,1.000000000000,1.000000000000,6.000000000000,2.000000000000,270.831548364777,0.356494423814,0.427642048153
214,14,10,19.381371767423,1.026535112183,0.153708941568,270.669699736382,175.000000000000,14,7,7,126,34.629842684735,31.174813955845,100.722302000200,0.999165404260,-0.002073863180,-0.000834595740,-1.000000000000,1.032837233070,1.034960838192,1.003902735540,1.031928057465,1.033705743362,1.028913965968,1.027388645980,1.006490436663,1.020328185193,0.000000000000,1.000000000000,-2.000000000000,1.000000000000,1.000000000000,1.000000000000,6.000000000000,2.000000000000,270.669699736382,0.352664980536,0.440297185537
174,14,8,19.383706191131,1.026900816446,0.121019085404,270.852784040106,175.000000000000,14,7,7,86,34.559827556112,31.442626771005,100.275499746511,0.998088412178,-0.002807204303,-0.001911587822,-1.000000000000,1.028624123425,1.031390438400,1.002953135884,1.022816467102,1.039989117890,1.029335876536,1.026561987436,1.007221942901,1.024942272380,0.000000000000,0.000000000000,0.000000000000,1.000000000000,1.000000000000,1.000000000000,6.000000000000,2.000000000000,270.852784040106,0.355528677652,0.429941470296
114,14,5,19.384488173820,1.026774168313,0.089096169734,266.642995899365,200.000000000000,14,7,7,114,34.481317608642,31.317970948101,100.706880175215,0.998159038531,-0.001610612681,-0.001840961469,-1.000000000000,1.028576620178,1.032635696173,1.013442996933,1.017477211013,1.037506158563,1.022023311479,1.023074696846,1.014003707646,1.017411025527,0.000000000000,0.000000000000,-1.000000000000,1.000000000000,2.000000000000,1.000000000000,6.000000000000,2.000000000000,266.642995899365,0.347356154613,0.462690698343
254,14,12,19.385802251433,1.026559151959,0.184418450256,268.620474136464,175.000000000000,14,7,7,118,34.477693182711,31.424990954513,100.428380207627,0.998582713364,-0.002111218327,-0.001417286636,-1.000000000000,1.029282239591,1.033157506879,1.002912136835,1.018665557192,1.033073819066,1.021375580757,1.025896883887,1.020794312350,1.025098454747,0.000000000000,0.000000000000,-1.000000000000,1.000000000000,1.000000000000,1.000000000000,6.000000000000,2.000000000000,268.620474136464,0.349667501873,0.452658342889
234,14,11,19.411058225162,1.026517949677,0.168348737845,270.832699736264,175.000000000000,14,7,7,75,34.508631420194,31.229411669654,101.070394922054,0.998392524928,-0.002233273246,-0.001607475072,-1.000000000000,1.031213206736,1.034996943186,1.003454086603,1.027905923850,1.037803695326,1.029990146912,1.028219055946,1.006581412530,1.019161533891,0.000000000000,1.000000000000,-2.000000000000,1.000000000000,1.000000000000,1.000000000000,6.000000000000,2.000000000000,270.832699736264,0.349051401587,0.453376429012
274,14,13,19.440097194624,1.026559121575,0.195815479340,268.591106455681,175.000000000000,14,7,7,63,34.428243335952,31.558580669832,100.528199442554,0.999551370732,-0.002218079180,-0.000448629268,-1.000000000000,1.029368499138,1.033696878911,1.002903462118,1.019730374968,1.038067722397,1.021375580757,1.025894430704,1.021977553941,1.021496246293,0.000000000000,0.000000000000,-2.000000000000,1.000000000000,1.000000000000,1.000000000000,6.000000000000,2.000000000000,268.591106455681,0.349698579860,0.453302073419
54,14,2,19.445957042621,1.026507401135,0.034527188923,270.669699736382,175.000000000000,14,7,7,118,34.813469739293,31.371773819026,100.430306877505,0.999391190034,-0.000135122108,-0.000608809966,-1.000000000000,1.032837233070,1.033758122778,1.003900898773,1.057891840067,1.020297488509,1.028913965968,1.026102936312,1.006490436663,1.020328185193,0.000000000000,0.000000000000,-2.000000000000,1.000000000000,1.000000000000,1.000000000000,6.000000000000,2.000000000000,270.669699736382,0.347909027232,0.441247903684
74,14,3,19.498739440222,1.026513454231,0.053691861656,270.831288921661,175.000000000000,14,7,7,101,34.707629932867,31.427510411647,100.981750554201,0.997913613636,-0.000524906256,-0.002086386364,-1.000000000000,1.030946870239,1.033031784769,1.004180094236,1.056653305119,1.019949099832,1.021192754173,1.026125852316,1.016202307922,1.019830159437,0.000000000000,0.000000000000,-2.000000000000,1.000000000000,1.000000000000,1.000000000000,6.000000000000,2.000000000000,270.831288921661,0.348632091625,0.453730635320
34,14,1,19.519907697955,1.026501193780,0.029743749730,270.833807139167,175.000000000000,14,7,7,107,34.570611376671,31.467967555170,101.453266548543,0.995430354840,-0.000921886575,-0.004569645160,-1.000000000000,1.020554931073,1.033697614291,1.003223315777,1.057941196307,1.018846629942,1.021376055983,1.026110011813,1.019033198406,1.026101907219,0.000000000000,0.000000000000,-2.000000000000,1.000000000000,1.000000000000,1.000000000000,6.000000000000,2.000000000000,270.833807139167,0.348023801278,0.466855784557
294,14,14,19.530585459813,1.026602887711,0.219475260483,270.808040081925,175.000000000000,14,7,7,30,34.757180349205,31.543608527580,100.871963137301,0.997809822797,-0.002463696538,-0.002190177203,-1.000000000000,1.030020124755,1.040199443881,0.992386702759,1.013283870586,1.036388879692,1.037700029693,1.011591444321,1.013491308787,1.025154328827,0.000000000000,0.000000000000,1.000000000000,1.000000000000,1.000000000000,1.000000000000,6.000000000000,2.000000000000,270.808040081925,0.361137543478,0.436033603471
354,14,17,19.532382934645,1.026503793264,0.263577882972,270.808040081925,175.000000000000,14,7,7,5,34.782409163110,31.557935628549,100.667912008624,0.999701531844,-0.002185607929,-0.000298468156,-1.000000000000,1.030020124755,1.041425877130,0.996264084346,1.020130620792,1.036388879692,1.036753971390,1.011563141639,1.013715118034,1.025154328827,0.000000000000,1.000000000000,-2.000000000000,1.000000000000,1.000000000000,1.000000000000,6.000000000000,2.000000000000,270.808040081925,0.355419972073,0.434325809642
334,14,16,19.543008949455,1.026614755681,0.242836529955,270.808040081925,175.000000000000,14,7,7,13,34.782028971662,31.582804530458,100.757295446627,0.998803670229,-0.002103991279,-0.001196329771,-1.000000000000,1.030020124755,1.041425877130,0.998327455685,1.020366836220,1.036718487699,1.035586813339,1.011766632139,1.013491308787,1.024540021437,1.000000000000,0.000000000000,-2.000000000000,1.000000000000,1.000000000000,1.000000000000,6.000000000000,2.000000000000,270.808040081925,0.357131265794,0.434325809642
14,14,0,19.565614081844,1.026727322026,0.013325917511,270.807378486030,175.000000000000,14,7,7,78,34.519660978146,31.622426745644,101.379626141866,0.997135868969,-0.000679124153,-0.002864131031,-1.000000000000,1.017691912236,1.032196236625,0.996342952501,1.059028597087,1.043935081375,1.022171217412,1.019649594287,1.013586867419,1.019976280648,0.000000000000,0.000000000000,-1.000000000000,1.000000000000,1.000000000000,1.000000000000,6.000000000000,2.000000000000,270.807378486030,0.356369423564,0.455793221125
314,14,15,19.604981236812,1.026566301192,0.239699370410,270.852867709690,175.000000000000,14,7,7,23,34.602078116421,31.552588102113,101.876951105578,0.995124837266,-0.002441638763,-0.004875162734,-1.000000000000,1.028690316203,1.040452254220,0.998327455685,1.020130620792,1.036452119315,1.037639773641,1.013224657540,1.013628703226,1.025152952153,0.000000000000,0.000000000000,-2.000000000000,1.000000000000,1.000000000000,1.000000000000,6.000000000000,2.000000000000,270.852867709690,0.356477488568,0.466279916385
95,15,4,19.906909470369,1.028775883253,0.066752037761,270.840786532327,175.000000000000,14,7,7,76,34.370102471468,33.164355104836,100.468056709411,0.997540280763,-0.000292032044,-0.002459719237,-1.000000000000,1.029402005516,1.033418848559,1.003084828775,1.018454613974,1.038355936095,1.022532337659,1.026812392548,1.021415793080,1.025102265690,0.000000000000,0.000000000000,2.000000000000,1.000000000000,1.000000000000,1.000000000000,6.000000000000,2.000000000000,270.840786532327,0.347783426344,0.441422068689
195,15,9,19.962851956929,1.029037537280,0.136994277304,270.804846302555,175.000000000000,14,7,7,35,34.224518663878,33.454592078116,100.347493549812,0.998673797951,-0.001730103955,-0.001326202049,-1.000000000000,1.020745272540,1.040199443881,0.992386702759,1.032114968677,1.036388879692,1.037013017308,1.026134261191,1.018943876400,1.025971847131,0.000000000000,0.000000000000,1.000000000000,1.000000000000,1.000000000000,1.000000000000,6.000000000000,2.000000000000,270.804846302555,0.348195673887,0.440007336811
135,15,6,19.973117949755,1.028840435581,0.093759177676,270.835233589786,175.000000000000,14,7,7,38,34.266535330760,33.232127193730,101.087272528222,0.996021235454,-0.000957071409,-0.003978764546,-1.000000000000,1.029606424567,1.033418848559,1.003405395114,1.018413725752,1.037308069502,1.029107746649,1.026812392548,1.021006932511,1.025102265690,0.000000000000,1.000000000000,1.000000000000,1.000000000000,1.000000000000,1.000000000000,6.000000000000,2.000000000000,270.835233589786,0.348503105880,0.456638788080
55,15,2,19.999293383502,1.028803451602,0.036932117277,270.857310903688,175.000000000000,14,7,7,70,34.516602946085,33.514697821650,99.981267670430,0.999115104346,-0.002060543554,-0.000884895654,-1.000000000000,1.028281548063,1.033728591569,0.998804712767,1.033559024090,1.057730979224,1.018650091396,1.026556359750,1.007346703940,1.025000109669,-1.000000000000,0.000000000000,0.000000000000,1.000000000000,1.000000000000,1.000000000000,6.000000000000,2.000000000000,270.857310903688,0.349861203613,0.427873561542
35,15,1,20.021137560012,1.028764444641,0.029139381193,271.213420316861,175.000000000000,14,7,7,62,34.517202854358,33.436881671569,100.341971814243,0.998933424464,-0.001240948489,-0.001066575536,-1.000000000000,1.029519242780,1.033527749875,1.002029470422,1.029219426549,1.058187642596,1.022108500894,1.026585086170,1.006068976460,1.021156151611,0.000000000000,1.000000000000,0.000000000000,1.000000000000,1.000000000000,1.000000000000,6.000000000000,2.000000000000,271.213420316861,0.355605604604,0.427412016459
115,15,5,20.056603824176,1.028780471215,0.085569152779,270.832699008066,175.000000000000,14,7,7,42,34.389564292231,33.293571227675,101.374359233635,0.996015942011,-0.001424959774,-0.003984057989,-1.000000000000,1.030135938884,1.033561022410,1.003447022427,1.047137991270,1.038132668549,1.021190299543,1.026051779907,1.022087704302,1.021496246293,0.000000000000,0.000000000000,-2.000000000000,1.000000000000,1.000000000000,1.000000000000,6.000000000000,2.000000000000,270.832699008066,0.356436904469,0.453329659377
155,15,7,20.064842973565,1.028764255705,0.108623580148,270.838141060929,175.000000000000,14,7,7,28,34.376686960980,33.397080034268,101.200789828349,0.996136481418,-0.001081653380,-0.003863518582,-1.000000000000,1.029444182817,1.040989223345,1.003084828775,1.007650729477,1.038095584060,1.021377153162,1.024423033899,1.020918121509,1.025088983193,0.000000000000,0.000000000000,2.000000000000,1.000000000000,1.000000000000,1.000000000000,6.000000000000,2.000000000000,270.838141060929,0.352792687766,0.453736317005
255,15,12,20.067716657791,1.028819332172,0.185927862184,270.829271850345,175.000000000000,14,7,7,13,34.376148732467,33.570310703892,100.671275556098,0.997990505156,-0.003579252999,-0.002009494844,-1.000000000000,1.028906077213,1.036337455554,1.003267797033,1.020998167438,1.037304192291,1.037079978517,1.018951880862,1.027437740430,1.024595220715,2.000000000000,0.000000000000,-2.000000000000,1.000000000000,1.000000000000,1.000000000000,6.000000000000,2.000000000000,270.829271850345,0.358673558465,0.427766363037
215,15,10,20.084523913549,1.028788013439,0.153117863704,270.690061671287,175.000000000000,14,7,7,25,34.503597186494,33.516725389424,100.642698942348,0.999030974008,-0.003273884558,-0.000969025992,-1.000000000000,1.031173502463,1.036679920206,1.003018511080,1.030095094769,1.044885945247,1.020802286925,1.018951880862,1.027658344019,1.021151070511,0.000000000000,0.000000000000,-2.000000000000,1.000000000000,1.000000000000,1.000000000000,6.000000000000,2.000000000000,270.690061671287,0.362277409179,0.427082739443
175,15,8,20.103652967889,1.028751984222,0.132808732582,270.807459270659,175.000000000000,14,7,7,20,34.256070581199,33.469405648715,101.444696096845,0.997053309619,-0.001159684577,-0.002946690381,-1.000000000000,1.030231548748,1.033651307182,1.004973825338,1.030686737341,1.043945305728,1.020547393928,1.025862772364,1.027722092954,1.018982067350,0.000000000000,1.000000000000,-2.000000000000,1.000000000000,1.000000000000,1.000000000000,6.000000000000,2.000000000000,270.807459270659,0.348372622523,0.464219095165
235,15,11,20.147784820135,1.028831786937,0.167381606106,270.807138964418,175.000000000000,14,7,7,15,34.275552170301,33.646562339588,101.413587697335,0.995863918191,-0.000799315793,-0.004136081809,-1.000000000000,1.030430384286,1.038908399306,1.004962611324,1.017854951653,1.043953974351,1.020710394765,1.026781570468,1.021468184523,1.025052434327,0.000000000000,1.000000000000,-2.000000000000,1.000000000000,1.000000000000,1.000000000000,6.000000000000,2.000000000000,270.807138964418,0.347826086234,0.464154047637
275,15,13,20.168788734319,1.028803563085,0.204606392622,270.828912578348,175.000000000000,14,7,7,5,34.307010696783,33.758613872232,101.047733197738,0.998597170942,-0.003653921678,-0.001402829058,-1.000000000000,1.029077056456,1.036775073256,0.998516660885,1.020998167438,1.044891142885,1.037079978517,1.018951880862,1.027437740430,1.020340358194,2.000000000000,1.000000000000,-2.000000000000,1.000000000000,1.000000000000,1.000000000000,6.000000000000,2.000000000000,270.828912578348,0.358522556794,0.435714119883
75,15,3,20.200346808291,1.028867784637,0.055661528526,270.659943904072,200.000000000000,14,7,7,51,34.224593560504,33.896265335966,101.399409441220,0.994515456876,-0.001360262997,-0.005484543124,-1.000000000000,1.028768242857,1.033356773957,1.003606479051,1.017723517072,1.056331235701,1.017171519312,1.026550909317,1.020818041444,1.021384290359,-1.000000000000,0.000000000000,-2.000000000000,1.000000000000,2.000000000000,1.000000000000,6.000000000000,2.000000000000,270.659943904072,0.347628138728,0.453150858661
15,15,0,20.223633462698,1.028794466803,0.011840223118,270.837131433596,175.000000000000,14,7,7,49,34.315077112985,33.790679344093,101.577562658981,0.995852415944,-0.000959268430,-0.004147584056,-1.000000000000,1.029504050619,1.028900613285,1.004093111470,1.030307320212,1.059040731570,1.014077053421,1.026556608593,1.023112476092,1.020464675587,0.000000000000,1.000000000000,-2.000000000000,1.000000000000,1.000000000000,1.000000000000,6.000000000000,2.000000000000,270.837131433596,0.357142948723,0.455557952682
36,16,1,20.713994749846,1.031041941882,0.028338213734,271.213420316861,175.000000000000,14,7,7,12,34.300538662386,35.836296218673,100.280480930531,0.998132257004,-0.000206511476,-0.001867742996,-1.000000000000,1.029519242780,1.033695684885,0.990320203485,1.057549452124,1.058187642596,1.022108334070,1.026585086170,1.018799130812,1.021156151611,0.000000000000,0.000000000000,0.000000000000,1.000000000000,1.000000000000,1.000000000000,6.000000000000,2.000000000000,271.213420316861,0.355605604604,0.427895244091
96,16,4,20.719660180753,1.031029908578,0.062195458757,270.835233589786,175.000000000000,14,7,7,13,34.093901042222,35.507373962952,101.522817375851,0.996620089795,-0.000202794612,-0.005746882981,-1.000000000000,1.029604972638,1.033418848559,1.003136514941,1.018413725752,1.056065477862,1.029107746649,1.026801080551,1.021011713991,1.024953774280,0.000000000000,1.000000000000,1.000000000000,1.000000000000,1.000000000000,1.000000000000,6.000000000000,2.000000000000,270.835233589786,0.357156278626,0.456210014831
56,16,2,20.778917573546,1.031052449741,0.033754745714,270.833765464727,175.000000000000,14,7,7,10,34.058063126358,35.841605267021,101.348665917070,0.995218166727,-0.000384162386,-0.004781833273,-1.000000000000,1.028352180030,1.037702223442,1.003171137084,1.018545447963,1.057687805261,1.025702226351,1.026267662682,1.026798723719,1.023687344486,0.000000000000,0.000000000000,-1.000000000000,1.000000000000,1.000000000000,1.000000000000,6.000000000000,2.000000000000,270.833765464727,0.355698956451,0.455747641078
76,16,3,20.842090266355,1.031514708685,0.057973436620,270.372604647567,175.000000000000,14,7,7,9,34.070126590861,36.003114965336,101.284025906904,0.996983828539,-0.000480514924,-0.003016171461,-1.000000000000,1.029196792021,1.039147376865,1.003132639969,1.017677722197,1.056340623515,1.029576405023,1.026223586463,1.023123263710,1.020501574688,0.000000000000,1.000000000000,1.000000000000,1.000000000000,1.000000000000,1.000000000000,6.000000000000,2.000000000000,270.372604647567,0.356651505750,0.453321265429
16,16,0,20.846191354836,1.031070143341,0.012914634192,270.832793167522,175.000000000000,14,7,7,10,34.222008274463,35.799180402523,101.564068208781,0.996641689342,-0.000976376691,-0.003358310658,-1.000000000000,1.029054462961,1.040134134512,0.998565025694,1.046945853434,1.059023623309,1.013769193280,1.025756498478,1.023053675905,1.020295748690,0.000000000000,1.000000000000,-2.000000000000,1.000000000000,1.000000000000,1.000000000000,6.000000000000,2.000000000000,270.832793167522,0.348946013351,0.466408202353
