preset,phase,arm,problem,run,seed,workers,retries_requested,retries_completed,optimizer_starts,evaluations_per_retry,wall_time_ms,evaluations_actual,population,sigma,stop_value,success,best,wall_seconds,cpu_seconds,average_cores
publication,equal-wall,external-retry,cassini1,1,42,16,16,16,2157,1000000000,4000,16860231,9,0.3,4.95535,true,4.930708561880566,4.000566582,63.974139686,15.991269830089282
publication,equal-wall,external-single,cassini1,1,42,1,1,1,155,1000000000,4000,1131516,9,0.3,4.95535,false,5.303422008293174,4.000091846,4.000275221,1.0000458426973828
publication,equal-wall,external-single,cassini1,2,43,1,1,1,140,1000000000,4000,1133136,9,0.3,4.95535,false,5.3034212770591616,4.000135633,3.999969471,0.9999584609085178
publication,equal-wall,external-retry,cassini1,2,43,16,16,16,2157,1000000000,4000,16876674,9,0.3,4.95535,true,4.930708531873167,4.000454783,63.999138272,15.997965667294983
publication,equal-wall,external-retry,cassini1,3,44,16,16,16,2121,1000000000,4000,16773696,9,0.3,4.95535,true,4.930708437157071,4.000418821,64.000190886,15.998372607896496
publication,equal-wall,external-single,cassini1,3,44,1,1,1,145,1000000000,4000,1133361,9,0.3,4.95535,false,5.303422755110294,4.000099625,4.000415021,1.000078847036216
publication,equal-wall,external-single,cassini1,4,45,1,1,1,141,1000000000,4000,1132560,9,0.3,4.95535,false,5.303421368398039,4.000154301,4.000058601,0.9999760759228772
publication,equal-wall,external-retry,cassini1,4,45,16,16,16,2157,1000000000,4000,16801731,9,0.3,4.95535,true,4.930709334246946,4.00042054,63.995731246,15.997250940522367
publication,equal-wall,external-retry,cassini1,5,46,16,16,16,2123,1000000000,4000,16732692,9,0.3,4.95535,true,4.9307081714916645,4.000423136,64.001896926,15.998781816364337
publication,equal-wall,external-single,cassini1,5,46,1,1,1,140,1000000000,4000,1116954,9,0.3,4.95535,true,4.9307081714916645,4.00011713,4.000749321,1.0001580431221024
publication,equal-wall,external-single,cassini1,6,47,1,1,1,145,1000000000,4000,1132299,9,0.3,4.95535,true,4.930708943204005,4.000115546,3.9999703110000002,0.9999636922988024
publication,equal-wall,external-retry,cassini1,6,47,16,16,16,2137,1000000000,4000,16805961,9,0.3,4.95535,true,4.930708726760633,4.000422384,63.998022616,15.997816348584854
publication,equal-wall,external-retry,cassini1,7,48,16,16,16,2110,1000000000,4000,16709814,9,0.3,4.95535,true,4.930708366937264,4.000422599,63.998423832,15.997915782197088
publication,equal-wall,external-single,cassini1,7,48,1,1,1,147,1000000000,4000,1129950,9,0.3,4.95535,false,5.303421012266869,4.000094952,4.000567511,1.000118136945665
publication,equal-wall,external-single,cassini1,8,49,1,1,1,141,1000000000,4000,1133289,9,0.3,4.95535,false,5.303420847805235,4.000164777,4.000040671,0.9999689747780607
publication,equal-wall,external-retry,cassini1,8,49,16,16,16,2140,1000000000,4000,16823583,9,0.3,4.95535,true,4.930710677932547,4.000443965,64.000660066,15.998389335269692
publication,equal-wall,external-retry,cassini1,9,50,16,16,16,2168,1000000000,4000,16710381,9,0.3,4.95535,true,4.9307083615890015,4.000369178,63.997286566,15.9978451283828
publication,equal-wall,external-single,cassini1,9,50,1,1,1,151,1000000000,4000,1118880,9,0.3,4.95535,false,5.303420815867553,4.000120881,4.000299891,1.0000447511476092
publication,equal-wall,external-single,cassini1,10,51,1,1,1,141,1000000000,4000,1125774,9,0.3,4.95535,false,5.303420940182157,4.000117474,3.999897041,0.9999448933683992
publication,equal-wall,external-retry,cassini1,10,51,16,16,16,2118,1000000000,4000,16669926,9,0.3,4.95535,true,4.930708537376203,4.000441922,63.996305926,15.997309090792992
publication,equal-wall,external-retry,cassini1,11,52,16,16,16,2132,1000000000,4000,16621605,9,0.3,4.95535,true,4.930708319855118,4.000374375,63.999425092,15.998358926594216
publication,equal-wall,external-single,cassini1,11,52,1,1,1,145,1000000000,4000,1119150,9,0.3,4.95535,false,5.30342165829429,4.000102346,4.000531221,1.0001072160067177
publication,equal-wall,external-single,cassini1,12,53,1,1,1,141,1000000000,4000,1131759,9,0.3,4.95535,true,4.930708398219759,4.00014749,4.000018431,0.9999677364396382
publication,equal-wall,external-retry,cassini1,12,53,16,16,16,2142,1000000000,4000,16782624,9,0.3,4.95535,true,4.930708398219759,4.000486937,64.000008296,15.998054562826336
publication,equal-wall,external-retry,cassini1,13,54,16,16,16,2123,1000000000,4000,16652457,9,0.3,4.95535,true,4.9307085525845595,4.000346819,63.995672076,15.99753095707775
publication,equal-wall,external-single,cassini1,13,54,1,1,1,127,1000000000,4000,1114380,9,0.3,4.95535,true,4.9307085525845595,4.000127779,4.000470351,1.0000856402642433
publication,equal-wall,external-single,cassini1,14,55,1,1,1,143,1000000000,4000,1123614,9,0.3,4.95535,false,5.30342102906516,4.000129131,4.000030871,0.9999754357930002
publication,equal-wall,external-retry,cassini1,14,55,16,16,16,2115,1000000000,4000,16756398,9,0.3,4.95535,true,4.930708624987757,4.000541908,64.000149066,15.997869923076435
publication,equal-wall,external-retry,cassini1,15,56,16,16,16,2106,1000000000,4000,16698069,9,0.3,4.95535,true,4.9307084652935425,4.000379509,64.000759216,15.998671894007046
publication,equal-wall,external-single,cassini1,15,56,1,1,1,134,1000000000,4000,1105632,9,0.3,4.95535,true,4.9307081759070535,4.000164849,4.000813972,1.0001622740623208
publication,equal-wall,external-single,cassini1,16,57,1,1,1,142,1000000000,4000,1129203,9,0.3,4.95535,false,5.303420562648784,4.000116651,4.000026561,0.9999774781567989
publication,equal-wall,external-retry,cassini1,16,57,16,16,16,2151,1000000000,4000,16742304,9,0.3,4.95535,true,4.930708625540111,4.000425776,64.000792576,15.99849520017691
publication,equal-wall,external-retry,cassini1,17,58,16,16,16,2127,1000000000,4000,16707735,9,0.3,4.95535,true,4.930708705425918,4.000358407,63.999692536,15.998489641330778
publication,equal-wall,external-single,cassini1,17,58,1,1,1,148,1000000000,4000,1120239,9,0.3,4.95535,false,5.30342094659729,4.000103796,3.999966961,0.9999657921376598
publication,equal-wall,external-single,cassini1,18,59,1,1,1,146,1000000000,4000,1127358,9,0.3,4.95535,false,5.30342130574494,4.000172838,3.999962941,0.9999475280172881
publication,equal-wall,external-retry,cassini1,18,59,16,16,16,2179,1000000000,4000,16818129,9,0.3,4.95535,true,4.930708338130849,4.000419431,63.999027906,15.998079453884145
publication,equal-wall,external-retry,cassini1,19,60,16,16,16,2130,1000000000,4000,16696737,9,0.3,4.95535,true,4.930708404164898,4.000401973,64.000782506,15.998587876408887
publication,equal-wall,external-single,cassini1,19,60,1,1,1,136,1000000000,4000,1116873,9,0.3,4.95535,true,4.930718827486954,4.000118131,4.000188012,1.0000174697340707
publication,equal-wall,external-single,cassini1,20,61,1,1,1,145,1000000000,4000,1119870,9,0.3,4.95535,true,4.930708388650867,4.000119082,3.9998418510000002,0.9999306943132649
publication,equal-wall,external-retry,cassini1,20,61,16,16,16,2142,1000000000,4000,16760511,9,0.3,4.95535,true,4.930708388650867,4.000456096,63.996602016,15.997326424851734
publication,equal-wall,external-retry,cassini1,21,62,16,16,16,2102,1000000000,4000,16610967,9,0.3,4.95535,true,4.930708461620716,4.000437946,64.000018756,15.998253096262378
publication,equal-wall,external-single,cassini1,21,62,1,1,1,144,1000000000,4000,1117116,9,0.3,4.95535,true,4.930709794144462,4.000108663,4.000515121,1.000101611739641
publication,equal-wall,external-single,cassini1,22,63,1,1,1,148,1000000000,4000,1123461,9,0.3,4.95535,false,5.30342350650109,4.000119383,3.999988211,0.9999672079787023
publication,equal-wall,external-retry,cassini1,22,63,16,16,16,2112,1000000000,4000,16708896,9,0.3,4.95535,true,4.930708421382692,4.000417217,63.998552776,15.997969537785838
publication,equal-wall,external-retry,cassini1,23,64,16,16,16,2123,1000000000,4000,16654095,9,0.3,4.95535,true,4.930708633138721,4.000347355,64.000166056,15.998652211040309
publication,equal-wall,external-single,cassini1,23,64,1,1,1,146,1000000000,4000,1113813,9,0.3,4.95535,false,5.303421429516124,4.000125662,4.000530661,1.0001012465692882
publication,equal-wall,external-single,cassini1,24,65,1,1,1,140,1000000000,4000,1123065,9,0.3,4.95535,true,4.930774090779182,4.000109541,4.000000212,0.9999726684984801
publication,equal-wall,external-retry,cassini1,24,65,16,16,16,2139,1000000000,4000,16723809,9,0.3,4.95535,true,4.930708674284386,4.000404473,63.996561246,15.997522670003274
publication,equal-wall,external-retry,cassini1,25,66,16,16,16,2134,1000000000,4000,16699626,9,0.3,4.95535,true,4.930709133841674,4.000418653,64.000698276,15.998500113982946
publication,equal-wall,external-single,cassini1,25,66,1,1,1,149,1000000000,4000,1115406,9,0.3,4.95535,false,5.3034209463702044,4.000114018,4.000666911,1.0001382193101276
publication,equal-wall,external-single,cassini1,26,67,1,1,1,138,1000000000,4000,1109556,9,0.3,4.95535,false,5.303423285600745,4.000102207,3.999967771,0.9999663918587468
publication,equal-wall,external-retry,cassini1,26,67,16,16,16,2010,1000000000,4000,15887457,9,0.3,4.95535,true,4.930708722109033,4.000442389,63.673521156,15.916619954603727
publication,equal-wall,external-retry,cassini1,27,68,16,16,16,2113,1000000000,4000,16591068,9,0.3,4.95535,true,4.930708507750374,4.000392418,63.993048716,15.996692831448117
publication,equal-wall,external-single,cassini1,27,68,1,1,1,140,1000000000,4000,1119483,9,0.3,4.95535,false,5.303420533475637,4.000198195,4.000432721,1.0000586285950264
publication,equal-wall,external-single,cassini1,28,69,1,1,1,137,1000000000,4000,1122759,9,0.3,4.95535,false,5.303421397451636,4.000135402,4.000027992,0.9999731484089398
publication,equal-wall,external-retry,cassini1,28,69,16,16,16,2113,1000000000,4000,16548192,9,0.3,4.95535,true,4.930708642430162,4.000366522,64.000290226,15.99860659617829
publication,equal-wall,external-retry,cassini1,29,70,16,16,16,2097,1000000000,4000,16539381,9,0.3,4.95535,true,4.930710409026956,4.00035797,63.999941496,15.998553623439856
publication,equal-wall,external-single,cassini1,29,70,1,1,1,139,1000000000,4000,1113876,9,0.3,4.95535,false,5.303420933186194,4.000148186,4.000287781,1.0000348974571713
publication,equal-wall,external-single,cassini1,30,71,1,1,1,136,1000000000,4000,1126323,9,0.3,4.95535,true,4.930710043214365,4.000132534,4.000008541,0.9999690027770465
publication,equal-wall,external-retry,cassini1,30,71,16,16,16,2123,1000000000,4000,16715178,9,0.3,4.95535,true,4.930708577206077,4.004039229,63.998836456,15.983568790354626
publication,equal-wall,external-retry,cassini1,31,72,16,16,16,2128,1000000000,4000,16581177,9,0.3,4.95535,true,4.930708467220942,4.000501402,63.999368786,15.997836859650723
publication,equal-wall,external-single,cassini1,31,72,1,1,1,137,1000000000,4000,1111752,9,0.3,4.95535,true,4.930709150325313,4.000097155,4.000504931,1.0001019415239678
publication,equal-wall,external-single,cassini1,32,73,1,1,1,154,1000000000,4000,1119438,9,0.3,4.95535,false,5.30342104150489,4.000143653,3.999693941,0.9998875760375098
publication,equal-wall,external-retry,cassini1,32,73,16,16,16,2121,1000000000,4000,16583823,9,0.3,4.95535,true,4.930708413425181,4.000469163,63.997334932,15.997457379225898
publication,equal-wall,external-retry,cassini1,33,74,16,16,16,2158,1000000000,4000,16582527,9,0.3,4.95535,true,4.930708892994219,4.00041525,63.998776786,15.998033400657595
publication,equal-wall,external-single,cassini1,33,74,1,1,1,145,1000000000,4000,1111239,9,0.3,4.95535,true,4.930708892994219,4.000191425,4.001543061,1.0003378928297162
publication,equal-wall,external-single,cassini1,34,75,1,1,1,145,1000000000,4000,1111455,9,0.3,4.95535,false,5.303421009438464,4.00011899,3.999636671,0.9998794238368395
publication,equal-wall,external-retry,cassini1,34,75,16,16,16,2119,1000000000,4000,16598115,9,0.3,4.95535,true,4.930708421047621,4.00045218,63.998075806,15.997710490317623
publication,equal-wall,external-retry,cassini1,35,76,16,16,16,2115,1000000000,4000,16413480,9,0.3,4.95535,true,4.930708456023239,4.000412276,63.981096076,15.99362557200592
publication,equal-wall,external-single,cassini1,35,76,1,1,1,132,1000000000,4000,1110843,9,0.3,4.95535,false,5.303421235218895,4.00014638,4.000173021,1.0000066600062771
publication,equal-wall,external-single,cassini1,36,77,1,1,1,145,1000000000,4000,1118745,9,0.3,4.95535,true,4.930737754709947,4.000094135,3.999916031,0.999955475047839
publication,equal-wall,external-retry,cassini1,36,77,16,16,16,2110,1000000000,4000,16483644,9,0.3,4.95535,true,4.930708525689514,4.000390634,63.990358612,15.996027504947907
publication,equal-wall,external-retry,cassini1,37,78,16,16,16,2075,1000000000,4000,16546347,9,0.3,4.95535,true,4.930708398251573,4.00039607,63.997393506,15.997764317871656
publication,equal-wall,external-single,cassini1,37,78,1,1,1,144,1000000000,4000,1115784,9,0.3,4.95535,true,4.93070904827308,3.999431626,4.000396731,1.0002413105386592
publication,equal-wall,external-single,cassini1,38,79,1,1,1,146,1000000000,4000,1122156,9,0.3,4.95535,true,4.930709645356727,4.000124699,3.999958541,0.9999584617949432
publication,equal-wall,external-retry,cassini1,38,79,16,16,16,2098,1000000000,4000,16577757,9,0.3,4.95535,true,4.930708585869217,4.000517968,63.996831126000004,15.99713628032879
publication,equal-wall,external-retry,cassini1,39,80,16,16,16,2122,1000000000,4000,16551792,9,0.3,4.95535,true,4.930712131662347,4.000365742,63.989648546,15.99594953885594
publication,equal-wall,external-single,cassini1,39,80,1,1,1,143,1000000000,4000,1096596,9,0.3,4.95535,false,5.303421096452908,4.000096114,4.000304081,1.0000519905007463
publication,equal-wall,external-single,cassini1,40,81,1,1,1,141,1000000000,4000,1106469,9,0.3,4.95535,true,4.930712187743433,4.000146931,3.9996237409999997,0.9998692073043753
publication,equal-wall,external-retry,cassini1,40,81,16,16,16,2084,1000000000,4000,16507449,9,0.3,4.95535,true,4.930708882323513,4.000414918,63.994676166,15.997009679684432
publication,equal-wall,external-retry,cassini1,41,82,16,16,16,2061,1000000000,4000,16495263,9,0.3,4.95535,true,4.930708368089026,4.000893298,63.990356082,15.99401716461372
publication,equal-wall,external-single,cassini1,41,82,1,1,1,141,1000000000,4000,1108746,9,0.3,4.95535,true,4.930709357297958,4.000138225,4.000050831,0.9999781522549763
publication,equal-wall,external-single,cassini1,42,83,1,1,1,140,1000000000,4000,1092420,9,0.3,4.95535,true,4.93071093878115,4.000138,3.998432221,0.9995735699618363
publication,equal-wall,external-retry,cassini1,42,83,16,16,16,2139,1000000000,4000,16637994,9,0.3,4.95535,true,4.930708625916983,4.000400087,63.999881086,15.998370086526798
publication,equal-wall,external-retry,cassini1,43,84,16,16,16,2119,1000000000,4000,16447797,9,0.3,4.95535,true,4.930708498908432,4.00036574,63.999105856,15.998313658190662
publication,equal-wall,external-single,cassini1,43,84,1,1,1,142,1000000000,4000,1108971,9,0.3,4.95535,false,5.3034211485371205,4.000106403,4.000532111,1.0001064241690372
publication,equal-wall,external-single,cassini1,44,85,1,1,1,151,1000000000,4000,1117368,9,0.3,4.95535,false,5.8018799537458445,4.000144107,3.999794091,0.9999124991523712
publication,equal-wall,external-retry,cassini1,44,85,16,16,16,2130,1000000000,4000,16567488,9,0.3,4.95535,true,4.930708830444161,4.000365354,63.998002446,15.998039374580584
publication,equal-wall,external-retry,cassini1,45,86,16,16,16,2087,1000000000,4000,16441416,9,0.3,4.95535,true,4.930709683387732,4.000450018,63.990035252,15.995709223731637
publication,equal-wall,external-single,cassini1,45,86,1,1,1,140,1000000000,4000,1106901,9,0.3,4.95535,false,5.303420955185741,4.000109979,4.000413611,1.0000759059129858
publication,equal-wall,external-single,cassini1,46,87,1,1,1,142,1000000000,4000,1118889,9,0.3,4.95535,false,5.3034214261194155,4.000114953,4.000000131,0.9999712953249222
publication,equal-wall,external-retry,cassini1,46,87,16,16,16,2117,1000000000,4000,16544835,9,0.3,4.95535,true,4.930708490734392,4.00043474,63.996993216,15.997509614667528
publication,equal-wall,external-retry,cassini1,47,88,16,16,16,2149,1000000000,4000,16393140,9,0.3,4.95535,true,4.930708522344171,4.000403834,63.991546136,15.996271574416253
publication,equal-wall,external-single,cassini1,47,88,1,1,1,138,1000000000,4000,1104426,9,0.3,4.95535,false,5.303421239566882,4.000263815,4.000709671,1.000111456649016
publication,equal-wall,external-single,cassini1,48,89,1,1,1,153,1000000000,4000,1113849,9,0.3,4.95535,true,4.930708493159942,4.000127597,3.999832571,0.9999262458527021
publication,equal-wall,external-retry,cassini1,48,89,16,16,16,2090,1000000000,4000,16474914,9,0.3,4.95535,true,4.930708493159942,4.000549454,63.993079566,15.996072614979353
publication,equal-wall,external-retry,cassini1,49,90,16,16,16,2104,1000000000,4000,16517178,9,0.3,4.95535,true,4.930708589045778,4.000333685,63.994943436,15.997401335783817
publication,equal-wall,external-single,cassini1,49,90,1,1,1,149,1000000000,4000,1113813,9,0.3,4.95535,true,4.930711494476595,4.000106287,4.000403592,1.0000743242750738
publication,equal-wall,external-single,cassini1,50,91,1,1,1,138,1000000000,4000,1117071,9,0.3,4.95535,false,5.303420919686738,4.00015227,3.9993296210000002,0.9997943455787497
publication,equal-wall,external-retry,cassini1,50,91,16,16,16,2086,1000000000,4000,16556238,9,0.3,4.95535,true,4.930729268353311,4.000441165,63.996707616,15.99741252937537
publication,equal-wall,external-retry,cassini1,51,92,16,16,16,2108,1000000000,4000,16534224,9,0.3,4.95535,true,4.930708702437588,4.000371527,63.999867226,15.998480839602275
publication,equal-wall,external-single,cassini1,51,92,1,1,1,144,1000000000,4000,1103175,9,0.3,4.95535,false,5.303420886666766,4.000101678,4.000435991,1.0000835761255367
publication,equal-wall,external-single,cassini1,52,93,1,1,1,130,1000000000,4000,1121247,9,0.3,4.95535,true,4.930708487815632,4.00013685,3.999779621,0.9999106958053199
publication,equal-wall,external-retry,cassini1,52,93,16,16,16,2105,1000000000,4000,16572699,9,0.3,4.95535,true,4.930708487815632,4.000506066,63.988623956,15.9951323408392
publication,equal-wall,external-retry,cassini1,53,94,16,16,16,2132,1000000000,4000,16387470,9,0.3,4.95535,true,4.930708433773156,4.000352798,63.988952996,15.995827425019028
publication,equal-wall,external-single,cassini1,53,94,1,1,1,145,1000000000,4000,1110654,9,0.3,4.95535,false,5.303420504247876,4.000086387,4.000492632,1.0001015590566547
publication,equal-wall,external-single,cassini1,54,95,1,1,1,133,1000000000,4000,1110618,9,0.3,4.95535,false,5.303423324652886,4.000148479,3.999633921,0.9998713652748888
publication,equal-wall,external-retry,cassini1,54,95,16,16,16,2115,1000000000,4000,16555266,9,0.3,4.95535,true,4.930708484230665,4.000528326,64.000165566,15.99792836112517
publication,equal-wall,external-retry,cassini1,55,96,16,16,16,2108,1000000000,4000,16515072,9,0.3,4.95535,true,4.930708551300855,4.000418486,63.994906936,15.997053098309275
publication,equal-wall,external-single,cassini1,55,96,1,1,1,138,1000000000,4000,1101366,9,0.3,4.95535,true,4.93070867925747,4.000111515,4.000331571,1.0000550124663212
publication,equal-wall,external-single,cassini1,56,97,1,1,1,138,1000000000,4000,1104930,9,0.3,4.95535,true,4.930708918870852,4.000150648,3.9994637109999998,0.9998282722176117
publication,equal-wall,external-retry,cassini1,56,97,16,16,16,2082,1000000000,4000,16549983,9,0.3,4.95535,true,4.930708246911488,4.000448173,63.993025336,15.996464038180656
publication,equal-wall,external-retry,cassini1,57,98,16,16,16,2099,1000000000,4000,16450317,9,0.3,4.95535,true,4.930708404813718,4.000334683,64.000562806,15.998802069731724
publication,equal-wall,external-single,cassini1,57,98,1,1,1,136,1000000000,4000,1108242,9,0.3,4.95535,true,4.930708404813718,4.000151222,4.000464481,1.0000783117893834
publication,equal-wall,external-single,cassini1,58,99,1,1,1,141,1000000000,4000,1110105,9,0.3,4.95535,false,5.303420897093946,4.000116903,3.999879372,0.9999406189854546
publication,equal-wall,external-retry,cassini1,58,99,16,16,16,2113,1000000000,4000,16572861,9,0.3,4.95535,true,4.930708447974686,4.000419868,63.997397466,15.997670139058515
publication,equal-wall,external-retry,cassini1,59,100,16,16,16,2096,1000000000,4000,16496829,9,0.3,4.95535,true,4.930708684540458,4.000330818,64.000463406,15.99879267935085
publication,equal-wall,external-single,cassini1,59,100,1,1,1,139,1000000000,4000,1107072,9,0.3,4.95535,true,4.930709701524039,4.000130347,4.000802771,1.0001681005221503
publication,equal-wall,external-single,cassini1,60,101,1,1,1,142,1000000000,4000,1098936,9,0.3,4.95535,false,5.303421130032106,4.000126292,3.998270661,0.9995361068964969
publication,equal-wall,external-retry,cassini1,60,101,16,16,16,2144,1000000000,4000,16485066,9,0.3,4.95535,true,4.930708207536644,4.000434463,63.971108886,15.9910403426599
publication,equal-wall,external-retry,cassini1,61,102,16,16,16,2088,1000000000,4000,16357428,9,0.3,4.95535,true,4.93070849978004,4.000339383,63.970571556,15.991286096337692
publication,equal-wall,external-single,cassini1,61,102,1,1,1,144,1000000000,4000,1110573,9,0.3,4.95535,true,4.93070849978004,4.000122821,3.999798941,0.9999190324861278
publication,equal-wall,external-single,cassini1,62,103,1,1,1,142,1000000000,4000,1112553,9,0.3,4.95535,false,5.303421085037103,4.000122751,3.999832692,0.9999274874752462
publication,equal-wall,external-retry,cassini1,62,103,16,16,16,2095,1000000000,4000,16539660,9,0.3,4.95535,true,4.930708397374663,4.000426276,63.988750226,15.99548293387922
publication,equal-wall,external-retry,cassini1,63,104,16,16,16,2117,1000000000,4000,16462170,9,0.3,4.95535,true,4.93070934076545,4.000343766,63.999793686,15.998573480097258
publication,equal-wall,external-single,cassini1,63,104,1,1,1,143,1000000000,4000,1108467,9,0.3,4.95535,false,5.3034210531867885,4.000109604,4.000462741,1.0000882818309893
publication,equal-wall,external-single,cassini1,64,105,1,1,1,144,1000000000,4000,1119015,9,0.3,4.95535,false,5.303420944056713,4.000120244,3.999938721,0.9999546206141497
publication,equal-wall,external-retry,cassini1,64,105,16,16,16,2123,1000000000,4000,16602705,9,0.3,4.95535,true,4.930709029722575,4.000395847,63.987148776,15.995204280592784
publication,equal-wall,external-retry,cassini1,65,106,16,16,16,2132,1000000000,4000,16583886,9,0.3,4.95535,true,4.930708616091842,4.000348567,63.997657286,15.998020226020971
publication,equal-wall,external-single,cassini1,65,106,1,1,1,142,1000000000,4000,1115622,9,0.3,4.95535,false,5.303422846252121,4.000126934,4.000539201,1.000103063479435
publication,equal-wall,external-single,cassini1,66,107,1,1,1,141,1000000000,4000,1116252,9,0.3,4.95535,true,4.9307092940768005,4.000124855,3.999588211,0.9998658431875371
publication,equal-wall,external-retry,cassini1,66,107,16,16,16,2123,1000000000,4000,16612443,9,0.3,4.95535,true,4.9307092940768005,4.000366507,63.984727992,15.994716454114139
publication,equal-wall,external-retry,cassini1,67,108,16,16,16,2072,1000000000,4000,16569117,9,0.3,4.95535,true,4.9307084624409825,4.000443018,63.999215116,15.998031924973164
publication,equal-wall,external-single,cassini1,67,108,1,1,1,131,1000000000,4000,1108071,9,0.3,4.95535,false,5.303421396457507,4.000091405,4.000227991,1.0000341457197277
publication,equal-wall,external-single,cassini1,68,109,1,1,1,141,1000000000,4000,1101411,9,0.3,4.95535,true,4.930724901198024,3.999910973,3.999200611,0.9998224055473247
publication,equal-wall,external-retry,cassini1,68,109,16,16,16,2129,1000000000,4000,16562520,9,0.3,4.95535,true,4.930710355402768,4.000453277,63.996031836,15.997195168841364
publication,equal-wall,external-retry,cassini1,69,110,16,16,16,2088,1000000000,4000,16542882,9,0.3,4.95535,true,4.9307082268844145,4.000339465,63.998118076,15.998171814151277
publication,equal-wall,external-single,cassini1,69,110,1,1,1,142,1000000000,4000,1106496,9,0.3,4.95535,true,4.9307082268844145,4.000113373,3.999019421,0.9997265197513191
publication,equal-wall,external-single,cassini1,70,111,1,1,1,139,1000000000,4000,1120590,9,0.3,4.95535,true,4.930721636595871,4.000114983,3.999854211,0.9999348088739679
publication,equal-wall,external-retry,cassini1,70,111,16,16,16,2118,1000000000,4000,16681491,9,0.3,4.95535,true,4.930708700968744,4.000409175,63.996918052,15.997593059215
publication,equal-wall,external-retry,cassini1,71,112,16,16,16,2109,1000000000,4000,16593408,9,0.3,4.95535,true,4.930708645062483,4.000409515,64.000108046,15.998389116420245
publication,equal-wall,external-single,cassini1,71,112,1,1,1,140,1000000000,4000,1108269,9,0.3,4.95535,false,5.303420792044948,4.000117081,4.000227781,1.0000276741899696
publication,equal-wall,external-single,cassini1,72,113,1,1,1,142,1000000000,4000,1118673,9,0.3,4.95535,false,5.303421583729001,4.00015616,3.999701351,0.9998863021887625
publication,equal-wall,external-retry,cassini1,72,113,16,16,16,2097,1000000000,4000,16668972,9,0.3,4.95535,true,4.930708520116438,4.000406537,63.998969386,15.998116389939296
publication,equal-wall,external-retry,cassini1,73,114,16,16,16,2126,1000000000,4000,16599195,9,0.3,4.95535,true,4.930708509655053,4.000412971,63.988183726,15.995394522982112
publication,equal-wall,external-single,cassini1,73,114,1,1,1,131,1000000000,4000,1105560,9,0.3,4.95535,true,4.930709565753402,4.000150757,4.000152991,1.0000005584789513
publication,equal-wall,external-single,cassini1,74,115,1,1,1,149,1000000000,4000,1125252,9,0.3,4.95535,true,4.9307110084123,4.000133555,3.999711961,0.9998946050190067
publication,equal-wall,external-retry,cassini1,74,115,16,16,16,2128,1000000000,4000,16645113,9,0.3,4.95535,true,4.93070865195385,4.000863612,63.998863166,15.996262150512917
publication,equal-wall,external-retry,cassini1,75,116,16,16,16,2085,1000000000,4000,16604397,9,0.3,4.95535,true,4.930708513378352,4.003352846,63.990799272,15.984301592585624
publication,equal-wall,external-single,cassini1,75,116,1,1,1,137,1000000000,4000,1108818,9,0.3,4.95535,false,5.3034208723542555,4.000158932,4.000539691,1.000095185967976
publication,equal-wall,external-single,cassini1,76,117,1,1,1,136,1000000000,4000,1110447,9,0.3,4.95535,true,4.930717890863776,4.000133001,3.999933461,0.9999501166586335
publication,equal-wall,external-retry,cassini1,76,117,16,16,16,2087,1000000000,4000,16490133,9,0.3,4.95535,true,4.930709710406658,4.000523643,63.994349416,15.99649324107244
publication,equal-wall,external-retry,cassini1,77,118,16,16,16,2056,1000000000,4000,16406226,9,0.3,4.95535,true,4.930708762725628,4.000420221,63.991716686,15.996248681595693
publication,equal-wall,external-single,cassini1,77,118,1,1,1,141,1000000000,4000,1102338,9,0.3,4.95535,true,4.930709423980955,4.000108706,3.999955581,0.9999617197903222
publication,equal-wall,external-single,cassini1,78,119,1,1,1,148,1000000000,4000,1099431,9,0.3,4.95535,true,4.930843131418891,4.000119984,3.999161271,0.9997603289391731
publication,equal-wall,external-retry,cassini1,78,119,16,16,16,2075,1000000000,4000,16459281,9,0.3,4.95535,true,4.930708385668904,4.000417796,63.990406186,15.995930787525175
publication,equal-wall,external-retry,cassini1,79,120,16,16,16,2078,1000000000,4000,16398378,9,0.3,4.95535,true,4.9307087061802495,4.000396694,63.997320302,15.997743523282693
publication,equal-wall,external-single,cassini1,79,120,1,1,1,138,1000000000,4000,1099539,9,0.3,4.95535,false,5.303421121635414,4.00009266,3.999288821,0.9997990449051247
publication,equal-wall,external-single,cassini1,80,121,1,1,1,139,1000000000,4000,1110042,9,0.3,4.95535,false,5.3034215954842105,4.000125308,3.999503661,0.9998445931184312
publication,equal-wall,external-retry,cassini1,80,121,16,16,16,2075,1000000000,4000,16431588,9,0.3,4.95535,true,4.930708861895008,4.000463898,64.000459476,15.998259478856072
publication,equal-wall,external-retry,cassini1,81,122,16,16,16,2114,1000000000,4000,16382997,9,0.3,4.95535,true,4.930708496762809,4.000395407,63.998506036,15.998045074247832
publication,equal-wall,external-single,cassini1,81,122,1,1,1,145,1000000000,4000,1104525,9,0.3,4.95535,false,5.303421322714048,4.000115302,4.000700621,1.0001463255320933
publication,equal-wall,external-single,cassini1,82,123,1,1,1,146,1000000000,4000,1121994,9,0.3,4.95535,false,5.303421049459377,4.000125019,3.999998291,0.9999683189901819
publication,equal-wall,external-retry,cassini1,82,123,16,16,16,2146,1000000000,4000,16690599,9,0.3,4.95535,true,4.930708660659151,4.00038922,63.998542956,15.998079045918438
publication,equal-wall,external-retry,cassini1,83,124,16,16,16,2132,1000000000,4000,16604928,9,0.3,4.95535,true,4.930708506767992,4.000441678,63.999638556,15.998143132034434
publication,equal-wall,external-single,cassini1,83,124,1,1,1,142,1000000000,4000,1101771,9,0.3,4.95535,false,5.303420787226177,4.000118312,3.999928262,0.9999524889052832
publication,equal-wall,external-single,cassini1,84,125,1,1,1,137,1000000000,4000,1115892,9,0.3,4.95535,false,5.303421213998739,4.00013416,3.998812991,0.9996697188276304
publication,equal-wall,external-retry,cassini1,84,125,16,16,16,2108,1000000000,4000,16709643,9,0.3,4.95535,true,4.930708539952297,4.000498161,64.000034896,15.998016327047125
publication,equal-wall,external-retry,cassini1,85,126,16,16,16,2099,1000000000,4000,16632072,9,0.3,4.95535,true,4.930709376275919,4.000336007,63.997572746,15.998049322360337
publication,equal-wall,external-single,cassini1,85,126,1,1,1,145,1000000000,4000,1118232,9,0.3,4.95535,false,5.303421130923454,4.000147742,4.000592851,1.000111273140071
publication,equal-wall,external-single,cassini1,86,127,1,1,1,147,1000000000,4000,1123200,9,0.3,4.95535,true,4.930708415598662,4.00012909,3.999986241,0.9999642889024866
publication,equal-wall,external-retry,cassini1,86,127,16,16,16,2132,1000000000,4000,16696809,9,0.3,4.95535,true,4.930708899778528,4.00045792,63.996733476,15.997351992143942
publication,equal-wall,external-retry,cassini1,87,128,16,16,16,2089,1000000000,4000,16604928,9,0.3,4.95535,true,4.930708337540215,4.000337517,63.998929076,15.99838233749715
publication,equal-wall,external-single,cassini1,87,128,1,1,1,142,1000000000,4000,1105146,9,0.3,4.95535,true,4.930710779013571,4.000139331,4.000052612,0.9999783210051392
publication,equal-wall,external-single,cassini1,88,129,1,1,1,145,1000000000,4000,1122750,9,0.3,4.95535,false,5.30342135952104,4.000116979,4.000027221,0.9999775611562183
publication,equal-wall,external-retry,cassini1,88,129,16,16,16,2115,1000000000,4000,16668675,9,0.3,4.95535,true,4.930708447278548,4.000484359,64.000691426,15.998235634146623
publication,equal-wall,external-retry,cassini1,89,130,16,16,16,2114,1000000000,4000,16622973,9,0.3,4.95535,true,4.930708489447202,4.000320795,63.997079856,15.997986945444458
publication,equal-wall,external-single,cassini1,89,130,1,1,1,148,1000000000,4000,1114722,9,0.3,4.95535,false,5.303420726276553,4.00011,4.000480081,1.0000925177057631
publication,equal-wall,external-single,cassini1,90,131,1,1,1,140,1000000000,4000,1123245,9,0.3,4.95535,false,5.3034215657649195,4.000132927,3.999878041,0.9999362806175066
publication,equal-wall,external-retry,cassini1,90,131,16,16,16,2115,1000000000,4000,16677945,9,0.3,4.95535,true,4.930708324463014,4.000430927,64.000341346,15.998361804985615
publication,equal-wall,external-retry,cassini1,91,132,16,16,16,2129,1000000000,4000,16615566,9,0.3,4.95535,true,4.930708485270596,4.000340223,63.995056746,15.99740351534595
publication,equal-wall,external-single,cassini1,91,132,1,1,1,142,1000000000,4000,1115874,9,0.3,4.95535,false,5.303421401519012,4.000101517,4.000421231,1.000079926471526
publication,equal-wall,external-single,cassini1,92,133,1,1,1,134,1000000000,4000,1120401,9,0.3,4.95535,false,5.303421168972731,3.999295796,3.999205662,0.9999774625322563
publication,equal-wall,external-retry,cassini1,92,133,16,16,16,2119,1000000000,4000,16658658,9,0.3,4.95535,true,4.930708431909612,4.000411583,63.993983396,15.996849841137958
publication,equal-wall,external-retry,cassini1,93,134,16,16,16,2099,1000000000,4000,16559325,9,0.3,4.95535,true,4.930708450379908,4.00031816,63.992214646,15.996781277517186
publication,equal-wall,external-single,cassini1,93,134,1,1,1,144,1000000000,4000,1117368,9,0.3,4.95535,false,5.3034210035868625,4.000113683,4.000476941,1.000090811919057
publication,equal-wall,external-single,cassini1,94,135,1,1,1,140,1000000000,4000,1124145,9,0.3,4.95535,true,4.93070838174283,4.00011968,3.999978111,0.9999646088089044
publication,equal-wall,external-retry,cassini1,94,135,16,16,16,2106,1000000000,4000,16706700,9,0.3,4.95535,true,4.93070838174283,4.00040443,64.000487496,15.998504305225962
publication,equal-wall,external-retry,cassini1,95,136,16,16,16,2111,1000000000,4000,16602534,9,0.3,4.95535,true,4.930708941329729,4.000419046,63.995700146,15.997249140684147
publication,equal-wall,external-single,cassini1,95,136,1,1,1,147,1000000000,4000,1116189,9,0.3,4.95535,false,5.303421059302842,4.000099759,4.000455091,1.0000888307845823
publication,equal-wall,external-single,cassini1,96,137,1,1,1,143,1000000000,4000,1124595,9,0.3,4.95535,false,5.303421155962658,4.000129676,4.000009272,0.9999698999758125
publication,equal-wall,external-retry,cassini1,96,137,16,16,16,2130,1000000000,4000,16655364,9,0.3,4.95535,true,4.930709450362893,4.000550547,64.000438956,15.997907838958247
publication,equal-wall,external-retry,cassini1,97,138,16,16,16,2121,1000000000,4000,16625259,9,0.3,4.95535,true,4.930709118323657,4.000344691,63.997377136,15.997965695301632
publication,equal-wall,external-single,cassini1,97,138,1,1,1,143,1000000000,4000,1111599,9,0.3,4.95535,false,5.303421366677142,4.000089674,4.000535951,1.000111566748841
publication,equal-wall,external-single,cassini1,98,139,1,1,1,137,1000000000,4000,1116387,9,0.3,4.95535,false,5.303421675808145,4.000146031,4.000008981,0.9999657387508011
publication,equal-wall,external-retry,cassini1,98,139,16,16,16,2109,1000000000,4000,16666776,9,0.3,4.95535,true,4.930709194982186,4.000578711,64.000717466,15.997864831411386
publication,equal-wall,external-retry,cassini1,99,140,16,16,16,2097,1000000000,4000,16616808,9,0.3,4.95535,true,4.930708913264612,4.000371225,63.996743226,15.997701119850445
publication,equal-wall,external-single,cassini1,99,140,1,1,1,145,1000000000,4000,1118583,9,0.3,4.95535,false,5.303420760433934,4.000123179,4.000412761,1.0000723932706672
publication,equal-wall,external-single,cassini1,100,141,1,1,1,143,1000000000,4000,1126719,9,0.3,4.95535,false,5.303420719665972,4.000130315,4.000001041,0.9999676825528621
publication,equal-wall,external-retry,cassini1,100,141,16,16,16,2141,1000000000,4000,16704567,9,0.3,4.95535,true,4.930708320575056,4.000426614,63.999996332,15.998292809077887
publication,equal-wall,external-retry,cassini2,1,1000045,16,16,16,151,1000000000,4000,12209275,13,0.3,8.42491,false,16.067354818126706,4.000358699,63.998378546,15.998160005501045
publication,equal-wall,external-single,cassini2,1,1000045,1,1,1,9,1000000000,4000,821171,13,0.3,8.42491,false,21.31774585740751,4.000125942,4.000444161,1.0000795522452577
publication,equal-wall,external-single,cassini2,2,1000046,1,1,1,13,1000000000,4000,818246,13,0.3,8.42491,false,20.149108076896834,4.000176558,4.000062261,0.9999714270111976
publication,equal-wall,external-retry,cassini2,2,1000046,16,16,16,152,1000000000,4000,12207091,13,0.3,8.42491,false,16.635805979114238,4.000508838,63.995611936,15.996868030416286
publication,equal-wall,external-retry,cassini2,3,1000047,16,16,16,144,1000000000,4000,12175826,13,0.3,8.42491,false,13.910907717872135,4.000463383,64.001148586,15.998433795938086
publication,equal-wall,external-single,cassini2,3,1000047,1,1,1,9,1000000000,4000,827957,13,0.3,8.42491,false,20.0765625822595,4.000176465,4.000414551,1.0000595188742505
publication,equal-wall,external-single,cassini2,4,1000048,1,1,1,11,1000000000,4000,793039,13,0.3,8.42491,false,24.16383007720526,4.000144821,4.000016021,0.9999678011657669
publication,equal-wall,external-retry,cassini2,4,1000048,16,16,16,152,1000000000,4000,12108252,13,0.3,8.42491,false,14.505653195728861,4.000568461,63.999184872,15.997522726058405
publication,equal-wall,external-retry,cassini2,5,1000049,16,16,16,146,1000000000,4000,12122305,13,0.3,8.42491,false,11.469247534651444,4.000460465,63.994088256,15.99668058611848
publication,equal-wall,external-single,cassini2,5,1000049,1,1,1,10,1000000000,4000,822419,13,0.3,8.42491,false,22.05063620983318,4.000107307,4.000575441,1.0001170303604556
publication,equal-wall,external-single,cassini2,6,1000050,1,1,1,12,1000000000,4000,843427,13,0.3,8.42491,false,22.53862713223117,4.000134882,4.000005341,0.9999676158420099
publication,equal-wall,external-retry,cassini2,6,1000050,16,16,16,154,1000000000,4000,12182560,13,0.3,8.42491,false,16.443217705825017,4.000541002,64.000346706,15.99792294942213
publication,equal-wall,external-retry,cassini2,7,1000051,16,16,16,150,1000000000,4000,12149748,13,0.3,8.42491,false,12.08596224957476,4.000409745,63.997315666,15.997690173110005
publication,equal-wall,external-single,cassini2,7,1000051,1,1,1,11,1000000000,4000,832975,13,0.3,8.42491,false,18.899544772577727,4.000158509,4.000496311,1.0000844471535915
publication,equal-wall,external-single,cassini2,8,1000052,1,1,1,11,1000000000,4000,799851,13,0.3,8.42491,false,22.6318617315655,4.000101414,3.9999853610000002,0.9999709874855688
publication,equal-wall,external-retry,cassini2,8,1000052,16,16,16,152,1000000000,4000,12186005,13,0.3,8.42491,false,9.630772648875567,4.000569753,64.000947236,15.997958087846396
publication,equal-wall,external-retry,cassini2,9,1000053,16,16,16,147,1000000000,4000,12109253,13,0.3,8.42491,false,15.987383126446177,4.000458347,63.997015012,15.997420660558122
publication,equal-wall,external-single,cassini2,9,1000053,1,1,1,10,1000000000,4000,823069,13,0.3,8.42491,false,21.62574029443821,4.000121339,4.000587481,1.000116531965032
publication,equal-wall,external-single,cassini2,10,1000054,1,1,1,11,1000000000,4000,813618,13,0.3,8.42491,false,24.517769937770176,4.000143494,3.996909941,0.9991916407486757
publication,equal-wall,external-retry,cassini2,10,1000054,16,16,16,152,1000000000,4000,12172589,13,0.3,8.42491,false,15.27400596933219,4.000514033,64.000109106,15.997971405191167
publication,equal-wall,external-retry,cassini2,11,1000055,16,16,16,158,1000000000,4000,12250199,13,0.3,8.42491,false,14.383289211926833,4.000400247,64.001208186,15.998701188461355
publication,equal-wall,external-single,cassini2,11,1000055,1,1,1,10,1000000000,4000,821158,13,0.3,8.42491,false,19.950626099998264,4.000129219,4.001070381,1.000235282899245
publication,equal-wall,external-single,cassini2,12,1000056,1,1,1,11,1000000000,4000,829049,13,0.3,8.42491,false,14.081682176351205,4.000230925,3.999713941,0.9998707614611023
publication,equal-wall,external-retry,cassini2,12,1000056,16,16,16,156,1000000000,4000,12226097,13,0.3,8.42491,false,14.081682176351205,4.000605134,63.999923496,15.99756070702478
publication,equal-wall,external-retry,cassini2,13,1000057,16,16,16,149,1000000000,4000,12246234,13,0.3,8.42491,false,15.616195601084225,4.000428316,64.000373272,15.998380227443628
publication,equal-wall,external-single,cassini2,13,1000057,1,1,1,9,1000000000,4000,828529,13,0.3,8.42491,false,25.93376596770565,4.000091428,4.000272451,1.000045254715613
publication,equal-wall,external-single,cassini2,14,1000058,1,1,1,10,1000000000,4000,813358,13,0.3,8.42491,false,19.610002420717805,4.000170674,4.000059631,0.9999722404344591
publication,equal-wall,external-retry,cassini2,14,1000058,16,16,16,155,1000000000,4000,12259039,13,0.3,8.42491,false,14.32057238253869,4.000564992,63.997062106,15.99700598139914
publication,equal-wall,external-retry,cassini2,15,1000059,16,16,16,158,1000000000,4000,12090819,13,0.3,8.42491,false,17.422532855986137,4.000398606,63.998295706,15.997979703825544
publication,equal-wall,external-single,cassini2,15,1000059,1,1,1,12,1000000000,4000,808457,13,0.3,8.42491,false,17.62515657308768,4.000104437,4.000239931,1.0000338726156115
publication,equal-wall,external-single,cassini2,16,1000060,1,1,1,11,1000000000,4000,828165,13,0.3,8.42491,false,19.063773094878755,4.000117012,4.000004401,0.9999718480735285
publication,equal-wall,external-retry,cassini2,16,1000060,16,16,16,147,1000000000,4000,12242750,13,0.3,8.42491,false,16.161633347687953,4.000570511,64.000164576,15.997759419568945
publication,equal-wall,external-retry,cassini2,17,1000061,16,16,16,156,1000000000,4000,12142429,13,0.3,8.42491,false,13.424810047902849,4.000380233,63.996037696,15.997488730716865
publication,equal-wall,external-single,cassini2,17,1000061,1,1,1,14,1000000000,4000,811694,13,0.3,8.42491,false,21.77135978114695,4.000260657,4.000216222,0.9999888919738461
publication,equal-wall,external-single,cassini2,18,1000062,1,1,1,10,1000000000,4000,797082,13,0.3,8.42491,false,17.614743739322513,4.0001108,3.999810431,0.9999249098299978
publication,equal-wall,external-retry,cassini2,18,1000062,16,16,16,153,1000000000,4000,12250368,13,0.3,8.42491,false,14.46758848446226,4.000513468,63.988809256,15.995149064700012
publication,equal-wall,external-retry,cassini2,19,1000063,16,16,16,159,1000000000,4000,12167558,13,0.3,8.42491,false,10.918150433406083,4.000416612,63.997126446,15.997615411862007
publication,equal-wall,external-single,cassini2,19,1000063,1,1,1,9,1000000000,4000,824512,13,0.3,8.42491,false,21.082959045488565,4.000155433,4.000031341,0.9999689782054526
publication,equal-wall,external-single,cassini2,20,1000064,1,1,1,11,1000000000,4000,827944,13,0.3,8.42491,false,17.71558628168761,4.000184078,3.999912731,0.9999321663716697
publication,equal-wall,external-retry,cassini2,20,1000064,16,16,16,150,1000000000,4000,12266189,13,0.3,8.42491,false,15.166201839578223,4.000603577,63.996033026,15.996594462376047
publication,equal-wall,external-retry,cassini2,21,1000065,16,16,16,155,1000000000,4000,12186759,13,0.3,8.42491,false,16.30214011625619,4.000409989,63.996920216,15.99759034498301
publication,equal-wall,external-single,cassini2,21,1000065,1,1,1,12,1000000000,4000,822107,13,0.3,8.42491,false,20.526136002143062,4.000175251,4.000383792,1.0000521329659113
publication,equal-wall,external-single,cassini2,22,1000066,1,1,1,7,1000000000,4000,843544,13,0.3,8.42491,false,19.246559102201985,4.000204705,4.000102531,0.9999744578071535
publication,equal-wall,external-retry,cassini2,22,1000066,16,16,16,153,1000000000,4000,12251226,13,0.3,8.42491,false,15.750355573257494,4.000599883,63.999899166,15.997575623085625
publication,equal-wall,external-retry,cassini2,23,1000067,16,16,16,145,1000000000,4000,12133160,13,0.3,8.42491,false,15.378179413470797,4.000404326,64.000049686,15.998395279707534
publication,equal-wall,external-single,cassini2,23,1000067,1,1,1,10,1000000000,4000,833898,13,0.3,8.42491,false,20.72876724428354,4.000140657,4.000881161,1.000185119490412
publication,equal-wall,external-single,cassini2,24,1000068,1,1,1,13,1000000000,4000,805246,13,0.3,8.42491,false,21.73203332882843,4.000152461,3.999690901,0.9998846143979512
publication,equal-wall,external-retry,cassini2,24,1000068,16,16,16,159,1000000000,4000,12266566,13,0.3,8.42491,false,15.693535052990757,4.00061083,64.000940716,15.997792196148206
publication,equal-wall,external-retry,cassini2,25,1000069,16,16,16,152,1000000000,4000,12200357,13,0.3,8.42491,false,16.430639257069608,4.000468413,64.001257796,15.998440979566361
publication,equal-wall,external-single,cassini2,25,1000069,1,1,1,13,1000000000,4000,814463,13,0.3,8.42491,false,22.3713178453635,4.000190133,4.000499781,1.000077408320531
publication,equal-wall,external-single,cassini2,26,1000070,1,1,1,10,1000000000,4000,827645,13,0.3,8.42491,false,23.643309640515074,4.000134847,4.000057892,0.9999807618985501
publication,equal-wall,external-retry,cassini2,26,1000070,16,16,16,147,1000000000,4000,12289511,13,0.3,8.42491,false,16.78980395653242,4.000443154,64.000929596,15.99845995361943
publication,equal-wall,external-retry,cassini2,27,1000071,16,16,16,153,1000000000,4000,12045631,13,0.3,8.42491,false,16.815310218900507,4.000478958,63.996069756,15.997101954010576
publication,equal-wall,external-single,cassini2,27,1000071,1,1,1,10,1000000000,4000,827905,13,0.3,8.42491,false,21.183611923514583,4.00025924,4.001045121,1.0001964575175881
publication,equal-wall,external-single,cassini2,28,1000072,1,1,1,10,1000000000,4000,831090,13,0.3,8.42491,false,16.429332150849152,4.000125822,3.999980451,0.9999636583931434
publication,equal-wall,external-retry,cassini2,28,1000072,16,16,16,144,1000000000,4000,11975847,13,0.3,8.42491,false,15.248285158606963,4.000568271,63.994390876,15.996325157076667
publication,equal-wall,external-retry,cassini2,29,1000073,16,16,16,140,1000000000,4000,11413181,13,0.3,8.42491,false,16.21843694788052,4.000460083,63.775652836,15.942079539054857
publication,equal-wall,external-single,cassini2,29,1000073,1,1,1,8,1000000000,4000,793351,13,0.3,8.42491,false,23.93294925417667,4.000135414,4.000505971,1.0000926361139433
publication,equal-wall,external-single,cassini2,30,1000074,1,1,1,9,1000000000,4000,826501,13,0.3,8.42491,false,18.713225483536377,4.000159958,3.999998932,0.9999597451097729
publication,equal-wall,external-retry,cassini2,30,1000074,16,16,16,148,1000000000,4000,12149163,13,0.3,8.42491,false,16.0817275310699,4.000564875,63.997435096,15.997099683579059
publication,equal-wall,external-retry,cassini2,31,1000075,16,16,16,150,1000000000,4000,12126998,13,0.3,8.42491,false,17.575135959445728,4.000428818,63.998727486,15.997966817466319
publication,equal-wall,external-single,cassini2,31,1000075,1,1,1,11,1000000000,4000,804895,13,0.3,8.42491,false,18.64206444031543,4.000225929,4.000268021,1.0000105224056708
publication,equal-wall,external-single,cassini2,32,1000076,1,1,1,10,1000000000,4000,820677,13,0.3,8.42491,false,19.105768977139718,4.000148492,4.000008561,0.9999650185486163
publication,equal-wall,external-retry,cassini2,32,1000076,16,16,16,156,1000000000,4000,12175774,13,0.3,8.42491,false,17.249706812729286,4.00052546,63.988876966,15.995118042818303
publication,equal-wall,external-retry,cassini2,33,1000077,16,16,16,162,1000000000,4000,12110371,13,0.3,8.42491,false,16.916942674140405,4.000448332,63.979573166,15.993100736790117
publication,equal-wall,external-single,cassini2,33,1000077,1,1,1,8,1000000000,4000,799760,13,0.3,8.42491,false,23.823358021809973,4.000166524,4.000839441,1.0001682222467396
publication,equal-wall,external-single,cassini2,34,1000078,1,1,1,11,1000000000,4000,820326,13,0.3,8.42491,false,22.01478910156612,4.000138357,4.000017211,0.9999697145475511
publication,equal-wall,external-retry,cassini2,34,1000078,16,16,16,145,1000000000,4000,12238239,13,0.3,8.42491,false,15.405049028504454,4.000471663,63.998516582,15.997742759664188
publication,equal-wall,external-retry,cassini2,35,1000079,16,16,16,148,1000000000,4000,12178998,13,0.3,8.42491,false,15.263260685264223,4.000538937,63.991983896,15.995840786388527
publication,equal-wall,external-single,cassini2,35,1000079,1,1,1,10,1000000000,4000,821015,13,0.3,8.42491,false,23.865554690433534,4.000148807,4.000922411,1.000193393805412
publication,equal-wall,external-single,cassini2,36,1000080,1,1,1,12,1000000000,4000,823355,13,0.3,8.42491,false,20.283943769904567,4.00012466,4.000058581,0.999983480764822
publication,equal-wall,external-retry,cassini2,36,1000080,16,16,16,166,1000000000,4000,12158575,13,0.3,8.42491,false,15.541579337764833,4.000458996,64.000554146,15.998302747258055
publication,equal-wall,external-retry,cassini2,37,1000081,16,16,16,149,1000000000,4000,12198043,13,0.3,8.42491,false,16.885936089817093,4.00047009,64.000873946,15.998338321784576
publication,equal-wall,external-single,cassini2,37,1000081,1,1,1,8,1000000000,4000,825383,13,0.3,8.42491,false,19.4615644930461,4.00015605,4.000557561,1.0001003738341658
publication,equal-wall,external-single,cassini2,38,1000082,1,1,1,12,1000000000,4000,825292,13,0.3,8.42491,false,20.414493948138173,4.000143453,3.999941921,0.9999496188068334
publication,equal-wall,external-retry,cassini2,38,1000082,16,16,16,154,1000000000,4000,12180402,13,0.3,8.42491,false,17.65635269434679,4.000438799,63.998650462,15.997907649030378
publication,equal-wall,external-retry,cassini2,39,1000083,16,16,16,144,1000000000,4000,12136774,13,0.3,8.42491,false,15.27074562967297,4.000417102,63.977031576,15.992590258654484
publication,equal-wall,external-single,cassini2,39,1000083,1,1,1,9,1000000000,4000,804531,13,0.3,8.42491,false,20.61172552952706,4.000116553,4.000581211,1.0001161611152685
publication,equal-wall,external-single,cassini2,40,1000084,1,1,1,9,1000000000,4000,818272,13,0.3,8.42491,false,21.00668379696402,4.000148006,3.999497201,0.9998373047699676
publication,equal-wall,external-retry,cassini2,40,1000084,16,16,16,141,1000000000,4000,12173408,13,0.3,8.42491,false,16.004562516291625,4.000583933,63.994955046,15.996403554520802
publication,equal-wall,external-retry,cassini2,41,1000085,16,16,16,151,1000000000,4000,12137320,13,0.3,8.42491,false,14.946712637783099,4.000517136,63.993100416,15.9962070503677
publication,equal-wall,external-single,cassini2,41,1000085,1,1,1,9,1000000000,4000,811512,13,0.3,8.42491,false,17.522761505738355,4.000163505,4.000479821,1.0000790757676792
publication,equal-wall,external-single,cassini2,42,1000086,1,1,1,8,1000000000,4000,835874,13,0.3,8.42491,false,25.71216580284027,4.000133509,3.999962261,0.999957189428899
publication,equal-wall,external-retry,cassini2,42,1000086,16,16,16,155,1000000000,4000,12225044,13,0.3,8.42491,false,14.470750660147258,4.000444495,63.993764636,15.996663549758862
publication,equal-wall,external-retry,cassini2,43,1000087,16,16,16,142,1000000000,4000,12136319,13,0.3,8.42491,false,17.04418548824797,4.000429557,63.997577732,15.997676454523805
publication,equal-wall,external-single,cassini2,43,1000087,1,1,1,10,1000000000,4000,788645,13,0.3,8.42491,false,21.706377867276757,4.000184048,4.001132231,1.0002370348435525
publication,equal-wall,external-single,cassini2,44,1000088,1,1,1,10,1000000000,4000,841659,13,0.3,8.42491,false,18.184877260209873,4.0001284,3.9999564210000003,0.9999570066300871
publication,equal-wall,external-retry,cassini2,44,1000088,16,16,16,150,1000000000,4000,12248158,13,0.3,8.42491,false,14.933295519882849,4.000463756,63.998461786,15.997760682124275
publication,equal-wall,external-retry,cassini2,45,1000089,16,16,16,149,1000000000,4000,12160330,13,0.3,8.42491,false,13.256962835362227,4.000374209,63.998381296,15.998098665874084
publication,equal-wall,external-single,cassini2,45,1000089,1,1,1,9,1000000000,4000,807911,13,0.3,8.42491,false,21.476124398715598,4.000132609,4.000917751,1.00019627899291
publication,equal-wall,external-single,cassini2,46,1000090,1,1,1,11,1000000000,4000,830934,13,0.3,8.42491,false,21.83936017737748,4.000136364,3.999716761,0.9998951028260495
publication,equal-wall,external-retry,cassini2,46,1000090,16,16,16,158,1000000000,4000,12189138,13,0.3,8.42491,false,11.730940395069844,4.00057234,64.000658336,15.99787552798008
publication,equal-wall,external-retry,cassini2,47,1000091,16,16,16,155,1000000000,4000,12137567,13,0.3,8.42491,false,15.72844482753522,4.000408031,63.996312252,15.997446199507442
publication,equal-wall,external-single,cassini2,47,1000091,1,1,1,13,1000000000,4000,820651,13,0.3,8.42491,false,18.844302516162422,4.00008374,4.000566151,1.0001206002252343
publication,equal-wall,external-single,cassini2,48,1000092,1,1,1,11,1000000000,4000,827372,13,0.3,8.42491,false,23.731375043566306,4.000173394,4.000007451,0.9999585160482671
publication,equal-wall,external-retry,cassini2,48,1000092,16,16,16,152,1000000000,4000,12188566,13,0.3,8.42491,false,13.797282259492695,4.00047811,64.000709566,15.998265158861223
publication,equal-wall,external-retry,cassini2,49,1000093,16,16,16,145,1000000000,4000,12188254,13,0.3,8.42491,false,18.677559688143504,4.000489482,63.999523886,15.997923297627107
publication,equal-wall,external-single,cassini2,49,1000093,1,1,1,9,1000000000,4000,831428,13,0.3,8.42491,false,23.51389294451864,4.000169472,4.000848671,1.0001697925562292
publication,equal-wall,external-single,cassini2,50,1000094,1,1,1,8,1000000000,4000,837447,13,0.3,8.42491,false,21.926785779682596,4.000014773,3.999909471,0.9999736745972263
publication,equal-wall,external-retry,cassini2,50,1000094,16,16,16,145,1000000000,4000,12226643,13,0.3,8.42491,false,14.632051967726511,4.000609452,63.999971036,15.997555323478249
publication,equal-wall,external-retry,cassini2,51,1000095,16,16,16,161,1000000000,4000,12193220,13,0.3,8.42491,false,11.53995139615076,4.000478393,64.001373418,15.998429970272808
publication,equal-wall,external-single,cassini2,51,1000095,1,1,1,11,1000000000,4000,793676,13,0.3,8.42491,false,16.63541399235246,4.000114932,4.000756501,1.0001603876415819
publication,equal-wall,external-single,cassini2,52,1000096,1,1,1,7,1000000000,4000,828763,13,0.3,8.42491,false,24.293038607640643,4.000199546,4.000111441,0.9999779748487576
publication,equal-wall,external-retry,cassini2,52,1000096,16,16,16,151,1000000000,4000,12275809,13,0.3,8.42491,false,12.640313780763275,4.000490572,64.000017166,15.998042243605118
publication,equal-wall,external-retry,cassini2,53,1000097,16,16,16,148,1000000000,4000,12116806,13,0.3,8.42491,false,11.644553333747066,4.000407133,63.996103356,15.99739757188359
publication,equal-wall,external-single,cassini2,53,1000097,1,1,1,10,1000000000,4000,807430,13,0.3,8.42491,false,21.536805729652386,4.000173834,4.000439461,1.0000664038641878
publication,equal-wall,external-single,cassini2,54,1000098,1,1,1,10,1000000000,4000,826644,13,0.3,8.42491,false,22.075413763373597,4.000146486,4.000046821,0.9999750846624369
publication,equal-wall,external-retry,cassini2,54,1000098,16,16,16,160,1000000000,4000,12214644,13,0.3,8.42491,false,17.619406279639215,4.000631243,64.000955196,15.997714187725752
publication,equal-wall,external-retry,cassini2,55,1000099,16,16,16,158,1000000000,4000,12243907,13,0.3,8.42491,false,13.2731250479503,4.000397363,64.000258936,15.998475433451581
publication,equal-wall,external-single,cassini2,55,1000099,1,1,1,10,1000000000,4000,821132,13,0.3,8.42491,false,25.04222229773437,4.000152124,4.000568402,1.0001040655422833
publication,equal-wall,external-single,cassini2,56,1000100,1,1,1,10,1000000000,4000,830024,13,0.3,8.42491,false,16.134539917334042,4.000146846,4.000049021,0.9999755446477926
publication,equal-wall,external-retry,cassini2,56,1000100,16,16,16,151,1000000000,4000,12200370,13,0.3,8.42491,false,16.134539917334042,4.000478352,63.988193176,15.995135467739685
publication,equal-wall,external-retry,cassini2,57,1000101,16,16,16,146,1000000000,4000,12162124,13,0.3,8.42491,false,16.404117698773106,4.000424443,63.999739796,15.998237364034624
publication,equal-wall,external-single,cassini2,57,1000101,1,1,1,11,1000000000,4000,826449,13,0.3,8.42491,false,18.142357597968047,4.000127742,4.000545641,1.0001044714136533
publication,equal-wall,external-single,cassini2,58,1000102,1,1,1,13,1000000000,4000,839800,13,0.3,8.42491,false,21.343733911548895,4.000151317,3.999909311,0.9999395007886398
publication,equal-wall,external-retry,cassini2,58,1000102,16,16,16,158,1000000000,4000,12206181,13,0.3,8.42491,false,14.89758543609333,4.000604692,64.000568266,15.997723642623775
publication,equal-wall,external-retry,cassini2,59,1000103,16,16,16,142,1000000000,4000,12197926,13,0.3,8.42491,false,10.885757152271626,4.000434973,63.999551536,15.99814819337147
publication,equal-wall,external-single,cassini2,59,1000103,1,1,1,9,1000000000,4000,806429,13,0.3,8.42491,false,20.187972669201258,4.000208662,4.000821072,1.000153094513748
publication,equal-wall,external-single,cassini2,60,1000104,1,1,1,11,1000000000,4000,819234,13,0.3,8.42491,false,25.688233708388523,4.000199665,4.000120201,0.9999801349915866
publication,equal-wall,external-retry,cassini2,60,1000104,16,16,16,156,1000000000,4000,12149826,13,0.3,8.42491,false,17.79257793678722,4.000544891,63.994218626,15.996375586227613
publication,equal-wall,external-retry,cassini2,61,1000105,16,16,16,146,1000000000,4000,12229555,13,0.3,8.42491,false,17.037453463150634,4.000415512,63.993581896,15.99673376528993
publication,equal-wall,external-single,cassini2,61,1000105,1,1,1,9,1000000000,4000,820079,13,0.3,8.42491,false,22.145057700448607,4.000137271,4.000936661,1.0001998406419188
publication,equal-wall,external-single,cassini2,62,1000106,1,1,1,10,1000000000,4000,836511,13,0.3,8.42491,false,23.47641979107678,4.000183993,4.000011631,0.9999569114819963
publication,equal-wall,external-retry,cassini2,62,1000106,16,16,16,151,1000000000,4000,12223770,13,0.3,8.42491,false,16.053358477482295,4.000465269,63.988852906,15.995352691062195
publication,equal-wall,external-retry,cassini2,63,1000107,16,16,16,148,1000000000,4000,12154298,13,0.3,8.42491,false,19.0579259053486,4.000413071,63.999841396,15.998308239704281
publication,equal-wall,external-single,cassini2,63,1000107,1,1,1,12,1000000000,4000,820261,13,0.3,8.42491,false,18.217536349622293,4.00020229,4.000568891,1.0000916456152522
publication,equal-wall,external-single,cassini2,64,1000108,1,1,1,11,1000000000,4000,829101,13,0.3,8.42491,false,17.79711443290493,4.000084002,3.999882552,0.9999496385576153
publication,equal-wall,external-retry,cassini2,64,1000108,16,16,16,144,1000000000,4000,12120511,13,0.3,8.42491,false,12.02083760002649,4.000572448,64.000212286,15.99776359955574
publication,equal-wall,external-retry,cassini2,65,1000109,16,16,16,145,1000000000,4000,12234027,13,0.3,8.42491,false,12.966543719961145,4.00045946,63.995230366,15.996970099529518
publication,equal-wall,external-single,cassini2,65,1000109,1,1,1,9,1000000000,4000,835237,13,0.3,8.42491,false,17.3500052783565,4.000099458,4.000785531,1.0001715139853904
publication,equal-wall,external-single,cassini2,66,1000110,1,1,1,11,1000000000,4000,794378,13,0.3,8.42491,false,21.1165309796788,4.000158421,3.999957981,0.9999498919845405
publication,equal-wall,external-retry,cassini2,66,1000110,16,16,16,147,1000000000,4000,12116507,13,0.3,8.42491,false,18.88975270999881,4.000679449,63.999751516,15.997220555122762
publication,equal-wall,external-retry,cassini2,67,1000111,16,16,16,148,1000000000,4000,12194962,13,0.3,8.42491,false,14.924762998361771,4.000432578,63.995827586,15.9972268843972
publication,equal-wall,external-single,cassini2,67,1000111,1,1,1,12,1000000000,4000,821808,13,0.3,8.42491,false,16.487028968676853,4.000188508,4.000552321,1.000090948963848
publication,equal-wall,external-single,cassini2,68,1000112,1,1,1,11,1000000000,4000,823160,13,0.3,8.42491,false,21.255526308908955,4.000139189,4.000007502,0.9999670793955464
publication,equal-wall,external-retry,cassini2,68,1000112,16,16,16,144,1000000000,4000,12251343,13,0.3,8.42491,false,16.59194468125355,4.000451225,63.995929276,15.997177737368864
publication,equal-wall,external-retry,cassini2,69,1000113,16,16,16,143,1000000000,4000,12126764,13,0.3,8.42491,false,14.756665917814686,4.000504287,64.001286776,15.998304759721908
publication,equal-wall,external-single,cassini2,69,1000113,1,1,1,9,1000000000,4000,833638,13,0.3,8.42491,false,17.23950347992041,4.000173806,4.000961841,1.000197000190046
publication,equal-wall,external-single,cassini2,70,1000114,1,1,1,15,1000000000,4000,812786,13,0.3,8.42491,false,14.926745316226013,4.000176148,4.000019091,0.9999607374790036
publication,equal-wall,external-retry,cassini2,70,1000114,16,16,16,147,1000000000,4000,12190555,13,0.3,8.42491,false,14.926745316226013,4.000529913,63.996755496,15.99706961021291
publication,equal-wall,external-retry,cassini2,71,1000115,16,16,16,152,1000000000,4000,12092028,13,0.3,8.42491,false,13.59099168922748,4.000460734,63.981762586,15.993598447853183
publication,equal-wall,external-single,cassini2,71,1000115,1,1,1,11,1000000000,4000,817310,13,0.3,8.42491,false,14.574825829762105,4.000088343,4.000001041,0.9999781749820219
publication,equal-wall,external-single,cassini2,72,1000116,1,1,1,11,1000000000,4000,828607,13,0.3,8.42491,false,20.042303049710643,4.000149605,3.999728341,0.9998946879388028
publication,equal-wall,external-retry,cassini2,72,1000116,16,16,16,151,1000000000,4000,12236510,13,0.3,8.42491,false,14.675729051440626,4.000482131,64.000720622,15.998251842210266
publication,equal-wall,external-retry,cassini2,73,1000117,16,16,16,151,1000000000,4000,12166635,13,0.3,8.42491,false,13.02204880458757,4.000438881,63.988097136,15.995269279055885
publication,equal-wall,external-single,cassini2,73,1000117,1,1,1,8,1000000000,4000,817752,13,0.3,8.42491,false,21.435096010873455,4.000117961,4.000317751,1.000049946027079
publication,equal-wall,external-single,cassini2,74,1000118,1,1,1,8,1000000000,4000,817401,13,0.3,8.42491,false,22.283812021465128,4.000163362,4.000024031,0.9999651686725287
publication,equal-wall,external-retry,cassini2,74,1000118,16,16,16,149,1000000000,4000,12238954,13,0.3,8.42491,false,12.553180374924239,4.00067916,63.999377466,15.997128214100528
publication,equal-wall,external-retry,cassini2,75,1000119,16,16,16,151,1000000000,4000,12236614,13,0.3,8.42491,false,16.496856712694758,4.000683102,64.000776346,15.997462111909106
publication,equal-wall,external-single,cassini2,75,1000119,1,1,1,11,1000000000,4000,828984,13,0.3,8.42491,false,16.498127948917258,4.000127538,4.000443411,1.000078965732217
publication,equal-wall,external-single,cassini2,76,1000120,1,1,1,12,1000000000,4000,828022,13,0.3,8.42491,false,23.646075301815973,4.00014117,3.999536831,0.9998489205819703
publication,equal-wall,external-retry,cassini2,76,1000120,16,16,16,160,1000000000,4000,12232064,13,0.3,8.42491,false,17.564811027932258,4.000536216,64.000671092,15.998023174001432
publication,equal-wall,external-retry,cassini2,77,1000121,16,16,16,154,1000000000,4000,12193766,13,0.3,8.42491,false,14.142992655921612,4.000409686,63.996600246,15.99751157236849
publication,equal-wall,external-single,cassini2,77,1000121,1,1,1,11,1000000000,4000,819416,13,0.3,8.42491,false,21.601849990269212,4.000154446,4.000493411,1.0000847379781397
publication,equal-wall,external-single,cassini2,78,1000122,1,1,1,10,1000000000,4000,809250,13,0.3,8.42491,false,19.775874773211935,4.000160558,4.000045071,0.999971129408851
publication,equal-wall,external-retry,cassini2,78,1000122,16,16,16,148,1000000000,4000,12205076,13,0.3,8.42491,false,9.83112969215633,4.000520003,64.001168586,15.998212366893645
publication,equal-wall,external-retry,cassini2,79,1000123,16,16,16,149,1000000000,4000,12147044,13,0.3,8.42491,false,16.588207131264117,4.000427903,63.997084686,15.997559820540028
publication,equal-wall,external-single,cassini2,79,1000123,1,1,1,8,1000000000,4000,814905,13,0.3,8.42491,false,23.60019284535239,4.000184292,4.001403571,1.0003048057066866
publication,equal-wall,external-single,cassini2,80,1000124,1,1,1,8,1000000000,4000,834743,13,0.3,8.42491,false,20.273605713323516,4.000169574,3.999482061,0.9998281290362118
publication,equal-wall,external-retry,cassini2,80,1000124,16,16,16,153,1000000000,4000,12220949,13,0.3,8.42491,false,18.207905003416858,4.000533139,63.999345986,15.997704246488933
publication,equal-wall,external-retry,cassini2,81,1000125,16,16,16,151,1000000000,4000,12155598,13,0.3,8.42491,false,14.426034678829932,4.000347599,64.001221832,15.998915156272647
publication,equal-wall,external-single,cassini2,81,1000125,1,1,1,12,1000000000,4000,821704,13,0.3,8.42491,false,20.860904417842978,4.00023422,4.000548901,1.0000786656437333
publication,equal-wall,external-single,cassini2,82,1000126,1,1,1,9,1000000000,4000,783471,13,0.3,8.42491,false,19.674878169215763,4.00014358,3.999605601,0.9998655100775158
publication,equal-wall,external-retry,cassini2,82,1000126,16,16,16,158,1000000000,4000,12264356,13,0.3,8.42491,false,14.550295436541218,4.000729488,64.001609816,15.99748496067275
publication,equal-wall,external-retry,cassini2,83,1000127,16,16,16,153,1000000000,4000,12184653,13,0.3,8.42491,false,17.350098760008475,4.000332995,63.997791146,15.998115963343697
publication,equal-wall,external-single,cassini2,83,1000127,1,1,1,10,1000000000,4000,817947,13,0.3,8.42491,false,20.876827618588493,4.000212266,4.000475281,1.0000657502608636
publication,equal-wall,external-single,cassini2,84,1000128,1,1,1,9,1000000000,4000,816400,13,0.3,8.42491,false,18.072487942747607,4.000128607,4.000013401,0.999971199425989
publication,equal-wall,external-retry,cassini2,84,1000128,16,16,16,151,1000000000,4000,12252474,13,0.3,8.42491,false,16.50691298114226,4.000482962,64.000343136,15.998154158867779
publication,equal-wall,external-retry,cassini2,85,1000129,16,16,16,146,1000000000,4000,12116117,13,0.3,8.42491,false,14.857477684085302,4.000482333,63.998488092,15.997692969189274
publication,equal-wall,external-single,cassini2,85,1000129,1,1,1,9,1000000000,4000,829647,13,0.3,8.42491,false,17.06102086657065,4.000184562,4.000464411,1.0000699590220556
publication,equal-wall,external-single,cassini2,86,1000130,1,1,1,9,1000000000,4000,804466,13,0.3,8.42491,false,21.57342598190018,4.000111973,3.999883281,0.9999428286004132
publication,equal-wall,external-retry,cassini2,86,1000130,16,16,16,155,1000000000,4000,12166492,13,0.3,8.42491,false,16.93362853575256,4.000419807,64.000713306,15.998499256005706
publication,equal-wall,external-retry,cassini2,87,1000131,16,16,16,158,1000000000,4000,12180883,13,0.3,8.42491,false,16.617360778294735,4.000412589,63.998532166,15.997982893558982
publication,equal-wall,external-single,cassini2,87,1000131,1,1,1,12,1000000000,4000,820092,13,0.3,8.42491,false,19.07108300223802,4.000113397,4.000391801,1.00006959902692
publication,equal-wall,external-single,cassini2,88,1000132,1,1,1,10,1000000000,4000,837265,13,0.3,8.42491,false,19.59165131795202,4.000113039,3.999896101,0.9999457670326101
publication,equal-wall,external-retry,cassini2,88,1000132,16,16,16,153,1000000000,4000,12221534,13,0.3,8.42491,false,14.31344718125784,4.000521364,64.001112346,15.998192866043647
publication,equal-wall,external-retry,cassini2,89,1000133,16,16,16,153,1000000000,4000,12189723,13,0.3,8.42491,false,14.539530314833804,4.000477116,64.000696636,15.998265901841496
publication,equal-wall,external-single,cassini2,89,1000133,1,1,1,9,1000000000,4000,821171,13,0.3,8.42491,false,21.179876036343472,4.000091693,4.000038172,0.9999866200567118
publication,equal-wall,external-single,cassini2,90,1000134,1,1,1,10,1000000000,4000,832078,13,0.3,8.42491,false,19.611208143302974,4.000144955,3.999806311,0.9999153420678977
publication,equal-wall,external-retry,cassini2,90,1000134,16,16,16,148,1000000000,4000,12243335,13,0.3,8.42491,false,12.560248769566993,4.000538671,64.000554866,15.997984303949252
publication,equal-wall,external-retry,cassini2,91,1000135,16,16,16,151,1000000000,4000,12130534,13,0.3,8.42491,false,14.703639146705884,4.000443341,63.985041026,15.994487503478927
publication,equal-wall,external-single,cassini2,91,1000135,1,1,1,9,1000000000,4000,799890,13,0.3,8.42491,false,15.600930776018654,4.000113579,4.000480771,1.000091795393493
publication,equal-wall,external-single,cassini2,92,1000136,1,1,1,10,1000000000,4000,780403,13,0.3,8.42491,false,18.459840699854894,4.000126171,4.000033241,0.9999767682327938
publication,equal-wall,external-retry,cassini2,92,1000136,16,16,16,160,1000000000,4000,12183795,13,0.3,8.42491,false,11.277334643547213,4.000669947,63.999445056,15.997181947986375
publication,equal-wall,external-retry,cassini2,93,1000137,16,16,16,152,1000000000,4000,12098502,13,0.3,8.42491,false,14.302318581064085,4.000414506,63.998803326,15.998043010295993
publication,equal-wall,external-single,cassini2,93,1000137,1,1,1,8,1000000000,4000,810485,13,0.3,8.42491,false,22.224211886893073,4.000120855,4.000561132,1.0001100659244957
publication,equal-wall,external-single,cassini2,94,1000138,1,1,1,8,1000000000,4000,830141,13,0.3,8.42491,false,16.16479886528676,4.000192257,4.000097791,0.9999763846350548
publication,equal-wall,external-retry,cassini2,94,1000138,16,16,16,156,1000000000,4000,12173096,13,0.3,8.42491,false,15.012417960787086,4.000638701,63.989931646,15.994928917226412
publication,equal-wall,external-retry,cassini2,95,1000139,16,16,16,140,1000000000,4000,12219298,13,0.3,8.42491,false,17.34379119042469,4.000389252,63.999996096,15.998442167597345
publication,equal-wall,external-single,cassini2,95,1000139,1,1,1,9,1000000000,4000,823173,13,0.3,8.42491,false,17.481417141126492,4.00017772,4.001376161,1.000299596938908
publication,equal-wall,external-single,cassini2,96,1000140,1,1,1,8,1000000000,4000,813150,13,0.3,8.42491,false,21.888818851961954,4.000142322,4.000044551,0.9999755581196543
publication,equal-wall,external-retry,cassini2,96,1000140,16,16,16,153,1000000000,4000,12117547,13,0.3,8.42491,false,16.00862822672986,4.000503156,63.985851966,15.994451065494923
publication,equal-wall,external-retry,cassini2,97,1000141,16,16,16,149,1000000000,4000,12154155,13,0.3,8.42491,false,16.95640581421801,4.000487898,63.999901456,15.998024013020023
publication,equal-wall,external-single,cassini2,97,1000141,1,1,1,9,1000000000,4000,824902,13,0.3,8.42491,false,18.48393503172198,4.000136045,4.001347771,1.0003029211972714
publication,equal-wall,external-single,cassini2,98,1000142,1,1,1,11,1000000000,4000,828971,13,0.3,8.42491,false,23.14204044970458,4.000135547,4.000006672,0.9999677823417515
publication,equal-wall,external-retry,cassini2,98,1000142,16,16,16,165,1000000000,4000,12277382,13,0.3,8.42491,false,16.140167810331665,4.000581172,64.000116746,15.997704831971847
publication,equal-wall,external-retry,cassini2,99,1000143,16,16,16,157,1000000000,4000,12181182,13,0.3,8.42491,false,16.86713077987483,4.001625805,63.998915006,15.993228283872485
publication,equal-wall,external-single,cassini2,99,1000143,1,1,1,10,1000000000,4000,818727,13,0.3,8.42491,false,18.788881709532276,4.00010409,4.000434511,1.0000826031004608
publication,equal-wall,external-single,cassini2,100,1000144,1,1,1,10,1000000000,4000,827502,13,0.3,8.42491,false,20.255909697045098,4.000180282,4.000078531,0.9999745633964404
publication,equal-wall,external-retry,cassini2,100,1000144,16,16,16,149,1000000000,4000,12248080,13,0.3,8.42491,false,14.384130096572624,4.000468047,63.995039306,15.996888002640258
publication,equal-wall,external-retry,gtoc1,1,2000048,16,16,16,1095,1000000000,4000,11676590,10,0.3,-1574080.0,false,-1512823.1670303908,4.000458467,63.997180086,15.997461444460987
publication,equal-wall,external-single,gtoc1,1,2000048,1,1,1,72,1000000000,4000,787590,10,0.3,-1574080.0,false,-996620.3213380806,4.000172166,4.001511501,1.0003348193388737
publication,equal-wall,external-single,gtoc1,2,2000049,1,1,1,74,1000000000,4000,787440,10,0.3,-1574080.0,false,-827586.9200428354,4.000168647,3.999842272,0.9999184096899904
publication,equal-wall,external-retry,gtoc1,2,2000049,16,16,16,1076,1000000000,4000,11572080,10,0.3,-1574080.0,false,-1285781.0603216423,4.000469591,63.854910796,15.961853813276493
publication,equal-wall,external-retry,gtoc1,3,2000050,16,16,16,1112,1000000000,4000,11684490,10,0.3,-1574080.0,false,-1301995.3960733225,4.000510562,64.001127666,15.99823989316092
publication,equal-wall,external-single,gtoc1,3,2000050,1,1,1,74,1000000000,4000,786430,10,0.3,-1574080.0,false,-1031773.9028145995,4.00012038,4.001089551,1.000242285458419
publication,equal-wall,external-single,gtoc1,4,2000051,1,1,1,79,1000000000,4000,791860,10,0.3,-1574080.0,false,-982457.8130087182,4.000168742,4.000027911,0.999964793735194
publication,equal-wall,external-retry,gtoc1,4,2000051,16,16,16,1111,1000000000,4000,11777770,10,0.3,-1574080.0,false,-1219762.3677308734,4.000478376,64.000229886,15.998144189443806
publication,equal-wall,external-retry,gtoc1,5,2000052,16,16,16,1103,1000000000,4000,11704490,10,0.3,-1574080.0,false,-1153187.5462846865,4.000437517,63.997124236,15.997531261028817
publication,equal-wall,external-single,gtoc1,5,2000052,1,1,1,72,1000000000,4000,779640,10,0.3,-1574080.0,false,-1098352.9194358937,4.000223985,4.000626721,1.0001006783623891
publication,equal-wall,external-single,gtoc1,6,2000053,1,1,1,77,1000000000,4000,792040,10,0.3,-1574080.0,false,-971039.8422171118,4.000158796,3.999974441,0.9999539130796047
publication,equal-wall,external-retry,gtoc1,6,2000053,16,16,16,1115,1000000000,4000,11714060,10,0.3,-1574080.0,false,-1259601.1096065633,4.000495891,63.995002832,15.996767544736368
publication,equal-wall,external-retry,gtoc1,7,2000054,16,16,16,1123,1000000000,4000,11703110,10,0.3,-1574080.0,false,-1367657.454855367,4.000380421,64.000881536,15.998698823748692
publication,equal-wall,external-single,gtoc1,7,2000054,1,1,1,75,1000000000,4000,790200,10,0.3,-1574080.0,false,-1115469.91785313,4.000146769,4.000774511,1.0001569297418949
publication,equal-wall,external-single,gtoc1,8,2000055,1,1,1,79,1000000000,4000,792610,10,0.3,-1574080.0,false,-957750.7408249305,4.00014148,4.000063921,0.9999806109357912
publication,equal-wall,external-retry,gtoc1,8,2000055,16,16,16,1092,1000000000,4000,11652760,10,0.3,-1574080.0,false,-1139606.6516971593,4.000412444,63.909722266,15.975783287509442
publication,equal-wall,external-retry,gtoc1,9,2000056,16,16,16,1091,1000000000,4000,11586280,10,0.3,-1574080.0,false,-1377669.0122305022,4.000403245,63.933587116,15.98178563521288
publication,equal-wall,external-single,gtoc1,9,2000056,1,1,1,74,1000000000,4000,785390,10,0.3,-1574080.0,false,-959122.8431318029,4.000167454,4.001487761,1.0003300629324106
publication,equal-wall,external-single,gtoc1,10,2000057,1,1,1,73,1000000000,4000,790570,10,0.3,-1574080.0,false,-871849.2198589896,4.000144244,4.000029591,0.999971337783588
publication,equal-wall,external-retry,gtoc1,10,2000057,16,16,16,1103,1000000000,4000,11739450,10,0.3,-1574080.0,false,-1492221.6942595835,4.000464239,63.999296902,15.997967505390815
publication,equal-wall,external-retry,gtoc1,11,2000058,16,16,16,1108,1000000000,4000,11713340,10,0.3,-1574080.0,false,-1542602.118045155,4.00040752,63.999678966,15.998289835731534
publication,equal-wall,external-single,gtoc1,11,2000058,1,1,1,76,1000000000,4000,785110,10,0.3,-1574080.0,false,-1046622.2554346459,4.000135738,4.000529501,1.0000984374095756
publication,equal-wall,external-single,gtoc1,12,2000059,1,1,1,76,1000000000,4000,791280,10,0.3,-1574080.0,false,-1140770.572129877,4.000104098,3.999911141,0.9999517620053696
publication,equal-wall,external-retry,gtoc1,12,2000059,16,16,16,1126,1000000000,4000,11742590,10,0.3,-1574080.0,false,-1248655.155623256,4.000356932,63.999683596,15.998493305446875
publication,equal-wall,external-retry,gtoc1,13,2000060,16,16,16,1099,1000000000,4000,11708890,10,0.3,-1574080.0,false,-1283966.6406691505,4.000406083,63.998114276,15.997904449741835
publication,equal-wall,external-single,gtoc1,13,2000060,1,1,1,73,1000000000,4000,788400,10,0.3,-1574080.0,false,-1283966.6406691505,4.000140432,4.001081291,1.0002352064923705
publication,equal-wall,external-single,gtoc1,14,2000061,1,1,1,74,1000000000,4000,798670,10,0.3,-1574080.0,false,-980253.6823346871,4.000147523,4.000022751,0.9999688081503789
publication,equal-wall,external-retry,gtoc1,14,2000061,16,16,16,1106,1000000000,4000,11773240,10,0.3,-1574080.0,false,-1208869.9653789017,4.000413637,64.000395196,15.9984444118622
publication,equal-wall,external-retry,gtoc1,15,2000062,16,16,16,1096,1000000000,4000,11702970,10,0.3,-1574080.0,false,-1305142.0105070528,4.000466368,64.000067512,15.998151621506146
publication,equal-wall,external-single,gtoc1,15,2000062,1,1,1,76,1000000000,4000,786030,10,0.3,-1574080.0,false,-908639.7770197119,4.000186876,4.000546411,1.0000898795509174
publication,equal-wall,external-single,gtoc1,16,2000063,1,1,1,73,1000000000,4000,793670,10,0.3,-1574080.0,false,-1071604.0808195358,4.000161197,4.000014191,0.9999632499809983
publication,equal-wall,external-retry,gtoc1,16,2000063,16,16,16,1113,1000000000,4000,11757330,10,0.3,-1574080.0,false,-1118166.647117073,4.000492321,64.000764416,15.998222038831903
publication,equal-wall,external-retry,gtoc1,17,2000064,16,16,16,1119,1000000000,4000,11645720,10,0.3,-1574080.0,false,-1203756.5437795618,4.000454362,63.975220506,15.991988588520234
publication,equal-wall,external-single,gtoc1,17,2000064,1,1,1,77,1000000000,4000,785180,10,0.3,-1574080.0,false,-913014.628507182,4.000125119,4.000159391,1.0000085677320036
publication,equal-wall,external-single,gtoc1,18,2000065,1,1,1,75,1000000000,4000,796760,10,0.3,-1574080.0,false,-852955.6191458167,4.000143111,3.999996371,0.9999633163124598
publication,equal-wall,external-retry,gtoc1,18,2000065,16,16,16,1104,1000000000,4000,11754640,10,0.3,-1574080.0,false,-1503193.0039823004,4.000473513,64.000334666,15.9981898287849
publication,equal-wall,external-retry,gtoc1,19,2000066,16,16,16,1087,1000000000,4000,11670040,10,0.3,-1574080.0,false,-1128599.134233839,4.000414135,63.999522702,15.998224319342878
publication,equal-wall,external-single,gtoc1,19,2000066,1,1,1,78,1000000000,4000,786370,10,0.3,-1574080.0,false,-972173.30060112,4.000124313,4.000396801,1.0000681198829533
publication,equal-wall,external-single,gtoc1,20,2000067,1,1,1,76,1000000000,4000,792290,10,0.3,-1574080.0,false,-1060411.611809631,4.000126984,3.999991211,0.9999660578275281
publication,equal-wall,external-retry,gtoc1,20,2000067,16,16,16,1109,1000000000,4000,11774220,10,0.3,-1574080.0,false,-1314047.3238894735,4.000365178,63.998370246,15.998132020036296
publication,equal-wall,external-retry,gtoc1,21,2000068,16,16,16,1121,1000000000,4000,11697320,10,0.3,-1574080.0,false,-1385307.0483440652,4.000383548,64.001569006,15.998858168986748
publication,equal-wall,external-single,gtoc1,21,2000068,1,1,1,75,1000000000,4000,784000,10,0.3,-1574080.0,false,-1278915.825685938,4.000095976,4.000406561,1.0000776443870005
publication,equal-wall,external-single,gtoc1,22,2000069,1,1,1,74,1000000000,4000,797390,10,0.3,-1574080.0,false,-732009.7517334756,4.000110427,4.000014191,0.9999759416641725
publication,equal-wall,external-retry,gtoc1,22,2000069,16,16,16,1108,1000000000,4000,11782970,10,0.3,-1574080.0,false,-1312892.4891546287,4.000346171,64.001007056,15.998867178037528
publication,equal-wall,external-retry,gtoc1,23,2000070,16,16,16,1108,1000000000,4000,11710110,10,0.3,-1574080.0,false,-1486062.6688385608,4.000393572,64.000797826,15.998625303760486
publication,equal-wall,external-single,gtoc1,23,2000070,1,1,1,77,1000000000,4000,781950,10,0.3,-1574080.0,false,-1014885.5422608941,4.00012302,4.000472002,1.0000872428168472
publication,equal-wall,external-single,gtoc1,24,2000071,1,1,1,70,1000000000,4000,796590,10,0.3,-1574080.0,false,-1211287.598032664,4.000143642,4.000015601,0.9999679908994629
publication,equal-wall,external-retry,gtoc1,24,2000071,16,16,16,1108,1000000000,4000,11762040,10,0.3,-1574080.0,false,-1298897.2035755215,4.000383964,63.999439136,15.998324088872385
publication,equal-wall,external-retry,gtoc1,25,2000072,16,16,16,1098,1000000000,4000,11615830,10,0.3,-1574080.0,false,-1375276.2879213253,4.000354565,63.955865796,15.98754929264626
publication,equal-wall,external-single,gtoc1,25,2000072,1,1,1,76,1000000000,4000,785100,10,0.3,-1574080.0,false,-1048792.5457232161,4.000158954,4.000229791,1.000017708546289
publication,equal-wall,external-single,gtoc1,26,2000073,1,1,1,78,1000000000,4000,794050,10,0.3,-1574080.0,false,-1201442.2421176615,4.000144365,4.000029801,0.9999713600336523
publication,equal-wall,external-retry,gtoc1,26,2000073,16,16,16,1116,1000000000,4000,11735170,10,0.3,-1574080.0,false,-1238450.165766659,4.000431868,63.983732536,15.994206287529755
publication,equal-wall,external-retry,gtoc1,27,2000074,16,16,16,1105,1000000000,4000,11702110,10,0.3,-1574080.0,false,-1223731.0322805939,4.000398359,63.995279226,15.997226646697563
publication,equal-wall,external-single,gtoc1,27,2000074,1,1,1,75,1000000000,4000,789860,10,0.3,-1574080.0,false,-846305.8055938422,4.000131047,4.000400192,1.0000672840456568
publication,equal-wall,external-single,gtoc1,28,2000075,1,1,1,74,1000000000,4000,796610,10,0.3,-1574080.0,false,-1105393.4950019515,4.000127838,3.999992261,0.9999661068332086
publication,equal-wall,external-retry,gtoc1,28,2000075,16,16,16,1088,1000000000,4000,11769270,10,0.3,-1574080.0,false,-1368868.0885178917,4.00035755,64.000799316,15.998769738969957
publication,equal-wall,external-retry,gtoc1,29,2000076,16,16,16,1093,1000000000,4000,11660090,10,0.3,-1574080.0,false,-1353428.2061466905,4.00040454,63.965309126,15.98971016216275
publication,equal-wall,external-single,gtoc1,29,2000076,1,1,1,75,1000000000,4000,792140,10,0.3,-1574080.0,false,-909716.9060443249,4.000141046,4.000587601,1.000111634813589
publication,equal-wall,external-single,gtoc1,30,2000077,1,1,1,77,1000000000,4000,794490,10,0.3,-1574080.0,false,-949330.4103460619,4.000110219,4.000018401,0.9999770461324882
publication,equal-wall,external-retry,gtoc1,30,2000077,16,16,16,1127,1000000000,4000,11692510,10,0.3,-1574080.0,false,-1153230.5531891203,4.000432511,63.947046576,15.985033218324428
publication,equal-wall,external-retry,gtoc1,31,2000078,16,16,16,1107,1000000000,4000,11726450,10,0.3,-1574080.0,false,-1242419.12877416,4.00042052,64.000087466,15.998339961019898
publication,equal-wall,external-single,gtoc1,31,2000078,1,1,1,71,1000000000,4000,787650,10,0.3,-1574080.0,false,-1022689.8874564448,4.00011273,4.000598271,1.0001213818291568
publication,equal-wall,external-single,gtoc1,32,2000079,1,1,1,73,1000000000,4000,787790,10,0.3,-1574080.0,false,-1201188.3222890666,4.000143573,3.999793842,0.9999125703881329
publication,equal-wall,external-retry,gtoc1,32,2000079,16,16,16,1103,1000000000,4000,11717920,10,0.3,-1574080.0,false,-1390514.7130492833,4.000366449,63.998439096,15.998144148018774
publication,equal-wall,external-retry,gtoc1,33,2000080,16,16,16,1103,1000000000,4000,11679630,10,0.3,-1574080.0,false,-1221919.0560080716,4.000443713,64.001031756,15.998483255249841
publication,equal-wall,external-single,gtoc1,33,2000080,1,1,1,78,1000000000,4000,788060,10,0.3,-1574080.0,false,-979219.0977768417,4.000115233,4.000402211,1.0000717424332262
publication,equal-wall,external-single,gtoc1,34,2000081,1,1,1,80,1000000000,4000,794810,10,0.3,-1574080.0,false,-1231105.7275953204,4.000111427,3.999981821,0.9999675994025753
publication,equal-wall,external-retry,gtoc1,34,2000081,16,16,16,1107,1000000000,4000,11753120,10,0.3,-1574080.0,false,-1231105.7275953204,4.000363772,63.997525136,15.997926384580808
publication,equal-wall,external-retry,gtoc1,35,2000082,16,16,16,1077,1000000000,4000,11582200,10,0.3,-1574080.0,false,-1184975.426189363,4.000447657,63.913538496,15.976596615172262
publication,equal-wall,external-single,gtoc1,35,2000082,1,1,1,72,1000000000,4000,791170,10,0.3,-1574080.0,false,-1094875.927384517,4.000141537,4.000661931,1.000130093896725
publication,equal-wall,external-single,gtoc1,36,2000083,1,1,1,76,1000000000,4000,783420,10,0.3,-1574080.0,false,-1021362.6763206327,4.00019104,3.999690092,0.9998747689810334
publication,equal-wall,external-retry,gtoc1,36,2000083,16,16,16,1113,1000000000,4000,11654320,10,0.3,-1574080.0,false,-1280837.5497411357,4.000404496,63.926213466,15.97993741130922
publication,equal-wall,external-retry,gtoc1,37,2000084,16,16,16,1107,1000000000,4000,11730070,10,0.3,-1574080.0,false,-1388400.2293522363,4.000750803,64.000416546,15.997101468556526
publication,equal-wall,external-single,gtoc1,37,2000084,1,1,1,74,1000000000,4000,786750,10,0.3,-1574080.0,false,-1000958.88830582,4.000167909,4.000332301,1.0000410962748916
publication,equal-wall,external-single,gtoc1,38,2000085,1,1,1,78,1000000000,4000,785390,10,0.3,-1574080.0,false,-730303.0312063317,4.000165923,3.999893331,0.9999318548267129
publication,equal-wall,external-retry,gtoc1,38,2000085,16,16,16,1122,1000000000,4000,11771050,10,0.3,-1574080.0,false,-1334245.2784749405,4.000431799,64.000548306,15.998410052134473
publication,equal-wall,external-retry,gtoc1,39,2000086,16,16,16,1093,1000000000,4000,11699740,10,0.3,-1574080.0,false,-1180645.2728279454,4.000393771,63.997706346,15.997851713983184
publication,equal-wall,external-single,gtoc1,39,2000086,1,1,1,73,1000000000,4000,787020,10,0.3,-1574080.0,false,-1118881.567613542,4.000147412,4.000755141,1.0001519266510472
publication,equal-wall,external-single,gtoc1,40,2000087,1,1,1,73,1000000000,4000,794480,10,0.3,-1574080.0,false,-1065577.4355231945,4.000151785,4.000009671,0.9999644728481222
publication,equal-wall,external-retry,gtoc1,40,2000087,16,16,16,1123,1000000000,4000,11771690,10,0.3,-1574080.0,false,-1160292.6142746832,4.000401971,63.997142992,15.997678097334386
publication,equal-wall,external-retry,gtoc1,41,2000088,16,16,16,1091,1000000000,4000,11692510,10,0.3,-1574080.0,false,-1121116.3929177725,4.000463204,63.996156346,15.997186596294963
publication,equal-wall,external-single,gtoc1,41,2000088,1,1,1,75,1000000000,4000,783530,10,0.3,-1574080.0,false,-1083330.028608594,4.000226935,4.000531341,1.0000760971827216
publication,equal-wall,external-single,gtoc1,42,2000089,1,1,1,76,1000000000,4000,787550,10,0.3,-1574080.0,false,-1218670.6083265825,4.000118486,3.999950401,0.9999579799946956
publication,equal-wall,external-retry,gtoc1,42,2000089,16,16,16,1125,1000000000,4000,11721270,10,0.3,-1574080.0,false,-1218670.6083265825,4.000437087,63.975661866,15.992167974319154
publication,equal-wall,external-retry,gtoc1,43,2000090,16,16,16,1105,1000000000,4000,11707160,10,0.3,-1574080.0,false,-1272408.8456350053,4.000448296,64.000109726,15.99823444537277
publication,equal-wall,external-single,gtoc1,43,2000090,1,1,1,75,1000000000,4000,780800,10,0.3,-1574080.0,false,-1074277.569910227,4.000155226,4.000183951,1.0000071809713316
publication,equal-wall,external-single,gtoc1,44,2000091,1,1,1,75,1000000000,4000,790060,10,0.3,-1574080.0,false,-901397.156024802,4.000146278,3.999813781,0.999916878789701
publication,equal-wall,external-retry,gtoc1,44,2000091,16,16,16,1113,1000000000,4000,11769840,10,0.3,-1574080.0,false,-1258007.7022399157,4.000373694,64.000600732,15.998655532604847
publication,equal-wall,external-retry,gtoc1,45,2000092,16,16,16,1083,1000000000,4000,11602980,10,0.3,-1574080.0,false,-1168567.577760839,4.000368216,63.921353036,15.978867340345852
publication,equal-wall,external-single,gtoc1,45,2000092,1,1,1,70,1000000000,4000,792340,10,0.3,-1574080.0,false,-992513.108052805,4.000142837,4.000594171,1.0001128294709443
publication,equal-wall,external-single,gtoc1,46,2000093,1,1,1,75,1000000000,4000,794890,10,0.3,-1574080.0,false,-1171213.054604135,4.00019127,3.9998367310000003,0.9999113694880896
publication,equal-wall,external-retry,gtoc1,46,2000093,16,16,16,1117,1000000000,4000,11712370,10,0.3,-1574080.0,false,-1457366.70915808,4.000354504,64.000812526,15.998785223160814
publication,equal-wall,external-retry,gtoc1,47,2000094,16,16,16,1095,1000000000,4000,11701530,10,0.3,-1574080.0,false,-1236079.1410769154,4.000402648,63.999709516,15.998316956418535
publication,equal-wall,external-single,gtoc1,47,2000094,1,1,1,77,1000000000,4000,783090,10,0.3,-1574080.0,false,-1075750.3533219965,4.000178659,4.000547131,1.0000921138857564
publication,equal-wall,external-single,gtoc1,48,2000095,1,1,1,68,1000000000,4000,795600,10,0.3,-1574080.0,false,-1190856.4442196817,4.000170381,3.9999342110000002,0.9999409600148229
publication,equal-wall,external-retry,gtoc1,48,2000095,16,16,16,1119,1000000000,4000,11777870,10,0.3,-1574080.0,false,-1212378.70413266,4.000572178,64.001283086,15.998032340962805
publication,equal-wall,external-retry,gtoc1,49,2000096,16,16,16,1100,1000000000,4000,11666170,10,0.3,-1574080.0,false,-1302919.07931493,4.000424739,63.989910002,15.995778992706606
publication,equal-wall,external-single,gtoc1,49,2000096,1,1,1,72,1000000000,4000,788280,10,0.3,-1574080.0,false,-1155624.5495365148,4.000120418,4.000534001,1.0001033926374163
publication,equal-wall,external-single,gtoc1,50,2000097,1,1,1,73,1000000000,4000,794120,10,0.3,-1574080.0,false,-1381127.585498935,4.000134251,3.999919001,0.9999461893060347
publication,equal-wall,external-retry,gtoc1,50,2000097,16,16,16,1113,1000000000,4000,11791290,10,0.3,-1574080.0,false,-1381127.585498935,4.000411667,64.000601326,15.998503817482241
publication,equal-wall,external-retry,gtoc1,51,2000098,16,16,16,1112,1000000000,4000,11695240,10,0.3,-1574080.0,false,-1340296.7198825502,4.000430899,64.000190006,15.99832408603741
publication,equal-wall,external-single,gtoc1,51,2000098,1,1,1,70,1000000000,4000,789000,10,0.3,-1574080.0,false,-1225298.7880380582,4.000147759,4.000211811,1.0000160124085056
publication,equal-wall,external-single,gtoc1,52,2000099,1,1,1,75,1000000000,4000,779850,10,0.3,-1574080.0,false,-793739.9649818868,4.000155111,3.9995842809999997,0.9998572980336612
publication,equal-wall,external-retry,gtoc1,52,2000099,16,16,16,1101,1000000000,4000,11702580,10,0.3,-1574080.0,false,-1352151.9194928894,4.000416157,63.982146916,15.993872738475693
publication,equal-wall,external-retry,gtoc1,53,2000100,16,16,16,1103,1000000000,4000,11722380,10,0.3,-1574080.0,false,-1224658.1945334347,4.000445339,64.000990422,15.998466420240721
publication,equal-wall,external-single,gtoc1,53,2000100,1,1,1,84,1000000000,4000,787160,10,0.3,-1574080.0,false,-902838.1729854043,4.000038498,4.000520681,1.0001205445898185
publication,equal-wall,external-single,gtoc1,54,2000101,1,1,1,72,1000000000,4000,798390,10,0.3,-1574080.0,false,-968947.4774171229,4.000143092,4.000010981,0.9999669734314595
publication,equal-wall,external-retry,gtoc1,54,2000101,16,16,16,1092,1000000000,4000,11727160,10,0.3,-1574080.0,false,-1208388.9068682448,4.000408097,63.982324146,15.993949265821616
publication,equal-wall,external-retry,gtoc1,55,2000102,16,16,16,1103,1000000000,4000,11687990,10,0.3,-1574080.0,false,-1484729.1819786017,4.000459052,64.000446056,15.998275503908346
publication,equal-wall,external-single,gtoc1,55,2000102,1,1,1,72,1000000000,4000,786430,10,0.3,-1574080.0,false,-1170193.2712507213,4.000124208,4.000080091,0.9999889710924696
publication,equal-wall,external-single,gtoc1,56,2000103,1,1,1,78,1000000000,4000,789280,10,0.3,-1574080.0,false,-1013050.2908705978,4.000170241,3.999273781,0.9997758945379844
publication,equal-wall,external-retry,gtoc1,56,2000103,16,16,16,1105,1000000000,4000,11762210,10,0.3,-1574080.0,false,-1320173.7958796513,4.000405516,64.000774496,15.998571704799142
publication,equal-wall,external-retry,gtoc1,57,2000104,16,16,16,1117,1000000000,4000,11709570,10,0.3,-1574080.0,false,-1438612.5248855378,4.000418708,63.998149716,15.997862820713518
publication,equal-wall,external-single,gtoc1,57,2000104,1,1,1,76,1000000000,4000,786200,10,0.3,-1574080.0,false,-918469.3875864563,4.000133638,4.000497242,1.0000908979631444
publication,equal-wall,external-single,gtoc1,58,2000105,1,1,1,75,1000000000,4000,788190,10,0.3,-1574080.0,false,-1096327.6183357558,4.000168251,3.999577161,0.9998522337154563
publication,equal-wall,external-retry,gtoc1,58,2000105,16,16,16,1114,1000000000,4000,11789570,10,0.3,-1574080.0,false,-1158147.258101366,4.000417055,64.000702946,15.998507672095705
publication,equal-wall,external-retry,gtoc1,59,2000106,16,16,16,1104,1000000000,4000,11697540,10,0.3,-1574080.0,false,-1262574.5541258564,4.000404927,63.994454696,15.99699427027528
publication,equal-wall,external-single,gtoc1,59,2000106,1,1,1,74,1000000000,4000,780660,10,0.3,-1574080.0,false,-893021.5593350597,4.000131157,4.000094891,0.9999909337972739
publication,equal-wall,external-single,gtoc1,60,2000107,1,1,1,67,1000000000,4000,790380,10,0.3,-1574080.0,false,-1142366.520433634,4.000142799,4.000018621,0.9999689566082413
publication,equal-wall,external-retry,gtoc1,60,2000107,16,16,16,1111,1000000000,4000,11711670,10,0.3,-1574080.0,false,-1318302.6485531088,4.000525635,63.972201166,15.990948940888364
publication,equal-wall,external-retry,gtoc1,61,2000108,16,16,16,1107,1000000000,4000,11681430,10,0.3,-1574080.0,false,-1205400.1962017645,4.000439786,63.979680986,15.99316185433018
publication,equal-wall,external-single,gtoc1,61,2000108,1,1,1,74,1000000000,4000,786650,10,0.3,-1574080.0,false,-1168568.4474190963,4.000150596,4.000547192,1.0000991452672798
publication,equal-wall,external-single,gtoc1,62,2000109,1,1,1,75,1000000000,4000,793430,10,0.3,-1574080.0,false,-1079876.2255695744,4.000147898,3.998928271,0.9996951045233579
publication,equal-wall,external-retry,gtoc1,62,2000109,16,16,16,1108,1000000000,4000,11739110,10,0.3,-1574080.0,false,-1249551.7420305153,4.000394252,63.996539126,15.997558014189446
publication,equal-wall,external-retry,gtoc1,63,2000110,16,16,16,1127,1000000000,4000,11697410,10,0.3,-1574080.0,false,-1458823.4481543358,4.000473536,64.000154356,15.99814466464202
publication,equal-wall,external-single,gtoc1,63,2000110,1,1,1,75,1000000000,4000,781130,10,0.3,-1574080.0,false,-1192529.2111928645,4.001208725,4.000093661,0.9997213182124111
publication,equal-wall,external-single,gtoc1,64,2000111,1,1,1,80,1000000000,4000,787010,10,0.3,-1574080.0,false,-1010517.7471950079,4.000159267,3.9998368109999998,0.9999193892096596
publication,equal-wall,external-retry,gtoc1,64,2000111,16,16,16,1114,1000000000,4000,11732260,10,0.3,-1574080.0,false,-1179766.3811642514,4.000463992,63.996440886,15.997254571964161
publication,equal-wall,external-retry,gtoc1,65,2000112,16,16,16,1114,1000000000,4000,11673050,10,0.3,-1574080.0,false,-1217835.250780321,4.000437323,64.001300986,15.998576110174945
publication,equal-wall,external-single,gtoc1,65,2000112,1,1,1,71,1000000000,4000,780800,10,0.3,-1574080.0,false,-1025434.1142477323,4.000122902,4.000494041,1.0000927818992296
publication,equal-wall,external-single,gtoc1,66,2000113,1,1,1,76,1000000000,4000,794470,10,0.3,-1574080.0,false,-1149374.9711174208,4.000142015,3.999847772,0.9999264418615897
publication,equal-wall,external-retry,gtoc1,66,2000113,16,16,16,1096,1000000000,4000,11577080,10,0.3,-1574080.0,false,-1180622.2937086828,4.001004225,63.840135026,15.956027895971541
publication,equal-wall,external-retry,gtoc1,67,2000114,16,16,16,1112,1000000000,4000,11746680,10,0.3,-1574080.0,false,-1150139.0643567427,4.000369193,64.000320256,15.998603420901805
publication,equal-wall,external-single,gtoc1,67,2000114,1,1,1,79,1000000000,4000,789000,10,0.3,-1574080.0,false,-1102260.6286702547,3.999291681,3.999591841,1.000075053290418
publication,equal-wall,external-single,gtoc1,68,2000115,1,1,1,71,1000000000,4000,791060,10,0.3,-1574080.0,false,-1237133.3023119718,4.000146003,3.999995421,0.9999623558740388
publication,equal-wall,external-retry,gtoc1,68,2000115,16,16,16,1107,1000000000,4000,11714300,10,0.3,-1574080.0,false,-1282297.9912001688,4.000442007,64.000592776,15.998380344974715
publication,equal-wall,external-retry,gtoc1,69,2000116,16,16,16,1088,1000000000,4000,11657940,10,0.3,-1574080.0,false,-1212188.4334114825,4.00046988,63.999834366,15.998079297124969
publication,equal-wall,external-single,gtoc1,69,2000116,1,1,1,76,1000000000,4000,778620,10,0.3,-1574080.0,false,-857397.299566431,4.000008026,4.000079981,1.0000179887139056
publication,equal-wall,external-single,gtoc1,70,2000117,1,1,1,77,1000000000,4000,790260,10,0.3,-1574080.0,false,-979954.2667552393,4.000137,4.000034522,0.9999743813774379
publication,equal-wall,external-retry,gtoc1,70,2000117,16,16,16,1119,1000000000,4000,11737190,10,0.3,-1574080.0,false,-1355827.9432344052,4.001411785,64.000305976,15.99443131944492
publication,equal-wall,external-retry,gtoc1,71,2000118,16,16,16,1089,1000000000,4000,11720440,10,0.3,-1574080.0,false,-1320942.1759985485,4.000470597,63.997662996,15.997533651164092
publication,equal-wall,external-single,gtoc1,71,2000118,1,1,1,74,1000000000,4000,784710,10,0.3,-1574080.0,false,-976198.8976985328,4.000133946,4.000291551,1.0000393999306343
publication,equal-wall,external-single,gtoc1,72,2000119,1,1,1,78,1000000000,4000,790510,10,0.3,-1574080.0,false,-889207.7154728456,4.000137177,3.999810161,0.999918248803596
publication,equal-wall,external-retry,gtoc1,72,2000119,16,16,16,1114,1000000000,4000,11792200,10,0.3,-1574080.0,false,-1324908.0965969732,4.000399452,64.000076176,15.998421393644366
publication,equal-wall,external-retry,gtoc1,73,2000120,16,16,16,1088,1000000000,4000,11629290,10,0.3,-1574080.0,false,-1432441.4678999109,4.000351223,63.962090376,15.989118657444443
publication,equal-wall,external-single,gtoc1,73,2000120,1,1,1,75,1000000000,4000,790050,10,0.3,-1574080.0,false,-1067935.0840301488,4.000177054,4.000861181,1.0001710241798714
publication,equal-wall,external-single,gtoc1,74,2000121,1,1,1,79,1000000000,4000,793840,10,0.3,-1574080.0,false,-885403.2970920231,4.000130304,4.000025361,0.9999737651046279
publication,equal-wall,external-retry,gtoc1,74,2000121,16,16,16,1107,1000000000,4000,11778490,10,0.3,-1574080.0,false,-1265433.024951478,4.000380289,63.999147682,15.998265929361999
publication,equal-wall,external-retry,gtoc1,75,2000122,16,16,16,1109,1000000000,4000,11682340,10,0.3,-1574080.0,false,-1294609.144892269,4.000413521,63.999661656,15.99826150972556
publication,equal-wall,external-single,gtoc1,75,2000122,1,1,1,82,1000000000,4000,791110,10,0.3,-1574080.0,false,-1085262.7811636883,4.000165161,4.000784461,1.000154818607501
publication,equal-wall,external-single,gtoc1,76,2000123,1,1,1,71,1000000000,4000,787540,10,0.3,-1574080.0,false,-1003348.1312986995,4.000184322,4.000034521,0.9999625514756467
publication,equal-wall,external-retry,gtoc1,76,2000123,16,16,16,1082,1000000000,4000,11746940,10,0.3,-1574080.0,false,-1408038.691100172,4.000375605,63.998248346,15.998059848682631
publication,equal-wall,external-retry,gtoc1,77,2000124,16,16,16,1111,1000000000,4000,11635770,10,0.3,-1574080.0,false,-1293534.1357736287,4.000418618,63.949717966,15.985756510145308
publication,equal-wall,external-single,gtoc1,77,2000124,1,1,1,72,1000000000,4000,784740,10,0.3,-1574080.0,false,-921460.3202494604,4.000137357,4.000313051,1.0000439219917518
publication,equal-wall,external-single,gtoc1,78,2000125,1,1,1,80,1000000000,4000,786580,10,0.3,-1574080.0,false,-1241995.8307108118,4.000173049,3.9998048710000003,0.99990795948188
publication,equal-wall,external-retry,gtoc1,78,2000125,16,16,16,1104,1000000000,4000,11725500,10,0.3,-1574080.0,false,-1241995.8307108118,4.000426283,63.999295612,15.99811897146262
publication,equal-wall,external-retry,gtoc1,79,2000126,16,16,16,1112,1000000000,4000,11718430,10,0.3,-1574080.0,false,-1410662.987075052,4.000420366,63.999927256,15.998300528599998
publication,equal-wall,external-single,gtoc1,79,2000126,1,1,1,75,1000000000,4000,785920,10,0.3,-1574080.0,false,-815022.8277809583,4.000125184,4.000518421,1.00009830617341
publication,equal-wall,external-single,gtoc1,80,2000127,1,1,1,74,1000000000,4000,785810,10,0.3,-1574080.0,false,-1086076.1575362743,4.000160436,3.999864301,0.9999259692193007
publication,equal-wall,external-retry,gtoc1,80,2000127,16,16,16,1106,1000000000,4000,11767600,10,0.3,-1574080.0,false,-1392643.8823974628,4.000362529,63.999035946,15.998309023756981
publication,equal-wall,external-retry,gtoc1,81,2000128,16,16,16,1122,1000000000,4000,11699050,10,0.3,-1574080.0,false,-1274567.3991031493,4.000452461,64.001118296,15.998469903077297
publication,equal-wall,external-single,gtoc1,81,2000128,1,1,1,75,1000000000,4000,785060,10,0.3,-1574080.0,false,-1063436.5870673251,4.000146581,4.000399161,1.0000631426861204
publication,equal-wall,external-single,gtoc1,82,2000129,1,1,1,78,1000000000,4000,795370,10,0.3,-1574080.0,false,-1052594.5962220808,4.000152662,3.999959451,0.9999516990934284
publication,equal-wall,external-retry,gtoc1,82,2000129,16,16,16,1118,1000000000,4000,11679890,10,0.3,-1574080.0,false,-1208094.768660675,4.000394946,63.939413246,15.983275178850302
publication,equal-wall,external-retry,gtoc1,83,2000130,16,16,16,1124,1000000000,4000,11689870,10,0.3,-1574080.0,false,-1261739.0855164544,4.000440358,63.995762862,15.997179593997087
publication,equal-wall,external-single,gtoc1,83,2000130,1,1,1,75,1000000000,4000,794700,10,0.3,-1574080.0,false,-1055020.1121884668,4.000154426,4.000488921,1.0000836205217043
publication,equal-wall,external-single,gtoc1,84,2000131,1,1,1,69,1000000000,4000,795200,10,0.3,-1574080.0,false,-1022343.3544595253,4.000145688,4.000050311,0.9999761566184237
publication,equal-wall,external-retry,gtoc1,84,2000131,16,16,16,1111,1000000000,4000,11739860,10,0.3,-1574080.0,false,-1339574.493169399,4.000416172,63.996499966,15.997460567710153
publication,equal-wall,external-retry,gtoc1,85,2000132,16,16,16,1094,1000000000,4000,11719140,10,0.3,-1574080.0,false,-1210366.5725029851,4.000387693,64.000764886,15.99864058125928
publication,equal-wall,external-single,gtoc1,85,2000132,1,1,1,71,1000000000,4000,785520,10,0.3,-1574080.0,false,-855735.360667041,4.000153382,4.000376931,1.0000558851070578
publication,equal-wall,external-single,gtoc1,86,2000133,1,1,1,81,1000000000,4000,797610,10,0.3,-1574080.0,false,-1194640.1868929802,4.000187814,4.000090671,0.9999757153902473
publication,equal-wall,external-retry,gtoc1,86,2000133,16,16,16,1124,1000000000,4000,11709570,10,0.3,-1574080.0,false,-1194640.1868929802,4.000396058,63.999699316,15.998340761288691
publication,equal-wall,external-retry,gtoc1,87,2000134,16,16,16,1121,1000000000,4000,11710500,10,0.3,-1574080.0,false,-1266694.9553013495,4.0004585,63.998750112,15.997853774011157
publication,equal-wall,external-single,gtoc1,87,2000134,1,1,1,78,1000000000,4000,782220,10,0.3,-1574080.0,false,-1129614.1907743022,4.000153569,4.000096091,0.9999856310516562
publication,equal-wall,external-single,gtoc1,88,2000135,1,1,1,72,1000000000,4000,792770,10,0.3,-1574080.0,false,-1244901.466289688,4.00016484,4.000085981,0.9999802860624113
publication,equal-wall,external-retry,gtoc1,88,2000135,16,16,16,1104,1000000000,4000,11785410,10,0.3,-1574080.0,false,-1513210.5708021831,4.000402383,63.997729936,15.997823170979748
publication,equal-wall,external-retry,gtoc1,89,2000136,16,16,16,1090,1000000000,4000,11700030,10,0.3,-1574080.0,false,-1535606.1646420325,4.000427325,63.997628596,15.997698094915396
publication,equal-wall,external-single,gtoc1,89,2000136,1,1,1,73,1000000000,4000,789230,10,0.3,-1574080.0,false,-1113824.1206701105,4.000134954,4.000374721,1.0000599397277234
publication,equal-wall,external-single,gtoc1,90,2000137,1,1,1,75,1000000000,4000,796800,10,0.3,-1574080.0,false,-961384.7334036573,4.000182265,3.999637481,0.9998638102056582
publication,equal-wall,external-retry,gtoc1,90,2000137,16,16,16,1104,1000000000,4000,11718070,10,0.3,-1574080.0,false,-1535769.3811932036,4.000406499,63.964544826,15.98951127641391
publication,equal-wall,external-retry,gtoc1,91,2000138,16,16,16,1103,1000000000,4000,11699810,10,0.3,-1574080.0,false,-1382375.253904663,4.00041616,64.000923856,15.998566473144132
publication,equal-wall,external-single,gtoc1,91,2000138,1,1,1,72,1000000000,4000,791020,10,0.3,-1574080.0,false,-1179210.9156248653,4.000099719,4.000363662,1.0000659841050328
publication,equal-wall,external-single,gtoc1,92,2000139,1,1,1,75,1000000000,4000,798670,10,0.3,-1574080.0,false,-768512.7739423108,4.000135621,3.999978331,0.999960678833194
publication,equal-wall,external-retry,gtoc1,92,2000139,16,16,16,1133,1000000000,4000,11763170,10,0.3,-1574080.0,false,-1264511.1914447735,4.000438035,64.001265086,15.998564288722948
publication,equal-wall,external-retry,gtoc1,93,2000140,16,16,16,1094,1000000000,4000,11652910,10,0.3,-1574080.0,false,-1253991.5278142644,4.000401556,63.975728736,15.992326730311872
publication,equal-wall,external-single,gtoc1,93,2000140,1,1,1,74,1000000000,4000,790230,10,0.3,-1574080.0,false,-761413.9068948419,4.000181005,4.000562231,1.0000953021874568
publication,equal-wall,external-single,gtoc1,94,2000141,1,1,1,73,1000000000,4000,789750,10,0.3,-1574080.0,false,-935803.4019318295,4.000170706,4.000026301,0.9999639002906093
publication,equal-wall,external-retry,gtoc1,94,2000141,16,16,16,1105,1000000000,4000,11764950,10,0.3,-1574080.0,false,-1163662.5629637945,4.00042085,63.997897306,15.997791158897693
publication,equal-wall,external-retry,gtoc1,95,2000142,16,16,16,1088,1000000000,4000,11733460,10,0.3,-1574080.0,false,-1291181.087811565,4.000392501,64.000440496,15.998540263237032
publication,equal-wall,external-single,gtoc1,95,2000142,1,1,1,75,1000000000,4000,790450,10,0.3,-1574080.0,false,-1173434.263650928,4.00015786,4.000567142,1.000102316462081
publication,equal-wall,external-single,gtoc1,96,2000143,1,1,1,70,1000000000,4000,791210,10,0.3,-1574080.0,false,-996178.0836463824,4.000123951,3.999829991,0.9999265122772192
publication,equal-wall,external-retry,gtoc1,96,2000143,16,16,16,1093,1000000000,4000,11773810,10,0.3,-1574080.0,false,-1212803.4208823978,4.000482276,63.999790426,15.998018741378372
publication,equal-wall,external-retry,gtoc1,97,2000144,16,16,16,1107,1000000000,4000,11674720,10,0.3,-1574080.0,false,-1294250.6549720753,4.000422406,63.982851036,15.994023766099263
publication,equal-wall,external-single,gtoc1,97,2000144,1,1,1,75,1000000000,4000,791240,10,0.3,-1574080.0,false,-1018237.8798121299,4.000127284,4.000159351,1.000008016494907
publication,equal-wall,external-single,gtoc1,98,2000145,1,1,1,72,1000000000,4000,795540,10,0.3,-1574080.0,false,-753838.1802962823,4.000102306,3.999985201,0.9999707244987649
publication,equal-wall,external-retry,gtoc1,98,2000145,16,16,16,1113,1000000000,4000,11676060,10,0.3,-1574080.0,false,-1331600.7730334715,4.000447531,63.949582826,15.98560719280685
publication,equal-wall,external-retry,gtoc1,99,2000146,16,16,16,1112,1000000000,4000,11702480,10,0.3,-1574080.0,false,-1205795.6280028545,4.000412081,63.992495056,15.99647580306365
publication,equal-wall,external-single,gtoc1,99,2000146,1,1,1,72,1000000000,4000,777310,10,0.3,-1574080.0,false,-863603.4257281986,4.00017671,3.999992621,0.9999539797830582
publication,equal-wall,external-single,gtoc1,100,2000147,1,1,1,73,1000000000,4000,787270,10,0.3,-1574080.0,false,-1389691.255969407,4.000143211,3.999797802,0.9999136508415373
publication,equal-wall,external-retry,gtoc1,100,2000147,16,16,16,1132,1000000000,4000,11757290,10,0.3,-1574080.0,false,-1421532.7570130543,4.000423435,64.000827626,15.998513323877676
publication,equal-wall,external-retry,messenger,1,3000051,16,16,16,269,1000000000,4000,14566596,12,0.3,8.673,false,11.228508903026894,4.000446696,64.000919616,15.998443293843604
publication,equal-wall,external-single,messenger,1,3000051,1,1,1,20,1000000000,4000,982668,12,0.3,8.673,false,11.557951651279726,4.000174165,4.001252381,1.0002695422637928
publication,equal-wall,external-single,messenger,2,3000052,1,1,1,15,1000000000,4000,989196,12,0.3,8.673,false,13.322802507480555,4.000142036,4.000074991,0.9999832393451542
publication,equal-wall,external-retry,messenger,2,3000052,16,16,16,249,1000000000,4000,14554320,12,0.3,8.673,false,11.175803770349713,4.00043926,63.999556216,15.998132219110358
publication,equal-wall,external-retry,messenger,3,3000053,16,16,16,260,1000000000,4000,14488260,12,0.3,8.673,false,10.946597019041452,4.000419541,63.999852926,15.998285247352259
publication,equal-wall,external-single,messenger,3,3000053,1,1,1,16,1000000000,4000,980868,12,0.3,8.673,false,16.610150486622004,3.99926578,3.999886041,1.0001550937182275
publication,equal-wall,external-single,messenger,4,3000054,1,1,1,18,1000000000,4000,976656,12,0.3,8.673,false,13.741928393064025,4.000134419,3.999891762,0.9999393377885384
publication,equal-wall,external-retry,messenger,4,3000054,16,16,16,256,1000000000,4000,14593272,12,0.3,8.673,false,11.053981850057351,4.000410284,64.000573386,15.99850236411401
publication,equal-wall,external-retry,messenger,5,3000055,16,16,16,250,1000000000,4000,14427252,12,0.3,8.673,false,11.764668577871447,4.001176073,63.999031166,15.995054953433938
publication,equal-wall,external-single,messenger,5,3000055,1,1,1,15,1000000000,4000,983940,12,0.3,8.673,false,13.758411971036216,4.000139283,4.000671581,1.0001330698664073
publication,equal-wall,external-single,messenger,6,3000056,1,1,1,17,1000000000,4000,976248,12,0.3,8.673,false,13.096718129939052,4.000149995,3.999991571,0.9999603954851197
publication,equal-wall,external-retry,messenger,6,3000056,16,16,16,257,1000000000,4000,14610420,12,0.3,8.673,false,12.116455750169594,4.000397638,64.000972596,15.998652730931344
publication,equal-wall,external-retry,messenger,7,3000057,16,16,16,236,1000000000,4000,14527980,12,0.3,8.673,false,11.895859644185474,4.000416939,63.999240696,15.998142611604415
publication,equal-wall,external-single,messenger,7,3000057,1,1,1,16,1000000000,4000,969024,12,0.3,8.673,false,14.155046247196339,4.000144538,4.000495721,1.0000877925776592
publication,equal-wall,external-single,messenger,8,3000058,1,1,1,21,1000000000,4000,992664,12,0.3,8.673,false,16.55382605857541,4.000113628,4.000008241,0.9999736539984108
publication,equal-wall,external-retry,messenger,8,3000058,16,16,16,255,1000000000,4000,14565984,12,0.3,8.673,false,11.076191627170523,4.000438532,63.999864962,15.99821230848998
publication,equal-wall,external-retry,messenger,9,3000059,16,16,16,260,1000000000,4000,14543784,12,0.3,8.673,false,11.289590872027185,4.000454554,63.999481826,15.998052461815318
publication,equal-wall,external-single,messenger,9,3000059,1,1,1,17,1000000000,4000,972120,12,0.3,8.673,false,13.863632548201604,4.000142592,3.999099191,0.9997391590484581
publication,equal-wall,external-single,messenger,10,3000060,1,1,1,15,1000000000,4000,987300,12,0.3,8.673,false,13.768549666577282,4.000114963,3.999876601,0.9999404112126266
publication,equal-wall,external-retry,messenger,10,3000060,16,16,16,245,1000000000,4000,14620476,12,0.3,8.673,false,11.961785249518302,4.000361286,64.001175516,15.99884883897459
publication,equal-wall,external-retry,messenger,11,3000061,16,16,16,253,1000000000,4000,14533152,12,0.3,8.673,false,10.963074687376817,4.000397368,63.998294096,15.997984252248415
publication,equal-wall,external-single,messenger,11,3000061,1,1,1,17,1000000000,4000,984636,12,0.3,8.673,false,12.843566887245604,4.000155826,4.000343181,1.0000468369253972
publication,equal-wall,external-single,messenger,12,3000062,1,1,1,19,1000000000,4000,963912,12,0.3,8.673,false,13.333119580900972,4.000150087,3.999504231,0.9998385420581846
publication,equal-wall,external-retry,messenger,12,3000062,16,16,16,264,1000000000,4000,14594076,12,0.3,8.673,false,11.048814743858175,4.000440421,63.992502322,15.996364296810007
publication,equal-wall,external-retry,messenger,13,3000063,16,16,16,255,1000000000,4000,14485560,12,0.3,8.673,false,11.900651578952298,4.000356482,64.000181966,15.998619686514228
publication,equal-wall,external-single,messenger,13,3000063,1,1,1,19,1000000000,4000,978972,12,0.3,8.673,false,13.874288765177445,4.000174569,4.001502491,1.0003319660122563
publication,equal-wall,external-single,messenger,14,3000064,1,1,1,16,1000000000,4000,977736,12,0.3,8.673,false,13.07589923920677,4.000181031,3.999062271,0.9997203226575672
publication,equal-wall,external-retry,messenger,14,3000064,16,16,16,257,1000000000,4000,14552892,12,0.3,8.673,false,12.098204996919936,4.000472645,63.996583766,15.997255685771599
publication,equal-wall,external-retry,messenger,15,3000065,16,16,16,240,1000000000,4000,14412084,12,0.3,8.673,false,11.131099000859471,4.000635577,63.995676596,15.996377416607674
publication,equal-wall,external-single,messenger,15,3000065,1,1,1,16,1000000000,4000,970488,12,0.3,8.673,false,14.644209900810047,4.000163444,4.000282841,1.0000298480303795
publication,equal-wall,external-single,messenger,16,3000066,1,1,1,16,1000000000,4000,975540,12,0.3,8.673,false,15.685698161318891,4.000164275,3.999747701,0.9998958607768677
publication,equal-wall,external-retry,messenger,16,3000066,16,16,16,260,1000000000,4000,14302308,12,0.3,8.673,false,12.156421769504082,4.000379738,63.961583435,15.988877962615057
publication,equal-wall,external-retry,messenger,17,3000067,16,16,16,252,1000000000,4000,14455512,12,0.3,8.673,false,12.109899631882872,4.0005081,63.997409832,15.997320398376395
publication,equal-wall,external-single,messenger,17,3000067,1,1,1,18,1000000000,4000,982188,12,0.3,8.673,false,12.128718388919802,4.000141627,4.000917981,1.0001940816282002
publication,equal-wall,external-single,messenger,18,3000068,1,1,1,20,1000000000,4000,967140,12,0.3,8.673,false,14.770076183767527,4.000158878,3.999383001,0.9998060384540557
publication,equal-wall,external-retry,messenger,18,3000068,16,16,16,250,1000000000,4000,14577204,12,0.3,8.673,false,10.758012599981528,4.000373761,64.000122976,15.998535836811776
publication,equal-wall,external-retry,messenger,19,3000069,16,16,16,247,1000000000,4000,14502912,12,0.3,8.673,false,11.744709715507174,4.000388983,63.993865846,15.996910829908664
publication,equal-wall,external-single,messenger,19,3000069,1,1,1,16,1000000000,4000,985368,12,0.3,8.673,false,11.744709715507174,4.00014719,4.000486621,1.000084854627562
publication,equal-wall,external-single,messenger,20,3000070,1,1,1,15,1000000000,4000,976668,12,0.3,8.673,false,14.903358686923049,4.000161962,3.999973251,0.9999528241601734
publication,equal-wall,external-retry,messenger,20,3000070,16,16,16,242,1000000000,4000,14572344,12,0.3,8.673,false,11.327990080853478,4.000471326,63.998416006,15.997718966277624
publication,equal-wall,external-retry,messenger,21,3000071,16,16,16,262,1000000000,4000,14502612,12,0.3,8.673,false,11.053832247171789,4.000482987,63.999557622,15.997957704100592
publication,equal-wall,external-single,messenger,21,3000071,1,1,1,19,1000000000,4000,972792,12,0.3,8.673,false,13.460766967646967,4.000111954,4.000311071,1.0000497778567923
publication,equal-wall,external-single,messenger,22,3000072,1,1,1,16,1000000000,4000,972720,12,0.3,8.673,false,17.44768346592253,4.000147255,4.000012031,0.9999661952444798
publication,equal-wall,external-retry,messenger,22,3000072,16,16,16,265,1000000000,4000,14539020,12,0.3,8.673,false,12.889880046285494,4.00046446,63.999912406,15.998120479740495
publication,equal-wall,external-retry,messenger,23,3000073,16,16,16,234,1000000000,4000,14477304,12,0.3,8.673,false,12.394548342725635,4.000496421,63.997333406,15.997347996627541
publication,equal-wall,external-single,messenger,23,3000073,1,1,1,17,1000000000,4000,964404,12,0.3,8.673,false,13.374569968098001,4.000117257,4.000591081,1.0001184525276527
publication,equal-wall,external-single,messenger,24,3000074,1,1,1,17,1000000000,4000,971256,12,0.3,8.673,false,11.839492029897198,4.000158648,4.000045181,0.9999716343750373
publication,equal-wall,external-retry,messenger,24,3000074,16,16,16,252,1000000000,4000,14566308,12,0.3,8.673,false,11.322772504634539,4.000423072,64.000319276,15.998387701529584
publication,equal-wall,external-retry,messenger,25,3000075,16,16,16,259,1000000000,4000,14525772,12,0.3,8.673,false,10.774839525054373,4.000463213,64.000864556,15.998363476514738
publication,equal-wall,external-single,messenger,25,3000075,1,1,1,20,1000000000,4000,959880,12,0.3,8.673,false,13.865108776897591,4.000144211,4.000594672,1.000112611190057
publication,equal-wall,external-single,messenger,26,3000076,1,1,1,17,1000000000,4000,983664,12,0.3,8.673,false,15.819701010314759,4.000163801,4.000038541,0.9999686862823046
publication,equal-wall,external-retry,messenger,26,3000076,16,16,16,245,1000000000,4000,14588172,12,0.3,8.673,false,10.016748894303696,4.000491436,63.993302686,15.99636037466073
publication,equal-wall,external-retry,messenger,27,3000077,16,16,16,262,1000000000,4000,14531772,12,0.3,8.673,false,11.208741734077053,4.000378386,63.997956976,15.99797589147358
publication,equal-wall,external-single,messenger,27,3000077,1,1,1,20,1000000000,4000,981396,12,0.3,8.673,false,13.456815915148411,4.000223322,4.000655341,1.0001079987203774
publication,equal-wall,external-single,messenger,28,3000078,1,1,1,16,1000000000,4000,990672,12,0.3,8.673,false,15.83785873356139,4.000172375,3.9999908509999997,0.9999546209555531
publication,equal-wall,external-retry,messenger,28,3000078,16,16,16,262,1000000000,4000,14586108,12,0.3,8.673,false,11.646615222884558,4.000476519,63.997484276,15.997465294958777
publication,equal-wall,external-retry,messenger,29,3000079,16,16,16,249,1000000000,4000,14550840,12,0.3,8.673,false,11.489141566597533,4.000456269,63.998371456,15.997768042593245
publication,equal-wall,external-single,messenger,29,3000079,1,1,1,19,1000000000,4000,969792,12,0.3,8.673,false,11.489141566597533,4.000142977,4.000479002,1.0000840032473668
publication,equal-wall,external-single,messenger,30,3000080,1,1,1,18,1000000000,4000,985356,12,0.3,8.673,false,14.838077608239006,4.000165877,4.000060541,0.999973667092006
publication,equal-wall,external-retry,messenger,30,3000080,16,16,16,266,1000000000,4000,14586516,12,0.3,8.673,false,10.774781122745626,4.000386881,63.998894126,15.99817618389995
publication,equal-wall,external-retry,messenger,31,3000081,16,16,16,252,1000000000,4000,14571600,12,0.3,8.673,false,11.317321854199257,4.000530923,64.001058066,15.998141071237008
publication,equal-wall,external-single,messenger,31,3000081,1,1,1,16,1000000000,4000,968688,12,0.3,8.673,false,14.860805454825964,4.000095769,4.000412361,1.0000791461050644
publication,equal-wall,external-single,messenger,32,3000082,1,1,1,15,1000000000,4000,982368,12,0.3,8.673,false,14.011426032248579,4.00010081,3.9999567110000003,0.9999639761578909
publication,equal-wall,external-retry,messenger,32,3000082,16,16,16,255,1000000000,4000,14607456,12,0.3,8.673,false,10.757574544037055,4.000361853,63.998417746,15.998157191206472
publication,equal-wall,external-retry,messenger,33,3000083,16,16,16,250,1000000000,4000,14461176,12,0.3,8.673,false,12.646950406925864,4.000415355,63.997706876,15.997765531024465
publication,equal-wall,external-single,messenger,33,3000083,1,1,1,17,1000000000,4000,988764,12,0.3,8.673,false,14.163999379625885,4.000128443,4.000817481,1.0001722539687958
publication,equal-wall,external-single,messenger,34,3000084,1,1,1,17,1000000000,4000,989520,12,0.3,8.673,false,13.33758557322886,4.000136494,4.000057442,0.9999802376743596
publication,equal-wall,external-retry,messenger,34,3000084,16,16,16,260,1000000000,4000,14555460,12,0.3,8.673,false,10.173165562324858,4.000391887,64.000368346,15.998524683039385
publication,equal-wall,external-retry,messenger,35,3000085,16,16,16,251,1000000000,4000,14504076,12,0.3,8.673,false,9.52035586735105,4.000389537,63.996767116,15.99763386142463
publication,equal-wall,external-single,messenger,35,3000085,1,1,1,16,1000000000,4000,983976,12,0.3,8.673,false,13.296810113614569,4.000118325,4.000231081,1.0000281881661588
publication,equal-wall,external-single,messenger,36,3000086,1,1,1,18,1000000000,4000,978168,12,0.3,8.673,false,12.886351873714307,4.000186387,3.999955941,0.9999423911843835
publication,equal-wall,external-retry,messenger,36,3000086,16,16,16,248,1000000000,4000,14576268,12,0.3,8.673,false,10.722889970709033,4.000398249,64.000409326,15.998509483899136
publication,equal-wall,external-retry,messenger,37,3000087,16,16,16,260,1000000000,4000,14520420,12,0.3,8.673,false,11.223859901251094,4.0004067,63.998936266,15.998107458924114
publication,equal-wall,external-single,messenger,37,3000087,1,1,1,17,1000000000,4000,976320,12,0.3,8.673,false,14.352724053538255,4.000190769,4.000154121,0.9999908384369356
publication,equal-wall,external-single,messenger,38,3000088,1,1,1,19,1000000000,4000,977364,12,0.3,8.673,false,12.509603347720004,4.000151429,3.999984732,0.9999583273276129
publication,equal-wall,external-retry,messenger,38,3000088,16,16,16,269,1000000000,4000,14595168,12,0.3,8.673,false,12.152252221763211,4.000393942,64.000417536,15.99852876089572
publication,equal-wall,external-retry,messenger,39,3000089,16,16,16,259,1000000000,4000,14490936,12,0.3,8.673,false,11.531692423023866,4.000413343,64.000801736,15.998547212124924
publication,equal-wall,external-single,messenger,39,3000089,1,1,1,18,1000000000,4000,973404,12,0.3,8.673,false,17.049143619302384,4.000125681,4.000343631,1.000054485788043
publication,equal-wall,external-single,messenger,40,3000090,1,1,1,17,1000000000,4000,965232,12,0.3,8.673,false,12.822867002498231,4.000130271,3.999421681,0.9998228582691077
publication,equal-wall,external-retry,messenger,40,3000090,16,16,16,256,1000000000,4000,14535384,12,0.3,8.673,false,11.053980051602698,4.000428745,63.998416456,15.997889360231563
publication,equal-wall,external-retry,messenger,41,3000091,16,16,16,258,1000000000,4000,14445564,12,0.3,8.673,false,10.502631747819802,4.000458036,63.998444866,15.997779326787068
publication,equal-wall,external-single,messenger,41,3000091,1,1,1,19,1000000000,4000,973596,12,0.3,8.673,false,10.502631747819802,4.000160903,4.000267501,1.000026648428047
publication,equal-wall,external-single,messenger,42,3000092,1,1,1,15,1000000000,4000,976656,12,0.3,8.673,false,16.89523990313448,4.000088213,3.999891981,0.9999509430818646
publication,equal-wall,external-retry,messenger,42,3000092,16,16,16,251,1000000000,4000,14489316,12,0.3,8.673,false,11.771518069414896,4.000412537,63.999132502,15.998133170034109
publication,equal-wall,external-retry,messenger,43,3000093,16,16,16,243,1000000000,4000,14463120,12,0.3,8.673,false,11.388611502372688,4.000442039,63.999097636,15.998006473304137
publication,equal-wall,external-single,messenger,43,3000093,1,1,1,15,1000000000,4000,974292,12,0.3,8.673,false,12.425580343974463,4.000129525,4.000331801,1.0000505673625655
publication,equal-wall,external-single,messenger,44,3000094,1,1,1,16,1000000000,4000,976272,12,0.3,8.673,false,13.265745317464582,4.000118506,4.000019291,0.9999751969848266
publication,equal-wall,external-retry,messenger,44,3000094,16,16,16,250,1000000000,4000,14513616,12,0.3,8.673,false,11.602200961416182,4.00041707,63.995251136,15.997144801704389
publication,equal-wall,external-retry,messenger,45,3000095,16,16,16,254,1000000000,4000,14484348,12,0.3,8.673,false,12.343348374303845,4.00043633,64.001285856,15.99857629930083
publication,equal-wall,external-single,messenger,45,3000095,1,1,1,18,1000000000,4000,975444,12,0.3,8.673,false,13.275799914285487,4.000168569,4.000421021,1.0000631103403883
publication,equal-wall,external-single,messenger,46,3000096,1,1,1,18,1000000000,4000,982056,12,0.3,8.673,false,18.601398429494424,4.000136339,4.000005831,0.9999673741120453
publication,equal-wall,external-retry,messenger,46,3000096,16,16,16,256,1000000000,4000,14540052,12,0.3,8.673,false,11.555797362149416,4.000465372,63.999077142,15.997908040884798
publication,equal-wall,external-retry,messenger,47,3000097,16,16,16,239,1000000000,4000,14433852,12,0.3,8.673,false,10.559133580527577,4.000406443,63.996145026,15.997410747595879
publication,equal-wall,external-single,messenger,47,3000097,1,1,1,16,1000000000,4000,968724,12,0.3,8.673,false,12.881569306858113,4.00010322,4.000135131,1.0000079775441397
publication,equal-wall,external-single,messenger,48,3000098,1,1,1,18,1000000000,4000,982560,12,0.3,8.673,false,13.341669070084494,4.00010836,4.000017661,0.9999773258642425
publication,equal-wall,external-retry,messenger,48,3000098,16,16,16,247,1000000000,4000,14538156,12,0.3,8.673,false,10.604996867144582,4.000338983,63.998995886,15.998393175671534
publication,equal-wall,external-retry,messenger,49,3000099,16,16,16,241,1000000000,4000,14485812,12,0.3,8.673,false,9.857069299968922,4.000397525,63.999995706,15.998408984617097
publication,equal-wall,external-single,messenger,49,3000099,1,1,1,15,1000000000,4000,969120,12,0.3,8.673,false,14.047407281621116,4.000124512,4.000973311,1.0002121931448518
publication,equal-wall,external-single,messenger,50,3000100,1,1,1,16,1000000000,4000,958992,12,0.3,8.673,false,15.825253405768189,4.000144853,3.9990530509999997,0.9997270593840667
publication,equal-wall,external-retry,messenger,50,3000100,16,16,16,240,1000000000,4000,14557968,12,0.3,8.673,false,10.544362666920197,4.000414996,63.998654126,15.998003754608463
publication,equal-wall,external-retry,messenger,51,3000101,16,16,16,255,1000000000,4000,14497932,12,0.3,8.673,false,11.969431054834807,4.000413727,63.998840112,15.998055321141539
publication,equal-wall,external-single,messenger,51,3000101,1,1,1,15,1000000000,4000,971364,12,0.3,8.673,false,13.67647553628981,4.000142524,4.000356081,1.0000533873477553
publication,equal-wall,external-single,messenger,52,3000102,1,1,1,18,1000000000,4000,973152,12,0.3,8.673,false,12.840825457690952,4.000148865,3.999846831,0.9999244943100387
publication,equal-wall,external-retry,messenger,52,3000102,16,16,16,257,1000000000,4000,14587116,12,0.3,8.673,false,11.053981378826698,4.000425988,63.999485196,15.998167542151265
publication,equal-wall,external-retry,messenger,53,3000103,16,16,16,245,1000000000,4000,14424000,12,0.3,8.673,false,11.213953389005951,4.00047034,63.995751966,15.997056977555296
publication,equal-wall,external-single,messenger,53,3000103,1,1,1,17,1000000000,4000,965412,12,0.3,8.673,false,14.533130841618107,4.000122517,4.000384621,1.0000655239930492
publication,equal-wall,external-single,messenger,54,3000104,1,1,1,21,1000000000,4000,987624,12,0.3,8.673,false,14.06032081516311,4.000143908,3.999789001,0.9999112764420074
publication,equal-wall,external-retry,messenger,54,3000104,16,16,16,251,1000000000,4000,14618328,12,0.3,8.673,false,10.558893219105189,4.00040995,63.999959776,15.998350313072288
publication,equal-wall,external-retry,messenger,55,3000105,16,16,16,247,1000000000,4000,14534808,12,0.3,8.673,false,10.728509495802204,4.000360651,63.996968792,15.997799792376767
publication,equal-wall,external-single,messenger,55,3000105,1,1,1,17,1000000000,4000,971952,12,0.3,8.673,false,15.490328112841771,4.000128758,4.000138171,1.0000023531742526
publication,equal-wall,external-single,messenger,56,3000106,1,1,1,19,1000000000,4000,971520,12,0.3,8.673,false,13.225922034640123,4.000184109,3.999411141,0.9998067668939884
publication,equal-wall,external-retry,messenger,56,3000106,16,16,16,261,1000000000,4000,14564556,12,0.3,8.673,false,10.652101090268863,4.000465133,63.996157816,15.997179250005978
publication,equal-wall,external-retry,messenger,57,3000107,16,16,16,262,1000000000,4000,14472780,12,0.3,8.673,false,11.208741670826814,4.000294922,63.999856426,15.998784508118824
publication,equal-wall,external-single,messenger,57,3000107,1,1,1,15,1000000000,4000,968076,12,0.3,8.673,false,17.18319599324717,4.000183141,4.000068691,0.9999713888099705
publication,equal-wall,external-single,messenger,58,3000108,1,1,1,17,1000000000,4000,969468,12,0.3,8.673,false,14.723298404420449,4.000124111,3.998990871,0.9997166987901992
publication,equal-wall,external-retry,messenger,58,3000108,16,16,16,243,1000000000,4000,14538972,12,0.3,8.673,false,11.77804163038057,4.000349434,63.999245386,15.9984137490725
publication,equal-wall,external-retry,messenger,59,3000109,16,16,16,255,1000000000,4000,14456196,12,0.3,8.673,false,12.478725369654978,4.000468716,64.000827096,15.998332105442215
publication,equal-wall,external-single,messenger,59,3000109,1,1,1,16,1000000000,4000,957744,12,0.3,8.673,false,12.478725369654978,4.000148803,3.9998323019999997,0.9999208776934091
publication,equal-wall,external-single,messenger,60,3000110,1,1,1,15,1000000000,4000,962088,12,0.3,8.673,false,11.845441524424775,4.000131063,3.999625831,0.9998736961384406
publication,equal-wall,external-retry,messenger,60,3000110,16,16,16,264,1000000000,4000,14470692,12,0.3,8.673,false,10.179362746171332,4.000413756,63.998600786,15.997995379855901
publication,equal-wall,external-retry,messenger,61,3000111,16,16,16,241,1000000000,4000,14487468,12,0.3,8.673,false,10.335605687785202,4.000419407,63.999975536,15.998316432524996
publication,equal-wall,external-single,messenger,61,3000111,1,1,1,15,1000000000,4000,951612,12,0.3,8.673,false,12.222666872219172,4.000114754,3.999459371,0.9998361589503539
publication,equal-wall,external-single,messenger,62,3000112,1,1,1,18,1000000000,4000,975876,12,0.3,8.673,false,13.312986626685799,4.000157845,3.9995850109999997,0.9998567971509633
publication,equal-wall,external-retry,messenger,62,3000112,16,16,16,252,1000000000,4000,14610696,12,0.3,8.673,false,11.587945065275363,4.000426948,64.001041786,15.998552808968828
publication,equal-wall,external-retry,messenger,63,3000113,16,16,16,253,1000000000,4000,14460516,12,0.3,8.673,false,11.591678571518756,4.000414948,63.999786916,15.998287114689582
publication,equal-wall,external-single,messenger,63,3000113,1,1,1,19,1000000000,4000,975312,12,0.3,8.673,false,16.458770905252404,4.000159947,4.000908692,1.0001871787653296
publication,equal-wall,external-single,messenger,64,3000114,1,1,1,13,1000000000,4000,986592,12,0.3,8.673,false,13.910585162542729,4.000179758,3.999815221,0.9999088698453437
publication,equal-wall,external-retry,messenger,64,3000114,16,16,16,238,1000000000,4000,14543712,12,0.3,8.673,false,11.784536985357091,4.000461511,64.000224316,15.998210241498308
publication,equal-wall,external-retry,messenger,65,3000115,16,16,16,254,1000000000,4000,14493756,12,0.3,8.673,false,13.542336056872632,4.000459351,63.997755336,15.997601705414754
publication,equal-wall,external-single,messenger,65,3000115,1,1,1,16,1000000000,4000,969180,12,0.3,8.673,false,14.831429615397838,4.000171278,4.000001001,0.9999574325727161
publication,equal-wall,external-single,messenger,66,3000116,1,1,1,16,1000000000,4000,968208,12,0.3,8.673,false,12.741487478443517,4.000142019,3.999700981,0.999889744414597
publication,equal-wall,external-retry,messenger,66,3000116,16,16,16,250,1000000000,4000,14360604,12,0.3,8.673,false,11.132083117227559,4.000432122,63.993357186,15.9966111745965
publication,equal-wall,external-retry,messenger,67,3000117,16,16,16,255,1000000000,4000,14499840,12,0.3,8.673,false,10.985579519156971,4.000376691,63.997768796,15.997935629407458
publication,equal-wall,external-single,messenger,67,3000117,1,1,1,18,1000000000,4000,969660,12,0.3,8.673,false,14.035975246508906,4.00015447,4.000286211,1.000032933978172
publication,equal-wall,external-single,messenger,68,3000118,1,1,1,17,1000000000,4000,976344,12,0.3,8.673,false,13.507752377238326,4.00014012,3.999826592,0.9999216207456252
publication,equal-wall,external-retry,messenger,68,3000118,16,16,16,260,1000000000,4000,14441376,12,0.3,8.673,false,10.902056625867,4.000512814,63.989906986,15.995426076892949
publication,equal-wall,external-retry,messenger,69,3000119,16,16,16,249,1000000000,4000,14434908,12,0.3,8.673,false,11.854396193131487,4.002310334,63.984774856,15.986959909740973
publication,equal-wall,external-single,messenger,69,3000119,1,1,1,19,1000000000,4000,964488,12,0.3,8.673,false,14.601360831745684,4.00011764,4.000513701,1.000099012338047
publication,equal-wall,external-single,messenger,70,3000120,1,1,1,16,1000000000,4000,981420,12,0.3,8.673,false,14.362635204339766,4.000138862,3.9999733109999998,0.9999586136867465
publication,equal-wall,external-retry,messenger,70,3000120,16,16,16,247,1000000000,4000,14524920,12,0.3,8.673,false,11.095114308215232,4.000442435,63.999159016,15.998020232979556
publication,equal-wall,external-retry,messenger,71,3000121,16,16,16,255,1000000000,4000,14469012,12,0.3,8.673,false,11.63839268066432,4.000478956,63.999609316,15.997986746065012
publication,equal-wall,external-single,messenger,71,3000121,1,1,1,17,1000000000,4000,961440,12,0.3,8.673,false,13.101340153874798,4.000119053,4.000179701,1.0000151615487431
publication,equal-wall,external-single,messenger,72,3000122,1,1,1,18,1000000000,4000,981348,12,0.3,8.673,false,12.405580255550255,4.000158453,3.998691992,0.9996333992722463
publication,equal-wall,external-retry,messenger,72,3000122,16,16,16,242,1000000000,4000,14372172,12,0.3,8.673,false,12.405580255550255,4.000424836,63.991152866,15.996089287852827
publication,equal-wall,external-retry,messenger,73,3000123,16,16,16,252,1000000000,4000,14432376,12,0.3,8.673,false,11.145335351105597,4.001048454,63.990940206,15.993542927985745
publication,equal-wall,external-single,messenger,73,3000123,1,1,1,18,1000000000,4000,974604,12,0.3,8.673,false,13.786676205045918,4.000183495,4.000710911,1.00013184795164
publication,equal-wall,external-single,messenger,74,3000124,1,1,1,18,1000000000,4000,977832,12,0.3,8.673,false,15.521047292487507,4.000129834,3.999755611,0.9999064472865807
publication,equal-wall,external-retry,messenger,74,3000124,16,16,16,257,1000000000,4000,14526696,12,0.3,8.673,false,10.771213324061716,4.000405898,63.992922936,15.996607486253634
publication,equal-wall,external-retry,messenger,75,3000125,16,16,16,257,1000000000,4000,14520180,12,0.3,8.673,false,11.02689161818855,4.000418769,63.999322346,15.99815570358354
publication,equal-wall,external-single,messenger,75,3000125,1,1,1,20,1000000000,4000,964188,12,0.3,8.673,false,14.802991770715689,4.000136735,4.000378791,1.0000605119314754
publication,equal-wall,external-single,messenger,76,3000126,1,1,1,16,1000000000,4000,967908,12,0.3,8.673,false,12.820180961987589,4.000103496,3.999964991,0.9999653746458963
publication,equal-wall,external-retry,messenger,76,3000126,16,16,16,237,1000000000,4000,14516340,12,0.3,8.673,false,11.898125072055802,4.00040122,63.996383232,15.997491179647227
publication,equal-wall,external-retry,messenger,77,3000127,16,16,16,249,1000000000,4000,14480520,12,0.3,8.673,false,11.428701110373717,4.00044252,63.999321506,15.998060511065662
publication,equal-wall,external-single,messenger,77,3000127,1,1,1,17,1000000000,4000,965556,12,0.3,8.673,false,13.354339238865482,4.000156367,4.000277471,1.0000302748165046
publication,equal-wall,external-single,messenger,78,3000128,1,1,1,13,1000000000,4000,983592,12,0.3,8.673,false,14.276723950886101,4.000160758,3.999947931,0.9999467953882668
publication,equal-wall,external-retry,messenger,78,3000128,16,16,16,240,1000000000,4000,14513388,12,0.3,8.673,false,9.693103019732723,4.00040656,63.997023816,15.997629954891385
publication,equal-wall,external-retry,messenger,79,3000129,16,16,16,250,1000000000,4000,14452632,12,0.3,8.673,false,12.612334381741803,4.00038649,64.000124146,15.998485222861554
publication,equal-wall,external-single,messenger,79,3000129,1,1,1,16,1000000000,4000,965820,12,0.3,8.673,false,14.915160211134529,4.000098578,4.000125961,1.000006845581294
publication,equal-wall,external-single,messenger,80,3000130,1,1,1,17,1000000000,4000,975516,12,0.3,8.673,false,13.042876719508035,4.000167719,4.000013541,0.9999614571160935
publication,equal-wall,external-retry,messenger,80,3000130,16,16,16,245,1000000000,4000,14528964,12,0.3,8.673,false,11.425623025698112,4.000375572,63.999723602,15.998428760028434
publication,equal-wall,external-retry,messenger,81,3000131,16,16,16,250,1000000000,4000,14477424,12,0.3,8.673,false,11.745376985788752,4.000442843,64.000518376,15.998358403742353
publication,equal-wall,external-single,messenger,81,3000131,1,1,1,16,1000000000,4000,962112,12,0.3,8.673,false,14.83933829104631,4.000175491,4.000406461,1.0000577399667887
publication,equal-wall,external-single,messenger,82,3000132,1,1,1,17,1000000000,4000,989928,12,0.3,8.673,false,13.717817278942132,4.00009222,3.999982121,0.9999724758845685
publication,equal-wall,external-retry,messenger,82,3000132,16,16,16,260,1000000000,4000,14513880,12,0.3,8.673,false,12.228974401107184,4.000439854,63.997462686,15.997606518695582
publication,equal-wall,external-retry,messenger,83,3000133,16,16,16,254,1000000000,4000,14488380,12,0.3,8.673,false,10.295280514779462,4.000415584,63.994783666000004,15.997033888667104
publication,equal-wall,external-single,messenger,83,3000133,1,1,1,16,1000000000,4000,968292,12,0.3,8.673,false,13.759651484412025,4.000130351,4.000548751,1.0001045965914324
publication,equal-wall,external-single,messenger,84,3000134,1,1,1,13,1000000000,4000,980484,12,0.3,8.673,false,14.883471321832792,4.000119441,3.999857551,0.9999345294549669
publication,equal-wall,external-retry,messenger,84,3000134,16,16,16,241,1000000000,4000,14480412,12,0.3,8.673,false,10.845025916001308,4.000355444,63.999175836,15.998372327636593
publication,equal-wall,external-retry,messenger,85,3000135,16,16,16,258,1000000000,4000,14541876,12,0.3,8.673,false,11.4898718560508,4.000413085,63.998665052,15.998014128083476
publication,equal-wall,external-single,messenger,85,3000135,1,1,1,17,1000000000,4000,977388,12,0.3,8.673,false,14.504823374328128,4.000141293,4.000615781,1.0001186178100332
publication,equal-wall,external-single,messenger,86,3000136,1,1,1,18,1000000000,4000,987840,12,0.3,8.673,false,14.684767795082564,4.000150903,3.9999982210000002,0.9999618309399565
publication,equal-wall,external-retry,messenger,86,3000136,16,16,16,248,1000000000,4000,14527236,12,0.3,8.673,false,10.581407703475982,4.000540357,63.994798736,15.996538723581235
publication,equal-wall,external-retry,messenger,87,3000137,16,16,16,256,1000000000,4000,14482176,12,0.3,8.673,false,11.603040258445724,4.001868782,63.998587746,15.992175464087968
publication,equal-wall,external-single,messenger,87,3000137,1,1,1,17,1000000000,4000,978168,12,0.3,8.673,false,14.017307651370505,4.000146683,4.000411761,1.0000662670699367
publication,equal-wall,external-single,messenger,88,3000138,1,1,1,14,1000000000,4000,980496,12,0.3,8.673,false,14.011907961199693,4.000185674,3.999900941,0.9999288200540664
publication,equal-wall,external-retry,messenger,88,3000138,16,16,16,245,1000000000,4000,14553096,12,0.3,8.673,false,10.780116109748093,4.000314976,63.998904946,15.998466453257604
publication,equal-wall,external-retry,messenger,89,3000139,16,16,16,244,1000000000,4000,14470056,12,0.3,8.673,false,11.601826063467497,4.000402248,64.000636132,15.998550186796113
publication,equal-wall,external-single,messenger,89,3000139,1,1,1,14,1000000000,4000,976800,12,0.3,8.673,false,13.180750540744054,4.000148115,3.999282451,0.9997835920133172
publication,equal-wall,external-single,messenger,90,3000140,1,1,1,15,1000000000,4000,971808,12,0.3,8.673,false,15.025836515027652,4.000133845,3.999378041,0.9998110553223252
publication,equal-wall,external-retry,messenger,90,3000140,16,16,16,245,1000000000,4000,14518200,12,0.3,8.673,false,11.490139222512642,4.000396388,63.989144846,15.995701085509529
publication,equal-wall,external-retry,messenger,91,3000141,16,16,16,245,1000000000,4000,14526096,12,0.3,8.673,false,12.048219136031676,4.000405968,63.997380376,15.997721453254266
publication,equal-wall,external-single,messenger,91,3000141,1,1,1,15,1000000000,4000,971376,12,0.3,8.673,false,16.779002239291344,4.000175056,3.999102431,0.9997318554850766
publication,equal-wall,external-single,messenger,92,3000142,1,1,1,17,1000000000,4000,973620,12,0.3,8.673,false,14.822258277241353,4.000150936,4.000042831,0.9999729747697701
publication,equal-wall,external-retry,messenger,92,3000142,16,16,16,255,1000000000,4000,14487756,12,0.3,8.673,false,10.604489002253889,4.00040354,63.995833056,15.99734437191304
publication,equal-wall,external-retry,messenger,93,3000143,16,16,16,257,1000000000,4000,14503440,12,0.3,8.673,false,11.200516900032678,4.00041727,63.999617666,15.998235520566084
publication,equal-wall,external-single,messenger,93,3000143,1,1,1,19,1000000000,4000,957588,12,0.3,8.673,false,11.484210608167851,4.000132607,3.999408152,0.9998188922540386
publication,equal-wall,external-single,messenger,94,3000144,1,1,1,13,1000000000,4000,969948,12,0.3,8.673,false,16.980412507458126,4.000103537,3.999760721,0.9999142982183262
publication,equal-wall,external-retry,messenger,94,3000144,16,16,16,257,1000000000,4000,14545476,12,0.3,8.673,false,10.867687967549694,4.00040259,63.999948826,15.9983770098499
publication,equal-wall,external-retry,messenger,95,3000145,16,16,16,251,1000000000,4000,14472588,12,0.3,8.673,false,11.582895824013935,4.000391571,63.998835956,15.99814288679792
publication,equal-wall,external-single,messenger,95,3000145,1,1,1,18,1000000000,4000,973884,12,0.3,8.673,false,12.547235025663486,4.000140138,4.000193021,1.000013220286834
publication,equal-wall,external-single,messenger,96,3000146,1,1,1,18,1000000000,4000,974772,12,0.3,8.673,false,14.001937793275982,4.000152909,3.999836861,0.9999209910202961
publication,equal-wall,external-retry,messenger,96,3000146,16,16,16,254,1000000000,4000,14539848,12,0.3,8.673,false,10.976873239094019,4.000357131,63.997382446,15.997917273451554
publication,equal-wall,external-retry,messenger,97,3000147,16,16,16,253,1000000000,4000,14469048,12,0.3,8.673,false,10.922058240047425,4.000404402,63.991789686,15.996330184520179
publication,equal-wall,external-single,messenger,97,3000147,1,1,1,17,1000000000,4000,966204,12,0.3,8.673,false,12.410178832981604,4.000152859,4.000482502,1.0000824076008141
publication,equal-wall,external-single,messenger,98,3000148,1,1,1,18,1000000000,4000,965244,12,0.3,8.673,false,11.772284010726779,4.00013457,4.000063291,0.9999821808494808
publication,equal-wall,external-retry,messenger,98,3000148,16,16,16,250,1000000000,4000,14518848,12,0.3,8.673,false,11.653848882402858,4.000405693,63.992439506,15.996487460753144
publication,equal-wall,external-retry,messenger,99,3000149,16,16,16,247,1000000000,4000,14472276,12,0.3,8.673,false,10.723188112736427,4.000350173,64.000521706,15.998729845693436
publication,equal-wall,external-single,messenger,99,3000149,1,1,1,14,1000000000,4000,982860,12,0.3,8.673,false,12.28494086981143,4.000154467,4.000404431,1.0000624885868938
publication,equal-wall,external-single,messenger,100,3000150,1,1,1,15,1000000000,4000,966432,12,0.3,8.673,false,12.081709869194267,4.000162531,3.999475861,0.9998283394750392
publication,equal-wall,external-retry,messenger,100,3000150,16,16,16,254,1000000000,4000,14485584,12,0.3,8.673,false,10.976689342577362,4.000451614,63.999620496,15.998098882642802
publication,equal-wall,external-retry,rosetta,1,4000054,16,16,16,129,1000000000,4000,11915644,13,0.3,1.35,false,3.802000850421709,4.000461695,64.001503656,15.998529303753275
publication,equal-wall,external-single,rosetta,1,4000054,1,1,1,8,1000000000,4000,791999,13,0.3,1.35,false,7.6118602293844555,4.000148231,4.000354491,1.000051563089188
publication,equal-wall,external-single,rosetta,2,4000055,1,1,1,10,1000000000,4000,792272,13,0.3,1.35,false,3.180150801785577,4.000118192,3.9993715720000003,0.999813350515119
publication,equal-wall,external-retry,rosetta,2,4000055,16,16,16,136,1000000000,4000,11996218,13,0.3,1.35,false,3.180150801785577,4.000526706,63.999032776,15.997651679218663
publication,equal-wall,external-retry,rosetta,3,4000056,16,16,16,139,1000000000,4000,11737310,13,0.3,1.35,false,3.6927037540984347,4.000466266,63.980048366,15.993147826233912
publication,equal-wall,external-single,rosetta,3,4000056,1,1,1,10,1000000000,4000,806247,13,0.3,1.35,false,7.482167901440411,4.000186933,4.000656201,1.0001173115176514
publication,equal-wall,external-single,rosetta,4,4000057,1,1,1,9,1000000000,4000,800683,13,0.3,1.35,false,5.763409689804912,3.999493556,3.999189721,0.999924031631569
publication,equal-wall,external-retry,rosetta,4,4000057,16,16,16,133,1000000000,4000,11839074,13,0.3,1.35,false,2.233496882719516,4.000449466,63.985636956,15.9946119804329
publication,equal-wall,external-retry,rosetta,5,4000058,16,16,16,138,1000000000,4000,11931894,13,0.3,1.35,false,3.6232462274566664,4.000464767,64.000777506,15.998335501900947
publication,equal-wall,external-single,rosetta,5,4000058,1,1,1,8,1000000000,4000,810433,13,0.3,1.35,false,11.925934587391783,4.000082843,4.000518131,1.0001088197462613
publication,equal-wall,external-single,rosetta,6,4000059,1,1,1,8,1000000000,4000,803803,13,0.3,1.35,false,4.520656468548079,4.000155844,3.999943362,0.9999468815695471
publication,equal-wall,external-retry,rosetta,6,4000059,16,16,16,137,1000000000,4000,11944764,13,0.3,1.35,false,3.708225345051143,4.000402666,63.985185226,15.994686177423919
publication,equal-wall,external-retry,rosetta,7,4000060,16,16,16,131,1000000000,4000,11828297,13,0.3,1.35,false,2.600668905950904,4.000479907,63.967183246,15.989877397976892
publication,equal-wall,external-single,rosetta,7,4000060,1,1,1,9,1000000000,4000,815776,13,0.3,1.35,false,8.263150882333466,4.000175474,4.000367701,1.000048054641915
publication,equal-wall,external-single,rosetta,8,4000061,1,1,1,10,1000000000,4000,796432,13,0.3,1.35,false,7.8263687993486375,4.000111814,4.000038071,0.9999815647653292
publication,equal-wall,external-retry,rosetta,8,4000061,16,16,16,134,1000000000,4000,11977576,13,0.3,1.35,false,5.58807254573542,4.000521049,63.994262206,15.996481813786854
publication,equal-wall,external-retry,rosetta,9,4000062,16,16,16,141,1000000000,4000,11921585,13,0.3,1.35,false,1.99899914902341,4.000418208,63.999575516,15.99822123297365
publication,equal-wall,external-single,rosetta,9,4000062,1,1,1,8,1000000000,4000,800865,13,0.3,1.35,false,3.7067492146829366,4.000190135,4.000607801,1.000104411536928
publication,equal-wall,external-single,rosetta,10,4000063,1,1,1,9,1000000000,4000,808496,13,0.3,1.35,false,2.4588804087868747,4.000131255,3.999919221,0.9999469932393504
publication,equal-wall,external-retry,rosetta,10,4000063,16,16,16,144,1000000000,4000,11915488,13,0.3,1.35,false,2.699672033937025,4.000627111,63.994145162,15.99602846914767
publication,equal-wall,external-retry,rosetta,11,4000064,16,16,16,137,1000000000,4000,11883586,13,0.3,1.35,false,3.1953942059693046,4.000435809,63.993078416,15.996526746418795
publication,equal-wall,external-single,rosetta,11,4000064,1,1,1,11,1000000000,4000,794976,13,0.3,1.35,false,4.835893180205909,4.000158423,4.000353851,1.0000488550650584
publication,equal-wall,external-single,rosetta,12,4000065,1,1,1,10,1000000000,4000,805779,13,0.3,1.35,false,6.500876377610195,4.000198247,3.999396891,0.9997996709286593
publication,equal-wall,external-retry,rosetta,12,4000065,16,16,16,130,1000000000,4000,11971960,13,0.3,1.35,false,2.338738073895929,4.000559761,63.995318686,15.996591104541682
publication,equal-wall,external-retry,rosetta,13,4000066,16,16,16,131,1000000000,4000,11900031,13,0.3,1.35,false,2.6540410661032268,4.000628051,63.999491956,15.997361199325352
publication,equal-wall,external-single,rosetta,13,4000066,1,1,1,9,1000000000,4000,800475,13,0.3,1.35,false,5.636933014692468,4.000183347,4.000578891,1.0000988814675948
publication,equal-wall,external-single,rosetta,14,4000067,1,1,1,8,1000000000,4000,806234,13,0.3,1.35,false,2.389285362260171,4.000132687,3.9999466310000003,0.9999534875428997
publication,equal-wall,external-retry,rosetta,14,4000067,16,16,16,132,1000000000,4000,11912316,13,0.3,1.35,false,2.4564761174544985,4.000473561,63.993201732,15.996406614421819
publication,equal-wall,external-retry,rosetta,15,4000068,16,16,16,135,1000000000,4000,11923015,13,0.3,1.35,false,2.8622193491197065,4.0004454,63.990580956,15.995864099532517
publication,equal-wall,external-single,rosetta,15,4000068,1,1,1,9,1000000000,4000,793260,13,0.3,1.35,false,3.5532212763480393,4.000192658,4.000376901,1.000046058531614
publication,equal-wall,external-single,rosetta,16,4000069,1,1,1,8,1000000000,4000,798304,13,0.3,1.35,false,8.531511388640968,4.000093897,4.000007181,0.9999783215088862
publication,equal-wall,external-retry,rosetta,16,4000069,16,16,16,122,1000000000,4000,11934442,13,0.3,1.35,false,3.0297263479922876,4.000596193,63.981897936,15.993090741812843
publication,equal-wall,external-retry,rosetta,17,4000070,16,16,16,126,1000000000,4000,11872588,13,0.3,1.35,false,2.1728788377986104,4.000529332,63.990401186,15.995483566173236
publication,equal-wall,external-single,rosetta,17,4000070,1,1,1,9,1000000000,4000,796159,13,0.3,1.35,false,5.4563300841916575,4.000160319,4.000419971,1.0000649103984076
publication,equal-wall,external-single,rosetta,18,4000071,1,1,1,8,1000000000,4000,804583,13,0.3,1.35,false,5.907506883362114,4.000133498,3.999957311,0.9999559547199892
publication,equal-wall,external-retry,rosetta,18,4000071,16,16,16,124,1000000000,4000,11823058,13,0.3,1.35,false,2.7953064608957345,4.000439562,63.984925056,15.994473623296297
publication,equal-wall,external-retry,rosetta,19,4000072,16,16,16,128,1000000000,4000,11891672,13,0.3,1.35,false,2.6338720427699505,4.000465553,63.994098502,15.996662801910647
publication,equal-wall,external-single,rosetta,19,4000072,1,1,1,8,1000000000,4000,802685,13,0.3,1.35,false,9.936771358863453,4.000141739,4.000729991,1.0001470577890441
publication,equal-wall,external-single,rosetta,20,4000073,1,1,1,7,1000000000,4000,810693,13,0.3,1.35,false,8.11485818317338,4.000134449,3.999993521,0.999964769184187
publication,equal-wall,external-retry,rosetta,20,4000073,16,16,16,133,1000000000,4000,12000027,13,0.3,1.35,false,1.9025727408553335,4.000535164,63.999401596,15.997710049374781
publication,equal-wall,external-retry,rosetta,21,4000074,16,16,16,140,1000000000,4000,11907675,13,0.3,1.35,false,2.646429189809031,4.000466613,64.001062946,15.998399471206884
publication,equal-wall,external-single,rosetta,21,4000074,1,1,1,9,1000000000,4000,799396,13,0.3,1.35,false,2.6381182207976575,4.000118059,4.000419991,1.0000754807722039
publication,equal-wall,external-single,rosetta,22,4000075,1,1,1,9,1000000000,4000,799695,13,0.3,1.35,false,3.6880491728058624,4.000104889,3.999896871,0.9999479968636391
publication,equal-wall,external-retry,rosetta,22,4000075,16,16,16,139,1000000000,4000,11940643,13,0.3,1.35,false,2.717225850546307,4.000562785,63.997812336,15.997202337620609
publication,equal-wall,external-retry,rosetta,23,4000076,16,16,16,140,1000000000,4000,11888942,13,0.3,1.35,false,2.8006274397525286,4.000482773,64.000516332,15.998198208464078
publication,equal-wall,external-single,rosetta,23,4000076,1,1,1,9,1000000000,4000,800696,13,0.3,1.35,false,7.353055055467919,4.000143751,4.000399001,1.0000638102068047
publication,equal-wall,external-single,rosetta,24,4000077,1,1,1,9,1000000000,4000,809809,13,0.3,1.35,false,6.985670935043484,4.000131531,3.999916571,0.9999462617670608
publication,equal-wall,external-retry,rosetta,24,4000077,16,16,16,130,1000000000,4000,11979734,13,0.3,1.35,false,2.2885715114398772,4.000484135,63.998208896,15.997615972547784
publication,equal-wall,external-retry,rosetta,25,4000078,16,16,16,135,1000000000,4000,11892881,13,0.3,1.35,false,1.912822397027126,4.000404684,64.000765456,15.998572772394041
publication,equal-wall,external-single,rosetta,25,4000078,1,1,1,8,1000000000,4000,792909,13,0.3,1.35,false,8.37122720153772,4.000105251,4.000365251,1.0000649982897163
publication,equal-wall,external-single,rosetta,26,4000079,1,1,1,9,1000000000,4000,810199,13,0.3,1.35,false,9.54354288480782,4.000126011,3.999712101,0.9998965257597232
publication,equal-wall,external-retry,rosetta,26,4000079,16,16,16,130,1000000000,4000,11948898,13,0.3,1.35,false,3.2753661743962987,4.000630556,63.997805056,15.996929524026761
publication,equal-wall,external-retry,rosetta,27,4000080,16,16,16,135,1000000000,4000,11875409,13,0.3,1.35,false,2.286318734828826,4.000436604,63.999427186,15.998110586731348
publication,equal-wall,external-single,rosetta,27,4000080,1,1,1,8,1000000000,4000,786877,13,0.3,1.35,false,7.495125102278489,4.000094131,4.000335912,1.0000604438275904
publication,equal-wall,external-single,rosetta,28,4000081,1,1,1,9,1000000000,4000,796107,13,0.3,1.35,false,2.9521334204627783,4.000137172,3.999820371,0.9999208024659212
publication,equal-wall,external-retry,rosetta,28,4000081,16,16,16,134,1000000000,4000,11995438,13,0.3,1.35,false,2.9521334204627783,4.000437125,64.000657956,15.998416162083785
publication,equal-wall,external-retry,rosetta,29,4000082,16,16,16,135,1000000000,4000,11924471,13,0.3,1.35,false,3.4792712371952303,4.000393425,63.999542706,15.998312142511331
publication,equal-wall,external-single,rosetta,29,4000082,1,1,1,9,1000000000,4000,805974,13,0.3,1.35,false,4.493262899435223,4.000113622,4.000379761,1.0000665328601008
publication,equal-wall,external-single,rosetta,30,4000083,1,1,1,9,1000000000,4000,794664,13,0.3,1.35,false,4.295156745846447,4.000113173,3.998544981,0.9996079630919983
publication,equal-wall,external-retry,rosetta,30,4000083,16,16,16,131,1000000000,4000,11991460,13,0.3,1.35,false,2.4102398152336253,4.000573477,63.996500966,15.996831787724219
publication,equal-wall,external-retry,rosetta,31,4000084,16,16,16,130,1000000000,4000,11915631,13,0.3,1.35,false,2.8153589128455017,4.000406805,63.999158536,15.99816260086579
publication,equal-wall,external-single,rosetta,31,4000084,1,1,1,9,1000000000,4000,804505,13,0.3,1.35,false,8.370230050750763,4.000153383,4.000552012,1.0000996534287145
publication,equal-wall,external-single,rosetta,32,4000085,1,1,1,9,1000000000,4000,805142,13,0.3,1.35,false,7.772711657456122,4.000147213,3.999948211,0.9999502513309128
publication,equal-wall,external-retry,rosetta,32,4000085,16,16,16,139,1000000000,4000,11922846,13,0.3,1.35,false,2.480708615893253,4.000618249,63.995092706,15.996300752264052
publication,equal-wall,external-retry,rosetta,33,4000086,16,16,16,133,1000000000,4000,11804572,13,0.3,1.35,false,2.553063067550386,4.000480436,63.991828576,15.996035876126955
publication,equal-wall,external-single,rosetta,33,4000086,1,1,1,10,1000000000,4000,791401,13,0.3,1.35,false,11.361296254095903,4.000137923,4.000326451,1.0000471303749094
publication,equal-wall,external-single,rosetta,34,4000087,1,1,1,9,1000000000,4000,801632,13,0.3,1.35,false,3.7235509485000753,4.000176754,4.000008901,0.9999580386042112
publication,equal-wall,external-retry,rosetta,34,4000087,16,16,16,130,1000000000,4000,11924588,13,0.3,1.35,false,3.1607956645316597,4.000540918,63.978939626,15.992572238952414
publication,equal-wall,external-retry,rosetta,35,4000088,16,16,16,122,1000000000,4000,11957530,13,0.3,1.35,false,1.8849844821407855,4.000496338,64.001053216,15.998278165652957
publication,equal-wall,external-single,rosetta,35,4000088,1,1,1,7,1000000000,4000,795613,13,0.3,1.35,false,1.8849844821407855,4.000147863,4.000306811,1.0000397355311463
publication,equal-wall,external-single,rosetta,36,4000089,1,1,1,10,1000000000,4000,803218,13,0.3,1.35,false,4.1783155976321975,4.000125814,3.9999981719999997,0.9999680905036654
publication,equal-wall,external-retry,rosetta,36,4000089,16,16,16,124,1000000000,4000,11977004,13,0.3,1.35,false,2.7596908890680303,4.000457918,64.000064466,15.998184652320093
publication,equal-wall,external-retry,rosetta,37,4000090,16,16,16,144,1000000000,4000,11874993,13,0.3,1.35,false,3.378331599922961,4.000439857,63.990732756,15.99592420919128
publication,equal-wall,external-single,rosetta,37,4000090,1,1,1,8,1000000000,4000,795886,13,0.3,1.35,false,5.361703939240908,4.000101945,4.000428201,1.0000815619212926
publication,equal-wall,external-single,rosetta,38,4000091,1,1,1,10,1000000000,4000,801814,13,0.3,1.35,false,7.199571912835696,4.000141365,3.999957271,0.9999539781264705
publication,equal-wall,external-retry,rosetta,38,4000091,16,16,16,137,1000000000,4000,11952031,13,0.3,1.35,false,2.530066460589336,4.0006472,63.995556806,15.9963009999982
publication,equal-wall,external-retry,rosetta,39,4000092,16,16,16,131,1000000000,4000,11879959,13,0.3,1.35,false,2.89588769602887,4.000800972,63.998604856,15.996448037255675
publication,equal-wall,external-single,rosetta,39,4000092,1,1,1,7,1000000000,4000,784251,13,0.3,1.35,false,4.199222680025293,4.000134035,4.000974081,1.000210004463013
publication,equal-wall,external-single,rosetta,40,4000093,1,1,1,11,1000000000,4000,806221,13,0.3,1.35,false,5.882608542447561,4.000186756,4.000018292,0.9999578859662622
publication,equal-wall,external-retry,rosetta,40,4000093,16,16,16,131,1000000000,4000,11899927,13,0.3,1.35,false,3.1665625132793225,4.00060048,63.983981385999996,15.993594388110456
publication,equal-wall,external-retry,rosetta,41,4000094,16,16,16,125,1000000000,4000,11885575,13,0.3,1.35,false,2.1346439608008274,4.000470869,63.996021016,15.997122116776499
publication,equal-wall,external-single,rosetta,41,4000094,1,1,1,10,1000000000,4000,800228,13,0.3,1.35,false,9.116301815282462,4.000190366,4.000861671,1.0001678182632772
publication,equal-wall,external-single,rosetta,42,4000095,1,1,1,10,1000000000,4000,811564,13,0.3,1.35,false,8.457571523442674,4.000176826,4.000017971,0.9999602880055284
publication,equal-wall,external-retry,rosetta,42,4000095,16,16,16,128,1000000000,4000,11951225,13,0.3,1.35,false,2.3069290505410978,4.00050985,63.997689566,15.997383325027933
publication,equal-wall,external-retry,rosetta,43,4000096,16,16,16,134,1000000000,4000,11868324,13,0.3,1.35,false,2.0222123030751735,4.000407099,64.000947996,15.998608744594668
publication,equal-wall,external-single,rosetta,43,4000096,1,1,1,7,1000000000,4000,792506,13,0.3,1.35,false,12.256041211961676,4.000135447,4.000086391,0.9999877364152665
publication,equal-wall,external-single,rosetta,44,4000097,1,1,1,9,1000000000,4000,797771,13,0.3,1.35,false,8.841772746359727,4.000141976,3.999083271,0.9997353331440854
publication,equal-wall,external-retry,rosetta,44,4000097,16,16,16,134,1000000000,4000,11859172,13,0.3,1.35,false,3.3245862257665695,4.00046436,63.986389382,15.99474051607349
publication,equal-wall,external-retry,rosetta,45,4000098,16,16,16,137,1000000000,4000,11908156,13,0.3,1.35,false,2.1766682778056095,4.000617461,64.000379896,15.99762549654082
publication,equal-wall,external-single,rosetta,45,4000098,1,1,1,10,1000000000,4000,785096,13,0.3,1.35,false,10.201566617112372,4.000174807,3.999816041,0.9999103124195042
publication,equal-wall,external-single,rosetta,46,4000099,1,1,1,9,1000000000,4000,787384,13,0.3,1.35,false,6.286551109484074,4.000175047,4.000014721,0.99995992025396
publication,equal-wall,external-retry,rosetta,46,4000099,16,16,16,124,1000000000,4000,11929333,13,0.3,1.35,false,2.4411361688245834,4.000573581,64.000382576,15.997801635235065
publication,equal-wall,external-retry,rosetta,47,4000100,16,16,16,126,1000000000,4000,11914006,13,0.3,1.35,false,4.08633620131791,4.00040107,63.998068946,15.997913165741654
publication,equal-wall,external-single,rosetta,47,4000100,1,1,1,9,1000000000,4000,800501,13,0.3,1.35,false,6.716446449155583,4.000154858,4.001185301,1.0002576007771147
publication,equal-wall,external-single,rosetta,48,4000101,1,1,1,10,1000000000,4000,791999,13,0.3,1.35,false,6.008083330860989,4.000109927,3.999376501,0.9998166485388191
publication,equal-wall,external-retry,rosetta,48,4000101,16,16,16,123,1000000000,4000,11947962,13,0.3,1.35,false,1.9030975798577683,4.000552042,63.996609722,15.996944684165667
publication,equal-wall,external-retry,rosetta,49,4000102,16,16,16,136,1000000000,4000,11890346,13,0.3,1.35,false,4.84223647678668,4.000459911,63.988524406,15.995291998815384
publication,equal-wall,external-single,rosetta,49,4000102,1,1,1,10,1000000000,4000,795977,13,0.3,1.35,false,8.041548366663408,4.000118607,3.999909681,0.9999477700487095
publication,equal-wall,external-single,rosetta,50,4000103,1,1,1,10,1000000000,4000,802165,13,0.3,1.35,false,6.324972564880083,4.000170568,3.999924771,0.9999385533702072
publication,equal-wall,external-retry,rosetta,50,4000103,16,16,16,126,1000000000,4000,11898718,13,0.3,1.35,false,3.4235494790118217,4.000409021,63.991791336,15.996312127104364
publication,equal-wall,external-retry,rosetta,51,4000104,16,16,16,134,1000000000,4000,11867219,13,0.3,1.35,false,4.483407669540693,4.000677904,63.997196896,15.996588186220553
publication,equal-wall,external-single,rosetta,51,4000104,1,1,1,8,1000000000,4000,805246,13,0.3,1.35,false,9.84181498617247,4.000189789,4.001057341,1.000216877709749
publication,equal-wall,external-single,rosetta,52,4000105,1,1,1,11,1000000000,4000,800488,13,0.3,1.35,false,7.712034750158199,4.000161219,3.999721011,0.9998899524354397
publication,equal-wall,external-retry,rosetta,52,4000105,16,16,16,144,1000000000,4000,11871964,13,0.3,1.35,false,1.3508346369733903,4.000618723,63.973542656,15.990912177711168
publication,equal-wall,external-retry,rosetta,53,4000106,16,16,16,136,1000000000,4000,11887941,13,0.3,1.35,false,2.2268832318118337,4.000455262,64.000471032,15.998296903838739
publication,equal-wall,external-single,rosetta,53,4000106,1,1,1,10,1000000000,4000,796601,13,0.3,1.35,false,6.8266899727804065,4.000151639,4.001358911,1.0003018065585887
publication,equal-wall,external-single,rosetta,54,4000107,1,1,1,7,1000000000,4000,804973,13,0.3,1.35,false,5.776051972574291,4.000128238,3.999926051,0.9999494548704515
publication,equal-wall,external-retry,rosetta,54,4000107,16,16,16,134,1000000000,4000,11956919,13,0.3,1.35,false,4.32267986925109,4.000457672,63.982155746,15.993708968307265
publication,equal-wall,external-retry,rosetta,55,4000108,16,16,16,135,1000000000,4000,11948846,13,0.3,1.35,false,2.638312905442141,4.000427902,64.000829506,15.998495929398704
publication,equal-wall,external-single,rosetta,55,4000108,1,1,1,8,1000000000,4000,798876,13,0.3,1.35,false,8.514095843592534,4.00016585,4.000683181,1.0001293273877632
publication,equal-wall,external-single,rosetta,56,4000109,1,1,1,11,1000000000,4000,803270,13,0.3,1.35,false,6.793957255604521,4.000111619,4.000040981,0.9999823409927701
publication,equal-wall,external-retry,rosetta,56,4000109,16,16,16,134,1000000000,4000,11914994,13,0.3,1.35,false,3.77393510099932,4.000479363,63.987138286,15.99486773455454
publication,equal-wall,external-retry,rosetta,57,4000110,16,16,16,136,1000000000,4000,11899641,13,0.3,1.35,false,3.0280774460271953,4.000445532,63.996980042,15.997463165060287
publication,equal-wall,external-single,rosetta,57,4000110,1,1,1,9,1000000000,4000,794092,13,0.3,1.35,false,4.431267079576743,4.000106689,4.000325481,1.0000546965411201
publication,equal-wall,external-single,rosetta,58,4000111,1,1,1,8,1000000000,4000,797966,13,0.3,1.35,false,4.177930264108918,4.000110039,3.999951761,0.9999604315885171
publication,equal-wall,external-retry,rosetta,58,4000111,16,16,16,131,1000000000,4000,11879218,13,0.3,1.35,false,3.1638968299065895,4.000489083,63.989678066,15.995463739152019
publication,equal-wall,external-retry,rosetta,59,4000112,16,16,16,134,1000000000,4000,11878789,13,0.3,1.35,false,1.9415761332578887,4.000474184,63.996377406,15.997197947672097
publication,equal-wall,external-single,rosetta,59,4000112,1,1,1,9,1000000000,4000,796458,13,0.3,1.35,false,9.060374971216381,4.000209861,4.000163771,0.9999884781044992
publication,equal-wall,external-single,rosetta,60,4000113,1,1,1,7,1000000000,4000,791349,13,0.3,1.35,false,7.337159682603514,4.000183282,3.999948831,0.9999413899355425
publication,equal-wall,external-retry,rosetta,60,4000113,16,16,16,130,1000000000,4000,11903333,13,0.3,1.35,false,2.0297741820711166,4.000491434,63.988857586,15.995249244170736
publication,equal-wall,external-retry,rosetta,61,4000114,16,16,16,131,1000000000,4000,11820627,13,0.3,1.35,false,2.6566007295297336,4.000441343,63.994586826,15.996881678562334
publication,equal-wall,external-single,rosetta,61,4000114,1,1,1,11,1000000000,4000,796107,13,0.3,1.35,false,9.64587053726837,4.000196691,4.000538052,1.0000853360537914
publication,equal-wall,external-single,rosetta,62,4000115,1,1,1,12,1000000000,4000,800436,13,0.3,1.35,false,4.215452839640791,4.000173471,3.999567511,0.9998485165694955
publication,equal-wall,external-retry,rosetta,62,4000115,16,16,16,137,1000000000,4000,11901708,13,0.3,1.35,false,3.216036127682286,4.000558654,63.977535026,15.992150236825399
publication,equal-wall,external-retry,rosetta,63,4000116,16,16,16,129,1000000000,4000,11783681,13,0.3,1.35,false,3.6308110954489017,4.000958049,63.994115026,15.994697830434562
publication,equal-wall,external-single,rosetta,63,4000116,1,1,1,8,1000000000,4000,804245,13,0.3,1.35,false,9.681294632862254,4.000162881,4.000349311,1.0000466056022084
publication,equal-wall,external-single,rosetta,64,4000117,1,1,1,9,1000000000,4000,800007,13,0.3,1.35,false,4.77285012736063,4.000158291,4.000036841,0.99996963870148
publication,equal-wall,external-retry,rosetta,64,4000117,16,16,16,132,1000000000,4000,11914409,13,0.3,1.35,false,1.9295206296091414,4.000785607,64.000603146,15.99700894594825
publication,equal-wall,external-retry,rosetta,65,4000118,16,16,16,141,1000000000,4000,11914461,13,0.3,1.35,false,1.7573495013543026,4.000494495,64.000524306,15.998153324792915
publication,equal-wall,external-single,rosetta,65,4000118,1,1,1,8,1000000000,4000,799448,13,0.3,1.35,false,6.150899207432476,4.00013339,4.000160322,1.0000067327754787
publication,equal-wall,external-single,rosetta,66,4000119,1,1,1,8,1000000000,4000,802750,13,0.3,1.35,false,7.9425126602855265,4.000114421,3.999249751,0.9997838386833484
publication,equal-wall,external-retry,rosetta,66,4000119,16,16,16,138,1000000000,4000,11911718,13,0.3,1.35,false,3.8696006325617835,4.000514275,63.992510476,15.996071024143516
publication,equal-wall,external-retry,rosetta,67,4000120,16,16,16,134,1000000000,4000,11822824,13,0.3,1.35,false,3.625162830645928,4.000513126,63.991985475999996,15.995944385260339
publication,equal-wall,external-single,rosetta,67,4000120,1,1,1,11,1000000000,4000,782119,13,0.3,1.35,false,6.594342804209925,4.000159241,4.000516041,1.000089196449067
publication,equal-wall,external-single,rosetta,68,4000121,1,1,1,11,1000000000,4000,810836,13,0.3,1.35,false,7.643295662349806,4.000143942,3.999892161,0.9999370570150348
publication,equal-wall,external-retry,rosetta,68,4000121,16,16,16,133,1000000000,4000,11935872,13,0.3,1.35,false,2.9538246745077212,4.000481016,63.999397736,15.997925619452557
publication,equal-wall,external-retry,rosetta,69,4000122,16,16,16,128,1000000000,4000,11932310,13,0.3,1.35,false,1.9381643572278764,4.000401275,63.993289066,15.99671749579672
publication,equal-wall,external-single,rosetta,69,4000122,1,1,1,9,1000000000,4000,797420,13,0.3,1.35,false,6.876263376547869,4.000175472,4.000788581,1.0001532705263287
publication,equal-wall,external-single,rosetta,70,4000123,1,1,1,9,1000000000,4000,797667,13,0.3,1.35,false,5.834025611712272,4.000155562,4.000062242,0.9999766709072802
publication,equal-wall,external-retry,rosetta,70,4000123,16,16,16,133,1000000000,4000,11939889,13,0.3,1.35,false,2.6674164677984473,4.000452835,63.996869036,15.997406212639426
publication,equal-wall,external-retry,rosetta,71,4000124,16,16,16,142,1000000000,4000,11853426,13,0.3,1.35,false,2.351522827594215,4.000519736,64.000959026,15.998161051441942
publication,equal-wall,external-single,rosetta,71,4000124,1,1,1,9,1000000000,4000,792298,13,0.3,1.35,false,8.060201451611135,4.000158622,4.000218361,1.0000149341577786
publication,equal-wall,external-single,rosetta,72,4000125,1,1,1,9,1000000000,4000,805350,13,0.3,1.35,false,6.79975456503792,4.000142072,3.999978711,0.9999591612005124
publication,equal-wall,external-retry,rosetta,72,4000125,16,16,16,140,1000000000,4000,11931413,13,0.3,1.35,false,2.0456004979436693,4.000562447,63.993109916,15.996028249474792
publication,equal-wall,external-retry,rosetta,73,4000126,16,16,16,136,1000000000,4000,11837306,13,0.3,1.35,false,2.2594163911321825,4.002054362,63.996734736,15.99097087327371
publication,equal-wall,external-single,rosetta,73,4000126,1,1,1,9,1000000000,4000,787865,13,0.3,1.35,false,8.580964264258178,4.000126072,4.000649141,1.0001307631286078
publication,equal-wall,external-single,rosetta,74,4000127,1,1,1,10,1000000000,4000,803452,13,0.3,1.35,false,7.883013583980781,4.000112672,3.999983112,0.9999676109123358
publication,equal-wall,external-retry,rosetta,74,4000127,16,16,16,136,1000000000,4000,11896833,13,0.3,1.35,false,1.6394954898993261,4.000584477,63.994523086,15.996293405104865
publication,equal-wall,external-retry,rosetta,75,4000128,16,16,16,131,1000000000,4000,11890580,13,0.3,1.35,false,3.025558706918363,4.000372555,63.990287376,15.996081988918654
publication,equal-wall,external-single,rosetta,75,4000128,1,1,1,9,1000000000,4000,799877,13,0.3,1.35,false,3.025558706918363,4.000142342,4.000660601,1.0001295601395375
publication,equal-wall,external-single,rosetta,76,4000129,1,1,1,11,1000000000,4000,803530,13,0.3,1.35,false,5.2225512420415585,4.000159043,3.999966091,0.9999517639179029
publication,equal-wall,external-retry,rosetta,76,4000129,16,16,16,133,1000000000,4000,11935612,13,0.3,1.35,false,2.1346591963991086,4.000566217,64.000206996,15.99778719423206
publication,equal-wall,external-retry,rosetta,77,4000130,16,16,16,136,1000000000,4000,11958778,13,0.3,1.35,false,2.4506482738440414,4.000423976,63.999800596,15.998254430019943
publication,equal-wall,external-single,rosetta,77,4000130,1,1,1,8,1000000000,4000,809458,13,0.3,1.35,false,6.981275870452986,4.000082772,4.000595371,1.0001281470982522
publication,equal-wall,external-single,rosetta,78,4000131,1,1,1,8,1000000000,4000,804531,13,0.3,1.35,false,6.26923442892604,4.000206203,4.000010901,0.9999511770168612
publication,equal-wall,external-retry,rosetta,78,4000131,16,16,16,134,1000000000,4000,11946480,13,0.3,1.35,false,2.1761351501167505,4.001254815,63.997819202,15.994437285544384
publication,equal-wall,external-retry,rosetta,79,4000132,16,16,16,125,1000000000,4000,11806561,13,0.3,1.35,false,3.323705690432838,4.000399716,63.987331496,15.995234486213025
publication,equal-wall,external-single,rosetta,79,4000132,1,1,1,9,1000000000,4000,796926,13,0.3,1.35,false,8.63181016153984,4.000161273,4.000498401,1.0000842786020343
publication,equal-wall,external-single,rosetta,80,4000133,1,1,1,10,1000000000,4000,807157,13,0.3,1.35,false,9.199847224034107,4.000173084,3.9998444810000002,0.9999178528045913
publication,equal-wall,external-retry,rosetta,80,4000133,16,16,16,129,1000000000,4000,11936210,13,0.3,1.35,false,3.1754253354330824,4.000490887,63.992921306,15.996267236591258
publication,equal-wall,external-retry,rosetta,81,4000134,16,16,16,136,1000000000,4000,11893388,13,0.3,1.35,false,2.3132053205143235,4.000422096,63.997962846,15.997802559382723
publication,equal-wall,external-single,rosetta,81,4000134,1,1,1,9,1000000000,4000,787332,13,0.3,1.35,false,9.038169019091113,4.000135614,3.998945021,0.9997023618409752
publication,equal-wall,external-single,rosetta,82,4000135,1,1,1,9,1000000000,4000,811486,13,0.3,1.35,false,6.549523279047059,4.000144863,3.999983951,0.9999597734568344
publication,equal-wall,external-retry,rosetta,82,4000135,16,16,16,128,1000000000,4000,11965564,13,0.3,1.35,false,2.09590867468057,4.000483707,63.996966332,15.997307080645985
publication,equal-wall,external-retry,rosetta,83,4000136,16,16,16,138,1000000000,4000,11873095,13,0.3,1.35,false,2.9714784701300934,4.000401227,63.990925306,15.9961268070074
publication,equal-wall,external-single,rosetta,83,4000136,1,1,1,8,1000000000,4000,814905,13,0.3,1.35,false,4.586890203238015,4.000158324,4.000541051,1.0000956779629706
publication,equal-wall,external-single,rosetta,84,4000137,1,1,1,10,1000000000,4000,810329,13,0.3,1.35,false,8.053784935479369,4.000116086,4.000012791,0.999974176999422
publication,equal-wall,external-retry,rosetta,84,4000137,16,16,16,137,1000000000,4000,11890970,13,0.3,1.35,false,1.9018737946994546,4.000531328,63.994000736,15.996375353469046
publication,equal-wall,external-retry,rosetta,85,4000138,16,16,16,132,1000000000,4000,11862604,13,0.3,1.35,false,4.0798633411084655,4.000404833,63.994558026,15.997020476052404
publication,equal-wall,external-single,rosetta,85,4000138,1,1,1,9,1000000000,4000,801593,13,0.3,1.35,false,6.2029439770651305,4.000184142,4.000447181,1.0000657567228564
publication,equal-wall,external-single,rosetta,86,4000139,1,1,1,6,1000000000,4000,806936,13,0.3,1.35,false,9.563003639157614,4.000184572,3.999853961,0.9999173510636697
publication,equal-wall,external-retry,rosetta,86,4000139,16,16,16,126,1000000000,4000,11969685,13,0.3,1.35,false,2.6542579524446785,4.000495426,63.998824796,15.997724776801183
publication,equal-wall,external-retry,rosetta,87,4000140,16,16,16,133,1000000000,4000,11702756,13,0.3,1.35,false,1.8860902637825334,4.000437837,63.980961532,15.993489747607345
publication,equal-wall,external-single,rosetta,87,4000140,1,1,1,8,1000000000,4000,800579,13,0.3,1.35,false,8.580675198919225,4.000154295,4.000330721,1.0000441047987125
publication,equal-wall,external-single,rosetta,88,4000141,1,1,1,11,1000000000,4000,806663,13,0.3,1.35,false,9.423567177522795,4.000198468,4.000092721,0.9999735645616471
publication,equal-wall,external-retry,rosetta,88,4000141,16,16,16,133,1000000000,4000,11958388,13,0.3,1.35,false,1.7597233670419627,4.000511905,63.993498926,15.996327581482351
publication,equal-wall,external-retry,rosetta,89,4000142,16,16,16,136,1000000000,4000,11873056,13,0.3,1.35,false,1.9147332348755155,4.000398836,63.997839146,15.997864655413075
publication,equal-wall,external-single,rosetta,89,4000142,1,1,1,9,1000000000,4000,797303,13,0.3,1.35,false,9.083040527164405,4.000124796,4.000924201,1.0001998450150356
publication,equal-wall,external-single,rosetta,90,4000143,1,1,1,11,1000000000,4000,794534,13,0.3,1.35,false,10.87752752504751,4.00018009,4.000044891,0.9999662017716808
publication,equal-wall,external-retry,rosetta,90,4000143,16,16,16,138,1000000000,4000,11926460,13,0.3,1.35,false,1.7588906556961024,4.000561928,63.994006416,15.996254418186824
publication,equal-wall,external-retry,rosetta,91,4000144,16,16,16,134,1000000000,4000,11934390,13,0.3,1.35,false,3.834602964875725,4.000424562,64.000754392,15.998490510218002
publication,equal-wall,external-single,rosetta,91,4000144,1,1,1,9,1000000000,4000,795561,13,0.3,1.35,false,3.9882047824898343,4.000110512,4.000355751,1.0000613080561809
publication,equal-wall,external-single,rosetta,92,4000145,1,1,1,9,1000000000,4000,799552,13,0.3,1.35,false,8.455268170599187,4.000147727,3.9997911310000003,0.9999108542923071
publication,equal-wall,external-retry,rosetta,92,4000145,16,16,16,131,1000000000,4000,11910964,13,0.3,1.35,false,3.606910336311711,4.000518888,64.000228436,15.9979818188025
publication,equal-wall,external-retry,rosetta,93,4000146,16,16,16,136,1000000000,4000,11825099,13,0.3,1.35,false,4.7969869037326855,4.000402221,63.996680196,15.997561410213006
publication,equal-wall,external-single,rosetta,93,4000146,1,1,1,6,1000000000,4000,790868,13,0.3,1.35,false,7.275822791065126,4.000133224,4.000764891,1.0001579114906
publication,equal-wall,external-single,rosetta,94,4000147,1,1,1,11,1000000000,4000,805350,13,0.3,1.35,false,5.231051759621461,4.000115001,3.999869091,0.9999385242674426
publication,equal-wall,external-retry,rosetta,94,4000147,16,16,16,130,1000000000,4000,11945232,13,0.3,1.35,false,4.195363735472219,4.000510032,63.994975956,15.996704281230507
publication,equal-wall,external-retry,rosetta,95,4000148,16,16,16,134,1000000000,4000,11855558,13,0.3,1.35,false,4.245756560755592,4.000400378,63.986233076,15.994957261750363
publication,equal-wall,external-single,rosetta,95,4000148,1,1,1,9,1000000000,4000,791076,13,0.3,1.35,false,4.580963404367058,4.000123262,4.000450872,1.0000818999762113
publication,equal-wall,external-single,rosetta,96,4000149,1,1,1,10,1000000000,4000,804518,13,0.3,1.35,false,5.724516041659508,4.00018131,4.000006491,0.9999562972309372
publication,equal-wall,external-retry,rosetta,96,4000149,16,16,16,132,1000000000,4000,11965928,13,0.3,1.35,false,2.417128274741229,4.000468752,64.000430576,15.998232843089585
publication,equal-wall,external-retry,rosetta,97,4000150,16,16,16,126,1000000000,4000,11740833,13,0.3,1.35,false,2.5813627195114166,4.00042292,63.991758976,15.996248460650255
publication,equal-wall,external-single,rosetta,97,4000150,1,1,1,7,1000000000,4000,785148,13,0.3,1.35,false,3.3166725556434478,4.000127115,4.000471361,1.00008605876516
publication,equal-wall,external-single,rosetta,98,4000151,1,1,1,11,1000000000,4000,797927,13,0.3,1.35,false,8.24101899640583,4.000106324,4.000000521,0.9999735499530686
publication,equal-wall,external-retry,rosetta,98,4000151,16,16,16,144,1000000000,4000,11961508,13,0.3,1.35,false,3.1880030969972895,4.000588689,63.983065196,15.99341251249536
publication,equal-wall,external-retry,rosetta,99,4000152,16,16,16,128,1000000000,4000,11879361,13,0.3,1.35,false,3.325337154516488,4.000452907,64.000257106,15.998252846324535
publication,equal-wall,external-single,rosetta,99,4000152,1,1,1,9,1000000000,4000,804622,13,0.3,1.35,false,9.227210750832652,4.000145094,4.000414052,1.0000672370610766
publication,equal-wall,external-single,rosetta,100,4000153,1,1,1,7,1000000000,4000,811629,13,0.3,1.35,false,5.875792394402138,4.000185614,4.000038141,0.9999631334607364
publication,equal-wall,external-retry,rosetta,100,4000153,16,16,16,128,1000000000,4000,11836799,13,0.3,1.35,false,2.1046222744381353,4.000444538,63.998504686,15.9978482586327
publication,equal-wall,external-retry,tandem,1,6000060,16,16,16,204,1000000000,4000,12407268,12,0.3,-1493.0,false,-487.06513986957856,4.000494624,64.000030386,15.998029344183417
publication,equal-wall,external-single,tandem,1,6000060,1,1,1,10,1000000000,4000,651996,12,0.3,-1493.0,false,-50.193781210175004,4.000160362,4.000467142,1.0000766919253823
publication,equal-wall,external-single,tandem,2,6000061,1,1,1,18,1000000000,4000,933564,12,0.3,-1493.0,false,-279.7550475884577,4.000155074,3.999764141,0.9999022705388245
publication,equal-wall,external-retry,tandem,2,6000061,16,16,16,216,1000000000,4000,12697320,12,0.3,-1493.0,false,-527.8723751419537,4.000487449,64.000649196,15.998212720801861
publication,equal-wall,external-retry,tandem,3,6000062,16,16,16,234,1000000000,4000,12963108,12,0.3,-1493.0,false,-606.3658396442963,4.000474081,63.998175056,15.997647718792956
publication,equal-wall,external-single,tandem,3,6000062,1,1,1,13,1000000000,4000,773592,12,0.3,-1493.0,false,-208.12875527914144,4.00013393,4.000474991,1.000085262395202
publication,equal-wall,external-single,tandem,4,6000063,1,1,1,10,1000000000,4000,711696,12,0.3,-1493.0,false,-91.54878216167593,4.000133912,3.999805221,0.9999178300008872
publication,equal-wall,external-retry,tandem,4,6000063,16,16,16,214,1000000000,4000,12529176,12,0.3,-1493.0,false,-621.5056707910254,4.000456878,64.000455006,15.998286435222512
publication,equal-wall,external-retry,tandem,5,6000064,16,16,16,214,1000000000,4000,12530892,12,0.3,-1493.0,false,-537.444418076104,4.000427219,63.989374526,15.99563522167906
publication,equal-wall,external-single,tandem,5,6000064,1,1,1,12,1000000000,4000,721572,12,0.3,-1493.0,false,-48.14282901144347,4.000087189,3.999867181,0.9999449991988661
publication,equal-wall,external-single,tandem,6,6000065,1,1,1,18,1000000000,4000,953112,12,0.3,-1493.0,false,-238.9631981045765,4.000119781,3.999369552,0.9998124483662805
publication,equal-wall,external-retry,tandem,6,6000065,16,16,16,239,1000000000,4000,13231848,12,0.3,-1493.0,false,-643.6502330751352,4.000444707,63.997884586,15.997692575032008
publication,equal-wall,external-retry,tandem,7,6000066,16,16,16,226,1000000000,4000,13004916,12,0.3,-1493.0,false,-574.6918313194435,4.00042284,63.999048426,15.998070950419832
publication,equal-wall,external-single,tandem,7,6000066,1,1,1,14,1000000000,4000,796236,12,0.3,-1493.0,false,-244.6355340672264,4.000137189,4.000360551,1.0000558385848901
publication,equal-wall,external-single,tandem,8,6000067,1,1,1,13,1000000000,4000,809592,12,0.3,-1493.0,false,-43.88876280536383,4.000174902,4.000064511,0.9999724034566725
publication,equal-wall,external-retry,tandem,8,6000067,16,16,16,226,1000000000,4000,12669600,12,0.3,-1493.0,false,-404.4606784483581,4.000383987,63.992210196,15.996516935362886
publication,equal-wall,external-retry,tandem,9,6000068,16,16,16,219,1000000000,4000,12954672,12,0.3,-1493.0,false,-465.28195245084555,4.000467351,64.000335046,15.998214566106078
publication,equal-wall,external-single,tandem,9,6000068,1,1,1,12,1000000000,4000,780744,12,0.3,-1493.0,false,-144.5756142359038,4.00013294,4.000018191,0.9999713137033889
publication,equal-wall,external-single,tandem,10,6000069,1,1,1,13,1000000000,4000,792444,12,0.3,-1493.0,false,-566.6632523712364,4.000169643,3.999846222,0.9999191481789862
publication,equal-wall,external-retry,tandem,10,6000069,16,16,16,224,1000000000,4000,12989400,12,0.3,-1493.0,false,-566.6632523712364,4.00048683,63.998921366,15.997783291290075
publication,equal-wall,external-retry,tandem,11,6000070,16,16,16,215,1000000000,4000,12873564,12,0.3,-1493.0,false,-484.23037191520876,4.000436692,64.000045056,15.998264685449497
publication,equal-wall,external-single,tandem,11,6000070,1,1,1,13,1000000000,4000,876324,12,0.3,-1493.0,false,-128.58590463978348,4.000174293,4.000730361,1.0001390109428414
publication,equal-wall,external-single,tandem,12,6000071,1,1,1,19,1000000000,4000,948300,12,0.3,-1493.0,false,-56.47511325896819,4.000141445,4.000037571,0.9999740324182462
publication,equal-wall,external-retry,tandem,12,6000071,16,16,16,237,1000000000,4000,12758376,12,0.3,-1493.0,false,-382.8529272237108,4.000461592,63.997589586,15.997551311073805
publication,equal-wall,external-retry,tandem,13,6000072,16,16,16,225,1000000000,4000,12939156,12,0.3,-1493.0,false,-896.5364624419892,4.000477845,63.996018136,15.99709350121398
publication,equal-wall,external-single,tandem,13,6000072,1,1,1,13,1000000000,4000,813948,12,0.3,-1493.0,false,-34.299200184179774,4.000144515,4.000537231,1.0000981754530436
publication,equal-wall,external-single,tandem,14,6000073,1,1,1,18,1000000000,4000,920124,12,0.3,-1493.0,false,-13.053107191315426,4.000163838,3.999975971,0.9999530351736559
publication,equal-wall,external-retry,tandem,14,6000073,16,16,16,234,1000000000,4000,12923052,12,0.3,-1493.0,false,-570.4133310277595,4.000405594,63.996869212,15.997595170846068
publication,equal-wall,external-retry,tandem,15,6000074,16,16,16,220,1000000000,4000,12713904,12,0.3,-1493.0,false,-1359.312944600271,4.000444589,63.998552156,15.997859920863911
publication,equal-wall,external-single,tandem,15,6000074,1,1,1,16,1000000000,4000,943608,12,0.3,-1493.0,false,-346.41179723193324,4.000143928,4.000132911,0.9999972458490998
publication,equal-wall,external-single,tandem,16,6000075,1,1,1,14,1000000000,4000,854232,12,0.3,-1493.0,false,-491.49535686495534,4.000138882,4.000003941,0.9999662659212641
publication,equal-wall,external-retry,tandem,16,6000075,16,16,16,218,1000000000,4000,12867408,12,0.3,-1493.0,false,-496.2565518472958,4.000383948,63.996839386,15.997674277739103
publication,equal-wall,external-retry,tandem,17,6000076,16,16,16,210,1000000000,4000,12384840,12,0.3,-1493.0,false,-562.5751318344163,4.000422157,63.986552246,15.994949966476751
publication,equal-wall,external-single,tandem,17,6000076,1,1,1,15,1000000000,4000,851964,12,0.3,-1493.0,false,-69.15239994516153,4.000108073,4.000407951,1.00007496747451
publication,equal-wall,external-single,tandem,18,6000077,1,1,1,15,1000000000,4000,814356,12,0.3,-1493.0,false,-140.4291964311899,4.000177677,3.999989991,0.9999530805841254
publication,equal-wall,external-retry,tandem,18,6000077,16,16,16,225,1000000000,4000,12607548,12,0.3,-1493.0,false,-620.8128374864856,4.000385744,63.998664252,15.998123267984528
publication,equal-wall,external-retry,tandem,19,6000078,16,16,16,227,1000000000,4000,12811248,12,0.3,-1493.0,false,-1145.8954620050897,4.000435807,63.997719706,15.99768695051079
publication,equal-wall,external-single,tandem,19,6000078,1,1,1,18,1000000000,4000,924120,12,0.3,-1493.0,false,-114.63052394319202,4.000111128,4.000060271,0.9999872861032173
publication,equal-wall,external-single,tandem,20,6000079,1,1,1,17,1000000000,4000,801372,12,0.3,-1493.0,false,-115.86211919959361,4.000119542,4.000038441,0.9999797253559178
publication,equal-wall,external-retry,tandem,20,6000079,16,16,16,229,1000000000,4000,12744816,12,0.3,-1493.0,false,-546.0648267939566,4.00046954,63.997976726,15.997616301310469
publication,equal-wall,external-retry,tandem,21,6000080,16,16,16,212,1000000000,4000,12190188,12,0.3,-1493.0,false,-640.8326765655206,4.000476023,63.989256806,15.995410655658365
publication,equal-wall,external-single,tandem,21,6000080,1,1,1,15,1000000000,4000,832728,12,0.3,-1493.0,false,-114.2239357550122,4.000096474,4.000756781,1.0001650727686924
publication,equal-wall,external-single,tandem,22,6000081,1,1,1,17,1000000000,4000,960624,12,0.3,-1493.0,false,-202.76778975050263,4.000104708,4.000024661,0.9999799887738339
publication,equal-wall,external-retry,tandem,22,6000081,16,16,16,242,1000000000,4000,13558560,12,0.3,-1493.0,false,-570.6993655986266,4.000361315,63.999987286,15.998551692323822
publication,equal-wall,external-retry,tandem,23,6000082,16,16,16,220,1000000000,4000,12974016,12,0.3,-1493.0,false,-593.7044653772339,4.000563321,63.997545182,15.997133415201857
publication,equal-wall,external-single,tandem,23,6000082,1,1,1,15,1000000000,4000,843780,12,0.3,-1493.0,false,-132.6241161086718,4.00013469,4.000663111,1.0001321008018356
publication,equal-wall,external-single,tandem,24,6000083,1,1,1,19,1000000000,4000,935544,12,0.3,-1493.0,false,-297.35608946531295,4.000198326,3.999691341,0.9998732600339577
publication,equal-wall,external-retry,tandem,24,6000083,16,16,16,214,1000000000,4000,12655464,12,0.3,-1493.0,false,-480.56538607300826,4.000370202,63.990999546,15.996269423766694
publication,equal-wall,external-retry,tandem,25,6000084,16,16,16,221,1000000000,4000,12681144,12,0.3,-1493.0,false,-431.5158854278682,4.000458338,63.999598766,15.998066561042137
publication,equal-wall,external-single,tandem,25,6000084,1,1,1,8,1000000000,4000,615084,12,0.3,-1493.0,false,-29.425568931065637,4.000152048,4.000512031,1.0000899923292117
publication,equal-wall,external-single,tandem,26,6000085,1,1,1,15,1000000000,4000,768612,12,0.3,-1493.0,false,-34.511259401961205,4.000130203,3.999872271,0.9999355190989017
publication,equal-wall,external-retry,tandem,26,6000085,16,16,16,227,1000000000,4000,12778344,12,0.3,-1493.0,false,-846.4929867525092,4.00040325,64.000153056,15.998425422737071
publication,equal-wall,external-retry,tandem,27,6000086,16,16,16,237,1000000000,4000,12802968,12,0.3,-1493.0,false,-397.269595285291,4.000489315,63.983030742,15.993801183793437
publication,equal-wall,external-single,tandem,27,6000086,1,1,1,15,1000000000,4000,859500,12,0.3,-1493.0,false,-20.275044271745585,4.000182186,4.001105171,1.0002307357407945
publication,equal-wall,external-single,tandem,28,6000087,1,1,1,13,1000000000,4000,809532,12,0.3,-1493.0,false,-186.25212106578368,4.000113091,3.9999880709999998,0.9999687458836397
publication,equal-wall,external-retry,tandem,28,6000087,16,16,16,234,1000000000,4000,12933984,12,0.3,-1493.0,false,-472.40375565320943,4.00053441,63.999993556,15.997861034771102
publication,equal-wall,external-retry,tandem,29,6000088,16,16,16,234,1000000000,4000,13098948,12,0.3,-1493.0,false,-896.5581870912113,4.000474192,63.999096396,15.997877582608336
publication,equal-wall,external-single,tandem,29,6000088,1,1,1,15,1000000000,4000,949212,12,0.3,-1493.0,false,-23.279347283312497,4.000122195,4.000319651,1.0000493624920375
publication,equal-wall,external-single,tandem,30,6000089,1,1,1,17,1000000000,4000,916620,12,0.3,-1493.0,false,-60.984425333576304,4.00013876,4.000007121,0.9999670913915998
publication,equal-wall,external-retry,tandem,30,6000089,16,16,16,238,1000000000,4000,13153716,12,0.3,-1493.0,false,-368.00881798909825,4.000466538,63.999733256,15.998067387409302
publication,equal-wall,external-retry,tandem,31,6000090,16,16,16,210,1000000000,4000,12445296,12,0.3,-1493.0,false,-469.8975603034533,4.000433993,64.000767696,15.998456119508331
publication,equal-wall,external-single,tandem,31,6000090,1,1,1,20,1000000000,4000,946392,12,0.3,-1493.0,false,-74.76117809245592,4.000191126,4.000415682,1.0000561363177225
publication,equal-wall,external-single,tandem,32,6000091,1,1,1,16,1000000000,4000,932508,12,0.3,-1493.0,false,-38.28224936511964,4.00015618,3.999961841,0.9999514171469175
publication,equal-wall,external-retry,tandem,32,6000091,16,16,16,233,1000000000,4000,13049844,12,0.3,-1493.0,false,-506.3495337582915,4.000430458,64.000258296,15.998342920325799
publication,equal-wall,external-retry,tandem,33,6000092,16,16,16,219,1000000000,4000,12885156,12,0.3,-1493.0,false,-413.08548567703264,4.000478493,63.999989316,15.99808358624764
publication,equal-wall,external-single,tandem,33,6000092,1,1,1,15,1000000000,4000,810432,12,0.3,-1493.0,false,-16.374749023441275,4.000171965,4.000077951,0.9999764975104014
publication,equal-wall,external-single,tandem,34,6000093,1,1,1,9,1000000000,4000,656952,12,0.3,-1493.0,false,-8.96093601330955,4.00016075,3.999653791,0.999873265343149
publication,equal-wall,external-retry,tandem,34,6000093,16,16,16,215,1000000000,4000,12540528,12,0.3,-1493.0,false,-1363.6207242572868,4.000375788,63.999345326,15.998333336078073
publication,equal-wall,external-retry,tandem,35,6000094,16,16,16,232,1000000000,4000,13333212,12,0.3,-1493.0,false,-500.36530430095917,4.000476023,64.000880696,15.998316282372079
publication,equal-wall,external-single,tandem,35,6000094,1,1,1,13,1000000000,4000,898800,12,0.3,-1493.0,false,-130.09418019642632,4.000098356,3.9999609720000002,0.9999656548445132
publication,equal-wall,external-single,tandem,36,6000095,1,1,1,14,1000000000,4000,795204,12,0.3,-1493.0,false,-57.37038981707033,4.000172281,3.999669621,0.9998743404121897
publication,equal-wall,external-retry,tandem,36,6000095,16,16,16,227,1000000000,4000,13247088,12,0.3,-1493.0,false,-443.94051746533023,4.000425459,63.998268356,15.997865480037683
publication,equal-wall,external-retry,tandem,37,6000096,16,16,16,225,1000000000,4000,12741696,12,0.3,-1493.0,false,-354.4305927259583,4.000405635,63.998976186,15.998121696976362
publication,equal-wall,external-single,tandem,37,6000096,1,1,1,21,1000000000,4000,927912,12,0.3,-1493.0,false,-230.63604718956083,4.000183827,4.000392581,1.0000521861016964
publication,equal-wall,external-single,tandem,38,6000097,1,1,1,16,1000000000,4000,856380,12,0.3,-1493.0,false,-57.525047871389795,4.000160362,4.000045141,0.9999711959047707
publication,equal-wall,external-retry,tandem,38,6000097,16,16,16,209,1000000000,4000,12266676,12,0.3,-1493.0,false,-532.1682053980319,4.000442021,63.994754516,15.996920885258346
publication,equal-wall,external-retry,tandem,39,6000098,16,16,16,236,1000000000,4000,13236444,12,0.3,-1493.0,false,-436.98084717474444,4.000457507,64.000757176,15.998359453640358
publication,equal-wall,external-single,tandem,39,6000098,1,1,1,17,1000000000,4000,941784,12,0.3,-1493.0,false,-271.7889217679271,4.000150789,3.999240361,0.9997724015798345
publication,equal-wall,external-single,tandem,40,6000099,1,1,1,12,1000000000,4000,806904,12,0.3,-1493.0,false,-12.691693386673899,4.000129854,3.999726402,0.9998991402742597
publication,equal-wall,external-retry,tandem,40,6000099,16,16,16,219,1000000000,4000,12651264,12,0.3,-1493.0,false,-636.3397262282274,4.000523383,63.999707756,15.997833690452397
publication,equal-wall,external-retry,tandem,41,6000100,16,16,16,217,1000000000,4000,12248100,12,0.3,-1493.0,false,-1351.338538138934,4.000384059,63.996246976,15.997525745564921
publication,equal-wall,external-single,tandem,41,6000100,1,1,1,10,1000000000,4000,692412,12,0.3,-1493.0,false,-1351.338538138934,4.000130891,4.000563251,1.0001080864631136
publication,equal-wall,external-single,tandem,42,6000101,1,1,1,17,1000000000,4000,962532,12,0.3,-1493.0,false,-236.10595688751954,4.000118666,4.000022161,0.9999758744657203
publication,equal-wall,external-retry,tandem,42,6000101,16,16,16,219,1000000000,4000,12884940,12,0.3,-1493.0,false,-495.48696633899476,4.000489606,63.998705176,15.997718149301948
publication,equal-wall,external-retry,tandem,43,6000102,16,16,16,228,1000000000,4000,13018944,12,0.3,-1493.0,false,-589.9551756940735,4.000422711,63.993538546,15.996694141855652
publication,equal-wall,external-single,tandem,43,6000102,1,1,1,18,1000000000,4000,945180,12,0.3,-1493.0,false,-513.2267004535192,4.000153014,4.000467691,1.0000786662407408
publication,equal-wall,external-single,tandem,44,6000103,1,1,1,13,1000000000,4000,892272,12,0.3,-1493.0,false,-185.28699958978683,4.000181381,4.000042792,0.9999653543210171
publication,equal-wall,external-retry,tandem,44,6000103,16,16,16,229,1000000000,4000,13062792,12,0.3,-1493.0,false,-502.81402350531283,4.000504759,63.998287756,15.997553211759596
publication,equal-wall,external-retry,tandem,45,6000104,16,16,16,219,1000000000,4000,12749256,12,0.3,-1493.0,false,-643.9060546509019,4.000490756,64.000717976,15.998216688792672
publication,equal-wall,external-single,tandem,45,6000104,1,1,1,14,1000000000,4000,854412,12,0.3,-1493.0,false,-100.63078086540986,4.000164148,4.000320701,1.0000391366439496
publication,equal-wall,external-single,tandem,46,6000105,1,1,1,14,1000000000,4000,779748,12,0.3,-1493.0,false,-12.209239962198723,4.000126694,4.000017131,0.9999726101175334
publication,equal-wall,external-retry,tandem,46,6000105,16,16,16,227,1000000000,4000,12825768,12,0.3,-1493.0,false,-398.9529998070135,4.000435812,64.000450656,15.998369593637664
publication,equal-wall,external-retry,tandem,47,6000106,16,16,16,196,1000000000,4000,12193368,12,0.3,-1493.0,false,-339.8773334624097,4.000365178,63.992630976,15.996697333515286
publication,equal-wall,external-single,tandem,47,6000106,1,1,1,10,1000000000,4000,709620,12,0.3,-1493.0,false,-111.7269903519056,4.000126752,4.000374331,1.0000618927887412
publication,equal-wall,external-single,tandem,48,6000107,1,1,1,17,1000000000,4000,960984,12,0.3,-1493.0,false,-150.1746674900648,4.000132058,3.999917891,0.9999464600175957
publication,equal-wall,external-retry,tandem,48,6000107,16,16,16,202,1000000000,4000,12234672,12,0.3,-1493.0,false,-275.97642518265565,4.000482498,64.001680012,15.998490193119698
publication,equal-wall,external-retry,tandem,49,6000108,16,16,16,224,1000000000,4000,12869376,12,0.3,-1493.0,false,-590.3907160834788,4.000442093,63.995205486,15.9970333273863
publication,equal-wall,external-single,tandem,49,6000108,1,1,1,19,1000000000,4000,910068,12,0.3,-1493.0,false,-35.182618454897614,4.000117726,3.999835071,0.999929338329679
publication,equal-wall,external-single,tandem,50,6000109,1,1,1,15,1000000000,4000,860772,12,0.3,-1493.0,false,-104.94750781023659,4.000125372,3.999447751,0.9998306000595022
publication,equal-wall,external-retry,tandem,50,6000109,16,16,16,197,1000000000,4000,11801520,12,0.3,-1493.0,false,-595.8161049636459,4.000410481,63.975965406,15.992350212523101
publication,equal-wall,external-retry,tandem,51,6000110,16,16,16,219,1000000000,4000,12695172,12,0.3,-1493.0,false,-581.3903862219412,4.000463568,63.996646706,15.997307716514118
publication,equal-wall,external-single,tandem,51,6000110,1,1,1,16,1000000000,4000,885240,12,0.3,-1493.0,false,-111.54492904588389,4.000137741,3.999908361,0.9999426569746216
publication,equal-wall,external-single,tandem,52,6000111,1,1,1,16,1000000000,4000,930216,12,0.3,-1493.0,false,-37.92402181494305,4.000158028,3.999954341,0.999949080261686
publication,equal-wall,external-retry,tandem,52,6000111,16,16,16,236,1000000000,4000,12883968,12,0.3,-1493.0,false,-591.157827359374,4.000397496,63.999367082,15.998251960209707
publication,equal-wall,external-retry,tandem,53,6000112,16,16,16,215,1000000000,4000,12473508,12,0.3,-1493.0,false,-627.2716581797074,4.000426593,63.997543616,15.997679779447461
publication,equal-wall,external-single,tandem,53,6000112,1,1,1,17,1000000000,4000,957840,12,0.3,-1493.0,false,-627.2716581797074,4.000133386,4.000529601,1.0000990504470144
publication,equal-wall,external-single,tandem,54,6000113,1,1,1,12,1000000000,4000,816432,12,0.3,-1493.0,false,-346.46611270359676,4.000175984,4.000043091,0.9999667782116258
publication,equal-wall,external-retry,tandem,54,6000113,16,16,16,223,1000000000,4000,12760260,12,0.3,-1493.0,false,-1011.1783513933858,4.000447682,63.989300276,15.995534840742858
publication,equal-wall,external-retry,tandem,55,6000114,16,16,16,233,1000000000,4000,12941496,12,0.3,-1493.0,false,-622.6646624973089,4.000451309,63.999753386,15.998133321112247
publication,equal-wall,external-single,tandem,55,6000114,1,1,1,19,1000000000,4000,943980,12,0.3,-1493.0,false,-156.2043416405711,4.000171963,4.000042061,0.9999675258960863
publication,equal-wall,external-single,tandem,56,6000115,1,1,1,19,1000000000,4000,949620,12,0.3,-1493.0,false,-431.4433791335751,4.000122308,3.999749961,0.9999069160962265
publication,equal-wall,external-retry,tandem,56,6000115,16,16,16,208,1000000000,4000,12400404,12,0.3,-1493.0,false,-501.3778151396439,4.000409399,64.000216276,15.998416635057009
publication,equal-wall,external-retry,tandem,57,6000116,16,16,16,224,1000000000,4000,13152108,12,0.3,-1493.0,false,-460.8828580567659,4.000491536,64.001097362,15.998308404370036
publication,equal-wall,external-single,tandem,57,6000116,1,1,1,15,1000000000,4000,780192,12,0.3,-1493.0,false,-313.1852403872352,4.000160599,4.000452291,1.0000729200722773
publication,equal-wall,external-single,tandem,58,6000117,1,1,1,13,1000000000,4000,805680,12,0.3,-1493.0,false,-227.7613719474192,4.000133865,3.999916281,0.9999456058203693
publication,equal-wall,external-retry,tandem,58,6000117,16,16,16,223,1000000000,4000,12878676,12,0.3,-1493.0,false,-454.68467417774167,4.000440856,63.994841736,15.99694734644516
publication,equal-wall,external-retry,tandem,59,6000118,16,16,16,216,1000000000,4000,12564444,12,0.3,-1493.0,false,-638.0317145332544,4.000392581,63.996616206,15.997583964622397
publication,equal-wall,external-single,tandem,59,6000118,1,1,1,11,1000000000,4000,718788,12,0.3,-1493.0,false,-81.14696019355421,4.000151176,4.000427361,1.0000690436405646
publication,equal-wall,external-single,tandem,60,6000119,1,1,1,11,1000000000,4000,793968,12,0.3,-1493.0,false,-146.25074727297826,4.000122852,4.000002961,0.9999700281705248
publication,equal-wall,external-retry,tandem,60,6000119,16,16,16,223,1000000000,4000,12888876,12,0.3,-1493.0,false,-511.1683972660651,4.000421452,64.000682016,15.998484855640154
publication,equal-wall,external-retry,tandem,61,6000120,16,16,16,210,1000000000,4000,12603924,12,0.3,-1493.0,false,-630.2682999842618,4.000439379,63.999553302,15.998131014798211
publication,equal-wall,external-single,tandem,61,6000120,1,1,1,14,1000000000,4000,807144,12,0.3,-1493.0,false,-224.6529317460245,4.000149783,4.000437291,1.0000718743086126
publication,equal-wall,external-single,tandem,62,6000121,1,1,1,9,1000000000,4000,701340,12,0.3,-1493.0,false,-500.39611306113846,4.000125959,3.999858091,0.9999330351087077
publication,equal-wall,external-retry,tandem,62,6000121,16,16,16,202,1000000000,4000,12231396,12,0.3,-1493.0,false,-521.1982459405399,4.00046783,63.999900196,15.99810395075718
publication,equal-wall,external-retry,tandem,63,6000122,16,16,16,204,1000000000,4000,12285444,12,0.3,-1493.0,false,-512.5671310069033,4.000421156,63.996537696,15.99745006847974
publication,equal-wall,external-single,tandem,63,6000122,1,1,1,16,1000000000,4000,803640,12,0.3,-1493.0,false,-376.81001642299145,4.00010932,4.000472871,1.0000908852661057
publication,equal-wall,external-single,tandem,64,6000123,1,1,1,16,1000000000,4000,943140,12,0.3,-1493.0,false,-151.87280198837684,4.000125908,3.999482791,0.9998392258106892
publication,equal-wall,external-retry,tandem,64,6000123,16,16,16,235,1000000000,4000,13056036,12,0.3,-1493.0,false,-629.7089034448135,4.000460768,64.000063606,15.998173039951181
publication,equal-wall,external-retry,tandem,65,6000124,16,16,16,221,1000000000,4000,12767232,12,0.3,-1493.0,false,-729.5263851336507,4.000605346,63.999329236,15.997411316762259
publication,equal-wall,external-single,tandem,65,6000124,1,1,1,14,1000000000,4000,765804,12,0.3,-1493.0,false,-304.3031421798002,4.000097837,4.000515532,1.0001044211959358
publication,equal-wall,external-single,tandem,66,6000125,1,1,1,18,1000000000,4000,958212,12,0.3,-1493.0,false,-380.94392422387494,4.000168526,3.999958671,0.9999475384602833
publication,equal-wall,external-retry,tandem,66,6000125,16,16,16,251,1000000000,4000,13559988,12,0.3,-1493.0,false,-570.7107938062546,4.000381885,63.999058826,15.99823733478385
publication,equal-wall,external-retry,tandem,67,6000126,16,16,16,221,1000000000,4000,12815880,12,0.3,-1493.0,false,-1046.853158915969,4.000447533,63.996780066,15.997405174817475
publication,equal-wall,external-single,tandem,67,6000126,1,1,1,16,1000000000,4000,846924,12,0.3,-1493.0,false,-532.0893340038232,4.000114976,4.000524031,1.0001022608106154
publication,equal-wall,external-single,tandem,68,6000127,1,1,1,16,1000000000,4000,847092,12,0.3,-1493.0,false,-184.610233230355,3.99980185,3.997953801,0.9995379648619344
publication,equal-wall,external-retry,tandem,68,6000127,16,16,16,227,1000000000,4000,12928692,12,0.3,-1493.0,false,-638.3385358727784,4.000458724,64.000811476,15.998368160141027
publication,equal-wall,external-retry,tandem,69,6000128,16,16,16,227,1000000000,4000,12720372,12,0.3,-1493.0,false,-352.5407573899217,4.000416291,64.000436956,15.998444236912544
publication,equal-wall,external-single,tandem,69,6000128,1,1,1,13,1000000000,4000,934368,12,0.3,-1493.0,false,-27.092036308218365,4.000117285,4.000387082,1.0000674472723616
publication,equal-wall,external-single,tandem,70,6000129,1,1,1,17,1000000000,4000,915264,12,0.3,-1493.0,false,-129.62804360406875,4.000108162,3.999989001,0.9999702105555214
publication,equal-wall,external-retry,tandem,70,6000129,16,16,16,218,1000000000,4000,12618576,12,0.3,-1493.0,false,-730.722825347188,4.000471923,64.000096436,15.998136636840984
publication,equal-wall,external-retry,tandem,71,6000130,16,16,16,228,1000000000,4000,13045644,12,0.3,-1493.0,false,-474.08909628455064,4.000495191,64.001555316,15.998408262053577
publication,equal-wall,external-single,tandem,71,6000130,1,1,1,13,1000000000,4000,794736,12,0.3,-1493.0,false,-294.05655099647896,4.000155124,3.998946421,0.9996978359682233
publication,equal-wall,external-single,tandem,72,6000131,1,1,1,15,1000000000,4000,857472,12,0.3,-1493.0,false,-659.7322816528791,4.000130191,3.999988821,0.9999646586502814
publication,equal-wall,external-retry,tandem,72,6000131,16,16,16,223,1000000000,4000,12958332,12,0.3,-1493.0,false,-1060.7724251482389,4.000419952,63.999371346,15.998163221339718
publication,equal-wall,external-retry,tandem,73,6000132,16,16,16,243,1000000000,4000,13402536,12,0.3,-1493.0,false,-520.7072625675647,4.00053604,63.991260586,15.995671566553366
publication,equal-wall,external-single,tandem,73,6000132,1,1,1,13,1000000000,4000,845640,12,0.3,-1493.0,false,-72.66381141939763,4.000148474,4.000377241,1.0000571896272066
publication,equal-wall,external-single,tandem,74,6000133,1,1,1,16,1000000000,4000,958008,12,0.3,-1493.0,false,-162.80491863833336,4.00012028,3.9999617020000002,0.9999603566920743
publication,equal-wall,external-retry,tandem,74,6000133,16,16,16,216,1000000000,4000,12782568,12,0.3,-1493.0,false,-378.3243205549986,4.000331701,63.999796216,15.998622364240788
publication,equal-wall,external-retry,tandem,75,6000134,16,16,16,216,1000000000,4000,12746016,12,0.3,-1493.0,false,-488.9981837108498,4.000454539,63.997841806,15.997642563386721
publication,equal-wall,external-single,tandem,75,6000134,1,1,1,13,1000000000,4000,729216,12,0.3,-1493.0,false,-54.65166702369397,4.000170932,4.000463391,1.000073111625721
publication,equal-wall,external-single,tandem,76,6000135,1,1,1,11,1000000000,4000,691212,12,0.3,-1493.0,false,-4.691962245587904,4.000207921,3.9999106810000002,0.9999256938624516
publication,equal-wall,external-retry,tandem,76,6000135,16,16,16,211,1000000000,4000,12400428,12,0.3,-1493.0,false,-539.4726771533361,4.000545602,63.996241306,15.9968783442954
publication,equal-wall,external-retry,tandem,77,6000136,16,16,16,218,1000000000,4000,12587568,12,0.3,-1493.0,false,-540.2476252254855,4.00052246,63.998408976,15.997512728874918
publication,equal-wall,external-single,tandem,77,6000136,1,1,1,11,1000000000,4000,863544,12,0.3,-1493.0,false,-31.825101587976185,4.000129573,4.000416421,1.0000717096770906
publication,equal-wall,external-single,tandem,78,6000137,1,1,1,16,1000000000,4000,921756,12,0.3,-1493.0,false,-195.11089672446008,4.000137731,4.000007642,0.999967478869792
publication,equal-wall,external-retry,tandem,78,6000137,16,16,16,227,1000000000,4000,12805428,12,0.3,-1493.0,false,-777.2754410862973,4.000441372,64.001003236,15.998485488115785
publication,equal-wall,external-retry,tandem,79,6000138,16,16,16,222,1000000000,4000,13062792,12,0.3,-1493.0,false,-513.9382571610707,4.00047178,63.997559346,15.997503011007367
publication,equal-wall,external-single,tandem,79,6000138,1,1,1,18,1000000000,4000,954072,12,0.3,-1493.0,false,-13.851783080288895,4.000108823,4.000375211,1.000066595188228
publication,equal-wall,external-single,tandem,80,6000139,1,1,1,17,1000000000,4000,938292,12,0.3,-1493.0,false,-235.40002141833736,4.000172391,3.999942151,0.9999424424805995
publication,equal-wall,external-retry,tandem,80,6000139,16,16,16,216,1000000000,4000,12912804,12,0.3,-1493.0,false,-1129.3739528076173,4.003619486,63.975663146,15.979456431789384
publication,equal-wall,external-retry,tandem,81,6000140,16,16,16,220,1000000000,4000,12939600,12,0.3,-1493.0,false,-584.5689116654758,4.00050995,63.994789776,15.996658070054295
publication,equal-wall,external-single,tandem,81,6000140,1,1,1,15,1000000000,4000,893640,12,0.3,-1493.0,false,-265.7918502056131,4.000181385,4.000418541,1.000059286311588
publication,equal-wall,external-single,tandem,82,6000141,1,1,1,16,1000000000,4000,929700,12,0.3,-1493.0,false,-434.9085673548359,4.000131751,3.998087351,0.9994889168339297
publication,equal-wall,external-retry,tandem,82,6000141,16,16,16,215,1000000000,4000,12554952,12,0.3,-1493.0,false,-434.9085673548359,4.000455063,63.997994122,15.99767854260234
publication,equal-wall,external-retry,tandem,83,6000142,16,16,16,207,1000000000,4000,12382956,12,0.3,-1493.0,false,-523.2434748844636,4.003277511,63.997964456,15.98639221991223
publication,equal-wall,external-single,tandem,83,6000142,1,1,1,15,1000000000,4000,860316,12,0.3,-1493.0,false,-11.912608226495792,4.000125265,4.000608451,1.0001207927172249
publication,equal-wall,external-single,tandem,84,6000143,1,1,1,13,1000000000,4000,855708,12,0.3,-1493.0,false,-518.2312147489132,4.000134543,3.999791491,0.9999142398846058
publication,equal-wall,external-retry,tandem,84,6000143,16,16,16,229,1000000000,4000,12844860,12,0.3,-1493.0,false,-518.2312147489132,4.000420233,63.995574936,15.997213094787384
publication,equal-wall,external-retry,tandem,85,6000144,16,16,16,226,1000000000,4000,12570564,12,0.3,-1493.0,false,-562.2095927727395,4.000619724,64.000588706,15.997668641699674
publication,equal-wall,external-single,tandem,85,6000144,1,1,1,13,1000000000,4000,807636,12,0.3,-1493.0,false,-6.209426736076652,4.000136346,3.999942381,0.9999515104028407
publication,equal-wall,external-single,tandem,86,6000145,1,1,1,13,1000000000,4000,758424,12,0.3,-1493.0,false,-33.83824359860747,4.000142784,3.999418751,0.9998189982110397
publication,equal-wall,external-retry,tandem,86,6000145,16,16,16,236,1000000000,4000,13150896,12,0.3,-1493.0,false,-593.8181237623616,4.000431405,63.997217012,15.997578894119297
publication,equal-wall,external-retry,tandem,87,6000146,16,16,16,225,1000000000,4000,12979188,12,0.3,-1493.0,false,-736.1787079672007,4.000539795,63.997581646,15.99723660441678
publication,equal-wall,external-single,tandem,87,6000146,1,1,1,10,1000000000,4000,770376,12,0.3,-1493.0,false,-78.47853689471067,4.000134425,4.000388061,1.000063406869133
publication,equal-wall,external-single,tandem,88,6000147,1,1,1,16,1000000000,4000,949932,12,0.3,-1493.0,false,-236.04877301452163,4.000201476,4.000065771,0.9999660754587453
publication,equal-wall,external-retry,tandem,88,6000147,16,16,16,215,1000000000,4000,12711576,12,0.3,-1493.0,false,-530.6175995601538,4.000445427,63.996840496,15.997428702331352
publication,equal-wall,external-retry,tandem,89,6000148,16,16,16,226,1000000000,4000,12966660,12,0.3,-1493.0,false,-493.96584533849216,4.000438345,63.995626786,15.997153628423188
publication,equal-wall,external-single,tandem,89,6000148,1,1,1,17,1000000000,4000,957420,12,0.3,-1493.0,false,-153.4035745161245,4.000851787,4.000500781,0.9999122671824184
publication,equal-wall,external-single,tandem,90,6000149,1,1,1,17,1000000000,4000,917232,12,0.3,-1493.0,false,-129.79204178737862,4.000173467,4.000082241,0.999977194489001
publication,equal-wall,external-retry,tandem,90,6000149,16,16,16,223,1000000000,4000,12805632,12,0.3,-1493.0,false,-271.28250097602836,4.000396778,64.000047976,15.998425038227547
publication,equal-wall,external-retry,tandem,91,6000150,16,16,16,207,1000000000,4000,12017844,12,0.3,-1493.0,false,-525.6201875147611,4.000427086,63.997921232,15.997772201865349
publication,equal-wall,external-single,tandem,91,6000150,1,1,1,17,1000000000,4000,841440,12,0.3,-1493.0,false,-155.59362053462993,4.000123841,4.000881851,1.0001894966331368
publication,equal-wall,external-single,tandem,92,6000151,1,1,1,15,1000000000,4000,822216,12,0.3,-1493.0,false,-144.1540663128111,4.000120769,3.999623661,0.9998757267520891
publication,equal-wall,external-retry,tandem,92,6000151,16,16,16,224,1000000000,4000,13012248,12,0.3,-1493.0,false,-696.1494854057726,4.00041451,64.000600526,15.998492247744599
publication,equal-wall,external-retry,tandem,93,6000152,16,16,16,210,1000000000,4000,12742368,12,0.3,-1493.0,false,-440.672106866403,4.00054321,64.000230176,15.99788499122348
publication,equal-wall,external-single,tandem,93,6000152,1,1,1,16,1000000000,4000,945696,12,0.3,-1493.0,false,-228.24007123543942,4.000149274,4.000331471,1.0000455475502337
publication,equal-wall,external-single,tandem,94,6000153,1,1,1,14,1000000000,4000,807456,12,0.3,-1493.0,false,-58.288721159536955,4.000133642,3.9999007410000003,0.9999417766952698
publication,equal-wall,external-retry,tandem,94,6000153,16,16,16,216,1000000000,4000,12708012,12,0.3,-1493.0,false,-1057.9735145489951,4.000393963,63.998568666,15.99806650493138
publication,equal-wall,external-retry,tandem,95,6000154,16,16,16,212,1000000000,4000,12701244,12,0.3,-1493.0,false,-712.6836735088154,4.00040296,63.993703282,15.996814301427275
publication,equal-wall,external-single,tandem,95,6000154,1,1,1,17,1000000000,4000,904200,12,0.3,-1493.0,false,-637.9753345336313,4.000142756,4.000631131,1.0001220893927516
publication,equal-wall,external-single,tandem,96,6000155,1,1,1,14,1000000000,4000,804852,12,0.3,-1493.0,false,-739.718710814544,4.000136234,3.999702311,0.9998915229445657
publication,equal-wall,external-retry,tandem,96,6000155,16,16,16,229,1000000000,4000,12894048,12,0.3,-1493.0,false,-739.718710814544,4.000428695,63.999090406,15.998058029628247
publication,equal-wall,external-retry,tandem,97,6000156,16,16,16,234,1000000000,4000,13286460,12,0.3,-1493.0,false,-539.5474112347671,4.000425733,63.996788446,15.997494446174235
publication,equal-wall,external-single,tandem,97,6000156,1,1,1,18,1000000000,4000,948024,12,0.3,-1493.0,false,-539.5474112347671,4.000092498,3.999825891,0.9999333497912528
publication,equal-wall,external-single,tandem,98,6000157,1,1,1,16,1000000000,4000,863712,12,0.3,-1493.0,false,-214.31436133858463,4.000167927,3.999937061,0.999942285922938
publication,equal-wall,external-retry,tandem,98,6000157,16,16,16,208,1000000000,4000,12332496,12,0.3,-1493.0,false,-627.7477843107063,4.000453549,64.000994986,15.998434727981888
publication,equal-wall,external-retry,tandem,99,6000158,16,16,16,212,1000000000,4000,12385332,12,0.3,-1493.0,false,-363.18882265166735,4.000420106,63.999639136,15.998229545944593
publication,equal-wall,external-single,tandem,99,6000158,1,1,1,10,1000000000,4000,665460,12,0.3,-1493.0,false,-230.31698742540348,4.000131692,4.000365942,1.0000585605720103
publication,equal-wall,external-single,tandem,100,6000159,1,1,1,14,1000000000,4000,785496,12,0.3,-1493.0,false,-88.50733840993037,4.00017374,3.999757611,0.9998959722684445
publication,equal-wall,external-retry,tandem,100,6000159,16,16,16,209,1000000000,4000,12819516,12,0.3,-1493.0,false,-491.4612302149425,4.000510322,64.000776686,15.998153119125982
publication,equal-wall,external-retry,sagas,1,5000057,16,16,16,995,1000000000,4000,25446553,11,0.3,18.279,false,165.05016195728342,4.000518239,63.994165456,15.996468865492904
publication,equal-wall,external-single,sagas,1,5000057,1,1,1,66,1000000000,4000,1706991,11,0.3,18.279,false,166.28198861063169,4.000152154,3.999911391,0.9999398115394786
publication,equal-wall,external-single,sagas,2,5000058,1,1,1,72,1000000000,4000,1713536,11,0.3,18.279,false,171.7961119405539,4.000126172,3.999781881,0.9999139299649071
publication,equal-wall,external-retry,sagas,2,5000058,16,16,16,1043,1000000000,4000,25435883,11,0.3,18.279,false,142.03680948982463,4.000493085,63.999739212,15.997962714138778
publication,equal-wall,external-retry,sagas,3,5000059,16,16,16,979,1000000000,4000,25372776,11,0.3,18.279,false,122.8741195397869,4.000383352,64.000611576,15.998619618293022
publication,equal-wall,external-single,sagas,3,5000059,1,1,1,60,1000000000,4000,1688324,11,0.3,18.279,false,184.60829448412687,4.000182979,4.000876081,1.0001732675739183
publication,equal-wall,external-single,sagas,4,5000060,1,1,1,67,1000000000,4000,1730971,11,0.3,18.279,false,171.8323570626431,4.000120666,3.999989541,0.9999672197388658
publication,equal-wall,external-retry,sagas,4,5000060,16,16,16,1004,1000000000,4000,25490146,11,0.3,18.279,false,160.60069151961986,4.000433608,64.000244216,15.99832680337786
publication,equal-wall,external-retry,sagas,5,5000061,16,16,16,1008,1000000000,4000,25400518,11,0.3,18.279,false,161.6397755332483,4.000318765,64.000920896,15.99895524725765
publication,equal-wall,external-single,sagas,5,5000061,1,1,1,67,1000000000,4000,1693142,11,0.3,18.279,false,178.5363995888657,4.00007866,4.000423101,1.0000861085566752
publication,equal-wall,external-single,sagas,6,5000062,1,1,1,65,1000000000,4000,1721731,11,0.3,18.279,false,176.20890819342767,4.000163391,3.999939431,0.999944012286972
publication,equal-wall,external-retry,sagas,6,5000062,16,16,16,994,1000000000,4000,25491675,11,0.3,18.279,false,30.080888008879192,4.000435732,63.991629206,15.996164791280792
publication,equal-wall,external-retry,sagas,7,5000063,16,16,16,1011,1000000000,4000,25308899,11,0.3,18.279,false,116.55285481753613,4.0004135,63.996113342,15.997374606900014
publication,equal-wall,external-single,sagas,7,5000063,1,1,1,69,1000000000,4000,1694319,11,0.3,18.279,false,173.27110935290318,4.000112834,4.000603401,1.0001226382905577
publication,equal-wall,external-single,sagas,8,5000064,1,1,1,59,1000000000,4000,1695540,11,0.3,18.279,false,173.13738864680488,4.000142335,3.999669941,0.9998819057022381
publication,equal-wall,external-retry,sagas,8,5000064,16,16,16,980,1000000000,4000,25441185,11,0.3,18.279,false,160.28145351611138,4.000549647,63.997690346,15.997224379902816
publication,equal-wall,external-retry,sagas,9,5000065,16,16,16,989,1000000000,4000,25327995,11,0.3,18.279,false,104.76148476137868,4.000426344,63.997045746,15.997556320961973
publication,equal-wall,external-single,sagas,9,5000065,1,1,1,69,1000000000,4000,1691646,11,0.3,18.279,false,166.2819825369213,4.000093899,4.000124051,1.0000075378230515
publication,equal-wall,external-single,sagas,10,5000066,1,1,1,65,1000000000,4000,1685398,11,0.3,18.279,false,171.33453123457406,4.000167669,4.000034101,0.9999666093996422
publication,equal-wall,external-retry,sagas,10,5000066,16,16,16,1017,1000000000,4000,25495855,11,0.3,18.279,false,156.972183506442,4.00045821,63.999997246,15.998166681511217
publication,equal-wall,external-retry,sagas,11,5000067,16,16,16,985,1000000000,4000,25313266,11,0.3,18.279,false,161.7472793279751,4.000364098,63.992829602,15.996751304210909
publication,equal-wall,external-single,sagas,11,5000067,1,1,1,59,1000000000,4000,1689820,11,0.3,18.279,false,174.57571792046724,4.000129454,4.000238151,1.0000271733705746
publication,equal-wall,external-single,sagas,12,5000068,1,1,1,68,1000000000,4000,1688676,11,0.3,18.279,false,174.23393316280877,4.000132513,3.9997269810000002,0.9998986203585303
publication,equal-wall,external-retry,sagas,12,5000068,16,16,16,976,1000000000,4000,25349203,11,0.3,18.279,false,150.03191725044533,4.000462145,63.999243616,15.997962559398246
publication,equal-wall,external-retry,sagas,13,5000069,16,16,16,1013,1000000000,4000,25374261,11,0.3,18.279,false,161.63355281807307,4.000397703,63.999719356,15.998339192127068
publication,equal-wall,external-single,sagas,13,5000069,1,1,1,73,1000000000,4000,1700281,11,0.3,18.279,false,165.92680700245816,4.00018155,4.000742401,1.0001402063863827
publication,equal-wall,external-single,sagas,14,5000070,1,1,1,73,1000000000,4000,1709015,11,0.3,18.279,false,168.3917766074561,4.000167087,4.000025861,0.9999646949747526
publication,equal-wall,external-retry,sagas,14,5000070,16,16,16,1035,1000000000,4000,25554628,11,0.3,18.279,false,165.0758546506175,4.00041585,63.998316856,15.997916030654661
publication,equal-wall,external-retry,sagas,15,5000071,16,16,16,1013,1000000000,4000,25224364,11,0.3,18.279,false,163.80572852325943,4.000355677,63.994687926,15.99724951807079
publication,equal-wall,external-single,sagas,15,5000071,1,1,1,59,1000000000,4000,1675663,11,0.3,18.279,false,225.97803539529804,4.000201324,4.000205022,1.0000009244534716
publication,equal-wall,external-single,sagas,16,5000072,1,1,1,63,1000000000,4000,1718662,11,0.3,18.279,false,192.86253876940526,4.000093422,3.9999615410000002,0.9999670305200188
publication,equal-wall,external-retry,sagas,16,5000072,16,16,16,991,1000000000,4000,25399891,11,0.3,18.279,false,166.28197850401824,4.000359774,63.999599826,15.998460998923145
publication,equal-wall,external-retry,sagas,17,5000073,16,16,16,983,1000000000,4000,25332252,11,0.3,18.279,false,93.14560498717762,4.000424332,63.999668296,15.998219934834655
publication,equal-wall,external-single,sagas,17,5000073,1,1,1,74,1000000000,4000,1704406,11,0.3,18.279,false,166.28198704742698,4.000184249,4.000746171,1.0001404740294502
publication,equal-wall,external-single,sagas,18,5000074,1,1,1,65,1000000000,4000,1711006,11,0.3,18.279,false,163.78383269459914,4.000110827,3.999912381,0.9999503898745353
publication,equal-wall,external-retry,sagas,18,5000074,16,16,16,981,1000000000,4000,25410704,11,0.3,18.279,false,74.2792557967988,4.00047598,63.991709856,15.996024017122082
publication,equal-wall,external-retry,sagas,19,5000075,16,16,16,1019,1000000000,4000,25397416,11,0.3,18.279,false,61.033266218752814,4.002804762,63.993479466,15.987159821910893
publication,equal-wall,external-single,sagas,19,5000075,1,1,1,65,1000000000,4000,1714493,11,0.3,18.279,false,166.68231403812143,4.000071932,4.000505392,1.0001083630513072
publication,equal-wall,external-single,sagas,20,5000076,1,1,1,56,1000000000,4000,1693956,11,0.3,18.279,false,184.9659393384427,4.000107702,3.999886821,0.9999447812367928
publication,equal-wall,external-retry,sagas,20,5000076,16,16,16,1030,1000000000,4000,25513103,11,0.3,18.279,false,112.24044517874539,4.000391234,63.997144256,15.997721350871252
publication,equal-wall,external-retry,sagas,21,5000077,16,16,16,1004,1000000000,4000,25344528,11,0.3,18.279,false,22.73976692059786,4.000575124,63.999404876,15.99755107510887
publication,equal-wall,external-single,sagas,21,5000077,1,1,1,72,1000000000,4000,1716451,11,0.3,18.279,false,221.59214349252358,4.000165629,4.000963031,1.000199342245786
publication,equal-wall,external-single,sagas,22,5000078,1,1,1,69,1000000000,4000,1705011,11,0.3,18.279,false,177.61970853054027,4.000174828,3.998432131,0.9995643447911823
publication,equal-wall,external-retry,sagas,22,5000078,16,16,16,1011,1000000000,4000,25557037,11,0.3,18.279,false,157.5586831658993,4.000390579,63.996627576,15.997594812853897
publication,equal-wall,external-retry,sagas,23,5000079,16,16,16,989,1000000000,4000,25423750,11,0.3,18.279,false,164.18885773115474,4.000460449,63.997007456,15.997410366098585
publication,equal-wall,external-single,sagas,23,5000079,1,1,1,74,1000000000,4000,1694308,11,0.3,18.279,false,168.18766374244672,4.000088543,4.000539161,1.0001126520063632
publication,equal-wall,external-single,sagas,24,5000080,1,1,1,63,1000000000,4000,1739606,11,0.3,18.279,false,68.35054421974662,4.000128723,3.999907262,0.9999446365316378
publication,equal-wall,external-retry,sagas,24,5000080,16,16,16,997,1000000000,4000,25537303,11,0.3,18.279,false,68.35054421974662,4.000434885,63.999704016,15.998186661148468
publication,equal-wall,external-retry,sagas,25,5000081,16,16,16,1033,1000000000,4000,25353207,11,0.3,18.279,false,125.77262895626225,4.000452634,64.000875616,15.998408548086312
publication,equal-wall,external-single,sagas,25,5000081,1,1,1,77,1000000000,4000,1700556,11,0.3,18.279,false,173.17250462894845,4.000096479,4.000664831,1.0001420845729556
publication,equal-wall,external-single,sagas,26,5000082,1,1,1,62,1000000000,4000,1724844,11,0.3,18.279,false,173.17250343662064,3.999493012,3.999389521,0.9999741239702908
publication,equal-wall,external-retry,sagas,26,5000082,16,16,16,1002,1000000000,4000,25495206,11,0.3,18.279,false,164.8050480725989,4.00039193,63.998325756,15.99801391360171
publication,equal-wall,external-retry,sagas,27,5000083,16,16,16,1019,1000000000,4000,25247882,11,0.3,18.279,false,108.10992731282246,4.000411589,63.992099876,15.996378985592425
publication,equal-wall,external-single,sagas,27,5000083,1,1,1,68,1000000000,4000,1716517,11,0.3,18.279,false,165.86320492735587,4.000083155,4.000314931,1.000057942795442
publication,equal-wall,external-single,sagas,28,5000084,1,1,1,64,1000000000,4000,1709653,11,0.3,18.279,false,199.61384254611735,4.000128144,3.999843642,0.9999288767785036
publication,equal-wall,external-retry,sagas,28,5000084,16,16,16,1020,1000000000,4000,25440415,11,0.3,18.279,false,21.673544726934434,4.000448036,64.000742026,15.998393542437706
publication,equal-wall,external-retry,sagas,29,5000085,16,16,16,1010,1000000000,4000,25152072,11,0.3,18.279,false,166.28207240350537,4.000364235,63.981063656,15.993809537695759
publication,equal-wall,external-single,sagas,29,5000085,1,1,1,65,1000000000,4000,1694913,11,0.3,18.279,false,166.28198022477036,4.000089821,4.001391621,1.0003254426921029
publication,equal-wall,external-single,sagas,30,5000086,1,1,1,69,1000000000,4000,1711017,11,0.3,18.279,false,165.7337661585907,4.00011534,3.999908921,0.9999483967379801
publication,equal-wall,external-retry,sagas,30,5000086,16,16,16,997,1000000000,4000,25501575,11,0.3,18.279,false,163.80969696835535,4.000526383,63.999820206,15.997849802456857
publication,equal-wall,external-retry,sagas,31,5000087,16,16,16,988,1000000000,4000,25359719,11,0.3,18.279,false,106.11424474478659,4.000403,63.998404556,15.997989341573835
publication,equal-wall,external-single,sagas,31,5000087,1,1,1,75,1000000000,4000,1703416,11,0.3,18.279,false,165.9260980039316,4.000103206,4.000360071,1.000064214593167
publication,equal-wall,external-single,sagas,32,5000088,1,1,1,65,1000000000,4000,1736889,11,0.3,18.279,false,166.28197527908,4.000144047,4.000057081,0.9999782592829212
publication,equal-wall,external-retry,sagas,32,5000088,16,16,16,1001,1000000000,4000,25438534,11,0.3,18.279,false,124.42580027507043,4.000444008,64.000490352,15.998346739515222
publication,equal-wall,external-retry,sagas,33,5000089,16,16,16,1026,1000000000,4000,25486505,11,0.3,18.279,false,130.38442091030612,4.000409897,64.000696566,15.998534703655144
publication,equal-wall,external-single,sagas,33,5000089,1,1,1,69,1000000000,4000,1727792,11,0.3,18.279,false,176.90145627374685,4.000119662,4.000434871,1.000078799892662
publication,equal-wall,external-single,sagas,34,5000090,1,1,1,71,1000000000,4000,1704934,11,0.3,18.279,false,191.82850632429248,4.000142882,4.000019781,0.9999692258492681
publication,equal-wall,external-retry,sagas,34,5000090,16,16,16,978,1000000000,4000,25461568,11,0.3,18.279,false,28.077580731823915,4.000567826,63.995527786,15.996611123573034
publication,equal-wall,external-retry,sagas,35,5000091,16,16,16,987,1000000000,4000,25444771,11,0.3,18.279,false,160.55789094548444,4.000428493,63.999711236,15.99821402831909
publication,equal-wall,external-single,sagas,35,5000091,1,1,1,68,1000000000,4000,1691888,11,0.3,18.279,false,173.2711477062495,4.00015638,4.000752581,1.0001490444231085
publication,equal-wall,external-single,sagas,36,5000092,1,1,1,70,1000000000,4000,1705330,11,0.3,18.279,false,174.70384389916836,4.000175758,4.000013041,0.9999593225373473
publication,equal-wall,external-retry,sagas,36,5000092,16,16,16,1017,1000000000,4000,25406139,11,0.3,18.279,false,18.912167720805645,4.000462581,63.997315182,15.997478763069076
publication,equal-wall,external-retry,sagas,37,5000093,16,16,16,996,1000000000,4000,25359686,11,0.3,18.279,false,128.14443639730243,4.000336008,64.000080076,15.9986760982104
publication,equal-wall,external-single,sagas,37,5000093,1,1,1,67,1000000000,4000,1681834,11,0.3,18.279,false,181.09011463761797,4.000110986,3.999726871,0.9999039739143878
publication,equal-wall,external-single,sagas,38,5000094,1,1,1,62,1000000000,4000,1709576,11,0.3,18.279,false,189.6354363880771,4.000130048,3.999630631,0.9998751498091294
publication,equal-wall,external-retry,sagas,38,5000094,16,16,16,994,1000000000,4000,25520187,11,0.3,18.279,false,155.3040829905524,4.000433691,63.999000626,15.998015607653276
publication,equal-wall,external-retry,sagas,39,5000095,16,16,16,1000,1000000000,4000,25248003,11,0.3,18.279,false,20.25892079759877,4.000410311,64.000775686,15.998552825947856
publication,equal-wall,external-single,sagas,39,5000095,1,1,1,67,1000000000,4000,1698796,11,0.3,18.279,false,175.67630151101355,4.000241619,4.000305331,1.0000159270379314
publication,equal-wall,external-single,sagas,40,5000096,1,1,1,65,1000000000,4000,1698961,11,0.3,18.279,false,180.55793278267396,4.000110177,3.999953681,0.9999608770776116
publication,equal-wall,external-retry,sagas,40,5000096,16,16,16,1017,1000000000,4000,25374250,11,0.3,18.279,false,161.42016740201402,4.000578118,64.000222536,15.997743488132532
publication,equal-wall,external-retry,sagas,41,5000097,16,16,16,989,1000000000,4000,25322517,11,0.3,18.279,false,163.80596701073853,4.000442564,63.991138782,15.996014880417615
publication,equal-wall,external-single,sagas,41,5000097,1,1,1,73,1000000000,4000,1684309,11,0.3,18.279,false,173.48203291896834,4.000197099,4.000125201,0.9999820263856454
publication,equal-wall,external-single,sagas,42,5000098,1,1,1,65,1000000000,4000,1693637,11,0.3,18.279,false,173.76076333244885,4.000140954,3.999361371,0.9998051111175918
publication,equal-wall,external-retry,sagas,42,5000098,16,16,16,969,1000000000,4000,25492599,11,0.3,18.279,false,104.81530732402614,4.000468591,63.997693616,15.997549327090818
publication,equal-wall,external-retry,sagas,43,5000099,16,16,16,1034,1000000000,4000,25405259,11,0.3,18.279,false,166.28198130477108,4.000404044,63.999396636,15.998233161470129
publication,equal-wall,external-single,sagas,43,5000099,1,1,1,67,1000000000,4000,1713459,11,0.3,18.279,false,189.29548521886164,4.000097655,4.000158761,1.0000152761270524
publication,equal-wall,external-single,sagas,44,5000100,1,1,1,73,1000000000,4000,1726571,11,0.3,18.279,false,191.43644110427758,4.000130668,3.999747971,0.9999043288752887
publication,equal-wall,external-retry,sagas,44,5000100,16,16,16,1022,1000000000,4000,25404401,11,0.3,18.279,false,163.8111814752724,4.000464132,63.999663106,15.99805947366509
publication,equal-wall,external-retry,sagas,45,5000101,16,16,16,1012,1000000000,4000,25132503,11,0.3,18.279,false,23.687551686333233,4.000348772,63.994405412,15.9972065085729
publication,equal-wall,external-single,sagas,45,5000101,1,1,1,63,1000000000,4000,1695551,11,0.3,18.279,false,180.88260851693903,4.00014657,4.000505071,1.0000896219660271
publication,equal-wall,external-single,sagas,46,5000102,1,1,1,79,1000000000,4000,1707013,11,0.3,18.279,false,172.05310793035494,4.000127661,3.999974761,0.9999617762199215
publication,equal-wall,external-retry,sagas,46,5000102,16,16,16,1059,1000000000,4000,25464527,11,0.3,18.279,false,163.31343311614165,4.000450252,63.999210156,15.998001755928346
publication,equal-wall,external-retry,sagas,47,5000103,16,16,16,1036,1000000000,4000,25290694,11,0.3,18.279,false,124.05105132755222,4.00043189,63.999801186,15.998222928374867
publication,equal-wall,external-single,sagas,47,5000103,1,1,1,68,1000000000,4000,1681372,11,0.3,18.279,false,168.5407512761422,4.000084035,4.000310861,1.0000567053086922
publication,equal-wall,external-single,sagas,48,5000104,1,1,1,67,1000000000,4000,1707695,11,0.3,18.279,false,183.25450576869594,4.000113122,4.000009631,0.9999741279816736
publication,equal-wall,external-retry,sagas,48,5000104,16,16,16,1007,1000000000,4000,25217203,11,0.3,18.279,false,162.74211052638358,4.000523571,63.994934406,15.996639757331405
publication,equal-wall,external-retry,sagas,49,5000105,16,16,16,997,1000000000,4000,25310549,11,0.3,18.279,false,165.8588380991821,4.000481197,63.996690676,15.997248212038027
publication,equal-wall,external-single,sagas,49,5000105,1,1,1,68,1000000000,4000,1684463,11,0.3,18.279,false,183.4214808826228,4.000102449,4.000348872,1.0000616041721786
publication,equal-wall,external-single,sagas,50,5000106,1,1,1,67,1000000000,4000,1684771,11,0.3,18.279,false,143.0227267850637,4.000109503,3.999904181,0.9999486709051724
publication,equal-wall,external-retry,sagas,50,5000106,16,16,16,1011,1000000000,4000,25353911,11,0.3,18.279,false,143.0227267850637,4.00048565,63.999479966,15.997927643110032
publication,equal-wall,external-retry,sagas,51,5000107,16,16,16,989,1000000000,4000,25323386,11,0.3,18.279,false,127.07262425900728,4.000381022,64.000080556,15.998496194245769
publication,equal-wall,external-single,sagas,51,5000107,1,1,1,65,1000000000,4000,1673386,11,0.3,18.279,false,173.66470173227026,4.000115081,4.000617611,1.0001256288856257
publication,equal-wall,external-single,sagas,52,5000108,1,1,1,67,1000000000,4000,1716374,11,0.3,18.279,false,194.63431250468565,4.000155814,4.000085601,0.9999824474337339
publication,equal-wall,external-retry,sagas,52,5000108,16,16,16,998,1000000000,4000,25294819,11,0.3,18.279,false,163.80858052012488,4.000522887,63.997359316,15.997248640662509
publication,equal-wall,external-retry,sagas,53,5000109,16,16,16,978,1000000000,4000,25361699,11,0.3,18.279,false,20.798809578507317,4.000398337,64.000536316,15.998540876305738
publication,equal-wall,external-single,sagas,53,5000109,1,1,1,65,1000000000,4000,1692966,11,0.3,18.279,false,20.798809578507317,4.000122064,4.000202692,1.0000201563849078
publication,equal-wall,external-single,sagas,54,5000110,1,1,1,75,1000000000,4000,1693219,11,0.3,18.279,false,194.8234011200916,4.000121194,4.000011471,0.9999725700810853
publication,equal-wall,external-retry,sagas,54,5000110,16,16,16,999,1000000000,4000,25417755,11,0.3,18.279,false,166.28198113323094,4.000483515,64.000448526,15.998178291705822
publication,equal-wall,external-retry,sagas,55,5000111,16,16,16,990,1000000000,4000,25329810,11,0.3,18.279,false,107.57570172588986,4.000374842,63.997952136,15.997988854465452
publication,equal-wall,external-single,sagas,55,5000111,1,1,1,64,1000000000,4000,1683616,11,0.3,18.279,false,189.07612215662692,3.999541402,3.999358231,0.9999542019992821
publication,equal-wall,external-single,sagas,56,5000112,1,1,1,77,1000000000,4000,1719355,11,0.3,18.279,false,177.1830431424504,4.000134795,3.999721811,0.9998967574791439
publication,equal-wall,external-retry,sagas,56,5000112,16,16,16,1014,1000000000,4000,25394996,11,0.3,18.279,false,107.56814071929297,4.000455133,63.992703186,15.996355679162669
publication,equal-wall,external-retry,sagas,57,5000113,16,16,16,1030,1000000000,4000,25336124,11,0.3,18.279,false,117.13224979353963,4.000394417,64.000965876,15.99866393274191
publication,equal-wall,external-single,sagas,57,5000113,1,1,1,68,1000000000,4000,1679403,11,0.3,18.279,false,176.5028288548986,4.000107951,4.000278611,1.0000426638485986
publication,equal-wall,external-single,sagas,58,5000114,1,1,1,73,1000000000,4000,1707343,11,0.3,18.279,false,192.8087614414782,4.000109835,3.998924512,0.9997036773866486
publication,equal-wall,external-retry,sagas,58,5000114,16,16,16,1005,1000000000,4000,25497692,11,0.3,18.279,false,116.43504888075823,4.000441511,63.997645156,15.997645504883872
publication,equal-wall,external-retry,sagas,59,5000115,16,16,16,1013,1000000000,4000,25355154,11,0.3,18.279,false,166.50128658636385,4.000372953,63.999838186,15.998467877352432
publication,equal-wall,external-single,sagas,59,5000115,1,1,1,62,1000000000,4000,1684936,11,0.3,18.279,false,194.34476477968335,4.000108295,4.000882801,1.0001936212579465
publication,equal-wall,external-single,sagas,60,5000116,1,1,1,61,1000000000,4000,1718596,11,0.3,18.279,false,168.2424325278688,4.000108096,3.9999670309999997,0.9999647347030093
publication,equal-wall,external-retry,sagas,60,5000116,16,16,16,974,1000000000,4000,25444100,11,0.3,18.279,false,155.88234709770978,4.000441881,63.998224866,15.997788936756708
publication,equal-wall,external-retry,sagas,61,5000117,16,16,16,1005,1000000000,4000,25264415,11,0.3,18.279,false,168.987817643069,4.00036427,63.995586706,15.997439829648311
publication,equal-wall,external-single,sagas,61,5000117,1,1,1,65,1000000000,4000,1690348,11,0.3,18.279,false,190.5179034026949,4.00011137,4.000616951,1.0001263917309382
publication,equal-wall,external-single,sagas,62,5000118,1,1,1,62,1000000000,4000,1713789,11,0.3,18.279,false,205.3373445053827,4.000092819,4.000013032,0.9999800537128487
publication,equal-wall,external-retry,sagas,62,5000118,16,16,16,998,1000000000,4000,25443385,11,0.3,18.279,false,165.05016086032452,4.000556931,63.999671256,15.997690411570348
publication,equal-wall,external-retry,sagas,63,5000119,16,16,16,980,1000000000,4000,25316060,11,0.3,18.279,false,164.0056894246047,4.000584021,64.000803156,15.99786501671877
publication,equal-wall,external-single,sagas,63,5000119,1,1,1,71,1000000000,4000,1704010,11,0.3,18.279,false,204.1626174200784,4.000105075,4.001185971,1.00027021690174
publication,equal-wall,external-single,sagas,64,5000120,1,1,1,70,1000000000,4000,1724261,11,0.3,18.279,false,168.1876208537021,4.000155773,3.999828201,0.9999181101890553
publication,equal-wall,external-retry,sagas,64,5000120,16,16,16,997,1000000000,4000,25474933,11,0.3,18.279,false,125.07049397478906,4.000529503,64.000088566,15.997904406905707
publication,equal-wall,external-retry,sagas,65,5000121,16,16,16,1014,1000000000,4000,25243284,11,0.3,18.279,false,86.24496999632714,4.000389049,63.999470186,15.998311514725879
publication,equal-wall,external-single,sagas,65,5000121,1,1,1,65,1000000000,4000,1710335,11,0.3,18.279,false,227.79028858858723,4.000086632,4.000379241,1.0000731506657028
publication,equal-wall,external-single,sagas,66,5000122,1,1,1,66,1000000000,4000,1702591,11,0.3,18.279,false,170.57070902477722,4.000165609,4.000005471,0.9999599671574497
publication,equal-wall,external-retry,sagas,66,5000122,16,16,16,1005,1000000000,4000,25504941,11,0.3,18.279,false,160.6184427764265,4.000629808,63.995667242,15.996398145619176
publication,equal-wall,external-retry,sagas,67,5000123,16,16,16,1031,1000000000,4000,25432792,11,0.3,18.279,false,23.252556278281933,4.001475558,63.990738176,15.991785342300972
publication,equal-wall,external-single,sagas,67,5000123,1,1,1,62,1000000000,4000,1713074,11,0.3,18.279,false,23.252556278281933,4.000115072,4.000459031,1.0000859872763181
publication,equal-wall,external-single,sagas,68,5000124,1,1,1,65,1000000000,4000,1700061,11,0.3,18.279,false,168.40987225326887,4.000166285,4.000017871,0.9999628980423748
publication,equal-wall,external-retry,sagas,68,5000124,16,16,16,1025,1000000000,4000,25345837,11,0.3,18.279,false,157.8638454075024,4.000478162,63.998904546,15.997813749845434
publication,equal-wall,external-retry,sagas,69,5000125,16,16,16,979,1000000000,4000,25366737,11,0.3,18.279,false,165.12530180618097,4.000431973,63.998105426,15.9977987022253
publication,equal-wall,external-single,sagas,69,5000125,1,1,1,68,1000000000,4000,1694451,11,0.3,18.279,false,191.82404497783196,4.000104463,4.001411351,1.0003267134676326
publication,equal-wall,external-single,sagas,70,5000126,1,1,1,63,1000000000,4000,1701964,11,0.3,18.279,false,199.76021278782125,4.000096104,3.999688441,0.999898086698569
publication,equal-wall,external-retry,sagas,70,5000126,16,16,16,1016,1000000000,4000,25408988,11,0.3,18.279,false,157.9669247442903,4.000471579,63.999146062,15.997900447026273
publication,equal-wall,external-retry,sagas,71,5000127,16,16,16,997,1000000000,4000,25267341,11,0.3,18.279,false,23.70721708049384,4.000331499,63.994967336,15.997416052144034
publication,equal-wall,external-single,sagas,71,5000127,1,1,1,64,1000000000,4000,1682824,11,0.3,18.279,false,23.70721708049384,4.000098676,4.000229911,1.0000328079406609
publication,equal-wall,external-single,sagas,72,5000128,1,1,1,76,1000000000,4000,1702052,11,0.3,18.279,false,191.93493215696444,4.000093246,4.000020181,0.9999817341758038
publication,equal-wall,external-retry,sagas,72,5000128,16,16,16,1006,1000000000,4000,25350094,11,0.3,18.279,false,110.74078288320344,4.000512889,63.995106866,15.996725580353454
publication,equal-wall,external-retry,sagas,73,5000129,16,16,16,1015,1000000000,4000,25357552,11,0.3,18.279,false,164.3281161048693,4.000354987,63.998595806,15.998229160656237
publication,equal-wall,external-single,sagas,73,5000129,1,1,1,65,1000000000,4000,1735943,11,0.3,18.279,false,209.50678851504836,4.000162313,4.000638681,1.000119087167651
publication,equal-wall,external-single,sagas,74,5000130,1,1,1,67,1000000000,4000,1709532,11,0.3,18.279,false,170.35075469821635,4.000134671,3.999862551,0.99993197229034
publication,equal-wall,external-retry,sagas,74,5000130,16,16,16,1015,1000000000,4000,25589740,11,0.3,18.279,false,165.0758548944264,4.000478272,63.999361286,15.997927481306917
publication,equal-wall,external-retry,sagas,75,5000131,16,16,16,1010,1000000000,4000,25154844,11,0.3,18.279,false,107.80890274880765,4.000325467,63.993828842,15.997155573941704
publication,equal-wall,external-single,sagas,75,5000131,1,1,1,72,1000000000,4000,1692075,11,0.3,18.279,false,159.43797828097877,4.000107811,4.000473161,1.0000913350382696
publication,equal-wall,external-single,sagas,76,5000132,1,1,1,59,1000000000,4000,1689754,11,0.3,18.279,false,110.62151514728677,4.000130128,3.999918921,0.9999471999676905
publication,equal-wall,external-retry,sagas,76,5000132,16,16,16,1008,1000000000,4000,25302717,11,0.3,18.279,false,25.667795375187126,4.00099158,63.995165486,15.994826334025927
publication,equal-wall,external-retry,sagas,77,5000133,16,16,16,978,1000000000,4000,25286987,11,0.3,18.279,false,105.77199158236301,4.000386221,63.999790266,15.998402836714499
publication,equal-wall,external-single,sagas,77,5000133,1,1,1,70,1000000000,4000,1703229,11,0.3,18.279,false,168.39241063182266,4.000102853,4.000376091,1.000068307743586
publication,equal-wall,external-single,sagas,78,5000134,1,1,1,77,1000000000,4000,1731180,11,0.3,18.279,false,160.94462424173307,4.000125408,4.000016241,0.9999727091056242
publication,equal-wall,external-retry,sagas,78,5000134,16,16,16,1028,1000000000,4000,25499639,11,0.3,18.279,false,18.9802372589817,4.000561546,64.000557676,15.99789353071985
publication,equal-wall,external-retry,sagas,79,5000135,16,16,16,997,1000000000,4000,25123197,11,0.3,18.279,false,84.77253773169743,4.000368497,63.991802542,15.996476972056307
publication,equal-wall,external-single,sagas,79,5000135,1,1,1,68,1000000000,4000,1688368,11,0.3,18.279,false,197.37181002033387,4.000110329,4.001222891,1.000278132828471
publication,equal-wall,external-single,sagas,80,5000136,1,1,1,69,1000000000,4000,1682813,11,0.3,18.279,false,188.2941297563841,4.000129841,3.999700811,0.9998927459814922
publication,equal-wall,external-retry,sagas,80,5000136,16,16,16,1051,1000000000,4000,25347069,11,0.3,18.279,false,108.88419232443667,4.000510496,63.993066576,15.996225141762505
publication,equal-wall,external-retry,sagas,81,5000137,16,16,16,1015,1000000000,4000,25258684,11,0.3,18.279,false,20.25891993947179,4.000392227,64.000769076,15.998623495975512
publication,equal-wall,external-single,sagas,81,5000137,1,1,1,67,1000000000,4000,1716220,11,0.3,18.279,false,224.7028637938672,4.000105796,4.000672261,1.0001416125044909
publication,equal-wall,external-single,sagas,82,5000138,1,1,1,68,1000000000,4000,1704912,11,0.3,18.279,false,225.9780808171917,4.000122777,3.9999592809999998,0.9999591272545583
publication,equal-wall,external-retry,sagas,82,5000138,16,16,16,1026,1000000000,4000,25359642,11,0.3,18.279,false,157.09461339172955,4.000491611,63.994611676,15.99668688219129
publication,equal-wall,external-retry,sagas,83,5000139,16,16,16,987,1000000000,4000,25435696,11,0.3,18.279,false,68.2682866306383,4.000398321,63.999419776,15.998261833087097
publication,equal-wall,external-single,sagas,83,5000139,1,1,1,69,1000000000,4000,1668227,11,0.3,18.279,false,197.58204455456635,4.000094768,3.999968202,0.9999683592496326
publication,equal-wall,external-single,sagas,84,5000140,1,1,1,73,1000000000,4000,1706793,11,0.3,18.279,false,183.42148106579734,4.000136238,3.999991961,0.9999639319784589
publication,equal-wall,external-retry,sagas,84,5000140,16,16,16,1016,1000000000,4000,25403400,11,0.3,18.279,false,117.7263909239131,4.0004673,63.999927506,15.99811289696081
publication,equal-wall,external-retry,sagas,85,5000141,16,16,16,1016,1000000000,4000,25347575,11,0.3,18.279,false,69.12964898789289,4.000387048,63.998101246,15.997977315219023
publication,equal-wall,external-single,sagas,85,5000141,1,1,1,69,1000000000,4000,1702844,11,0.3,18.279,false,170.7579889852238,4.000112133,4.000595651,1.0001208761114497
publication,equal-wall,external-single,sagas,86,5000142,1,1,1,63,1000000000,4000,1695045,11,0.3,18.279,false,180.55793173771212,4.000133882,4.000011441,0.999969390774506
publication,equal-wall,external-retry,sagas,86,5000142,16,16,16,1026,1000000000,4000,25532991,11,0.3,18.279,false,107.95013044704334,4.000539343,64.000240206,15.997902962255658
publication,equal-wall,external-retry,sagas,87,5000143,16,16,16,1013,1000000000,4000,25456618,11,0.3,18.279,false,58.04701440958068,4.00038847,64.000359266,15.99853607867238
publication,equal-wall,external-single,sagas,87,5000143,1,1,1,68,1000000000,4000,1721819,11,0.3,18.279,false,58.04701440958068,4.000087044,4.000420492,1.000083360185999
publication,equal-wall,external-single,sagas,88,5000144,1,1,1,70,1000000000,4000,1730124,11,0.3,18.279,false,166.33684866515136,4.00010654,4.000016771,0.9999775583477335
publication,equal-wall,external-retry,sagas,88,5000144,16,16,16,1016,1000000000,4000,25481104,11,0.3,18.279,false,104.59229863540764,4.000468339,63.999285926,15.997948365715086
publication,equal-wall,external-retry,sagas,89,5000145,16,16,16,1021,1000000000,4000,25248784,11,0.3,18.279,false,163.80662317981745,4.000423154,63.987303876,15.995133867780828
publication,equal-wall,external-single,sagas,89,5000145,1,1,1,72,1000000000,4000,1692592,11,0.3,18.279,false,166.28198456341872,4.000105747,4.001369641,1.0003159651469085
publication,equal-wall,external-single,sagas,90,5000146,1,1,1,73,1000000000,4000,1742521,11,0.3,18.279,false,173.27111415611404,4.000107092,3.9999435009999997,0.999959103344926
publication,equal-wall,external-retry,sagas,90,5000146,16,16,16,1017,1000000000,4000,25497659,11,0.3,18.279,false,102.89837883483422,4.00052389,63.996461726,15.997020261763765
publication,equal-wall,external-retry,sagas,91,5000147,16,16,16,1016,1000000000,4000,25295457,11,0.3,18.279,false,113.3466810051947,4.000358364,63.995148686,15.997353952562035
publication,equal-wall,external-single,sagas,91,5000147,1,1,1,68,1000000000,4000,1706309,11,0.3,18.279,false,167.26045948901927,4.000101264,4.000328541,1.0000568178116003
publication,equal-wall,external-single,sagas,92,5000148,1,1,1,63,1000000000,4000,1701546,11,0.3,18.279,false,190.69310630839897,4.00015184,3.999631742,0.9998699804355426
publication,equal-wall,external-retry,sagas,92,5000148,16,16,16,1022,1000000000,4000,25437005,11,0.3,18.279,false,162.06464616679563,4.000418925,64.000581796,15.99846990924832
publication,equal-wall,external-retry,sagas,93,5000149,16,16,16,1014,1000000000,4000,25312639,11,0.3,18.279,false,163.32458672573728,4.000355208,63.997615336,15.997983181097553
publication,equal-wall,external-single,sagas,93,5000149,1,1,1,70,1000000000,4000,1699478,11,0.3,18.279,false,165.92610035780405,4.000156308,4.001218731,1.0002655953713295
publication,equal-wall,external-single,sagas,94,5000150,1,1,1,70,1000000000,4000,1720026,11,0.3,18.279,false,168.1761976091206,4.00011168,3.999886171,0.999943624324009
publication,equal-wall,external-retry,sagas,94,5000150,16,16,16,987,1000000000,4000,25414983,11,0.3,18.279,false,159.660374847987,4.000445885,63.994068476,15.996733943071447
publication,equal-wall,external-retry,sagas,95,5000151,16,16,16,1014,1000000000,4000,25364537,11,0.3,18.279,false,163.84710470793706,4.000383266,64.000494496,15.99859069503467
publication,equal-wall,external-single,sagas,95,5000151,1,1,1,64,1000000000,4000,1699896,11,0.3,18.279,false,163.84710470793706,4.000109546,4.000176131,1.00001664579413
publication,equal-wall,external-single,sagas,96,5000152,1,1,1,65,1000000000,4000,1713206,11,0.3,18.279,false,169.04722882851456,4.000121767,3.999734552,0.9999031991967857
publication,equal-wall,external-retry,sagas,96,5000152,16,16,16,978,1000000000,4000,25458708,11,0.3,18.279,false,110.8543386893782,4.00048927,64.000816336,15.998247218395864
publication,equal-wall,external-retry,sagas,97,5000153,16,16,16,985,1000000000,4000,25348873,11,0.3,18.279,false,165.07585369216736,4.000386109,64.000466226,15.99857225831598
publication,equal-wall,external-single,sagas,97,5000153,1,1,1,63,1000000000,4000,1669382,11,0.3,18.279,false,176.42558361749354,4.000139468,4.000152201,1.0000031831390133
publication,equal-wall,external-single,sagas,98,5000154,1,1,1,77,1000000000,4000,1700149,11,0.3,18.279,false,191.51324403389756,4.000141307,3.999911831,0.9999426330265887
publication,equal-wall,external-retry,sagas,98,5000154,16,16,16,1014,1000000000,4000,25408823,11,0.3,18.279,false,65.6144624764461,4.00047169,63.996296516,15.99718770063337
publication,equal-wall,external-retry,sagas,99,5000155,16,16,16,974,1000000000,4000,25412684,11,0.3,18.279,false,132.65199545966732,4.000338488,64.001157646,15.998935549575924
publication,equal-wall,external-single,sagas,99,5000155,1,1,1,59,1000000000,4000,1679832,11,0.3,18.279,false,175.64495761304522,4.000108205,3.998939391,0.9997078044042561
publication,equal-wall,external-single,sagas,100,5000156,1,1,1,63,1000000000,4000,1702602,11,0.3,18.279,false,114.78984331779546,4.000127873,3.9999207009999997,0.9999482086556785
publication,equal-wall,external-retry,sagas,100,5000156,16,16,16,994,1000000000,4000,25427303,11,0.3,18.279,false,105.7386449214611,4.000455924,63.999997002,15.998175762428424
