design,field_deg,wavelength_um,ray_id,x_mm,y_mm
reference,0,0.4861,0,0.04017106331657505,0
reference,0,0.4861,1,0.0319229619191681,0.01368126939392944
reference,0,0.4861,2,0.029129543249581058,0.008322726642737477
reference,0,0.4861,3,0.02741076797010411,0.003915823995728651
reference,0,0.4861,4,0.026831013313236785,0
reference,0,0.4861,5,0.02741076797010411,-0.003915823995728651
reference,0,0.4861,6,0.029129543249581058,-0.008322726642737477
reference,0,0.4861,7,0.0319229619191681,-0.01368126939392944
reference,0,0.4861,8,0.028760621983831225,0.023967184986525947
reference,0,0.4861,9,0.024480068920326392,0.016320045946883965
reference,0,0.4861,10,0.020982069739221565,0.010491034869610782
reference,0,0.4861,11,0.01840150793529549,0.00613383597843109
reference,0,0.4861,12,0.01682256844849883,0.0028037614080833606
reference,0,0.4861,13,0.01629136208205484,0
reference,0,0.4861,14,0.01682256844849883,-0.0028037614080833606
reference,0,0.4861,15,0.01840150793529549,-0.00613383597843109
reference,0,0.4861,16,0.020982069739221565,-0.010491034869610782
reference,0,0.4861,17,0.024480068920326392,-0.016320045946883965
reference,0,0.4861,18,0.028760621983831225,-0.023967184986525947
reference,0,0.4861,19,0.023967184986525947,0.028760621983831225
reference,0,0.4861,20,0.019579119978645476,0.019579119978645476
reference,0,0.4861,21,0.015769012016459527,0.012615209613167089
reference,0,0.4861,22,0.012684840683216514,0.007610904409931063
reference,0,0.4861,23,0.010423136618711748,0.0041692546474840775
reference,0,0.4861,24,0.00904418984492894,0.001808837968985788
reference,0,0.4861,25,0.008581034862074954,0
reference,0,0.4861,26,0.00904418984492894,-0.001808837968985788
reference,0,0.4861,27,0.010423136618711748,-0.0041692546474840775
reference,0,0.4861,28,0.012684840683216514,-0.007610904409931063
reference,0,0.4861,29,0.015769012016459527,-0.012615209613167089
reference,0,0.4861,30,0.019579119978645476,-0.019579119978645476
reference,0,0.4861,31,0.023967184986525947,-0.028760621983831225
reference,0,0.4861,32,0.016320045946883965,0.024480068920326392
reference,0,0.4861,33,0.012615209613167089,0.015769012016459527
reference,0,0.4861,34,0.009428633419430454,0.009428633419430454
reference,0,0.4861,35,0.006864827889660585,0.005148620917244662
reference,0,0.4861,36,0.004992017554489081,0.0024960087772445405
reference,0,0.4861,37,0.0038528284365022536,0.0009632071091255634
reference,0,0.4861,38,0.003470619495697491,0
reference,0,0.4861,39,0.0038528284365022536,-0.0009632071091255634
reference,0,0.4861,40,0.004992017554489081,-0.0024960087772445405
reference,0,0.4861,41,0.006864827889660585,-0.005148620917244662
reference,0,0.4861,42,0.009428633419430454,-0.009428633419430454
reference,0,0.4861,43,0.012615209613167089,-0.015769012016459527
reference,0,0.4861,44,0.016320045946883965,-0.024480068920326392
reference,0,0.4861,45,0.01368126939392944,0.0319229619191681
reference,0,0.4861,46,0.010491034869610782,0.020982069739221565
reference,0,0.4861,47,0.007610904409931063,0.012684840683216514
reference,0,0.4861,48,0.005148620917244662,0.006864827889660585
reference,0,0.4861,49,0.0031753568276007282,0.0031753568276007282
reference,0,0.4861,50,0.0017375918845106142,0.0011583945896738168
reference,0,0.4861,51,0.0008643699089885271,0.00028812330299654576
reference,0,0.4861,52,0.0005716067282335313,0
reference,0,0.4861,53,0.0008643699089885271,-0.00028812330299654576
reference,0,0.4861,54,0.0017375918845106142,-0.0011583945896738168
reference,0,0.4861,55,0.0031753568276007282,-0.0031753568276007282
reference,0,0.4861,56,0.005148620917244662,-0.006864827889660585
reference,0,0.4861,57,0.007610904409931063,-0.012684840683216514
reference,0,0.4861,58,0.010491034869610782,-0.020982069739221565
reference,0,0.4861,59,0.01368126939392944,-0.0319229619191681
reference,0,0.4861,60,0.008322726642737477,0.029129543249581058
reference,0,0.4861,61,0.00613383597843109,0.01840150793529549
reference,0,0.4861,62,0.0041692546474840775,0.010423136618711748
reference,0,0.4861,63,0.0024960087772445405,0.004992017554489081
reference,0,0.4861,64,0.0011583945896738168,0.0017375918845106142
reference,0,0.4861,65,0.0001853454007825217,0.0001853454007825217
reference,0,0.4861,66,-0.0004050590793123199,-0.00020252953965615994
reference,0,0.4861,67,-0.0006029119563619734,0
reference,0,0.4861,68,-0.0004050590793123199,0.00020252953965615994
reference,0,0.4861,69,0.0001853454007825217,-0.0001853454007825217
reference,0,0.4861,70,0.0011583945896738168,-0.0017375918845106142
reference,0,0.4861,71,0.0024960087772445405,-0.004992017554489081
reference,0,0.4861,72,0.0041692546474840775,-0.010423136618711748
reference,0,0.4861,73,0.00613383597843109,-0.01840150793529549
reference,0,0.4861,74,0.008322726642737477,-0.029129543249581058
reference,0,0.4861,75,0.003915823995728651,0.02741076797010411
reference,0,0.4861,76,0.0028037614080833606,0.01682256844849883
reference,0,0.4861,77,0.001808837968985788,0.00904418984492894
reference,0,0.4861,78,0.0009632071091255634,0.0038528284365022536
reference,0,0.4861,79,0.00028812330299654576,0.0008643699089885271
reference,0,0.4861,80,-0.00020252953965615994,-0.0004050590793123199
reference,0,0.4861,81,-0.0005000759777276098,-0.0005000759777276098
reference,0,0.4861,82,-0.0005997625654033945,0
reference,0,0.4861,83,-0.0005000759777276098,0.0005000759777276098
reference,0,0.4861,84,-0.00020252953965615994,0.0004050590793123199
reference,0,0.4861,85,0.00028812330299654576,-0.0008643699089885271
reference,0,0.4861,86,0.0009632071091255634,-0.0038528284365022536
reference,0,0.4861,87,0.001808837968985788,-0.00904418984492894
reference,0,0.4861,88,0.0028037614080833606,-0.01682256844849883
reference,0,0.4861,89,0.003915823995728651,-0.02741076797010411
reference,0,0.4861,90,0,0.04017106331657505
reference,0,0.4861,91,0,0.026831013313236785
reference,0,0.4861,92,0,0.01629136208205484
reference,0,0.4861,93,0,0.008581034862074954
reference,0,0.4861,94,0,0.003470619495697491
reference,0,0.4861,95,0,0.0005716067282335313
reference,0,0.4861,96,0,-0.0006029119563619734
reference,0,0.4861,97,0,-0.0005997625654033945
reference,0,0.4861,98,0,0
reference,0,0.4861,99,0,0.0005997625654033945
reference,0,0.4861,100,0,0.0006029119563619734
reference,0,0.4861,101,0,-0.0005716067282335313
reference,0,0.4861,102,0,-0.003470619495697491
reference,0,0.4861,103,0,-0.008581034862074954
reference,0,0.4861,104,0,-0.01629136208205484
reference,0,0.4861,105,0,-0.026831013313236785
reference,0,0.4861,106,0,-0.04017106331657505
reference,0,0.4861,107,-0.003915823995728651,0.02741076797010411
reference,0,0.4861,108,-0.0028037614080833606,0.01682256844849883
reference,0,0.4861,109,-0.001808837968985788,0.00904418984492894
reference,0,0.4861,110,-0.0009632071091255634,0.0038528284365022536
reference,0,0.4861,111,-0.00028812330299654576,0.0008643699089885271
reference,0,0.4861,112,0.00020252953965615994,-0.0004050590793123199
reference,0,0.4861,113,0.0005000759777276098,-0.0005000759777276098
reference,0,0.4861,114,0.0005997625654033945,0
reference,0,0.4861,115,0.0005000759777276098,0.0005000759777276098
reference,0,0.4861,116,0.00020252953965615994,0.0004050590793123199
reference,0,0.4861,117,-0.00028812330299654576,-0.0008643699089885271
reference,0,0.4861,118,-0.0009632071091255634,-0.0038528284365022536
reference,0,0.4861,119,-0.001808837968985788,-0.00904418984492894
reference,0,0.4861,120,-0.0028037614080833606,-0.01682256844849883
reference,0,0.4861,121,-0.003915823995728651,-0.02741076797010411
reference,0,0.4861,122,-0.008322726642737477,0.029129543249581058
reference,0,0.4861,123,-0.00613383597843109,0.01840150793529549
reference,0,0.4861,124,-0.0041692546474840775,0.010423136618711748
reference,0,0.4861,125,-0.0024960087772445405,0.004992017554489081
reference,0,0.4861,126,-0.0011583945896738168,0.0017375918845106142
reference,0,0.4861,127,-0.0001853454007825217,0.0001853454007825217
reference,0,0.4861,128,0.0004050590793123199,-0.00020252953965615994
reference,0,0.4861,129,0.0006029119563619734,0
reference,0,0.4861,130,0.0004050590793123199,0.00020252953965615994
reference,0,0.4861,131,-0.0001853454007825217,-0.0001853454007825217
reference,0,0.4861,132,-0.0011583945896738168,-0.0017375918845106142
reference,0,0.4861,133,-0.0024960087772445405,-0.004992017554489081
reference,0,0.4861,134,-0.0041692546474840775,-0.010423136618711748
reference,0,0.4861,135,-0.00613383597843109,-0.01840150793529549
reference,0,0.4861,136,-0.008322726642737477,-0.029129543249581058
reference,0,0.4861,137,-0.01368126939392944,0.0319229619191681
reference,0,0.4861,138,-0.010491034869610782,0.020982069739221565
reference,0,0.4861,139,-0.007610904409931063,0.012684840683216514
reference,0,0.4861,140,-0.005148620917244662,0.006864827889660585
reference,0,0.4861,141,-0.0031753568276007282,0.0031753568276007282
reference,0,0.4861,142,-0.0017375918845106142,0.0011583945896738168
reference,0,0.4861,143,-0.0008643699089885271,0.00028812330299654576
reference,0,0.4861,144,-0.0005716067282335313,0
reference,0,0.4861,145,-0.0008643699089885271,-0.00028812330299654576
reference,0,0.4861,146,-0.0017375918845106142,-0.0011583945896738168
reference,0,0.4861,147,-0.0031753568276007282,-0.0031753568276007282
reference,0,0.4861,148,-0.005148620917244662,-0.006864827889660585
reference,0,0.4861,149,-0.007610904409931063,-0.012684840683216514
reference,0,0.4861,150,-0.010491034869610782,-0.020982069739221565
reference,0,0.4861,151,-0.01368126939392944,-0.0319229619191681
reference,0,0.4861,152,-0.016320045946883965,0.024480068920326392
reference,0,0.4861,153,-0.012615209613167089,0.015769012016459527
reference,0,0.4861,154,-0.009428633419430454,0.009428633419430454
reference,0,0.4861,155,-0.006864827889660585,0.005148620917244662
reference,0,0.4861,156,-0.004992017554489081,0.0024960087772445405
reference,0,0.4861,157,-0.0038528284365022536,0.0009632071091255634
reference,0,0.4861,158,-0.003470619495697491,0
reference,0,0.4861,159,-0.0038528284365022536,-0.0009632071091255634
reference,0,0.4861,160,-0.004992017554489081,-0.0024960087772445405
reference,0,0.4861,161,-0.006864827889660585,-0.005148620917244662
reference,0,0.4861,162,-0.009428633419430454,-0.009428633419430454
reference,0,0.4861,163,-0.012615209613167089,-0.015769012016459527
reference,0,0.4861,164,-0.016320045946883965,-0.024480068920326392
reference,0,0.4861,165,-0.023967184986525947,0.028760621983831225
reference,0,0.4861,166,-0.019579119978645476,0.019579119978645476
reference,0,0.4861,167,-0.015769012016459527,0.012615209613167089
reference,0,0.4861,168,-0.012684840683216514,0.007610904409931063
reference,0,0.4861,169,-0.010423136618711748,0.0041692546474840775
reference,0,0.4861,170,-0.00904418984492894,0.001808837968985788
reference,0,0.4861,171,-0.008581034862074954,0
reference,0,0.4861,172,-0.00904418984492894,-0.001808837968985788
reference,0,0.4861,173,-0.010423136618711748,-0.0041692546474840775
reference,0,0.4861,174,-0.012684840683216514,-0.007610904409931063
reference,0,0.4861,175,-0.015769012016459527,-0.012615209613167089
reference,0,0.4861,176,-0.019579119978645476,-0.019579119978645476
reference,0,0.4861,177,-0.023967184986525947,-0.028760621983831225
reference,0,0.4861,178,-0.028760621983831225,0.023967184986525947
reference,0,0.4861,179,-0.024480068920326392,0.016320045946883965
reference,0,0.4861,180,-0.020982069739221565,0.010491034869610782
reference,0,0.4861,181,-0.01840150793529549,0.00613383597843109
reference,0,0.4861,182,-0.01682256844849883,0.0028037614080833606
reference,0,0.4861,183,-0.01629136208205484,0
reference,0,0.4861,184,-0.01682256844849883,-0.0028037614080833606
reference,0,0.4861,185,-0.01840150793529549,-0.00613383597843109
reference,0,0.4861,186,-0.020982069739221565,-0.010491034869610782
reference,0,0.4861,187,-0.024480068920326392,-0.016320045946883965
reference,0,0.4861,188,-0.028760621983831225,-0.023967184986525947
reference,0,0.4861,189,-0.0319229619191681,0.01368126939392944
reference,0,0.4861,190,-0.029129543249581058,0.008322726642737477
reference,0,0.4861,191,-0.02741076797010411,0.003915823995728651
reference,0,0.4861,192,-0.026831013313236785,0
reference,0,0.4861,193,-0.02741076797010411,-0.003915823995728651
reference,0,0.4861,194,-0.029129543249581058,-0.008322726642737477
reference,0,0.4861,195,-0.0319229619191681,-0.01368126939392944
reference,0,0.4861,196,-0.04017106331657505,0
reference,0,0.5876,0,0.050934971077166935,0
reference,0,0.5876,1,0.0408307675446844,0.017498900376294424
reference,0,0.5876,2,0.037627875741008676,0.010750821640288288
reference,0,0.5876,3,0.0356701081062174,0.005095729729459597
reference,0,0.5876,4,0.035011773150045666,0
reference,0,0.5876,5,0.0356701081062174,-0.005095729729459597
reference,0,0.5876,6,0.037627875741008676,-0.010750821640288288
reference,0,0.5876,7,0.0408307675446844,-0.017498900376294424
reference,0,0.5876,8,0.03661241057569864,0.03051034214641568
reference,0,0.5876,9,0.031695601478636704,0.021130400985756914
reference,0,0.5876,10,0.02772926117139507,0.013864630585697535
reference,0,0.5876,11,0.024827468931800656,0.008275822977267477
reference,0,0.5876,12,0.023060868458867567,0.003843478076477669
reference,0,0.5876,13,0.022467931525037343,0
reference,0,0.5876,14,0.023060868458867567,-0.003843478076477669
reference,0,0.5876,15,0.024827468931800656,-0.008275822977267477
reference,0,0.5876,16,0.02772926117139507,-0.013864630585697535
reference,0,0.5876,17,0.031695601478636704,-0.021130400985756914
reference,0,0.5876,18,0.03661241057569864,-0.03051034214641568
reference,0,0.5876,19,0.03051034214641568,0.03661241057569864
reference,0,0.5876,20,0.025478648647299096,0.025478648647299096
reference,0,0.5876,21,0.021176804055385468,0.01694144324430802
reference,0,0.5876,22,0.017730107816222862,0.010638064689733717
reference,0,0.5876,23,0.015219470853022443,0.006087788341209377
reference,0,0.5876,24,0.013694991953066893,0.002738998390613201
reference,0,0.5876,25,0.013183947216761194,0
reference,0,0.5876,26,0.013694991953066893,-0.002738998390613201
reference,0,0.5876,27,0.015219470853022443,-0.006087788341209377
reference,0,0.5876,28,0.017730107816222862,-0.010638064689733717
reference,0,0.5876,29,0.021176804055385468,-0.01694144324430802
reference,0,0.5876,30,0.025478648647299096,-0.025478648647299096
reference,0,0.5876,31,0.03051034214641568,-0.03661241057569864
reference,0,0.5876,32,0.021130400985756914,0.031695601478636704
reference,0,0.5876,33,0.01694144324430802,0.021176804055385468
reference,0,0.5876,34,0.01338440921936046,0.01338440921936046
reference,0,0.5876,35,0.010547157773409754,0.007910368330056317
reference,0,0.5876,36,0.008486416226998639,0.004243208113499319
reference,0,0.5876,37,0.007237294870301003,0.0018093237175752508
reference,0,0.5876,38,0.006818900652950433,0
reference,0,0.5876,39,0.007237294870301003,-0.0018093237175752508
reference,0,0.5876,40,0.008486416226998639,-0.004243208113499319
reference,0,0.5876,41,0.010547157773409754,-0.007910368330056317
reference,0,0.5876,42,0.01338440921936046,-0.01338440921936046
reference,0,0.5876,43,0.01694144324430802,-0.021176804055385468
reference,0,0.5876,44,0.021130400985756914,-0.031695601478636704
reference,0,0.5876,45,0.017498900376294424,0.0408307675446844
reference,0,0.5876,46,0.013864630585697535,0.02772926117139507
reference,0,0.5876,47,0.010638064689733717,0.017730107816222862
reference,0,0.5876,48,0.007910368330056317,0.010547157773409754
reference,0,0.5876,49,0.0057410166581342015,0.0057410166581342015
reference,0,0.5876,50,0.0041683974046919925,0.002778931603128143
reference,0,0.5876,51,0.003216257041314341,0.0010720856804377066
reference,0,0.5876,52,0.0028975115737501778,0
reference,0,0.5876,53,0.003216257041314341,-0.0010720856804377066
reference,0,0.5876,54,0.0041683974046919925,-0.002778931603128143
reference,0,0.5876,55,0.0057410166581342015,-0.0057410166581342015
reference,0,0.5876,56,0.007910368330056317,-0.010547157773409754
reference,0,0.5876,57,0.010638064689733717,-0.017730107816222862
reference,0,0.5876,58,0.013864630585697535,-0.02772926117139507
reference,0,0.5876,59,0.017498900376294424,-0.0408307675446844
reference,0,0.5876,60,0.010750821640288288,0.037627875741008676
reference,0,0.5876,61,0.008275822977267477,0.024827468931800656
reference,0,0.5876,62,0.006087788341209377,0.015219470853022443
reference,0,0.5876,63,0.004243208113499319,0.008486416226998639
reference,0,0.5876,64,0.002778931603128143,0.0041683974046919925
reference,0,0.5876,65,0.0017187335183088681,0.0017187335183088681
reference,0,0.5876,66,0.001077313153770909,0.0005386565768854545
reference,0,0.5876,67,0.0008626618428941857,0
reference,0,0.5876,68,0.001077313153770909,-0.0005386565768854545
reference,0,0.5876,69,0.0017187335183088681,-0.0017187335183088681
reference,0,0.5876,70,0.002778931603128143,-0.0041683974046919925
reference,0,0.5876,71,0.004243208113499319,-0.008486416226998639
reference,0,0.5876,72,0.006087788341209377,-0.015219470853022443
reference,0,0.5876,73,0.008275822977267477,-0.024827468931800656
reference,0,0.5876,74,0.010750821640288288,-0.037627875741008676
reference,0,0.5876,75,0.005095729729459597,0.0356701081062174
reference,0,0.5876,76,0.003843478076477669,0.023060868458867567
reference,0,0.5876,77,0.002738998390613201,0.013694991953066893
reference,0,0.5876,78,0.0018093237175752508,0.007237294870301003
reference,0,0.5876,79,0.0010720856804377066,0.003216257041314341
reference,0,0.5876,80,0.0005386565768854545,0.001077313153770909
reference,0,0.5876,81,0.00021606502230175906,0.00021606502230175906
reference,0,0.5876,82,0.00010813089770411732,0
reference,0,0.5876,83,0.00021606502230175906,-0.00021606502230175906
reference,0,0.5876,84,0.0005386565768854545,-0.001077313153770909
reference,0,0.5876,85,0.0010720856804377066,-0.003216257041314341
reference,0,0.5876,86,0.0018093237175752508,-0.007237294870301003
reference,0,0.5876,87,0.002738998390613201,-0.013694991953066893
reference,0,0.5876,88,0.003843478076477669,-0.023060868458867567
reference,0,0.5876,89,0.005095729729459597,-0.0356701081062174
reference,0,0.5876,90,0,0.050934971077166935
reference,0,0.5876,91,0,0.035011773150045666
reference,0,0.5876,92,0,0.022467931525037343
reference,0,0.5876,93,0,0.013183947216761194
reference,0,0.5876,94,0,0.006818900652950433
reference,0,0.5876,95,0,0.0028975115737501778
reference,0,0.5876,96,0,0.0008626618428941857
reference,0,0.5876,97,0,0.00010813089770411732
reference,0,0.5876,98,0,0
reference,0,0.5876,99,0,-0.00010813089770411732
reference,0,0.5876,100,0,-0.0008626618428941857
reference,0,0.5876,101,0,-0.0028975115737501778
reference,0,0.5876,102,0,-0.006818900652950433
reference,0,0.5876,103,0,-0.013183947216761194
reference,0,0.5876,104,0,-0.022467931525037343
reference,0,0.5876,105,0,-0.035011773150045666
reference,0,0.5876,106,0,-0.050934971077166935
reference,0,0.5876,107,-0.005095729729459597,0.0356701081062174
reference,0,0.5876,108,-0.003843478076477669,0.023060868458867567
reference,0,0.5876,109,-0.002738998390613201,0.013694991953066893
reference,0,0.5876,110,-0.0018093237175752508,0.007237294870301003
reference,0,0.5876,111,-0.0010720856804377066,0.003216257041314341
reference,0,0.5876,112,-0.0005386565768854545,0.001077313153770909
reference,0,0.5876,113,-0.00021606502230175906,0.00021606502230175906
reference,0,0.5876,114,-0.00010813089770411732,0
reference,0,0.5876,115,-0.00021606502230175906,-0.00021606502230175906
reference,0,0.5876,116,-0.0005386565768854545,-0.001077313153770909
reference,0,0.5876,117,-0.0010720856804377066,-0.003216257041314341
reference,0,0.5876,118,-0.0018093237175752508,-0.007237294870301003
reference,0,0.5876,119,-0.002738998390613201,-0.013694991953066893
reference,0,0.5876,120,-0.003843478076477669,-0.023060868458867567
reference,0,0.5876,121,-0.005095729729459597,-0.0356701081062174
reference,0,0.5876,122,-0.010750821640288288,0.037627875741008676
reference,0,0.5876,123,-0.008275822977267477,0.024827468931800656
reference,0,0.5876,124,-0.006087788341209377,0.015219470853022443
reference,0,0.5876,125,-0.004243208113499319,0.008486416226998639
reference,0,0.5876,126,-0.002778931603128143,0.0041683974046919925
reference,0,0.5876,127,-0.0017187335183088681,0.0017187335183088681
reference,0,0.5876,128,-0.001077313153770909,0.0005386565768854545
reference,0,0.5876,129,-0.0008626618428941857,0
reference,0,0.5876,130,-0.001077313153770909,-0.0005386565768854545
reference,0,0.5876,131,-0.0017187335183088681,-0.0017187335183088681
reference,0,0.5876,132,-0.002778931603128143,-0.0041683974046919925
reference,0,0.5876,133,-0.004243208113499319,-0.008486416226998639
reference,0,0.5876,134,-0.006087788341209377,-0.015219470853022443
reference,0,0.5876,135,-0.008275822977267477,-0.024827468931800656
reference,0,0.5876,136,-0.010750821640288288,-0.037627875741008676
reference,0,0.5876,137,-0.017498900376294424,0.0408307675446844
reference,0,0.5876,138,-0.013864630585697535,0.02772926117139507
reference,0,0.5876,139,-0.010638064689733717,0.017730107816222862
reference,0,0.5876,140,-0.007910368330056317,0.010547157773409754
reference,0,0.5876,141,-0.0057410166581342015,0.0057410166581342015
reference,0,0.5876,142,-0.0041683974046919925,0.002778931603128143
reference,0,0.5876,143,-0.003216257041314341,0.0010720856804377066
reference,0,0.5876,144,-0.0028975115737501778,0
reference,0,0.5876,145,-0.003216257041314341,-0.0010720856804377066
reference,0,0.5876,146,-0.0041683974046919925,-0.002778931603128143
reference,0,0.5876,147,-0.0057410166581342015,-0.0057410166581342015
reference,0,0.5876,148,-0.007910368330056317,-0.010547157773409754
reference,0,0.5876,149,-0.010638064689733717,-0.017730107816222862
reference,0,0.5876,150,-0.013864630585697535,-0.02772926117139507
reference,0,0.5876,151,-0.017498900376294424,-0.0408307675446844
reference,0,0.5876,152,-0.021130400985756914,0.031695601478636704
reference,0,0.5876,153,-0.01694144324430802,0.021176804055385468
reference,0,0.5876,154,-0.01338440921936046,0.01338440921936046
reference,0,0.5876,155,-0.010547157773409754,0.007910368330056317
reference,0,0.5876,156,-0.008486416226998639,0.004243208113499319
reference,0,0.5876,157,-0.007237294870301003,0.0018093237175752508
reference,0,0.5876,158,-0.006818900652950433,0
reference,0,0.5876,159,-0.007237294870301003,-0.0018093237175752508
reference,0,0.5876,160,-0.008486416226998639,-0.004243208113499319
reference,0,0.5876,161,-0.010547157773409754,-0.007910368330056317
reference,0,0.5876,162,-0.01338440921936046,-0.01338440921936046
reference,0,0.5876,163,-0.01694144324430802,-0.021176804055385468
reference,0,0.5876,164,-0.021130400985756914,-0.031695601478636704
reference,0,0.5876,165,-0.03051034214641568,0.03661241057569864
reference,0,0.5876,166,-0.025478648647299096,0.025478648647299096
reference,0,0.5876,167,-0.021176804055385468,0.01694144324430802
reference,0,0.5876,168,-0.017730107816222862,0.010638064689733717
reference,0,0.5876,169,-0.015219470853022443,0.006087788341209377
reference,0,0.5876,170,-0.013694991953066893,0.002738998390613201
reference,0,0.5876,171,-0.013183947216761194,0
reference,0,0.5876,172,-0.013694991953066893,-0.002738998390613201
reference,0,0.5876,173,-0.015219470853022443,-0.006087788341209377
reference,0,0.5876,174,-0.017730107816222862,-0.010638064689733717
reference,0,0.5876,175,-0.021176804055385468,-0.01694144324430802
reference,0,0.5876,176,-0.025478648647299096,-0.025478648647299096
reference,0,0.5876,177,-0.03051034214641568,-0.03661241057569864
reference,0,0.5876,178,-0.03661241057569864,0.03051034214641568
reference,0,0.5876,179,-0.031695601478636704,0.021130400985756914
reference,0,0.5876,180,-0.02772926117139507,0.013864630585697535
reference,0,0.5876,181,-0.024827468931800656,0.008275822977267477
reference,0,0.5876,182,-0.023060868458867567,0.003843478076477669
reference,0,0.5876,183,-0.022467931525037343,0
reference,0,0.5876,184,-0.023060868458867567,-0.003843478076477669
reference,0,0.5876,185,-0.024827468931800656,-0.008275822977267477
reference,0,0.5876,186,-0.02772926117139507,-0.013864630585697535
reference,0,0.5876,187,-0.031695601478636704,-0.021130400985756914
reference,0,0.5876,188,-0.03661241057569864,-0.03051034214641568
reference,0,0.5876,189,-0.0408307675446844,0.017498900376294424
reference,0,0.5876,190,-0.037627875741008676,0.010750821640288288
reference,0,0.5876,191,-0.0356701081062174,0.005095729729459597
reference,0,0.5876,192,-0.035011773150045666,0
reference,0,0.5876,193,-0.0356701081062174,-0.005095729729459597
reference,0,0.5876,194,-0.037627875741008676,-0.010750821640288288
reference,0,0.5876,195,-0.0408307675446844,-0.017498900376294424
reference,0,0.5876,196,-0.050934971077166935,0
reference,0,0.6563,0,0.051405304930794316,0
reference,0,0.6563,1,0.04105552123994727,0.017595223388548575
reference,0,0.6563,2,0.03770309068107247,0.010772311623163278
reference,0,0.6563,3,0.035658150650951015,0.005094021521564351
reference,0,0.6563,4,0.03497117120073856,0
reference,0,0.6563,5,0.035658150650951015,-0.005094021521564351
reference,0,0.6563,6,0.03770309068107247,-0.010772311623163278
reference,0,0.6563,7,0.04105552123994727,-0.017595223388548575
reference,0,0.6563,8,0.036884228049224976,0.030736856707688
reference,0,0.6563,9,0.03173498633365268,0.021156657555769343
reference,0,0.6563,10,0.02759797509747086,0.01379898754873543
reference,0,0.6563,11,0.024579338629207914,0.008193112876402342
reference,0,0.6563,12,0.02274456334600483,0.003790760557667583
reference,0,0.6563,13,0.02212921449453953,0
reference,0,0.6563,14,0.02274456334600483,-0.003790760557667583
reference,0,0.6563,15,0.024579338629207914,-0.008193112876402342
reference,0,0.6563,16,0.02759797509747086,-0.01379898754873543
reference,0,0.6563,17,0.03173498633365268,-0.021156657555769343
reference,0,0.6563,18,0.036884228049224976,-0.030736856707688
reference,0,0.6563,19,0.030736856707688,0.036884228049224976
reference,0,0.6563,20,0.02547010760782209,0.02547010760782209
reference,0,0.6563,21,0.020989231187728663,0.016791384950182398
reference,0,0.6563,22,0.01741087449274792,0.010446524695648884
reference,0,0.6563,23,0.014810000769331921,0.005924000307732991
reference,0,0.6563,24,0.013232833734597715,0.002646566746919432
reference,0,0.6563,25,0.012704462053412247,0
reference,0,0.6563,26,0.013232833734597715,-0.002646566746919432
reference,0,0.6563,27,0.014810000769331921,-0.005924000307732991
reference,0,0.6563,28,0.01741087449274792,-0.010446524695648884
reference,0,0.6563,29,0.020989231187728663,-0.016791384950182398
reference,0,0.6563,30,0.02547010760782209,-0.02547010760782209
reference,0,0.6563,31,0.030736856707688,-0.036884228049224976
reference,0,0.6563,32,0.021156657555769343,0.03173498633365268
reference,0,0.6563,33,0.016791384950182398,0.020989231187728663
reference,0,0.6563,34,0.01309985066397168,0.01309985066397168
reference,0,0.6563,35,0.010163569642729353,0.007622677232046904
reference,0,0.6563,36,0.008034897138278652,0.004017448569139326
reference,0,0.6563,37,0.006746089451123538,0.0016865223627808845
reference,0,0.6563,38,0.006314640430989726,0
reference,0,0.6563,39,0.006746089451123538,-0.0016865223627808845
reference,0,0.6563,40,0.008034897138278652,-0.004017448569139326
reference,0,0.6563,41,0.010163569642729353,-0.007622677232046904
reference,0,0.6563,42,0.01309985066397168,-0.01309985066397168
reference,0,0.6563,43,0.016791384950182398,-0.020989231187728663
reference,0,0.6563,44,0.021156657555769343,-0.03173498633365268
reference,0,0.6563,45,0.017595223388548575,0.04105552123994727
reference,0,0.6563,46,0.01379898754873543,0.02759797509747086
reference,0,0.6563,47,0.010446524695648884,0.01741087449274792
reference,0,0.6563,48,0.007622677232046904,0.010163569642729353
reference,0,0.6563,49,0.0053824685493895075,0.0053824685493895075
reference,0,0.6563,50,0.0037612123648791407,0.002507474909918983
reference,0,0.6563,51,0.0027806455944598962,0.0009268818648198174
reference,0,0.6563,52,0.002452547333341659,0
reference,0,0.6563,53,0.0027806455944598962,-0.0009268818648198174
reference,0,0.6563,54,0.0037612123648791407,-0.002507474909918983
reference,0,0.6563,55,0.0053824685493895075,-0.0053824685493895075
reference,0,0.6563,56,0.007622677232046904,-0.010163569642729353
reference,0,0.6563,57,0.010446524695648884,-0.01741087449274792
reference,0,0.6563,58,0.01379898754873543,-0.02759797509747086
reference,0,0.6563,59,0.017595223388548575,-0.04105552123994727
reference,0,0.6563,60,0.010772311623163278,0.03770309068107247
reference,0,0.6563,61,0.008193112876402342,0.024579338629207914
reference,0,0.6563,62,0.005924000307732991,0.014810000769331921
reference,0,0.6563,63,0.004017448569139326,0.008034897138278652
reference,0,0.6563,64,0.002507474909918983,0.0037612123648791407
reference,0,0.6563,65,0.0014158957961396545,0.0014158957961396545
reference,0,0.6563,66,0.000756129077879697,0.0003780645389398485
reference,0,0.6563,67,0.0005354406216413476,0
reference,0,0.6563,68,0.000756129077879697,-0.0003780645389398485
reference,0,0.6563,69,0.0014158957961396545,-0.0014158957961396545
reference,0,0.6563,70,0.002507474909918983,-0.0037612123648791407
reference,0,0.6563,71,0.004017448569139326,-0.008034897138278652
reference,0,0.6563,72,0.005924000307732991,-0.014810000769331921
reference,0,0.6563,73,0.008193112876402342,-0.024579338629207914
reference,0,0.6563,74,0.010772311623163278,-0.03770309068107247
reference,0,0.6563,75,0.005094021521564351,0.035658150650951015
reference,0,0.6563,76,0.003790760557667583,0.02274456334600483
reference,0,0.6563,77,0.002646566746919432,0.013232833734597715
reference,0,0.6563,78,0.0016865223627808845,0.006746089451123538
reference,0,0.6563,79,0.0009268818648198174,0.0027806455944598962
reference,0,0.6563,80,0.0003780645389398485,0.000756129077879697
reference,0,0.6563,81,0.00004647499081011919,0.00004647499081011919
reference,0,0.6563,82,-0.00006442031061781872,0
reference,0,0.6563,83,0.00004647499081011919,-0.00004647499081011919
reference,0,0.6563,84,0.0003780645389398485,-0.000756129077879697
reference,0,0.6563,85,0.0009268818648198174,-0.0027806455944598962
reference,0,0.6563,86,0.0016865223627808845,-0.006746089451123538
reference,0,0.6563,87,0.002646566746919432,-0.013232833734597715
reference,0,0.6563,88,0.003790760557667583,-0.02274456334600483
reference,0,0.6563,89,0.005094021521564351,-0.035658150650951015
reference,0,0.6563,90,0,0.051405304930794316
reference,0,0.6563,91,0,0.03497117120073856
reference,0,0.6563,92,0,0.02212921449453953
reference,0,0.6563,93,0,0.012704462053412247
reference,0,0.6563,94,0,0.006314640430989726
reference,0,0.6563,95,0,0.002452547333341659
reference,0,0.6563,96,0,0.0005354406216413476
reference,0,0.6563,97,0,-0.00006442031061781872
reference,0,0.6563,98,0,0
reference,0,0.6563,99,0,0.00006442031061781872
reference,0,0.6563,100,0,-0.0005354406216413476
reference,0,0.6563,101,0,-0.002452547333341659
reference,0,0.6563,102,0,-0.006314640430989726
reference,0,0.6563,103,0,-0.012704462053412247
reference,0,0.6563,104,0,-0.02212921449453953
reference,0,0.6563,105,0,-0.03497117120073856
reference,0,0.6563,106,0,-0.051405304930794316
reference,0,0.6563,107,-0.005094021521564351,0.035658150650951015
reference,0,0.6563,108,-0.003790760557667583,0.02274456334600483
reference,0,0.6563,109,-0.002646566746919432,0.013232833734597715
reference,0,0.6563,110,-0.0016865223627808845,0.006746089451123538
reference,0,0.6563,111,-0.0009268818648198174,0.0027806455944598962
reference,0,0.6563,112,-0.0003780645389398485,0.000756129077879697
reference,0,0.6563,113,-0.00004647499081011919,0.00004647499081011919
reference,0,0.6563,114,0.00006442031061781872,0
reference,0,0.6563,115,-0.00004647499081011919,-0.00004647499081011919
reference,0,0.6563,116,-0.0003780645389398485,-0.000756129077879697
reference,0,0.6563,117,-0.0009268818648198174,-0.0027806455944598962
reference,0,0.6563,118,-0.0016865223627808845,-0.006746089451123538
reference,0,0.6563,119,-0.002646566746919432,-0.013232833734597715
reference,0,0.6563,120,-0.003790760557667583,-0.02274456334600483
reference,0,0.6563,121,-0.005094021521564351,-0.035658150650951015
reference,0,0.6563,122,-0.010772311623163278,0.03770309068107247
reference,0,0.6563,123,-0.008193112876402342,0.024579338629207914
reference,0,0.6563,124,-0.005924000307732991,0.014810000769331921
reference,0,0.6563,125,-0.004017448569139326,0.008034897138278652
reference,0,0.6563,126,-0.002507474909918983,0.0037612123648791407
reference,0,0.6563,127,-0.0014158957961396545,0.0014158957961396545
reference,0,0.6563,128,-0.000756129077879697,0.0003780645389398485
reference,0,0.6563,129,-0.0005354406216413476,0
reference,0,0.6563,130,-0.000756129077879697,-0.0003780645389398485
reference,0,0.6563,131,-0.0014158957961396545,-0.0014158957961396545
reference,0,0.6563,132,-0.002507474909918983,-0.0037612123648791407
reference,0,0.6563,133,-0.004017448569139326,-0.008034897138278652
reference,0,0.6563,134,-0.005924000307732991,-0.014810000769331921
reference,0,0.6563,135,-0.008193112876402342,-0.024579338629207914
reference,0,0.6563,136,-0.010772311623163278,-0.03770309068107247
reference,0,0.6563,137,-0.017595223388548575,0.04105552123994727
reference,0,0.6563,138,-0.01379898754873543,0.02759797509747086
reference,0,0.6563,139,-0.010446524695648884,0.01741087449274792
reference,0,0.6563,140,-0.007622677232046904,0.010163569642729353
reference,0,0.6563,141,-0.0053824685493895075,0.0053824685493895075
reference,0,0.6563,142,-0.0037612123648791407,0.002507474909918983
reference,0,0.6563,143,-0.0027806455944598962,0.0009268818648198174
reference,0,0.6563,144,-0.002452547333341659,0
reference,0,0.6563,145,-0.0027806455944598962,-0.0009268818648198174
reference,0,0.6563,146,-0.0037612123648791407,-0.002507474909918983
reference,0,0.6563,147,-0.0053824685493895075,-0.0053824685493895075
reference,0,0.6563,148,-0.007622677232046904,-0.010163569642729353
reference,0,0.6563,149,-0.010446524695648884,-0.01741087449274792
reference,0,0.6563,150,-0.01379898754873543,-0.02759797509747086
reference,0,0.6563,151,-0.017595223388548575,-0.04105552123994727
reference,0,0.6563,152,-0.021156657555769343,0.03173498633365268
reference,0,0.6563,153,-0.016791384950182398,0.020989231187728663
reference,0,0.6563,154,-0.01309985066397168,0.01309985066397168
reference,0,0.6563,155,-0.010163569642729353,0.007622677232046904
reference,0,0.6563,156,-0.008034897138278652,0.004017448569139326
reference,0,0.6563,157,-0.006746089451123538,0.0016865223627808845
reference,0,0.6563,158,-0.006314640430989726,0
reference,0,0.6563,159,-0.006746089451123538,-0.0016865223627808845
reference,0,0.6563,160,-0.008034897138278652,-0.004017448569139326
reference,0,0.6563,161,-0.010163569642729353,-0.007622677232046904
reference,0,0.6563,162,-0.01309985066397168,-0.01309985066397168
reference,0,0.6563,163,-0.016791384950182398,-0.020989231187728663
reference,0,0.6563,164,-0.021156657555769343,-0.03173498633365268
reference,0,0.6563,165,-0.030736856707688,0.036884228049224976
reference,0,0.6563,166,-0.02547010760782209,0.02547010760782209
reference,0,0.6563,167,-0.020989231187728663,0.016791384950182398
reference,0,0.6563,168,-0.01741087449274792,0.010446524695648884
reference,0,0.6563,169,-0.014810000769331921,0.005924000307732991
reference,0,0.6563,170,-0.013232833734597715,0.002646566746919432
reference,0,0.6563,171,-0.012704462053412247,0
reference,0,0.6563,172,-0.013232833734597715,-0.002646566746919432
reference,0,0.6563,173,-0.014810000769331921,-0.005924000307732991
reference,0,0.6563,174,-0.01741087449274792,-0.010446524695648884
reference,0,0.6563,175,-0.020989231187728663,-0.016791384950182398
reference,0,0.6563,176,-0.02547010760782209,-0.02547010760782209
reference,0,0.6563,177,-0.030736856707688,-0.036884228049224976
reference,0,0.6563,178,-0.036884228049224976,0.030736856707688
reference,0,0.6563,179,-0.03173498633365268,0.021156657555769343
reference,0,0.6563,180,-0.02759797509747086,0.01379898754873543
reference,0,0.6563,181,-0.024579338629207914,0.008193112876402342
reference,0,0.6563,182,-0.02274456334600483,0.003790760557667583
reference,0,0.6563,183,-0.02212921449453953,0
reference,0,0.6563,184,-0.02274456334600483,-0.003790760557667583
reference,0,0.6563,185,-0.024579338629207914,-0.008193112876402342
reference,0,0.6563,186,-0.02759797509747086,-0.01379898754873543
reference,0,0.6563,187,-0.03173498633365268,-0.021156657555769343
reference,0,0.6563,188,-0.036884228049224976,-0.030736856707688
reference,0,0.6563,189,-0.04105552123994727,0.017595223388548575
reference,0,0.6563,190,-0.03770309068107247,0.010772311623163278
reference,0,0.6563,191,-0.035658150650951015,0.005094021521564351
reference,0,0.6563,192,-0.03497117120073856,0
reference,0,0.6563,193,-0.035658150650951015,-0.005094021521564351
reference,0,0.6563,194,-0.03770309068107247,-0.010772311623163278
reference,0,0.6563,195,-0.04105552123994727,-0.017595223388548575
reference,0,0.6563,196,-0.051405304930794316,0
reference,14,0.4861,0,0.056892857676871245,12.533660982106444
reference,14,0.4861,1,0.052723862127681986,12.53061921640831
reference,14,0.4861,2,0.05188690325566592,12.52944758472652
reference,14,0.4861,3,0.05073470490567322,12.529281134598024
reference,14,0.4861,4,0.04900844171699692,12.530628280375572
reference,14,0.4861,5,0.046331835081534045,12.534246677873595
reference,14,0.4861,6,0.0421739939540382,12.541266550862323
reference,14,0.4861,7,0.035794424189262486,12.5533649605932
reference,14,0.4861,8,0.04304679343153461,12.534109494044717
reference,14,0.4861,9,0.0425856583537052,12.531914723905077
reference,14,0.4861,10,0.04218548512980158,12.530064041543609
reference,14,0.4861,11,0.04178020901423274,12.5287511295276
reference,14,0.4861,12,0.04124528084766954,12.52824712340865
reference,14,0.4861,13,0.040385467121272445,12.52896311051012
reference,14,0.4861,14,0.038916125023957804,12.531531009521142
reference,14,0.4861,15,0.03643538250516798,12.536913240265909
reference,14,0.4861,16,0.032383131941415844,12.54655684279778
reference,14,0.4861,17,0.025980327629573363,12.562616416603205
reference,14,0.4861,18,0.016138099099272996,12.588284894330302
reference,14,0.4861,19,0.03361914809855859,12.535917291093067
reference,14,0.4861,20,0.03315207675606624,12.533652407112498
reference,14,0.4861,21,0.03281494070358315,12.531573883257662
reference,14,0.4861,22,0.0325986358666972,12.529803115507784
reference,14,0.4861,23,0.03245510519056083,12.528482844744408
reference,14,0.4861,24,0.032291859855704264,12.527824374939886
reference,14,0.4861,25,0.03196282864053046,12.528164819638564
reference,14,0.4861,26,0.03125436964902484,12.530040862047894
reference,14,0.4861,27,0.02986454958415541,12.534288310700866
reference,14,0.4861,28,0.027372694273651188,12.542181359126902
reference,14,0.4861,29,0.023194468161032322,12.555633090369097
reference,14,0.4861,30,0.016514881047811514,12.577491524664175
reference,14,0.4861,31,0.006186805583304977,12.61198727290818
reference,14,0.4861,32,0.02492947948660218,12.535408000363674
reference,14,0.4861,33,0.02454287175054759,12.533285814612718
reference,14,0.4861,34,0.02429990519002745,12.531359351769817
reference,14,0.4861,35,0.0241953226145335,12.529715217155683
reference,14,0.4861,36,0.024194885380399267,12.528457793006638
reference,14,0.4861,37,0.024231328214594505,12.527753403236767
reference,14,0.4861,38,0.024197640850279978,12.527883691628467
reference,14,0.4861,39,0.023936823941917762,12.529314141441327
reference,14,0.4861,40,0.02322674599343255,12.532786205872084
reference,14,0.4861,41,0.021757940826690803,12.53944569800478
reference,14,0.4861,42,0.01910094022207609,12.551026952173864
reference,14,0.4861,43,0.01465770495037022,12.570123689752805
reference,14,0.4861,44,0.007588311496752986,12.600596914427703
reference,14,0.4861,45,0.01787730719597702,12.537082635025186
reference,14,0.4861,46,0.017466840884198698,12.534982920817964
reference,14,0.4861,47,0.017169149980553522,12.533003468198906
reference,14,0.4861,48,0.017000675200545157,12.531227827041903
reference,14,0.4861,49,0.016958603489616753,12.52971722797485
reference,14,0.4861,50,0.017019545845724515,12.528548085457524
reference,14,0.4861,51,0.017136689634705826,12.527853979553225
reference,14,0.4861,52,0.017235084305591508,12.527876262385869
reference,14,0.4861,53,0.01720446410111376,12.529028825736527
reference,14,0.4861,54,0.016888653170521906,12.531984927084512
reference,14,0.4861,55,0.01607005690053631,12.537797836903955
reference,14,0.4861,56,0.014446888423116366,12.548073396704929
reference,14,0.4861,57,0.011599388206937178,12.565223070204727
reference,14,0.4861,58,0.006938970024697122,12.592843821953103
reference,14,0.4861,59,-0.000369762387687933,12.63630192516278
reference,14,0.4861,60,0.011318193824037648,12.536668965175725
reference,14,0.4861,61,0.011031122110871427,12.534664117204228
reference,14,0.4861,62,0.010828885310184999,12.532802537935895
reference,14,0.4861,63,0.010722478320017714,12.531150976691174
reference,14,0.4861,64,0.010710543948414974,12.529753370552806
reference,14,0.4861,65,0.010778524135721446,12.528667082937021
reference,14,0.4861,66,0.010896846325205711,12.528003419256034
reference,14,0.4861,67,0.011017926229087927,12.527976369469002
reference,14,0.4861,68,0.011071608618844042,12.52896485448912
reference,14,0.4861,69,0.010958443090111736,12.53159599403834
reference,14,0.4861,70,0.010539852024384455,12.536860571509337
reference,14,0.4861,71,0.009623712477062174,12.546277844420729
reference,14,0.4861,72,0.007943004083653227,12.562136732232684
reference,14,0.4861,73,0.0051237251823108565,12.587857091492367
reference,14,0.4861,74,0.0006357978108146867,12.628543614166666
reference,14,0.4861,75,0.005473786251023349,12.53640855067355
reference,14,0.4861,76,0.005326305612107229,12.534466843527506
reference,14,0.4861,77,0.0052240326082449995,12.532682069639284
reference,14,0.4861,78,0.0051724777475848915,12.531111207185958
reference,14,0.4861,79,0.0051711137952300534,12.529788131069761
reference,14,0.4861,80,0.0052129613219767945,12.52875912501364
reference,14,0.4861,81,0.005283706580987202,12.528122552343525
reference,14,0.4861,82,0.005360244887624432,12.528076523686465
reference,14,0.4861,83,0.005408465850501698,12.528979690347079
reference,14,0.4861,84,0.005379988458030782,12.53143246390078
reference,14,0.4861,85,0.005207390208006757,12.536389502143582
reference,14,0.4861,86,0.004797216470014964,12.545320073359285
reference,14,0.4861,87,0.004019637782045282,12.560442447912436
reference,14,0.4861,88,0.0026929260294125124,12.585074536164335
reference,14,0.4861,89,0.0005597297744980301,12.62417072047361
reference,14,0.4861,90,0,12.538289597885464
reference,14,0.4861,91,0,12.536319746088399
reference,14,0.4861,92,0,12.534400093832215
reference,14,0.4861,93,0,12.532641908008877
reference,14,0.4861,94,0,12.531098959384671
reference,14,0.4861,95,0,12.529801819381785
reference,14,0.4861,96,0,12.528793135142353
reference,14,0.4861,97,0,12.528167024249289
reference,14,0.4861,98,0,12.528116391118756
reference,14,0.4861,99,0,12.528993245617517
reference,14,0.4861,100,0,12.531389253813888
reference,14,0.4861,101,0,12.536247251897787
reference,14,0.4861,102,0,12.545020160810484
reference,14,0.4861,103,0,12.5599031639236
reference,14,0.4861,104,0,12.584180883077675
reference,14,0.4861,105,0,12.622758662087824
reference,14,0.4861,106,0,12.682995579704873
reference,14,0.4861,107,-0.005473786251023349,12.53640855067355
reference,14,0.4861,108,-0.005326305612107229,12.534466843527506
reference,14,0.4861,109,-0.0052240326082449995,12.532682069639284
reference,14,0.4861,110,-0.0051724777475848915,12.531111207185958
reference,14,0.4861,111,-0.0051711137952300534,12.529788131069761
reference,14,0.4861,112,-0.0052129613219767945,12.52875912501364
reference,14,0.4861,113,-0.005283706580987202,12.528122552343525
reference,14,0.4861,114,-0.005360244887624432,12.528076523686465
reference,14,0.4861,115,-0.005408465850501698,12.528979690347079
reference,14,0.4861,116,-0.005379988458030782,12.53143246390078
reference,14,0.4861,117,-0.005207390208006757,12.536389502143582
reference,14,0.4861,118,-0.004797216470014964,12.545320073359285
reference,14,0.4861,119,-0.004019637782045282,12.560442447912436
reference,14,0.4861,120,-0.0026929260294125124,12.585074536164335
reference,14,0.4861,121,-0.0005597297744980301,12.62417072047361
reference,14,0.4861,122,-0.011318193824037648,12.536668965175725
reference,14,0.4861,123,-0.011031122110871427,12.534664117204228
reference,14,0.4861,124,-0.010828885310184999,12.532802537935895
reference,14,0.4861,125,-0.010722478320017714,12.531150976691174
reference,14,0.4861,126,-0.010710543948414974,12.529753370552806
reference,14,0.4861,127,-0.010778524135721446,12.528667082937021
reference,14,0.4861,128,-0.010896846325205711,12.528003419256034
reference,14,0.4861,129,-0.011017926229087927,12.527976369469002
reference,14,0.4861,130,-0.011071608618844042,12.52896485448912
reference,14,0.4861,131,-0.010958443090111736,12.53159599403834
reference,14,0.4861,132,-0.010539852024384455,12.536860571509337
reference,14,0.4861,133,-0.009623712477062174,12.546277844420729
reference,14,0.4861,134,-0.007943004083653227,12.562136732232684
reference,14,0.4861,135,-0.0051237251823108565,12.587857091492367
reference,14,0.4861,136,-0.0006357978108146867,12.628543614166666
reference,14,0.4861,137,-0.01787730719597702,12.537082635025186
reference,14,0.4861,138,-0.017466840884198698,12.534982920817964
reference,14,0.4861,139,-0.017169149980553522,12.533003468198906
reference,14,0.4861,140,-0.017000675200545157,12.531227827041903
reference,14,0.4861,141,-0.016958603489616753,12.52971722797485
reference,14,0.4861,142,-0.017019545845724515,12.528548085457524
reference,14,0.4861,143,-0.017136689634705826,12.527853979553225
reference,14,0.4861,144,-0.017235084305591508,12.527876262385869
reference,14,0.4861,145,-0.01720446410111376,12.529028825736527
reference,14,0.4861,146,-0.016888653170521906,12.531984927084512
reference,14,0.4861,147,-0.01607005690053631,12.537797836903955
reference,14,0.4861,148,-0.014446888423116366,12.548073396704929
reference,14,0.4861,149,-0.011599388206937178,12.565223070204727
reference,14,0.4861,150,-0.006938970024697122,12.592843821953103
reference,14,0.4861,151,0.000369762387687933,12.63630192516278
reference,14,0.4861,152,-0.02492947948660218,12.535408000363674
reference,14,0.4861,153,-0.02454287175054759,12.533285814612718
reference,14,0.4861,154,-0.02429990519002745,12.531359351769817
reference,14,0.4861,155,-0.0241953226145335,12.529715217155683
reference,14,0.4861,156,-0.024194885380399267,12.528457793006638
reference,14,0.4861,157,-0.024231328214594505,12.527753403236767
reference,14,0.4861,158,-0.024197640850279978,12.527883691628467
reference,14,0.4861,159,-0.023936823941917762,12.529314141441327
reference,14,0.4861,160,-0.02322674599343255,12.532786205872084
reference,14,0.4861,161,-0.021757940826690803,12.53944569800478
reference,14,0.4861,162,-0.01910094022207609,12.551026952173864
reference,14,0.4861,163,-0.01465770495037022,12.570123689752805
reference,14,0.4861,164,-0.007588311496752986,12.600596914427703
reference,14,0.4861,165,-0.03361914809855859,12.535917291093067
reference,14,0.4861,166,-0.03315207675606624,12.533652407112498
reference,14,0.4861,167,-0.03281494070358315,12.531573883257662
reference,14,0.4861,168,-0.0325986358666972,12.529803115507784
reference,14,0.4861,169,-0.03245510519056083,12.528482844744408
reference,14,0.4861,170,-0.032291859855704264,12.527824374939886
reference,14,0.4861,171,-0.03196282864053046,12.528164819638564
reference,14,0.4861,172,-0.03125436964902484,12.530040862047894
reference,14,0.4861,173,-0.02986454958415541,12.534288310700866
reference,14,0.4861,174,-0.027372694273651188,12.542181359126902
reference,14,0.4861,175,-0.023194468161032322,12.555633090369097
reference,14,0.4861,176,-0.016514881047811514,12.577491524664175
reference,14,0.4861,177,-0.006186805583304977,12.61198727290818
reference,14,0.4861,178,-0.04304679343153461,12.534109494044717
reference,14,0.4861,179,-0.0425856583537052,12.531914723905077
reference,14,0.4861,180,-0.04218548512980158,12.530064041543609
reference,14,0.4861,181,-0.04178020901423274,12.5287511295276
reference,14,0.4861,182,-0.04124528084766954,12.52824712340865
reference,14,0.4861,183,-0.040385467121272445,12.52896311051012
reference,14,0.4861,184,-0.038916125023957804,12.531531009521142
reference,14,0.4861,185,-0.03643538250516798,12.536913240265909
reference,14,0.4861,186,-0.032383131941415844,12.54655684279778
reference,14,0.4861,187,-0.025980327629573363,12.562616416603205
reference,14,0.4861,188,-0.016138099099272996,12.588284894330302
reference,14,0.4861,189,-0.052723862127681986,12.53061921640831
reference,14,0.4861,190,-0.05188690325566592,12.52944758472652
reference,14,0.4861,191,-0.05073470490567322,12.529281134598024
reference,14,0.4861,192,-0.04900844171699692,12.530628280375572
reference,14,0.4861,193,-0.046331835081534045,12.534246677873595
reference,14,0.4861,194,-0.0421739939540382,12.541266550862323
reference,14,0.4861,195,-0.035794424189262486,12.5533649605932
reference,14,0.4861,196,-0.056892857676871245,12.533660982106444
reference,14,0.5876,0,0.07086680876002127,12.527144474598611
reference,14,0.5876,1,0.06160160385881008,12.529886893524738
reference,14,0.5876,2,0.06124012452851657,12.527450682824076
reference,14,0.5876,3,0.06072307235531049,12.525751928352213
reference,14,0.5876,4,0.05980974609275247,12.525222370698003
reference,14,0.5876,5,0.05814974295377873,12.526525836023897
reference,14,0.5876,6,0.05524779919082512,12.530674335198086
reference,14,0.5876,7,0.05041185139695559,12.539192295312208
reference,14,0.5876,8,0.04935904436778937,12.5354850789827
reference,14,0.5876,9,0.04905823038286261,12.53250822647595
reference,14,0.5876,10,0.048929485066561806,12.529733706740508
reference,14,0.5876,11,0.04891157786362621,12.527302820830688
reference,14,0.5876,12,0.04888925170560787,12.525427452804337
reference,14,0.5876,13,0.04868151719143521,12.524448634428722
reference,14,0.5876,14,0.04802387156518639,12.524912577603683
reference,14,0.5876,15,0.046541988595791395,12.527673943018023
reference,14,0.5876,16,0.043712998630779154,12.534041096411237
reference,14,0.5876,17,0.038808201517281926,12.545986341450234
reference,14,0.5876,18,0.030807305666531448,12.566457939971704
reference,14,0.5876,19,0.03827276112038147,12.53798998802474
reference,14,0.5876,20,0.0378546848542789,12.535141581320552
reference,14,0.5876,21,0.03765158127518076,12.532385568472296
reference,14,0.5876,22,0.03765504354661253,12.529798436884903
reference,14,0.5876,23,0.03782097684260366,12.527474597196838
reference,14,0.5876,24,0.03806420679229339,12.525570443788855
reference,14,0.5876,25,0.03824971309512559,12.524358053769
reference,14,0.5876,26,0.03817935693711849,12.524294561006922
reference,14,0.5876,27,0.03757229346057578,12.526115920623361
reference,14,0.5876,28,0.036036227387297615,12.530968170350835
reference,14,0.5876,29,0.033025026007901914,12.540596513332154
reference,14,0.5876,30,0.02777550826044184,12.557624591424197
reference,14,0.5876,31,0.01921168975005294,12.58597684144669
reference,14,0.5876,32,0.028306533402864265,12.53749534666557
reference,14,0.5876,33,0.02796332046962302,12.534870040774988
reference,14,0.5876,34,0.02782752441843428,12.532345867635161
reference,14,0.5876,35,0.027894612519278272,12.529967578101921
reference,14,0.5876,36,0.028133464319300305,12.527794237854835
reference,14,0.5876,37,0.028482402714028243,12.52594050514525
reference,14,0.5876,38,0.028842766142247456,12.524626743806373
reference,14,0.5876,39,0.029069195277721782,12.524243494550973
reference,14,0.5876,40,0.0289553236458846,12.52543826077784
reference,14,0.5876,41,0.028212823106517515,12.529236531355815
reference,14,0.5876,42,0.026440582899962095,12.537215454261005
reference,14,0.5876,43,0.023078885718464726,12.551759359758009
reference,14,0.5876,44,0.017340232882046447,12.576444623030342
reference,14,0.5876,45,0.020230715072144356,12.539573983161645
reference,14,0.5876,46,0.019808249764456498,12.537086160998067
reference,14,0.5876,47,0.019545238248750874,12.534662595890632
reference,14,0.5876,48,0.019456975209489746,12.532347981197635
reference,14,0.5876,49,0.019541273762250233,12.530163885773034
reference,14,0.5876,50,0.019777050499987014,12.528143582867319
reference,14,0.5876,51,0.020121537905746223,12.526371336349829
reference,14,0.5876,52,0.020505778684285936,12.525029942807668
reference,14,0.5876,53,0.02082782412868589,12.524461691640706
reference,14,0.5876,54,0.02094272568897071,12.525250164686035
reference,14,0.5876,55,0.02064790077585088,12.528333965206636
reference,14,0.5876,56,0.01966164878417964,12.535169450339275
reference,14,0.5876,57,0.01759128167586499,12.547969450756362
reference,14,0.5876,58,0.013885141301329673,12.570061708710433
reference,14,0.5876,59,0.007759015933609836,12.606439760447902
reference,14,0.5876,60,0.012797427958433083,12.53913172861063
reference,14,0.5876,61,0.012504399339146488,12.536780870702911
reference,14,0.5876,62,0.012326196092082409,12.53451556202311
reference,14,0.5876,63,0.012273142501275869,12.532365318626004
reference,14,0.5876,64,0.012344333702900556,12.530335892111177
reference,14,0.5876,65,0.01252673211493427,12.52844297512996
reference,14,0.5876,66,0.012793394996096552,12.5267501489936
reference,14,0.5876,67,0.013100612039071313,12.525414696142853
reference,14,0.5876,68,0.013383586556122928,12.524746200342062
reference,14,0.5876,69,0.013550084936410745,12.525285001203182
reference,14,0.5876,70,0.013471160284514783,12.527911040817827
reference,14,0.5876,71,0.012967551821949197,12.53399929025151
reference,14,0.5876,72,0.011789541573668405,12.545647278326996
reference,14,0.5876,73,0.009586682444579164,12.566015981601272
reference,14,0.5876,74,0.0058614725610774965,12.599852504336983
reference,14,0.5876,75,0.006187188079610495,12.5388557126448
reference,14,0.5876,76,0.00603730978640471,12.53659250365775
reference,14,0.5876,77,0.005947308796823814,12.53442755721538
reference,14,0.5876,78,0.005922386660412782,12.532381551797595
reference,14,0.5876,79,0.00596225193377542,12.530451028722332
reference,14,0.5876,80,0.0060606803069108706,12.528641451698407
reference,14,0.5876,81,0.0062046533639317225,12.527004382588641
reference,14,0.5876,82,0.006372968136342028,12.525682296155432
reference,14,0.5876,83,0.006534139639105874,12.524965819972474
reference,14,0.5876,84,0.0066433178453020325,12.52537026319893
reference,14,0.5876,85,0.006637786835954507,12.527741656649091
reference,14,0.5876,86,0.0064303708684964045,12.533407986364427
reference,14,0.5876,87,0.005899677458810482,12.544400311108268
reference,14,0.5876,88,0.004875450414442595,12.563783617949351
reference,14,0.5876,89,0.00311618327088492,12.596163408552162
reference,14,0.5876,90,0,12.541023953218858
reference,14,0.5876,91,0,12.538761955880014
reference,14,0.5876,92,0,12.536528849751747
reference,14,0.5876,93,0,12.534398234651814
reference,14,0.5876,94,0,12.532387886359333
reference,14,0.5876,95,0,12.530491321230274
reference,14,0.5876,96,0,12.528710644897444
reference,14,0.5876,97,0,12.527093475763248
reference,14,0.5876,98,0,12.525777433598073
reference,14,0.5876,99,0,12.525046934962916
reference,14,0.5876,100,0,12.52540909312139
reference,14,0.5876,101,0,12.527698842295628
reference,14,0.5876,102,0,12.533228804147285
reference,14,0.5876,103,0,12.544008316702936
reference,14,0.5876,104,0,12.563071024152393
reference,14,0.5876,105,0,12.594976230645756
reference,14,0.5876,106,0,12.646594894608777
reference,14,0.5876,107,-0.006187188079610495,12.5388557126448
reference,14,0.5876,108,-0.00603730978640471,12.53659250365775
reference,14,0.5876,109,-0.005947308796823814,12.53442755721538
reference,14,0.5876,110,-0.005922386660412782,12.532381551797595
reference,14,0.5876,111,-0.00596225193377542,12.530451028722332
reference,14,0.5876,112,-0.0060606803069108706,12.528641451698407
reference,14,0.5876,113,-0.0062046533639317225,12.527004382588641
reference,14,0.5876,114,-0.006372968136342028,12.525682296155432
reference,14,0.5876,115,-0.006534139639105874,12.524965819972474
reference,14,0.5876,116,-0.0066433178453020325,12.52537026319893
reference,14,0.5876,117,-0.006637786835954507,12.527741656649091
reference,14,0.5876,118,-0.0064303708684964045,12.533407986364427
reference,14,0.5876,119,-0.005899677458810482,12.544400311108268
reference,14,0.5876,120,-0.004875450414442595,12.563783617949351
reference,14,0.5876,121,-0.00311618327088492,12.596163408552162
reference,14,0.5876,122,-0.012797427958433083,12.53913172861063
reference,14,0.5876,123,-0.012504399339146488,12.536780870702911
reference,14,0.5876,124,-0.012326196092082409,12.53451556202311
reference,14,0.5876,125,-0.012273142501275869,12.532365318626004
reference,14,0.5876,126,-0.012344333702900556,12.530335892111177
reference,14,0.5876,127,-0.01252673211493427,12.52844297512996
reference,14,0.5876,128,-0.012793394996096552,12.5267501489936
reference,14,0.5876,129,-0.013100612039071313,12.525414696142853
reference,14,0.5876,130,-0.013383586556122928,12.524746200342062
reference,14,0.5876,131,-0.013550084936410745,12.525285001203182
reference,14,0.5876,132,-0.013471160284514783,12.527911040817827
reference,14,0.5876,133,-0.012967551821949197,12.53399929025151
reference,14,0.5876,134,-0.011789541573668405,12.545647278326996
reference,14,0.5876,135,-0.009586682444579164,12.566015981601272
reference,14,0.5876,136,-0.0058614725610774965,12.599852504336983
reference,14,0.5876,137,-0.020230715072144356,12.539573983161645
reference,14,0.5876,138,-0.019808249764456498,12.537086160998067
reference,14,0.5876,139,-0.019545238248750874,12.534662595890632
reference,14,0.5876,140,-0.019456975209489746,12.532347981197635
reference,14,0.5876,141,-0.019541273762250233,12.530163885773034
reference,14,0.5876,142,-0.019777050499987014,12.528143582867319
reference,14,0.5876,143,-0.020121537905746223,12.526371336349829
reference,14,0.5876,144,-0.020505778684285936,12.525029942807668
reference,14,0.5876,145,-0.02082782412868589,12.524461691640706
reference,14,0.5876,146,-0.02094272568897071,12.525250164686035
reference,14,0.5876,147,-0.02064790077585088,12.528333965206636
reference,14,0.5876,148,-0.01966164878417964,12.535169450339275
reference,14,0.5876,149,-0.01759128167586499,12.547969450756362
reference,14,0.5876,150,-0.013885141301329673,12.570061708710433
reference,14,0.5876,151,-0.007759015933609836,12.606439760447902
reference,14,0.5876,152,-0.028306533402864265,12.53749534666557
reference,14,0.5876,153,-0.02796332046962302,12.534870040774988
reference,14,0.5876,154,-0.02782752441843428,12.532345867635161
reference,14,0.5876,155,-0.027894612519278272,12.529967578101921
reference,14,0.5876,156,-0.028133464319300305,12.527794237854835
reference,14,0.5876,157,-0.028482402714028243,12.52594050514525
reference,14,0.5876,158,-0.028842766142247456,12.524626743806373
reference,14,0.5876,159,-0.029069195277721782,12.524243494550973
reference,14,0.5876,160,-0.0289553236458846,12.52543826077784
reference,14,0.5876,161,-0.028212823106517515,12.529236531355815
reference,14,0.5876,162,-0.026440582899962095,12.537215454261005
reference,14,0.5876,163,-0.023078885718464726,12.551759359758009
reference,14,0.5876,164,-0.017340232882046447,12.576444623030342
reference,14,0.5876,165,-0.03827276112038147,12.53798998802474
reference,14,0.5876,166,-0.0378546848542789,12.535141581320552
reference,14,0.5876,167,-0.03765158127518076,12.532385568472296
reference,14,0.5876,168,-0.03765504354661253,12.529798436884903
reference,14,0.5876,169,-0.03782097684260366,12.527474597196838
reference,14,0.5876,170,-0.03806420679229339,12.525570443788855
reference,14,0.5876,171,-0.03824971309512559,12.524358053769
reference,14,0.5876,172,-0.03817935693711849,12.524294561006922
reference,14,0.5876,173,-0.03757229346057578,12.526115920623361
reference,14,0.5876,174,-0.036036227387297615,12.530968170350835
reference,14,0.5876,175,-0.033025026007901914,12.540596513332154
reference,14,0.5876,176,-0.02777550826044184,12.557624591424197
reference,14,0.5876,177,-0.01921168975005294,12.58597684144669
reference,14,0.5876,178,-0.04935904436778937,12.5354850789827
reference,14,0.5876,179,-0.04905823038286261,12.53250822647595
reference,14,0.5876,180,-0.048929485066561806,12.529733706740508
reference,14,0.5876,181,-0.04891157786362621,12.527302820830688
reference,14,0.5876,182,-0.04888925170560787,12.525427452804337
reference,14,0.5876,183,-0.04868151719143521,12.524448634428722
reference,14,0.5876,184,-0.04802387156518639,12.524912577603683
reference,14,0.5876,185,-0.046541988595791395,12.527673943018023
reference,14,0.5876,186,-0.043712998630779154,12.534041096411237
reference,14,0.5876,187,-0.038808201517281926,12.545986341450234
reference,14,0.5876,188,-0.030807305666531448,12.566457939971704
reference,14,0.5876,189,-0.06160160385881008,12.529886893524738
reference,14,0.5876,190,-0.06124012452851657,12.527450682824076
reference,14,0.5876,191,-0.06072307235531049,12.525751928352213
reference,14,0.5876,192,-0.05980974609275247,12.525222370698003
reference,14,0.5876,193,-0.05814974295377873,12.526525836023897
reference,14,0.5876,194,-0.05524779919082512,12.530674335198086
reference,14,0.5876,195,-0.05041185139695559,12.539192295312208
reference,14,0.5876,196,-0.07086680876002127,12.527144474598611
reference,14,0.6563,0,0.07257012337059177,12.526448253425762
reference,14,0.6563,1,0.0617839769051014,12.530027824975164
reference,14,0.6563,2,0.06162119264541177,12.527576461050746
reference,14,0.6563,3,0.06136161227234993,12.525753177830389
reference,14,0.6563,4,0.06077171908021972,12.524961344220522
reference,14,0.6563,5,0.05951130371583657,12.525829621739142
reference,14,0.6563,6,0.057099097736932336,12.529325246269352
reference,14,0.6563,7,0.05286204424660701,12.536914328261457
reference,14,0.6563,8,0.04899873147820566,12.535489895055168
reference,14,0.6563,9,0.0487777589465499,12.53269705843421
reference,14,0.6563,10,0.0487690042621205,12.530043110483001
reference,14,0.6563,11,0.04891325986527262,12.527650666066245
reference,14,0.6563,12,0.04909900273278067,12.525710113519175
reference,14,0.6563,13,0.04915088722178984,12.524536669158017
reference,14,0.6563,14,0.04881233920267025,12.524644534716018
reference,14,0.6563,15,0.047719843999985745,12.526847674338866
reference,14,0.6563,16,0.04536513144271126,12.532401604299931
reference,14,0.6563,17,0.04103924124918823,12.543208637677015
reference,14,0.6563,18,0.03374879387178531,12.56212252113399
reference,14,0.6563,19,0.037733839351057785,12.537787028626141
reference,14,0.6563,20,0.03735175333972851,12.535206605625183
reference,14,0.6563,21,0.03721507157401849,12.532672097298958
reference,14,0.6563,22,0.03731579470012214,12.530244337455773
reference,14,0.6563,23,0.03761148161306327,12.528000594124975
reference,14,0.6563,24,0.03801989619077384,12.52607743015691
reference,14,0.6563,25,0.03841039518888678,12.52472304283305
reference,14,0.6563,26,0.03859093985050688,12.524364943726763
reference,14,0.6563,27,0.03828895686692224,12.5257014717425
reference,14,0.6563,28,0.03712326831526225,12.529829929524888
reference,14,0.6563,29,0.03456270697183195,12.538431186871598
reference,14,0.6563,30,0.029864403296355313,12.554042355872067
reference,14,0.6563,31,0.021980301647172684,12.580469172635192
reference,14,0.6563,32,0.027750218389568815,12.537313570779478
reference,14,0.6563,33,0.027437221225831365,12.534984781957911
reference,14,0.6563,34,0.027354366062275925,12.532710584517122
reference,14,0.6563,35,0.027497507026376766,12.530521231774022
reference,14,0.6563,36,0.027836822763326108,12.528459793105606
reference,14,0.6563,37,0.028312880430365173,12.526622336783412
reference,14,0.6563,38,0.028830324432497445,12.525206793645937
reference,14,0.6563,39,0.029248373736805444,12.524575866547375
reference,14,0.6563,40,0.029366842219194833,12.525341740422759
reference,14,0.6563,41,0.028905677352567327,12.528484229310186
reference,14,0.6563,42,0.027474869215228903,12.535520340281096
reference,14,0.6563,43,0.024529712875511755,12.548753766207877
reference,14,0.6563,44,0.019303273447675018,12.57165067307432
reference,14,0.6563,45,0.01973755135458588,12.539059464816553
reference,14,0.6563,46,0.01932193745538835,12.536922356224045
reference,14,0.6563,47,0.019082299435320804,12.53481616625897
reference,14,0.6563,48,0.019033579159314584,12.53277241530499
reference,14,0.6563,49,0.019173909907725495,12.530799003314455
reference,14,0.6563,50,0.01948316766330982,12.528914033531034
reference,14,0.6563,51,0.01992020922711002,12.527184078005307
reference,14,0.6563,52,0.020418450161455493,12.52577054857094
reference,14,0.6563,53,0.02087921214817201,12.524989189372564
reference,14,0.6563,54,0.021161946386557107,12.525389925896922
reference,14,0.6563,55,0.021069944797603046,12.527867895311243
reference,14,0.6563,56,0.020329365566290836,12.533822331129464
reference,14,0.6563,57,0.018558119550027063,12.54538965319198
reference,14,0.6563,58,0.015219024753894583,12.565793462274986
reference,14,0.6563,59,0.009547967848260397,12.599882429341957
reference,14,0.6563,60,0.012436350559299036,12.538615970964482
reference,14,0.6563,61,0.012148618757404916,12.53663061082327
reference,14,0.6563,62,0.011986298526544426,12.534696908941521
reference,14,0.6563,63,0.011959514166060448,12.532831819357215
reference,14,0.6563,64,0.012067586817568143,12.531027981979953
reference,14,0.6563,65,0.012298111099051878,12.52928647741534
reference,14,0.6563,66,0.012625200181162866,12.527653803247027
reference,14,0.6563,67,0.013006677390217769,12.526266567651849
reference,14,0.6563,68,0.013379852705028172,12.525408685141768
reference,14,0.6563,69,0.013655319884268824,12.525587964251585
reference,14,0.6563,70,0.013707899504992849,12.527642373872178
reference,14,0.6563,71,0.01336336125797688,12.532891796588332
reference,14,0.6563,72,0.012378758535418921,12.543360194200162
reference,14,0.6563,73,0.01041287381944156,12.562108473011744
reference,14,0.6563,74,0.006980990923964647,12.593744848616822
reference,14,0.6563,75,0.005997223518873551,12.538339753693045
reference,14,0.6563,76,0.0058502002905572725,12.5364506298713
reference,14,0.6563,77,0.005768223920662119,12.53462557517048
reference,14,0.6563,78,0.005756405890115945,12.532873057085576
reference,14,0.6563,79,0.005814571209075137,12.531176826516884
reference,14,0.6563,80,0.005936809402806165,12.529528057719796
reference,14,0.6563,81,0.006110622127862064,12.527961581017188
reference,14,0.6563,82,0.006315559225615108,12.526599608701877
reference,14,0.6563,83,0.006521167757399415,12.525707606778237
reference,14,0.6563,84,0.006683980839793158,12.52576900503951
reference,14,0.6563,85,0.006743123383919469,12.52758872479355
reference,14,0.6563,86,0.006613874815030174,12.532440839393448
reference,14,0.6563,87,0.006178143694952953,12.542284480932173
reference,14,0.6563,88,0.0052701678004605235,12.560086910264104
reference,14,0.6563,89,0.0036546579278747826,12.590318174338755
reference,14,0.6563,90,0,12.540109350720579
reference,14,0.6563,91,0,12.538246016492891
reference,14,0.6563,92,0,12.536389812240776
reference,14,0.6563,93,0,12.534601809402297
reference,14,0.6563,94,0,12.532887687289364
reference,14,0.6563,95,0,12.531228276832286
reference,14,0.6563,96,0,12.529611499778213
reference,14,0.6563,97,0,12.5280683583422
reference,14,0.6563,98,0,12.526716344749447
reference,14,0.6563,99,0,12.525814880327443
reference,14,0.6563,100,0,12.525839412428184
reference,14,0.6563,101,0,12.527584048502135
reference,14,0.6563,102,0,12.532307882162726
reference,14,0.6563,103,0,12.54194886095166
reference,14,0.6563,104,0,12.559443668349402
reference,14,0.6563,105,0,12.589217274084582
reference,14,0.6563,106,0,12.637950353130245
reference,14,0.6563,107,-0.005997223518873551,12.538339753693045
reference,14,0.6563,108,-0.0058502002905572725,12.5364506298713
reference,14,0.6563,109,-0.005768223920662119,12.53462557517048
reference,14,0.6563,110,-0.005756405890115945,12.532873057085576
reference,14,0.6563,111,-0.005814571209075137,12.531176826516884
reference,14,0.6563,112,-0.005936809402806165,12.529528057719796
reference,14,0.6563,113,-0.006110622127862064,12.527961581017188
reference,14,0.6563,114,-0.006315559225615108,12.526599608701877
reference,14,0.6563,115,-0.006521167757399415,12.525707606778237
reference,14,0.6563,116,-0.006683980839793158,12.52576900503951
reference,14,0.6563,117,-0.006743123383919469,12.52758872479355
reference,14,0.6563,118,-0.006613874815030174,12.532440839393448
reference,14,0.6563,119,-0.006178143694952953,12.542284480932173
reference,14,0.6563,120,-0.0052701678004605235,12.560086910264104
reference,14,0.6563,121,-0.0036546579278747826,12.590318174338755
reference,14,0.6563,122,-0.012436350559299036,12.538615970964482
reference,14,0.6563,123,-0.012148618757404916,12.53663061082327
reference,14,0.6563,124,-0.011986298526544426,12.534696908941521
reference,14,0.6563,125,-0.011959514166060448,12.532831819357215
reference,14,0.6563,126,-0.012067586817568143,12.531027981979953
reference,14,0.6563,127,-0.012298111099051878,12.52928647741534
reference,14,0.6563,128,-0.012625200181162866,12.527653803247027
reference,14,0.6563,129,-0.013006677390217769,12.526266567651849
reference,14,0.6563,130,-0.013379852705028172,12.525408685141768
reference,14,0.6563,131,-0.013655319884268824,12.525587964251585
reference,14,0.6563,132,-0.013707899504992849,12.527642373872178
reference,14,0.6563,133,-0.01336336125797688,12.532891796588332
reference,14,0.6563,134,-0.012378758535418921,12.543360194200162
reference,14,0.6563,135,-0.01041287381944156,12.562108473011744
reference,14,0.6563,136,-0.006980990923964647,12.593744848616822
reference,14,0.6563,137,-0.01973755135458588,12.539059464816553
reference,14,0.6563,138,-0.01932193745538835,12.536922356224045
reference,14,0.6563,139,-0.019082299435320804,12.53481616625897
reference,14,0.6563,140,-0.019033579159314584,12.53277241530499
reference,14,0.6563,141,-0.019173909907725495,12.530799003314455
reference,14,0.6563,142,-0.01948316766330982,12.528914033531034
reference,14,0.6563,143,-0.01992020922711002,12.527184078005307
reference,14,0.6563,144,-0.020418450161455493,12.52577054857094
reference,14,0.6563,145,-0.02087921214817201,12.524989189372564
reference,14,0.6563,146,-0.021161946386557107,12.525389925896922
reference,14,0.6563,147,-0.021069944797603046,12.527867895311243
reference,14,0.6563,148,-0.020329365566290836,12.533822331129464
reference,14,0.6563,149,-0.018558119550027063,12.54538965319198
reference,14,0.6563,150,-0.015219024753894583,12.565793462274986
reference,14,0.6563,151,-0.009547967848260397,12.599882429341957
reference,14,0.6563,152,-0.027750218389568815,12.537313570779478
reference,14,0.6563,153,-0.027437221225831365,12.534984781957911
reference,14,0.6563,154,-0.027354366062275925,12.532710584517122
reference,14,0.6563,155,-0.027497507026376766,12.530521231774022
reference,14,0.6563,156,-0.027836822763326108,12.528459793105606
reference,14,0.6563,157,-0.028312880430365173,12.526622336783412
reference,14,0.6563,158,-0.028830324432497445,12.525206793645937
reference,14,0.6563,159,-0.029248373736805444,12.524575866547375
reference,14,0.6563,160,-0.029366842219194833,12.525341740422759
reference,14,0.6563,161,-0.028905677352567327,12.528484229310186
reference,14,0.6563,162,-0.027474869215228903,12.535520340281096
reference,14,0.6563,163,-0.024529712875511755,12.548753766207877
reference,14,0.6563,164,-0.019303273447675018,12.57165067307432
reference,14,0.6563,165,-0.037733839351057785,12.537787028626141
reference,14,0.6563,166,-0.03735175333972851,12.535206605625183
reference,14,0.6563,167,-0.03721507157401849,12.532672097298958
reference,14,0.6563,168,-0.03731579470012214,12.530244337455773
reference,14,0.6563,169,-0.03761148161306327,12.528000594124975
reference,14,0.6563,170,-0.03801989619077384,12.52607743015691
reference,14,0.6563,171,-0.03841039518888678,12.52472304283305
reference,14,0.6563,172,-0.03859093985050688,12.524364943726763
reference,14,0.6563,173,-0.03828895686692224,12.5257014717425
reference,14,0.6563,174,-0.03712326831526225,12.529829929524888
reference,14,0.6563,175,-0.03456270697183195,12.538431186871598
reference,14,0.6563,176,-0.029864403296355313,12.554042355872067
reference,14,0.6563,177,-0.021980301647172684,12.580469172635192
reference,14,0.6563,178,-0.04899873147820566,12.535489895055168
reference,14,0.6563,179,-0.0487777589465499,12.53269705843421
reference,14,0.6563,180,-0.0487690042621205,12.530043110483001
reference,14,0.6563,181,-0.04891325986527262,12.527650666066245
reference,14,0.6563,182,-0.04909900273278067,12.525710113519175
reference,14,0.6563,183,-0.04915088722178984,12.524536669158017
reference,14,0.6563,184,-0.04881233920267025,12.524644534716018
reference,14,0.6563,185,-0.047719843999985745,12.526847674338866
reference,14,0.6563,186,-0.04536513144271126,12.532401604299931
reference,14,0.6563,187,-0.04103924124918823,12.543208637677015
reference,14,0.6563,188,-0.03374879387178531,12.56212252113399
reference,14,0.6563,189,-0.0617839769051014,12.530027824975164
reference,14,0.6563,190,-0.06162119264541177,12.527576461050746
reference,14,0.6563,191,-0.06136161227234993,12.525753177830389
reference,14,0.6563,192,-0.06077171908021972,12.524961344220522
reference,14,0.6563,193,-0.05951130371583657,12.525829621739142
reference,14,0.6563,194,-0.057099097736932336,12.529325246269352
reference,14,0.6563,195,-0.05286204424660701,12.536914328261457
reference,14,0.6563,196,-0.07257012337059177,12.526448253425762
reference,20,0.4861,0,0.041706174046070466,18.48875914976768
reference,20,0.4861,1,0.06641990434011413,18.44296482991542
reference,20,0.4861,2,0.061696967174963646,18.446971001721682
reference,20,0.4861,3,0.05480568864497881,18.456495590457656
reference,20,0.4861,4,0.0451769291617361,18.473357760646774
reference,20,0.4861,5,0.03201733119964789,18.49999003757879
reference,20,0.4861,6,0.01423581817895947,18.539700064193198
reference,20,0.4861,7,-0.009664152963837935,18.597045851283443
reference,20,0.4861,8,0.06185624493260722,18.445576121677586
reference,20,0.4861,9,0.060898039203828525,18.440998243164106
reference,20,0.4861,10,0.058831646881831734,18.43924266669893
reference,20,0.4861,11,0.05546297643442344,18.44128465053368
reference,20,0.4861,12,0.05049011480238619,18.448358824875992
reference,20,0.4861,13,0.04347730378172576,18.46208364790858
reference,20,0.4861,14,0.03381690708962548,18.484629350286266
reference,20,0.4861,15,0.02067415220829094,18.518951217861677
reference,20,0.4861,16,0.0029064762776984665,18.569122130748433
reference,20,0.4861,17,-0.021055548981085526,18.640818389104584
reference,20,0.4861,18,-0.05338696843981294,18.742047384997537
reference,20,0.4861,19,0.05165826659054451,18.45277504102712
reference,20,0.4861,20,0.05174893482431697,18.445201314603207
reference,20,0.4861,21,0.051115410669123396,18.439577346468795
reference,20,0.4861,22,0.04968125871021911,18.43662747993249
reference,20,0.4861,23,0.047300584773072085,18.437226454397205
reference,20,0.4861,24,0.04374494295584652,18.442487083042124
reference,20,0.4861,25,0.03868377441992843,18.453874327422504
reference,20,0.4861,26,0.03165588858807089,18.473358668572548
reference,20,0.4861,27,0.02202814658984309,18.503628257305785
reference,20,0.4861,28,0.00893536372319792,18.54838993922107
reference,20,0.4861,29,-0.008808052088444818,18.612806807233895
reference,20,0.4861,30,-0.03284009869672211,18.704149830729015
reference,20,0.4861,31,-0.06545244157944374,18.83279376715052
reference,20,0.4861,32,0.041127072658573294,18.453273824478668
reference,20,0.4861,33,0.04122675140430054,18.44499515991002
reference,20,0.4861,34,0.040815433536225854,18.43862245135182
reference,20,0.4861,35,0.03983788823790757,18.43481398427628
reference,20,0.4861,36,0.03818682571275289,18.43436828153388
reference,20,0.4861,37,0.035693242102203815,18.438306058999952
reference,20,0.4861,38,0.03211201835535116,18.447976608715226
reference,20,0.4861,39,0.027100961803411483,18.46520040832974
reference,20,0.4861,40,0.02019050904470676,18.49246573003523
reference,20,0.4861,41,0.010739774843413485,18.533206597717502
reference,20,0.4861,42,-0.0021278615798081546,18.5922051916071
reference,20,0.4861,43,-0.0196206134970911,18.67618844907025
reference,20,0.4861,44,-0.04342377966914057,18.7947351962574
reference,20,0.4861,45,0.03017346111041208,18.463763024571538
reference,20,0.4861,46,0.030601414247654946,18.453658172797635
reference,20,0.4861,47,0.03068900645185413,18.444889658128567
reference,20,0.4861,48,0.030430868231025032,18.43799665005016
reference,20,0.4861,49,0.02978877609552999,18.4335889408838
reference,20,0.4861,50,0.028687357656824508,18.432409205762035
reference,20,0.4861,51,0.027007290952925755,18.435410834375492
reference,20,0.4861,52,0.02457517175143442,18.44385877967092
reference,20,0.4861,53,0.021148785708137163,18.45946444402211
reference,20,0.4861,54,0.01639585231302565,18.484571170428808
reference,20,0.4861,55,0.00986325103464214,18.52241575785253
reference,20,0.4861,56,0.0009320287269569683,18.577505916634077
reference,20,0.4861,57,-0.011249363928859779,18.656177991475186
reference,20,0.4861,58,-0.027866062564314786,18.76744171587238
reference,20,0.4861,59,-0.05059321437572284,18.924295382010218
reference,20,0.4861,60,0.019968134217200673,18.464365010254046
reference,20,0.4861,61,0.02024216488504993,18.45392946174795
reference,20,0.4861,62,0.020305661568846833,18.44484071342388
reference,20,0.4861,63,0.020155753030910883,18.43760753612017
reference,20,0.4861,64,0.019768396024983703,18.432806529248627
reference,20,0.4861,65,0.01909563440337636,18.43114219521782
reference,20,0.4861,66,0.01806126285409637,18.433521986576373
reference,20,0.4861,67,0.016554370349401326,18.441153422291247
reference,20,0.4861,68,0.01441996342942753,18.455673775594715
reference,20,0.4861,69,0.011445448102350042,18.479328099884825
reference,20,0.4861,70,0.007341085876911402,18.51521973330485
reference,20,0.4861,71,0.0017114677073264417,18.567671096252738
reference,20,0.4861,72,-0.005986730692680631,18.64275554534234
reference,20,0.4861,73,-0.016508499342569927,18.749100788143735
reference,20,0.4861,74,-0.030918958842238053,18.8991357802566
reference,20,0.4861,75,0.009931724957255028,18.46471332120242
reference,20,0.4861,76,0.010065306575969046,18.454090579995693
reference,20,0.4861,77,0.010098392360013753,18.44482111352396
reference,20,0.4861,78,0.010029751079845273,18.437395948378335
reference,20,0.4861,79,0.009847776680527387,18.43237231957619
reference,20,0.4861,80,0.009529153241951693,18.430432481417352
reference,20,0.4861,81,0.00903674377611241,18.432457144630543
reference,20,0.4861,82,0.008316447838576435,18.439620436473618
reference,20,0.4861,83,0.007292640083460422,18.4535165894934
reference,20,0.4861,84,0.0058615984054337655,18.476333667187816
reference,20,0.4861,85,0.0038820103331796973,18.51109773720961
reference,20,0.4861,86,0.001161130045949199,18.562024109106503
reference,20,0.4861,87,-0.0025656977577774853,18.63503437545401
reference,20,0.4861,88,-0.007665894838610132,18.73853621656083
reference,20,0.4861,89,-0.014657229760599688,18.88463142724048
reference,20,0.4861,90,0,18.47639804859199
reference,20,0.4861,91,0,18.464827285180153
reference,20,0.4861,92,0,18.454143975867442
reference,20,0.4861,93,0,18.44481613129155
reference,20,0.4861,94,0,18.4373289434653
reference,20,0.4861,95,0,18.432233281960293
reference,20,0.4861,96,0,18.430204091255792
reference,20,0.4861,97,0,18.432113301001877
reference,20,0.4861,98,0,18.439124080797257
reference,20,0.4861,99,0,18.452816548537136
reference,20,0.4861,100,0,18.475360091406813
reference,20,0.4861,101,0,18.50975547275221
reference,20,0.4861,102,0,18.56018295288759
reference,20,0.4861,103,0,18.632514505872216
reference,20,0.4861,104,0,18.735085944552125
reference,20,0.4861,105,0,18.87989232336284
reference,20,0.4861,106,0,19.08449645283251
reference,20,0.4861,107,-0.009931724957255028,18.46471332120242
reference,20,0.4861,108,-0.010065306575969046,18.454090579995693
reference,20,0.4861,109,-0.010098392360013753,18.44482111352396
reference,20,0.4861,110,-0.010029751079845273,18.437395948378335
reference,20,0.4861,111,-0.009847776680527387,18.43237231957619
reference,20,0.4861,112,-0.009529153241951693,18.430432481417352
reference,20,0.4861,113,-0.00903674377611241,18.432457144630543
reference,20,0.4861,114,-0.008316447838576435,18.439620436473618
reference,20,0.4861,115,-0.007292640083460422,18.4535165894934
reference,20,0.4861,116,-0.0058615984054337655,18.476333667187816
reference,20,0.4861,117,-0.0038820103331796973,18.51109773720961
reference,20,0.4861,118,-0.001161130045949199,18.562024109106503
reference,20,0.4861,119,0.0025656977577774853,18.63503437545401
reference,20,0.4861,120,0.007665894838610132,18.73853621656083
reference,20,0.4861,121,0.014657229760599688,18.88463142724048
reference,20,0.4861,122,-0.019968134217200673,18.464365010254046
reference,20,0.4861,123,-0.02024216488504993,18.45392946174795
reference,20,0.4861,124,-0.020305661568846833,18.44484071342388
reference,20,0.4861,125,-0.020155753030910883,18.43760753612017
reference,20,0.4861,126,-0.019768396024983703,18.432806529248627
reference,20,0.4861,127,-0.01909563440337636,18.43114219521782
reference,20,0.4861,128,-0.01806126285409637,18.433521986576373
reference,20,0.4861,129,-0.016554370349401326,18.441153422291247
reference,20,0.4861,130,-0.01441996342942753,18.455673775594715
reference,20,0.4861,131,-0.011445448102350042,18.479328099884825
reference,20,0.4861,132,-0.007341085876911402,18.51521973330485
reference,20,0.4861,133,-0.0017114677073264417,18.567671096252738
reference,20,0.4861,134,0.005986730692680631,18.64275554534234
reference,20,0.4861,135,0.016508499342569927,18.749100788143735
reference,20,0.4861,136,0.030918958842238053,18.8991357802566
reference,20,0.4861,137,-0.03017346111041208,18.463763024571538
reference,20,0.4861,138,-0.030601414247654946,18.453658172797635
reference,20,0.4861,139,-0.03068900645185413,18.444889658128567
reference,20,0.4861,140,-0.030430868231025032,18.43799665005016
reference,20,0.4861,141,-0.02978877609552999,18.4335889408838
reference,20,0.4861,142,-0.028687357656824508,18.432409205762035
reference,20,0.4861,143,-0.027007290952925755,18.435410834375492
reference,20,0.4861,144,-0.02457517175143442,18.44385877967092
reference,20,0.4861,145,-0.021148785708137163,18.45946444402211
reference,20,0.4861,146,-0.01639585231302565,18.484571170428808
reference,20,0.4861,147,-0.00986325103464214,18.52241575785253
reference,20,0.4861,148,-0.0009320287269569683,18.577505916634077
reference,20,0.4861,149,0.011249363928859779,18.656177991475186
reference,20,0.4861,150,0.027866062564314786,18.76744171587238
reference,20,0.4861,151,0.05059321437572284,18.924295382010218
reference,20,0.4861,152,-0.041127072658573294,18.453273824478668
reference,20,0.4861,153,-0.04122675140430054,18.44499515991002
reference,20,0.4861,154,-0.040815433536225854,18.43862245135182
reference,20,0.4861,155,-0.03983788823790757,18.43481398427628
reference,20,0.4861,156,-0.03818682571275289,18.43436828153388
reference,20,0.4861,157,-0.035693242102203815,18.438306058999952
reference,20,0.4861,158,-0.03211201835535116,18.447976608715226
reference,20,0.4861,159,-0.027100961803411483,18.46520040832974
reference,20,0.4861,160,-0.02019050904470676,18.49246573003523
reference,20,0.4861,161,-0.010739774843413485,18.533206597717502
reference,20,0.4861,162,0.0021278615798081546,18.5922051916071
reference,20,0.4861,163,0.0196206134970911,18.67618844907025
reference,20,0.4861,164,0.04342377966914057,18.7947351962574
reference,20,0.4861,165,-0.05165826659054451,18.45277504102712
reference,20,0.4861,166,-0.05174893482431697,18.445201314603207
reference,20,0.4861,167,-0.051115410669123396,18.439577346468795
reference,20,0.4861,168,-0.04968125871021911,18.43662747993249
reference,20,0.4861,169,-0.047300584773072085,18.437226454397205
reference,20,0.4861,170,-0.04374494295584652,18.442487083042124
reference,20,0.4861,171,-0.03868377441992843,18.453874327422504
reference,20,0.4861,172,-0.03165588858807089,18.473358668572548
reference,20,0.4861,173,-0.02202814658984309,18.503628257305785
reference,20,0.4861,174,-0.00893536372319792,18.54838993922107
reference,20,0.4861,175,0.008808052088444818,18.612806807233895
reference,20,0.4861,176,0.03284009869672211,18.704149830729015
reference,20,0.4861,177,0.06545244157944374,18.83279376715052
reference,20,0.4861,178,-0.06185624493260722,18.445576121677586
reference,20,0.4861,179,-0.060898039203828525,18.440998243164106
reference,20,0.4861,180,-0.058831646881831734,18.43924266669893
reference,20,0.4861,181,-0.05546297643442344,18.44128465053368
reference,20,0.4861,182,-0.05049011480238619,18.448358824875992
reference,20,0.4861,183,-0.04347730378172576,18.46208364790858
reference,20,0.4861,184,-0.03381690708962548,18.484629350286266
reference,20,0.4861,185,-0.02067415220829094,18.518951217861677
reference,20,0.4861,186,-0.0029064762776984665,18.569122130748433
reference,20,0.4861,187,0.021055548981085526,18.640818389104584
reference,20,0.4861,188,0.05338696843981294,18.742047384997537
reference,20,0.4861,189,-0.06641990434011413,18.44296482991542
reference,20,0.4861,190,-0.061696967174963646,18.446971001721682
reference,20,0.4861,191,-0.05480568864497881,18.456495590457656
reference,20,0.4861,192,-0.0451769291617361,18.473357760646774
reference,20,0.4861,193,-0.03201733119964789,18.49999003757879
reference,20,0.4861,194,-0.01423581817895947,18.539700064193198
reference,20,0.4861,195,0.009664152963837935,18.597045851283443
reference,20,0.4861,196,-0.041706174046070466,18.48875914976768
reference,20,0.5876,0,0.05991038606437726,18.473323173815277
reference,20,0.5876,1,0.07714644210726185,18.436425931667454
reference,20,0.5876,2,0.07340300447058334,18.438743719414084
reference,20,0.5876,3,0.06767606075787791,18.446003951239383
reference,20,0.5876,4,0.059433188831852224,18.459921282312887
reference,20,0.5876,5,0.04792872371969281,18.482786684569806
reference,20,0.5876,6,0.032134300714814934,18.51771638467485
reference,20,0.5876,7,0.010637057229053504,18.56900777137048
reference,20,0.5876,8,0.06887730892982491,18.441648220658966
reference,20,0.5876,9,0.06848411719207093,18.436459390282423
reference,20,0.5876,10,0.06708702805550226,18.433666420079703
reference,20,0.5876,11,0.0645097550979834,18.434197037596718
reference,20,0.5876,12,0.06047287336389573,18.439217138423192
reference,20,0.5876,13,0.05456930785716052,18.45025033344386
reference,20,0.5876,14,0.04622842311548769,18.469338384301043
reference,20,0.5876,15,0.034663798989731376,18.499263229302176
reference,20,0.5876,16,0.018797003042776428,18.54386261350122
reference,20,0.5876,17,-0.0028548727219877,18.608490145314608
reference,20,0.5876,18,-0.032347812371438245,18.700702773339025
reference,20,0.5876,19,0.056554052640300334,18.449527635043893
reference,20,0.5876,20,0.05702935227230377,18.44182814516499
reference,20,0.5876,21,0.056849444850505026,18.43569430604534
reference,20,0.5876,22,0.055949187752009966,18.431824390343703
reference,20,0.5876,23,0.0541966535755769,18.431049796004118
reference,20,0.5876,24,0.0513808796925912,18.4344200889235
reference,20,0.5876,25,0.0471934551575508,18.443312682770483
reference,20,0.5876,26,0.04120159882932306,18.45957945843257
reference,20,0.5876,27,0.03280910882872856,18.485748800212562
reference,20,0.5876,28,0.02119954899698895,18.525311480971958
reference,20,0.5876,29,0.0052527589577602285,18.583135265881097
reference,20,0.5876,30,-0.016579722398309293,18.666081000270538
reference,20,0.5876,31,-0.04646425137754129,18.783941847134066
reference,20,0.5876,32,0.044701038641752344,18.450399513851796
reference,20,0.5876,33,0.0451012571910252,18.442061718122787
reference,20,0.5876,34,0.045042050839713355,18.435256051245798
reference,20,0.5876,35,0.04447687819527557,18.430617112968726
reference,20,0.5876,36,0.04330909381081538,18.428903192781533
reference,20,0.5876,37,0.04138292528615661,18.431075848911277
reference,20,0.5876,38,0.03846992483160605,18.438402271178497
reference,20,0.5876,39,0.034249188226096905,18.452591690904402
reference,20,0.5876,40,0.028278718639145772,18.475982706442487
reference,20,0.5876,41,0.01995386982199543,18.511807380243617
reference,20,0.5876,42,0.00844646498696644,18.56457272150408
reference,20,0.5876,43,-0.007385710303248416,18.640625061908846
reference,20,0.5876,44,-0.029136049713821777,18.749006156841194
reference,20,0.5876,45,0.032474262565953094,18.46082464899846
reference,20,0.5876,46,0.033092094158420515,18.45106859907489
reference,20,0.5876,47,0.033400980577107164,18.44228969204319
reference,20,0.5876,48,0.03340085716127761,18.435020235461884
reference,20,0.5876,49,0.03305982458858181,18.42984803878093
reference,20,0.5876,50,0.03231020265291118,18.42747778188175
reference,20,0.5876,51,0.031042181061593954,18.428806652602773
reference,20,0.5876,52,0.02909429098309535,18.43502144102978
reference,20,0.5876,53,0.026239506895864073,18.447727618345496
reference,20,0.5876,54,0.02216515575213429,18.4691261335522
reference,20,0.5876,55,0.01644381601582956,18.502261972671402
reference,20,0.5876,56,0.008490783206489105,18.551382116603207
reference,20,0.5876,57,-0.0024989876252836662,18.622463355039002
reference,20,0.5876,58,-0.017646116702765946,18.72400992060525
reference,20,0.5876,59,-0.038533965955927174,18.86829183299937
reference,20,0.5876,60,0.021416113787894764,18.461598408723205
reference,20,0.5876,61,0.021815629667666814,18.451540353656558
reference,20,0.5876,62,0.022024724359917647,18.44247448171227
reference,20,0.5876,63,0.02204401177356874,18.434903557079647
reference,20,0.5876,64,0.021853575751093368,18.429383337685593
reference,20,0.5876,65,0.021410455528326322,18.426581840583253
reference,20,0.5876,66,0.020644600232428312,18.427352316152195
reference,20,0.5876,67,0.019452799377272845,18.43282678747011
reference,20,0.5876,68,0.017689835518881702,18.444540192832005
reference,20,0.5876,69,0.01515570726257165,18.46460011001227
reference,20,0.5876,70,0.011577146263964888,18.49592490609563
reference,20,0.5876,71,0.006580645693870846,18.542585981696384
reference,20,0.5876,72,-0.0003474480476102215,18.61031124415969
reference,20,0.5876,73,-0.009921070497520112,18.707243967691273
reference,20,0.5876,74,-0.023147113151494203,18.845117369237627
reference,20,0.5876,75,0.010630601712263266,18.462049186847956
reference,20,0.5876,76,0.01082659171541367,18.451820586176357
reference,20,0.5876,77,0.010931902409346717,18.442593368412464
reference,20,0.5876,78,0.010947029742348846,18.43485304105607
reference,20,0.5876,79,0.010862405048762014,18.42913665421914
reference,20,0.5876,80,0.010657171400398124,18.426090849210723
reference,20,0.5876,81,0.010297214826419099,18.42654329212689
reference,20,0.5876,82,0.009732210903960259,18.431594158894455
reference,20,0.5876,83,0.008891321180863332,18.442737429096198
reference,20,0.5876,84,0.007676981648458647,18.462026535296914
reference,20,0.5876,85,0.00595592411065704,18.49230652582612
reference,20,0.5876,86,0.003546086459052855,18.537547288616516
reference,20,0.5876,87,0.0001972665907449267,18.60333308202668
reference,20,0.5876,88,-0.00443798962925146,18.697599240878617
reference,20,0.5876,89,-0.01084918087725173,18.83177042644893
reference,20,0.5876,90,0,18.47300769983574
reference,20,0.5876,91,0,18.462197204460825
reference,20,0.5876,92,0,18.45191349293214
reference,20,0.5876,93,0,18.442634259118655
reference,20,0.5876,94,0,18.434839334355008
reference,20,0.5876,95,0,18.429059617621807
reference,20,0.5876,96,0,18.425934725783183
reference,20,0.5876,97,0,18.426283922881563
reference,20,0.5876,98,0,18.431196933062523
reference,20,0.5876,99,0,18.442154303029028
reference,20,0.5876,100,0,18.461191720135204
reference,20,0.5876,101,0,18.491130220972913
reference,20,0.5876,102,0,18.535906473742784
reference,20,0.5876,103,0,18.601057767470984
reference,20,0.5876,104,0,18.694451510473453
reference,20,0.5876,105,0,18.82741167954224
reference,20,0.5876,106,0,19.016511078959823
reference,20,0.5876,107,-0.010630601712263266,18.462049186847956
reference,20,0.5876,108,-0.01082659171541367,18.451820586176357
reference,20,0.5876,109,-0.010931902409346717,18.442593368412464
reference,20,0.5876,110,-0.010947029742348846,18.43485304105607
reference,20,0.5876,111,-0.010862405048762014,18.42913665421914
reference,20,0.5876,112,-0.010657171400398124,18.426090849210723
reference,20,0.5876,113,-0.010297214826419099,18.42654329212689
reference,20,0.5876,114,-0.009732210903960259,18.431594158894455
reference,20,0.5876,115,-0.008891321180863332,18.442737429096198
reference,20,0.5876,116,-0.007676981648458647,18.462026535296914
reference,20,0.5876,117,-0.00595592411065704,18.49230652582612
reference,20,0.5876,118,-0.003546086459052855,18.537547288616516
reference,20,0.5876,119,-0.0001972665907449267,18.60333308202668
reference,20,0.5876,120,0.00443798962925146,18.697599240878617
reference,20,0.5876,121,0.01084918087725173,18.83177042644893
reference,20,0.5876,122,-0.021416113787894764,18.461598408723205
reference,20,0.5876,123,-0.021815629667666814,18.451540353656558
reference,20,0.5876,124,-0.022024724359917647,18.44247448171227
reference,20,0.5876,125,-0.02204401177356874,18.434903557079647
reference,20,0.5876,126,-0.021853575751093368,18.429383337685593
reference,20,0.5876,127,-0.021410455528326322,18.426581840583253
reference,20,0.5876,128,-0.020644600232428312,18.427352316152195
reference,20,0.5876,129,-0.019452799377272845,18.43282678747011
reference,20,0.5876,130,-0.017689835518881702,18.444540192832005
reference,20,0.5876,131,-0.01515570726257165,18.46460011001227
reference,20,0.5876,132,-0.011577146263964888,18.49592490609563
reference,20,0.5876,133,-0.006580645693870846,18.542585981696384
reference,20,0.5876,134,0.0003474480476102215,18.61031124415969
reference,20,0.5876,135,0.009921070497520112,18.707243967691273
reference,20,0.5876,136,0.023147113151494203,18.845117369237627
reference,20,0.5876,137,-0.032474262565953094,18.46082464899846
reference,20,0.5876,138,-0.033092094158420515,18.45106859907489
reference,20,0.5876,139,-0.033400980577107164,18.44228969204319
reference,20,0.5876,140,-0.03340085716127761,18.435020235461884
reference,20,0.5876,141,-0.03305982458858181,18.42984803878093
reference,20,0.5876,142,-0.03231020265291118,18.42747778188175
reference,20,0.5876,143,-0.031042181061593954,18.428806652602773
reference,20,0.5876,144,-0.02909429098309535,18.43502144102978
reference,20,0.5876,145,-0.026239506895864073,18.447727618345496
reference,20,0.5876,146,-0.02216515575213429,18.4691261335522
reference,20,0.5876,147,-0.01644381601582956,18.502261972671402
reference,20,0.5876,148,-0.008490783206489105,18.551382116603207
reference,20,0.5876,149,0.0024989876252836662,18.622463355039002
reference,20,0.5876,150,0.017646116702765946,18.72400992060525
reference,20,0.5876,151,0.038533965955927174,18.86829183299937
reference,20,0.5876,152,-0.044701038641752344,18.450399513851796
reference,20,0.5876,153,-0.0451012571910252,18.442061718122787
reference,20,0.5876,154,-0.045042050839713355,18.435256051245798
reference,20,0.5876,155,-0.04447687819527557,18.430617112968726
reference,20,0.5876,156,-0.04330909381081538,18.428903192781533
reference,20,0.5876,157,-0.04138292528615661,18.431075848911277
reference,20,0.5876,158,-0.03846992483160605,18.438402271178497
reference,20,0.5876,159,-0.034249188226096905,18.452591690904402
reference,20,0.5876,160,-0.028278718639145772,18.475982706442487
reference,20,0.5876,161,-0.01995386982199543,18.511807380243617
reference,20,0.5876,162,-0.00844646498696644,18.56457272150408
reference,20,0.5876,163,0.007385710303248416,18.640625061908846
reference,20,0.5876,164,0.029136049713821777,18.749006156841194
reference,20,0.5876,165,-0.056554052640300334,18.449527635043893
reference,20,0.5876,166,-0.05702935227230377,18.44182814516499
reference,20,0.5876,167,-0.056849444850505026,18.43569430604534
reference,20,0.5876,168,-0.055949187752009966,18.431824390343703
reference,20,0.5876,169,-0.0541966535755769,18.431049796004118
reference,20,0.5876,170,-0.0513808796925912,18.4344200889235
reference,20,0.5876,171,-0.0471934551575508,18.443312682770483
reference,20,0.5876,172,-0.04120159882932306,18.45957945843257
reference,20,0.5876,173,-0.03280910882872856,18.485748800212562
reference,20,0.5876,174,-0.02119954899698895,18.525311480971958
reference,20,0.5876,175,-0.0052527589577602285,18.583135265881097
reference,20,0.5876,176,0.016579722398309293,18.666081000270538
reference,20,0.5876,177,0.04646425137754129,18.783941847134066
reference,20,0.5876,178,-0.06887730892982491,18.441648220658966
reference,20,0.5876,179,-0.06848411719207093,18.436459390282423
reference,20,0.5876,180,-0.06708702805550226,18.433666420079703
reference,20,0.5876,181,-0.0645097550979834,18.434197037596718
reference,20,0.5876,182,-0.06047287336389573,18.439217138423192
reference,20,0.5876,183,-0.05456930785716052,18.45025033344386
reference,20,0.5876,184,-0.04622842311548769,18.469338384301043
reference,20,0.5876,185,-0.034663798989731376,18.499263229302176
reference,20,0.5876,186,-0.018797003042776428,18.54386261350122
reference,20,0.5876,187,0.0028548727219877,18.608490145314608
reference,20,0.5876,188,0.032347812371438245,18.700702773339025
reference,20,0.5876,189,-0.07714644210726185,18.436425931667454
reference,20,0.5876,190,-0.07340300447058334,18.438743719414084
reference,20,0.5876,191,-0.06767606075787791,18.446003951239383
reference,20,0.5876,192,-0.059433188831852224,18.459921282312887
reference,20,0.5876,193,-0.04792872371969281,18.482786684569806
reference,20,0.5876,194,-0.032134300714814934,18.51771638467485
reference,20,0.5876,195,-0.010637057229053504,18.56900777137048
reference,20,0.5876,196,-0.05991038606437726,18.473323173815277
reference,20,0.6563,0,0.06324756935225384,18.470012402568177
reference,20,0.6563,1,0.07802527967168915,18.435131292630235
reference,20,0.6563,2,0.07467917215007791,18.437284338311716
reference,20,0.6563,3,0.0694185714056963,18.444147992493843
reference,20,0.6563,4,0.061725541815702556,18.457397726364604
reference,20,0.6563,5,0.05087319765690612,18.479270696371323
reference,20,0.6563,6,0.035857840343647585,18.512809678862332
reference,20,0.6563,7,0.015299503606320819,18.562211414021498
reference,20,0.6563,8,0.06876801250741682,18.440378550917828
reference,20,0.6563,9,0.06861365405019404,18.43546108834513
reference,20,0.6563,10,0.06749317386896792,18.432762503429178
reference,20,0.6563,11,0.06523737148524855,18.43319394574757
reference,20,0.6563,12,0.06157572392130373,18.437896255909195
reference,20,0.6563,13,0.05611247050661161,18.448357624380613
reference,20,0.6563,14,0.048291539272972805,18.46657111200828
reference,20,0.6563,15,0.03734551834750732,18.49525228603432
reference,20,0.6563,16,0.022221171624016378,18.538148241411747
reference,20,0.6563,17,0.001469576803371897,18.600487578945568
reference,20,0.6563,18,-0.026918487916155254,18.689652171039214
reference,20,0.6563,19,0.05608644773200089,18.448023290679156
reference,20,0.6563,20,0.056729429602133674,18.44079364787623
reference,20,0.6563,21,0.056741590243276185,18.434967250385817
reference,20,0.6563,22,0.05606231861289146,18.431234373005434
reference,20,0.6563,23,0.05456524765192183,18.430411442982553
reference,20,0.6563,24,0.052046336102172575,18.43352509390224
reference,20,0.6563,25,0.048205908186620405,18.441920158712385
reference,20,0.6563,26,0.04262236121369156,18.457403671612713
reference,20,0.6563,27,0.03471400781603107,18.48244296308336
reference,20,0.6563,28,0.023683555503695164,18.520445630384444
reference,20,0.6563,29,0.00843653332565264,18.576165167374448
reference,20,0.6563,30,-0.012540368684240022,18.656303158257547
reference,20,0.6563,31,-0.041364320165835355,18.77042639330346
reference,20,0.6563,32,0.04420228353977329,18.44905855515716
reference,20,0.6563,33,0.04473368445832948,18.441213682029762
reference,20,0.6563,34,0.044823777036370416,18.434742755907262
reference,20,0.6563,35,0.04442950855678296,18.43027327978624
reference,20,0.6563,36,0.04345847251387713,18.428549762300936
reference,20,0.6563,37,0.04176013512192256,18.43051240900964
reference,20,0.6563,38,0.03911262314612518,18.437397945253874
reference,20,0.6563,39,0.03520340689381962,18.450873625211425
reference,20,0.6563,40,0.02960131829133994,18.473220942430455
reference,20,0.6563,41,0.021715936680279047,18.507594314457755
reference,20,0.6563,42,0.010738097396886914,18.558394385662666
reference,20,0.6563,43,-0.0044485132421550055,18.63181980472295
reference,20,0.6563,44,-0.02540122440844028,18.736703400309764
reference,20,0.6563,45,0.03194533726511306,18.458943947591937
reference,20,0.6563,46,0.03264917542482659,18.449852303107782
reference,20,0.6563,47,0.03305474953924503,18.441583093514293
reference,20,0.6563,48,0.03316414861338357,18.43466834521275
reference,20,0.6563,49,0.03294801340116371,18.429689412335037
reference,20,0.6563,50,0.03234172774790722,18.427338049133265
reference,20,0.6563,51,0.031239247551507532,18.428491231073654
reference,20,0.6563,52,0.02948381060026195,18.434306813278482
reference,20,0.6563,53,0.026854365380604595,18.44635036241249
reference,20,0.6563,54,0.023045939152431583,18.46676856961619
reference,20,0.6563,55,0.017641195487850814,18.498532752022633
reference,20,0.6563,56,0.010068866753287775,18.545789189064596
reference,20,0.6563,57,-0.00045784715636010276,18.614375243626963
reference,20,0.6563,58,-0.015034256082794739,18.71259859373048
reference,20,0.6563,59,-0.0352077246187561,18.852445642757555
reference,20,0.6563,60,0.021032489196634474,18.459795985957314
reference,20,0.6563,61,0.021488863106356115,18.450411814102615
reference,20,0.6563,62,0.021761618204242605,18.441867035593194
reference,20,0.6563,63,0.02185278377418154,18.434664447185824
reference,20,0.6563,64,0.021744101764870516,18.429353780403314
reference,20,0.6563,65,0.021394601605102315,18.4265907028188
reference,20,0.6563,66,0.020736669467284807,18.42720902316115
reference,20,0.6563,67,0.019670131399592172,18.4323128643335
reference,20,0.6563,68,0.018053614574404353,18.44339866173695
reference,20,0.6563,69,0.01569206213908858,18.462521657951154
reference,20,0.6563,70,0.012318667798689953,18.492529230902996
reference,20,0.6563,71,0.007568515727340186,18.53739588668067
reference,20,0.6563,72,0.0009395903620090795,18.602715637733017
reference,20,0.6563,73,-0.008265940456274157,18.69644346053573
reference,20,0.6563,74,-0.02103213380038582,18.830041684226593
reference,20,0.6563,75,0.010429737265777228,18.460293432088367
reference,20,0.6563,76,0.010654010935279734,18.450744187290127
reference,20,0.6563,77,0.010790914673316387,18.442044677394733
reference,20,0.6563,78,0.010841646002228034,18.434680620725857
reference,20,0.6563,79,0.010797454943636708,18.42918328731938
reference,20,0.6563,80,0.010638464357950017,18.42618730156439
reference,20,0.6563,81,0.010331757386235374,18.426501333763635
reference,20,0.6563,82,0.00982849856741319,18.43119825868519
reference,20,0.6563,83,0.009059731865572185,18.441734364173126
reference,20,0.6563,84,0.00793031102847308,18.4601118593273
reference,20,0.6563,85,0.006310123629312936,18.489106350757847
reference,20,0.6563,86,0.00402129761073744,18.5325930264789
reference,20,0.6563,87,0.0008192992505173802,18.596025432259275
reference,20,0.6563,88,-0.0036354942808954904,18.687155342881667
reference,20,0.6563,89,-0.009821496476142388,18.81714381208627
reference,20,0.6563,90,0,18.470428564164195
reference,20,0.6563,91,0,18.46045695498714
reference,20,0.6563,92,0,18.45085438899441
reference,20,0.6563,93,0,18.44210503173996
reference,20,0.6563,94,0,18.434688983202232
reference,20,0.6563,95,0,18.429131442622687
reference,20,0.6563,96,0,18.426060118683093
reference,20,0.6563,97,0,18.426275425577685
reference,20,0.6563,98,0,18.430839982439316
reference,20,0.6563,99,0,18.44119690980974
reference,20,0.6563,100,0,18.45933103541034
reference,20,0.6563,101,0,18.487994460210707
reference,20,0.6563,102,0,18.53102986964592
reference,20,0.6563,103,0,18.593844878988765
reference,20,0.6563,104,0,18.684124881141518
reference,20,0.6563,105,0,18.812932615242545
reference,20,0.6563,106,0,18.99645526647645
reference,20,0.6563,107,-0.010429737265777228,18.460293432088367
reference,20,0.6563,108,-0.010654010935279734,18.450744187290127
reference,20,0.6563,109,-0.010790914673316387,18.442044677394733
reference,20,0.6563,110,-0.010841646002228034,18.434680620725857
reference,20,0.6563,111,-0.010797454943636708,18.42918328731938
reference,20,0.6563,112,-0.010638464357950017,18.42618730156439
reference,20,0.6563,113,-0.010331757386235374,18.426501333763635
reference,20,0.6563,114,-0.00982849856741319,18.43119825868519
reference,20,0.6563,115,-0.009059731865572185,18.441734364173126
reference,20,0.6563,116,-0.00793031102847308,18.4601118593273
reference,20,0.6563,117,-0.006310123629312936,18.489106350757847
reference,20,0.6563,118,-0.00402129761073744,18.5325930264789
reference,20,0.6563,119,-0.0008192992505173802,18.596025432259275
reference,20,0.6563,120,0.0036354942808954904,18.687155342881667
reference,20,0.6563,121,0.009821496476142388,18.81714381208627
reference,20,0.6563,122,-0.021032489196634474,18.459795985957314
reference,20,0.6563,123,-0.021488863106356115,18.450411814102615
reference,20,0.6563,124,-0.021761618204242605,18.441867035593194
reference,20,0.6563,125,-0.02185278377418154,18.434664447185824
reference,20,0.6563,126,-0.021744101764870516,18.429353780403314
reference,20,0.6563,127,-0.021394601605102315,18.4265907028188
reference,20,0.6563,128,-0.020736669467284807,18.42720902316115
reference,20,0.6563,129,-0.019670131399592172,18.4323128643335
reference,20,0.6563,130,-0.018053614574404353,18.44339866173695
reference,20,0.6563,131,-0.01569206213908858,18.462521657951154
reference,20,0.6563,132,-0.012318667798689953,18.492529230902996
reference,20,0.6563,133,-0.007568515727340186,18.53739588668067
reference,20,0.6563,134,-0.0009395903620090795,18.602715637733017
reference,20,0.6563,135,0.008265940456274157,18.69644346053573
reference,20,0.6563,136,0.02103213380038582,18.830041684226593
reference,20,0.6563,137,-0.03194533726511306,18.458943947591937
reference,20,0.6563,138,-0.03264917542482659,18.449852303107782
reference,20,0.6563,139,-0.03305474953924503,18.441583093514293
reference,20,0.6563,140,-0.03316414861338357,18.43466834521275
reference,20,0.6563,141,-0.03294801340116371,18.429689412335037
reference,20,0.6563,142,-0.03234172774790722,18.427338049133265
reference,20,0.6563,143,-0.031239247551507532,18.428491231073654
reference,20,0.6563,144,-0.02948381060026195,18.434306813278482
reference,20,0.6563,145,-0.026854365380604595,18.44635036241249
reference,20,0.6563,146,-0.023045939152431583,18.46676856961619
reference,20,0.6563,147,-0.017641195487850814,18.498532752022633
reference,20,0.6563,148,-0.010068866753287775,18.545789189064596
reference,20,0.6563,149,0.00045784715636010276,18.614375243626963
reference,20,0.6563,150,0.015034256082794739,18.71259859373048
reference,20,0.6563,151,0.0352077246187561,18.852445642757555
reference,20,0.6563,152,-0.04420228353977329,18.44905855515716
reference,20,0.6563,153,-0.04473368445832948,18.441213682029762
reference,20,0.6563,154,-0.044823777036370416,18.434742755907262
reference,20,0.6563,155,-0.04442950855678296,18.43027327978624
reference,20,0.6563,156,-0.04345847251387713,18.428549762300936
reference,20,0.6563,157,-0.04176013512192256,18.43051240900964
reference,20,0.6563,158,-0.03911262314612518,18.437397945253874
reference,20,0.6563,159,-0.03520340689381962,18.450873625211425
reference,20,0.6563,160,-0.02960131829133994,18.473220942430455
reference,20,0.6563,161,-0.021715936680279047,18.507594314457755
reference,20,0.6563,162,-0.010738097396886914,18.558394385662666
reference,20,0.6563,163,0.0044485132421550055,18.63181980472295
reference,20,0.6563,164,0.02540122440844028,18.736703400309764
reference,20,0.6563,165,-0.05608644773200089,18.448023290679156
reference,20,0.6563,166,-0.056729429602133674,18.44079364787623
reference,20,0.6563,167,-0.056741590243276185,18.434967250385817
reference,20,0.6563,168,-0.05606231861289146,18.431234373005434
reference,20,0.6563,169,-0.05456524765192183,18.430411442982553
reference,20,0.6563,170,-0.052046336102172575,18.43352509390224
reference,20,0.6563,171,-0.048205908186620405,18.441920158712385
reference,20,0.6563,172,-0.04262236121369156,18.457403671612713
reference,20,0.6563,173,-0.03471400781603107,18.48244296308336
reference,20,0.6563,174,-0.023683555503695164,18.520445630384444
reference,20,0.6563,175,-0.00843653332565264,18.576165167374448
reference,20,0.6563,176,0.012540368684240022,18.656303158257547
reference,20,0.6563,177,0.041364320165835355,18.77042639330346
reference,20,0.6563,178,-0.06876801250741682,18.440378550917828
reference,20,0.6563,179,-0.06861365405019404,18.43546108834513
reference,20,0.6563,180,-0.06749317386896792,18.432762503429178
reference,20,0.6563,181,-0.06523737148524855,18.43319394574757
reference,20,0.6563,182,-0.06157572392130373,18.437896255909195
reference,20,0.6563,183,-0.05611247050661161,18.448357624380613
reference,20,0.6563,184,-0.048291539272972805,18.46657111200828
reference,20,0.6563,185,-0.03734551834750732,18.49525228603432
reference,20,0.6563,186,-0.022221171624016378,18.538148241411747
reference,20,0.6563,187,-0.001469576803371897,18.600487578945568
reference,20,0.6563,188,0.026918487916155254,18.689652171039214
reference,20,0.6563,189,-0.07802527967168915,18.435131292630235
reference,20,0.6563,190,-0.07467917215007791,18.437284338311716
reference,20,0.6563,191,-0.0694185714056963,18.444147992493843
reference,20,0.6563,192,-0.061725541815702556,18.457397726364604
reference,20,0.6563,193,-0.05087319765690612,18.479270696371323
reference,20,0.6563,194,-0.035857840343647585,18.512809678862332
reference,20,0.6563,195,-0.015299503606320819,18.562211414021498
reference,20,0.6563,196,-0.06324756935225384,18.470012402568177
optimized,0,0.4861,0,-0.016086586309847828,0
optimized,0,0.4861,1,-0.011726268662123562,-0.005025543712339653
optimized,0,0.4861,2,-0.00999038909246508,-0.002854396883560595
optimized,0,0.4861,3,-0.009041747622131613,-0.001291678231732929
optimized,0,0.4861,4,-0.00874060235086338,0
optimized,0,0.4861,5,-0.009041747622131613,0.001291678231732929
optimized,0,0.4861,6,-0.00999038909246508,0.002854396883560595
optimized,0,0.4861,7,-0.011726268662123562,0.005025543712339653
optimized,0,0.4861,8,-0.01102611568033085,-0.009188429733609116
optimized,0,0.4861,9,-0.008285634247918505,-0.005523756165277671
optimized,0,0.4861,10,-0.0065225058106981315,-0.0032612529053490658
optimized,0,0.4861,11,-0.0054484505114595905,-0.001816150170485864
optimized,0,0.4861,12,-0.004874915946071923,-0.0008124859910126903
optimized,0,0.4861,13,-0.004695243840313612,0
optimized,0,0.4861,14,-0.004874915946071923,0.0008124859910126903
optimized,0,0.4861,15,-0.0054484505114595905,0.001816150170485864
optimized,0,0.4861,16,-0.0065225058106981315,0.0032612529053490658
optimized,0,0.4861,17,-0.008285634247918505,0.005523756165277671
optimized,0,0.4861,18,-0.01102611568033085,0.009188429733609116
optimized,0,0.4861,19,-0.009188429733609116,-0.01102611568033085
optimized,0,0.4861,20,-0.006458391158665311,-0.006458391158665311
optimized,0,0.4861,21,-0.004709421238639155,-0.003767536990912257
optimized,0,0.4861,22,-0.003627380624918075,-0.002176428374951689
optimized,0,0.4861,23,-0.002994599352480698,-0.0011978397409918573
optimized,0,0.4861,24,-0.0026685580184073743,-0.000533711603681486
optimized,0,0.4861,25,-0.0025685833189372786,0
optimized,0,0.4861,26,-0.0026685580184073743,0.000533711603681486
optimized,0,0.4861,27,-0.002994599352480698,0.0011978397409918573
optimized,0,0.4861,28,-0.003627380624918075,0.002176428374951689
optimized,0,0.4861,29,-0.004709421238639155,0.003767536990912257
optimized,0,0.4861,30,-0.006458391158665311,0.006458391158665311
optimized,0,0.4861,31,-0.009188429733609116,0.01102611568033085
optimized,0,0.4861,32,-0.005523756165277671,-0.008285634247918505
optimized,0,0.4861,33,-0.003767536990912257,-0.004709421238639155
optimized,0,0.4861,34,-0.0026885000941554438,-0.0026885000941554438
optimized,0,0.4861,35,-0.0020548666551514216,-0.0015411499913633442
optimized,0,0.4861,36,-0.0017058558588674,-0.0008529279294337
optimized,0,0.4861,37,-0.0015361132754967421,-0.00038402831887418554
optimized,0,0.4861,38,-0.0014859727818459234,0
optimized,0,0.4861,39,-0.0015361132754967421,0.00038402831887418554
optimized,0,0.4861,40,-0.0017058558588674,0.0008529279294337
optimized,0,0.4861,41,-0.0020548666551514216,0.0015411499913633442
optimized,0,0.4861,42,-0.0026885000941554438,0.0026885000941554438
optimized,0,0.4861,43,-0.003767536990912257,0.004709421238639155
optimized,0,0.4861,44,-0.005523756165277671,0.008285634247918505
optimized,0,0.4861,45,-0.005025543712339653,-0.011726268662123562
optimized,0,0.4861,46,-0.0032612529053490658,-0.0065225058106981315
optimized,0,0.4861,47,-0.002176428374951689,-0.003627380624918075
optimized,0,0.4861,48,-0.0015411499913633442,-0.0020548666551514216
optimized,0,0.4861,49,-0.0011920915114911335,-0.0011920915114911335
optimized,0,0.4861,50,-0.0010158647456459668,-0.000677243163764718
optimized,0,0.4861,51,-0.0009381276713167352,-0.0003127092237724116
optimized,0,0.4861,52,-0.0009167623327275276,0
optimized,0,0.4861,53,-0.0009381276713167352,0.0003127092237724116
optimized,0,0.4861,54,-0.0010158647456459668,0.000677243163764718
optimized,0,0.4861,55,-0.0011920915114911335,0.0011920915114911335
optimized,0,0.4861,56,-0.0015411499913633442,0.0020548666551514216
optimized,0,0.4861,57,-0.002176428374951689,0.003627380624918075
optimized,0,0.4861,58,-0.0032612529053490658,0.0065225058106981315
optimized,0,0.4861,59,-0.005025543712339653,0.011726268662123562
optimized,0,0.4861,60,-0.002854396883560595,-0.00999038909246508
optimized,0,0.4861,61,-0.001816150170485864,-0.0054484505114595905
optimized,0,0.4861,62,-0.0011978397409918573,-0.002994599352480698
optimized,0,0.4861,63,-0.0008529279294337,-0.0017058558588674
optimized,0,0.4861,64,-0.000677243163764718,-0.0010158647456459668
optimized,0,0.4861,65,-0.0005984253954105512,-0.0005984253954105512
optimized,0,0.4861,66,-0.000569014086569064,-0.000284507043284532
optimized,0,0.4861,67,-0.0005621142244368604,0
optimized,0,0.4861,68,-0.000569014086569064,0.000284507043284532
optimized,0,0.4861,69,-0.0005984253954105512,0.0005984253954105512
optimized,0,0.4861,70,-0.000677243163764718,0.0010158647456459668
optimized,0,0.4861,71,-0.0008529279294337,0.0017058558588674
optimized,0,0.4861,72,-0.0011978397409918573,0.002994599352480698
optimized,0,0.4861,73,-0.001816150170485864,0.0054484505114595905
optimized,0,0.4861,74,-0.002854396883560595,0.00999038909246508
optimized,0,0.4861,75,-0.001291678231732929,-0.009041747622131613
optimized,0,0.4861,76,-0.0008124859910126903,-0.004874915946071923
optimized,0,0.4861,77,-0.000533711603681486,-0.0026685580184073743
optimized,0,0.4861,78,-0.00038402831887418554,-0.0015361132754967421
optimized,0,0.4861,79,-0.0003127092237724116,-0.0009381276713167352
optimized,0,0.4861,80,-0.000284507043284532,-0.000569014086569064
optimized,0,0.4861,81,-0.0002762981576853174,-0.0002762981576853174
optimized,0,0.4861,82,-0.0002749769934619617,0
optimized,0,0.4861,83,-0.0002762981576853174,0.0002762981576853174
optimized,0,0.4861,84,-0.000284507043284532,0.000569014086569064
optimized,0,0.4861,85,-0.0003127092237724116,0.0009381276713167352
optimized,0,0.4861,86,-0.00038402831887418554,0.0015361132754967421
optimized,0,0.4861,87,-0.000533711603681486,0.0026685580184073743
optimized,0,0.4861,88,-0.0008124859910126903,0.004874915946071923
optimized,0,0.4861,89,-0.001291678231732929,0.009041747622131613
optimized,0,0.4861,90,0,-0.016086586309847828
optimized,0,0.4861,91,0,-0.00874060235086338
optimized,0,0.4861,92,0,-0.004695243840313612
optimized,0,0.4861,93,0,-0.0025685833189372786
optimized,0,0.4861,94,0,-0.0014859727818459234
optimized,0,0.4861,95,0,-0.0009167623327275276
optimized,0,0.4861,96,0,-0.0005621142244368604
optimized,0,0.4861,97,0,-0.0002749769934619617
optimized,0,0.4861,98,0,0
optimized,0,0.4861,99,0,0.0002749769934619617
optimized,0,0.4861,100,0,0.0005621142244368604
optimized,0,0.4861,101,0,0.0009167623327275276
optimized,0,0.4861,102,0,0.0014859727818459234
optimized,0,0.4861,103,0,0.0025685833189372786
optimized,0,0.4861,104,0,0.004695243840313612
optimized,0,0.4861,105,0,0.00874060235086338
optimized,0,0.4861,106,0,0.016086586309847828
optimized,0,0.4861,107,0.001291678231732929,-0.009041747622131613
optimized,0,0.4861,108,0.0008124859910126903,-0.004874915946071923
optimized,0,0.4861,109,0.000533711603681486,-0.0026685580184073743
optimized,0,0.4861,110,0.00038402831887418554,-0.0015361132754967421
optimized,0,0.4861,111,0.0003127092237724116,-0.0009381276713167352
optimized,0,0.4861,112,0.000284507043284532,-0.000569014086569064
optimized,0,0.4861,113,0.0002762981576853174,-0.0002762981576853174
optimized,0,0.4861,114,0.0002749769934619617,0
optimized,0,0.4861,115,0.0002762981576853174,0.0002762981576853174
optimized,0,0.4861,116,0.000284507043284532,0.000569014086569064
optimized,0,0.4861,117,0.0003127092237724116,0.0009381276713167352
optimized,0,0.4861,118,0.00038402831887418554,0.0015361132754967421
optimized,0,0.4861,119,0.000533711603681486,0.0026685580184073743
optimized,0,0.4861,120,0.0008124859910126903,0.004874915946071923
optimized,0,0.4861,121,0.001291678231732929,0.009041747622131613
optimized,0,0.4861,122,0.002854396883560595,-0.00999038909246508
optimized,0,0.4861,123,0.001816150170485864,-0.0054484505114595905
optimized,0,0.4861,124,0.0011978397409918573,-0.002994599352480698
optimized,0,0.4861,125,0.0008529279294337,-0.0017058558588674
optimized,0,0.4861,126,0.000677243163764718,-0.0010158647456459668
optimized,0,0.4861,127,0.0005984253954105512,-0.0005984253954105512
optimized,0,0.4861,128,0.000569014086569064,-0.000284507043284532
optimized,0,0.4861,129,0.0005621142244368604,0
optimized,0,0.4861,130,0.000569014086569064,0.000284507043284532
optimized,0,0.4861,131,0.0005984253954105512,0.0005984253954105512
optimized,0,0.4861,132,0.000677243163764718,0.0010158647456459668
optimized,0,0.4861,133,0.0008529279294337,0.0017058558588674
optimized,0,0.4861,134,0.0011978397409918573,0.002994599352480698
optimized,0,0.4861,135,0.001816150170485864,0.0054484505114595905
optimized,0,0.4861,136,0.002854396883560595,0.00999038909246508
optimized,0,0.4861,137,0.005025543712339653,-0.011726268662123562
optimized,0,0.4861,138,0.0032612529053490658,-0.0065225058106981315
optimized,0,0.4861,139,0.002176428374951689,-0.003627380624918075
optimized,0,0.4861,140,0.0015411499913633442,-0.0020548666551514216
optimized,0,0.4861,141,0.0011920915114911335,-0.0011920915114911335
optimized,0,0.4861,142,0.0010158647456459668,-0.000677243163764718
optimized,0,0.4861,143,0.0009381276713167352,-0.0003127092237724116
optimized,0,0.4861,144,0.0009167623327275276,0
optimized,0,0.4861,145,0.0009381276713167352,0.0003127092237724116
optimized,0,0.4861,146,0.0010158647456459668,0.000677243163764718
optimized,0,0.4861,147,0.0011920915114911335,0.0011920915114911335
optimized,0,0.4861,148,0.0015411499913633442,0.0020548666551514216
optimized,0,0.4861,149,0.002176428374951689,0.003627380624918075
optimized,0,0.4861,150,0.0032612529053490658,0.0065225058106981315
optimized,0,0.4861,151,0.005025543712339653,0.011726268662123562
optimized,0,0.4861,152,0.005523756165277671,-0.008285634247918505
optimized,0,0.4861,153,0.003767536990912257,-0.004709421238639155
optimized,0,0.4861,154,0.0026885000941554438,-0.0026885000941554438
optimized,0,0.4861,155,0.0020548666551514216,-0.0015411499913633442
optimized,0,0.4861,156,0.0017058558588674,-0.0008529279294337
optimized,0,0.4861,157,0.0015361132754967421,-0.00038402831887418554
optimized,0,0.4861,158,0.0014859727818459234,0
optimized,0,0.4861,159,0.0015361132754967421,0.00038402831887418554
optimized,0,0.4861,160,0.0017058558588674,0.0008529279294337
optimized,0,0.4861,161,0.0020548666551514216,0.0015411499913633442
optimized,0,0.4861,162,0.0026885000941554438,0.0026885000941554438
optimized,0,0.4861,163,0.003767536990912257,0.004709421238639155
optimized,0,0.4861,164,0.005523756165277671,0.008285634247918505
optimized,0,0.4861,165,0.009188429733609116,-0.01102611568033085
optimized,0,0.4861,166,0.006458391158665311,-0.006458391158665311
optimized,0,0.4861,167,0.004709421238639155,-0.003767536990912257
optimized,0,0.4861,168,0.003627380624918075,-0.002176428374951689
optimized,0,0.4861,169,0.002994599352480698,-0.0011978397409918573
optimized,0,0.4861,170,0.0026685580184073743,-0.000533711603681486
optimized,0,0.4861,171,0.0025685833189372786,0
optimized,0,0.4861,172,0.0026685580184073743,0.000533711603681486
optimized,0,0.4861,173,0.002994599352480698,0.0011978397409918573
optimized,0,0.4861,174,0.003627380624918075,0.002176428374951689
optimized,0,0.4861,175,0.004709421238639155,0.003767536990912257
optimized,0,0.4861,176,0.006458391158665311,0.006458391158665311
optimized,0,0.4861,177,0.009188429733609116,0.01102611568033085
optimized,0,0.4861,178,0.01102611568033085,-0.009188429733609116
optimized,0,0.4861,179,0.008285634247918505,-0.005523756165277671
optimized,0,0.4861,180,0.0065225058106981315,-0.0032612529053490658
optimized,0,0.4861,181,0.0054484505114595905,-0.001816150170485864
optimized,0,0.4861,182,0.004874915946071923,-0.0008124859910126903
optimized,0,0.4861,183,0.004695243840313612,0
optimized,0,0.4861,184,0.004874915946071923,0.0008124859910126903
optimized,0,0.4861,185,0.0054484505114595905,0.001816150170485864
optimized,0,0.4861,186,0.0065225058106981315,0.0032612529053490658
optimized,0,0.4861,187,0.008285634247918505,0.005523756165277671
optimized,0,0.4861,188,0.01102611568033085,0.009188429733609116
optimized,0,0.4861,189,0.011726268662123562,-0.005025543712339653
optimized,0,0.4861,190,0.00999038909246508,-0.002854396883560595
optimized,0,0.4861,191,0.009041747622131613,-0.001291678231732929
optimized,0,0.4861,192,0.00874060235086338,0
optimized,0,0.4861,193,0.009041747622131613,0.001291678231732929
optimized,0,0.4861,194,0.00999038909246508,0.002854396883560595
optimized,0,0.4861,195,0.011726268662123562,0.005025543712339653
optimized,0,0.4861,196,0.016086586309847828,0
optimized,0,0.5876,0,-0.009561796423246616,0
optimized,0,0.5876,1,-0.006432792966581058,-0.002756911271391438
optimized,0,0.5876,2,-0.005032468505180354,-0.0014378481443370061
optimized,0,0.5876,3,-0.004280584663839626,-0.0006115120948340658
optimized,0,0.5876,4,-0.004044280204539508,0
optimized,0,0.5876,5,-0.004280584663839626,0.0006115120948340658
optimized,0,0.5876,6,-0.005032468505180354,0.0014378481443370061
optimized,0,0.5876,7,-0.006432792966581058,0.002756911271391438
optimized,0,0.5876,8,-0.0063122443441043785,-0.005260203620088166
optimized,0,0.5876,9,-0.004092526272379882,-0.002728350848251626
optimized,0,0.5876,10,-0.002716269604266408,-0.001358134802133204
optimized,0,0.5876,11,-0.0019093292634813075,-0.0006364430878266214
optimized,0,0.5876,12,-0.001492512093515419,-0.0002487520155861622
optimized,0,0.5876,13,-0.0013645003813205214,0
optimized,0,0.5876,14,-0.001492512093515419,0.0002487520155861622
optimized,0,0.5876,15,-0.0019093292634813075,0.0006364430878266214
optimized,0,0.5876,16,-0.002716269604266408,0.001358134802133204
optimized,0,0.5876,17,-0.004092526272379882,0.002728350848251626
optimized,0,0.5876,18,-0.0063122443441043785,0.005260203620088166
optimized,0,0.5876,19,-0.005260203620088166,-0.0063122443441043785
optimized,0,0.5876,20,-0.003057560474173382,-0.003057560474173382
optimized,0,0.5876,21,-0.0017161325928340965,-0.0013729060742684318
optimized,0,0.5876,22,-0.0009371490108716074,-0.0005622894065224759
optimized,0,0.5876,23,-0.0005137610980772145,-0.00020550443923050832
optimized,0,0.5876,24,-0.00031062815561799795,-0.00006212563112334424
optimized,0,0.5876,25,-0.00025117820416342695,0
optimized,0,0.5876,26,-0.00031062815561799795,0.00006212563112334424
optimized,0,0.5876,27,-0.0005137610980772145,0.00020550443923050832
optimized,0,0.5876,28,-0.0009371490108716074,0.0005622894065224759
optimized,0,0.5876,29,-0.0017161325928340965,0.0013729060742684318
optimized,0,0.5876,30,-0.003057560474173382,0.003057560474173382
optimized,0,0.5876,31,-0.005260203620088166,0.0063122443441043785
optimized,0,0.5876,32,-0.002728350848251626,-0.004092526272379882
optimized,0,0.5876,33,-0.0013729060742684318,-0.0017161325928340965
optimized,0,0.5876,34,-0.0006038742460416913,-0.0006038742460416913
optimized,0,0.5876,35,-0.00020094256333158533,-0.00015070692249707918
optimized,0,0.5876,36,-0.0000114198590723813,-0.00000570992953619065
optimized,0,0.5876,37,0.00006467394725473419,0.000016168486813683547
optimized,0,0.5876,38,0.00008393159293040853,0
optimized,0,0.5876,39,0.00006467394725473419,-0.000016168486813683547
optimized,0,0.5876,40,-0.0000114198590723813,0.00000570992953619065
optimized,0,0.5876,41,-0.00020094256333158533,0.00015070692249707918
optimized,0,0.5876,42,-0.0006038742460416913,0.0006038742460416913
optimized,0,0.5876,43,-0.0013729060742684318,0.0017161325928340965
optimized,0,0.5876,44,-0.002728350848251626,0.004092526272379882
optimized,0,0.5876,45,-0.002756911271391438,-0.006432792966581058
optimized,0,0.5876,46,-0.001358134802133204,-0.002716269604266408
optimized,0,0.5876,47,-0.0005622894065224759,-0.0009371490108716074
optimized,0,0.5876,48,-0.00015070692249707918,-0.00020094256333158533
optimized,0,0.5876,49,0.0000317854747979851,0.0000317854747979851
optimized,0,0.5876,50,0.00009281493194301937,0.00006187662129497618
optimized,0,0.5876,51,0.00010289197615276358,0.000034297325383958466
optimized,0,0.5876,52,0.00010194192014378878,0
optimized,0,0.5876,53,0.00010289197615276358,-0.000034297325383958466
optimized,0,0.5876,54,0.00009281493194301937,-0.00006187662129497618
optimized,0,0.5876,55,0.0000317854747979851,-0.0000317854747979851
optimized,0,0.5876,56,-0.00015070692249707918,0.00020094256333158533
optimized,0,0.5876,57,-0.0005622894065224759,0.0009371490108716074
optimized,0,0.5876,58,-0.001358134802133204,0.002716269604266408
optimized,0,0.5876,59,-0.002756911271391438,0.006432792966581058
optimized,0,0.5876,60,-0.0014378481443370061,-0.005032468505180354
optimized,0,0.5876,61,-0.0006364430878266214,-0.0019093292634813075
optimized,0,0.5876,62,-0.00020550443923050832,-0.0005137610980772145
optimized,0,0.5876,63,-0.00000570992953619065,-0.0000114198590723813
optimized,0,0.5876,64,0.00006187662129497618,0.00009281493194301937
optimized,0,0.5876,65,0.0000659122347563823,0.0000659122347563823
optimized,0,0.5876,66,0.00005139282665433953,0.000025696413327169765
optimized,0,0.5876,67,0.000043802290482286566,0
optimized,0,0.5876,68,0.00005139282665433953,-0.000025696413327169765
optimized,0,0.5876,69,0.0000659122347563823,-0.0000659122347563823
optimized,0,0.5876,70,0.00006187662129497618,-0.00009281493194301937
optimized,0,0.5876,71,-0.00000570992953619065,0.0000114198590723813
optimized,0,0.5876,72,-0.00020550443923050832,0.0005137610980772145
optimized,0,0.5876,73,-0.0006364430878266214,0.0019093292634813075
optimized,0,0.5876,74,-0.0014378481443370061,0.005032468505180354
optimized,0,0.5876,75,-0.0006115120948340658,-0.004280584663839626
optimized,0,0.5876,76,-0.0002487520155861622,-0.001492512093515419
optimized,0,0.5876,77,-0.00006212563112334424,-0.00031062815561799795
optimized,0,0.5876,78,0.000016168486813683547,0.00006467394725473419
optimized,0,0.5876,79,0.000034297325383958466,0.00010289197615276358
optimized,0,0.5876,80,0.000025696413327169765,0.00005139282665433953
optimized,0,0.5876,81,0.00001228299434730129,0.00001228299434730129
optimized,0,0.5876,82,0.0000064717313456585934,0
optimized,0,0.5876,83,0.00001228299434730129,-0.00001228299434730129
optimized,0,0.5876,84,0.000025696413327169765,-0.00005139282665433953
optimized,0,0.5876,85,0.000034297325383958466,-0.00010289197615276358
optimized,0,0.5876,86,0.000016168486813683547,-0.00006467394725473419
optimized,0,0.5876,87,-0.00006212563112334424,0.00031062815561799795
optimized,0,0.5876,88,-0.0002487520155861622,0.001492512093515419
optimized,0,0.5876,89,-0.0006115120948340658,0.004280584663839626
optimized,0,0.5876,90,0,-0.009561796423246616
optimized,0,0.5876,91,0,-0.004044280204539508
optimized,0,0.5876,92,0,-0.0013645003813205214
optimized,0,0.5876,93,0,-0.00025117820416342695
optimized,0,0.5876,94,0,0.00008393159293040853
optimized,0,0.5876,95,0,0.00010194192014378878
optimized,0,0.5876,96,0,0.000043802290482286566
optimized,0,0.5876,97,0,0.0000064717313456585934
optimized,0,0.5876,98,0,0
optimized,0,0.5876,99,0,-0.0000064717313456585934
optimized,0,0.5876,100,0,-0.000043802290482286566
optimized,0,0.5876,101,0,-0.00010194192014378878
optimized,0,0.5876,102,0,-0.00008393159293040853
optimized,0,0.5876,103,0,0.00025117820416342695
optimized,0,0.5876,104,0,0.0013645003813205214
optimized,0,0.5876,105,0,0.004044280204539508
optimized,0,0.5876,106,0,0.009561796423246616
optimized,0,0.5876,107,0.0006115120948340658,-0.004280584663839626
optimized,0,0.5876,108,0.0002487520155861622,-0.001492512093515419
optimized,0,0.5876,109,0.00006212563112334424,-0.00031062815561799795
optimized,0,0.5876,110,-0.000016168486813683547,0.00006467394725473419
optimized,0,0.5876,111,-0.000034297325383958466,0.00010289197615276358
optimized,0,0.5876,112,-0.000025696413327169765,0.00005139282665433953
optimized,0,0.5876,113,-0.00001228299434730129,0.00001228299434730129
optimized,0,0.5876,114,-0.0000064717313456585934,0
optimized,0,0.5876,115,-0.00001228299434730129,-0.00001228299434730129
optimized,0,0.5876,116,-0.000025696413327169765,-0.00005139282665433953
optimized,0,0.5876,117,-0.000034297325383958466,-0.00010289197615276358
optimized,0,0.5876,118,-0.000016168486813683547,-0.00006467394725473419
optimized,0,0.5876,119,0.00006212563112334424,0.00031062815561799795
optimized,0,0.5876,120,0.0002487520155861622,0.001492512093515419
optimized,0,0.5876,121,0.0006115120948340658,0.004280584663839626
optimized,0,0.5876,122,0.0014378481443370061,-0.005032468505180354
optimized,0,0.5876,123,0.0006364430878266214,-0.0019093292634813075
optimized,0,0.5876,124,0.00020550443923050832,-0.0005137610980772145
optimized,0,0.5876,125,0.00000570992953619065,-0.0000114198590723813
optimized,0,0.5876,126,-0.00006187662129497618,0.00009281493194301937
optimized,0,0.5876,127,-0.0000659122347563823,0.0000659122347563823
optimized,0,0.5876,128,-0.00005139282665433953,0.000025696413327169765
optimized,0,0.5876,129,-0.000043802290482286566,0
optimized,0,0.5876,130,-0.00005139282665433953,-0.000025696413327169765
optimized,0,0.5876,131,-0.0000659122347563823,-0.0000659122347563823
optimized,0,0.5876,132,-0.00006187662129497618,-0.00009281493194301937
optimized,0,0.5876,133,0.00000570992953619065,0.0000114198590723813
optimized,0,0.5876,134,0.00020550443923050832,0.0005137610980772145
optimized,0,0.5876,135,0.0006364430878266214,0.0019093292634813075
optimized,0,0.5876,136,0.0014378481443370061,0.005032468505180354
optimized,0,0.5876,137,0.002756911271391438,-0.006432792966581058
optimized,0,0.5876,138,0.001358134802133204,-0.002716269604266408
optimized,0,0.5876,139,0.0005622894065224759,-0.0009371490108716074
optimized,0,0.5876,140,0.00015070692249707918,-0.00020094256333158533
optimized,0,0.5876,141,-0.0000317854747979851,0.0000317854747979851
optimized,0,0.5876,142,-0.00009281493194301937,0.00006187662129497618
optimized,0,0.5876,143,-0.00010289197615276358,0.000034297325383958466
optimized,0,0.5876,144,-0.00010194192014378878,0
optimized,0,0.5876,145,-0.00010289197615276358,-0.000034297325383958466
optimized,0,0.5876,146,-0.00009281493194301937,-0.00006187662129497618
optimized,0,0.5876,147,-0.0000317854747979851,-0.0000317854747979851
optimized,0,0.5876,148,0.00015070692249707918,0.00020094256333158533
optimized,0,0.5876,149,0.0005622894065224759,0.0009371490108716074
optimized,0,0.5876,150,0.001358134802133204,0.002716269604266408
optimized,0,0.5876,151,0.002756911271391438,0.006432792966581058
optimized,0,0.5876,152,0.002728350848251626,-0.004092526272379882
optimized,0,0.5876,153,0.0013729060742684318,-0.0017161325928340965
optimized,0,0.5876,154,0.0006038742460416913,-0.0006038742460416913
optimized,0,0.5876,155,0.00020094256333158533,-0.00015070692249707918
optimized,0,0.5876,156,0.0000114198590723813,-0.00000570992953619065
optimized,0,0.5876,157,-0.00006467394725473419,0.000016168486813683547
optimized,0,0.5876,158,-0.00008393159293040853,0
optimized,0,0.5876,159,-0.00006467394725473419,-0.000016168486813683547
optimized,0,0.5876,160,0.0000114198590723813,0.00000570992953619065
optimized,0,0.5876,161,0.00020094256333158533,0.00015070692249707918
optimized,0,0.5876,162,0.0006038742460416913,0.0006038742460416913
optimized,0,0.5876,163,0.0013729060742684318,0.0017161325928340965
optimized,0,0.5876,164,0.002728350848251626,0.004092526272379882
optimized,0,0.5876,165,0.005260203620088166,-0.0063122443441043785
optimized,0,0.5876,166,0.003057560474173382,-0.003057560474173382
optimized,0,0.5876,167,0.0017161325928340965,-0.0013729060742684318
optimized,0,0.5876,168,0.0009371490108716074,-0.0005622894065224759
optimized,0,0.5876,169,0.0005137610980772145,-0.00020550443923050832
optimized,0,0.5876,170,0.00031062815561799795,-0.00006212563112334424
optimized,0,0.5876,171,0.00025117820416342695,0
optimized,0,0.5876,172,0.00031062815561799795,0.00006212563112334424
optimized,0,0.5876,173,0.0005137610980772145,0.00020550443923050832
optimized,0,0.5876,174,0.0009371490108716074,0.0005622894065224759
optimized,0,0.5876,175,0.0017161325928340965,0.0013729060742684318
optimized,0,0.5876,176,0.003057560474173382,0.003057560474173382
optimized,0,0.5876,177,0.005260203620088166,0.0063122443441043785
optimized,0,0.5876,178,0.0063122443441043785,-0.005260203620088166
optimized,0,0.5876,179,0.004092526272379882,-0.002728350848251626
optimized,0,0.5876,180,0.002716269604266408,-0.001358134802133204
optimized,0,0.5876,181,0.0019093292634813075,-0.0006364430878266214
optimized,0,0.5876,182,0.001492512093515419,-0.0002487520155861622
optimized,0,0.5876,183,0.0013645003813205214,0
optimized,0,0.5876,184,0.001492512093515419,0.0002487520155861622
optimized,0,0.5876,185,0.0019093292634813075,0.0006364430878266214
optimized,0,0.5876,186,0.002716269604266408,0.001358134802133204
optimized,0,0.5876,187,0.004092526272379882,0.002728350848251626
optimized,0,0.5876,188,0.0063122443441043785,0.005260203620088166
optimized,0,0.5876,189,0.006432792966581058,-0.002756911271391438
optimized,0,0.5876,190,0.005032468505180354,-0.0014378481443370061
optimized,0,0.5876,191,0.004280584663839626,-0.0006115120948340658
optimized,0,0.5876,192,0.004044280204539508,0
optimized,0,0.5876,193,0.004280584663839626,0.0006115120948340658
optimized,0,0.5876,194,0.005032468505180354,0.0014378481443370061
optimized,0,0.5876,195,0.006432792966581058,0.002756911271391438
optimized,0,0.5876,196,0.009561796423246616,0
optimized,0,0.6563,0,-0.01057689210803181,0
optimized,0,0.6563,1,-0.007477572632224039,-0.003204673985238493
optimized,0,0.6563,2,-0.006203405222801717,-0.0017724014922284592
optimized,0,0.6563,3,-0.005525399633916628,-0.0007893428048456053
optimized,0,0.6563,4,-0.005313425664564608,0
optimized,0,0.6563,5,-0.005525399633916628,0.0007893428048456053
optimized,0,0.6563,6,-0.006203405222801717,0.0017724014922284592
optimized,0,0.6563,7,-0.007477572632224039,0.003204673985238493
optimized,0,0.6563,8,-0.0071412866352291715,-0.0059510721960238655
optimized,0,0.6563,9,-0.005117422065927801,-0.003411614710617572
optimized,0,0.6563,10,-0.003886286618938861,-0.0019431433094694306
optimized,0,0.6563,11,-0.0031793480478183866,-0.0010597826826056478
optimized,0,0.6563,12,-0.002821124818769505,-0.00047018746979482495
optimized,0,0.6563,13,-0.0027124152222119946,0
optimized,0,0.6563,14,-0.002821124818769505,0.00047018746979482495
optimized,0,0.6563,15,-0.0031793480478183866,0.0010597826826056478
optimized,0,0.6563,16,-0.003886286618938861,0.0019431433094694306
optimized,0,0.6563,17,-0.005117422065927801,0.003411614710617572
optimized,0,0.6563,18,-0.0071412866352291715,0.0059510721960238655
optimized,0,0.6563,19,-0.0059510721960238655,-0.0071412866352291715
optimized,0,0.6563,20,-0.003946714024226861,-0.003946714024226861
optimized,0,0.6563,21,-0.0027580120470549474,-0.0022064096376430697
optimized,0,0.6563,22,-0.002092299390475727,-0.0012553796342862356
optimized,0,0.6563,23,-0.0017470181475345292,-0.0006988072590140559
optimized,0,0.6563,24,-0.0015896701921103151,-0.00031793403842228507
optimized,0,0.6563,25,-0.0015453060538552776,0
optimized,0,0.6563,26,-0.0015896701921103151,0.00031793403842228507
optimized,0,0.6563,27,-0.0017470181475345292,0.0006988072590140559
optimized,0,0.6563,28,-0.002092299390475727,0.0012553796342862356
optimized,0,0.6563,29,-0.0027580120470549474,0.0022064096376430697
optimized,0,0.6563,30,-0.003946714024226861,0.003946714024226861
optimized,0,0.6563,31,-0.0059510721960238655,0.0071412866352291715
optimized,0,0.6563,32,-0.003411614710617572,-0.005117422065927801
optimized,0,0.6563,33,-0.0022064096376430697,-0.0027580120470549474
optimized,0,0.6563,34,-0.0015532077302207181,-0.0015532077302207181
optimized,0,0.6563,35,-0.0012362448430822681,-0.0009271836323123672
optimized,0,0.6563,36,-0.001106033431683695,-0.0005530167158418475
optimized,0,0.6563,37,-0.001064718824069777,-0.00026617970601744423
optimized,0,0.6563,38,-0.0010569225772822932,0
optimized,0,0.6563,39,-0.001064718824069777,0.00026617970601744423
optimized,0,0.6563,40,-0.001106033431683695,0.0005530167158418475
optimized,0,0.6563,41,-0.0012362448430822681,0.0009271836323123672
optimized,0,0.6563,42,-0.0015532077302207181,0.0015532077302207181
optimized,0,0.6563,43,-0.0022064096376430697,0.0027580120470549474
optimized,0,0.6563,44,-0.003411614710617572,0.005117422065927801
optimized,0,0.6563,45,-0.003204673985238493,-0.007477572632224039
optimized,0,0.6563,46,-0.0019431433094694306,-0.003886286618938861
optimized,0,0.6563,47,-0.0012553796342862356,-0.002092299390475727
optimized,0,0.6563,48,-0.0009271836323123672,-0.0012362448430822681
optimized,0,0.6563,49,-0.0008066139193443345,-0.0008066139193443345
optimized,0,0.6563,50,-0.000788322575236089,-0.0005255483834896157
optimized,0,0.6563,51,-0.0008033128124569355,-0.0002677709374857007
optimized,0,0.6563,52,-0.0008125247560997195,0
optimized,0,0.6563,53,-0.0008033128124569355,0.0002677709374857007
optimized,0,0.6563,54,-0.000788322575236089,0.0005255483834896157
optimized,0,0.6563,55,-0.0008066139193443345,0.0008066139193443345
optimized,0,0.6563,56,-0.0009271836323123672,0.0012362448430822681
optimized,0,0.6563,57,-0.0012553796342862356,0.002092299390475727
optimized,0,0.6563,58,-0.0019431433094694306,0.003886286618938861
optimized,0,0.6563,59,-0.003204673985238493,0.007477572632224039
optimized,0,0.6563,60,-0.0017724014922284592,-0.006203405222801717
optimized,0,0.6563,61,-0.0010597826826056478,-0.0031793480478183866
optimized,0,0.6563,62,-0.0006988072590140559,-0.0017470181475345292
optimized,0,0.6563,63,-0.0005530167158418475,-0.001106033431683695
optimized,0,0.6563,64,-0.0005255483834896157,-0.000788322575236089
optimized,0,0.6563,65,-0.0005492092226566658,-0.0005492092226566658
optimized,0,0.6563,66,-0.0005799763336999941,-0.00028998816684999706
optimized,0,0.6563,67,-0.0005929223867031652,0
optimized,0,0.6563,68,-0.0005799763336999941,0.00028998816684999706
optimized,0,0.6563,69,-0.0005492092226566658,0.0005492092226566658
optimized,0,0.6563,70,-0.0005255483834896157,0.000788322575236089
optimized,0,0.6563,71,-0.0005530167158418475,0.001106033431683695
optimized,0,0.6563,72,-0.0006988072590140559,0.0017470181475345292
optimized,0,0.6563,73,-0.0010597826826056478,0.0031793480478183866
optimized,0,0.6563,74,-0.0017724014922284592,0.006203405222801717
optimized,0,0.6563,75,-0.0007893428048456053,-0.005525399633916628
optimized,0,0.6563,76,-0.00047018746979482495,-0.002821124818769505
optimized,0,0.6563,77,-0.00031793403842228507,-0.0015896701921103151
optimized,0,0.6563,78,-0.00026617970601744423,-0.001064718824069777
optimized,0,0.6563,79,-0.0002677709374857007,-0.0008033128124569355
optimized,0,0.6563,80,-0.00028998816684999706,-0.0005799763336999941
optimized,0,0.6563,81,-0.0003113902120412404,-0.0003113902120412404
optimized,0,0.6563,82,-0.00031983479409425364,0
optimized,0,0.6563,83,-0.0003113902120412404,0.0003113902120412404
optimized,0,0.6563,84,-0.00028998816684999706,0.0005799763336999941
optimized,0,0.6563,85,-0.0002677709374857007,0.0008033128124569355
optimized,0,0.6563,86,-0.00026617970601744423,0.001064718824069777
optimized,0,0.6563,87,-0.00031793403842228507,0.0015896701921103151
optimized,0,0.6563,88,-0.00047018746979482495,0.002821124818769505
optimized,0,0.6563,89,-0.0007893428048456053,0.005525399633916628
optimized,0,0.6563,90,0,-0.01057689210803181
optimized,0,0.6563,91,0,-0.005313425664564608
optimized,0,0.6563,92,0,-0.0027124152222119946
optimized,0,0.6563,93,0,-0.0015453060538552776
optimized,0,0.6563,94,0,-0.0010569225772822932
optimized,0,0.6563,95,0,-0.0008125247560997195
optimized,0,0.6563,96,0,-0.0005929223867031652
optimized,0,0.6563,97,0,-0.00031983479409425364
optimized,0,0.6563,98,0,0
optimized,0,0.6563,99,0,0.00031983479409425364
optimized,0,0.6563,100,0,0.0005929223867031652
optimized,0,0.6563,101,0,0.0008125247560997195
optimized,0,0.6563,102,0,0.0010569225772822932
optimized,0,0.6563,103,0,0.0015453060538552776
optimized,0,0.6563,104,0,0.0027124152222119946
optimized,0,0.6563,105,0,0.005313425664564608
optimized,0,0.6563,106,0,0.01057689210803181
optimized,0,0.6563,107,0.0007893428048456053,-0.005525399633916628
optimized,0,0.6563,108,0.00047018746979482495,-0.002821124818769505
optimized,0,0.6563,109,0.00031793403842228507,-0.0015896701921103151
optimized,0,0.6563,110,0.00026617970601744423,-0.001064718824069777
optimized,0,0.6563,111,0.0002677709374857007,-0.0008033128124569355
optimized,0,0.6563,112,0.00028998816684999706,-0.0005799763336999941
optimized,0,0.6563,113,0.0003113902120412404,-0.0003113902120412404
optimized,0,0.6563,114,0.00031983479409425364,0
optimized,0,0.6563,115,0.0003113902120412404,0.0003113902120412404
optimized,0,0.6563,116,0.00028998816684999706,0.0005799763336999941
optimized,0,0.6563,117,0.0002677709374857007,0.0008033128124569355
optimized,0,0.6563,118,0.00026617970601744423,0.001064718824069777
optimized,0,0.6563,119,0.00031793403842228507,0.0015896701921103151
optimized,0,0.6563,120,0.00047018746979482495,0.002821124818769505
optimized,0,0.6563,121,0.0007893428048456053,0.005525399633916628
optimized,0,0.6563,122,0.0017724014922284592,-0.006203405222801717
optimized,0,0.6563,123,0.0010597826826056478,-0.0031793480478183866
optimized,0,0.6563,124,0.0006988072590140559,-0.0017470181475345292
optimized,0,0.6563,125,0.0005530167158418475,-0.001106033431683695
optimized,0,0.6563,126,0.0005255483834896157,-0.000788322575236089
optimized,0,0.6563,127,0.0005492092226566658,-0.0005492092226566658
optimized,0,0.6563,128,0.0005799763336999941,-0.00028998816684999706
optimized,0,0.6563,129,0.0005929223867031652,0
optimized,0,0.6563,130,0.0005799763336999941,0.00028998816684999706
optimized,0,0.6563,131,0.0005492092226566658,0.0005492092226566658
optimized,0,0.6563,132,0.0005255483834896157,0.000788322575236089
optimized,0,0.6563,133,0.0005530167158418475,0.001106033431683695
optimized,0,0.6563,134,0.0006988072590140559,0.0017470181475345292
optimized,0,0.6563,135,0.0010597826826056478,0.0031793480478183866
optimized,0,0.6563,136,0.0017724014922284592,0.006203405222801717
optimized,0,0.6563,137,0.003204673985238493,-0.007477572632224039
optimized,0,0.6563,138,0.0019431433094694306,-0.003886286618938861
optimized,0,0.6563,139,0.0012553796342862356,-0.002092299390475727
optimized,0,0.6563,140,0.0009271836323123672,-0.0012362448430822681
optimized,0,0.6563,141,0.0008066139193443345,-0.0008066139193443345
optimized,0,0.6563,142,0.000788322575236089,-0.0005255483834896157
optimized,0,0.6563,143,0.0008033128124569355,-0.0002677709374857007
optimized,0,0.6563,144,0.0008125247560997195,0
optimized,0,0.6563,145,0.0008033128124569355,0.0002677709374857007
optimized,0,0.6563,146,0.000788322575236089,0.0005255483834896157
optimized,0,0.6563,147,0.0008066139193443345,0.0008066139193443345
optimized,0,0.6563,148,0.0009271836323123672,0.0012362448430822681
optimized,0,0.6563,149,0.0012553796342862356,0.002092299390475727
optimized,0,0.6563,150,0.0019431433094694306,0.003886286618938861
optimized,0,0.6563,151,0.003204673985238493,0.007477572632224039
optimized,0,0.6563,152,0.003411614710617572,-0.005117422065927801
optimized,0,0.6563,153,0.0022064096376430697,-0.0027580120470549474
optimized,0,0.6563,154,0.0015532077302207181,-0.0015532077302207181
optimized,0,0.6563,155,0.0012362448430822681,-0.0009271836323123672
optimized,0,0.6563,156,0.001106033431683695,-0.0005530167158418475
optimized,0,0.6563,157,0.001064718824069777,-0.00026617970601744423
optimized,0,0.6563,158,0.0010569225772822932,0
optimized,0,0.6563,159,0.001064718824069777,0.00026617970601744423
optimized,0,0.6563,160,0.001106033431683695,0.0005530167158418475
optimized,0,0.6563,161,0.0012362448430822681,0.0009271836323123672
optimized,0,0.6563,162,0.0015532077302207181,0.0015532077302207181
optimized,0,0.6563,163,0.0022064096376430697,0.0027580120470549474
optimized,0,0.6563,164,0.003411614710617572,0.005117422065927801
optimized,0,0.6563,165,0.0059510721960238655,-0.0071412866352291715
optimized,0,0.6563,166,0.003946714024226861,-0.003946714024226861
optimized,0,0.6563,167,0.0027580120470549474,-0.0022064096376430697
optimized,0,0.6563,168,0.002092299390475727,-0.0012553796342862356
optimized,0,0.6563,169,0.0017470181475345292,-0.0006988072590140559
optimized,0,0.6563,170,0.0015896701921103151,-0.00031793403842228507
optimized,0,0.6563,171,0.0015453060538552776,0
optimized,0,0.6563,172,0.0015896701921103151,0.00031793403842228507
optimized,0,0.6563,173,0.0017470181475345292,0.0006988072590140559
optimized,0,0.6563,174,0.002092299390475727,0.0012553796342862356
optimized,0,0.6563,175,0.0027580120470549474,0.0022064096376430697
optimized,0,0.6563,176,0.003946714024226861,0.003946714024226861
optimized,0,0.6563,177,0.0059510721960238655,0.0071412866352291715
optimized,0,0.6563,178,0.0071412866352291715,-0.0059510721960238655
optimized,0,0.6563,179,0.005117422065927801,-0.003411614710617572
optimized,0,0.6563,180,0.003886286618938861,-0.0019431433094694306
optimized,0,0.6563,181,0.0031793480478183866,-0.0010597826826056478
optimized,0,0.6563,182,0.002821124818769505,-0.00047018746979482495
optimized,0,0.6563,183,0.0027124152222119946,0
optimized,0,0.6563,184,0.002821124818769505,0.00047018746979482495
optimized,0,0.6563,185,0.0031793480478183866,0.0010597826826056478
optimized,0,0.6563,186,0.003886286618938861,0.0019431433094694306
optimized,0,0.6563,187,0.005117422065927801,0.003411614710617572
optimized,0,0.6563,188,0.0071412866352291715,0.0059510721960238655
optimized,0,0.6563,189,0.007477572632224039,-0.003204673985238493
optimized,0,0.6563,190,0.006203405222801717,-0.0017724014922284592
optimized,0,0.6563,191,0.005525399633916628,-0.0007893428048456053
optimized,0,0.6563,192,0.005313425664564608,0
optimized,0,0.6563,193,0.005525399633916628,0.0007893428048456053
optimized,0,0.6563,194,0.006203405222801717,0.0017724014922284592
optimized,0,0.6563,195,0.007477572632224039,0.003204673985238493
optimized,0,0.6563,196,0.01057689210803181,0
optimized,14,0.4861,0,0.008358554203467872,12.481702415127003
optimized,14,0.4861,1,-0.0036710615852051376,12.474477531768194
optimized,14,0.4861,2,0.0037087833811635385,12.480867890981045
optimized,14,0.4861,3,0.00986713963558028,12.48473237066862
optimized,14,0.4861,4,0.014921741177841508,12.48668064910824
optimized,14,0.4861,5,0.018896102254779557,12.487274011692087
optimized,14,0.4861,6,0.021712043990627983,12.487096529689907
optimized,14,0.4861,7,0.023171361516279187,12.48683947421753
optimized,14,0.4861,8,-0.013369888167558575,12.46165837084358
optimized,14,0.4861,9,-0.005093500192428824,12.473712998558222
optimized,14,0.4861,10,0.001880612806710591,12.481948057467363
optimized,14,0.4861,11,0.007805659265246678,12.487176979039912
optimized,14,0.4861,12,0.012854090686302388,12.490035389567629
optimized,14,0.4861,13,0.01712516214431048,12.491047478874702
optimized,14,0.4861,14,0.02064644764597201,12.490686793988676
optimized,14,0.4861,15,0.023368913597353824,12.489438800327745
optimized,14,0.4861,16,0.025154087472406772,12.48787396041499
optimized,14,0.4861,17,0.02575031382455517,12.486743634027539
optimized,14,0.4861,18,0.024752558799459035,12.487118272767031
optimized,14,0.4861,19,-0.015030834354726519,12.45463538249075
optimized,14,0.4861,20,-0.0074164344523448555,12.469901761066357
optimized,14,0.4861,21,-0.00103041192533615,12.480648954229256
optimized,14,0.4861,22,0.004398143028705448,12.487851657537583
optimized,14,0.4861,23,0.009067658453833172,12.49224386050992
optimized,14,0.4861,24,0.013114956714071813,12.494391759855802
optimized,14,0.4861,25,0.016621244580880212,12.49475450871125
optimized,14,0.4861,26,0.019613607871933336,12.493739464943605
optimized,14,0.4861,27,0.022061761386952483,12.491758436466244
optimized,14,0.4861,28,0.023869042512339345,12.489292556853535
optimized,14,0.4861,29,0.0248555461853055,12.486976375774894
optimized,14,0.4861,30,0.024729532889556705,12.485717717208171
optimized,14,0.4861,31,0.023040142738897984,12.486881384884338
optimized,14,0.4861,32,-0.009570729449042359,12.462142537357538
optimized,14,0.4861,33,-0.0038823651591539665,12.476166242133413
optimized,14,0.4861,34,0.0009119918664484139,12.485955401915344
optimized,14,0.4861,35,0.005017479591478358,12.492412139514437
optimized,14,0.4861,36,0.008585150612613113,12.496210398951927
optimized,14,0.4861,37,0.011720152793016858,12.497864043932347
optimized,14,0.4861,38,0.014486325197003547,12.49778344587828
optimized,14,0.4861,39,0.016907511173123835,12.496326655963394
optimized,14,0.4861,40,0.018965433188600223,12.493851053608974
optimized,14,0.4861,41,0.02059343448962725,12.490772313612613
optimized,14,0.4861,42,0.02166462872253927,12.48764007182245
optimized,14,0.4861,43,0.021971773192738908,12.485244816988182
optimized,14,0.4861,44,0.021194049980483687,12.484780446687022
optimized,14,0.4861,45,-0.010785912707991674,12.449316154407468
optimized,14,0.4861,46,-0.005926087470622843,12.467623623133942
optimized,14,0.4861,47,-0.0018830881917926146,12.480756373427136
optimized,14,0.4861,48,0.0015379526910535013,12.48986500993971
optimized,14,0.4861,49,0.004484528133626098,12.495798589102655
optimized,14,0.4861,50,0.007065676645149788,12.499187179576207
optimized,14,0.4861,51,0.009357834512584429,12.500506488440061
optimized,14,0.4861,52,0.011408171733362282,12.50013145659969
optimized,14,0.4861,53,0.013235631736982834,12.498384516128674
optimized,14,0.4861,54,0.014829580379762675,12.495583977499088
optimized,14,0.4861,55,0.01614560127820841,12.49209883935192
optimized,14,0.4861,56,0.0170974570159097,12.488418571292353
optimized,14,0.4861,57,0.017543411487973115,12.48525101368698
optimized,14,0.4861,58,0.017263684425354642,12.483670363367509
optimized,14,0.4861,59,0.015923198307568276,12.485354247347434
optimized,14,0.4861,60,-0.006526492475532497,12.453836532624994
optimized,14,0.4861,61,-0.003415028837926104,12.471355659041624
optimized,14,0.4861,62,-0.000821999466487533,12.483890300390982
optimized,14,0.4861,63,0.0013784419853555274,12.492545579763666
optimized,14,0.4861,64,0.0032817289289358564,12.498134343979519
optimized,14,0.4861,65,0.004958608487609317,12.50125673961018
optimized,14,0.4861,66,0.006458914790016812,12.50236249372006
optimized,14,0.4861,67,0.007813741293607457,12.50180249197813
optimized,14,0.4861,68,0.00903615583194961,12.499875079601988
optimized,14,0.4861,69,0.010120404728338084,12.49687227224969
optimized,14,0.4861,70,0.011039322435354215,12.493131808491386
optimized,14,0.4861,71,0.011739342050415158,12.489103052963664
optimized,14,0.4861,72,0.012131993202822766,12.485438996240438
optimized,14,0.4861,73,0.012079898642464282,12.483134726883542
optimized,14,0.4861,74,0.011373684049298505,12.48374839463873
optimized,14,0.4861,75,-0.0030766303460774136,12.45646022889213
optimized,14,0.4861,76,-0.0015584104373001506,12.473524028089676
optimized,14,0.4861,77,-0.0002918145842196185,12.485714526032798
optimized,14,0.4861,78,0.0007848990491440833,12.494110374890152
optimized,14,0.4861,79,0.0017186040760523436,12.499503342925998
optimized,14,0.4861,80,0.0025441056558128117,12.502476164590826
optimized,14,0.4861,81,0.003285989952372337,12.503463464932043
optimized,14,0.4861,82,0.003959695055243739,12.502802172727687
optimized,14,0.4861,83,0.004571874299497791,12.500776694794268
optimized,14,0.4861,84,0.005120027754571821,12.497663878398305
optimized,14,0.4861,85,0.005591267150356516,12.493783488426555
optimized,14,0.4861,86,0.005959925675120437,12.489561902356716
optimized,14,0.4861,87,0.0061834810356392045,12.485620763350532
optimized,14,0.4861,88,0.006195843310380533,12.482910072765316
optimized,14,0.4861,89,0.005896300632568574,12.482920073443651
optimized,14,0.4861,90,0,12.43411098712396
optimized,14,0.4861,91,0,12.457320336555451
optimized,14,0.4861,92,0,12.474235237394678
optimized,14,0.4861,93,0,12.486313417426503
optimized,14,0.4861,94,0,12.494624837744972
optimized,14,0.4861,95,0,12.49995434535623
optimized,14,0.4861,96,0,12.502878958387537
optimized,14,0.4861,97,0,12.503828346597057
optimized,14,0.4861,98,0,12.503134863490368
optimized,14,0.4861,99,0,12.501078352666246
optimized,14,0.4861,100,0,12.497930703251765
optimized,14,0.4861,101,0,12.49400581460663
optimized,14,0.4861,102,0,12.489722574291054
optimized,14,0.4861,103,0,12.485692426273186
optimized,14,0.4861,104,0,12.482850722366642
optimized,14,0.4861,105,0,12.482665671588842
optimized,14,0.4861,106,0,12.487487559424784
optimized,14,0.4861,107,0.0030766303460774136,12.45646022889213
optimized,14,0.4861,108,0.0015584104373001506,12.473524028089676
optimized,14,0.4861,109,0.0002918145842196185,12.485714526032798
optimized,14,0.4861,110,-0.0007848990491440833,12.494110374890152
optimized,14,0.4861,111,-0.0017186040760523436,12.499503342925998
optimized,14,0.4861,112,-0.0025441056558128117,12.502476164590826
optimized,14,0.4861,113,-0.003285989952372337,12.503463464932043
optimized,14,0.4861,114,-0.003959695055243739,12.502802172727687
optimized,14,0.4861,115,-0.004571874299497791,12.500776694794268
optimized,14,0.4861,116,-0.005120027754571821,12.497663878398305
optimized,14,0.4861,117,-0.005591267150356516,12.493783488426555
optimized,14,0.4861,118,-0.005959925675120437,12.489561902356716
optimized,14,0.4861,119,-0.0061834810356392045,12.485620763350532
optimized,14,0.4861,120,-0.006195843310380533,12.482910072765316
optimized,14,0.4861,121,-0.005896300632568574,12.482920073443651
optimized,14,0.4861,122,0.006526492475532497,12.453836532624994
optimized,14,0.4861,123,0.003415028837926104,12.471355659041624
optimized,14,0.4861,124,0.000821999466487533,12.483890300390982
optimized,14,0.4861,125,-0.0013784419853555274,12.492545579763666
optimized,14,0.4861,126,-0.0032817289289358564,12.498134343979519
optimized,14,0.4861,127,-0.004958608487609317,12.50125673961018
optimized,14,0.4861,128,-0.006458914790016812,12.50236249372006
optimized,14,0.4861,129,-0.007813741293607457,12.50180249197813
optimized,14,0.4861,130,-0.00903615583194961,12.499875079601988
optimized,14,0.4861,131,-0.010120404728338084,12.49687227224969
optimized,14,0.4861,132,-0.011039322435354215,12.493131808491386
optimized,14,0.4861,133,-0.011739342050415158,12.489103052963664
optimized,14,0.4861,134,-0.012131993202822766,12.485438996240438
optimized,14,0.4861,135,-0.012079898642464282,12.483134726883542
optimized,14,0.4861,136,-0.011373684049298505,12.48374839463873
optimized,14,0.4861,137,0.010785912707991674,12.449316154407468
optimized,14,0.4861,138,0.005926087470622843,12.467623623133942
optimized,14,0.4861,139,0.0018830881917926146,12.480756373427136
optimized,14,0.4861,140,-0.0015379526910535013,12.48986500993971
optimized,14,0.4861,141,-0.004484528133626098,12.495798589102655
optimized,14,0.4861,142,-0.007065676645149788,12.499187179576207
optimized,14,0.4861,143,-0.009357834512584429,12.500506488440061
optimized,14,0.4861,144,-0.011408171733362282,12.50013145659969
optimized,14,0.4861,145,-0.013235631736982834,12.498384516128674
optimized,14,0.4861,146,-0.014829580379762675,12.495583977499088
optimized,14,0.4861,147,-0.01614560127820841,12.49209883935192
optimized,14,0.4861,148,-0.0170974570159097,12.488418571292353
optimized,14,0.4861,149,-0.017543411487973115,12.48525101368698
optimized,14,0.4861,150,-0.017263684425354642,12.483670363367509
optimized,14,0.4861,151,-0.015923198307568276,12.485354247347434
optimized,14,0.4861,152,0.009570729449042359,12.462142537357538
optimized,14,0.4861,153,0.0038823651591539665,12.476166242133413
optimized,14,0.4861,154,-0.0009119918664484139,12.485955401915344
optimized,14,0.4861,155,-0.005017479591478358,12.492412139514437
optimized,14,0.4861,156,-0.008585150612613113,12.496210398951927
optimized,14,0.4861,157,-0.011720152793016858,12.497864043932347
optimized,14,0.4861,158,-0.014486325197003547,12.49778344587828
optimized,14,0.4861,159,-0.016907511173123835,12.496326655963394
optimized,14,0.4861,160,-0.018965433188600223,12.493851053608974
optimized,14,0.4861,161,-0.02059343448962725,12.490772313612613
optimized,14,0.4861,162,-0.02166462872253927,12.48764007182245
optimized,14,0.4861,163,-0.021971773192738908,12.485244816988182
optimized,14,0.4861,164,-0.021194049980483687,12.484780446687022
optimized,14,0.4861,165,0.015030834354726519,12.45463538249075
optimized,14,0.4861,166,0.0074164344523448555,12.469901761066357
optimized,14,0.4861,167,0.00103041192533615,12.480648954229256
optimized,14,0.4861,168,-0.004398143028705448,12.487851657537583
optimized,14,0.4861,169,-0.009067658453833172,12.49224386050992
optimized,14,0.4861,170,-0.013114956714071813,12.494391759855802
optimized,14,0.4861,171,-0.016621244580880212,12.49475450871125
optimized,14,0.4861,172,-0.019613607871933336,12.493739464943605
optimized,14,0.4861,173,-0.022061761386952483,12.491758436466244
optimized,14,0.4861,174,-0.023869042512339345,12.489292556853535
optimized,14,0.4861,175,-0.0248555461853055,12.486976375774894
optimized,14,0.4861,176,-0.024729532889556705,12.485717717208171
optimized,14,0.4861,177,-0.023040142738897984,12.486881384884338
optimized,14,0.4861,178,0.013369888167558575,12.46165837084358
optimized,14,0.4861,179,0.005093500192428824,12.473712998558222
optimized,14,0.4861,180,-0.001880612806710591,12.481948057467363
optimized,14,0.4861,181,-0.007805659265246678,12.487176979039912
optimized,14,0.4861,182,-0.012854090686302388,12.490035389567629
optimized,14,0.4861,183,-0.01712516214431048,12.491047478874702
optimized,14,0.4861,184,-0.02064644764597201,12.490686793988676
optimized,14,0.4861,185,-0.023368913597353824,12.489438800327745
optimized,14,0.4861,186,-0.025154087472406772,12.48787396041499
optimized,14,0.4861,187,-0.02575031382455517,12.486743634027539
optimized,14,0.4861,188,-0.024752558799459035,12.487118272767031
optimized,14,0.4861,189,0.0036710615852051376,12.474477531768194
optimized,14,0.4861,190,-0.0037087833811635385,12.480867890981045
optimized,14,0.4861,191,-0.00986713963558028,12.48473237066862
optimized,14,0.4861,192,-0.014921741177841508,12.48668064910824
optimized,14,0.4861,193,-0.018896102254779557,12.487274011692087
optimized,14,0.4861,194,-0.021712043990627983,12.487096529689907
optimized,14,0.4861,195,-0.023171361516279187,12.48683947421753
optimized,14,0.4861,196,-0.008358554203467872,12.481702415127003
optimized,14,0.5876,0,0.015323056932702084,12.492681793881452
optimized,14,0.5876,1,0.0013077636242044832,12.486620136085403
optimized,14,0.5876,2,0.008586320357450994,12.492702592877476
optimized,14,0.5876,3,0.014764253386151172,12.496281934504474
optimized,14,0.5876,4,0.0199630820547938,12.497918224367467
optimized,14,0.5876,5,0.024214916464465386,12.49811866616306
optimized,14,0.5876,6,0.02745590571554901,12.497404762175996
optimized,14,0.5876,7,0.02950943303012421,12.496391413643888
optimized,14,0.5876,8,-0.009338034675441254,12.47430248658488
optimized,14,0.5876,9,-0.00134354228482092,12.485976750332412
optimized,14,0.5876,10,0.005448832112850965,12.493946538584776
optimized,14,0.5876,11,0.01128846893018487,12.498978912203357
optimized,14,0.5876,12,0.01634725192502584,12.501664909098622
optimized,14,0.5876,13,0.020727209568853766,12.502483206409003
optimized,14,0.5876,14,0.024462382290845852,12.50185795639399
optimized,14,0.5876,15,0.02751457809770308,12.500217774021584
optimized,14,0.5876,16,0.029761669260804702,12.498064128298203
optimized,14,0.5876,17,0.030975625524047423,12.496060690099576
optimized,14,0.5876,18,0.030785096903671594,12.495161895718585
optimized,14,0.5876,19,-0.011841288125747251,12.467419928092783
optimized,14,0.5876,20,-0.004534561470922238,12.482243149159894
optimized,14,0.5876,21,0.0016277602928700396,12.49270481321556
optimized,14,0.5876,22,0.006910938280728196,12.499732022462652
optimized,14,0.5876,23,0.011510376549513257,12.50401542780793
optimized,14,0.5876,24,0.015562367185668613,12.506079612370536
optimized,14,0.5876,25,0.019150137977821835,12.506341364506007
optimized,14,0.5876,26,0.022305606252958743,12.505162228608807
optimized,14,0.5876,27,0.02500663247589152,12.50290150751006
optimized,14,0.5876,28,0.027168845238755956,12.499976910155487
optimized,14,0.5876,29,0.028630080855085893,12.49694277168707
optimized,14,0.5876,30,0.029123819044159394,12.494601347007935
optimized,14,0.5876,31,0.02823508323911117,12.494173482991563
optimized,14,0.5876,32,-0.007325337477189553,12.474610705737923
optimized,14,0.5876,33,-0.001872847216600304,12.488270908149943
optimized,14,0.5876,34,0.0027494539944479257,12.49784778078401
optimized,14,0.5876,35,0.006742425093386073,12.50419836679302
optimized,14,0.5876,36,0.010254799831106887,12.507955568322938
optimized,14,0.5876,37,0.013391269851277698,12.509593887987391
optimized,14,0.5876,38,0.016217121048878402,12.50948371115274
optimized,14,0.5876,39,0.018759734388213323,12.507939972544055
optimized,14,0.5876,40,0.021006826398557,12.505270804567465
optimized,14,0.5876,41,0.02290079371456244,12.501832611497193
optimized,14,0.5876,42,0.024327805946378733,12.498100358226516
optimized,14,0.5876,43,0.025099138509719898,12.494766662395495
optimized,14,0.5876,44,0.024920233903834577,12.49289255780239
optimized,14,0.5876,45,-0.009050950178122186,12.462047910171783
optimized,14,0.5876,46,-0.004413008607216273,12.479854927234966
optimized,14,0.5876,47,-0.000541228501493185,12.492683346641387
optimized,14,0.5876,48,0.0027546112664553757,12.501634133224858
optimized,14,0.5876,49,0.00561892470701153,12.507513102412794
optimized,14,0.5876,50,0.008159066227258371,12.510910962527188
optimized,14,0.5876,51,0.010451113528389122,12.512265708136175
optimized,14,0.5876,52,0.012543230880378564,12.511914032279485
optimized,14,0.5876,53,0.014456839281753675,12.5101372161857
optimized,14,0.5876,54,0.016185520049956104,12.507206689775634
optimized,14,0.5876,55,0.017691229604947623,12.503435186624454
optimized,14,0.5876,56,0.018896915535643544,12.499241498537511
optimized,14,0.5876,57,0.019673849002758814,12.495241112648825
optimized,14,0.5876,58,0.019820650439668297,12.492383269164078
optimized,14,0.5876,59,0.019028533444854112,12.492170951453408
optimized,14,0.5876,60,-0.005452203242433784,12.466358237200478
optimized,14,0.5876,61,-0.0024851167978842126,12.48342247557247
optimized,14,0.5876,62,-0.000003626752113961018,12.49569363785061
optimized,14,0.5876,63,0.002115113340228514,12.504228664954766
optimized,14,0.5876,64,0.0039645431540497045,12.509798417801132
optimized,14,0.5876,65,0.005614312128353616,12.51296483122567
optimized,14,0.5876,66,0.0071140082466065735,12.514141045564209
optimized,14,0.5876,67,0.008495347273436482,12.513640884203298
optimized,14,0.5876,68,0.009772970175377926,12.51172287963714
optimized,14,0.5876,69,0.010943808279609946,12.508633774015273
optimized,14,0.5876,70,0.011984758120738404,12.504657075997681
optimized,14,0.5876,71,0.012848105412253785,12.500174167809256
optimized,14,0.5876,72,0.013453659248588767,12.495749398196065
optimized,14,0.5876,73,0.013675735600229721,12.492258196204507
optimized,14,0.5876,74,0.013321629696217308,12.491091903324318
optimized,14,0.5876,75,-0.0025636614078592967,12.468858340756247
optimized,14,0.5876,76,-0.001116594150636585,12.485493970131287
optimized,14,0.5876,77,0.0000949947582105648,12.49744495545244
optimized,14,0.5876,78,0.001131375475364682,12.50574261472154
optimized,14,0.5876,79,0.002038441816774761,12.51113746117204
optimized,14,0.5876,80,0.0028504573960979607,12.514174686654444
optimized,14,0.5876,81,0.0035918833154526264,12.515252985205574
optimized,14,0.5876,82,0.0042784571676136585,12.514672913335852
optimized,14,0.5876,83,0.00491759623214616,12.512679842950888
optimized,14,0.5876,84,0.005508107005997742,12.50950628043157
optimized,14,0.5876,85,0.006039078618404581,12.505418939627937
optimized,14,0.5876,86,0.006487692776081355,12.500777773691466
optimized,14,0.5876,87,0.006815454459189019,12.496117924425395
optimized,14,0.5876,88,0.006961956092600807,12.49227278071028
optimized,14,0.5876,89,0.006834575739706916,12.490570270602188
optimized,14,0.5876,90,0,12.447131379963889
optimized,14,0.5876,91,0,12.469677648821339
optimized,14,0.5876,92,0,12.486173184931626
optimized,14,0.5876,93,0,12.498019752382374
optimized,14,0.5876,94,0,12.50624025646897
optimized,14,0.5876,95,0,12.511578529198237
optimized,14,0.5876,96,0,12.514574265897718
optimized,14,0.5876,97,0,12.515621420687115
optimized,14,0.5876,98,0,12.5150162013543
optimized,14,0.5876,99,0,12.512999671803998
optimized,14,0.5876,100,0,12.509799686047554
optimized,14,0.5876,101,0,12.505677478557914
optimized,14,0.5876,102,0,12.500986022412665
optimized,14,0.5876,103,0,12.496250959841971
optimized,14,0.5876,104,0,12.492292024844179
optimized,14,0.5876,105,0,12.490416576295756
optimized,14,0.5876,106,0,12.492743943526454
optimized,14,0.5876,107,0.0025636614078592967,12.468858340756247
optimized,14,0.5876,108,0.001116594150636585,12.485493970131287
optimized,14,0.5876,109,-0.0000949947582105648,12.49744495545244
optimized,14,0.5876,110,-0.001131375475364682,12.50574261472154
optimized,14,0.5876,111,-0.002038441816774761,12.51113746117204
optimized,14,0.5876,112,-0.0028504573960979607,12.514174686654444
optimized,14,0.5876,113,-0.0035918833154526264,12.515252985205574
optimized,14,0.5876,114,-0.0042784571676136585,12.514672913335852
optimized,14,0.5876,115,-0.00491759623214616,12.512679842950888
optimized,14,0.5876,116,-0.005508107005997742,12.50950628043157
optimized,14,0.5876,117,-0.006039078618404581,12.505418939627937
optimized,14,0.5876,118,-0.006487692776081355,12.500777773691466
optimized,14,0.5876,119,-0.006815454459189019,12.496117924425395
optimized,14,0.5876,120,-0.006961956092600807,12.49227278071028
optimized,14,0.5876,121,-0.006834575739706916,12.490570270602188
optimized,14,0.5876,122,0.005452203242433784,12.466358237200478
optimized,14,0.5876,123,0.0024851167978842126,12.48342247557247
optimized,14,0.5876,124,0.000003626752113961018,12.49569363785061
optimized,14,0.5876,125,-0.002115113340228514,12.504228664954766
optimized,14,0.5876,126,-0.0039645431540497045,12.509798417801132
optimized,14,0.5876,127,-0.005614312128353616,12.51296483122567
optimized,14,0.5876,128,-0.0071140082466065735,12.514141045564209
optimized,14,0.5876,129,-0.008495347273436482,12.513640884203298
optimized,14,0.5876,130,-0.009772970175377926,12.51172287963714
optimized,14,0.5876,131,-0.010943808279609946,12.508633774015273
optimized,14,0.5876,132,-0.011984758120738404,12.504657075997681
optimized,14,0.5876,133,-0.012848105412253785,12.500174167809256
optimized,14,0.5876,134,-0.013453659248588767,12.495749398196065
optimized,14,0.5876,135,-0.013675735600229721,12.492258196204507
optimized,14,0.5876,136,-0.013321629696217308,12.491091903324318
optimized,14,0.5876,137,0.009050950178122186,12.462047910171783
optimized,14,0.5876,138,0.004413008607216273,12.479854927234966
optimized,14,0.5876,139,0.000541228501493185,12.492683346641387
optimized,14,0.5876,140,-0.0027546112664553757,12.501634133224858
optimized,14,0.5876,141,-0.00561892470701153,12.507513102412794
optimized,14,0.5876,142,-0.008159066227258371,12.510910962527188
optimized,14,0.5876,143,-0.010451113528389122,12.512265708136175
optimized,14,0.5876,144,-0.012543230880378564,12.511914032279485
optimized,14,0.5876,145,-0.014456839281753675,12.5101372161857
optimized,14,0.5876,146,-0.016185520049956104,12.507206689775634
optimized,14,0.5876,147,-0.017691229604947623,12.503435186624454
optimized,14,0.5876,148,-0.018896915535643544,12.499241498537511
optimized,14,0.5876,149,-0.019673849002758814,12.495241112648825
optimized,14,0.5876,150,-0.019820650439668297,12.492383269164078
optimized,14,0.5876,151,-0.019028533444854112,12.492170951453408
optimized,14,0.5876,152,0.007325337477189553,12.474610705737923
optimized,14,0.5876,153,0.001872847216600304,12.488270908149943
optimized,14,0.5876,154,-0.0027494539944479257,12.49784778078401
optimized,14,0.5876,155,-0.006742425093386073,12.50419836679302
optimized,14,0.5876,156,-0.010254799831106887,12.507955568322938
optimized,14,0.5876,157,-0.013391269851277698,12.509593887987391
optimized,14,0.5876,158,-0.016217121048878402,12.50948371115274
optimized,14,0.5876,159,-0.018759734388213323,12.507939972544055
optimized,14,0.5876,160,-0.021006826398557,12.505270804567465
optimized,14,0.5876,161,-0.02290079371456244,12.501832611497193
optimized,14,0.5876,162,-0.024327805946378733,12.498100358226516
optimized,14,0.5876,163,-0.025099138509719898,12.494766662395495
optimized,14,0.5876,164,-0.024920233903834577,12.49289255780239
optimized,14,0.5876,165,0.011841288125747251,12.467419928092783
optimized,14,0.5876,166,0.004534561470922238,12.482243149159894
optimized,14,0.5876,167,-0.0016277602928700396,12.49270481321556
optimized,14,0.5876,168,-0.006910938280728196,12.499732022462652
optimized,14,0.5876,169,-0.011510376549513257,12.50401542780793
optimized,14,0.5876,170,-0.015562367185668613,12.506079612370536
optimized,14,0.5876,171,-0.019150137977821835,12.506341364506007
optimized,14,0.5876,172,-0.022305606252958743,12.505162228608807
optimized,14,0.5876,173,-0.02500663247589152,12.50290150751006
optimized,14,0.5876,174,-0.027168845238755956,12.499976910155487
optimized,14,0.5876,175,-0.028630080855085893,12.49694277168707
optimized,14,0.5876,176,-0.029123819044159394,12.494601347007935
optimized,14,0.5876,177,-0.02823508323911117,12.494173482991563
optimized,14,0.5876,178,0.009338034675441254,12.47430248658488
optimized,14,0.5876,179,0.00134354228482092,12.485976750332412
optimized,14,0.5876,180,-0.005448832112850965,12.493946538584776
optimized,14,0.5876,181,-0.01128846893018487,12.498978912203357
optimized,14,0.5876,182,-0.01634725192502584,12.501664909098622
optimized,14,0.5876,183,-0.020727209568853766,12.502483206409003
optimized,14,0.5876,184,-0.024462382290845852,12.50185795639399
optimized,14,0.5876,185,-0.02751457809770308,12.500217774021584
optimized,14,0.5876,186,-0.029761669260804702,12.498064128298203
optimized,14,0.5876,187,-0.030975625524047423,12.496060690099576
optimized,14,0.5876,188,-0.030785096903671594,12.495161895718585
optimized,14,0.5876,189,-0.0013077636242044832,12.486620136085403
optimized,14,0.5876,190,-0.008586320357450994,12.492702592877476
optimized,14,0.5876,191,-0.014764253386151172,12.496281934504474
optimized,14,0.5876,192,-0.0199630820547938,12.497918224367467
optimized,14,0.5876,193,-0.024214916464465386,12.49811866616306
optimized,14,0.5876,194,-0.02745590571554901,12.497404762175996
optimized,14,0.5876,195,-0.02950943303012421,12.496391413643888
optimized,14,0.5876,196,-0.015323056932702084,12.492681793881452
optimized,14,0.6563,0,0.014393989670265395,12.499137997179908
optimized,14,0.6563,1,0.00010409839358294093,12.492114853967177
optimized,14,0.6563,2,0.007336952550428322,12.498539781698735
optimized,14,0.6563,3,0.01351370565846377,12.502473733263137
optimized,14,0.6563,4,0.01875705468165867,12.50445884001289
optimized,14,0.6563,5,0.02310215492170986,12.504982846772663
optimized,14,0.6563,6,0.026490417209291017,12.504544721860771
optimized,14,0.6563,7,0.028753289886412237,12.503731714406168
optimized,14,0.6563,8,-0.010446191617159872,12.479070727738712
optimized,14,0.6563,9,-0.002562644417560822,12.491054322881551
optimized,14,0.6563,10,0.004156081174566673,12.499379098142343
optimized,14,0.6563,11,0.009957617175575528,12.504795054581294
optimized,14,0.6563,12,0.015013382339976733,12.507877061997181
optimized,14,0.6563,13,0.019426242995894683,12.50908746424413
optimized,14,0.6563,14,0.023232507484959086,12.508832772720725
optimized,14,0.6563,15,0.02639793908370658,12.507521282039072
optimized,14,0.6563,16,0.028806484737498472,12.505629664673382
optimized,14,0.6563,17,0.030238994135090902,12.50378980359769
optimized,14,0.6563,18,0.030336879409603057,12.502913647652052
optimized,14,0.6563,19,-0.012824377214342153,12.471785223301707
optimized,14,0.6563,20,-0.005636791994029888,12.486892017458361
optimized,14,0.6563,21,0.00043785147193675655,12.49769843681745
optimized,14,0.6563,22,0.005662392735491295,12.505113865064363
optimized,14,0.6563,23,0.010230856697299284,12.509813092364102
optimized,14,0.6563,24,0.01427913594828878,12.51230569906776
optimized,14,0.6563,25,0.017891051513442058,12.512993364152068
optimized,14,0.6563,26,0.02110019981414002,12.51222137686067
optimized,14,0.6563,27,0.023887395596141392,12.510330397532561
optimized,14,0.6563,28,0.02617281455669751,12.507715489153494
optimized,14,0.6563,29,0.027800935438420105,12.504902089977474
optimized,14,0.6563,30,0.028514760436328057,12.502654017525517
optimized,14,0.6563,31,0.0279129522901318,12.502139115836588
optimized,14,0.6563,32,-0.008226402063212568,12.478852960448855
optimized,14,0.6563,33,-0.0028649460741936306,12.492826682111287
optimized,14,0.6563,34,0.0016901522340178055,12.50277556490947
optimized,14,0.6563,35,0.005637918276874432,12.509539936018811
optimized,14,0.6563,36,0.009126029557561477,12.513737743455149
optimized,14,0.6563,37,0.012258851978224072,12.515829367732369
optimized,14,0.6563,38,0.015102084856202236,12.51617100778812
optimized,14,0.6563,39,0.017684328839412622,12.515062384538743
optimized,14,0.6563,40,0.01999546345136971,12.512794243215701
optimized,14,0.6563,41,0.021981221471865986,12.50970194294171
optimized,14,0.6563,42,0.023532644493200028,12.506233691562795
optimized,14,0.6563,43,0.024467979825642194,12.50304664826632
optimized,14,0.6563,44,0.024502625884228912,12.501153148879922
optimized,14,0.6563,45,-0.009705556453627695,12.465937745132349
optimized,14,0.6563,46,-0.00515260667457218,12.484005273490599
optimized,14,0.6563,47,-0.0013467330576579783,12.497169392829207
optimized,14,0.6563,48,0.001900339034930365,12.506512384621038
optimized,14,0.6563,49,0.004731704841121953,12.512824080603021
optimized,14,0.6563,50,0.007253952412652032,12.5166808977392
optimized,14,0.6563,51,0.009542912259601799,12.518507352022496
optimized,14,0.6563,52,0.011647026176711206,12.518626623355233
optimized,14,0.6563,53,0.013588563823362598,12.517305536771483
optimized,14,0.6563,54,0.015362621509504404,12.514799045191165
optimized,14,0.6563,55,0.01693349661095911,12.511399993179818
optimized,14,0.6563,56,0.018227555083372815,12.507501954273803
optimized,14,0.6563,57,0.019120953773708482,12.503687089089102
optimized,14,0.6563,58,0.01941927476864258,12.50085900402551
optimized,14,0.6563,59,0.018823738823838587,12.500456149593552
optimized,14,0.6563,60,-0.005919417157403517,12.470167127503098
optimized,14,0.6563,61,-0.0030075304789268786,12.487509106956857
optimized,14,0.6563,62,-0.0005688923979983995,12.500131248867161
optimized,14,0.6563,63,0.0015180872305022852,12.50907239661296
optimized,14,0.6563,64,0.0033459943807925274,12.515087926761854
optimized,14,0.6563,65,0.004983979349370116,12.518725934993553
optimized,14,0.6563,66,0.006481464178142438,12.520386521986744
optimized,14,0.6563,67,0.0078703351785534,12.5203704566423
optimized,14,0.6563,68,0.009165769574683957,12.518922330335062
optimized,14,0.6563,69,0.010365660773111518,12.516273025467289
optimized,14,0.6563,70,0.01144839401138753,12.512686943522962
optimized,14,0.6563,71,0.012368428921672558,12.508521285790643
optimized,14,0.6563,72,0.013048679158846,12.504308506728394
optimized,14,0.6563,73,0.013367877943116668,12.500880452041354
optimized,14,0.6563,74,0.013139656840842617,12.499566972646612
optimized,14,0.6563,75,-0.0028063007577647237,12.47261966046295
optimized,14,0.6563,76,-0.0013864064785817365,12.48954312022228
optimized,14,0.6563,77,-0.00019592597421302926,12.501854035995372
optimized,14,0.6563,78,0.0008247947281025403,12.51056596882744
optimized,14,0.6563,79,0.001721229981260064,12.51641423817383
optimized,14,0.6563,80,0.002527397253863639,12.519930459963597
optimized,14,0.6563,81,0.0032676743751837156,12.521500544018139
optimized,14,0.6563,82,0.003957880063431729,12.521412259069837
optimized,14,0.6563,83,0.004605691240677556,12.51989733503524
optimized,14,0.6563,84,0.0052103816619599175,12.517172776434165
optimized,14,0.6563,85,0.005761764128794977,12.513486642409308
optimized,14,0.6563,86,0.006238077157950994,12.509175304285092
optimized,14,0.6563,87,0.00660233427040724,12.504742834900803
optimized,14,0.6563,88,0.006796272474433318,12.500980218389298
optimized,14,0.6563,89,0.006730342393756028,12.499155635782115
optimized,14,0.6563,90,0,12.450678931120885
optimized,14,0.6563,91,0,12.473423274233195
optimized,14,0.6563,92,0,12.490209963359092
optimized,14,0.6563,93,0,12.502419409514943
optimized,14,0.6563,94,0,12.511056872803803
optimized,14,0.6563,95,0,12.516851086848638
optimized,14,0.6563,96,0,12.520328257490647
optimized,14,0.6563,97,0,12.521869638500032
optimized,14,0.6563,98,0,12.521758737415858
optimized,14,0.6563,99,0,12.520223074260556
optimized,14,0.6563,100,0,12.517475118466866
optimized,14,0.6563,101,0,12.513757597942355
optimized,14,0.6563,102,0,12.509400099893476
optimized,14,0.6563,103,0,12.504897467234073
optimized,14,0.6563,104,0,12.501027413802507
optimized,14,0.6563,105,0,12.49903811956835
optimized,14,0.6563,106,0,12.500962957159496
optimized,14,0.6563,107,0.0028063007577647237,12.47261966046295
optimized,14,0.6563,108,0.0013864064785817365,12.48954312022228
optimized,14,0.6563,109,0.00019592597421302926,12.501854035995372
optimized,14,0.6563,110,-0.0008247947281025403,12.51056596882744
optimized,14,0.6563,111,-0.001721229981260064,12.51641423817383
optimized,14,0.6563,112,-0.002527397253863639,12.519930459963597
optimized,14,0.6563,113,-0.0032676743751837156,12.521500544018139
optimized,14,0.6563,114,-0.003957880063431729,12.521412259069837
optimized,14,0.6563,115,-0.004605691240677556,12.51989733503524
optimized,14,0.6563,116,-0.0052103816619599175,12.517172776434165
optimized,14,0.6563,117,-0.005761764128794977,12.513486642409308
optimized,14,0.6563,118,-0.006238077157950994,12.509175304285092
optimized,14,0.6563,119,-0.00660233427040724,12.504742834900803
optimized,14,0.6563,120,-0.006796272474433318,12.500980218389298
optimized,14,0.6563,121,-0.006730342393756028,12.499155635782115
optimized,14,0.6563,122,0.005919417157403517,12.470167127503098
optimized,14,0.6563,123,0.0030075304789268786,12.487509106956857
optimized,14,0.6563,124,0.0005688923979983995,12.500131248867161
optimized,14,0.6563,125,-0.0015180872305022852,12.50907239661296
optimized,14,0.6563,126,-0.0033459943807925274,12.515087926761854
optimized,14,0.6563,127,-0.004983979349370116,12.518725934993553
optimized,14,0.6563,128,-0.006481464178142438,12.520386521986744
optimized,14,0.6563,129,-0.0078703351785534,12.5203704566423
optimized,14,0.6563,130,-0.009165769574683957,12.518922330335062
optimized,14,0.6563,131,-0.010365660773111518,12.516273025467289
optimized,14,0.6563,132,-0.01144839401138753,12.512686943522962
optimized,14,0.6563,133,-0.012368428921672558,12.508521285790643
optimized,14,0.6563,134,-0.013048679158846,12.504308506728394
optimized,14,0.6563,135,-0.013367877943116668,12.500880452041354
optimized,14,0.6563,136,-0.013139656840842617,12.499566972646612
optimized,14,0.6563,137,0.009705556453627695,12.465937745132349
optimized,14,0.6563,138,0.00515260667457218,12.484005273490599
optimized,14,0.6563,139,0.0013467330576579783,12.497169392829207
optimized,14,0.6563,140,-0.001900339034930365,12.506512384621038
optimized,14,0.6563,141,-0.004731704841121953,12.512824080603021
optimized,14,0.6563,142,-0.007253952412652032,12.5166808977392
optimized,14,0.6563,143,-0.009542912259601799,12.518507352022496
optimized,14,0.6563,144,-0.011647026176711206,12.518626623355233
optimized,14,0.6563,145,-0.013588563823362598,12.517305536771483
optimized,14,0.6563,146,-0.015362621509504404,12.514799045191165
optimized,14,0.6563,147,-0.01693349661095911,12.511399993179818
optimized,14,0.6563,148,-0.018227555083372815,12.507501954273803
optimized,14,0.6563,149,-0.019120953773708482,12.503687089089102
optimized,14,0.6563,150,-0.01941927476864258,12.50085900402551
optimized,14,0.6563,151,-0.018823738823838587,12.500456149593552
optimized,14,0.6563,152,0.008226402063212568,12.478852960448855
optimized,14,0.6563,153,0.0028649460741936306,12.492826682111287
optimized,14,0.6563,154,-0.0016901522340178055,12.50277556490947
optimized,14,0.6563,155,-0.005637918276874432,12.509539936018811
optimized,14,0.6563,156,-0.009126029557561477,12.513737743455149
optimized,14,0.6563,157,-0.012258851978224072,12.515829367732369
optimized,14,0.6563,158,-0.015102084856202236,12.51617100778812
optimized,14,0.6563,159,-0.017684328839412622,12.515062384538743
optimized,14,0.6563,160,-0.01999546345136971,12.512794243215701
optimized,14,0.6563,161,-0.021981221471865986,12.50970194294171
optimized,14,0.6563,162,-0.023532644493200028,12.506233691562795
optimized,14,0.6563,163,-0.024467979825642194,12.50304664826632
optimized,14,0.6563,164,-0.024502625884228912,12.501153148879922
optimized,14,0.6563,165,0.012824377214342153,12.471785223301707
optimized,14,0.6563,166,0.005636791994029888,12.486892017458361
optimized,14,0.6563,167,-0.00043785147193675655,12.49769843681745
optimized,14,0.6563,168,-0.005662392735491295,12.505113865064363
optimized,14,0.6563,169,-0.010230856697299284,12.509813092364102
optimized,14,0.6563,170,-0.01427913594828878,12.51230569906776
optimized,14,0.6563,171,-0.017891051513442058,12.512993364152068
optimized,14,0.6563,172,-0.02110019981414002,12.51222137686067
optimized,14,0.6563,173,-0.023887395596141392,12.510330397532561
optimized,14,0.6563,174,-0.02617281455669751,12.507715489153494
optimized,14,0.6563,175,-0.027800935438420105,12.504902089977474
optimized,14,0.6563,176,-0.028514760436328057,12.502654017525517
optimized,14,0.6563,177,-0.0279129522901318,12.502139115836588
optimized,14,0.6563,178,0.010446191617159872,12.479070727738712
optimized,14,0.6563,179,0.002562644417560822,12.491054322881551
optimized,14,0.6563,180,-0.004156081174566673,12.499379098142343
optimized,14,0.6563,181,-0.009957617175575528,12.504795054581294
optimized,14,0.6563,182,-0.015013382339976733,12.507877061997181
optimized,14,0.6563,183,-0.019426242995894683,12.50908746424413
optimized,14,0.6563,184,-0.023232507484959086,12.508832772720725
optimized,14,0.6563,185,-0.02639793908370658,12.507521282039072
optimized,14,0.6563,186,-0.028806484737498472,12.505629664673382
optimized,14,0.6563,187,-0.030238994135090902,12.50378980359769
optimized,14,0.6563,188,-0.030336879409603057,12.502913647652052
optimized,14,0.6563,189,-0.00010409839358294093,12.492114853967177
optimized,14,0.6563,190,-0.007336952550428322,12.498539781698735
optimized,14,0.6563,191,-0.01351370565846377,12.502473733263137
optimized,14,0.6563,192,-0.01875705468165867,12.50445884001289
optimized,14,0.6563,193,-0.02310215492170986,12.504982846772663
optimized,14,0.6563,194,-0.026490417209291017,12.504544721860771
optimized,14,0.6563,195,-0.028753289886412237,12.503731714406168
optimized,14,0.6563,196,-0.014393989670265395,12.499137997179908
optimized,20,0.4861,0,-0.010144731632758308,17.88641562843417
optimized,20,0.4861,1,-0.005302007153998645,17.891338705780072
optimized,20,0.4861,2,-0.0006584332391814662,17.890193164432493
optimized,20,0.4861,3,0.0019962395953063705,17.888004827020286
optimized,20,0.4861,4,0.0026445229951770344,17.885738977203243
optimized,20,0.4861,5,0.001145228779665608,17.88438593449559
optimized,20,0.4861,6,-0.0027907946455831834,17.885046611209606
optimized,20,0.4861,7,-0.009643772575838927,17.889040914704363
optimized,20,0.4861,8,-0.009859767257087704,17.895857841423165
optimized,20,0.4861,9,-0.002767940050750095,17.897692480903732
optimized,20,0.4861,10,0.0025675394939956853,17.896594650005444
optimized,20,0.4861,11,0.006313795796242694,17.89359774648397
optimized,20,0.4861,12,0.008552269779137145,17.889616837606436
optimized,20,0.4861,13,0.00927834874005029,17.88551476428323
optimized,20,0.4861,14,0.008393705207515367,17.882168423766537
optimized,20,0.4861,15,0.005689300378936668,17.880542844933405
optimized,20,0.4861,16,0.0008150327445504146,17.881783192520707
optimized,20,0.4861,17,-0.006771399178107096,17.88733981296447
optimized,20,0.4861,18,-0.01789019031094341,17.899150347149757
optimized,20,0.4861,19,-0.010306372046218648,17.89932944588738
optimized,20,0.4861,20,-0.003282707188189793,17.903278482607284
optimized,20,0.4861,21,0.002206136434284467,17.903373160999177
optimized,20,0.4861,22,0.006363485612711717,17.900745475623037
optimized,20,0.4861,23,0.00932221393202104,17.896347098908365
optimized,20,0.4861,24,0.011149695415016314,17.891016133476143
optimized,20,0.4861,25,0.011847925580194207,17.885537446670245
optimized,20,0.4861,26,0.011348300982571669,17.880702468567478
optimized,20,0.4861,27,0.009499652762303246,17.877375004353055
optimized,20,0.4861,28,0.006046760418412678,17.876571604829074
optimized,20,0.4861,29,0.0005942392509288297,17.879569013150512
optimized,20,0.4861,30,-0.007453580848715724,17.888058317588627
optimized,20,0.4861,31,-0.018994475301310043,17.904377219721685
optimized,20,0.4861,32,-0.005081517326826379,17.906524589008804
optimized,20,0.4861,33,0.0001886147420415707,17.90893299768142
optimized,20,0.4861,34,0.004318505477633572,17.90772002290969
optimized,20,0.4861,35,0.007463162014870628,17.903947479724337
optimized,20,0.4861,36,0.009724834394146287,17.89850504710506
optimized,20,0.4861,37,0.011156860614412789,17.892172669293195
optimized,20,0.4861,38,0.011763989718902801,17.885676650130883
optimized,20,0.4861,39,0.011498848351939595,17.87974473933695
optimized,20,0.4861,40,0.01025359020436123,17.875166015903126
optimized,20,0.4861,41,0.007844822179597699,17.872863009574168
optimized,20,0.4861,42,0.003988308039331923,17.873986800448385
optimized,20,0.4861,43,-0.0017429383035536539,17.880051736862473
optimized,20,0.4861,44,-0.009989106189072672,17.89313615661299
optimized,20,0.4861,45,-0.006875154607993261,17.90581761735202
optimized,20,0.4861,46,-0.002154558157450026,17.9117992734748
optimized,20,0.4861,47,0.0016039332616997193,17.91308513578633
optimized,20,0.4861,48,0.00455534346188724,17.91092236206846
optimized,20,0.4861,49,0.006811684025078479,17.906321259910676
optimized,20,0.4861,50,0.008447347051364407,17.900126066621986
optimized,20,0.4861,51,0.009501918306654256,17.893074219241463
optimized,20,0.4861,52,0.009980529940189165,17.8858494161697
optimized,20,0.4861,53,0.009851538175287278,17.879133363351535
optimized,20,0.4861,54,0.009040887817441945,17.873661496204598
optimized,20,0.4861,55,0.007421891647045653,17.8702893659818
optimized,20,0.4861,56,0.0047980940972134345,17.870079227955987
optimized,20,0.4861,57,0.0008749847020461665,17.874421462421992
optimized,20,0.4861,58,-0.0047872989111139574,17.885213846054498
optimized,20,0.4861,59,-0.012855412949126954,17.905133329590527
optimized,20,0.4861,60,-0.0037441838930369897,17.910344778974093
optimized,20,0.4861,61,-0.0007112076725134253,17.915402124672745
optimized,20,0.4861,62,0.0017051993587415826,17.915924629198347
optimized,20,0.4861,63,0.0036054508722119794,17.913117578486847
optimized,20,0.4861,64,0.0050622753265067155,17.90795603290166
optimized,20,0.4861,65,0.006124198416367244,17.90125316128462
optimized,20,0.4861,66,0.006817384437703078,17.893717398716092
optimized,20,0.4861,67,0.007145917262170731,17.88600347161821
optimized,20,0.4861,68,0.007090393284548413,17.878761915647893
optimized,20,0.4861,69,0.006604436102853217,17.872692041789364
optimized,20,0.4861,70,0.005608352376576642,17.868604551719564
optimized,20,0.4861,71,0.0039785002566652405,17.867502565316656
optimized,20,0.4861,72,0.0015297830180306393,17.870694403863666
optimized,20,0.4861,73,-0.002013512922432459,17.87995899427481
optimized,20,0.4861,74,-0.007067687688670277,17.897795184218403
optimized,20,0.4861,75,-0.0016333761348108489,17.912980022703035
optimized,20,0.4861,76,-0.00015028389790561203,17.917499964885074
optimized,20,0.4861,77,0.0010317568908881358,17.917579271209284
optimized,20,0.4861,78,0.0019620974664701363,17.914398806177886
optimized,20,0.4861,79,0.0026765327077886703,17.908913071513894
optimized,20,0.4861,80,0.0031990095804276253,17.901917125131376
optimized,20,0.4861,81,0.003542537543958779,17.89410251841014
optimized,20,0.4861,82,0.0037093415615173653,17.8861071480301
optimized,20,0.4861,83,0.003690198182458304,17.878563495641494
optimized,20,0.4861,84,0.003462769414288802,17.872150020829462
optimized,20,0.4861,85,0.0029885629341275255,17.867651634051896
optimized,20,0.4861,86,0.002207839207787221,17.86603757847221
optimized,20,0.4861,87,0.0010312372722457996,17.86856934537833
optimized,20,0.4861,88,-0.000674144232943652,17.87695828918963
optimized,20,0.4861,89,-0.0031085290241927854,17.893602350946413
optimized,20,0.4861,90,0,17.903610660070505
optimized,20,0.4861,91,0,17.913845190266684
optimized,20,0.4861,92,0,17.918188798115416
optimized,20,0.4861,93,0,17.918122786398392
optimized,20,0.4861,94,0,17.91481999293508
optimized,20,0.4861,95,0,17.90922816219283
optimized,20,0.4861,96,0,17.90213640100794
optimized,20,0.4861,97,0,17.894230716569552
optimized,20,0.4861,98,0,17.886143484968542
optimized,20,0.4861,99,0,17.878501274187443
optimized,20,0.4861,100,0,17.871975725498125
optimized,20,0.4861,101,0,17.867343331352433
optimized,20,0.4861,102,0,17.865562298883347
optimized,20,0.4861,103,0,17.867878892520217
optimized,20,0.4861,104,0,17.87598253641924
optimized,20,0.4861,105,0,17.892238480630088
optimized,20,0.4861,106,0,17.92003160714866
optimized,20,0.4861,107,0.0016333761348108489,17.912980022703035
optimized,20,0.4861,108,0.00015028389790561203,17.917499964885074
optimized,20,0.4861,109,-0.0010317568908881358,17.917579271209284
optimized,20,0.4861,110,-0.0019620974664701363,17.914398806177886
optimized,20,0.4861,111,-0.0026765327077886703,17.908913071513894
optimized,20,0.4861,112,-0.0031990095804276253,17.901917125131376
optimized,20,0.4861,113,-0.003542537543958779,17.89410251841014
optimized,20,0.4861,114,-0.0037093415615173653,17.8861071480301
optimized,20,0.4861,115,-0.003690198182458304,17.878563495641494
optimized,20,0.4861,116,-0.003462769414288802,17.872150020829462
optimized,20,0.4861,117,-0.0029885629341275255,17.867651634051896
optimized,20,0.4861,118,-0.002207839207787221,17.86603757847221
optimized,20,0.4861,119,-0.0010312372722457996,17.86856934537833
optimized,20,0.4861,120,0.000674144232943652,17.87695828918963
optimized,20,0.4861,121,0.0031085290241927854,17.893602350946413
optimized,20,0.4861,122,0.0037441838930369897,17.910344778974093
optimized,20,0.4861,123,0.0007112076725134253,17.915402124672745
optimized,20,0.4861,124,-0.0017051993587415826,17.915924629198347
optimized,20,0.4861,125,-0.0036054508722119794,17.913117578486847
optimized,20,0.4861,126,-0.0050622753265067155,17.90795603290166
optimized,20,0.4861,127,-0.006124198416367244,17.90125316128462
optimized,20,0.4861,128,-0.006817384437703078,17.893717398716092
optimized,20,0.4861,129,-0.007145917262170731,17.88600347161821
optimized,20,0.4861,130,-0.007090393284548413,17.878761915647893
optimized,20,0.4861,131,-0.006604436102853217,17.872692041789364
optimized,20,0.4861,132,-0.005608352376576642,17.868604551719564
optimized,20,0.4861,133,-0.0039785002566652405,17.867502565316656
optimized,20,0.4861,134,-0.0015297830180306393,17.870694403863666
optimized,20,0.4861,135,0.002013512922432459,17.87995899427481
optimized,20,0.4861,136,0.007067687688670277,17.897795184218403
optimized,20,0.4861,137,0.006875154607993261,17.90581761735202
optimized,20,0.4861,138,0.002154558157450026,17.9117992734748
optimized,20,0.4861,139,-0.0016039332616997193,17.91308513578633
optimized,20,0.4861,140,-0.00455534346188724,17.91092236206846
optimized,20,0.4861,141,-0.006811684025078479,17.906321259910676
optimized,20,0.4861,142,-0.008447347051364407,17.900126066621986
optimized,20,0.4861,143,-0.009501918306654256,17.893074219241463
optimized,20,0.4861,144,-0.009980529940189165,17.8858494161697
optimized,20,0.4861,145,-0.009851538175287278,17.879133363351535
optimized,20,0.4861,146,-0.009040887817441945,17.873661496204598
optimized,20,0.4861,147,-0.007421891647045653,17.8702893659818
optimized,20,0.4861,148,-0.0047980940972134345,17.870079227955987
optimized,20,0.4861,149,-0.0008749847020461665,17.874421462421992
optimized,20,0.4861,150,0.0047872989111139574,17.885213846054498
optimized,20,0.4861,151,0.012855412949126954,17.905133329590527
optimized,20,0.4861,152,0.005081517326826379,17.906524589008804
optimized,20,0.4861,153,-0.0001886147420415707,17.90893299768142
optimized,20,0.4861,154,-0.004318505477633572,17.90772002290969
optimized,20,0.4861,155,-0.007463162014870628,17.903947479724337
optimized,20,0.4861,156,-0.009724834394146287,17.89850504710506
optimized,20,0.4861,157,-0.011156860614412789,17.892172669293195
optimized,20,0.4861,158,-0.011763989718902801,17.885676650130883
optimized,20,0.4861,159,-0.011498848351939595,17.87974473933695
optimized,20,0.4861,160,-0.01025359020436123,17.875166015903126
optimized,20,0.4861,161,-0.007844822179597699,17.872863009574168
optimized,20,0.4861,162,-0.003988308039331923,17.873986800448385
optimized,20,0.4861,163,0.0017429383035536539,17.880051736862473
optimized,20,0.4861,164,0.009989106189072672,17.89313615661299
optimized,20,0.4861,165,0.010306372046218648,17.89932944588738
optimized,20,0.4861,166,0.003282707188189793,17.903278482607284
optimized,20,0.4861,167,-0.002206136434284467,17.903373160999177
optimized,20,0.4861,168,-0.006363485612711717,17.900745475623037
optimized,20,0.4861,169,-0.00932221393202104,17.896347098908365
optimized,20,0.4861,170,-0.011149695415016314,17.891016133476143
optimized,20,0.4861,171,-0.011847925580194207,17.885537446670245
optimized,20,0.4861,172,-0.011348300982571669,17.880702468567478
optimized,20,0.4861,173,-0.009499652762303246,17.877375004353055
optimized,20,0.4861,174,-0.006046760418412678,17.876571604829074
optimized,20,0.4861,175,-0.0005942392509288297,17.879569013150512
optimized,20,0.4861,176,0.007453580848715724,17.888058317588627
optimized,20,0.4861,177,0.018994475301310043,17.904377219721685
optimized,20,0.4861,178,0.009859767257087704,17.895857841423165
optimized,20,0.4861,179,0.002767940050750095,17.897692480903732
optimized,20,0.4861,180,-0.0025675394939956853,17.896594650005444
optimized,20,0.4861,181,-0.006313795796242694,17.89359774648397
optimized,20,0.4861,182,-0.008552269779137145,17.889616837606436
optimized,20,0.4861,183,-0.00927834874005029,17.88551476428323
optimized,20,0.4861,184,-0.008393705207515367,17.882168423766537
optimized,20,0.4861,185,-0.005689300378936668,17.880542844933405
optimized,20,0.4861,186,-0.0008150327445504146,17.881783192520707
optimized,20,0.4861,187,0.006771399178107096,17.88733981296447
optimized,20,0.4861,188,0.01789019031094341,17.899150347149757
optimized,20,0.4861,189,0.005302007153998645,17.891338705780072
optimized,20,0.4861,190,0.0006584332391814662,17.890193164432493
optimized,20,0.4861,191,-0.0019962395953063705,17.888004827020286
optimized,20,0.4861,192,-0.0026445229951770344,17.885738977203243
optimized,20,0.4861,193,-0.001145228779665608,17.88438593449559
optimized,20,0.4861,194,0.0027907946455831834,17.885046611209606
optimized,20,0.4861,195,0.009643772575838927,17.889040914704363
optimized,20,0.4861,196,0.010144731632758308,17.88641562843417
optimized,20,0.5876,0,-0.0036259513946910182,17.91816865427996
optimized,20,0.5876,1,-0.0007203579861596587,17.919147383332987
optimized,20,0.5876,2,0.0038438984388777797,17.919247301817233
optimized,20,0.5876,3,0.006513872787546671,17.91844471765014
optimized,20,0.5876,4,0.007278220181219375,17.917701033914543
optimized,20,0.5876,5,0.006006506266792666,17.91800556034861
optimized,20,0.5876,6,0.0024263789254841406,17.920461206305163
optimized,20,0.5876,7,-0.003917292925914584,17.926393858641813
optimized,20,0.5876,8,-0.006247827987992061,17.921352283287312
optimized,20,0.5876,9,0.0006245909723450183,17.924213964022
optimized,20,0.5876,10,0.0058133607624291095,17.92429752495241
optimized,20,0.5876,11,0.0094846757159317,17.922628374531225
optimized,20,0.5876,12,0.011721434445309153,17.920117225732426
optimized,20,0.5876,13,0.012523238776241286,17.91762591675215
optimized,20,0.5876,14,0.011799368436873792,17.916033625873304
optimized,20,0.5876,15,0.009352801834663804,17.91631124541246
optimized,20,0.5876,16,0.004851452061715111,17.91961444847213
optimized,20,0.5876,17,-0.00222050464328305,17.927411570307697
optimized,20,0.5876,18,-0.012644478126209169,17.941672940943015
optimized,20,0.5876,19,-0.007513051443365892,17.923666996927494
optimized,20,0.5876,20,-0.0007259695641543829,17.928549105569218
optimized,20,0.5876,21,0.0045850196042955815,17.929738426665715
optimized,20,0.5876,22,0.008620643884917012,17.928356877490117
optimized,20,0.5876,23,0.011512836137689053,17.925350076896514
optimized,20,0.5876,24,0.01332980551224372,17.921553762940114
optimized,20,0.5876,25,0.014076418797408508,17.917753965087215
optimized,20,0.5876,26,0.013689431097316795,17.914746861765842
optimized,20,0.5876,27,0.012026241438893859,17.913405016089065
optimized,20,0.5876,28,0.008844530024948671,17.914758887863826
optimized,20,0.5876,29,0.0037678818731161634,17.920107008347625
optimized,20,0.5876,30,-0.0037716466500468115,17.931176627780847
optimized,20,0.5876,31,-0.01463118590827861,17.950371995746444
optimized,20,0.5876,32,-0.003133094370322498,17.930629496457716
optimized,20,0.5876,33,0.001953665177990116,17.934026470322173
optimized,20,0.5876,34,0.005944461535944967,17.93395985246816
optimized,20,0.5876,35,0.008992239453781803,17.931482875368943
optimized,20,0.5876,36,0.01119840201853295,17.927480609332758
optimized,20,0.5876,37,0.012616735572089643,17.922732115236855
optimized,20,0.5876,38,0.013253913975934228,17.917966465157257
optimized,20,0.5876,39,0.013066281217025244,17.913917981844424
optimized,20,0.5876,40,0.011952007236792683,17.91138663864036
optimized,20,0.5876,41,0.009736800616317653,17.911311387151372
optimized,20,0.5876,42,0.00614982314464263,17.914867929292964
optimized,20,0.5876,43,0.0007836476078288968,17.92360947589705
optimized,20,0.5876,44,-0.006973327837257903,17.939681775185527
optimized,20,0.5876,45,-0.0054052233921193515,17.92888449105393
optimized,20,0.5876,46,-0.0008529670939907419,17.9357289282974
optimized,20,0.5876,47,0.0027713033519338737,17.938044319809578
optimized,20,0.5876,48,0.005620219417940664,17.937066038752807
optimized,20,0.5876,49,0.007804256265055098,17.93379689243423
optimized,20,0.5876,50,0.009397121582551016,17.92907755430354
optimized,20,0.5876,51,0.010438621137199844,17.92364564651568
optimized,20,0.5876,52,0.010935133172963685,17.91818879086501
optimized,20,0.5876,53,0.010857499668515347,17.913396574951697
optimized,20,0.5876,54,0.010135733494872845,17.910016857724045
optimized,20,0.5876,55,0.008649329475112433,17.908923411162405
optimized,20,0.5876,56,0.006210944460680823,17.911205152114004
optimized,20,0.5876,57,0.002539362838171577,17.91829331697282
optimized,20,0.5876,58,-0.0027858844235513214,17.93215394979533
optimized,20,0.5876,59,-0.010403085216413865,17.95559216084816
optimized,20,0.5876,60,-0.0028400691405335854,17.933258463840303
optimized,20,0.5876,61,0.00008291638214186214,17.939209501329213
optimized,20,0.5876,62,0.002411374421088741,17.940789679934475
optimized,20,0.5876,63,0.004244154546194645,17.939193302232994
optimized,20,0.5876,64,0.005652966063105946,17.935388661265943
optimized,20,0.5876,65,0.006685856883006713,17.93018606879428
optimized,20,0.5876,66,0.007369086510930711,17.924294866391335
optimized,20,0.5876,67,0.007707481887260892,17.918374481923188
optimized,20,0.5876,68,0.007683162400965671,17.91308421208233
optimized,20,0.5876,69,0.007252266731013202,17.90913681721825
optimized,20,0.5876,70,0.006338937727980332,17.907362426120983
optimized,20,0.5876,71,0.004825195198352672,17.908792192514706
optimized,20,0.5876,72,0.0025342009355178163,17.91477665568666
optimized,20,0.5876,73,-0.0007977269543777421,17.9271636857534
optimized,20,0.5876,74,-0.005569324738528891,17.94857804072594
optimized,20,0.5876,75,-0.0012035819938704395,17.93580338280294
optimized,20,0.5876,76,0.00022517092714396947,17.941235095968636
optimized,20,0.5876,77,0.001363688297384591,17.942388533969886
optimized,20,0.5876,78,0.0022605482622768402,17.940434042087876
optimized,20,0.5876,79,0.002951037698745551,17.93631977923763
optimized,20,0.5876,80,0.0034588585881819567,17.930838355260793
optimized,20,0.5876,81,0.003797053290501784,17.9246826449129
optimized,20,0.5876,82,0.003968193205299064,17.91849569520783
optimized,20,0.5876,83,0.003963777954002101,17.912919255359604
optimized,20,0.5876,84,0.0037626707118751934,17.90864582446727
optimized,20,0.5876,85,0.0033282157286275704,17.906480433853126
optimized,20,0.5876,86,0.002603386347289516,17.90742115101425
optimized,20,0.5876,87,0.0015027786543183597,17.912772476653736
optimized,20,0.5876,88,-0.00010074770518464504,17.924315131154835
optimized,20,0.5876,89,-0.002399016413062671,17.9445717998597
optimized,20,0.5876,90,0,17.925663235136973
optimized,20,0.5876,91,0,17.93663870127577
optimized,20,0.5876,92,0,17.941900030425415
optimized,20,0.5876,93,0,17.942913566304867
optimized,20,0.5876,94,0,17.94084177953907
optimized,20,0.5876,95,0,17.936626210822602
optimized,20,0.5876,96,0,17.931053652817
optimized,20,0.5876,97,0,17.924811572465977
optimized,20,0.5876,98,0,17.918537642918924
optimized,20,0.5876,99,0,17.912867865148094
optimized,20,0.5876,100,0,17.908488112547666
optimized,20,0.5876,101,0,17.90619522480011
optimized,20,0.5876,102,0,17.906976491491964
optimized,20,0.5876,103,0,17.91212144592071
optimized,20,0.5876,104,0,17.923389021299293
optimized,20,0.5876,105,0,17.94326885082641
optimized,20,0.5876,106,0,17.975399180341533
optimized,20,0.5876,107,0.0012035819938704395,17.93580338280294
optimized,20,0.5876,108,-0.00022517092714396947,17.941235095968636
optimized,20,0.5876,109,-0.001363688297384591,17.942388533969886
optimized,20,0.5876,110,-0.0022605482622768402,17.940434042087876
optimized,20,0.5876,111,-0.002951037698745551,17.93631977923763
optimized,20,0.5876,112,-0.0034588585881819567,17.930838355260793
optimized,20,0.5876,113,-0.003797053290501784,17.9246826449129
optimized,20,0.5876,114,-0.003968193205299064,17.91849569520783
optimized,20,0.5876,115,-0.003963777954002101,17.912919255359604
optimized,20,0.5876,116,-0.0037626707118751934,17.90864582446727
optimized,20,0.5876,117,-0.0033282157286275704,17.906480433853126
optimized,20,0.5876,118,-0.002603386347289516,17.90742115101425
optimized,20,0.5876,119,-0.0015027786543183597,17.912772476653736
optimized,20,0.5876,120,0.00010074770518464504,17.924315131154835
optimized,20,0.5876,121,0.002399016413062671,17.9445717998597
optimized,20,0.5876,122,0.0028400691405335854,17.933258463840303
optimized,20,0.5876,123,-0.00008291638214186214,17.939209501329213
optimized,20,0.5876,124,-0.002411374421088741,17.940789679934475
optimized,20,0.5876,125,-0.004244154546194645,17.939193302232994
optimized,20,0.5876,126,-0.005652966063105946,17.935388661265943
optimized,20,0.5876,127,-0.006685856883006713,17.93018606879428
optimized,20,0.5876,128,-0.007369086510930711,17.924294866391335
optimized,20,0.5876,129,-0.007707481887260892,17.918374481923188
optimized,20,0.5876,130,-0.007683162400965671,17.91308421208233
optimized,20,0.5876,131,-0.007252266731013202,17.90913681721825
optimized,20,0.5876,132,-0.006338937727980332,17.907362426120983
optimized,20,0.5876,133,-0.004825195198352672,17.908792192514706
optimized,20,0.5876,134,-0.0025342009355178163,17.91477665568666
optimized,20,0.5876,135,0.0007977269543777421,17.9271636857534
optimized,20,0.5876,136,0.005569324738528891,17.94857804072594
optimized,20,0.5876,137,0.0054052233921193515,17.92888449105393
optimized,20,0.5876,138,0.0008529670939907419,17.9357289282974
optimized,20,0.5876,139,-0.0027713033519338737,17.938044319809578
optimized,20,0.5876,140,-0.005620219417940664,17.937066038752807
optimized,20,0.5876,141,-0.007804256265055098,17.93379689243423
optimized,20,0.5876,142,-0.009397121582551016,17.92907755430354
optimized,20,0.5876,143,-0.010438621137199844,17.92364564651568
optimized,20,0.5876,144,-0.010935133172963685,17.91818879086501
optimized,20,0.5876,145,-0.010857499668515347,17.913396574951697
optimized,20,0.5876,146,-0.010135733494872845,17.910016857724045
optimized,20,0.5876,147,-0.008649329475112433,17.908923411162405
optimized,20,0.5876,148,-0.006210944460680823,17.911205152114004
optimized,20,0.5876,149,-0.002539362838171577,17.91829331697282
optimized,20,0.5876,150,0.0027858844235513214,17.93215394979533
optimized,20,0.5876,151,0.010403085216413865,17.95559216084816
optimized,20,0.5876,152,0.003133094370322498,17.930629496457716
optimized,20,0.5876,153,-0.001953665177990116,17.934026470322173
optimized,20,0.5876,154,-0.005944461535944967,17.93395985246816
optimized,20,0.5876,155,-0.008992239453781803,17.931482875368943
optimized,20,0.5876,156,-0.01119840201853295,17.927480609332758
optimized,20,0.5876,157,-0.012616735572089643,17.922732115236855
optimized,20,0.5876,158,-0.013253913975934228,17.917966465157257
optimized,20,0.5876,159,-0.013066281217025244,17.913917981844424
optimized,20,0.5876,160,-0.011952007236792683,17.91138663864036
optimized,20,0.5876,161,-0.009736800616317653,17.911311387151372
optimized,20,0.5876,162,-0.00614982314464263,17.914867929292964
optimized,20,0.5876,163,-0.0007836476078288968,17.92360947589705
optimized,20,0.5876,164,0.006973327837257903,17.939681775185527
optimized,20,0.5876,165,0.007513051443365892,17.923666996927494
optimized,20,0.5876,166,0.0007259695641543829,17.928549105569218
optimized,20,0.5876,167,-0.0045850196042955815,17.929738426665715
optimized,20,0.5876,168,-0.008620643884917012,17.928356877490117
optimized,20,0.5876,169,-0.011512836137689053,17.925350076896514
optimized,20,0.5876,170,-0.01332980551224372,17.921553762940114
optimized,20,0.5876,171,-0.014076418797408508,17.917753965087215
optimized,20,0.5876,172,-0.013689431097316795,17.914746861765842
optimized,20,0.5876,173,-0.012026241438893859,17.913405016089065
optimized,20,0.5876,174,-0.008844530024948671,17.914758887863826
optimized,20,0.5876,175,-0.0037678818731161634,17.920107008347625
optimized,20,0.5876,176,0.0037716466500468115,17.931176627780847
optimized,20,0.5876,177,0.01463118590827861,17.950371995746444
optimized,20,0.5876,178,0.006247827987992061,17.921352283287312
optimized,20,0.5876,179,-0.0006245909723450183,17.924213964022
optimized,20,0.5876,180,-0.0058133607624291095,17.92429752495241
optimized,20,0.5876,181,-0.0094846757159317,17.922628374531225
optimized,20,0.5876,182,-0.011721434445309153,17.920117225732426
optimized,20,0.5876,183,-0.012523238776241286,17.91762591675215
optimized,20,0.5876,184,-0.011799368436873792,17.916033625873304
optimized,20,0.5876,185,-0.009352801834663804,17.91631124541246
optimized,20,0.5876,186,-0.004851452061715111,17.91961444847213
optimized,20,0.5876,187,0.00222050464328305,17.927411570307697
optimized,20,0.5876,188,0.012644478126209169,17.941672940943015
optimized,20,0.5876,189,0.0007203579861596587,17.919147383332987
optimized,20,0.5876,190,-0.0038438984388777797,17.919247301817233
optimized,20,0.5876,191,-0.006513872787546671,17.91844471765014
optimized,20,0.5876,192,-0.007278220181219375,17.917701033914543
optimized,20,0.5876,193,-0.006006506266792666,17.91800556034861
optimized,20,0.5876,194,-0.0024263789254841406,17.920461206305163
optimized,20,0.5876,195,0.003917292925914584,17.926393858641813
optimized,20,0.5876,196,0.0036259513946910182,17.91816865427996
optimized,20,0.6563,0,-0.004823860649288303,17.934258884975403
optimized,20,0.6563,1,-0.002127571542871909,17.932164175808303
optimized,20,0.6563,2,0.0023912668008496674,17.933247540745818
optimized,20,0.6563,3,0.005048616913196469,17.933488701326624
optimized,20,0.6563,4,0.005834977124850482,17.933849517219535
optimized,20,0.6563,5,0.00462348295196735,17.935320989114206
optimized,20,0.6563,6,0.0011476203492404302,17.939008900088304
optimized,20,0.6563,7,-0.005038771962296629,17.94624334044998
optimized,20,0.6563,8,-0.007548585004808039,17.932477372875475
optimized,20,0.6563,9,-0.0007675507349902411,17.93622876029052
optimized,20,0.6563,10,0.004355491854263427,17.93726407757753
optimized,20,0.6563,11,0.007985996431059572,17.93660724757422
optimized,20,0.6563,12,0.010207023424594563,17.935169091330895
optimized,20,0.6563,13,0.011019366680304898,17.933813023476
optimized,20,0.6563,14,0.010334760140672916,17.93342120621466
optimized,20,0.6563,15,0.007960279957642591,17.9349689572273
optimized,20,0.6563,16,0.003570186888205651,17.939618042475782
optimized,20,0.6563,17,-0.0033417868277370033,17.948845244389375
optimized,20,0.6563,18,-0.013542762295756905,17.9646335710246
optimized,20,0.6563,19,-0.008670254245554787,17.9338517342964
optimized,20,0.6563,20,-0.001977788195687502,17.93958448598933
optimized,20,0.6563,21,0.0032595319892312347,17.941687627748006
optimized,20,0.6563,22,0.007241133032932723,17.941280599952737
optimized,20,0.6563,23,0.010098281834801437,17.939308290327084
optimized,20,0.6563,24,0.011899189361733509,17.93660731450938
optimized,20,0.6563,25,0.012649480727435325,17.93396611529373
optimized,20,0.6563,26,0.012287589017399903,17.93218481715343
optimized,20,0.6563,27,0.010673779866228195,17.93214155971258
optimized,20,0.6563,28,0.007570215859941776,17.934874297354312
optimized,20,0.6563,29,0.00260725250402416,17.941691685200247
optimized,20,0.6563,30,-0.004772932785835238,17.95433547311877
optimized,20,0.6563,31,-0.01541230631040369,17.975233224551275
optimized,20,0.6563,32,-0.004164937443541961,17.94072348485566
optimized,20,0.6563,33,0.0008487709966047419,17.94499107951543
optimized,20,0.6563,34,0.004782211120048396,17.945856599073835
optimized,20,0.6563,35,0.007787304096745995,17.94437138718508
optimized,20,0.6563,36,0.009964893205182346,17.94142034382401
optimized,20,0.6563,37,0.011368689883720418,17.9377839775008
optimized,20,0.6563,38,0.012005838876344432,17.934194391061276
optimized,20,0.6563,39,0.011833814202450776,17.931390560323848
optimized,20,0.6563,40,0.01075276254910218,17.93017887856083
optimized,20,0.6563,41,0.008591513725572764,17.931506818101546
optimized,20,0.6563,42,0.005083962611715842,17.936561437009292
optimized,20,0.6563,43,-0.00017023797205450997,17.946911809409098
optimized,20,0.6563,44,-0.007772099507786567,17.964728077723343
optimized,20,0.6563,45,-0.006172537337187478,17.938088592341806
optimized,20,0.6563,46,-0.0016858696071062607,17.94575473985437
optimized,20,0.6563,47,0.0018850934076259929,17.94895542179937
optimized,20,0.6563,48,0.004691892066680747,17.948922706628082
optimized,20,0.6563,49,0.006844243816126028,17.94665793734101
optimized,20,0.6563,50,0.008415422731234745,17.943002021155543
optimized,20,0.6563,51,0.00944513830193272,17.938694437420082
optimized,20,0.6563,52,0.009940050203568696,17.934426280747147
optimized,20,0.6563,53,0.009871735619772837,17.930892296254648
optimized,20,0.6563,54,0.009171522705710311,17.928847362977862
optimized,20,0.6563,55,0.00772100221452976,17.92917450296335
optimized,20,0.6563,56,0.005336021820345094,17.932974866887815
optimized,20,0.6563,57,0.0017401442026472314,17.94169653675073
optimized,20,0.6563,58,-0.0034799580175353118,17.95733077688926
optimized,20,0.6563,59,-0.010951846637614393,17.982725656647787
optimized,20,0.6563,60,-0.003379711497625504,17.942403875139764
optimized,20,0.6563,61,-0.0004994878184596541,17.949187841173018
optimized,20,0.6563,62,0.001794116859037631,17.95166334847443
optimized,20,0.6563,63,0.003599239804444987,17.951021713843843
optimized,20,0.6563,64,0.004987089887284246,17.9482300528454
optimized,20,0.6563,65,0.006005420048804222,17.944099183635785
optimized,20,0.6563,66,0.006680407963773893,17.93934058063916
optimized,20,0.6563,67,0.007017036471216431,17.934617441230145
optimized,20,0.6563,68,0.006997865368165046,17.930594557267987
optimized,20,0.6563,69,0.006579836168075115,17.92799211002142
optimized,20,0.6563,70,0.0056883807668512976,17.927649964913904
optimized,20,0.6563,71,0.004207487963992285,17.930612095625072
optimized,20,0.6563,72,0.00196327149800013,17.938246547569584
optimized,20,0.6563,73,-0.001303539891603478,17.952426986457027
optimized,20,0.6563,74,-0.005985067479828632,17.97582101706614
optimized,20,0.6563,75,-0.0014816398814532783,17.94491423946797
optimized,20,0.6563,76,-0.00007398521035834049,17.951185426319864
optimized,20,0.6563,77,0.0010473070595314882,17.95324004675919
optimized,20,0.6563,78,0.0019304633196358667,17.952245644780476
optimized,20,0.6563,79,0.0026105216331231973,17.94914936768526
optimized,20,0.6563,80,0.003111034851512151,17.944744489192416
optimized,20,0.6563,81,0.0034449993977261895,17.93972617587493
optimized,20,0.6563,82,0.0036150555605289902,17.934741415018472
optimized,20,0.6563,83,0.0036129089501935052,17.9304376449721
optimized,20,0.6563,84,0.003417803005336395,17.92751501566402
optimized,20,0.6563,85,0.0029936955953001054,17.926788573893553
optimized,20,0.6563,86,0.002284499457304301,17.929269543161688
optimized,20,0.6563,87,0.0012062202056644655,17.936280310485657
optimized,20,0.6563,88,-0.00036617662705745735,17.949627729608395
optimized,20,0.6563,89,-0.0026213587400904514,17.971877300780086
optimized,20,0.6563,90,0,17.933987242950693
optimized,20,0.6563,91,0,17.94573814726814
optimized,20,0.6563,92,0,17.95184110157959
optimized,20,0.6563,93,0,17.953757743595858
optimized,20,0.6563,94,0,17.95264780304239
optimized,20,0.6563,95,0,17.94945186327985
optimized,20,0.6563,96,0,17.94495743235459
optimized,20,0.6563,97,0,17.939854320976526
optimized,20,0.6563,98,0,17.934784198315075
optimized,20,0.6563,99,0,17.93038881773942
optimized,20,0.6563,100,0,17.927361778397433
optimized,20,0.6563,101,0,17.926510026277064
optimized,20,0.6563,102,0,17.92883411644781
optimized,20,0.6563,103,0,17.935641592599552
optimized,20,0.6563,104,0,17.94871763253314
optimized,20,0.6563,105,0,17.970594678887895
optimized,20,0.6563,106,0,18.00499208426023
optimized,20,0.6563,107,0.0014816398814532783,17.94491423946797
optimized,20,0.6563,108,0.00007398521035834049,17.951185426319864
optimized,20,0.6563,109,-0.0010473070595314882,17.95324004675919
optimized,20,0.6563,110,-0.0019304633196358667,17.952245644780476
optimized,20,0.6563,111,-0.0026105216331231973,17.94914936768526
optimized,20,0.6563,112,-0.003111034851512151,17.944744489192416
optimized,20,0.6563,113,-0.0034449993977261895,17.93972617587493
optimized,20,0.6563,114,-0.0036150555605289902,17.934741415018472
optimized,20,0.6563,115,-0.0036129089501935052,17.9304376449721
optimized,20,0.6563,116,-0.003417803005336395,17.92751501566402
optimized,20,0.6563,117,-0.0029936955953001054,17.926788573893553
optimized,20,0.6563,118,-0.002284499457304301,17.929269543161688
optimized,20,0.6563,119,-0.0012062202056644655,17.936280310485657
optimized,20,0.6563,120,0.00036617662705745735,17.949627729608395
optimized,20,0.6563,121,0.0026213587400904514,17.971877300780086
optimized,20,0.6563,122,0.003379711497625504,17.942403875139764
optimized,20,0.6563,123,0.0004994878184596541,17.949187841173018
optimized,20,0.6563,124,-0.001794116859037631,17.95166334847443
optimized,20,0.6563,125,-0.003599239804444987,17.951021713843843
optimized,20,0.6563,126,-0.004987089887284246,17.9482300528454
optimized,20,0.6563,127,-0.006005420048804222,17.944099183635785
optimized,20,0.6563,128,-0.006680407963773893,17.93934058063916
optimized,20,0.6563,129,-0.007017036471216431,17.934617441230145
optimized,20,0.6563,130,-0.006997865368165046,17.930594557267987
optimized,20,0.6563,131,-0.006579836168075115,17.92799211002142
optimized,20,0.6563,132,-0.0056883807668512976,17.927649964913904
optimized,20,0.6563,133,-0.004207487963992285,17.930612095625072
optimized,20,0.6563,134,-0.00196327149800013,17.938246547569584
optimized,20,0.6563,135,0.001303539891603478,17.952426986457027
optimized,20,0.6563,136,0.005985067479828632,17.97582101706614
optimized,20,0.6563,137,0.006172537337187478,17.938088592341806
optimized,20,0.6563,138,0.0016858696071062607,17.94575473985437
optimized,20,0.6563,139,-0.0018850934076259929,17.94895542179937
optimized,20,0.6563,140,-0.004691892066680747,17.948922706628082
optimized,20,0.6563,141,-0.006844243816126028,17.94665793734101
optimized,20,0.6563,142,-0.008415422731234745,17.943002021155543
optimized,20,0.6563,143,-0.00944513830193272,17.938694437420082
optimized,20,0.6563,144,-0.009940050203568696,17.934426280747147
optimized,20,0.6563,145,-0.009871735619772837,17.930892296254648
optimized,20,0.6563,146,-0.009171522705710311,17.928847362977862
optimized,20,0.6563,147,-0.00772100221452976,17.92917450296335
optimized,20,0.6563,148,-0.005336021820345094,17.932974866887815
optimized,20,0.6563,149,-0.0017401442026472314,17.94169653675073
optimized,20,0.6563,150,0.0034799580175353118,17.95733077688926
optimized,20,0.6563,151,0.010951846637614393,17.982725656647787
optimized,20,0.6563,152,0.004164937443541961,17.94072348485566
optimized,20,0.6563,153,-0.0008487709966047419,17.94499107951543
optimized,20,0.6563,154,-0.004782211120048396,17.945856599073835
optimized,20,0.6563,155,-0.007787304096745995,17.94437138718508
optimized,20,0.6563,156,-0.009964893205182346,17.94142034382401
optimized,20,0.6563,157,-0.011368689883720418,17.9377839775008
optimized,20,0.6563,158,-0.012005838876344432,17.934194391061276
optimized,20,0.6563,159,-0.011833814202450776,17.931390560323848
optimized,20,0.6563,160,-0.01075276254910218,17.93017887856083
optimized,20,0.6563,161,-0.008591513725572764,17.931506818101546
optimized,20,0.6563,162,-0.005083962611715842,17.936561437009292
optimized,20,0.6563,163,0.00017023797205450997,17.946911809409098
optimized,20,0.6563,164,0.007772099507786567,17.964728077723343
optimized,20,0.6563,165,0.008670254245554787,17.9338517342964
optimized,20,0.6563,166,0.001977788195687502,17.93958448598933
optimized,20,0.6563,167,-0.0032595319892312347,17.941687627748006
optimized,20,0.6563,168,-0.007241133032932723,17.941280599952737
optimized,20,0.6563,169,-0.010098281834801437,17.939308290327084
optimized,20,0.6563,170,-0.011899189361733509,17.93660731450938
optimized,20,0.6563,171,-0.012649480727435325,17.93396611529373
optimized,20,0.6563,172,-0.012287589017399903,17.93218481715343
optimized,20,0.6563,173,-0.010673779866228195,17.93214155971258
optimized,20,0.6563,174,-0.007570215859941776,17.934874297354312
optimized,20,0.6563,175,-0.00260725250402416,17.941691685200247
optimized,20,0.6563,176,0.004772932785835238,17.95433547311877
optimized,20,0.6563,177,0.01541230631040369,17.975233224551275
optimized,20,0.6563,178,0.007548585004808039,17.932477372875475
optimized,20,0.6563,179,0.0007675507349902411,17.93622876029052
optimized,20,0.6563,180,-0.004355491854263427,17.93726407757753
optimized,20,0.6563,181,-0.007985996431059572,17.93660724757422
optimized,20,0.6563,182,-0.010207023424594563,17.935169091330895
optimized,20,0.6563,183,-0.011019366680304898,17.933813023476
optimized,20,0.6563,184,-0.010334760140672916,17.93342120621466
optimized,20,0.6563,185,-0.007960279957642591,17.9349689572273
optimized,20,0.6563,186,-0.003570186888205651,17.939618042475782
optimized,20,0.6563,187,0.0033417868277370033,17.948845244389375
optimized,20,0.6563,188,0.013542762295756905,17.9646335710246
optimized,20,0.6563,189,0.002127571542871909,17.932164175808303
optimized,20,0.6563,190,-0.0023912668008496674,17.933247540745818
optimized,20,0.6563,191,-0.005048616913196469,17.933488701326624
optimized,20,0.6563,192,-0.005834977124850482,17.933849517219535
optimized,20,0.6563,193,-0.00462348295196735,17.935320989114206
optimized,20,0.6563,194,-0.0011476203492404302,17.939008900088304
optimized,20,0.6563,195,0.005038771962296629,17.94624334044998
optimized,20,0.6563,196,0.004823860649288303,17.934258884975403
