i,j,x_m,y_m,solid,u_lattice,v_lattice,pressure_lattice,concentration,source_x_fraction,source_y_fraction
0,0,0.062500000,0.062500000,1,0.000000000,0.000000000,0.000000000,0.000000000,0.300000000,0.250000000
1,0,0.187500000,0.062500000,1,0.000000000,0.000000000,0.000000000,0.000000000,0.300000000,0.250000000
2,0,0.312500000,0.062500000,1,0.000000000,0.000000000,0.000000000,0.000000000,0.300000000,0.250000000
3,0,0.437500000,0.062500000,1,0.000000000,0.000000000,0.000000000,0.000000000,0.300000000,0.250000000
4,0,0.562500000,0.062500000,1,0.000000000,0.000000000,0.000000000,0.000000000,0.300000000,0.250000000
5,0,0.687500000,0.062500000,1,0.000000000,0.000000000,0.000000000,0.000000000,0.300000000,0.250000000
6,0,0.812500000,0.062500000,1,0.000000000,0.000000000,0.000000000,0.000000000,0.300000000,0.250000000
7,0,0.937500000,0.062500000,1,0.000000000,0.000000000,0.000000000,0.000000000,0.300000000,0.250000000
8,0,1.062500000,0.062500000,1,0.000000000,0.000000000,0.000000000,0.000000000,0.300000000,0.250000000
9,0,1.187500000,0.062500000,1,0.000000000,0.000000000,0.000000000,0.000000000,0.300000000,0.250000000
10,0,1.312500000,0.062500000,1,0.000000000,0.000000000,0.000000000,0.000000000,0.300000000,0.250000000
11,0,1.437500000,0.062500000,1,0.000000000,0.000000000,0.000000000,0.000000000,0.300000000,0.250000000
12,0,1.562500000,0.062500000,1,0.000000000,0.000000000,0.000000000,0.000000000,0.300000000,0.250000000
13,0,1.687500000,0.062500000,1,0.000000000,0.000000000,0.000000000,0.000000000,0.300000000,0.250000000
14,0,1.812500000,0.062500000,1,0.000000000,0.000000000,0.000000000,0.000000000,0.300000000,0.250000000
15,0,1.937500000,0.062500000,1,0.000000000,0.000000000,0.000000000,0.000000000,0.300000000,0.250000000
16,0,2.062500000,0.062500000,1,0.000000000,0.000000000,0.000000000,0.000000000,0.300000000,0.250000000
17,0,2.187500000,0.062500000,1,0.000000000,0.000000000,0.000000000,0.000000000,0.300000000,0.250000000
18,0,2.312500000,0.062500000,1,0.000000000,0.000000000,0.000000000,0.000000000,0.300000000,0.250000000
19,0,2.437500000,0.062500000,1,0.000000000,0.000000000,0.000000000,0.000000000,0.300000000,0.250000000
20,0,2.562500000,0.062500000,1,0.000000000,0.000000000,0.000000000,0.000000000,0.300000000,0.250000000
21,0,2.687500000,0.062500000,1,0.000000000,0.000000000,0.000000000,0.000000000,0.300000000,0.250000000
22,0,2.812500000,0.062500000,1,0.000000000,0.000000000,0.000000000,0.000000000,0.300000000,0.250000000
23,0,2.937500000,0.062500000,1,0.000000000,0.000000000,0.000000000,0.000000000,0.300000000,0.250000000
24,0,3.062500000,0.062500000,1,0.000000000,0.000000000,0.000000000,0.000000000,0.300000000,0.250000000
25,0,3.187500000,0.062500000,1,0.000000000,0.000000000,0.000000000,0.000000000,0.300000000,0.250000000
26,0,3.312500000,0.062500000,1,0.000000000,0.000000000,0.000000000,0.000000000,0.300000000,0.250000000
27,0,3.437500000,0.062500000,1,0.000000000,0.000000000,0.000000000,0.000000000,0.300000000,0.250000000
28,0,3.562500000,0.062500000,1,0.000000000,0.000000000,0.000000000,0.000000000,0.300000000,0.250000000
29,0,3.687500000,0.062500000,1,0.000000000,0.000000000,0.000000000,0.000000000,0.300000000,0.250000000
30,0,3.812500000,0.062500000,1,0.000000000,0.000000000,0.000000000,0.000000000,0.300000000,0.250000000
31,0,3.937500000,0.062500000,1,0.000000000,0.000000000,0.000000000,0.000000000,0.300000000,0.250000000
32,0,4.062500000,0.062500000,1,0.000000000,0.000000000,0.000000000,0.000000000,0.300000000,0.250000000
33,0,4.187500000,0.062500000,1,0.000000000,0.000000000,0.000000000,0.000000000,0.300000000,0.250000000
34,0,4.312500000,0.062500000,1,0.000000000,0.000000000,0.000000000,0.000000000,0.300000000,0.250000000
35,0,4.437500000,0.062500000,1,0.000000000,0.000000000,0.000000000,0.000000000,0.300000000,0.250000000
36,0,4.562500000,0.062500000,1,0.000000000,0.000000000,0.000000000,0.000000000,0.300000000,0.250000000
37,0,4.687500000,0.062500000,1,0.000000000,0.000000000,0.000000000,0.000000000,0.300000000,0.250000000
38,0,4.812500000,0.062500000,1,0.000000000,0.000000000,0.000000000,0.000000000,0.300000000,0.250000000
39,0,4.937500000,0.062500000,1,0.000000000,0.000000000,0.000000000,0.000000000,0.300000000,0.250000000
0,1,0.062500000,0.187500000,0,0.073103601,0.000000000,-0.000000000,0.000000000,0.300000000,0.250000000
1,1,0.187500000,0.187500000,0,0.044727099,0.007241694,0.008761075,0.000000691,0.300000000,0.250000000
2,1,0.312500000,0.187500000,0,0.029807546,0.003848936,0.001481885,0.000002662,0.300000000,0.250000000
3,1,0.437500000,0.187500000,0,0.023824222,0.000409354,0.001728929,0.000006817,0.300000000,0.250000000
4,1,0.562500000,0.187500000,0,0.023408506,-0.000169700,0.003552223,0.000014995,0.300000000,0.250000000
5,1,0.687500000,0.187500000,0,0.020881210,0.001697201,0.002897963,0.000030109,0.300000000,0.250000000
6,1,0.812500000,0.187500000,0,0.017302950,0.000879807,0.001778269,0.000056020,0.300000000,0.250000000
7,1,0.937500000,0.187500000,0,0.015771676,0.000234798,0.001968665,0.000097840,0.300000000,0.250000000
8,1,1.062500000,0.187500000,0,0.015011750,0.000299876,0.002173003,0.000162666,0.300000000,0.250000000
9,1,1.187500000,0.187500000,0,0.013802173,0.000547292,0.001786406,0.000258828,0.300000000,0.250000000
10,1,1.312500000,0.187500000,0,0.012786599,0.000241908,0.001552893,0.000395689,0.300000000,0.250000000
11,1,1.437500000,0.187500000,0,0.012317301,0.000139560,0.001608140,0.000583975,0.300000000,0.250000000
12,1,1.562500000,0.187500000,0,0.011939506,0.000173468,0.001508636,0.000835453,0.300000000,0.250000000
13,1,1.687500000,0.187500000,0,0.011560629,0.000151863,0.001311824,0.001161466,0.300000000,0.250000000
14,1,1.812500000,0.187500000,0,0.011387077,0.000041842,0.001239713,0.001573306,0.300000000,0.250000000
15,1,1.937500000,0.187500000,0,0.011367797,0.000022465,0.001185716,0.002082036,0.300000000,0.250000000
16,1,2.062500000,0.187500000,0,0.011400998,0.000009349,0.001054777,0.002697798,0.300000000,0.250000000
17,1,2.187500000,0.187500000,0,0.011501461,-0.000031652,0.000946369,0.003429055,0.300000000,0.250000000
18,1,2.312500000,0.187500000,0,0.011707891,-0.000067750,0.000874852,0.004283706,0.300000000,0.250000000
19,1,2.437500000,0.187500000,0,0.011955839,-0.000080562,0.000765881,0.005268454,0.300000000,0.250000000
20,1,2.562500000,0.187500000,0,0.012254258,-0.000095015,0.000638459,0.006389209,0.300000000,0.250000000
21,1,2.687500000,0.187500000,0,0.012553902,-0.000102024,0.000548391,0.007650137,0.300000000,0.250000000
22,1,2.812500000,0.187500000,0,0.012898337,-0.000126353,0.000444738,0.009055027,0.300000000,0.250000000
23,1,2.937500000,0.187500000,0,0.013258004,-0.000130831,0.000281131,0.010607179,0.300000000,0.250000000
24,1,3.062500000,0.187500000,0,0.013599801,-0.000098049,0.000156978,0.012310362,0.300000000,0.250000000
25,1,3.187500000,0.187500000,0,0.013860769,-0.000113832,0.000080659,0.014162021,0.300000000,0.250000000
26,1,3.312500000,0.187500000,0,0.014248176,-0.000173423,-0.000114084,0.016162690,0.300000000,0.250000000
27,1,3.437500000,0.187500000,0,0.014571390,-0.000078593,-0.000337409,0.018317693,0.300000000,0.250000000
28,1,3.562500000,0.187500000,0,0.014682683,-0.000024074,-0.000361102,0.020615333,0.300000000,0.250000000
29,1,3.687500000,0.187500000,0,0.014932360,-0.000238118,-0.000493221,0.023031145,0.300000000,0.250000000
30,1,3.812500000,0.187500000,0,0.015446612,-0.000142663,-0.000938285,0.025577347,0.300000000,0.250000000
31,1,3.937500000,0.187500000,0,0.015186688,0.000270396,-0.000978306,0.028217395,0.300000000,0.250000000
32,1,4.062500000,0.187500000,0,0.014977957,-0.000251175,-0.000746056,0.030802300,0.300000000,0.250000000
33,1,4.187500000,0.187500000,0,0.016359110,-0.000825658,-0.001532546,0.033259693,0.300000000,0.250000000
34,1,4.312500000,0.187500000,0,0.016557586,0.000760678,-0.002143923,0.035535427,0.300000000,0.250000000
35,1,4.437500000,0.187500000,0,0.013405832,0.001200645,-0.000762226,0.036910494,0.300000000,0.250000000
36,1,4.562500000,0.187500000,0,0.015986977,-0.003359536,-0.001131608,0.036377074,0.300000000,0.250000000
37,1,4.687500000,0.187500000,0,0.026052900,-0.003244600,-0.005465527,0.033579840,0.300000000,0.250000000
38,1,4.812500000,0.187500000,0,0.016606788,0.010204013,-0.002567293,0.029802906,0.300000000,0.250000000
39,1,4.937500000,0.187500000,1,0.000000000,0.000000000,0.000000000,0.000000000,0.300000000,0.250000000
0,2,0.062500000,0.312500000,0,0.073103601,0.000000000,-0.000000000,0.000000000,0.300000000,0.250000000
1,2,0.187500000,0.312500000,0,0.070667460,0.011045486,0.004913454,0.000000477,0.300000000,0.250000000
2,2,0.312500000,0.312500000,0,0.073321058,0.014879830,0.004356550,0.000001871,0.300000000,0.250000000
3,2,0.437500000,0.312500000,0,0.065619878,0.007621004,0.003499623,0.000005022,0.300000000,0.250000000
4,2,0.562500000,0.312500000,0,0.056145329,0.004353118,0.002213888,0.000011425,0.300000000,0.250000000
5,2,0.687500000,0.312500000,0,0.050937640,0.005571918,0.002475476,0.000023354,0.300000000,0.250000000
6,2,0.812500000,0.312500000,0,0.047977541,0.004386008,0.002535348,0.000044139,0.300000000,0.250000000
7,2,0.937500000,0.312500000,0,0.044146902,0.002999360,0.002120712,0.000078550,0.300000000,0.250000000
8,2,1.062500000,0.312500000,0,0.040573682,0.002364910,0.001871006,0.000132586,0.300000000,0.250000000
9,2,1.187500000,0.312500000,0,0.038233155,0.002282002,0.001881528,0.000213630,0.300000000,0.250000000
10,2,1.312500000,0.312500000,0,0.036426158,0.001640316,0.001738696,0.000330454,0.300000000,0.250000000
11,2,1.437500000,0.312500000,0,0.034774047,0.001179320,0.001560411,0.000493028,0.300000000,0.250000000
12,2,1.562500000,0.312500000,0,0.033559478,0.000935433,0.001475631,0.000711853,0.300000000,0.250000000
13,2,1.687500000,0.312500000,0,0.032772518,0.000689282,0.001399014,0.000997699,0.300000000,0.250000000
14,2,1.812500000,0.312500000,0,0.032273779,0.000336347,0.001260339,0.001361239,0.300000000,0.250000000
15,2,1.937500000,0.312500000,0,0.032048640,0.000112671,0.001147709,0.001812841,0.300000000,0.250000000
16,2,2.062500000,0.312500000,0,0.032103319,-0.000076011,0.001079463,0.002361959,0.300000000,0.250000000
17,2,2.187500000,0.312500000,0,0.032356913,-0.000260682,0.000978778,0.003016887,0.300000000,0.250000000
18,2,2.312500000,0.312500000,0,0.032792854,-0.000426048,0.000847740,0.003785241,0.300000000,0.250000000
19,2,2.437500000,0.312500000,0,0.033399856,-0.000559453,0.000751300,0.004673615,0.300000000,0.250000000
20,2,2.562500000,0.312500000,0,0.034142954,-0.000645376,0.000661903,0.005687824,0.300000000,0.250000000
21,2,2.687500000,0.312500000,0,0.034939703,-0.000692741,0.000536403,0.006832577,0.300000000,0.250000000
22,2,2.812500000,0.312500000,0,0.035808954,-0.000767526,0.000403786,0.008112429,0.300000000,0.250000000
23,2,2.937500000,0.312500000,0,0.036705667,-0.000792342,0.000289236,0.009531381,0.300000000,0.250000000
24,2,3.062500000,0.312500000,0,0.037622807,-0.000727000,0.000169188,0.011091934,0.300000000,0.250000000
25,2,3.187500000,0.312500000,0,0.038519856,-0.000758623,0.000015677,0.012796550,0.300000000,0.250000000
26,2,3.312500000,0.312500000,0,0.039352156,-0.000774582,-0.000141571,0.014648581,0.300000000,0.250000000
27,2,3.437500000,0.312500000,0,0.040115985,-0.000633782,-0.000255025,0.016644750,0.300000000,0.250000000
28,2,3.562500000,0.312500000,0,0.040980964,-0.000558288,-0.000442874,0.018784886,0.300000000,0.250000000
29,2,3.687500000,0.312500000,0,0.041497021,-0.000653445,-0.000643143,0.021068496,0.300000000,0.250000000
30,2,3.812500000,0.312500000,0,0.041828437,-0.000525355,-0.000686954,0.023467146,0.300000000,0.250000000
31,2,3.937500000,0.312500000,0,0.042837986,-0.000201358,-0.000973050,0.025949026,0.300000000,0.250000000
32,2,4.062500000,0.312500000,0,0.043540300,-0.000650476,-0.001363278,0.028522251,0.300000000,0.250000000
33,2,4.187500000,0.312500000,0,0.042414352,-0.000966065,-0.001046060,0.031038489,0.300000000,0.250000000
34,2,4.312500000,0.312500000,0,0.043118133,0.000559235,-0.001147181,0.033159875,0.300000000,0.250000000
35,2,4.437500000,0.312500000,0,0.047697991,-0.000452703,-0.002740888,0.034846338,0.300000000,0.250000000
36,2,4.562500000,0.312500000,0,0.047443157,-0.006644902,-0.002369763,0.035523544,0.300000000,0.250000000
37,2,4.687500000,0.312500000,0,0.040793592,-0.001696677,0.000179971,0.033165367,0.300000000,0.250000000
38,2,4.812500000,0.312500000,0,0.052318729,0.010963921,-0.002470607,0.021135221,0.300000000,0.250000000
39,2,4.937500000,0.312500000,0,0.080413961,0.010953903,0.000000000,0.000000000,0.300000000,0.250000000
0,3,0.062500000,0.437500000,0,0.073103601,0.000000000,-0.000000000,0.000000000,0.300000000,0.250000000
1,3,0.187500000,0.437500000,0,0.071555239,0.004351613,0.003111151,0.000000303,0.300000000,0.250000000
2,3,0.312500000,0.437500000,0,0.075769586,0.016194478,0.004589798,0.000001208,0.300000000,0.250000000
3,3,0.437500000,0.437500000,0,0.076511080,0.012768526,0.003474886,0.000003271,0.300000000,0.250000000
4,3,0.562500000,0.437500000,0,0.073156611,0.010977322,0.002276485,0.000007544,0.300000000,0.250000000
5,3,0.687500000,0.437500000,0,0.069772934,0.008894559,0.002515443,0.000015711,0.300000000,0.250000000
6,3,0.812500000,0.437500000,0,0.066753432,0.007946011,0.002647700,0.000030307,0.300000000,0.250000000
7,3,0.937500000,0.437500000,0,0.063201925,0.006827688,0.002168523,0.000054966,0.300000000,0.250000000
8,3,1.062500000,0.437500000,0,0.059840978,0.005621017,0.001845350,0.000094413,0.300000000,0.250000000
9,3,1.187500000,0.437500000,0,0.057251957,0.004546127,0.001924814,0.000154811,0.300000000,0.250000000
10,3,1.312500000,0.437500000,0,0.054967015,0.003762382,0.001841812,0.000243597,0.300000000,0.250000000
11,3,1.437500000,0.437500000,0,0.052815651,0.002982297,0.001587226,0.000369076,0.300000000,0.250000000
12,3,1.562500000,0.437500000,0,0.051185428,0.002209318,0.001472090,0.000540178,0.300000000,0.250000000
13,3,1.687500000,0.437500000,0,0.050118384,0.001519871,0.001440045,0.000766599,0.300000000,0.250000000
14,3,1.812500000,0.437500000,0,0.049347960,0.000916931,0.001310974,0.001058006,0.300000000,0.250000000
15,3,1.937500000,0.437500000,0,0.048862567,0.000344511,0.001172816,0.001423311,0.300000000,0.250000000
16,3,2.062500000,0.437500000,0,0.048795901,-0.000176004,0.001092278,0.001870874,0.300000000,0.250000000
17,3,2.187500000,0.437500000,0,0.049071722,-0.000589780,0.000993445,0.002408961,0.300000000,0.250000000
18,3,2.312500000,0.437500000,0,0.049581845,-0.000973284,0.000870889,0.003044747,0.300000000,0.250000000
19,3,2.437500000,0.437500000,0,0.050289533,-0.001301593,0.000769904,0.003784119,0.300000000,0.250000000
20,3,2.562500000,0.437500000,0,0.051187112,-0.001520956,0.000667296,0.004632996,0.300000000,0.250000000
21,3,2.687500000,0.437500000,0,0.052262598,-0.001678989,0.000527621,0.005597049,0.300000000,0.250000000
22,3,2.812500000,0.437500000,0,0.053427139,-0.001798709,0.000397322,0.006681779,0.300000000,0.250000000
23,3,2.937500000,0.437500000,0,0.054570402,-0.001864780,0.000308319,0.007891528,0.300000000,0.250000000
24,3,3.062500000,0.437500000,0,0.055803519,-0.001851366,0.000161489,0.009229188,0.300000000,0.250000000
25,3,3.187500000,0.437500000,0,0.057112640,-0.001833254,-0.000040277,0.010701338,0.300000000,0.250000000
26,3,3.312500000,0.437500000,0,0.058242986,-0.001718710,-0.000137967,0.012316815,0.300000000,0.250000000
27,3,3.437500000,0.437500000,0,0.059220124,-0.001640727,-0.000211698,0.014065415,0.300000000,0.250000000
28,3,3.562500000,0.437500000,0,0.060483872,-0.001581351,-0.000504061,0.015950926,0.300000000,0.250000000
29,3,3.687500000,0.437500000,0,0.061599160,-0.001246397,-0.000750032,0.018002511,0.300000000,0.250000000
30,3,3.812500000,0.437500000,0,0.062030124,-0.001146146,-0.000628011,0.020187489,0.300000000,0.250000000
31,3,3.937500000,0.437500000,0,0.062693527,-0.001320055,-0.000830114,0.022443368,0.300000000,0.250000000
32,3,4.062500000,0.437500000,0,0.064020330,-0.000994459,-0.001517498,0.024829372,0.300000000,0.250000000
33,3,4.187500000,0.437500000,0,0.064183404,-0.000607942,-0.001363955,0.027342815,0.300000000,0.250000000
34,3,4.312500000,0.437500000,0,0.063724937,-0.001256786,-0.000843558,0.029626463,0.300000000,0.250000000
35,3,4.437500000,0.437500000,0,0.065377696,-0.002752500,-0.002039301,0.031394003,0.300000000,0.250000000
36,3,4.562500000,0.437500000,0,0.066428283,-0.005364567,-0.002858196,0.032634125,0.300000000,0.250000000
37,3,4.687500000,0.437500000,0,0.066545211,-0.003538692,-0.000994402,0.031119003,0.300000000,0.250000000
38,3,4.812500000,0.437500000,0,0.071378760,-0.003553771,-0.001852812,0.018243921,0.300000000,0.250000000
39,3,4.937500000,0.437500000,0,0.080413961,-0.003551835,0.000000000,0.000000000,0.300000000,0.250000000
0,4,0.062500000,0.562500000,0,0.073103601,0.000000000,-0.000000000,0.000000000,0.300000000,0.250000000
1,4,0.187500000,0.562500000,0,0.068583348,0.003443061,0.003329225,0.000000222,0.300000000,0.250000000
2,4,0.312500000,0.562500000,0,0.072046769,0.009318483,0.002830923,0.000000861,0.300000000,0.250000000
3,4,0.437500000,0.562500000,0,0.077122569,0.011574318,0.002863423,0.000002251,0.300000000,0.250000000
4,4,0.562500000,0.562500000,0,0.079033213,0.013604891,0.003436033,0.000005095,0.300000000,0.250000000
5,4,0.687500000,0.562500000,0,0.077818061,0.011456978,0.002608717,0.000010529,0.300000000,0.250000000
6,4,0.812500000,0.562500000,0,0.075675694,0.010575113,0.002048332,0.000020285,0.300000000,0.250000000
7,4,0.937500000,0.562500000,0,0.074195954,0.009422865,0.002281781,0.000036912,0.300000000,0.250000000
8,4,1.062500000,0.562500000,0,0.072438889,0.008486561,0.002250463,0.000063987,0.300000000,0.250000000
9,4,1.187500000,0.562500000,0,0.070021056,0.007114993,0.001873693,0.000106130,0.300000000,0.250000000
10,4,1.312500000,0.562500000,0,0.067783789,0.006007430,0.001733749,0.000169030,0.300000000,0.250000000
11,4,1.437500000,0.562500000,0,0.066037785,0.004861340,0.001744446,0.000259403,0.300000000,0.250000000
12,4,1.562500000,0.562500000,0,0.064498692,0.003732254,0.001603537,0.000384684,0.300000000,0.250000000
13,4,1.687500000,0.562500000,0,0.063206654,0.002637144,0.001419032,0.000552775,0.300000000,0.250000000
14,4,1.812500000,0.562500000,0,0.062329219,0.001662454,0.001350004,0.000771816,0.300000000,0.250000000
15,4,1.937500000,0.562500000,0,0.061839899,0.000703403,0.001282652,0.001049651,0.300000000,0.250000000
16,4,2.062500000,0.562500000,0,0.061669105,-0.000142484,0.001129968,0.001393843,0.300000000,0.250000000
17,4,2.187500000,0.562500000,0,0.061820637,-0.000893874,0.001009410,0.001811524,0.300000000,0.250000000
18,4,2.312500000,0.562500000,0,0.062312944,-0.001580787,0.000939154,0.002308913,0.300000000,0.250000000
19,4,2.437500000,0.562500000,0,0.063053794,-0.002078267,0.000809602,0.002892245,0.300000000,0.250000000
20,4,2.562500000,0.562500000,0,0.063976136,-0.002486753,0.000660984,0.003567543,0.300000000,0.250000000
21,4,2.687500000,0.562500000,0,0.065092040,-0.002840281,0.000556081,0.004340081,0.300000000,0.250000000
22,4,2.812500000,0.562500000,0,0.066353964,-0.003026044,0.000435574,0.005215738,0.300000000,0.250000000
23,4,2.937500000,0.562500000,0,0.067675190,-0.003096974,0.000275214,0.006200128,0.300000000,0.250000000
24,4,3.062500000,0.562500000,0,0.069035938,-0.003190173,0.000134435,0.007300313,0.300000000,0.250000000
25,4,3.187500000,0.562500000,0,0.070382370,-0.003109959,0.000009616,0.008521412,0.300000000,0.250000000
26,4,3.312500000,0.562500000,0,0.071789593,-0.002989978,-0.000146107,0.009868762,0.300000000,0.250000000
27,4,3.437500000,0.562500000,0,0.073214404,-0.002863883,-0.000360874,0.011351107,0.300000000,0.250000000
28,4,3.562500000,0.562500000,0,0.074327783,-0.002655325,-0.000457472,0.012975332,0.300000000,0.250000000
29,4,3.687500000,0.562500000,0,0.075442660,-0.002383867,-0.000566737,0.014738014,0.300000000,0.250000000
30,4,3.812500000,0.562500000,0,0.076837539,-0.002066300,-0.000951149,0.016648192,0.300000000,0.250000000
31,4,3.937500000,0.562500000,0,0.077422959,-0.001837248,-0.001025572,0.018720706,0.300000000,0.250000000
32,4,4.062500000,0.562500000,0,0.077590049,-0.001587773,-0.000857263,0.020894636,0.300000000,0.250000000
33,4,4.187500000,0.562500000,0,0.079099613,-0.001475678,-0.001540757,0.023146425,0.300000000,0.250000000
34,4,4.312500000,0.562500000,0,0.080068344,-0.002295114,-0.001959139,0.025521259,0.300000000,0.250000000
35,4,4.437500000,0.562500000,0,0.078352850,-0.001795305,-0.000936260,0.027693484,0.300000000,0.250000000
36,4,4.562500000,0.562500000,0,0.076824498,-0.002066966,-0.001314590,0.029136033,0.300000000,0.250000000
37,4,4.687500000,0.562500000,0,0.076771616,-0.008462732,-0.002923324,0.028304311,0.300000000,0.250000000
38,4,4.812500000,0.562500000,0,0.077987446,-0.008104298,-0.002144034,0.017342768,0.300000000,0.250000000
39,4,4.937500000,0.562500000,0,0.080413961,-0.008097537,0.000000000,0.000000000,0.300000000,0.250000000
0,5,0.062500000,0.687500000,0,0.073103601,0.000000000,-0.000000000,0.000000000,0.300000000,0.250000000
1,5,0.187500000,0.687500000,0,0.070088285,0.003699979,0.003429538,0.000000213,0.300000000,0.250000000
2,5,0.312500000,0.687500000,0,0.071625460,0.005324290,0.002834795,0.000000794,0.300000000,0.250000000
3,5,0.437500000,0.687500000,0,0.073269270,0.009386888,0.002728540,0.000001983,0.300000000,0.250000000
4,5,0.562500000,0.687500000,0,0.075669379,0.011508019,0.002879119,0.000004221,0.300000000,0.250000000
5,5,0.687500000,0.687500000,0,0.077703302,0.011545985,0.002569649,0.000008228,0.300000000,0.250000000
6,5,0.812500000,0.687500000,0,0.078494461,0.011719438,0.002342570,0.000015157,0.300000000,0.250000000
7,5,0.937500000,0.687500000,0,0.078203336,0.010672655,0.002287761,0.000026753,0.300000000,0.250000000
8,5,1.062500000,0.687500000,0,0.077270776,0.009994565,0.002195955,0.000045506,0.300000000,0.250000000
9,5,1.187500000,0.687500000,0,0.076112100,0.008977378,0.001973091,0.000074699,0.300000000,0.250000000
10,5,1.312500000,0.687500000,0,0.074938345,0.007776044,0.001839245,0.000118554,0.300000000,0.250000000
11,5,1.437500000,0.687500000,0,0.073779482,0.006377165,0.001792155,0.000182237,0.300000000,0.250000000
12,5,1.562500000,0.687500000,0,0.072616947,0.005076911,0.001683954,0.000271669,0.300000000,0.250000000
13,5,1.687500000,0.687500000,0,0.071567244,0.003723598,0.001534910,0.000393176,0.300000000,0.250000000
14,5,1.812500000,0.687500000,0,0.070835953,0.002358840,0.001436437,0.000553315,0.300000000,0.250000000
15,5,1.937500000,0.687500000,0,0.070481476,0.001069296,0.001338227,0.000758887,0.300000000,0.250000000
16,5,2.062500000,0.687500000,0,0.070398042,-0.000082873,0.001218494,0.001016643,0.300000000,0.250000000
17,5,2.187500000,0.687500000,0,0.070576622,-0.001203603,0.001116231,0.001332339,0.300000000,0.250000000
18,5,2.312500000,0.687500000,0,0.071073356,-0.002145112,0.000991370,0.001711590,0.300000000,0.250000000
19,5,2.437500000,0.687500000,0,0.071866094,-0.002880788,0.000842653,0.002160590,0.300000000,0.250000000
20,5,2.562500000,0.687500000,0,0.072923705,-0.003549295,0.000716225,0.002684467,0.300000000,0.250000000
21,5,2.687500000,0.687500000,0,0.074101693,-0.004008655,0.000598995,0.003288490,0.300000000,0.250000000
22,5,2.812500000,0.687500000,0,0.075352664,-0.004316548,0.000453942,0.003979402,0.300000000,0.250000000
23,5,2.937500000,0.687500000,0,0.076752814,-0.004438072,0.000261891,0.004763534,0.300000000,0.250000000
24,5,3.062500000,0.687500000,0,0.078181731,-0.004569996,0.000133480,0.005649068,0.300000000,0.250000000
25,5,3.187500000,0.687500000,0,0.079527895,-0.004500245,0.000029146,0.006644002,0.300000000,0.250000000
26,5,3.312500000,0.687500000,0,0.080963811,-0.004414557,-0.000173460,0.007751221,0.300000000,0.250000000
27,5,3.437500000,0.687500000,0,0.082520746,-0.004238868,-0.000417827,0.008988603,0.300000000,0.250000000
28,5,3.562500000,0.687500000,0,0.083718188,-0.003801403,-0.000481842,0.010369577,0.300000000,0.250000000
29,5,3.687500000,0.687500000,0,0.084705125,-0.003591776,-0.000543240,0.011876599,0.300000000,0.250000000
30,5,3.812500000,0.687500000,0,0.086173668,-0.003156566,-0.000999159,0.013532396,0.300000000,0.250000000
31,5,3.937500000,0.687500000,0,0.087337562,-0.002523964,-0.001212442,0.015387914,0.300000000,0.250000000
32,5,4.062500000,0.687500000,0,0.087458051,-0.002443200,-0.000852647,0.017385854,0.300000000,0.250000000
33,5,4.187500000,0.687500000,0,0.087658805,-0.001822122,-0.001213231,0.019443572,0.300000000,0.250000000
34,5,4.312500000,0.687500000,0,0.088205096,-0.002004977,-0.002029493,0.021677643,0.300000000,0.250000000
35,5,4.437500000,0.687500000,0,0.088221831,-0.002599078,-0.001563007,0.024041823,0.300000000,0.250000000
36,5,4.562500000,0.687500000,0,0.088315159,-0.001411865,-0.001154390,0.025904774,0.300000000,0.250000000
37,5,4.687500000,0.687500000,0,0.086031307,-0.004982409,-0.001879202,0.025654344,0.300000000,0.250000000
38,5,4.812500000,0.687500000,0,0.081276433,-0.006793451,-0.001521692,0.015959019,0.300000000,0.250000000
39,5,4.937500000,0.687500000,0,0.080413961,-0.006782814,-0.000000000,0.000000000,0.300000000,0.250000000
0,6,0.062500000,0.812500000,0,0.073103601,0.000000000,-0.000000000,0.000000000,0.300000000,0.250000000
1,6,0.187500000,0.812500000,0,0.070533108,0.002167186,0.002787367,0.000000310,0.300000000,0.250000000
2,6,0.312500000,0.812500000,0,0.071100537,0.005051436,0.003008334,0.000001126,0.300000000,0.250000000
3,6,0.437500000,0.812500000,0,0.072178574,0.007532451,0.002826243,0.000002623,0.300000000,0.250000000
4,6,0.562500000,0.812500000,0,0.074247723,0.008926516,0.002213211,0.000005096,0.300000000,0.250000000
5,6,0.687500000,0.812500000,0,0.076002126,0.010335140,0.002617001,0.000008985,0.300000000,0.250000000
6,6,0.812500000,0.812500000,0,0.077050021,0.011094588,0.002712271,0.000015062,0.300000000,0.250000000
7,6,0.937500000,0.812500000,0,0.077368653,0.010939981,0.002132917,0.000024426,0.300000000,0.250000000
8,6,1.062500000,0.812500000,0,0.077666215,0.010482030,0.001997876,0.000038748,0.300000000,0.250000000
9,6,1.187500000,0.812500000,0,0.077822484,0.009745162,0.002189148,0.000060458,0.300000000,0.250000000
10,6,1.312500000,0.812500000,0,0.077308411,0.008744054,0.002064506,0.000092726,0.300000000,0.250000000
11,6,1.437500000,0.812500000,0,0.076492629,0.007397444,0.001779308,0.000139346,0.300000000,0.250000000
12,6,1.562500000,0.812500000,0,0.075941893,0.005969361,0.001712586,0.000204923,0.300000000,0.250000000
13,6,1.687500000,0.812500000,0,0.075562204,0.004445378,0.001719629,0.000294706,0.300000000,0.250000000
14,6,1.812500000,0.812500000,0,0.075185456,0.002862306,0.001576749,0.000414201,0.300000000,0.250000000
15,6,1.937500000,0.812500000,0,0.074932200,0.001320958,0.001408580,0.000569083,0.300000000,0.250000000
16,6,2.062500000,0.812500000,0,0.074983802,-0.000188012,0.001348420,0.000764866,0.300000000,0.250000000
17,6,2.187500000,0.812500000,0,0.075393800,-0.001586988,0.001240092,0.001006733,0.300000000,0.250000000
18,6,2.312500000,0.812500000,0,0.076054499,-0.002736876,0.001047258,0.001300148,0.300000000,0.250000000
19,6,2.437500000,0.812500000,0,0.076931389,-0.003846292,0.000936489,0.001649585,0.300000000,0.250000000
20,6,2.562500000,0.812500000,0,0.078069965,-0.004718239,0.000818826,0.002059245,0.300000000,0.250000000
21,6,2.687500000,0.812500000,0,0.079352527,-0.005180227,0.000607217,0.002535507,0.300000000,0.250000000
22,6,2.812500000,0.812500000,0,0.080690269,-0.005604086,0.000446079,0.003084762,0.300000000,0.250000000
23,6,2.937500000,0.812500000,0,0.082131009,-0.005907767,0.000327813,0.003714585,0.300000000,0.250000000
24,6,3.062500000,0.812500000,0,0.083583415,-0.005878487,0.000143259,0.004432384,0.300000000,0.250000000
25,6,3.187500000,0.812500000,0,0.085048547,-0.005933796,-0.000045550,0.005250427,0.300000000,0.250000000
26,6,3.312500000,0.812500000,0,0.086454588,-0.005789962,-0.000205239,0.006179113,0.300000000,0.250000000
27,6,3.437500000,0.812500000,0,0.087699931,-0.005525501,-0.000312056,0.007225584,0.300000000,0.250000000
28,6,3.562500000,0.812500000,0,0.089199681,-0.005176816,-0.000574988,0.008402578,0.300000000,0.250000000
29,6,3.687500000,0.812500000,0,0.090607642,-0.004658701,-0.000856749,0.009730301,0.300000000,0.250000000
30,6,3.812500000,0.812500000,0,0.091254803,-0.004117228,-0.000758091,0.011217490,0.300000000,0.250000000
31,6,3.937500000,0.812500000,0,0.091959774,-0.003372322,-0.000961295,0.012846888,0.300000000,0.250000000
32,6,4.062500000,0.812500000,0,0.093000013,-0.002920932,-0.001571838,0.014665506,0.300000000,0.250000000
33,6,4.187500000,0.812500000,0,0.093065580,-0.001891964,-0.001377235,0.016699971,0.300000000,0.250000000
34,6,4.312500000,0.812500000,0,0.092701220,-0.001398811,-0.001054003,0.018822204,0.300000000,0.250000000
35,6,4.437500000,0.812500000,0,0.092086157,-0.002256823,-0.001815326,0.021025403,0.300000000,0.250000000
36,6,4.562500000,0.812500000,0,0.090289171,-0.001355796,-0.001922011,0.023105002,0.300000000,0.250000000
37,6,4.687500000,0.812500000,0,0.088309579,-0.000743722,-0.001228942,0.023485635,0.300000000,0.250000000
38,6,4.812500000,0.812500000,0,0.083736440,-0.002232220,-0.001153270,0.014791476,0.300000000,0.250000000
39,6,4.937500000,0.812500000,0,0.080413961,-0.002220221,0.000000000,0.000000000,0.300000000,0.250000000
0,7,0.062500000,0.937500000,0,0.073103601,0.000000000,-0.000000000,0.000000000,0.300000000,0.250000000
1,7,0.187500000,0.937500000,0,0.070733551,0.001033050,0.002585302,0.000000652,0.300000000,0.250000000
2,7,0.312500000,0.937500000,0,0.071378866,0.005239025,0.002559801,0.000002205,0.300000000,0.250000000
3,7,0.437500000,0.937500000,0,0.071566887,0.005949357,0.002855287,0.000004862,0.300000000,0.250000000
4,7,0.562500000,0.937500000,0,0.072014222,0.007816634,0.002545051,0.000008728,0.300000000,0.250000000
5,7,0.687500000,0.937500000,0,0.072825032,0.009524828,0.002253623,0.000014009,0.300000000,0.250000000
6,7,0.812500000,0.937500000,0,0.074098258,0.009917000,0.002343196,0.000021053,0.300000000,0.250000000
7,7,0.937500000,0.937500000,0,0.074986291,0.010469283,0.002430952,0.000030617,0.300000000,0.250000000
8,7,1.062500000,0.937500000,0,0.075239788,0.010378179,0.002233206,0.000043971,0.300000000,0.250000000
9,7,1.187500000,0.937500000,0,0.075374704,0.009821398,0.002040096,0.000062887,0.300000000,0.250000000
10,7,1.312500000,0.937500000,0,0.075671355,0.008970872,0.002031942,0.000089809,0.300000000,0.250000000
11,7,1.437500000,0.937500000,0,0.075786994,0.007826309,0.002010659,0.000127918,0.300000000,0.250000000
12,7,1.562500000,0.937500000,0,0.075581585,0.006378451,0.001888832,0.000181002,0.300000000,0.250000000
13,7,1.687500000,0.937500000,0,0.075395291,0.004724880,0.001766449,0.000253328,0.300000000,0.250000000
14,7,1.812500000,0.937500000,0,0.075419480,0.003048920,0.001682581,0.000349757,0.300000000,0.250000000
15,7,1.937500000,0.937500000,0,0.075524101,0.001329088,0.001613079,0.000475366,0.300000000,0.250000000
16,7,2.062500000,0.937500000,0,0.075807326,-0.000475810,0.001493450,0.000634866,0.300000000,0.250000000
17,7,2.187500000,0.937500000,0,0.076399894,-0.002104194,0.001315471,0.000833057,0.300000000,0.250000000
18,7,2.312500000,0.937500000,0,0.077302302,-0.003626134,0.001192748,0.001074186,0.300000000,0.250000000
19,7,2.437500000,0.937500000,0,0.078490977,-0.004976301,0.001068869,0.001361127,0.300000000,0.250000000
20,7,2.562500000,0.937500000,0,0.079835854,-0.005882278,0.000850638,0.001698387,0.300000000,0.250000000
21,7,2.687500000,0.937500000,0,0.081398213,-0.006626566,0.000649459,0.002091957,0.300000000,0.250000000
22,7,2.812500000,0.937500000,0,0.083045396,-0.007003002,0.000483088,0.002547031,0.300000000,0.250000000
23,7,2.937500000,0.937500000,0,0.084516196,-0.007359103,0.000362835,0.003074313,0.300000000,0.250000000
24,7,3.062500000,0.937500000,0,0.085810324,-0.007163304,0.000136038,0.003685081,0.300000000,0.250000000
25,7,3.187500000,0.937500000,0,0.087109732,-0.007270105,-0.000065914,0.004389480,0.300000000,0.250000000
26,7,3.312500000,0.937500000,0,0.088378197,-0.007105574,-0.000211896,0.005204790,0.300000000,0.250000000
27,7,3.437500000,0.937500000,0,0.089481967,-0.006744557,-0.000352288,0.006138314,0.300000000,0.250000000
28,7,3.562500000,0.937500000,0,0.090811206,-0.006516685,-0.000608129,0.007196764,0.300000000,0.250000000
29,7,3.687500000,0.937500000,0,0.092040507,-0.005661022,-0.000917072,0.008412270,0.300000000,0.250000000
30,7,3.812500000,0.937500000,0,0.092462190,-0.004832202,-0.000856241,0.009792097,0.300000000,0.250000000
31,7,3.937500000,0.937500000,0,0.092970703,-0.003993885,-0.001015001,0.011319682,0.300000000,0.250000000
32,7,4.062500000,0.937500000,0,0.093894350,-0.002888304,-0.001648891,0.013044399,0.300000000,0.250000000
33,7,4.187500000,0.937500000,0,0.093705729,-0.002543688,-0.001444146,0.015001882,0.300000000,0.250000000
34,7,4.312500000,0.937500000,0,0.093015928,-0.001582747,-0.001096253,0.017076858,0.300000000,0.250000000
35,7,4.437500000,0.937500000,0,0.092175923,0.000544635,-0.001877551,0.019249474,0.300000000,0.250000000
36,7,4.562500000,0.937500000,0,0.090282847,0.000789489,-0.001982587,0.021327495,0.300000000,0.250000000
37,7,4.687500000,0.937500000,0,0.088281507,0.001382308,-0.001265876,0.021843210,0.300000000,0.250000000
38,7,4.812500000,0.937500000,0,0.083701233,0.003683603,-0.001187617,0.013818727,0.300000000,0.250000000
39,7,4.937500000,0.937500000,0,0.080413961,0.003695576,0.000000000,0.000000000,0.300000000,0.250000000
0,8,0.062500000,1.062500000,0,0.073103601,0.000000000,-0.000000000,0.000000000,0.300000000,0.250000000
1,8,0.187500000,1.062500000,0,0.069832138,0.001065061,0.002645526,0.000001518,0.300000000,0.250000000
2,8,0.312500000,1.062500000,0,0.070674396,0.004032089,0.002209223,0.000005141,0.300000000,0.250000000
3,8,0.437500000,1.062500000,0,0.071557141,0.006274483,0.002314734,0.000010462,0.300000000,0.250000000
4,8,0.562500000,1.062500000,0,0.070874277,0.007830519,0.002907464,0.000017579,0.300000000,0.250000000
5,8,0.687500000,1.062500000,0,0.069811222,0.009040464,0.002417151,0.000026127,0.300000000,0.250000000
6,8,0.812500000,1.062500000,0,0.069710324,0.009355413,0.002021665,0.000036085,0.300000000,0.250000000
7,8,0.937500000,1.062500000,0,0.070654394,0.009923184,0.002331817,0.000048091,0.300000000,0.250000000
8,8,1.062500000,1.062500000,0,0.071357236,0.010016015,0.002415804,0.000063330,0.300000000,0.250000000
9,8,1.187500000,1.062500000,0,0.071424141,0.009641928,0.002148322,0.000083402,0.300000000,0.250000000
10,8,1.312500000,1.062500000,0,0.071579275,0.008808309,0.002039886,0.000110449,0.300000000,0.250000000
11,8,1.437500000,1.062500000,0,0.071978512,0.007752397,0.002093604,0.000147298,0.300000000,0.250000000
12,8,1.562500000,1.062500000,0,0.072255901,0.006391367,0.002036156,0.000197366,0.300000000,0.250000000
13,8,1.687500000,1.062500000,0,0.072371220,0.004734621,0.001897867,0.000264640,0.300000000,0.250000000
14,8,1.812500000,1.062500000,0,0.072505552,0.002979145,0.001832733,0.000353684,0.300000000,0.250000000
15,8,1.937500000,1.062500000,0,0.072844232,0.001022333,0.001780718,0.000469136,0.300000000,0.250000000
16,8,2.062500000,1.062500000,0,0.073487925,-0.000971983,0.001614100,0.000615596,0.300000000,0.250000000
17,8,2.187500000,1.062500000,0,0.074249122,-0.002863372,0.001482307,0.000797207,0.300000000,0.250000000
18,8,2.312500000,1.062500000,0,0.075308062,-0.004866943,0.001402922,0.001016264,0.300000000,0.250000000
19,8,2.437500000,1.062500000,0,0.076833059,-0.006292839,0.001126709,0.001275261,0.300000000,0.250000000
20,8,2.562500000,1.062500000,0,0.078632532,-0.007440914,0.000871432,0.001577956,0.300000000,0.250000000
21,8,2.687500000,1.062500000,0,0.080548183,-0.008443971,0.000784838,0.001927900,0.300000000,0.250000000
22,8,2.812500000,1.062500000,0,0.082262031,-0.008544046,0.000544767,0.002334076,0.300000000,0.250000000
23,8,2.937500000,1.062500000,0,0.083584569,-0.008431241,0.000270291,0.002809549,0.300000000,0.250000000
24,8,3.062500000,1.062500000,0,0.084690592,-0.008448634,0.000146051,0.003372137,0.300000000,0.250000000
25,8,3.187500000,1.062500000,0,0.085791262,-0.008298021,-0.000021425,0.004032079,0.300000000,0.250000000
26,8,3.312500000,1.062500000,0,0.086776721,-0.008087643,-0.000226893,0.004804514,0.300000000,0.250000000
27,8,3.437500000,1.062500000,0,0.087878139,-0.007985571,-0.000482175,0.005704686,0.300000000,0.250000000
28,8,3.562500000,1.062500000,0,0.088644604,-0.007300074,-0.000633734,0.006740045,0.300000000,0.250000000
29,8,3.687500000,1.062500000,0,0.089132199,-0.006426056,-0.000734843,0.007921232,0.300000000,0.250000000
30,8,3.812500000,1.062500000,0,0.090052092,-0.005255551,-0.001236707,0.009263815,0.300000000,0.250000000
31,8,3.937500000,1.062500000,0,0.090427004,-0.004442774,-0.001376850,0.010815266,0.300000000,0.250000000
32,8,4.062500000,1.062500000,0,0.089696354,-0.002878393,-0.001052322,0.012553460,0.300000000,0.250000000
33,8,4.187500000,1.062500000,0,0.089039938,-0.001932883,-0.001434094,0.014418713,0.300000000,0.250000000
34,8,4.312500000,1.062500000,0,0.088895335,-0.000554758,-0.002193932,0.016502814,0.300000000,0.250000000
35,8,4.437500000,1.062500000,0,0.088422775,0.001182307,-0.001710735,0.018764182,0.300000000,0.250000000
36,8,4.562500000,1.062500000,0,0.088184163,0.001025377,-0.001298541,0.020688971,0.300000000,0.250000000
37,8,4.687500000,1.062500000,0,0.085782476,0.005663300,-0.002013188,0.020888410,0.300000000,0.250000000
38,8,4.812500000,1.062500000,0,0.081092884,0.008223654,-0.001647567,0.013131297,0.300000000,0.250000000
39,8,4.937500000,1.062500000,0,0.080413961,0.008234426,-0.000000000,0.000000000,0.300000000,0.250000000
0,9,0.062500000,1.187500000,0,0.073103601,0.000000000,-0.000000000,0.000000000,0.300000000,0.250000000
1,9,0.187500000,1.187500000,0,0.070143460,0.001988282,0.002624942,0.000003961,0.300000000,0.250000000
2,9,0.312500000,1.187500000,0,0.067596618,0.003061983,0.003126462,0.000012210,0.300000000,0.250000000
3,9,0.437500000,1.187500000,0,0.065147287,0.008098381,0.001858355,0.000024013,0.300000000,0.250000000
4,9,0.562500000,1.187500000,0,0.064770505,0.008669791,0.001879002,0.000036881,0.300000000,0.250000000
5,9,0.687500000,1.187500000,0,0.065669070,0.009004847,0.002666592,0.000050321,0.300000000,0.250000000
6,9,0.812500000,1.187500000,0,0.065264543,0.009535057,0.002621520,0.000065021,0.300000000,0.250000000
7,9,0.937500000,1.187500000,0,0.064416575,0.009671799,0.002125930,0.000081707,0.300000000,0.250000000
8,9,1.062500000,1.187500000,0,0.064750149,0.009575006,0.002118279,0.000101482,0.300000000,0.250000000
9,9,1.187500000,1.187500000,0,0.065674210,0.009333303,0.002347133,0.000126221,0.300000000,0.250000000
10,9,1.312500000,1.187500000,0,0.066061394,0.008601417,0.002274961,0.000158276,0.300000000,0.250000000
11,9,1.437500000,1.187500000,0,0.066129342,0.007468212,0.002102840,0.000200292,0.300000000,0.250000000
12,9,1.562500000,1.187500000,0,0.066461255,0.006113472,0.002081464,0.000255617,0.300000000,0.250000000
13,9,1.687500000,1.187500000,0,0.066907030,0.004558077,0.002086504,0.000328482,0.300000000,0.250000000
14,9,1.812500000,1.187500000,0,0.067211019,0.002731342,0.002014091,0.000423465,0.300000000,0.250000000
15,9,1.937500000,1.187500000,0,0.067585574,0.000521914,0.001903407,0.000545143,0.300000000,0.250000000
16,9,2.062500000,1.187500000,0,0.068154454,-0.001610916,0.001801641,0.000698116,0.300000000,0.250000000
17,9,2.187500000,1.187500000,0,0.069018205,-0.003920795,0.001716097,0.000885228,0.300000000,0.250000000
18,9,2.312500000,1.187500000,0,0.070579864,-0.006281215,0.001481171,0.001107459,0.300000000,0.250000000
19,9,2.437500000,1.187500000,0,0.072625728,-0.008053065,0.001206549,0.001366378,0.300000000,0.250000000
20,9,2.562500000,1.187500000,0,0.075157185,-0.009889561,0.001067205,0.001662093,0.300000000,0.250000000
21,9,2.687500000,1.187500000,0,0.077491228,-0.010063198,0.000774786,0.001998515,0.300000000,0.250000000
22,9,2.812500000,1.187500000,0,0.079171451,-0.010111188,0.000511709,0.002394246,0.300000000,0.250000000
23,9,2.937500000,1.187500000,0,0.080429899,-0.009246073,0.000232931,0.002863800,0.300000000,0.250000000
24,9,3.062500000,1.187500000,0,0.080965050,-0.009319093,0.000205185,0.003428851,0.300000000,0.250000000
25,9,3.187500000,1.187500000,0,0.081024796,-0.008811088,0.000005514,0.004111326,0.300000000,0.250000000
26,9,3.312500000,1.187500000,0,0.080773828,-0.008480099,-0.000245914,0.004916063,0.300000000,0.250000000
27,9,3.437500000,1.187500000,0,0.081157946,-0.008865850,-0.000462829,0.005850908,0.300000000,0.250000000
28,9,3.562500000,1.187500000,0,0.081713882,-0.007686371,-0.000756186,0.006934835,0.300000000,0.250000000
29,9,3.687500000,1.187500000,0,0.082076060,-0.007044619,-0.000854341,0.008172586,0.300000000,0.250000000
30,9,3.812500000,1.187500000,0,0.082604421,-0.005462894,-0.001268989,0.009584815,0.300000000,0.250000000
31,9,3.937500000,1.187500000,0,0.081781863,-0.003745662,-0.001401083,0.011201962,0.300000000,0.250000000
32,9,4.062500000,1.187500000,0,0.080287197,-0.002529940,-0.001162035,0.013005116,0.300000000,0.250000000
33,9,4.187500000,1.187500000,0,0.080428760,-0.001247755,-0.001839355,0.014969610,0.300000000,0.250000000
34,9,4.312500000,1.187500000,0,0.080459616,0.000464509,-0.002251073,0.017125398,0.300000000,0.250000000
35,9,4.437500000,1.187500000,0,0.078150230,0.000895687,-0.001174535,0.019234973,0.300000000,0.250000000
36,9,4.562500000,1.187500000,0,0.076281494,0.001930880,-0.001513176,0.020866943,0.300000000,0.250000000
37,9,4.687500000,1.187500000,0,0.076127396,0.009168213,-0.003121101,0.020749834,0.300000000,0.250000000
38,9,4.812500000,1.187500000,0,0.077553896,0.009364105,-0.002345237,0.012860394,0.300000000,0.250000000
39,9,4.937500000,1.187500000,0,0.080413961,0.009373353,-0.000000000,0.000000000,0.300000000,0.250000000
0,10,0.062500000,1.312500000,0,0.073103601,0.000000000,-0.000000000,0.000000000,0.300000000,0.250000000
1,10,0.187500000,1.312500000,0,0.069270609,0.005318655,0.001420701,0.000010240,0.300000000,0.250000000
2,10,0.312500000,1.312500000,0,0.065274266,0.007933587,0.002191818,0.000032099,0.300000000,0.250000000
3,10,0.437500000,1.312500000,0,0.060215380,0.009738876,0.002862674,0.000053908,0.300000000,0.250000000
4,10,0.562500000,1.312500000,0,0.056834224,0.009044760,0.002173593,0.000074127,0.300000000,0.250000000
5,10,0.687500000,1.312500000,0,0.056195049,0.009027678,0.002023490,0.000093995,0.300000000,0.250000000
6,10,0.812500000,1.312500000,0,0.057167454,0.009689584,0.002408583,0.000114559,0.300000000,0.250000000
7,10,0.937500000,1.312500000,0,0.057691200,0.009633028,0.002462980,0.000137626,0.300000000,0.250000000
8,10,1.062500000,1.312500000,0,0.057562628,0.009272777,0.002287529,0.000164819,0.300000000,0.250000000
9,10,1.187500000,1.312500000,0,0.057756560,0.008816698,0.002244830,0.000197945,0.300000000,0.250000000
10,10,1.312500000,1.312500000,0,0.058386752,0.008205523,0.002281359,0.000239403,0.300000000,0.250000000
11,10,1.437500000,1.312500000,0,0.058963913,0.007164959,0.002265399,0.000292369,0.300000000,0.250000000
12,10,1.562500000,1.312500000,0,0.059305987,0.005810863,0.002216345,0.000360607,0.300000000,0.250000000
13,10,1.687500000,1.312500000,0,0.059566189,0.004225682,0.002191306,0.000448290,0.300000000,0.250000000
14,10,1.812500000,1.312500000,0,0.059911146,0.002347852,0.002151912,0.000560007,0.300000000,0.250000000
15,10,1.937500000,1.312500000,0,0.060310914,0.000144321,0.002068747,0.000700926,0.300000000,0.250000000
16,10,2.062500000,1.312500000,0,0.060796427,-0.002245264,0.002013777,0.000875416,0.300000000,0.250000000
17,10,2.187500000,1.312500000,0,0.061999778,-0.005393350,0.001882212,0.001084648,0.300000000,0.250000000
18,10,2.312500000,1.312500000,0,0.064022438,-0.008080255,0.001575783,0.001328167,0.300000000,0.250000000
19,10,2.437500000,1.312500000,0,0.066253903,-0.010637075,0.001468665,0.001602286,0.300000000,0.250000000
20,10,2.562500000,1.312500000,0,0.069184462,-0.012805488,0.001217722,0.001905868,0.300000000,0.250000000
21,10,2.687500000,1.312500000,0,0.071814650,-0.011717733,0.000571250,0.002253478,0.300000000,0.250000000
22,10,2.812500000,1.312500000,0,0.073301227,-0.011453721,0.000477147,0.002664232,0.300000000,0.250000000
23,10,2.937500000,1.312500000,0,0.073538352,-0.009656275,0.000388763,0.003164744,0.300000000,0.250000000
24,10,3.062500000,1.312500000,0,0.072056763,-0.008283274,0.000140313,0.003779222,0.300000000,0.250000000
25,10,3.187500000,1.312500000,0,0.070035956,-0.007818781,-0.000036216,0.004537287,0.300000000,0.250000000
26,10,3.312500000,1.312500000,0,0.069057865,-0.008397468,-0.000211526,0.005437133,0.300000000,0.250000000
27,10,3.437500000,1.312500000,0,0.069791242,-0.009202173,-0.000484322,0.006460182,0.300000000,0.250000000
28,10,3.562500000,1.312500000,0,0.071113709,-0.008482551,-0.000799791,0.007637525,0.300000000,0.250000000
29,10,3.687500000,1.312500000,0,0.070798389,-0.006552311,-0.001082113,0.008980160,0.300000000,0.250000000
30,10,3.812500000,1.312500000,0,0.068427095,-0.004539711,-0.001013402,0.010535351,0.300000000,0.250000000
31,10,3.937500000,1.312500000,0,0.066278801,-0.002050749,-0.001400451,0.012275333,0.300000000,0.250000000
32,10,4.062500000,1.312500000,0,0.065711561,-0.001474264,-0.001994235,0.014223066,0.300000000,0.250000000
33,10,4.187500000,1.312500000,0,0.064744176,-0.001026844,-0.001698023,0.016381733,0.300000000,0.250000000
34,10,4.312500000,1.312500000,0,0.063386620,0.000280509,-0.001163375,0.018502895,0.300000000,0.250000000
35,10,4.437500000,1.312500000,0,0.064402868,0.002350586,-0.002347470,0.020346298,0.300000000,0.250000000
36,10,4.562500000,1.312500000,0,0.065271389,0.005403192,-0.003125827,0.021821929,0.300000000,0.250000000
37,10,4.687500000,1.312500000,0,0.065558039,0.004124057,-0.001225867,0.021265800,0.300000000,0.250000000
38,10,4.812500000,1.312500000,0,0.070820200,0.004432095,-0.002072072,0.012606010,0.300000000,0.250000000
39,10,4.937500000,1.312500000,0,0.080413961,0.004437910,0.000000000,0.000000000,0.300000000,0.250000000
0,11,0.062500000,1.437500000,0,0.073103601,0.000000000,-0.000000000,0.000000000,0.300000000,0.250000000
1,11,0.187500000,1.437500000,0,0.052353678,0.015977535,0.001692062,0.000042878,0.300000000,0.250000000
2,11,0.312500000,1.437500000,0,0.040451773,0.013884578,-0.000063611,0.000083651,0.300000000,0.250000000
3,11,0.437500000,1.437500000,0,0.044784484,0.009506236,0.002259317,0.000112089,0.300000000,0.250000000
4,11,0.562500000,1.437500000,0,0.048620545,0.010184189,0.003122408,0.000138198,0.300000000,0.250000000
5,11,0.687500000,1.437500000,0,0.047046851,0.009782883,0.002332591,0.000164140,0.300000000,0.250000000
6,11,0.812500000,1.437500000,0,0.046025096,0.009075860,0.002012215,0.000191856,0.300000000,0.250000000
7,11,0.937500000,1.437500000,0,0.047393982,0.008937576,0.002389517,0.000223143,0.300000000,0.250000000
8,11,1.062500000,1.437500000,0,0.048711873,0.008987713,0.002486426,0.000260231,0.300000000,0.250000000
9,11,1.187500000,1.437500000,0,0.049166156,0.008371385,0.002299994,0.000305255,0.300000000,0.250000000
10,11,1.312500000,1.437500000,0,0.049637482,0.007584363,0.002288566,0.000360763,0.300000000,0.250000000
11,11,1.437500000,1.437500000,0,0.050318064,0.006680502,0.002362427,0.000430219,0.300000000,0.250000000
12,11,1.562500000,1.437500000,0,0.050779616,0.005508078,0.002335923,0.000517617,0.300000000,0.250000000
13,11,1.687500000,1.437500000,0,0.051019796,0.003918768,0.002294327,0.000627275,0.300000000,0.250000000
14,11,1.812500000,1.437500000,0,0.051303224,0.002014112,0.002275394,0.000764066,0.300000000,0.250000000
15,11,1.937500000,1.437500000,0,0.051655935,-0.000183077,0.002233513,0.000932984,0.300000000,0.250000000
16,11,2.062500000,1.437500000,0,0.052106731,-0.003008102,0.002192414,0.001137250,0.300000000,0.250000000
17,11,2.187500000,1.437500000,0,0.052880412,-0.006783828,0.002082304,0.001376941,0.300000000,0.250000000
18,11,2.312500000,1.437500000,0,0.054198587,-0.010064370,0.001897504,0.001647911,0.300000000,0.250000000
19,11,2.437500000,1.437500000,0,0.057196419,-0.014123571,0.001606344,0.001939998,0.300000000,0.250000000
20,11,2.562500000,1.437500000,0,0.061561963,-0.015408771,0.000949962,0.002255612,0.300000000,0.250000000
21,11,2.687500000,1.437500000,0,0.064453291,-0.014175767,0.000727219,0.002625052,0.300000000,0.250000000
22,11,2.812500000,1.437500000,0,0.064099550,-0.010695616,0.000508550,0.003062182,0.300000000,0.250000000
23,11,2.937500000,1.437500000,0,0.060982237,-0.007855349,0.000315844,0.003622848,0.300000000,0.250000000
24,11,3.062500000,1.437500000,0,0.057488524,-0.005169073,-0.000121686,0.004333623,0.300000000,0.250000000
25,11,3.187500000,1.437500000,0,0.054719062,-0.005581543,-0.000059283,0.005197274,0.300000000,0.250000000
26,11,3.312500000,1.437500000,0,0.053190603,-0.008356918,0.000086928,0.006193382,0.300000000,0.250000000
27,11,3.437500000,1.437500000,0,0.052262423,-0.009416966,-0.000337777,0.007309951,0.300000000,0.250000000
28,11,3.562500000,1.437500000,0,0.051028746,-0.008690859,-0.000634595,0.008572340,0.300000000,0.250000000
29,11,3.687500000,1.437500000,0,0.048650067,-0.003785690,-0.001380681,0.010040100,0.300000000,0.250000000
30,11,3.812500000,1.437500000,0,0.045997235,-0.001947034,-0.001408379,0.011753552,0.300000000,0.250000000
31,11,3.937500000,1.437500000,0,0.044826634,-0.001016263,-0.001445369,0.013691647,0.300000000,0.250000000
32,11,4.062500000,1.437500000,0,0.043998414,-0.000270192,-0.001837753,0.015820698,0.300000000,0.250000000
33,11,4.187500000,1.437500000,0,0.041842967,0.000253149,-0.001493215,0.018033313,0.300000000,0.250000000
34,11,4.312500000,1.437500000,0,0.042076368,-0.000890469,-0.001517384,0.020079563,0.300000000,0.250000000
35,11,4.437500000,1.437500000,0,0.046466188,0.000334017,-0.003045398,0.021873501,0.300000000,0.250000000
36,11,4.562500000,1.437500000,0,0.046205854,0.006717547,-0.002652901,0.022955870,0.300000000,0.250000000
37,11,4.687500000,1.437500000,0,0.039786702,0.001950336,-0.000080575,0.021837091,0.300000000,0.250000000
38,11,4.812500000,1.437500000,0,0.051777043,-0.010542099,-0.002702754,0.014010573,0.300000000,0.250000000
39,11,4.937500000,1.437500000,0,0.080413961,-0.010532236,-0.000000000,0.000000000,0.300000000,0.250000000
0,12,0.062500000,1.562500000,1,0.000000000,0.000000000,0.000000000,0.000000000,0.300000000,0.250000000
1,12,0.187500000,1.562500000,0,0.015571604,0.013480198,0.001813419,0.000147230,0.300000000,0.250000000
2,12,0.312500000,1.562500000,0,0.030406052,0.012462252,0.004211860,0.000175903,0.300000000,0.250000000
3,12,0.437500000,1.562500000,0,0.028737260,0.007706962,0.002082190,0.000206567,0.300000000,0.250000000
4,12,0.562500000,1.562500000,0,0.028297980,0.008479656,0.001526234,0.000234229,0.300000000,0.250000000
5,12,0.687500000,1.562500000,0,0.033014099,0.008315345,0.002440391,0.000264936,0.300000000,0.250000000
6,12,0.812500000,1.562500000,0,0.036362485,0.008041652,0.002630336,0.000301342,0.300000000,0.250000000
7,12,0.937500000,1.562500000,0,0.037137246,0.007895337,0.002313818,0.000343578,0.300000000,0.250000000
8,12,1.062500000,1.562500000,0,0.037984921,0.007913269,0.002290643,0.000393134,0.300000000,0.250000000
9,12,1.187500000,1.562500000,0,0.039381836,0.007550166,0.002425897,0.000453231,0.300000000,0.250000000
10,12,1.312500000,1.562500000,0,0.040417004,0.006932791,0.002421379,0.000527130,0.300000000,0.250000000
11,12,1.437500000,1.562500000,0,0.040984064,0.006101746,0.002374734,0.000617780,0.300000000,0.250000000
12,12,1.562500000,1.562500000,0,0.041470003,0.005065703,0.002400359,0.000728868,0.300000000,0.250000000
13,12,1.687500000,1.562500000,0,0.041899301,0.003658701,0.002406412,0.000865171,0.300000000,0.250000000
14,12,1.812500000,1.562500000,0,0.042088943,0.001842617,0.002386653,0.001031416,0.300000000,0.250000000
15,12,1.937500000,1.562500000,0,0.042112917,-0.000475632,0.002405603,0.001230648,0.300000000,0.250000000
16,12,2.062500000,1.562500000,0,0.042296897,-0.003530374,0.002357384,0.001464081,0.300000000,0.250000000
17,12,2.187500000,1.562500000,0,0.042713182,-0.007321600,0.002213507,0.001731571,0.300000000,0.250000000
18,12,2.312500000,1.562500000,0,0.043910294,-0.012177938,0.002165364,0.002022310,0.300000000,0.250000000
19,12,2.437500000,1.562500000,0,0.047194488,-0.018388304,0.001762536,0.002319057,0.300000000,0.250000000
20,12,2.562500000,1.562500000,0,0.050069825,-0.017848221,0.001020203,0.002632919,0.300000000,0.250000000
21,12,2.687500000,1.562500000,0,0.048903269,-0.014653897,0.001088403,0.003003346,0.300000000,0.250000000
22,12,2.812500000,1.562500000,0,0.044333498,-0.006231995,0.000038307,0.003486998,0.300000000,0.250000000
23,12,2.937500000,1.562500000,0,0.039712956,-0.003735956,-0.000250055,0.004132249,0.300000000,0.250000000
24,12,3.062500000,1.562500000,0,0.036943106,-0.002247570,0.000027669,0.004952269,0.300000000,0.250000000
25,12,3.187500000,1.562500000,0,0.033526960,-0.002544612,0.000190976,0.005915994,0.300000000,0.250000000
26,12,3.312500000,1.562500000,0,0.029128414,-0.005611386,0.000210188,0.006939857,0.300000000,0.250000000
27,12,3.437500000,1.562500000,0,0.026125882,-0.008135383,-0.000106618,0.007984262,0.300000000,0.250000000
28,12,3.562500000,1.562500000,0,0.022235510,-0.004483548,-0.000719614,0.009227120,0.300000000,0.250000000
29,12,3.687500000,1.562500000,0,0.017597913,-0.000988466,-0.001316573,0.010858775,0.300000000,0.250000000
30,12,3.812500000,1.562500000,0,0.016149608,-0.000123423,-0.001828786,0.012722049,0.300000000,0.250000000
31,12,3.937500000,1.562500000,0,0.015314240,-0.000421969,-0.001521220,0.014784550,0.300000000,0.250000000
32,12,4.062500000,1.562500000,0,0.014838781,0.000140563,-0.001213632,0.016969291,0.300000000,0.250000000
33,12,4.187500000,1.562500000,0,0.015924911,0.000669542,-0.001995304,0.019184110,0.300000000,0.250000000
34,12,4.312500000,1.562500000,0,0.015934140,-0.000823061,-0.002532950,0.021349188,0.300000000,0.250000000
35,12,4.437500000,1.562500000,0,0.012739358,-0.001237402,-0.001070155,0.022945472,0.300000000,0.250000000
36,12,4.562500000,1.562500000,0,0.015412248,0.003373751,-0.001404641,0.023213802,0.300000000,0.250000000
37,12,4.687500000,1.562500000,0,0.025609650,0.003249331,-0.005722338,0.021801106,0.300000000,0.250000000
38,12,4.812500000,1.562500000,0,0.016419048,-0.010117426,-0.002828873,0.019520047,0.300000000,0.250000000
39,12,4.937500000,1.562500000,1,0.000000000,0.000000000,0.000000000,0.000000000,0.300000000,0.250000000
0,13,0.062500000,1.687500000,1,0.000000000,0.000000000,0.000000000,0.000000000,0.300000000,0.250000000
1,13,0.187500000,1.687500000,0,0.001993910,0.001392865,0.002067680,0.000290353,0.300000000,0.250000000
2,13,0.312500000,1.687500000,0,0.007784159,0.004409195,0.002262446,0.000303149,0.300000000,0.250000000
3,13,0.437500000,1.687500000,0,0.014893114,0.005626443,0.001853652,0.000325453,0.300000000,0.250000000
4,13,0.562500000,1.687500000,0,0.019946070,0.004886708,0.002297732,0.000358121,0.300000000,0.250000000
5,13,0.687500000,1.687500000,0,0.022886702,0.005024713,0.002574442,0.000397824,0.300000000,0.250000000
6,13,0.812500000,1.687500000,0,0.024554128,0.006382191,0.002412163,0.000443400,0.300000000,0.250000000
7,13,0.937500000,1.687500000,0,0.026306190,0.006540806,0.002275732,0.000497707,0.300000000,0.250000000
8,13,1.062500000,1.687500000,0,0.028327693,0.006313385,0.002382076,0.000563655,0.300000000,0.250000000
9,13,1.187500000,1.687500000,0,0.029906422,0.006308485,0.002479479,0.000643096,0.300000000,0.250000000
10,13,1.312500000,1.687500000,0,0.030878146,0.006133499,0.002444160,0.000738371,0.300000000,0.250000000
11,13,1.437500000,1.687500000,0,0.031580834,0.005477187,0.002423538,0.000852822,0.300000000,0.250000000
12,13,1.562500000,1.687500000,0,0.032216782,0.004544979,0.002464394,0.000990335,0.300000000,0.250000000
13,13,1.687500000,1.687500000,0,0.032609256,0.003375569,0.002482732,0.001154606,0.300000000,0.250000000
14,13,1.812500000,1.687500000,0,0.032664371,0.001765354,0.002496905,0.001348520,0.300000000,0.250000000
15,13,1.937500000,1.687500000,0,0.032574336,-0.000527255,0.002510424,0.001573239,0.300000000,0.250000000
16,13,2.062500000,1.687500000,0,0.032582478,-0.003615339,0.002448241,0.001827766,0.300000000,0.250000000
17,13,2.187500000,1.687500000,0,0.032396495,-0.007437266,0.002390221,0.002107012,0.300000000,0.250000000
18,13,2.312500000,1.687500000,0,0.031575585,-0.013349352,0.002449651,0.002395437,0.300000000,0.250000000
19,13,2.437500000,1.687500000,0,0.030087635,-0.019331156,0.002214163,0.002667851,0.300000000,0.250000000
20,13,2.562500000,1.687500000,0,0.028687295,-0.018512688,0.001631731,0.002923058,0.300000000,0.250000000
21,13,2.687500000,1.687500000,0,0.022998621,-0.007111269,0.000304660,0.003237259,0.300000000,0.250000000
22,13,2.812500000,1.687500000,0,0.015865272,-0.001444757,-0.000302434,0.003788561,0.300000000,0.250000000
23,13,2.937500000,1.687500000,0,0.013137346,-0.000508664,-0.000199207,0.004517161,0.300000000,0.250000000
24,13,3.062500000,1.687500000,0,0.011693949,-0.000407880,0.000231906,0.005397304,0.300000000,0.250000000
25,13,3.187500000,1.687500000,0,0.011063039,-0.000020363,-0.000091967,0.006399593,0.300000000,0.250000000
26,13,3.312500000,1.687500000,0,0.009818880,-0.000905504,-0.000427449,0.007456705,0.300000000,0.250000000
27,13,3.437500000,1.687500000,0,0.004391167,-0.002822330,0.000562741,0.008276904,0.300000000,0.250000000
28,13,3.562500000,1.687500000,1,0.000000000,0.000000000,0.000000000,0.000000000,0.300000000,0.250000000
29,13,3.687500000,1.687500000,1,0.000000000,0.000000000,0.000000000,0.000000000,0.300000000,0.250000000
30,13,3.812500000,1.687500000,1,0.000000000,0.000000000,0.000000000,0.000000000,0.300000000,0.250000000
31,13,3.937500000,1.687500000,1,0.000000000,0.000000000,0.000000000,0.000000000,0.300000000,0.250000000
32,13,4.062500000,1.687500000,1,0.000000000,0.000000000,0.000000000,0.000000000,0.300000000,0.250000000
33,13,4.187500000,1.687500000,1,0.000000000,0.000000000,0.000000000,0.000000000,0.300000000,0.250000000
34,13,4.312500000,1.687500000,1,0.000000000,0.000000000,0.000000000,0.000000000,0.300000000,0.250000000
35,13,4.437500000,1.687500000,1,0.000000000,0.000000000,0.000000000,0.000000000,0.300000000,0.250000000
36,13,4.562500000,1.687500000,1,0.000000000,0.000000000,0.000000000,0.000000000,0.300000000,0.250000000
37,13,4.687500000,1.687500000,1,0.000000000,0.000000000,0.000000000,0.000000000,0.300000000,0.250000000
38,13,4.812500000,1.687500000,1,0.000000000,0.000000000,0.000000000,0.000000000,0.300000000,0.250000000
39,13,4.937500000,1.687500000,1,0.000000000,0.000000000,0.000000000,0.000000000,0.300000000,0.250000000
0,14,0.062500000,1.812500000,1,0.000000000,0.000000000,0.000000000,0.000000000,0.300000000,0.250000000
1,14,0.187500000,1.812500000,0,0.000009494,-0.001172675,0.001733604,0.000426072,0.300000000,0.250000000
2,14,0.312500000,1.812500000,0,0.002888554,-0.002893112,0.001077378,0.000438063,0.300000000,0.250000000
3,14,0.437500000,1.812500000,0,0.008103853,0.001931650,0.002743953,0.000463499,0.300000000,0.250000000
4,14,0.562500000,1.812500000,0,0.011002869,0.002471133,0.002894803,0.000502783,0.300000000,0.250000000
5,14,0.687500000,1.812500000,0,0.012106183,0.002785223,0.002018135,0.000551114,0.300000000,0.250000000
6,14,0.812500000,1.812500000,0,0.014876264,0.003683696,0.002136110,0.000609399,0.300000000,0.250000000
7,14,0.937500000,1.812500000,0,0.018040555,0.004438036,0.002590885,0.000681101,0.300000000,0.250000000
8,14,1.062500000,1.812500000,0,0.019655703,0.004924943,0.002527534,0.000767004,0.300000000,0.250000000
9,14,1.187500000,1.812500000,0,0.020558522,0.005077327,0.002349978,0.000867824,0.300000000,0.250000000
10,14,1.312500000,1.812500000,0,0.021810527,0.005005063,0.002432491,0.000986425,0.300000000,0.250000000
11,14,1.437500000,1.812500000,0,0.022945359,0.004709029,0.002534025,0.001126314,0.300000000,0.250000000
12,14,1.562500000,1.812500000,0,0.023500866,0.004098410,0.002515319,0.001289962,0.300000000,0.250000000
13,14,1.687500000,1.812500000,0,0.023683374,0.003122701,0.002526740,0.001478721,0.300000000,0.250000000
14,14,1.812500000,1.812500000,0,0.023875372,0.001671593,0.002564699,0.001693528,0.300000000,0.250000000
15,14,1.937500000,1.812500000,0,0.023846484,-0.000325593,0.002534304,0.001934077,0.300000000,0.250000000
16,14,2.062500000,1.812500000,0,0.023056587,-0.003007546,0.002583798,0.002194938,0.300000000,0.250000000
17,14,2.187500000,1.812500000,0,0.021570937,-0.006475096,0.002691400,0.002460932,0.300000000,0.250000000
18,14,2.312500000,1.812500000,0,0.019910706,-0.011590968,0.002454156,0.002713534,0.300000000,0.250000000
19,14,2.437500000,1.812500000,0,0.016062309,-0.014583560,0.002155919,0.002940224,0.300000000,0.250000000
20,14,2.562500000,1.812500000,0,0.006664815,-0.011717353,0.002729333,0.003103283,0.300000000,0.250000000
21,14,2.687500000,1.812500000,1,0.000000000,0.000000000,0.000000000,0.000000000,0.300000000,0.250000000
22,14,2.812500000,1.812500000,1,0.000000000,0.000000000,0.000000000,0.000000000,0.300000000,0.250000000
23,14,2.937500000,1.812500000,1,0.000000000,0.000000000,0.000000000,0.000000000,0.300000000,0.250000000
24,14,3.062500000,1.812500000,1,0.000000000,0.000000000,0.000000000,0.000000000,0.300000000,0.250000000
25,14,3.187500000,1.812500000,1,0.000000000,0.000000000,0.000000000,0.000000000,0.300000000,0.250000000
26,14,3.312500000,1.812500000,1,0.000000000,0.000000000,0.000000000,0.000000000,0.300000000,0.250000000
27,14,3.437500000,1.812500000,1,0.000000000,0.000000000,0.000000000,0.000000000,0.300000000,0.250000000
28,14,3.562500000,1.812500000,1,0.000000000,0.000000000,0.000000000,0.000000000,0.300000000,0.250000000
29,14,3.687500000,1.812500000,1,0.000000000,0.000000000,0.000000000,0.000000000,0.300000000,0.250000000
30,14,3.812500000,1.812500000,1,0.000000000,0.000000000,0.000000000,0.000000000,0.300000000,0.250000000
31,14,3.937500000,1.812500000,1,0.000000000,0.000000000,0.000000000,0.000000000,0.300000000,0.250000000
32,14,4.062500000,1.812500000,1,0.000000000,0.000000000,0.000000000,0.000000000,0.300000000,0.250000000
33,14,4.187500000,1.812500000,1,0.000000000,0.000000000,0.000000000,0.000000000,0.300000000,0.250000000
34,14,4.312500000,1.812500000,1,0.000000000,0.000000000,0.000000000,0.000000000,0.300000000,0.250000000
35,14,4.437500000,1.812500000,1,0.000000000,0.000000000,0.000000000,0.000000000,0.300000000,0.250000000
36,14,4.562500000,1.812500000,1,0.000000000,0.000000000,0.000000000,0.000000000,0.300000000,0.250000000
37,14,4.687500000,1.812500000,1,0.000000000,0.000000000,0.000000000,0.000000000,0.300000000,0.250000000
38,14,4.812500000,1.812500000,0,-0.000007462,0.000033349,0.002150684,0.000082540,0.300000000,0.250000000
39,14,4.937500000,1.812500000,1,0.000000000,0.000000000,0.000000000,0.000000000,0.300000000,0.250000000
0,15,0.062500000,1.937500000,1,0.000000000,0.000000000,0.000000000,0.000000000,0.300000000,0.250000000
1,15,0.187500000,1.937500000,0,0.000323411,-0.001794980,0.002286220,0.000550466,0.300000000,0.250000000
2,15,0.312500000,1.937500000,0,-0.000118179,-0.003181498,0.002457617,0.000568107,0.300000000,0.250000000
3,15,0.437500000,1.937500000,0,0.000491048,-0.002167071,0.002336995,0.000603672,0.300000000,0.250000000
4,15,0.562500000,1.937500000,0,0.003600154,-0.000917685,0.002055405,0.000650956,0.300000000,0.250000000
5,15,0.687500000,1.937500000,0,0.006857543,0.000784557,0.002352113,0.000712363,0.300000000,0.250000000
6,15,0.812500000,1.937500000,0,0.008891569,0.001509060,0.002574553,0.000790442,0.300000000,0.250000000
7,15,0.937500000,1.937500000,0,0.010048052,0.002520028,0.002423611,0.000882727,0.300000000,0.250000000
8,15,1.062500000,1.937500000,0,0.011495565,0.003433641,0.002352604,0.000989362,0.300000000,0.250000000
9,15,1.187500000,1.937500000,0,0.013120245,0.003791669,0.002466342,0.001113713,0.300000000,0.250000000
10,15,1.312500000,1.937500000,0,0.014303736,0.003919518,0.002536096,0.001257804,0.300000000,0.250000000
11,15,1.437500000,1.937500000,0,0.014998611,0.003928002,0.002516908,0.001422025,0.300000000,0.250000000
12,15,1.562500000,1.937500000,0,0.015581913,0.003590416,0.002525992,0.001607310,0.300000000,0.250000000
13,15,1.687500000,1.937500000,0,0.016026714,0.002823898,0.002576453,0.001814396,0.300000000,0.250000000
14,15,1.812500000,1.937500000,0,0.016172946,0.001616849,0.002603945,0.002041694,0.300000000,0.250000000
15,15,1.937500000,1.937500000,0,0.015873296,0.000042915,0.002618356,0.002283558,0.300000000,0.250000000
16,15,2.062500000,1.937500000,0,0.015278197,-0.002101487,0.002637280,0.002530169,0.300000000,0.250000000
17,15,2.187500000,1.937500000,0,0.014075692,-0.004758660,0.002603612,0.002766304,0.300000000,0.250000000
18,15,2.312500000,1.937500000,0,0.010960764,-0.007644872,0.002575423,0.002974087,0.300000000,0.250000000
19,15,2.437500000,1.937500000,0,0.005091970,-0.008104429,0.002829633,0.003124109,0.300000000,0.250000000
20,15,2.562500000,1.937500000,0,0.000125587,-0.004084040,0.002936473,0.003185529,0.300000000,0.250000000
21,15,2.687500000,1.937500000,0,-0.000669052,-0.001312692,0.002478959,0.003189885,0.300000000,0.250000000
22,15,2.812500000,1.937500000,1,0.000000000,0.000000000,0.000000000,0.000000000,0.300000000,0.250000000
23,15,2.937500000,1.937500000,0,-0.000138316,0.000135466,0.002565635,0.002288420,0.300000000,0.250000000
24,15,3.062500000,1.937500000,0,-0.000301360,0.000095473,0.002463533,0.002099168,0.300000000,0.250000000
25,15,3.187500000,1.937500000,0,-0.000409770,0.000090668,0.002420881,0.001839618,0.300000000,0.250000000
26,15,3.312500000,1.937500000,0,-0.000412210,0.000070585,0.002402996,0.001571890,0.300000000,0.250000000
27,15,3.437500000,1.937500000,0,-0.000401585,0.000073879,0.002360464,0.001314716,0.300000000,0.250000000
28,15,3.562500000,1.937500000,0,-0.000343760,0.000063964,0.002315560,0.001078742,0.300000000,0.250000000
29,15,3.687500000,1.937500000,0,-0.000291040,0.000065587,0.002286429,0.000869530,0.300000000,0.250000000
30,15,3.812500000,1.937500000,0,-0.000226180,0.000062999,0.002257954,0.000689214,0.300000000,0.250000000
31,15,3.937500000,1.937500000,0,-0.000173781,0.000055242,0.002223847,0.000537711,0.300000000,0.250000000
32,15,4.062500000,1.937500000,0,-0.000110768,0.000049673,0.002191280,0.000413412,0.300000000,0.250000000
33,15,4.187500000,1.937500000,0,-0.000073184,0.000048071,0.002168128,0.000313879,0.300000000,0.250000000
34,15,4.312500000,1.937500000,0,-0.000042909,0.000040582,0.002147820,0.000236237,0.300000000,0.250000000
35,15,4.437500000,1.937500000,0,-0.000015780,0.000026258,0.002119404,0.000177583,0.300000000,0.250000000
36,15,4.562500000,1.937500000,0,-0.000009725,0.000039064,0.002098767,0.000135143,0.300000000,0.250000000
37,15,4.687500000,1.937500000,0,-0.000056267,0.000059377,0.002091453,0.000106029,0.300000000,0.250000000
38,15,4.812500000,1.937500000,0,-0.000040624,0.000044532,0.002083386,0.000089389,0.300000000,0.250000000
39,15,4.937500000,1.937500000,1,0.000000000,0.000000000,0.000000000,0.000000000,0.300000000,0.250000000
0,16,0.062500000,2.062500000,1,0.000000000,0.000000000,0.000000000,0.000000000,0.300000000,0.250000000
1,16,0.187500000,2.062500000,0,-0.000259035,-0.001804946,0.002351603,0.000662762,0.300000000,0.250000000
2,16,0.312500000,2.062500000,0,-0.000247734,-0.002690654,0.002650428,0.000686607,0.300000000,0.250000000
3,16,0.437500000,2.062500000,0,0.000291495,-0.004185294,0.002085879,0.000730446,0.300000000,0.250000000
4,16,0.562500000,2.062500000,0,0.001090696,-0.002788175,0.002194679,0.000792311,0.300000000,0.250000000
5,16,0.687500000,2.062500000,0,0.002282160,-0.000814837,0.002657462,0.000873358,0.300000000,0.250000000
6,16,0.812500000,2.062500000,0,0.003253570,0.000162576,0.002457548,0.000971243,0.300000000,0.250000000
7,16,0.937500000,2.062500000,0,0.004326305,0.001091644,0.002264311,0.001084585,0.300000000,0.250000000
8,16,1.062500000,2.062500000,0,0.005825546,0.001934645,0.002466672,0.001215722,0.300000000,0.250000000
9,16,1.187500000,2.062500000,0,0.006975153,0.002648832,0.002583887,0.001365442,0.300000000,0.250000000
10,16,1.312500000,2.062500000,0,0.007690149,0.003066727,0.002495210,0.001532740,0.300000000,0.250000000
11,16,1.437500000,2.062500000,0,0.008381105,0.003146538,0.002495333,0.001717489,0.300000000,0.250000000
12,16,1.562500000,2.062500000,0,0.009134274,0.002946600,0.002594477,0.001919858,0.300000000,0.250000000
13,16,1.687500000,2.062500000,0,0.009609288,0.002457904,0.002609222,0.002137764,0.300000000,0.250000000
14,16,1.812500000,2.062500000,0,0.009727038,0.001616897,0.002596015,0.002366306,0.300000000,0.250000000
15,16,1.937500000,2.062500000,0,0.009442886,0.000428983,0.002667937,0.002596640,0.300000000,0.250000000
16,16,2.062500000,2.062500000,0,0.008862732,-0.001286982,0.002682576,0.002816478,0.300000000,0.250000000
17,16,2.187500000,2.062500000,0,0.007626700,-0.003065614,0.002595496,0.003010169,0.300000000,0.250000000
18,16,2.312500000,2.062500000,0,0.005312224,-0.003815730,0.002638724,0.003157883,0.300000000,0.250000000
19,16,2.437500000,2.062500000,0,0.002091490,-0.003635719,0.002832229,0.003233369,0.300000000,0.250000000
20,16,2.562500000,2.062500000,0,-0.000040440,-0.002084050,0.002771660,0.003217301,0.300000000,0.250000000
21,16,2.687500000,2.062500000,0,-0.000832316,-0.001740834,0.002376569,0.003072521,0.300000000,0.250000000
22,16,2.812500000,2.062500000,0,-0.000835840,0.000082031,0.002622380,0.002760592,0.300000000,0.250000000
23,16,2.937500000,2.062500000,0,-0.000776298,0.000464238,0.002641374,0.002402387,0.300000000,0.250000000
24,16,3.062500000,2.062500000,0,-0.001179380,0.000536542,0.002442503,0.002113440,0.300000000,0.250000000
25,16,3.187500000,2.062500000,0,-0.001391124,0.000262166,0.002396989,0.001840235,0.300000000,0.250000000
26,16,3.312500000,2.062500000,0,-0.001254779,0.000153089,0.002410867,0.001567201,0.300000000,0.250000000
27,16,3.437500000,2.062500000,0,-0.001157222,0.000181558,0.002365872,0.001309117,0.300000000,0.250000000
28,16,3.562500000,2.062500000,0,-0.001063405,0.000146847,0.002305038,0.001073331,0.300000000,0.250000000
29,16,3.687500000,2.062500000,0,-0.000921375,0.000109530,0.002280238,0.000864861,0.300000000,0.250000000
30,16,3.812500000,2.062500000,0,-0.000735114,0.000106962,0.002256376,0.000685455,0.300000000,0.250000000
31,16,3.937500000,2.062500000,0,-0.000591671,0.000104182,0.002217912,0.000534821,0.300000000,0.250000000
32,16,4.062500000,2.062500000,0,-0.000460910,0.000094976,0.002189321,0.000411261,0.300000000,0.250000000
33,16,4.187500000,2.062500000,0,-0.000342204,0.000086130,0.002170465,0.000312343,0.300000000,0.250000000
34,16,4.312500000,2.062500000,0,-0.000225044,0.000074485,0.002143373,0.000235222,0.300000000,0.250000000
35,16,4.437500000,2.062500000,0,-0.000159083,0.000078218,0.002117962,0.000177045,0.300000000,0.250000000
36,16,4.562500000,2.062500000,0,-0.000135181,0.000107572,0.002111038,0.000135149,0.300000000,0.250000000
37,16,4.687500000,2.062500000,0,-0.000088144,0.000112863,0.002099696,0.000107635,0.300000000,0.250000000
38,16,4.812500000,2.062500000,0,-0.000018780,0.000017778,0.002079590,0.000094011,0.300000000,0.250000000
39,16,4.937500000,2.062500000,1,0.000000000,0.000000000,0.000000000,0.000000000,0.300000000,0.250000000
0,17,0.062500000,2.187500000,1,0.000000000,0.000000000,0.000000000,0.000000000,0.300000000,0.250000000
1,17,0.187500000,2.187500000,0,-0.000068816,-0.001314275,0.002388854,0.000759987,0.300000000,0.250000000
2,17,0.312500000,2.187500000,0,-0.000184003,-0.003346334,0.002264091,0.000789095,0.300000000,0.250000000
3,17,0.437500000,2.187500000,0,-0.000657726,-0.003587882,0.002416325,0.000842308,0.300000000,0.250000000
4,17,0.562500000,2.187500000,0,-0.001199518,-0.002768369,0.002569278,0.000920366,0.300000000,0.250000000
5,17,0.687500000,2.187500000,0,-0.001033247,-0.002144090,0.002337003,0.001019840,0.300000000,0.250000000
6,17,0.812500000,2.187500000,0,-0.000158795,-0.000910249,0.002306477,0.001137404,0.300000000,0.250000000
7,17,0.937500000,2.187500000,0,0.000746124,0.000248060,0.002540842,0.001274685,0.300000000,0.250000000
8,17,1.062500000,2.187500000,0,0.001307320,0.001001128,0.002550772,0.001430917,0.300000000,0.250000000
9,17,1.187500000,2.187500000,0,0.001834900,0.001704463,0.002448005,0.001602954,0.300000000,0.250000000
10,17,1.312500000,2.187500000,0,0.002702701,0.002199888,0.002503486,0.001790240,0.300000000,0.250000000
11,17,1.437500000,2.187500000,0,0.003507172,0.002403851,0.002596108,0.001992515,0.300000000,0.250000000
12,17,1.562500000,2.187500000,0,0.004029972,0.002364875,0.002597843,0.002206606,0.300000000,0.250000000
13,17,1.687500000,2.187500000,0,0.004334461,0.002071893,0.002601879,0.002426923,0.300000000,0.250000000
14,17,1.812500000,2.187500000,0,0.004620225,0.001468423,0.002645416,0.002646850,0.300000000,0.250000000
15,17,1.937500000,2.187500000,0,0.004704757,0.000584076,0.002647049,0.002857035,0.300000000,0.250000000
16,17,2.062500000,2.187500000,0,0.004267154,-0.000450694,0.002635201,0.003044310,0.300000000,0.250000000
17,17,2.187500000,2.187500000,0,0.002926283,-0.001360860,0.002716382,0.003191015,0.300000000,0.250000000
18,17,2.312500000,2.187500000,0,0.001348637,-0.001612631,0.002755933,0.003277520,0.300000000,0.250000000
19,17,2.437500000,2.187500000,0,0.000123580,-0.001895237,0.002573696,0.003287934,0.300000000,0.250000000
20,17,2.562500000,2.187500000,0,-0.000758925,-0.001539728,0.002554567,0.003204238,0.300000000,0.250000000
21,17,2.687500000,2.187500000,0,-0.001582840,-0.000398413,0.002714633,0.003014082,0.300000000,0.250000000
22,17,2.812500000,2.187500000,0,-0.002206157,0.000091897,0.002614697,0.002752518,0.300000000,0.250000000
23,17,2.937500000,2.187500000,0,-0.002395721,0.000508510,0.002438212,0.002446396,0.300000000,0.250000000
24,17,3.062500000,2.187500000,0,-0.002069489,0.000731151,0.002479143,0.002131958,0.300000000,0.250000000
25,17,3.187500000,2.187500000,0,-0.001864819,0.000345656,0.002468421,0.001838037,0.300000000,0.250000000
26,17,3.312500000,2.187500000,0,-0.001848418,0.000213679,0.002375998,0.001559623,0.300000000,0.250000000
27,17,3.437500000,2.187500000,0,-0.001743463,0.000188457,0.002333628,0.001299547,0.300000000,0.250000000
28,17,3.562500000,2.187500000,0,-0.001505496,0.000138372,0.002318911,0.001064369,0.300000000,0.250000000
29,17,3.687500000,2.187500000,0,-0.001318643,0.000093429,0.002280523,0.000857231,0.300000000,0.250000000
30,17,3.812500000,2.187500000,0,-0.001139269,0.000087803,0.002238778,0.000679243,0.300000000,0.250000000
31,17,3.937500000,2.187500000,0,-0.000955128,0.000083986,0.002214324,0.000529970,0.300000000,0.250000000
32,17,4.062500000,2.187500000,0,-0.000766228,0.000073653,0.002192540,0.000407635,0.300000000,0.250000000
33,17,4.187500000,2.187500000,0,-0.000605429,0.000062853,0.002163103,0.000309740,0.300000000,0.250000000
34,17,4.312500000,2.187500000,0,-0.000463111,0.000054627,0.002139299,0.000233473,0.300000000,0.250000000
35,17,4.437500000,2.187500000,0,-0.000348907,0.000084603,0.002127282,0.000176054,0.300000000,0.250000000
36,17,4.562500000,2.187500000,0,-0.000229591,0.000097885,0.002112303,0.000135046,0.300000000,0.250000000
37,17,4.687500000,2.187500000,0,-0.000109575,0.000057848,0.002096932,0.000108657,0.300000000,0.250000000
38,17,4.812500000,2.187500000,0,-0.000022471,0.000018296,0.002093778,0.000095698,0.300000000,0.250000000
39,17,4.937500000,2.187500000,1,0.000000000,0.000000000,0.000000000,0.000000000,0.300000000,0.250000000
0,18,0.062500000,2.312500000,1,0.000000000,0.000000000,0.000000000,0.000000000,0.300000000,0.250000000
1,18,0.187500000,2.312500000,0,-0.000106843,-0.001010771,0.002439306,0.000841355,0.300000000,0.250000000
2,18,0.312500000,2.312500000,0,-0.000749526,-0.002888724,0.002295662,0.000873818,0.300000000,0.250000000
3,18,0.437500000,2.312500000,0,-0.001485841,-0.002783150,0.002526589,0.000937127,0.300000000,0.250000000
4,18,0.562500000,2.312500000,0,-0.001835700,-0.002687788,0.002482015,0.001028262,0.300000000,0.250000000
5,18,0.687500000,2.312500000,0,-0.002208048,-0.002302066,0.002318952,0.001143423,0.300000000,0.250000000
6,18,0.812500000,2.312500000,0,-0.002331699,-0.001195706,0.002486704,0.001281890,0.300000000,0.250000000
7,18,0.937500000,2.312500000,0,-0.002199458,-0.000288558,0.002564271,0.001441561,0.300000000,0.250000000
8,18,1.062500000,2.312500000,0,-0.001888678,0.000411445,0.002450343,0.001618186,0.300000000,0.250000000
9,18,1.187500000,2.312500000,0,-0.001385207,0.001009216,0.002480403,0.001809890,0.300000000,0.250000000
10,18,1.312500000,2.312500000,0,-0.000775765,0.001459206,0.002597960,0.002015333,0.300000000,0.250000000
11,18,1.437500000,2.312500000,0,-0.000303313,0.001745786,0.002599682,0.002230204,0.300000000,0.250000000
12,18,1.562500000,2.312500000,0,0.000193467,0.001794216,0.002568593,0.002449155,0.300000000,0.250000000
13,18,1.687500000,2.312500000,0,0.000660080,0.001614004,0.002622260,0.002666405,0.300000000,0.250000000
14,18,1.812500000,2.312500000,0,0.000975781,0.001210973,0.002675899,0.002873729,0.300000000,0.250000000
15,18,1.937500000,2.312500000,0,0.000967147,0.000620488,0.002656262,0.003059625,0.300000000,0.250000000
16,18,2.062500000,2.312500000,0,0.000719416,0.000106804,0.002646668,0.003211106,0.300000000,0.250000000
17,18,2.187500000,2.312500000,0,0.000168092,-0.000349458,0.002686446,0.003313482,0.300000000,0.250000000
18,18,2.312500000,2.312500000,0,-0.000496355,-0.000693974,0.002694039,0.003350841,0.300000000,0.250000000
19,18,2.437500000,2.312500000,0,-0.001303727,-0.000829336,0.002611636,0.003309812,0.300000000,0.250000000
20,18,2.562500000,2.312500000,0,-0.002231090,-0.000668963,0.002606683,0.003187388,0.300000000,0.250000000
21,18,2.687500000,2.312500000,0,-0.002776618,0.000164807,0.002682191,0.002990462,0.300000000,0.250000000
22,18,2.812500000,2.312500000,0,-0.002825017,0.000148374,0.002505224,0.002730476,0.300000000,0.250000000
23,18,2.937500000,2.312500000,0,-0.002711050,0.000451379,0.002463576,0.002435053,0.300000000,0.250000000
24,18,3.062500000,2.312500000,0,-0.002360197,0.000511820,0.002516474,0.002130610,0.300000000,0.250000000
25,18,3.187500000,2.312500000,0,-0.002191238,0.000367829,0.002437451,0.001831553,0.300000000,0.250000000
26,18,3.312500000,2.312500000,0,-0.002071942,0.000271889,0.002358567,0.001548830,0.300000000,0.250000000
27,18,3.437500000,2.312500000,0,-0.001865729,0.000131332,0.002341569,0.001288459,0.300000000,0.250000000
28,18,3.562500000,2.312500000,0,-0.001630663,0.000093540,0.002317454,0.001054229,0.300000000,0.250000000
29,18,3.687500000,2.312500000,0,-0.001455939,0.000081874,0.002268830,0.000848570,0.300000000,0.250000000
30,18,3.812500000,2.312500000,0,-0.001260852,0.000055145,0.002234569,0.000672197,0.300000000,0.250000000
31,18,3.937500000,2.312500000,0,-0.001057125,0.000033997,0.002214472,0.000524466,0.300000000,0.250000000
32,18,4.062500000,2.312500000,0,-0.000858047,0.000027875,0.002186344,0.000403479,0.300000000,0.250000000
33,18,4.187500000,2.312500000,0,-0.000692471,0.000025138,0.002157620,0.000306720,0.300000000,0.250000000
34,18,4.312500000,2.312500000,0,-0.000544745,0.000019705,0.002142949,0.000231399,0.300000000,0.250000000
35,18,4.437500000,2.312500000,0,-0.000401664,0.000030073,0.002129663,0.000174813,0.300000000,0.250000000
36,18,4.562500000,2.312500000,0,-0.000243789,0.000024861,0.002107047,0.000134572,0.300000000,0.250000000
37,18,4.687500000,2.312500000,0,-0.000118632,-0.000001969,0.002097206,0.000108792,0.300000000,0.250000000
38,18,4.812500000,2.312500000,0,-0.000032962,0.000010698,0.002103916,0.000096218,0.300000000,0.250000000
39,18,4.937500000,2.312500000,1,0.000000000,0.000000000,0.000000000,0.000000000,0.300000000,0.250000000
0,19,0.062500000,2.437500000,1,0.000000000,0.000000000,0.000000000,0.000000000,0.300000000,0.250000000
1,19,0.187500000,2.437500000,0,-0.000070000,-0.000750431,0.002474863,0.000905831,0.300000000,0.250000000
2,19,0.312500000,2.437500000,0,-0.000724934,-0.001700686,0.002555663,0.000941642,0.300000000,0.250000000
3,19,0.437500000,2.437500000,0,-0.001645022,-0.002245316,0.002427583,0.001011881,0.300000000,0.250000000
4,19,0.562500000,2.437500000,0,-0.002364874,-0.002281107,0.002353442,0.001112857,0.300000000,0.250000000
5,19,0.687500000,2.437500000,0,-0.003045765,-0.001589801,0.002529682,0.001242386,0.300000000,0.250000000
6,19,0.812500000,2.437500000,0,-0.003528511,-0.001057403,0.002543218,0.001398036,0.300000000,0.250000000
7,19,0.937500000,2.437500000,0,-0.003747731,-0.000574118,0.002414863,0.001574433,0.300000000,0.250000000
8,19,1.062500000,2.437500000,0,-0.003588184,0.000087042,0.002494713,0.001768269,0.300000000,0.250000000
9,19,1.187500000,2.437500000,0,-0.003339577,0.000592026,0.002607483,0.001977100,0.300000000,0.250000000
10,19,1.312500000,2.437500000,0,-0.003075389,0.000921898,0.002565517,0.002195695,0.300000000,0.250000000
11,19,1.437500000,2.437500000,0,-0.002707726,0.001148348,0.002552944,0.002417993,0.300000000,0.250000000
12,19,1.562500000,2.437500000,0,-0.002191318,0.001220582,0.002633156,0.002638621,0.300000000,0.250000000
13,19,1.687500000,2.437500000,0,-0.001777078,0.001128851,0.002657768,0.002850240,0.300000000,0.250000000
14,19,1.812500000,2.437500000,0,-0.001487237,0.000914614,0.002627747,0.003042996,0.300000000,0.250000000
15,19,1.937500000,2.437500000,0,-0.001434158,0.000611669,0.002662334,0.003205412,0.300000000,0.250000000
16,19,2.062500000,2.437500000,0,-0.001515724,0.000307849,0.002711637,0.003325186,0.300000000,0.250000000
17,19,2.187500000,2.437500000,0,-0.001694704,-0.000003168,0.002650126,0.003390139,0.300000000,0.250000000
18,19,2.312500000,2.437500000,0,-0.002000148,-0.000282312,0.002607417,0.003389875,0.300000000,0.250000000
19,19,2.437500000,2.437500000,0,-0.002487378,-0.000142035,0.002692558,0.003316780,0.300000000,0.250000000
20,19,2.562500000,2.437500000,0,-0.002859337,-0.000023943,0.002648772,0.003171630,0.300000000,0.250000000
21,19,2.687500000,2.437500000,0,-0.002994473,0.000036295,0.002519326,0.002963180,0.300000000,0.250000000
22,19,2.812500000,2.437500000,0,-0.002920910,0.000252810,0.002534180,0.002703903,0.300000000,0.250000000
23,19,2.937500000,2.437500000,0,-0.002831483,0.000443377,0.002571218,0.002415516,0.300000000,0.250000000
24,19,3.062500000,2.437500000,0,-0.002681040,0.000287272,0.002445065,0.002115538,0.300000000,0.250000000
25,19,3.187500000,2.437500000,0,-0.002440843,0.000265824,0.002380472,0.001818689,0.300000000,0.250000000
26,19,3.312500000,2.437500000,0,-0.002092566,0.000196030,0.002399195,0.001536897,0.300000000,0.250000000
27,19,3.437500000,2.437500000,0,-0.001883042,0.000086308,0.002353759,0.001277583,0.300000000,0.250000000
28,19,3.562500000,2.437500000,0,-0.001718191,0.000051312,0.002286984,0.001044559,0.300000000,0.250000000
29,19,3.687500000,2.437500000,0,-0.001495941,0.000025706,0.002262203,0.000840378,0.300000000,0.250000000
30,19,3.812500000,2.437500000,0,-0.001251160,0.000001155,0.002244105,0.000665633,0.300000000,0.250000000
31,19,3.937500000,2.437500000,0,-0.001060327,-0.000013652,0.002207433,0.000519345,0.300000000,0.250000000
32,19,4.062500000,2.437500000,0,-0.000877609,-0.000020508,0.002176898,0.000399577,0.300000000,0.250000000
33,19,4.187500000,2.437500000,0,-0.000701708,-0.000022065,0.002161719,0.000303849,0.300000000,0.250000000
34,19,4.312500000,2.437500000,0,-0.000535398,-0.000025780,0.002143518,0.000229391,0.300000000,0.250000000
35,19,4.437500000,2.437500000,0,-0.000390972,-0.000036817,0.002121407,0.000173519,0.300000000,0.250000000
36,19,4.562500000,2.437500000,0,-0.000253693,-0.000043894,0.002111478,0.000133849,0.300000000,0.250000000
37,19,4.687500000,2.437500000,0,-0.000135080,-0.000035172,0.002106539,0.000108493,0.300000000,0.250000000
38,19,4.812500000,2.437500000,0,-0.000038913,-0.000016274,0.002098154,0.000096149,0.300000000,0.250000000
39,19,4.937500000,2.437500000,1,0.000000000,0.000000000,0.000000000,0.000000000,0.300000000,0.250000000
0,20,0.062500000,2.562500000,1,0.000000000,0.000000000,0.000000000,0.000000000,0.300000000,0.250000000
1,20,0.187500000,2.562500000,0,-0.000127245,-0.000430266,0.002483423,0.000953764,0.300000000,0.250000000
2,20,0.312500000,2.562500000,0,-0.000543961,-0.000941138,0.002511125,0.000991942,0.300000000,0.250000000
3,20,0.437500000,2.562500000,0,-0.001315564,-0.001397602,0.002417836,0.001066173,0.300000000,0.250000000
4,20,0.562500000,2.562500000,0,-0.002286360,-0.001340155,0.002462057,0.001174695,0.300000000,0.250000000
5,20,0.687500000,2.562500000,0,-0.003072457,-0.000995057,0.002534100,0.001314700,0.300000000,0.250000000
6,20,0.812500000,2.562500000,0,-0.003577438,-0.000780121,0.002455262,0.001481327,0.300000000,0.250000000
7,20,0.937500000,2.562500000,0,-0.003961145,-0.000395401,0.002474674,0.001670183,0.300000000,0.250000000
8,20,1.062500000,2.562500000,0,-0.004102801,-0.000006891,0.002578090,0.001877741,0.300000000,0.250000000
9,20,1.187500000,2.562500000,0,-0.004109967,0.000289142,0.002564674,0.002098093,0.300000000,0.250000000
10,20,1.312500000,2.562500000,0,-0.003908916,0.000513654,0.002542833,0.002324790,0.300000000,0.250000000
11,20,1.437500000,2.562500000,0,-0.003579927,0.000654356,0.002607943,0.002552222,0.300000000,0.250000000
12,20,1.562500000,2.562500000,0,-0.003240056,0.000726795,0.002651472,0.002773296,0.300000000,0.250000000
13,20,1.687500000,2.562500000,0,-0.003001452,0.000697655,0.002639962,0.002978386,0.300000000,0.250000000
14,20,1.812500000,2.562500000,0,-0.002738221,0.000586903,0.002646075,0.003157677,0.300000000,0.250000000
15,20,1.937500000,2.562500000,0,-0.002560187,0.000450913,0.002672338,0.003301014,0.300000000,0.250000000
16,20,2.062500000,2.562500000,0,-0.002505741,0.000255812,0.002678272,0.003397039,0.300000000,0.250000000
17,20,2.187500000,2.562500000,0,-0.002612743,0.000109567,0.002663357,0.003434992,0.300000000,0.250000000
18,20,2.312500000,2.562500000,0,-0.002793578,0.000022486,0.002645221,0.003408264,0.300000000,0.250000000
19,20,2.437500000,2.562500000,0,-0.002992231,0.000031728,0.002649691,0.003314583,0.300000000,0.250000000
20,20,2.562500000,2.562500000,0,-0.003023718,0.000100066,0.002611896,0.003155012,0.300000000,0.250000000
21,20,2.687500000,2.562500000,0,-0.003069562,0.000065709,0.002549371,0.002938776,0.300000000,0.250000000
22,20,2.812500000,2.562500000,0,-0.003019055,0.000241201,0.002566424,0.002680544,0.300000000,0.250000000
23,20,2.937500000,2.562500000,0,-0.002804667,0.000235005,0.002509579,0.002395579,0.300000000,0.250000000
24,20,3.062500000,2.562500000,0,-0.002542964,0.000163454,0.002426710,0.002098884,0.300000000,0.250000000
25,20,3.187500000,2.562500000,0,-0.002291220,0.000134118,0.002424178,0.001805479,0.300000000,0.250000000
26,20,3.312500000,2.562500000,0,-0.002037173,0.000064974,0.002392076,0.001526299,0.300000000,0.250000000
27,20,3.437500000,2.562500000,0,-0.001842966,0.000044533,0.002324598,0.001268426,0.300000000,0.250000000
28,20,3.562500000,2.562500000,0,-0.001605430,-0.000003463,0.002291349,0.001036802,0.300000000,0.250000000
29,20,3.687500000,2.562500000,0,-0.001367316,-0.000045675,0.002271712,0.000834057,0.300000000,0.250000000
30,20,3.812500000,2.562500000,0,-0.001159584,-0.000045881,0.002234694,0.000660553,0.300000000,0.250000000
31,20,3.937500000,2.562500000,0,-0.000975921,-0.000051941,0.002199757,0.000515341,0.300000000,0.250000000
32,20,4.062500000,2.562500000,0,-0.000785585,-0.000067054,0.002180767,0.000396516,0.300000000,0.250000000
33,20,4.187500000,2.562500000,0,-0.000615899,-0.000071995,0.002162207,0.000301574,0.300000000,0.250000000
34,20,4.312500000,2.562500000,0,-0.000463038,-0.000070690,0.002137445,0.000227754,0.300000000,0.250000000
35,20,4.437500000,2.562500000,0,-0.000340631,-0.000078156,0.002121154,0.000172394,0.300000000,0.250000000
36,20,4.562500000,2.562500000,0,-0.000234410,-0.000094249,0.002117430,0.000133124,0.300000000,0.250000000
37,20,4.687500000,2.562500000,0,-0.000128303,-0.000079229,0.002107746,0.000108048,0.300000000,0.250000000
38,20,4.812500000,2.562500000,0,-0.000034911,-0.000041353,0.002095321,0.000095847,0.300000000,0.250000000
39,20,4.937500000,2.562500000,1,0.000000000,0.000000000,0.000000000,0.000000000,0.300000000,0.250000000
0,21,0.062500000,2.687500000,1,0.000000000,0.000000000,0.000000000,0.000000000,0.300000000,0.250000000
1,21,0.187500000,2.687500000,0,-0.000063201,-0.000140969,0.002487524,0.000985489,0.300000000,0.250000000
2,21,0.312500000,2.687500000,0,-0.000359236,-0.000478812,0.002408368,0.001024740,0.300000000,0.250000000
3,21,0.437500000,2.687500000,0,-0.000957150,-0.000481242,0.002490016,0.001101649,0.300000000,0.250000000
4,21,0.562500000,2.687500000,0,-0.001625818,-0.000481783,0.002533097,0.001214551,0.300000000,0.250000000
5,21,0.687500000,2.687500000,0,-0.002239553,-0.000492972,0.002422714,0.001359823,0.300000000,0.250000000
6,21,0.812500000,2.687500000,0,-0.002697687,-0.000339881,0.002459742,0.001533115,0.300000000,0.250000000
7,21,0.937500000,2.687500000,0,-0.003044084,-0.000109126,0.002580845,0.001730256,0.300000000,0.250000000
8,21,1.062500000,2.687500000,0,-0.003247005,-0.000008266,0.002538459,0.001945549,0.300000000,0.250000000
9,21,1.187500000,2.687500000,0,-0.003322340,0.000127792,0.002509142,0.002172331,0.300000000,0.250000000
10,21,1.312500000,2.687500000,0,-0.003203355,0.000232731,0.002609512,0.002404651,0.300000000,0.250000000
11,21,1.437500000,2.687500000,0,-0.003073524,0.000297489,0.002647667,0.002635291,0.300000000,0.250000000
12,21,1.562500000,2.687500000,0,-0.002906346,0.000349796,0.002606611,0.002855387,0.300000000,0.250000000
13,21,1.687500000,2.687500000,0,-0.002723365,0.000348265,0.002633021,0.003055590,0.300000000,0.250000000
14,21,1.812500000,2.687500000,0,-0.002541221,0.000290794,0.002695577,0.003226176,0.300000000,0.250000000
15,21,1.937500000,2.687500000,0,-0.002449693,0.000238319,0.002676545,0.003356565,0.300000000,0.250000000
16,21,2.062500000,2.687500000,0,-0.002400207,0.000162522,0.002633974,0.003436780,0.300000000,0.250000000
17,21,2.187500000,2.687500000,0,-0.002456280,0.000111537,0.002677071,0.003458529,0.300000000,0.250000000
18,21,2.312500000,2.687500000,0,-0.002496931,0.000108514,0.002687526,0.003416295,0.300000000,0.250000000
19,21,2.437500000,2.687500000,0,-0.002535830,0.000020342,0.002595824,0.003309515,0.300000000,0.250000000
20,21,2.562500000,2.687500000,0,-0.002523411,0.000042108,0.002587306,0.003142130,0.300000000,0.250000000
21,21,2.687500000,2.687500000,0,-0.002494485,0.000120401,0.002618907,0.002922719,0.300000000,0.250000000
22,21,2.812500000,2.687500000,0,-0.002381118,0.000092293,0.002539885,0.002664432,0.300000000,0.250000000
23,21,2.937500000,2.687500000,0,-0.002209496,0.000037237,0.002454314,0.002381022,0.300000000,0.250000000
24,21,3.062500000,2.687500000,0,-0.001979732,0.000069282,0.002478399,0.002087350,0.300000000,0.250000000
25,21,3.187500000,2.687500000,0,-0.001785893,0.000018111,0.002442535,0.001796747,0.300000000,0.250000000
26,21,3.312500000,2.687500000,0,-0.001608780,-0.000024472,0.002349203,0.001519161,0.300000000,0.250000000
27,21,3.437500000,2.687500000,0,-0.001386434,-0.000035576,0.002326215,0.001262599,0.300000000,0.250000000
28,21,3.562500000,2.687500000,0,-0.001142866,-0.000072562,0.002316063,0.001032175,0.300000000,0.250000000
29,21,3.687500000,2.687500000,0,-0.000976547,-0.000082132,0.002264826,0.000830296,0.300000000,0.250000000
30,21,3.812500000,2.687500000,0,-0.000811778,-0.000079073,0.002222617,0.000657470,0.300000000,0.250000000
31,21,3.937500000,2.687500000,0,-0.000631418,-0.000089462,0.002206846,0.000512890,0.300000000,0.250000000
32,21,4.062500000,2.687500000,0,-0.000471252,-0.000093977,0.002185015,0.000394616,0.300000000,0.250000000
33,21,4.187500000,2.687500000,0,-0.000355552,-0.000090688,0.002154231,0.000300121,0.300000000,0.250000000
34,21,4.312500000,2.687500000,0,-0.000254285,-0.000086701,0.002136820,0.000226669,0.300000000,0.250000000
35,21,4.437500000,2.687500000,0,-0.000171307,-0.000081696,0.002127778,0.000171608,0.300000000,0.250000000
36,21,4.562500000,2.687500000,0,-0.000112123,-0.000094791,0.002111416,0.000132570,0.300000000,0.250000000
37,21,4.687500000,2.687500000,0,-0.000071695,-0.000095234,0.002101921,0.000107655,0.300000000,0.250000000
38,21,4.812500000,2.687500000,0,-0.000025760,-0.000044893,0.002104507,0.000095535,0.300000000,0.250000000
39,21,4.937500000,2.687500000,1,0.000000000,0.000000000,0.000000000,0.000000000,0.300000000,0.250000000
0,22,0.062500000,2.812500000,1,0.000000000,0.000000000,0.000000000,0.000000000,0.300000000,0.250000000
1,22,0.187500000,2.812500000,0,-0.000008002,-0.000017425,0.002469133,0.001001346,0.300000000,0.250000000
2,22,0.312500000,2.812500000,0,-0.000141570,-0.000107441,0.002458510,0.001040989,0.300000000,0.250000000
3,22,0.437500000,2.812500000,0,-0.000356234,-0.000049353,0.002487598,0.001119224,0.300000000,0.250000000
4,22,0.562500000,2.812500000,0,-0.000533024,-0.000080468,0.002450370,0.001233665,0.300000000,0.250000000
5,22,0.687500000,2.812500000,0,-0.000793064,-0.000085799,0.002444124,0.001381094,0.300000000,0.250000000
6,22,0.812500000,2.812500000,0,-0.001005940,-0.000038433,0.002526694,0.001557573,0.300000000,0.250000000
7,22,0.937500000,2.812500000,0,-0.001164582,-0.000005793,0.002521450,0.001757916,0.300000000,0.250000000
8,22,1.062500000,2.812500000,0,-0.001228158,0.000014163,0.002500115,0.001976166,0.300000000,0.250000000
9,22,1.187500000,2.812500000,0,-0.001260447,0.000053329,0.002578159,0.002206304,0.300000000,0.250000000
10,22,1.312500000,2.812500000,0,-0.001251872,0.000052530,0.002620101,0.002441358,0.300000000,0.250000000
11,22,1.437500000,2.812500000,0,-0.001251191,0.000071700,0.002600824,0.002672977,0.300000000,0.250000000
12,22,1.562500000,2.812500000,0,-0.001166817,0.000096808,0.002630538,0.002892456,0.300000000,0.250000000
13,22,1.687500000,2.812500000,0,-0.001095325,0.000092389,0.002672588,0.003090558,0.300000000,0.250000000
14,22,1.812500000,2.812500000,0,-0.001037440,0.000071146,0.002667992,0.003256993,0.300000000,0.250000000
15,22,1.937500000,2.812500000,0,-0.001030862,0.000065913,0.002667724,0.003381222,0.300000000,0.250000000
16,22,2.062500000,2.812500000,0,-0.001000195,0.000064815,0.002677918,0.003454033,0.300000000,0.250000000
17,22,2.187500000,2.812500000,0,-0.001008008,0.000041695,0.002664881,0.003468190,0.300000000,0.250000000
18,22,2.312500000,2.812500000,0,-0.001003567,0.000037823,0.002649455,0.003419199,0.300000000,0.250000000
19,22,2.437500000,2.812500000,0,-0.001027441,0.000015236,0.002629605,0.003306814,0.300000000,0.250000000
20,22,2.562500000,2.812500000,0,-0.001039860,0.000006157,0.002612774,0.003135885,0.300000000,0.250000000
21,22,2.687500000,2.812500000,0,-0.001003957,0.000034955,0.002582053,0.002915322,0.300000000,0.250000000
22,22,2.812500000,2.812500000,0,-0.000910747,-0.000001140,0.002522334,0.002656845,0.300000000,0.250000000
23,22,2.937500000,2.812500000,0,-0.000857601,-0.000011908,0.002505778,0.002374577,0.300000000,0.250000000
24,22,3.062500000,2.812500000,0,-0.000771567,-0.000011152,0.002478889,0.002082417,0.300000000,0.250000000
25,22,3.187500000,2.812500000,0,-0.000683727,-0.000031739,0.002401200,0.001792790,0.300000000,0.250000000
26,22,3.312500000,2.812500000,0,-0.000572633,-0.000031182,0.002368658,0.001516137,0.300000000,0.250000000
27,22,3.437500000,2.812500000,0,-0.000485937,-0.000051227,0.002353255,0.001260348,0.300000000,0.250000000
28,22,3.562500000,2.812500000,0,-0.000417719,-0.000062102,0.002299245,0.001030330,0.300000000,0.250000000
29,22,3.687500000,2.812500000,0,-0.000341158,-0.000050465,0.002255063,0.000828721,0.300000000,0.250000000
30,22,3.812500000,2.812500000,0,-0.000247862,-0.000052695,0.002237199,0.000656194,0.300000000,0.250000000
31,22,3.937500000,2.812500000,0,-0.000186869,-0.000059686,0.002210887,0.000511861,0.300000000,0.250000000
32,22,4.062500000,2.812500000,0,-0.000135703,-0.000052912,0.002176311,0.000393773,0.300000000,0.250000000
33,22,4.187500000,2.812500000,0,-0.000087988,-0.000045433,0.002154245,0.000299448,0.300000000,0.250000000
34,22,4.312500000,2.812500000,0,-0.000049178,-0.000043212,0.002141428,0.000226152,0.300000000,0.250000000
35,22,4.437500000,2.812500000,0,-0.000025994,-0.000037141,0.002123821,0.000171220,0.300000000,0.250000000
36,22,4.562500000,2.812500000,0,-0.000011915,-0.000035921,0.002105175,0.000132281,0.300000000,0.250000000
37,22,4.687500000,2.812500000,0,-0.000021700,-0.000040280,0.002103225,0.000107433,0.300000000,0.250000000
38,22,4.812500000,2.812500000,0,-0.000017435,-0.000019146,0.002107557,0.000095347,0.300000000,0.250000000
39,22,4.937500000,2.812500000,1,0.000000000,0.000000000,0.000000000,0.000000000,0.300000000,0.250000000
0,23,0.062500000,2.937500000,1,0.000000000,0.000000000,0.000000000,0.000000000,0.300000000,0.250000000
1,23,0.187500000,2.937500000,1,0.000000000,0.000000000,0.000000000,0.000000000,0.300000000,0.250000000
2,23,0.312500000,2.937500000,1,0.000000000,0.000000000,0.000000000,0.000000000,0.300000000,0.250000000
3,23,0.437500000,2.937500000,1,0.000000000,0.000000000,0.000000000,0.000000000,0.300000000,0.250000000
4,23,0.562500000,2.937500000,1,0.000000000,0.000000000,0.000000000,0.000000000,0.300000000,0.250000000
5,23,0.687500000,2.937500000,1,0.000000000,0.000000000,0.000000000,0.000000000,0.300000000,0.250000000
6,23,0.812500000,2.937500000,1,0.000000000,0.000000000,0.000000000,0.000000000,0.300000000,0.250000000
7,23,0.937500000,2.937500000,1,0.000000000,0.000000000,0.000000000,0.000000000,0.300000000,0.250000000
8,23,1.062500000,2.937500000,1,0.000000000,0.000000000,0.000000000,0.000000000,0.300000000,0.250000000
9,23,1.187500000,2.937500000,1,0.000000000,0.000000000,0.000000000,0.000000000,0.300000000,0.250000000
10,23,1.312500000,2.937500000,1,0.000000000,0.000000000,0.000000000,0.000000000,0.300000000,0.250000000
11,23,1.437500000,2.937500000,1,0.000000000,0.000000000,0.000000000,0.000000000,0.300000000,0.250000000
12,23,1.562500000,2.937500000,1,0.000000000,0.000000000,0.000000000,0.000000000,0.300000000,0.250000000
13,23,1.687500000,2.937500000,1,0.000000000,0.000000000,0.000000000,0.000000000,0.300000000,0.250000000
14,23,1.812500000,2.937500000,1,0.000000000,0.000000000,0.000000000,0.000000000,0.300000000,0.250000000
15,23,1.937500000,2.937500000,1,0.000000000,0.000000000,0.000000000,0.000000000,0.300000000,0.250000000
16,23,2.062500000,2.937500000,1,0.000000000,0.000000000,0.000000000,0.000000000,0.300000000,0.250000000
17,23,2.187500000,2.937500000,1,0.000000000,0.000000000,0.000000000,0.000000000,0.300000000,0.250000000
18,23,2.312500000,2.937500000,1,0.000000000,0.000000000,0.000000000,0.000000000,0.300000000,0.250000000
19,23,2.437500000,2.937500000,1,0.000000000,0.000000000,0.000000000,0.000000000,0.300000000,0.250000000
20,23,2.562500000,2.937500000,1,0.000000000,0.000000000,0.000000000,0.000000000,0.300000000,0.250000000
21,23,2.687500000,2.937500000,1,0.000000000,0.000000000,0.000000000,0.000000000,0.300000000,0.250000000
22,23,2.812500000,2.937500000,1,0.000000000,0.000000000,0.000000000,0.000000000,0.300000000,0.250000000
23,23,2.937500000,2.937500000,1,0.000000000,0.000000000,0.000000000,0.000000000,0.300000000,0.250000000
24,23,3.062500000,2.937500000,1,0.000000000,0.000000000,0.000000000,0.000000000,0.300000000,0.250000000
25,23,3.187500000,2.937500000,1,0.000000000,0.000000000,0.000000000,0.000000000,0.300000000,0.250000000
26,23,3.312500000,2.937500000,1,0.000000000,0.000000000,0.000000000,0.000000000,0.300000000,0.250000000
27,23,3.437500000,2.937500000,1,0.000000000,0.000000000,0.000000000,0.000000000,0.300000000,0.250000000
28,23,3.562500000,2.937500000,1,0.000000000,0.000000000,0.000000000,0.000000000,0.300000000,0.250000000
29,23,3.687500000,2.937500000,1,0.000000000,0.000000000,0.000000000,0.000000000,0.300000000,0.250000000
30,23,3.812500000,2.937500000,1,0.000000000,0.000000000,0.000000000,0.000000000,0.300000000,0.250000000
31,23,3.937500000,2.937500000,1,0.000000000,0.000000000,0.000000000,0.000000000,0.300000000,0.250000000
32,23,4.062500000,2.937500000,1,0.000000000,0.000000000,0.000000000,0.000000000,0.300000000,0.250000000
33,23,4.187500000,2.937500000,1,0.000000000,0.000000000,0.000000000,0.000000000,0.300000000,0.250000000
34,23,4.312500000,2.937500000,1,0.000000000,0.000000000,0.000000000,0.000000000,0.300000000,0.250000000
35,23,4.437500000,2.937500000,1,0.000000000,0.000000000,0.000000000,0.000000000,0.300000000,0.250000000
36,23,4.562500000,2.937500000,1,0.000000000,0.000000000,0.000000000,0.000000000,0.300000000,0.250000000
37,23,4.687500000,2.937500000,1,0.000000000,0.000000000,0.000000000,0.000000000,0.300000000,0.250000000
38,23,4.812500000,2.937500000,1,0.000000000,0.000000000,0.000000000,0.000000000,0.300000000,0.250000000
39,23,4.937500000,2.937500000,1,0.000000000,0.000000000,0.000000000,0.000000000,0.300000000,0.250000000
