i,j,x_m,y_m,solid,u_lattice,v_lattice,pressure_lattice,concentration,source_x_fraction,source_y_fraction
0,0,0.062500000,0.062500000,1,0.000000000,0.000000000,0.000000000,0.000000000,0.300000000,0.250000000
1,0,0.187500000,0.062500000,1,0.000000000,0.000000000,0.000000000,0.000000000,0.300000000,0.250000000
2,0,0.312500000,0.062500000,1,0.000000000,0.000000000,0.000000000,0.000000000,0.300000000,0.250000000
3,0,0.437500000,0.062500000,1,0.000000000,0.000000000,0.000000000,0.000000000,0.300000000,0.250000000
4,0,0.562500000,0.062500000,1,0.000000000,0.000000000,0.000000000,0.000000000,0.300000000,0.250000000
5,0,0.687500000,0.062500000,1,0.000000000,0.000000000,0.000000000,0.000000000,0.300000000,0.250000000
6,0,0.812500000,0.062500000,1,0.000000000,0.000000000,0.000000000,0.000000000,0.300000000,0.250000000
7,0,0.937500000,0.062500000,1,0.000000000,0.000000000,0.000000000,0.000000000,0.300000000,0.250000000
8,0,1.062500000,0.062500000,1,0.000000000,0.000000000,0.000000000,0.000000000,0.300000000,0.250000000
9,0,1.187500000,0.062500000,1,0.000000000,0.000000000,0.000000000,0.000000000,0.300000000,0.250000000
10,0,1.312500000,0.062500000,1,0.000000000,0.000000000,0.000000000,0.000000000,0.300000000,0.250000000
11,0,1.437500000,0.062500000,1,0.000000000,0.000000000,0.000000000,0.000000000,0.300000000,0.250000000
12,0,1.562500000,0.062500000,1,0.000000000,0.000000000,0.000000000,0.000000000,0.300000000,0.250000000
13,0,1.687500000,0.062500000,1,0.000000000,0.000000000,0.000000000,0.000000000,0.300000000,0.250000000
14,0,1.812500000,0.062500000,1,0.000000000,0.000000000,0.000000000,0.000000000,0.300000000,0.250000000
15,0,1.937500000,0.062500000,1,0.000000000,0.000000000,0.000000000,0.000000000,0.300000000,0.250000000
16,0,2.062500000,0.062500000,1,0.000000000,0.000000000,0.000000000,0.000000000,0.300000000,0.250000000
17,0,2.187500000,0.062500000,1,0.000000000,0.000000000,0.000000000,0.000000000,0.300000000,0.250000000
18,0,2.312500000,0.062500000,1,0.000000000,0.000000000,0.000000000,0.000000000,0.300000000,0.250000000
19,0,2.437500000,0.062500000,1,0.000000000,0.000000000,0.000000000,0.000000000,0.300000000,0.250000000
20,0,2.562500000,0.062500000,1,0.000000000,0.000000000,0.000000000,0.000000000,0.300000000,0.250000000
21,0,2.687500000,0.062500000,1,0.000000000,0.000000000,0.000000000,0.000000000,0.300000000,0.250000000
22,0,2.812500000,0.062500000,1,0.000000000,0.000000000,0.000000000,0.000000000,0.300000000,0.250000000
23,0,2.937500000,0.062500000,1,0.000000000,0.000000000,0.000000000,0.000000000,0.300000000,0.250000000
24,0,3.062500000,0.062500000,1,0.000000000,0.000000000,0.000000000,0.000000000,0.300000000,0.250000000
25,0,3.187500000,0.062500000,1,0.000000000,0.000000000,0.000000000,0.000000000,0.300000000,0.250000000
26,0,3.312500000,0.062500000,1,0.000000000,0.000000000,0.000000000,0.000000000,0.300000000,0.250000000
27,0,3.437500000,0.062500000,1,0.000000000,0.000000000,0.000000000,0.000000000,0.300000000,0.250000000
28,0,3.562500000,0.062500000,1,0.000000000,0.000000000,0.000000000,0.000000000,0.300000000,0.250000000
29,0,3.687500000,0.062500000,1,0.000000000,0.000000000,0.000000000,0.000000000,0.300000000,0.250000000
30,0,3.812500000,0.062500000,1,0.000000000,0.000000000,0.000000000,0.000000000,0.300000000,0.250000000
31,0,3.937500000,0.062500000,1,0.000000000,0.000000000,0.000000000,0.000000000,0.300000000,0.250000000
32,0,4.062500000,0.062500000,1,0.000000000,0.000000000,0.000000000,0.000000000,0.300000000,0.250000000
33,0,4.187500000,0.062500000,1,0.000000000,0.000000000,0.000000000,0.000000000,0.300000000,0.250000000
34,0,4.312500000,0.062500000,1,0.000000000,0.000000000,0.000000000,0.000000000,0.300000000,0.250000000
35,0,4.437500000,0.062500000,1,0.000000000,0.000000000,0.000000000,0.000000000,0.300000000,0.250000000
36,0,4.562500000,0.062500000,1,0.000000000,0.000000000,0.000000000,0.000000000,0.300000000,0.250000000
37,0,4.687500000,0.062500000,1,0.000000000,0.000000000,0.000000000,0.000000000,0.300000000,0.250000000
38,0,4.812500000,0.062500000,1,0.000000000,0.000000000,0.000000000,0.000000000,0.300000000,0.250000000
39,0,4.937500000,0.062500000,1,0.000000000,0.000000000,0.000000000,0.000000000,0.300000000,0.250000000
0,1,0.062500000,0.187500000,0,0.074052388,0.000000000,-0.000000000,0.000000000,0.300000000,0.250000000
1,1,0.187500000,0.187500000,0,0.043748783,0.007103324,0.010978977,0.000000869,0.300000000,0.250000000
2,1,0.312500000,0.187500000,0,0.029123767,0.003762783,0.003830470,0.000003306,0.300000000,0.250000000
3,1,0.437500000,0.187500000,0,0.023301377,0.000391551,0.004085788,0.000008362,0.300000000,0.250000000
4,1,0.562500000,0.187500000,0,0.022907291,-0.000160509,0.005883345,0.000018170,0.300000000,0.250000000
5,1,0.687500000,0.187500000,0,0.020427725,0.001655714,0.005252312,0.000036050,0.300000000,0.250000000
6,1,0.812500000,0.187500000,0,0.016933449,0.000845666,0.004183798,0.000066297,0.300000000,0.250000000
7,1,0.937500000,0.187500000,0,0.015440027,0.000216145,0.004410624,0.000114474,0.300000000,0.250000000
8,1,1.062500000,0.187500000,0,0.014691360,0.000274745,0.004648938,0.000188102,0.300000000,0.250000000
9,1,1.187500000,0.187500000,0,0.013516102,0.000504654,0.004308740,0.000295649,0.300000000,0.250000000
10,1,1.312500000,0.187500000,0,0.012543078,0.000201628,0.004127260,0.000446149,0.300000000,0.250000000
11,1,1.437500000,0.187500000,0,0.012102598,0.000100713,0.004233062,0.000649270,0.300000000,0.250000000
12,1,1.562500000,0.187500000,0,0.011767107,0.000118405,0.004172411,0.000914615,0.300000000,0.250000000
13,1,1.687500000,0.187500000,0,0.011461306,0.000094185,0.004006831,0.001249847,0.300000000,0.250000000
14,1,1.812500000,0.187500000,0,0.011367455,-0.000020249,0.003976966,0.001660595,0.300000000,0.250000000
15,1,1.937500000,0.187500000,0,0.011476506,-0.000066237,0.003946486,0.002149882,0.300000000,0.250000000
16,1,2.062500000,0.187500000,0,0.011718754,-0.000103455,0.003797789,0.002717485,0.300000000,0.250000000
17,1,2.187500000,0.187500000,0,0.012098499,-0.000154056,0.003694393,0.003358894,0.300000000,0.250000000
18,1,2.312500000,0.187500000,0,0.012699824,-0.000267773,0.003611378,0.004066457,0.300000000,0.250000000
19,1,2.437500000,0.187500000,0,0.013485008,-0.000275879,0.003409451,0.004830165,0.300000000,0.250000000
20,1,2.562500000,0.187500000,0,0.014459427,-0.000390269,0.003208539,0.005637598,0.300000000,0.250000000
21,1,2.687500000,0.187500000,0,0.015804011,-0.000529870,0.002994795,0.006475516,0.300000000,0.250000000
22,1,2.812500000,0.187500000,0,0.017342337,-0.000518938,0.002653934,0.007333899,0.300000000,0.250000000
23,1,2.937500000,0.187500000,0,0.018965760,-0.000577268,0.002325211,0.008201889,0.300000000,0.250000000
24,1,3.062500000,0.187500000,0,0.020911930,-0.000755497,0.001848485,0.009072471,0.300000000,0.250000000
25,1,3.187500000,0.187500000,0,0.023076307,-0.000678989,0.001212892,0.009950271,0.300000000,0.250000000
26,1,3.312500000,0.187500000,0,0.025199367,-0.000749794,0.000693460,0.010842599,0.300000000,0.250000000
27,1,3.437500000,0.187500000,0,0.027167227,-0.000571176,-0.000032851,0.011765452,0.300000000,0.250000000
28,1,3.562500000,0.187500000,0,0.028397166,-0.000240602,-0.000900571,0.012742000,0.300000000,0.250000000
29,1,3.687500000,0.187500000,0,0.029467862,-0.000466348,-0.001599076,0.013792538,0.300000000,0.250000000
30,1,3.812500000,0.187500000,0,0.030557651,-0.000259286,-0.002390152,0.014980627,0.300000000,0.250000000
31,1,3.937500000,0.187500000,0,0.029865263,0.000747754,-0.002985448,0.016340861,0.300000000,0.250000000
32,1,4.062500000,0.187500000,0,0.028036322,0.000406414,-0.003108879,0.017853749,0.300000000,0.250000000
33,1,4.187500000,0.187500000,0,0.027765084,-0.000293782,-0.004171474,0.019528909,0.300000000,0.250000000
34,1,4.312500000,0.187500000,0,0.026537740,0.001270522,-0.004846448,0.021419555,0.300000000,0.250000000
35,1,4.437500000,0.187500000,0,0.021257128,0.002143630,-0.003387220,0.023103200,0.300000000,0.250000000
36,1,4.562500000,0.187500000,0,0.021176614,-0.002465095,-0.003736614,0.023761615,0.300000000,0.250000000
37,1,4.687500000,0.187500000,0,0.030008581,-0.003213722,-0.008087054,0.022949079,0.300000000,0.250000000
38,1,4.812500000,0.187500000,0,0.018684896,0.011542672,-0.004676145,0.021181489,0.300000000,0.250000000
39,1,4.937500000,0.187500000,1,0.000000000,0.000000000,0.000000000,0.000000000,0.300000000,0.250000000
0,2,0.062500000,0.312500000,0,0.074052388,0.000000000,-0.000000000,0.000000000,0.300000000,0.250000000
1,2,0.187500000,0.312500000,0,0.069153368,0.010855115,0.007190199,0.000000604,0.300000000,0.250000000
2,2,0.312500000,0.312500000,0,0.071711014,0.014572480,0.006651036,0.000002342,0.300000000,0.250000000
3,2,0.437500000,0.312500000,0,0.064171580,0.007423832,0.005813519,0.000006205,0.300000000,0.250000000
4,2,0.562500000,0.312500000,0,0.054945955,0.004237211,0.004563173,0.000013934,0.300000000,0.250000000
5,2,0.687500000,0.312500000,0,0.049883897,0.005431889,0.004840618,0.000028134,0.300000000,0.250000000
6,2,0.812500000,0.312500000,0,0.046977405,0.004256190,0.004927027,0.000052556,0.300000000,0.250000000
7,2,0.937500000,0.312500000,0,0.043220023,0.002887661,0.004551372,0.000092445,0.300000000,0.250000000
8,2,1.062500000,0.312500000,0,0.039740838,0.002241624,0.004344430,0.000154192,0.300000000,0.250000000
9,2,1.187500000,0.312500000,0,0.037478545,0.002129519,0.004400065,0.000245405,0.300000000,0.250000000
10,2,1.312500000,0.312500000,0,0.035737505,0.001482537,0.004307376,0.000374715,0.300000000,0.250000000
11,2,1.437500000,0.312500000,0,0.034173452,0.001005051,0.004173845,0.000551310,0.300000000,0.250000000
12,2,1.562500000,0.312500000,0,0.033069080,0.000722960,0.004124452,0.000783965,0.300000000,0.250000000
13,2,1.687500000,0.312500000,0,0.032400413,0.000449221,0.004091584,0.001080384,0.300000000,0.250000000
14,2,1.812500000,0.312500000,0,0.032082088,0.000017431,0.003989709,0.001446224,0.300000000,0.250000000
15,2,1.937500000,0.312500000,0,0.032166679,-0.000321688,0.003873726,0.001884933,0.300000000,0.250000000
16,2,2.062500000,0.312500000,0,0.032632130,-0.000634763,0.003807331,0.002396774,0.300000000,0.250000000
17,2,2.187500000,0.312500000,0,0.033480228,-0.001030075,0.003730769,0.002977667,0.300000000,0.250000000
18,2,2.312500000,0.312500000,0,0.034818689,-0.001485316,0.003533369,0.003621013,0.300000000,0.250000000
19,2,2.437500000,0.312500000,0,0.036658497,-0.001841582,0.003347346,0.004318612,0.300000000,0.250000000
20,2,2.562500000,0.312500000,0,0.039070164,-0.002509468,0.003213625,0.005057683,0.300000000,0.250000000
21,2,2.687500000,0.312500000,0,0.041988968,-0.002966287,0.002928180,0.005827504,0.300000000,0.250000000
22,2,2.812500000,0.312500000,0,0.045352434,-0.003328108,0.002590233,0.006617914,0.300000000,0.250000000
23,2,2.937500000,0.312500000,0,0.049611402,-0.003976652,0.002238787,0.007415757,0.300000000,0.250000000
24,2,3.062500000,0.312500000,0,0.054529680,-0.004416660,0.001689755,0.008218995,0.300000000,0.250000000
25,2,3.187500000,0.312500000,0,0.059757430,-0.004600658,0.001183884,0.009033268,0.300000000,0.250000000
26,2,3.312500000,0.312500000,0,0.065029056,-0.004476183,0.000604058,0.009854616,0.300000000,0.250000000
27,2,3.437500000,0.312500000,0,0.069997583,-0.003629393,-0.000195338,0.010697072,0.300000000,0.250000000
28,2,3.562500000,0.312500000,0,0.074981636,-0.003122744,-0.001030126,0.011597219,0.300000000,0.250000000
29,2,3.687500000,0.312500000,0,0.078384881,-0.001814511,-0.001824519,0.012577642,0.300000000,0.250000000
30,2,3.812500000,0.312500000,0,0.079256600,-0.000673881,-0.001981091,0.013667755,0.300000000,0.250000000
31,2,3.937500000,0.312500000,0,0.079547463,0.001956593,-0.003058638,0.014893654,0.300000000,0.250000000
32,2,4.062500000,0.312500000,0,0.078374308,0.002598640,-0.003992491,0.016329529,0.300000000,0.250000000
33,2,4.187500000,0.312500000,0,0.074088835,0.002400613,-0.003451767,0.017976738,0.300000000,0.250000000
34,2,4.312500000,0.312500000,0,0.070216468,0.004625815,-0.003557764,0.019651308,0.300000000,0.250000000
35,2,4.437500000,0.312500000,0,0.070107569,0.004481524,-0.005592293,0.021383344,0.300000000,0.250000000
36,2,4.562500000,0.312500000,0,0.064774494,-0.001797000,-0.005021169,0.022880043,0.300000000,0.250000000
37,2,4.687500000,0.312500000,0,0.052387123,0.001698373,-0.001756068,0.022619957,0.300000000,0.250000000
38,2,4.812500000,0.312500000,0,0.060506455,0.014710516,-0.004720304,0.015117032,0.300000000,0.250000000
39,2,4.937500000,0.312500000,0,0.090508474,0.014702401,0.000000000,0.000000000,0.300000000,0.250000000
0,3,0.062500000,0.437500000,0,0.074052388,0.000000000,-0.000000000,0.000000000,0.300000000,0.250000000
1,3,0.187500000,0.437500000,0,0.070028693,0.004324130,0.005415230,0.000000387,0.300000000,0.250000000
2,3,0.312500000,0.437500000,0,0.074173230,0.015884027,0.006869708,0.000001527,0.300000000,0.250000000
3,3,0.437500000,0.437500000,0,0.074905466,0.012446796,0.005775674,0.000004080,0.300000000,0.250000000
4,3,0.562500000,0.437500000,0,0.071631837,0.010672691,0.004610519,0.000009290,0.300000000,0.250000000
5,3,0.687500000,0.437500000,0,0.068332345,0.008664179,0.004869659,0.000019113,0.300000000,0.250000000
6,3,0.812500000,0.437500000,0,0.065362132,0.007736318,0.005025863,0.000036441,0.300000000,0.250000000
7,3,0.937500000,0.437500000,0,0.061863694,0.006602934,0.004585709,0.000065323,0.300000000,0.250000000
8,3,1.062500000,0.437500000,0,0.058573048,0.005362757,0.004309498,0.000110876,0.300000000,0.250000000
9,3,1.187500000,0.437500000,0,0.056057747,0.004265306,0.004433805,0.000179590,0.300000000,0.250000000
10,3,1.312500000,0.437500000,0,0.053859425,0.003459912,0.004394543,0.000278968,0.300000000,0.250000000
11,3,1.437500000,0.437500000,0,0.051815125,0.002641379,0.004184539,0.000416921,0.300000000,0.250000000
12,3,1.562500000,0.437500000,0,0.050286103,0.001824781,0.004117667,0.000601269,0.300000000,0.250000000
13,3,1.687500000,0.437500000,0,0.049340284,0.001064127,0.004125574,0.000839469,0.300000000,0.250000000
14,3,1.812500000,0.437500000,0,0.048766846,0.000300281,0.004011698,0.001137487,0.300000000,0.250000000
15,3,1.937500000,0.437500000,0,0.048543509,-0.000480103,0.003892737,0.001498896,0.300000000,0.250000000
16,3,2.062500000,0.437500000,0,0.048867500,-0.001306335,0.003839500,0.001924092,0.300000000,0.250000000
17,3,2.187500000,0.437500000,0,0.049812398,-0.002201063,0.003705584,0.002411238,0.300000000,0.250000000
18,3,2.312500000,0.437500000,0,0.051247199,-0.003106942,0.003528509,0.002956429,0.300000000,0.250000000
19,3,2.437500000,0.437500000,0,0.053212317,-0.004170878,0.003422614,0.003550743,0.300000000,0.250000000
20,3,2.562500000,0.437500000,0,0.055889975,-0.005423637,0.003202203,0.004184199,0.300000000,0.250000000
21,3,2.687500000,0.437500000,0,0.059192761,-0.006294184,0.002874552,0.004851187,0.300000000,0.250000000
22,3,2.812500000,0.437500000,0,0.063437544,-0.007784478,0.002616641,0.005537903,0.300000000,0.250000000
23,3,2.937500000,0.437500000,0,0.068796033,-0.009157234,0.002172108,0.006237143,0.300000000,0.250000000
24,3,3.062500000,0.437500000,0,0.074400439,-0.009928045,0.001690460,0.006950433,0.300000000,0.250000000
25,3,3.187500000,0.437500000,0,0.080779301,-0.010959128,0.001213353,0.007665658,0.300000000,0.250000000
26,3,3.312500000,0.437500000,0,0.087964497,-0.010534528,0.000301043,0.008397287,0.300000000,0.250000000
27,3,3.437500000,0.437500000,0,0.095206686,-0.009657010,-0.000466531,0.009164391,0.300000000,0.250000000
28,3,3.562500000,0.437500000,0,0.102025574,-0.008601261,-0.000997280,0.009956645,0.300000000,0.250000000
29,3,3.687500000,0.437500000,0,0.107320274,-0.004884596,-0.002030856,0.010846529,0.300000000,0.250000000
30,3,3.812500000,0.437500000,0,0.109967998,-0.001190420,-0.002687594,0.011834056,0.300000000,0.250000000
31,3,3.937500000,0.437500000,0,0.111176766,0.001704066,-0.003094842,0.012955209,0.300000000,0.250000000
32,3,4.062500000,0.437500000,0,0.111582824,0.004660003,-0.004012391,0.014236284,0.300000000,0.250000000
33,3,4.187500000,0.437500000,0,0.108696111,0.006827789,-0.003950726,0.015760301,0.300000000,0.250000000
34,3,4.312500000,0.437500000,0,0.102843176,0.008623158,-0.003516556,0.017409171,0.300000000,0.250000000
35,3,4.437500000,0.437500000,0,0.098574231,0.007853096,-0.004760275,0.019030179,0.300000000,0.250000000
36,3,4.562500000,0.437500000,0,0.093778689,0.005114971,-0.005368627,0.020769796,0.300000000,0.250000000
37,3,4.687500000,0.437500000,0,0.087029469,0.006294643,-0.003092161,0.021243811,0.300000000,0.250000000
38,3,4.812500000,0.437500000,0,0.084582472,0.004628022,-0.003813121,0.013231230,0.300000000,0.250000000
39,3,4.937500000,0.437500000,0,0.090508474,0.004623083,0.000000000,0.000000000,0.300000000,0.250000000
0,4,0.062500000,0.562500000,0,0.074052388,0.000000000,-0.000000000,0.000000000,0.300000000,0.250000000
1,4,0.187500000,0.562500000,0,0.067139855,0.003421943,0.005618190,0.000000283,0.300000000,0.250000000
2,4,0.312500000,0.562500000,0,0.070582828,0.009136344,0.005122900,0.000001090,0.300000000,0.250000000
3,4,0.437500000,0.562500000,0,0.075588204,0.011270076,0.005160462,0.000002819,0.300000000,0.250000000
4,4,0.562500000,0.562500000,0,0.077461703,0.013248383,0.005735169,0.000006314,0.300000000,0.250000000
5,4,0.687500000,0.562500000,0,0.076243305,0.011181453,0.004941388,0.000012915,0.300000000,0.250000000
6,4,0.812500000,0.562500000,0,0.074103013,0.010323912,0.004417326,0.000024625,0.300000000,0.250000000
7,4,0.937500000,0.562500000,0,0.072606301,0.009138845,0.004683872,0.000044335,0.300000000,0.250000000
8,4,1.062500000,0.562500000,0,0.070843447,0.008133810,0.004692853,0.000076005,0.300000000,0.250000000
9,4,1.187500000,0.562500000,0,0.068462655,0.006713208,0.004363027,0.000124601,0.300000000,0.250000000
10,4,1.312500000,0.562500000,0,0.066298196,0.005555284,0.004270156,0.000196026,0.300000000,0.250000000
11,4,1.437500000,0.562500000,0,0.064622769,0.004371658,0.004328886,0.000296978,0.300000000,0.250000000
12,4,1.562500000,0.562500000,0,0.063137857,0.003194919,0.004236967,0.000434364,0.300000000,0.250000000
13,4,1.687500000,0.562500000,0,0.061933362,0.001977627,0.004085101,0.000614742,0.300000000,0.250000000
14,4,1.812500000,0.562500000,0,0.061181874,0.000806582,0.004038560,0.000843985,0.300000000,0.250000000
15,4,1.937500000,0.562500000,0,0.060844541,-0.000453333,0.004011902,0.001126124,0.300000000,0.250000000
16,4,2.062500000,0.562500000,0,0.060982309,-0.001815252,0.003870011,0.001462837,0.300000000,0.250000000
17,4,2.187500000,0.562500000,0,0.061646278,-0.003223484,0.003707004,0.001854568,0.300000000,0.250000000
18,4,2.312500000,0.562500000,0,0.062794065,-0.004728213,0.003648010,0.002298660,0.300000000,0.250000000
19,4,2.437500000,0.562500000,0,0.064578320,-0.006472967,0.003498886,0.002788573,0.300000000,0.250000000
20,4,2.562500000,0.562500000,0,0.067083787,-0.008195156,0.003174347,0.003321363,0.300000000,0.250000000
21,4,2.687500000,0.562500000,0,0.070244828,-0.010007844,0.002971690,0.003891288,0.300000000,0.250000000
22,4,2.812500000,0.562500000,0,0.074294605,-0.012626372,0.002740243,0.004485191,0.300000000,0.250000000
23,4,2.937500000,0.562500000,0,0.078900647,-0.014150985,0.002218561,0.005107068,0.300000000,0.250000000
24,4,3.062500000,0.562500000,0,0.084367012,-0.016233877,0.001749055,0.005749558,0.300000000,0.250000000
25,4,3.187500000,0.562500000,0,0.091944749,-0.018027737,0.000992701,0.006401307,0.300000000,0.250000000
26,4,3.312500000,0.562500000,0,0.100120868,-0.017917843,0.000154076,0.007080659,0.300000000,0.250000000
27,4,3.437500000,0.562500000,0,0.109238939,-0.018475217,-0.000543081,0.007784820,0.300000000,0.250000000
28,4,3.562500000,0.562500000,0,0.117042280,-0.013785041,-0.001645707,0.008506642,0.300000000,0.250000000
29,4,3.687500000,0.562500000,0,0.123021756,-0.010293761,-0.002348620,0.009324782,0.300000000,0.250000000
30,4,3.812500000,0.562500000,0,0.128300377,-0.003252265,-0.003732390,0.010233697,0.300000000,0.250000000
31,4,3.937500000,0.562500000,0,0.129818980,0.000754793,-0.003584148,0.011279845,0.300000000,0.250000000
32,4,4.062500000,0.562500000,0,0.128407668,0.006097344,-0.003523937,0.012437857,0.300000000,0.250000000
33,4,4.187500000,0.562500000,0,0.126596815,0.010663546,-0.004872398,0.013745608,0.300000000,0.250000000
34,4,4.312500000,0.562500000,0,0.123433243,0.012770765,-0.005150666,0.015342849,0.300000000,0.250000000
35,4,4.437500000,0.562500000,0,0.116703016,0.014608744,-0.003444055,0.017044907,0.300000000,0.250000000
36,4,4.562500000,0.562500000,0,0.108646205,0.015191724,-0.003700725,0.018674727,0.300000000,0.250000000
37,4,4.687500000,0.562500000,0,0.101221703,0.008950816,-0.005432492,0.019533726,0.300000000,0.250000000
38,4,4.812500000,0.562500000,0,0.093742807,0.008484107,-0.003786241,0.012798535,0.300000000,0.250000000
39,4,4.937500000,0.562500000,0,0.090508474,0.008475353,0.000000000,0.000000000,0.300000000,0.250000000
0,5,0.062500000,0.687500000,0,0.074052388,0.000000000,-0.000000000,0.000000000,0.300000000,0.250000000
1,5,0.187500000,0.687500000,0,0.068635659,0.003651408,0.005695905,0.000000266,0.300000000,0.250000000
2,5,0.312500000,0.687500000,0,0.070183089,0.005192635,0.005107584,0.000000986,0.300000000,0.250000000
3,5,0.437500000,0.687500000,0,0.071843260,0.009102312,0.005008176,0.000002449,0.300000000,0.250000000
4,5,0.562500000,0.687500000,0,0.074226210,0.011211042,0.005166259,0.000005187,0.300000000,0.250000000
5,5,0.687500000,0.687500000,0,0.076197795,0.011300631,0.004880400,0.000010059,0.300000000,0.250000000
6,5,0.812500000,0.687500000,0,0.076911470,0.011481437,0.004686461,0.000018428,0.300000000,0.250000000
7,5,0.937500000,0.687500000,0,0.076555471,0.010394726,0.004668042,0.000032311,0.300000000,0.250000000
8,5,1.062500000,0.687500000,0,0.075585696,0.009618625,0.004614820,0.000054524,0.300000000,0.250000000
9,5,1.187500000,0.687500000,0,0.074415279,0.008502128,0.004439622,0.000088686,0.300000000,0.250000000
10,5,1.312500000,0.687500000,0,0.073238144,0.007228825,0.004358649,0.000139337,0.300000000,0.250000000
11,5,1.437500000,0.687500000,0,0.072070834,0.005807663,0.004358873,0.000211864,0.300000000,0.250000000
12,5,1.562500000,0.687500000,0,0.070905358,0.004453853,0.004290295,0.000312142,0.300000000,0.250000000
13,5,1.687500000,0.687500000,0,0.069853082,0.002965303,0.004183060,0.000446029,0.300000000,0.250000000
14,5,1.812500000,0.687500000,0,0.069090671,0.001394296,0.004133868,0.000618984,0.300000000,0.250000000
15,5,1.937500000,0.687500000,0,0.068743515,-0.000286926,0.004063078,0.000835635,0.300000000,0.250000000
16,5,2.062500000,0.687500000,0,0.068746567,-0.002046790,0.003941106,0.001099774,0.300000000,0.250000000
17,5,2.187500000,0.687500000,0,0.069030741,-0.003942958,0.003872440,0.001413306,0.300000000,0.250000000
18,5,2.312500000,0.687500000,0,0.069849095,-0.006056281,0.003764825,0.001775492,0.300000000,0.250000000
19,5,2.437500000,0.687500000,0,0.071349999,-0.008303512,0.003510132,0.002186696,0.300000000,0.250000000
20,5,2.562500000,0.687500000,0,0.073274902,-0.010644187,0.003349108,0.002647697,0.300000000,0.250000000
21,5,2.687500000,0.687500000,0,0.075751906,-0.013505655,0.003235140,0.003151135,0.300000000,0.250000000
22,5,2.812500000,0.687500000,0,0.079160513,-0.016444259,0.002750440,0.003697323,0.300000000,0.250000000
23,5,2.937500000,0.687500000,0,0.083380527,-0.018700899,0.002280477,0.004293546,0.300000000,0.250000000
24,5,3.062500000,0.687500000,0,0.089567044,-0.023448429,0.001894024,0.004920666,0.300000000,0.250000000
25,5,3.187500000,0.687500000,0,0.097382958,-0.025460378,0.000912409,0.005589402,0.300000000,0.250000000
26,5,3.312500000,0.687500000,0,0.104895430,-0.026793219,0.000259244,0.006276386,0.300000000,0.250000000
27,5,3.437500000,0.687500000,0,0.114855968,-0.028069017,-0.000879928,0.006944933,0.300000000,0.250000000
28,5,3.562500000,0.687500000,0,0.124609651,-0.020504124,-0.002925379,0.007687008,0.300000000,0.250000000
29,5,3.687500000,0.687500000,0,0.132073788,-0.016319139,-0.003201485,0.008460486,0.300000000,0.250000000
30,5,3.812500000,0.687500000,0,0.136737089,-0.006814427,-0.003966998,0.009313368,0.300000000,0.250000000
31,5,3.937500000,0.687500000,0,0.137031844,0.001844592,-0.004860174,0.010257296,0.300000000,0.250000000
32,5,4.062500000,0.687500000,0,0.133929883,0.008641619,-0.004690581,0.011351996,0.300000000,0.250000000
33,5,4.187500000,0.687500000,0,0.130235354,0.014568398,-0.004928834,0.012576753,0.300000000,0.250000000
34,5,4.312500000,0.687500000,0,0.126964455,0.016395133,-0.005316285,0.013985085,0.300000000,0.250000000
35,5,4.437500000,0.687500000,0,0.122889138,0.019152698,-0.004703746,0.015619253,0.300000000,0.250000000
36,5,4.562500000,0.687500000,0,0.117580127,0.022813344,-0.004027075,0.017273428,0.300000000,0.250000000
37,5,4.687500000,0.687500000,0,0.109022233,0.019869311,-0.004227378,0.018237735,0.300000000,0.250000000
38,5,4.812500000,0.687500000,0,0.096119204,0.018762451,-0.003126434,0.012082891,0.300000000,0.250000000
39,5,4.937500000,0.687500000,0,0.090508474,0.018750531,0.000000000,0.000000000,0.300000000,0.250000000
0,6,0.062500000,0.812500000,0,0.074052388,0.000000000,-0.000000000,0.000000000,0.300000000,0.250000000
1,6,0.187500000,0.812500000,0,0.069084478,0.002147738,0.005043829,0.000000373,0.300000000,0.250000000
2,6,0.312500000,0.812500000,0,0.069668326,0.004906262,0.005254861,0.000001346,0.300000000,0.250000000
3,6,0.437500000,0.812500000,0,0.070769435,0.007251698,0.005074988,0.000003130,0.300000000,0.250000000
4,6,0.562500000,0.812500000,0,0.072835700,0.008667822,0.004482995,0.000006079,0.300000000,0.250000000
5,6,0.687500000,0.812500000,0,0.074555376,0.010142453,0.004902394,0.000010731,0.300000000,0.250000000
6,6,0.812500000,0.812500000,0,0.075539847,0.010921255,0.005025659,0.000018016,0.300000000,0.250000000
7,6,0.937500000,0.812500000,0,0.075792559,0.010699691,0.004486372,0.000029245,0.300000000,0.250000000
8,6,1.062500000,0.812500000,0,0.076030108,0.010111423,0.004394401,0.000046357,0.300000000,0.250000000
9,6,1.187500000,0.812500000,0,0.076131608,0.009253130,0.004630992,0.000072120,0.300000000,0.250000000
10,6,1.312500000,0.812500000,0,0.075561081,0.008190851,0.004553168,0.000110078,0.300000000,0.250000000
11,6,1.437500000,0.812500000,0,0.074681189,0.006822757,0.004316761,0.000164391,0.300000000,0.250000000
12,6,1.562500000,0.812500000,0,0.074051861,0.005339151,0.004297909,0.000239988,0.300000000,0.250000000
13,6,1.687500000,0.812500000,0,0.073536105,0.003730875,0.004354648,0.000342374,0.300000000,0.250000000
14,6,1.812500000,0.812500000,0,0.072958315,0.001952671,0.004263035,0.000477007,0.300000000,0.250000000
15,6,1.937500000,0.812500000,0,0.072522939,-0.000016016,0.004121239,0.000649223,0.300000000,0.250000000
16,6,2.062500000,0.812500000,0,0.072360861,-0.002101172,0.004090524,0.000864231,0.300000000,0.250000000
17,6,2.187500000,0.812500000,0,0.072530947,-0.004405361,0.004049316,0.001126101,0.300000000,0.250000000
18,6,2.312500000,0.812500000,0,0.073133373,-0.006951106,0.003847660,0.001439016,0.300000000,0.250000000
19,6,2.437500000,0.812500000,0,0.074007601,-0.009638730,0.003694615,0.001808298,0.300000000,0.250000000
20,6,2.562500000,0.812500000,0,0.075198179,-0.012622396,0.003653052,0.002235437,0.300000000,0.250000000
21,6,2.687500000,0.812500000,0,0.077228394,-0.016089897,0.003321670,0.002721990,0.300000000,0.250000000
22,6,2.812500000,0.812500000,0,0.080082797,-0.019498180,0.002834744,0.003280835,0.300000000,0.250000000
23,6,2.937500000,0.812500000,0,0.083445972,-0.023641442,0.002708463,0.003907916,0.300000000,0.250000000
24,6,3.062500000,0.812500000,0,0.087755697,-0.029454732,0.002199636,0.004592189,0.300000000,0.250000000
25,6,3.187500000,0.812500000,0,0.092729776,-0.031755108,0.001147554,0.005350687,0.300000000,0.250000000
26,6,3.312500000,0.812500000,0,0.102357798,-0.038186818,-0.000011856,0.006113239,0.300000000,0.250000000
27,6,3.437500000,0.812500000,0,0.117277747,-0.037118032,-0.002247535,0.006832391,0.300000000,0.250000000
28,6,3.562500000,0.812500000,0,0.129533251,-0.032471503,-0.003101586,0.007625057,0.300000000,0.250000000
29,6,3.687500000,0.812500000,0,0.134632670,-0.018067384,-0.004668570,0.008343364,0.300000000,0.250000000
30,6,3.812500000,0.812500000,0,0.129655843,-0.006495302,-0.004791703,0.009195785,0.300000000,0.250000000
31,6,3.937500000,0.812500000,0,0.123763729,0.006282338,-0.006220894,0.010114170,0.300000000,0.250000000
32,6,4.062500000,0.812500000,0,0.120611718,0.011673358,-0.006620904,0.011193953,0.300000000,0.250000000
33,6,4.187500000,0.812500000,0,0.118201362,0.017052612,-0.005179688,0.012406205,0.300000000,0.250000000
34,6,4.312500000,0.812500000,0,0.115448784,0.020413847,-0.004671876,0.013638995,0.300000000,0.250000000
35,6,4.437500000,0.812500000,0,0.112444383,0.023564754,-0.005921259,0.015059640,0.300000000,0.250000000
36,6,4.562500000,0.812500000,0,0.109333175,0.026125927,-0.005406447,0.016618982,0.300000000,0.250000000
37,6,4.687500000,0.812500000,0,0.106225428,0.029242469,-0.003772333,0.017485713,0.300000000,0.250000000
38,6,4.812500000,0.812500000,0,0.096669390,0.030715972,-0.003245363,0.011530353,0.300000000,0.250000000
39,6,4.937500000,0.812500000,0,0.090508474,0.030697388,0.000000000,0.000000000,0.300000000,0.250000000
0,7,0.062500000,0.937500000,0,0.074052388,0.000000000,-0.000000000,0.000000000,0.300000000,0.250000000
1,7,0.187500000,0.937500000,0,0.069306831,0.001047946,0.004819554,0.000000756,0.300000000,0.250000000
2,7,0.312500000,0.937500000,0,0.069962671,0.005090485,0.004781517,0.000002552,0.300000000,0.250000000
3,7,0.437500000,0.937500000,0,0.070168318,0.005690519,0.005072796,0.000005616,0.300000000,0.250000000
4,7,0.562500000,0.937500000,0,0.070614045,0.007566125,0.004782687,0.000010085,0.300000000,0.250000000
5,7,0.687500000,0.937500000,0,0.071402503,0.009366533,0.004513695,0.000016230,0.300000000,0.250000000
6,7,0.812500000,0.937500000,0,0.072639453,0.009800995,0.004626049,0.000024516,0.300000000,0.250000000
7,7,0.937500000,0.937500000,0,0.073491731,0.010259887,0.004749862,0.000035888,0.300000000,0.250000000
8,7,1.062500000,0.937500000,0,0.073704499,0.010027655,0.004601573,0.000051871,0.300000000,0.250000000
9,7,1.187500000,0.937500000,0,0.073782355,0.009365101,0.004452079,0.000074556,0.300000000,0.250000000
10,7,1.312500000,0.937500000,0,0.073998086,0.008472906,0.004483174,0.000106795,0.300000000,0.250000000
11,7,1.437500000,0.937500000,0,0.073995184,0.007316180,0.004515319,0.000152288,0.300000000,0.250000000
12,7,1.562500000,0.937500000,0,0.073607782,0.005865605,0.004452683,0.000215469,0.300000000,0.250000000
13,7,1.687500000,0.937500000,0,0.073168664,0.004209778,0.004375606,0.000301411,0.300000000,0.250000000
14,7,1.812500000,0.937500000,0,0.072896571,0.002365410,0.004332202,0.000415988,0.300000000,0.250000000
15,7,1.937500000,0.937500000,0,0.072625381,0.000292553,0.004320147,0.000565754,0.300000000,0.250000000
16,7,2.062500000,0.937500000,0,0.072372919,-0.002033818,0.004278193,0.000757396,0.300000000,0.250000000
17,7,2.187500000,0.937500000,0,0.072393733,-0.004623608,0.004136600,0.000998259,0.300000000,0.250000000
18,7,2.312500000,0.937500000,0,0.072589311,-0.007388037,0.004031623,0.001297197,0.300000000,0.250000000
19,7,2.437500000,0.937500000,0,0.072885754,-0.010461876,0.004025748,0.001661931,0.300000000,0.250000000
20,7,2.562500000,0.937500000,0,0.073791140,-0.013959835,0.003792305,0.002099848,0.300000000,0.250000000
21,7,2.687500000,0.937500000,0,0.075202249,-0.017766442,0.003415086,0.002624372,0.300000000,0.250000000
22,7,2.812500000,0.937500000,0,0.076472738,-0.021911688,0.003398988,0.003242569,0.300000000,0.250000000
23,7,2.937500000,0.937500000,0,0.078491927,-0.027318506,0.003138641,0.003942813,0.300000000,0.250000000
24,7,3.062500000,0.937500000,0,0.082257397,-0.032509897,0.002017235,0.004749016,0.300000000,0.250000000
25,7,3.187500000,0.937500000,0,0.087527747,-0.038432888,0.001522620,0.005647797,0.300000000,0.250000000
26,7,3.312500000,0.937500000,0,0.097869190,-0.052116825,0.000441907,0.006520003,0.300000000,0.250000000
27,7,3.437500000,0.937500000,0,0.109067310,-0.047603947,-0.002779290,0.007326247,0.300000000,0.250000000
28,7,3.562500000,0.937500000,0,0.110944245,-0.039409482,-0.003455544,0.008050559,0.300000000,0.250000000
29,7,3.687500000,0.937500000,0,0.104031880,-0.009977998,-0.007598075,0.008849082,0.300000000,0.250000000
30,7,3.812500000,0.937500000,0,0.094475069,0.001209444,-0.007749950,0.009790299,0.300000000,0.250000000
31,7,3.937500000,0.937500000,0,0.090905869,0.010169804,-0.006450746,0.010897265,0.300000000,0.250000000
32,7,4.062500000,0.937500000,0,0.090203475,0.013254422,-0.006246309,0.012007508,0.300000000,0.250000000
33,7,4.187500000,0.937500000,0,0.090485325,0.016898929,-0.006258768,0.013104118,0.300000000,0.250000000
34,7,4.312500000,0.937500000,0,0.092804306,0.021441114,-0.006161730,0.014243009,0.300000000,0.250000000
35,7,4.437500000,0.937500000,0,0.094704024,0.025468153,-0.005731562,0.015501459,0.300000000,0.250000000
36,7,4.562500000,0.937500000,0,0.095115974,0.026035422,-0.005044515,0.016724310,0.300000000,0.250000000
37,7,4.687500000,0.937500000,0,0.093824503,0.033887557,-0.004959411,0.017045559,0.300000000,0.250000000
38,7,4.812500000,0.937500000,0,0.089318076,0.039158574,-0.004570791,0.010979469,0.300000000,0.250000000
39,7,4.937500000,0.937500000,0,0.090508474,0.039133671,-0.000000000,0.000000000,0.300000000,0.250000000
0,8,0.062500000,1.062500000,0,0.074052388,0.000000000,-0.000000000,0.000000000,0.300000000,0.250000000
1,8,0.187500000,1.062500000,0,0.068457006,0.001096363,0.004845415,0.000001725,0.300000000,0.250000000
2,8,0.312500000,1.062500000,0,0.069295110,0.003927837,0.004404612,0.000005818,0.300000000,0.250000000
3,8,0.437500000,1.062500000,0,0.070145514,0.006036976,0.004509394,0.000011827,0.300000000,0.250000000
4,8,0.562500000,1.062500000,0,0.069452923,0.007608464,0.005101873,0.000019878,0.300000000,0.250000000
5,8,0.687500000,1.062500000,0,0.068401819,0.008901319,0.004636764,0.000029628,0.300000000,0.250000000
6,8,0.812500000,1.062500000,0,0.068310145,0.009242656,0.004277814,0.000041157,0.300000000,0.250000000
7,8,0.937500000,1.062500000,0,0.069243901,0.009717876,0.004623424,0.000055299,0.300000000,0.250000000
8,8,1.062500000,1.062500000,0,0.069929755,0.009693860,0.004740447,0.000073514,0.300000000,0.250000000
9,8,1.187500000,1.062500000,0,0.069962110,0.009235720,0.004515326,0.000097753,0.300000000,0.250000000
10,8,1.312500000,1.062500000,0,0.070029859,0.008382361,0.004462892,0.000130612,0.300000000,0.250000000
11,8,1.437500000,1.062500000,0,0.070265812,0.007383455,0.004566084,0.000175577,0.300000000,0.250000000
12,8,1.562500000,1.062500000,0,0.070302128,0.006118298,0.004549743,0.000237054,0.300000000,0.250000000
13,8,1.687500000,1.062500000,0,0.070117596,0.004499797,0.004465240,0.000320435,0.300000000,0.250000000
14,8,1.812500000,1.062500000,0,0.069878579,0.002635686,0.004461570,0.000432320,0.300000000,0.250000000
15,8,1.937500000,1.062500000,0,0.069630283,0.000549170,0.004477609,0.000580457,0.300000000,0.250000000
16,8,2.062500000,1.062500000,0,0.069433842,-0.001856124,0.004394799,0.000773923,0.300000000,0.250000000
17,8,2.187500000,1.062500000,0,0.069247747,-0.004555983,0.004307797,0.001023659,0.300000000,0.250000000
18,8,2.312500000,1.062500000,0,0.069051185,-0.007482798,0.004312700,0.001341269,0.300000000,0.250000000
19,8,2.437500000,1.062500000,0,0.069146135,-0.010855984,0.004199050,0.001738358,0.300000000,0.250000000
20,8,2.562500000,1.062500000,0,0.069533281,-0.014596062,0.003933531,0.002229952,0.300000000,0.250000000
21,8,2.687500000,1.062500000,0,0.069725157,-0.018647128,0.003883447,0.002828669,0.300000000,0.250000000
22,8,2.812500000,1.062500000,0,0.070307688,-0.023341190,0.003782351,0.003533159,0.300000000,0.250000000
23,8,2.937500000,1.062500000,0,0.072187618,-0.029278146,0.003063792,0.004347031,0.300000000,0.250000000
24,8,3.062500000,1.062500000,0,0.073830940,-0.034838992,0.002565839,0.005285162,0.300000000,0.250000000
25,8,3.187500000,1.062500000,0,0.073224955,-0.043877818,0.002814019,0.006277230,0.300000000,0.250000000
26,8,3.312500000,1.062500000,0,0.071683565,-0.055895107,0.001310854,0.007227862,0.300000000,0.250000000
27,8,3.437500000,1.062500000,0,0.072030074,-0.054386452,-0.001973656,0.008013083,0.300000000,0.250000000
28,8,3.562500000,1.062500000,0,0.059053201,-0.020529973,-0.006939346,0.008381184,0.300000000,0.250000000
29,8,3.687500000,1.062500000,0,0.040004015,-0.001271862,-0.008617794,0.009598867,0.300000000,0.250000000
30,8,3.812500000,1.062500000,0,0.037134142,0.005985920,-0.008742441,0.011190587,0.300000000,0.250000000
31,8,3.937500000,1.062500000,0,0.042599561,0.006295898,-0.007038691,0.012416272,0.300000000,0.250000000
32,8,4.062500000,1.062500000,0,0.050504132,0.009752727,-0.006212303,0.013394722,0.300000000,0.250000000
33,8,4.187500000,1.062500000,0,0.058004739,0.013084649,-0.006835636,0.014364325,0.300000000,0.250000000
34,8,4.312500000,1.062500000,0,0.063986211,0.017335717,-0.006849685,0.015431902,0.300000000,0.250000000
35,8,4.437500000,1.062500000,0,0.066964114,0.021980610,-0.005165708,0.016443398,0.300000000,0.250000000
36,8,4.562500000,1.062500000,0,0.070295821,0.024020886,-0.005245503,0.017171486,0.300000000,0.250000000
37,8,4.687500000,1.062500000,0,0.074793981,0.034677128,-0.006797697,0.016816924,0.300000000,0.250000000
38,8,4.812500000,1.062500000,0,0.080672398,0.038263125,-0.005734918,0.010532828,0.300000000,0.250000000
39,8,4.937500000,1.062500000,0,0.090508474,0.038235529,0.000000000,0.000000000,0.300000000,0.250000000
0,9,0.062500000,1.187500000,0,0.074052388,0.000000000,-0.000000000,0.000000000,0.300000000,0.250000000
1,9,0.187500000,1.187500000,0,0.068800200,0.002024450,0.004790458,0.000004427,0.300000000,0.250000000
2,9,0.312500000,1.187500000,0,0.066279487,0.003039796,0.005277619,0.000013614,0.300000000,0.250000000
3,9,0.437500000,1.187500000,0,0.063824441,0.007878584,0.004023831,0.000026735,0.300000000,0.250000000
4,9,0.562500000,1.187500000,0,0.063431644,0.008477469,0.004045520,0.000041129,0.300000000,0.250000000
5,9,0.687500000,1.187500000,0,0.064313251,0.008869457,0.004845751,0.000056356,0.300000000,0.250000000
6,9,0.812500000,1.187500000,0,0.063933289,0.009395203,0.004835770,0.000073298,0.300000000,0.250000000
7,9,0.937500000,1.187500000,0,0.063139064,0.009451798,0.004377842,0.000092922,0.300000000,0.250000000
8,9,1.062500000,1.187500000,0,0.063498733,0.009262630,0.004403134,0.000116624,0.300000000,0.250000000
9,9,1.187500000,1.187500000,0,0.064377258,0.008973826,0.004678012,0.000146692,0.300000000,0.250000000
10,9,1.312500000,1.187500000,0,0.064650537,0.008292984,0.004656597,0.000186061,0.300000000,0.250000000
11,9,1.437500000,1.187500000,0,0.064558455,0.007303113,0.004520321,0.000238260,0.300000000,0.250000000
12,9,1.562500000,1.187500000,0,0.064677960,0.006101031,0.004542693,0.000307995,0.300000000,0.250000000
13,9,1.687500000,1.187500000,0,0.064796551,0.004652416,0.004619963,0.000401552,0.300000000,0.250000000
14,9,1.812500000,1.187500000,0,0.064606052,0.002896759,0.004614192,0.000526655,0.300000000,0.250000000
15,9,1.937500000,1.187500000,0,0.064324444,0.000790517,0.004549597,0.000692688,0.300000000,0.250000000
16,9,2.062500000,1.187500000,0,0.064072263,-0.001575694,0.004517525,0.000911364,0.300000000,0.250000000
17,9,2.187500000,1.187500000,0,0.063670413,-0.004241047,0.004558464,0.001196097,0.300000000,0.250000000
18,9,2.312500000,1.187500000,0,0.063300075,-0.007318272,0.004505135,0.001561049,0.300000000,0.250000000
19,9,2.437500000,1.187500000,0,0.063091068,-0.010782395,0.004306127,0.002022511,0.300000000,0.250000000
20,9,2.562500000,1.187500000,0,0.062664545,-0.014466897,0.004282326,0.002595103,0.300000000,0.250000000
21,9,2.687500000,1.187500000,0,0.062366351,-0.018884061,0.004286804,0.003282791,0.300000000,0.250000000
22,9,2.812500000,1.187500000,0,0.062782212,-0.023916745,0.003785975,0.004089668,0.300000000,0.250000000
23,9,2.937500000,1.187500000,0,0.062061131,-0.029165849,0.003495338,0.005017327,0.300000000,0.250000000
24,9,3.062500000,1.187500000,0,0.059220110,-0.034030237,0.003885289,0.006008265,0.300000000,0.250000000
25,9,3.187500000,1.187500000,0,0.057385023,-0.042186221,0.002862925,0.006973572,0.300000000,0.250000000
26,9,3.312500000,1.187500000,0,0.051842422,-0.045195394,0.000793038,0.007961376,0.300000000,0.250000000
27,9,3.437500000,1.187500000,0,0.023320048,-0.034476046,0.002551864,0.008788865,0.300000000,0.250000000
28,9,3.562500000,1.187500000,1,0.000000000,0.000000000,0.000000000,0.000000000,0.300000000,0.250000000
29,9,3.687500000,1.187500000,1,0.000000000,0.000000000,0.000000000,0.000000000,0.300000000,0.250000000
30,9,3.812500000,1.187500000,0,0.005250347,-0.000264297,-0.007170042,0.012937061,0.300000000,0.250000000
31,9,3.937500000,1.187500000,0,0.013498910,-0.003826431,-0.007213961,0.013742781,0.300000000,0.250000000
32,9,4.062500000,1.187500000,0,0.022085090,0.000648479,-0.007246719,0.014666546,0.300000000,0.250000000
33,9,4.187500000,1.187500000,0,0.030149883,0.005759813,-0.006579560,0.015600100,0.300000000,0.250000000
34,9,4.312500000,1.187500000,0,0.036148765,0.011413011,-0.006034717,0.016499410,0.300000000,0.250000000
35,9,4.437500000,1.187500000,0,0.042730560,0.016969548,-0.006425712,0.017239017,0.300000000,0.250000000
36,9,4.562500000,1.187500000,0,0.050164942,0.021158745,-0.006831607,0.017715042,0.300000000,0.250000000
37,9,4.687500000,1.187500000,0,0.057224743,0.024707051,-0.005154978,0.016771619,0.300000000,0.250000000
38,9,4.812500000,1.187500000,0,0.070429266,0.025195462,-0.005295843,0.009919416,0.300000000,0.250000000
39,9,4.937500000,1.187500000,0,0.090508474,0.025171133,-0.000000000,0.000000000,0.300000000,0.250000000
0,10,0.062500000,1.312500000,0,0.074052388,0.000000000,-0.000000000,0.000000000,0.300000000,0.250000000
1,10,0.187500000,1.312500000,0,0.067958420,0.005335409,0.003569010,0.000011304,0.300000000,0.250000000
2,10,0.312500000,1.312500000,0,0.063992286,0.007931155,0.004307868,0.000035310,0.300000000,0.250000000
3,10,0.437500000,1.312500000,0,0.058984761,0.009554242,0.004967575,0.000059379,0.300000000,0.250000000
4,10,0.562500000,1.312500000,0,0.055652039,0.008867910,0.004303280,0.000081967,0.300000000,0.250000000
5,10,0.687500000,1.312500000,0,0.055031105,0.008885129,0.004178614,0.000104548,0.300000000,0.250000000
6,10,0.812500000,1.312500000,0,0.056030013,0.009518037,0.004579528,0.000128433,0.300000000,0.250000000
7,10,0.937500000,1.312500000,0,0.056603529,0.009379118,0.004661763,0.000155805,0.300000000,0.250000000
8,10,1.062500000,1.312500000,0,0.056501114,0.008951116,0.004538235,0.000188655,0.300000000,0.250000000
9,10,1.187500000,1.312500000,0,0.056662869,0.008524159,0.004538378,0.000229265,0.300000000,0.250000000
10,10,1.312500000,1.312500000,0,0.057206876,0.008048428,0.004597919,0.000280823,0.300000000,0.250000000
11,10,1.437500000,1.312500000,0,0.057636831,0.007184292,0.004630044,0.000347750,0.300000000,0.250000000
12,10,1.562500000,1.312500000,0,0.057758255,0.006027886,0.004650981,0.000435616,0.300000000,0.250000000
13,10,1.687500000,1.312500000,0,0.057710776,0.004708447,0.004666458,0.000551440,0.300000000,0.250000000
14,10,1.812500000,1.312500000,0,0.057633222,0.003097721,0.004664801,0.000704323,0.300000000,0.250000000
15,10,1.937500000,1.312500000,0,0.057448004,0.001092176,0.004669841,0.000905873,0.300000000,0.250000000
16,10,2.062500000,1.312500000,0,0.057020172,-0.001172821,0.004707219,0.001169720,0.300000000,0.250000000
17,10,2.187500000,1.312500000,0,0.056500680,-0.003799256,0.004696841,0.001510656,0.300000000,0.250000000
18,10,2.312500000,1.312500000,0,0.056018366,-0.006837308,0.004596418,0.001945255,0.300000000,0.250000000
19,10,2.437500000,1.312500000,0,0.055360966,-0.010251884,0.004579747,0.002489258,0.300000000,0.250000000
20,10,2.562500000,1.312500000,0,0.054664969,-0.014025691,0.004595029,0.003149977,0.300000000,0.250000000
21,10,2.687500000,1.312500000,0,0.054135989,-0.018494165,0.004346611,0.003928250,0.300000000,0.250000000
22,10,2.812500000,1.312500000,0,0.053053835,-0.023045944,0.004131286,0.004819094,0.300000000,0.250000000
23,10,2.937500000,1.312500000,0,0.051280922,-0.027643134,0.004195611,0.005782401,0.300000000,0.250000000
24,10,3.062500000,1.312500000,0,0.049450311,-0.031172449,0.003702466,0.006755078,0.300000000,0.250000000
25,10,3.187500000,1.312500000,0,0.042312860,-0.033168657,0.002985974,0.007733622,0.300000000,0.250000000
26,10,3.312500000,1.312500000,0,0.023819039,-0.027309581,0.003982922,0.008546184,0.300000000,0.250000000
27,10,3.437500000,1.312500000,0,0.005291084,-0.007879674,0.003890036,0.008890792,0.300000000,0.250000000
28,10,3.562500000,1.312500000,1,0.000000000,0.000000000,0.000000000,0.000000000,0.300000000,0.250000000
29,10,3.687500000,1.312500000,1,0.000000000,0.000000000,0.000000000,0.000000000,0.300000000,0.250000000
30,10,3.812500000,1.312500000,0,0.001807624,-0.006125046,-0.007044536,0.013553626,0.300000000,0.250000000
31,10,3.937500000,1.312500000,0,0.005218173,-0.009719534,-0.007217099,0.014233495,0.300000000,0.250000000
32,10,4.062500000,1.312500000,0,0.009288818,-0.005747278,-0.007064246,0.015200461,0.300000000,0.250000000
33,10,4.187500000,1.312500000,0,0.012947386,-0.000320511,-0.006402746,0.016188408,0.300000000,0.250000000
34,10,4.312500000,1.312500000,0,0.018509361,0.005086734,-0.006310601,0.017005137,0.300000000,0.250000000
35,10,4.437500000,1.312500000,0,0.026430339,0.009799373,-0.007228473,0.017675291,0.300000000,0.250000000
36,10,4.562500000,1.312500000,0,0.029069183,0.017406978,-0.006342689,0.017934966,0.300000000,0.250000000
37,10,4.687500000,1.312500000,0,0.027866226,0.013925159,-0.003455470,0.016662165,0.300000000,0.250000000
38,10,4.812500000,1.312500000,0,0.049361875,0.000328821,-0.006133446,0.010536126,0.300000000,0.250000000
39,10,4.937500000,1.312500000,0,0.090508474,0.000316242,0.000000000,0.000000000,0.300000000,0.250000000
0,11,0.062500000,1.437500000,0,0.074052388,0.000000000,-0.000000000,0.000000000,0.300000000,0.250000000
1,11,0.187500000,1.437500000,0,0.051392557,0.015871299,0.003786627,0.000046679,0.300000000,0.250000000
2,11,0.312500000,1.437500000,0,0.039695475,0.013847430,0.002034750,0.000091166,0.300000000,0.250000000
3,11,0.437500000,1.437500000,0,0.043922973,0.009399127,0.004330542,0.000122632,0.300000000,0.250000000
4,11,0.562500000,1.437500000,0,0.047652526,0.010007882,0.005199180,0.000152109,0.300000000,0.250000000
5,11,0.687500000,1.437500000,0,0.046129298,0.009609647,0.004434674,0.000182056,0.300000000,0.250000000
6,11,0.812500000,1.437500000,0,0.045205094,0.008865642,0.004144931,0.000214788,0.300000000,0.250000000
7,11,0.937500000,1.437500000,0,0.046604031,0.008658543,0.004558974,0.000252495,0.300000000,0.250000000
8,11,1.062500000,1.437500000,0,0.047903429,0.008687870,0.004691304,0.000297914,0.300000000,0.250000000
9,11,1.187500000,1.437500000,0,0.048333833,0.008161890,0.004530134,0.000353910,0.300000000,0.250000000
10,11,1.312500000,1.437500000,0,0.048752612,0.007540315,0.004559241,0.000424073,0.300000000,0.250000000
11,11,1.437500000,1.437500000,0,0.049310350,0.006858798,0.004694323,0.000513439,0.300000000,0.250000000
12,11,1.562500000,1.437500000,0,0.049599357,0.005982524,0.004707305,0.000628570,0.300000000,0.250000000
13,11,1.687500000,1.437500000,0,0.049657445,0.004738656,0.004687426,0.000777796,0.300000000,0.250000000
14,11,1.812500000,1.437500000,0,0.049652734,0.003211297,0.004732931,0.000971662,0.300000000,0.250000000
15,11,1.937500000,1.437500000,0,0.049394733,0.001467258,0.004799101,0.001223034,0.300000000,0.250000000
16,11,2.062500000,1.437500000,0,0.048884572,-0.000660966,0.004821124,0.001546494,0.300000000,0.250000000
17,11,2.187500000,1.437500000,0,0.048370040,-0.003256908,0.004762560,0.001958004,0.300000000,0.250000000
18,11,2.312500000,1.437500000,0,0.047688765,-0.006093548,0.004756522,0.002472927,0.300000000,0.250000000
19,11,2.437500000,1.437500000,0,0.046720258,-0.009455454,0.004849465,0.003099338,0.300000000,0.250000000
20,11,2.562500000,1.437500000,0,0.045896642,-0.013361065,0.004713358,0.003837449,0.300000000,0.250000000
21,11,2.687500000,1.437500000,0,0.044895174,-0.017344523,0.004450280,0.004681618,0.300000000,0.250000000
22,11,2.812500000,1.437500000,0,0.042797487,-0.020942094,0.004586766,0.005600412,0.300000000,0.250000000
23,11,2.937500000,1.437500000,0,0.039636754,-0.025047308,0.004548361,0.006530000,0.300000000,0.250000000
24,11,3.062500000,1.437500000,0,0.034795637,-0.026478814,0.003775952,0.007416012,0.300000000,0.250000000
25,11,3.187500000,1.437500000,0,0.025235204,-0.020548304,0.003591789,0.008214157,0.300000000,0.250000000
26,11,3.312500000,1.437500000,0,0.009531127,-0.008238159,0.004234078,0.008813893,0.300000000,0.250000000
27,11,3.437500000,1.437500000,1,0.000000000,0.000000000,0.000000000,0.000000000,0.300000000,0.250000000
28,11,3.562500000,1.437500000,1,0.000000000,0.000000000,0.000000000,0.000000000,0.300000000,0.250000000
29,11,3.687500000,1.437500000,0,0.001797564,-0.002188360,-0.006704761,0.012013238,0.300000000,0.250000000
30,11,3.812500000,1.437500000,0,0.003813524,-0.007585202,-0.006964437,0.012925468,0.300000000,0.250000000
31,11,3.937500000,1.437500000,0,0.002708353,-0.010489271,-0.006705095,0.013935225,0.300000000,0.250000000
32,11,4.062500000,1.437500000,0,0.002447506,-0.007885154,-0.006528457,0.014940287,0.300000000,0.250000000
33,11,4.187500000,1.437500000,0,0.004804457,-0.004109186,-0.007021273,0.015964315,0.300000000,0.250000000
34,11,4.312500000,1.437500000,0,0.006879026,0.001054007,-0.006947013,0.016911533,0.300000000,0.250000000
35,11,4.437500000,1.437500000,0,0.006558433,0.006020033,-0.005628914,0.017506371,0.300000000,0.250000000
36,11,4.562500000,1.437500000,0,0.011278857,0.013319824,-0.005605871,0.017383411,0.300000000,0.250000000
37,11,4.687500000,1.437500000,0,0.022512436,0.008422449,-0.008190415,0.016315145,0.300000000,0.250000000
38,11,4.812500000,1.437500000,0,0.014839857,-0.006099696,-0.006150144,0.014617171,0.300000000,0.250000000
39,11,4.937500000,1.437500000,1,0.000000000,0.000000000,0.000000000,0.000000000,0.300000000,0.250000000
0,12,0.062500000,1.562500000,1,0.000000000,0.000000000,0.000000000,0.000000000,0.300000000,0.250000000
1,12,0.187500000,1.562500000,0,0.015330919,0.013456096,0.003831752,0.000159369,0.300000000,0.250000000
2,12,0.312500000,1.562500000,0,0.029914335,0.012490816,0.006205914,0.000190895,0.300000000,0.250000000
3,12,0.437500000,1.562500000,0,0.028255901,0.007689594,0.004114147,0.000225343,0.300000000,0.250000000
4,12,0.562500000,1.562500000,0,0.027850799,0.008352162,0.003577136,0.000257470,0.300000000,0.250000000
5,12,0.687500000,1.562500000,0,0.032520716,0.008150532,0.004497537,0.000293907,0.300000000,0.250000000
6,12,0.812500000,1.562500000,0,0.035834559,0.007804806,0.004722394,0.000337793,0.300000000,0.250000000
7,12,0.937500000,1.562500000,0,0.036630718,0.007617803,0.004443496,0.000389623,0.300000000,0.250000000
8,12,1.062500000,1.562500000,0,0.037507652,0.007667045,0.004436427,0.000451522,0.300000000,0.250000000
9,12,1.187500000,1.562500000,0,0.038877827,0.007408880,0.004610481,0.000527757,0.300000000,0.250000000
10,12,1.312500000,1.562500000,0,0.039840238,0.006964376,0.004669862,0.000622994,0.300000000,0.250000000
11,12,1.437500000,1.562500000,0,0.040361842,0.006414731,0.004644702,0.000742391,0.300000000,0.250000000
12,12,1.562500000,1.562500000,0,0.040816141,0.005727909,0.004680795,0.000893202,0.300000000,0.250000000
13,12,1.687500000,1.562500000,0,0.041112600,0.004673550,0.004770500,0.001085094,0.300000000,0.250000000
14,12,1.812500000,1.562500000,0,0.041048319,0.003378553,0.004826705,0.001329634,0.300000000,0.250000000
15,12,1.937500000,1.562500000,0,0.040746871,0.001839516,0.004836487,0.001640025,0.300000000,0.250000000
16,12,2.062500000,1.562500000,0,0.040402721,-0.000147576,0.004842149,0.002030862,0.300000000,0.250000000
17,12,2.187500000,1.562500000,0,0.039795298,-0.002544712,0.004896076,0.002516364,0.300000000,0.250000000
18,12,2.312500000,1.562500000,0,0.038909011,-0.005291767,0.004966082,0.003105413,0.300000000,0.250000000
19,12,2.437500000,1.562500000,0,0.038034740,-0.008528160,0.004878733,0.003798045,0.300000000,0.250000000
20,12,2.562500000,1.562500000,0,0.036889276,-0.012036709,0.004772849,0.004587072,0.300000000,0.250000000
21,12,2.687500000,1.562500000,0,0.035039183,-0.015626612,0.004883358,0.005442879,0.300000000,0.250000000
22,12,2.812500000,1.562500000,0,0.032744272,-0.018501433,0.004762037,0.006313408,0.300000000,0.250000000
23,12,2.937500000,1.562500000,0,0.028485059,-0.019778849,0.004314159,0.007150380,0.300000000,0.250000000
24,12,3.062500000,1.562500000,0,0.019623716,-0.016961917,0.004499754,0.007878579,0.300000000,0.250000000
25,12,3.187500000,1.562500000,0,0.006676972,-0.007016290,0.004702836,0.008357018,0.300000000,0.250000000
26,12,3.312500000,1.562500000,1,0.000000000,0.000000000,0.000000000,0.000000000,0.300000000,0.250000000
27,12,3.437500000,1.562500000,1,0.000000000,0.000000000,0.000000000,0.000000000,0.300000000,0.250000000
28,12,3.562500000,1.562500000,0,0.000932597,-0.001065967,-0.006574774,0.009748220,0.300000000,0.250000000
29,12,3.687500000,1.562500000,0,0.002398268,-0.004495100,-0.006762821,0.010817009,0.300000000,0.250000000
30,12,3.812500000,1.562500000,0,0.002917730,-0.007287036,-0.006678025,0.011894885,0.300000000,0.250000000
31,12,3.937500000,1.562500000,0,0.001701936,-0.009107531,-0.006698800,0.012989731,0.300000000,0.250000000
32,12,4.062500000,1.562500000,0,0.000244024,-0.008032002,-0.006621108,0.014097795,0.300000000,0.250000000
33,12,4.187500000,1.562500000,0,-0.000004213,-0.005463091,-0.006681712,0.015144061,0.300000000,0.250000000
34,12,4.312500000,1.562500000,0,0.000797884,0.000264246,-0.006776389,0.016085725,0.300000000,0.250000000
35,12,4.437500000,1.562500000,0,0.001551332,0.005355232,-0.006350280,0.016738199,0.300000000,0.250000000
36,12,4.562500000,1.562500000,0,0.002588409,0.008324266,-0.005814116,0.016822167,0.300000000,0.250000000
37,12,4.687500000,1.562500000,0,0.002786590,0.007609186,-0.006401168,0.016363345,0.300000000,0.250000000
38,12,4.812500000,1.562500000,0,0.001406441,0.003761624,-0.006022098,0.016173522,0.300000000,0.250000000
39,12,4.937500000,1.562500000,1,0.000000000,0.000000000,0.000000000,0.000000000,0.300000000,0.250000000
0,13,0.062500000,1.687500000,1,0.000000000,0.000000000,0.000000000,0.000000000,0.300000000,0.250000000
1,13,0.187500000,1.687500000,0,0.001989817,0.001549973,0.004026376,0.000313860,0.300000000,0.250000000
2,13,0.312500000,1.687500000,0,0.007736498,0.004604113,0.004233458,0.000328720,0.300000000,0.250000000
3,13,0.437500000,1.687500000,0,0.014764217,0.005658234,0.003841403,0.000355143,0.300000000,0.250000000
4,13,0.562500000,1.687500000,0,0.019756971,0.004818587,0.004294121,0.000394105,0.300000000,0.250000000
5,13,0.687500000,1.687500000,0,0.022675136,0.004900695,0.004598357,0.000442214,0.300000000,0.250000000
6,13,0.812500000,1.687500000,0,0.024358231,0.006163866,0.004465512,0.000498575,0.300000000,0.250000000
7,13,0.937500000,1.687500000,0,0.026131473,0.006292749,0.004349578,0.000566849,0.300000000,0.250000000
8,13,1.062500000,1.687500000,0,0.028143801,0.006105142,0.004493218,0.000650925,0.300000000,0.250000000
9,13,1.187500000,1.687500000,0,0.029697526,0.006217128,0.004640540,0.000753761,0.300000000,0.250000000
10,13,1.312500000,1.687500000,0,0.030675333,0.006251267,0.004626695,0.000879673,0.300000000,0.250000000
11,13,1.437500000,1.687500000,0,0.031417095,0.005860419,0.004625613,0.001035250,0.300000000,0.250000000
12,13,1.562500000,1.687500000,0,0.032070702,0.005247354,0.004731000,0.001228571,0.300000000,0.250000000
13,13,1.687500000,1.687500000,0,0.032425538,0.004541960,0.004804717,0.001469112,0.300000000,0.250000000
14,13,1.812500000,1.687500000,0,0.032431524,0.003594402,0.004823763,0.001768761,0.300000000,0.250000000
15,13,1.937500000,1.687500000,0,0.032273756,0.002104770,0.004869074,0.002140670,0.300000000,0.250000000
16,13,2.062500000,1.687500000,0,0.031945337,0.000328269,0.004922436,0.002597093,0.300000000,0.250000000
17,13,2.187500000,1.687500000,0,0.031193853,-0.001703961,0.004991929,0.003146303,0.300000000,0.250000000
18,13,2.312500000,1.687500000,0,0.030328370,-0.004435599,0.005020595,0.003788982,0.300000000,0.250000000
19,13,2.437500000,1.687500000,0,0.029449772,-0.007479199,0.004917143,0.004518224,0.300000000,0.250000000
20,13,2.562500000,1.687500000,0,0.027992673,-0.010378785,0.004954769,0.005310459,0.300000000,0.250000000
21,13,2.687500000,1.687500000,0,0.025532834,-0.013256791,0.005087271,0.006113850,0.300000000,0.250000000
22,13,2.812500000,1.687500000,0,0.022100341,-0.014836077,0.004817118,0.006876617,0.300000000,0.250000000
23,13,2.937500000,1.687500000,0,0.016263451,-0.012582542,0.004515339,0.007551250,0.300000000,0.250000000
24,13,3.062500000,1.687500000,0,0.006357891,-0.005713540,0.004834032,0.008053822,0.300000000,0.250000000
25,13,3.187500000,1.687500000,1,0.000000000,0.000000000,0.000000000,0.000000000,0.300000000,0.250000000
26,13,3.312500000,1.687500000,1,0.000000000,0.000000000,0.000000000,0.000000000,0.300000000,0.250000000
27,13,3.437500000,1.687500000,0,0.000630451,-0.000716833,-0.006593620,0.007526617,0.300000000,0.250000000
28,13,3.562500000,1.687500000,0,0.001781090,-0.002690333,-0.006764563,0.008553004,0.300000000,0.250000000
29,13,3.687500000,1.687500000,0,0.002098404,-0.004572231,-0.006631311,0.009570946,0.300000000,0.250000000
30,13,3.812500000,1.687500000,0,0.001492737,-0.006753660,-0.006471543,0.010628420,0.300000000,0.250000000
31,13,3.937500000,1.687500000,0,0.000548245,-0.007809687,-0.006751420,0.011717748,0.300000000,0.250000000
32,13,4.062500000,1.687500000,0,-0.000659438,-0.006836208,-0.006897927,0.012843570,0.300000000,0.250000000
33,13,4.187500000,1.687500000,0,-0.003014093,-0.004264793,-0.006355860,0.013934661,0.300000000,0.250000000
34,13,4.312500000,1.687500000,0,-0.004217019,-0.000098977,-0.006083152,0.014834970,0.300000000,0.250000000
35,13,4.437500000,1.687500000,0,-0.002087450,0.003335625,-0.006992554,0.015486822,0.300000000,0.250000000
36,13,4.562500000,1.687500000,0,-0.000195028,0.005438818,-0.006935415,0.015872656,0.300000000,0.250000000
37,13,4.687500000,1.687500000,0,-0.000789716,0.010053812,-0.005093265,0.015933472,0.300000000,0.250000000
38,13,4.812500000,1.687500000,0,-0.000672871,0.004293459,-0.005682721,0.015843295,0.300000000,0.250000000
39,13,4.937500000,1.687500000,1,0.000000000,0.000000000,0.000000000,0.000000000,0.300000000,0.250000000
0,14,0.062500000,1.812500000,1,0.000000000,0.000000000,0.000000000,0.000000000,0.300000000,0.250000000
1,14,0.187500000,1.812500000,0,0.000029664,-0.001005979,0.003653758,0.000460980,0.300000000,0.250000000
2,14,0.312500000,1.812500000,0,0.002937005,-0.002602559,0.003016763,0.000475626,0.300000000,0.250000000
3,14,0.437500000,1.812500000,0,0.008137516,0.001999749,0.004676632,0.000506659,0.300000000,0.250000000
4,14,0.562500000,1.812500000,0,0.011025255,0.002433536,0.004850960,0.000554635,0.300000000,0.250000000
5,14,0.687500000,1.812500000,0,0.012159604,0.002680963,0.004011590,0.000614697,0.300000000,0.250000000
6,14,0.812500000,1.812500000,0,0.014946497,0.003507400,0.004141993,0.000688357,0.300000000,0.250000000
7,14,0.937500000,1.812500000,0,0.018091319,0.004230874,0.004625680,0.000780094,0.300000000,0.250000000
8,14,1.062500000,1.812500000,0,0.019686953,0.004744946,0.004618448,0.000891702,0.300000000,0.250000000
9,14,1.187500000,1.812500000,0,0.020642216,0.005014126,0.004460602,0.001025500,0.300000000,0.250000000
10,14,1.312500000,1.812500000,0,0.021997606,0.005147193,0.004546787,0.001187147,0.300000000,0.250000000
11,14,1.437500000,1.812500000,0,0.023180606,0.005086321,0.004721513,0.001383749,0.300000000,0.250000000
12,14,1.562500000,1.812500000,0,0.023757227,0.004804779,0.004770286,0.001622710,0.300000000,0.250000000
13,14,1.687500000,1.812500000,0,0.024056979,0.004349187,0.004748949,0.001913378,0.300000000,0.250000000
14,14,1.812500000,1.812500000,0,0.024348553,0.003572465,0.004810505,0.002266923,0.300000000,0.250000000
15,14,1.937500000,1.812500000,0,0.024286474,0.002366474,0.004934724,0.002693685,0.300000000,0.250000000
16,14,2.062500000,1.812500000,0,0.023764508,0.000921985,0.005004056,0.003202428,0.300000000,0.250000000
17,14,2.187500000,1.812500000,0,0.023177309,-0.001025118,0.004983548,0.003794729,0.300000000,0.250000000
18,14,2.312500000,1.812500000,0,0.022544104,-0.003454374,0.004964634,0.004463001,0.300000000,0.250000000
19,14,2.437500000,1.812500000,0,0.021151645,-0.006058460,0.005116848,0.005184570,0.300000000,0.250000000
20,14,2.562500000,1.812500000,0,0.019346753,-0.008645176,0.005185098,0.005919652,0.300000000,0.250000000
21,14,2.687500000,1.812500000,0,0.016907373,-0.010054914,0.004865851,0.006619715,0.300000000,0.250000000
22,14,2.812500000,1.812500000,0,0.012254271,-0.009294781,0.004887676,0.007235047,0.300000000,0.250000000
23,14,2.937500000,1.812500000,0,0.004445918,-0.004328452,0.005287204,0.007673873,0.300000000,0.250000000
24,14,3.062500000,1.812500000,1,0.000000000,0.000000000,0.000000000,0.000000000,0.300000000,0.250000000
25,14,3.187500000,1.812500000,1,0.000000000,0.000000000,0.000000000,0.000000000,0.300000000,0.250000000
26,14,3.312500000,1.812500000,0,0.000343715,-0.000431899,-0.006678479,0.005663322,0.300000000,0.250000000
27,14,3.437500000,1.812500000,0,0.001001190,-0.001656908,-0.006681198,0.006503080,0.300000000,0.250000000
28,14,3.562500000,1.812500000,0,0.001417702,-0.003187417,-0.006596910,0.007368424,0.300000000,0.250000000
29,14,3.687500000,1.812500000,0,0.001433039,-0.004321494,-0.006622623,0.008304625,0.300000000,0.250000000
30,14,3.812500000,1.812500000,0,0.000724528,-0.005950287,-0.006707624,0.009288970,0.300000000,0.250000000
31,14,3.937500000,1.812500000,0,-0.000858212,-0.006315918,-0.006545337,0.010315779,0.300000000,0.250000000
32,14,4.062500000,1.812500000,0,-0.002295685,-0.005209115,-0.006543380,0.011372937,0.300000000,0.250000000
33,14,4.187500000,1.812500000,0,-0.003227761,-0.002994723,-0.006726073,0.012412035,0.300000000,0.250000000
34,14,4.312500000,1.812500000,0,-0.003961801,-0.000320456,-0.006507534,0.013324537,0.300000000,0.250000000
35,14,4.437500000,1.812500000,0,-0.004873844,0.003299113,-0.006187489,0.013993322,0.300000000,0.250000000
36,14,4.562500000,1.812500000,0,-0.005212027,0.005657225,-0.006403042,0.014434873,0.300000000,0.250000000
37,14,4.687500000,1.812500000,0,-0.002855247,0.007113395,-0.006431878,0.014706110,0.300000000,0.250000000
38,14,4.812500000,1.812500000,0,-0.000108178,0.003242462,-0.006453098,0.014753098,0.300000000,0.250000000
39,14,4.937500000,1.812500000,1,0.000000000,0.000000000,0.000000000,0.000000000,0.300000000,0.250000000
0,15,0.062500000,1.937500000,1,0.000000000,0.000000000,0.000000000,0.000000000,0.300000000,0.250000000
1,15,0.187500000,1.937500000,0,0.000337365,-0.001646053,0.004159231,0.000596560,0.300000000,0.250000000
2,15,0.312500000,1.937500000,0,-0.000018078,-0.002958983,0.004340146,0.000618051,0.300000000,0.250000000
3,15,0.437500000,1.937500000,0,0.000659942,-0.002071285,0.004244066,0.000661486,0.300000000,0.250000000
4,15,0.562500000,1.937500000,0,0.003775264,-0.000910023,0.003983623,0.000720389,0.300000000,0.250000000
5,15,0.687500000,1.937500000,0,0.007039051,0.000696988,0.004292695,0.000797876,0.300000000,0.250000000
6,15,0.812500000,1.937500000,0,0.009080419,0.001354946,0.004550150,0.000897457,0.300000000,0.250000000
7,15,0.937500000,1.937500000,0,0.010258969,0.002340334,0.004443370,0.001017258,0.300000000,0.250000000
8,15,1.062500000,1.937500000,0,0.011769958,0.003289790,0.004385174,0.001158863,0.300000000,0.250000000
9,15,1.187500000,1.937500000,0,0.013475054,0.003732140,0.004521287,0.001328273,0.300000000,0.250000000
10,15,1.312500000,1.937500000,0,0.014721075,0.004002271,0.004662532,0.001530325,0.300000000,0.250000000
11,15,1.437500000,1.937500000,0,0.015519764,0.004280071,0.004678531,0.001769097,0.300000000,0.250000000
12,15,1.562500000,1.937500000,0,0.016254372,0.004356908,0.004666913,0.002052342,0.300000000,0.250000000
13,15,1.687500000,1.937500000,0,0.016830283,0.003999206,0.004778261,0.002389666,0.300000000,0.250000000
14,15,1.812500000,1.937500000,0,0.017130470,0.003356292,0.004904450,0.002788596,0.300000000,0.250000000
15,15,1.937500000,1.937500000,0,0.017048776,0.002708713,0.004898394,0.003255708,0.300000000,0.250000000
16,15,2.062500000,1.937500000,0,0.016716840,0.001534104,0.004934866,0.003795920,0.300000000,0.250000000
17,15,2.187500000,1.937500000,0,0.016188791,-0.000491156,0.005048322,0.004404108,0.300000000,0.250000000
18,15,2.312500000,1.937500000,0,0.015260126,-0.002376024,0.005073307,0.005060598,0.300000000,0.250000000
19,15,2.437500000,1.937500000,0,0.013706248,-0.004408453,0.005127744,0.005728411,0.300000000,0.250000000
20,15,2.562500000,1.937500000,0,0.011860347,-0.006411863,0.005122143,0.006360054,0.300000000,0.250000000
21,15,2.687500000,1.937500000,0,0.008776954,-0.006254180,0.005018407,0.006920425,0.300000000,0.250000000
22,15,2.812500000,1.937500000,0,0.003452458,-0.003058654,0.005181598,0.007337136,0.300000000,0.250000000
23,15,2.937500000,1.937500000,1,0.000000000,0.000000000,0.000000000,0.000000000,0.300000000,0.250000000
24,15,3.062500000,1.937500000,1,0.000000000,0.000000000,0.000000000,0.000000000,0.300000000,0.250000000
25,15,3.187500000,1.937500000,0,0.000071265,-0.000136495,-0.006685440,0.004308657,0.300000000,0.250000000
26,15,3.312500000,1.937500000,0,0.000599662,-0.001241431,-0.006685450,0.004873420,0.300000000,0.250000000
27,15,3.437500000,1.937500000,0,0.001075344,-0.002030794,-0.006679468,0.005517687,0.300000000,0.250000000
28,15,3.562500000,1.937500000,0,0.001019707,-0.003033438,-0.006585021,0.006264421,0.300000000,0.250000000
29,15,3.687500000,1.937500000,0,0.000735803,-0.004158973,-0.006603045,0.007071767,0.300000000,0.250000000
30,15,3.812500000,1.937500000,0,0.000170274,-0.004895717,-0.006737160,0.007948155,0.300000000,0.250000000
31,15,3.937500000,1.937500000,0,-0.001188534,-0.004707999,-0.006601809,0.008887077,0.300000000,0.250000000
32,15,4.062500000,1.937500000,0,-0.002862715,-0.003817824,-0.006378544,0.009841953,0.300000000,0.250000000
33,15,4.187500000,1.937500000,0,-0.003847746,-0.002183521,-0.006579529,0.010759763,0.300000000,0.250000000
34,15,4.312500000,1.937500000,0,-0.004124609,-0.000172246,-0.006791270,0.011605994,0.300000000,0.250000000
35,15,4.437500000,1.937500000,0,-0.004164622,0.003167407,-0.006273540,0.012299517,0.300000000,0.250000000
36,15,4.562500000,1.937500000,0,-0.003308722,0.005459036,-0.006112051,0.012754300,0.300000000,0.250000000
37,15,4.687500000,1.937500000,0,-0.001885397,0.004003302,-0.006739936,0.013006832,0.300000000,0.250000000
38,15,4.812500000,1.937500000,0,-0.000440827,0.002336140,-0.006485526,0.013120287,0.300000000,0.250000000
39,15,4.937500000,1.937500000,1,0.000000000,0.000000000,0.000000000,0.000000000,0.300000000,0.250000000
0,16,0.062500000,2.062500000,1,0.000000000,0.000000000,0.000000000,0.000000000,0.300000000,0.250000000
1,16,0.187500000,2.062500000,0,-0.000232398,-0.001688708,0.004193133,0.000719556,0.300000000,0.250000000
2,16,0.312500000,2.062500000,0,-0.000155890,-0.002540948,0.004502527,0.000748496,0.300000000,0.250000000
3,16,0.437500000,2.062500000,0,0.000447925,-0.004098059,0.003961798,0.000802506,0.300000000,0.250000000
4,16,0.562500000,2.062500000,0,0.001306646,-0.002778196,0.004083691,0.000879831,0.300000000,0.250000000
5,16,0.687500000,2.062500000,0,0.002526926,-0.000890680,0.004568677,0.000982351,0.300000000,0.250000000
6,16,0.812500000,2.062500000,0,0.003518203,0.000025415,0.004411817,0.001108407,0.300000000,0.250000000
7,16,0.937500000,2.062500000,0,0.004660257,0.000916579,0.004240630,0.001257834,0.300000000,0.250000000
8,16,1.062500000,2.062500000,0,0.006254520,0.001782413,0.004456442,0.001435131,0.300000000,0.250000000
9,16,1.187500000,2.062500000,0,0.007450483,0.002579189,0.004634989,0.001643382,0.300000000,0.250000000
10,16,1.312500000,2.062500000,0,0.008219827,0.003125325,0.004602575,0.001884523,0.300000000,0.250000000
11,16,1.437500000,2.062500000,0,0.009121727,0.003434024,0.004581450,0.002163654,0.300000000,0.250000000
12,16,1.562500000,2.062500000,0,0.010133563,0.003627924,0.004697382,0.002487686,0.300000000,0.250000000
13,16,1.687500000,2.062500000,0,0.010658329,0.003599808,0.004841907,0.002861269,0.300000000,0.250000000
14,16,1.812500000,2.062500000,0,0.010761729,0.003334680,0.004872189,0.003290207,0.300000000,0.250000000
15,16,1.937500000,2.062500000,0,0.010836190,0.002817676,0.004853850,0.003780426,0.300000000,0.250000000
16,16,2.062500000,2.062500000,0,0.010914316,0.001798916,0.004929898,0.004328042,0.300000000,0.250000000
17,16,2.187500000,2.062500000,0,0.010190219,0.000509032,0.005068380,0.004918001,0.300000000,0.250000000
18,16,2.312500000,2.062500000,0,0.008895959,-0.001095159,0.005166376,0.005529431,0.300000000,0.250000000
19,16,2.437500000,2.062500000,0,0.007777955,-0.003056135,0.005051737,0.006108796,0.300000000,0.250000000
20,16,2.562500000,2.062500000,0,0.005971975,-0.003581373,0.004993639,0.006614145,0.300000000,0.250000000
21,16,2.687500000,2.062500000,0,0.002222965,-0.002160227,0.005437392,0.006982298,0.300000000,0.250000000
22,16,2.812500000,2.062500000,1,0.000000000,0.000000000,0.000000000,0.000000000,0.300000000,0.250000000
23,16,2.937500000,2.062500000,1,0.000000000,0.000000000,0.000000000,0.000000000,0.300000000,0.250000000
24,16,3.062500000,2.062500000,1,0.000000000,0.000000000,0.000000000,0.000000000,0.300000000,0.250000000
25,16,3.187500000,2.062500000,0,0.000364276,-0.000633397,-0.006758340,0.003748946,0.300000000,0.250000000
26,16,3.312500000,2.062500000,0,0.000848925,-0.001599720,-0.006597365,0.004094189,0.300000000,0.250000000
27,16,3.437500000,2.062500000,0,0.000924502,-0.002224909,-0.006613535,0.004634781,0.300000000,0.250000000
28,16,3.562500000,2.062500000,0,0.000852231,-0.002910555,-0.006734387,0.005245086,0.300000000,0.250000000
29,16,3.687500000,2.062500000,0,0.000362250,-0.003627581,-0.006634527,0.005932126,0.300000000,0.250000000
30,16,3.812500000,2.062500000,0,-0.000543264,-0.003752947,-0.006496720,0.006684501,0.300000000,0.250000000
31,16,3.937500000,2.062500000,0,-0.001477828,-0.003559442,-0.006645062,0.007492513,0.300000000,0.250000000
32,16,4.062500000,2.062500000,0,-0.002360072,-0.002904766,-0.006685842,0.008324219,0.300000000,0.250000000
33,16,4.187500000,2.062500000,0,-0.003389125,-0.001291216,-0.006403997,0.009128510,0.300000000,0.250000000
34,16,4.312500000,2.062500000,0,-0.004159760,0.000634293,-0.006392297,0.009856234,0.300000000,0.250000000
35,16,4.437500000,2.062500000,0,-0.003923661,0.002085418,-0.006615245,0.010470717,0.300000000,0.250000000
36,16,4.562500000,2.062500000,0,-0.002370004,0.003380036,-0.006483669,0.010908417,0.300000000,0.250000000
37,16,4.687500000,2.062500000,0,-0.000899060,0.003266862,-0.006353144,0.011146366,0.300000000,0.250000000
38,16,4.812500000,2.062500000,0,-0.000162262,0.001427496,-0.006401985,0.011268781,0.300000000,0.250000000
39,16,4.937500000,2.062500000,1,0.000000000,0.000000000,0.000000000,0.000000000,0.300000000,0.250000000
0,17,0.062500000,2.187500000,1,0.000000000,0.000000000,0.000000000,0.000000000,0.300000000,0.250000000
1,17,0.187500000,2.187500000,0,-0.000049597,-0.001240320,0.004209647,0.000826501,0.300000000,0.250000000
2,17,0.312500000,2.187500000,0,-0.000097580,-0.003233995,0.004093006,0.000861895,0.300000000,0.250000000
3,17,0.437500000,2.187500000,0,-0.000495221,-0.003547810,0.004253443,0.000927707,0.300000000,0.250000000
4,17,0.562500000,2.187500000,0,-0.000983127,-0.002786945,0.004433914,0.001025255,0.300000000,0.250000000
5,17,0.687500000,2.187500000,0,-0.000765755,-0.002212884,0.004235045,0.001151592,0.300000000,0.250000000
6,17,0.812500000,2.187500000,0,0.000186935,-0.001037575,0.004215486,0.001304396,0.300000000,0.250000000
7,17,0.937500000,2.187500000,0,0.001147756,0.000076902,0.004477193,0.001487275,0.300000000,0.250000000
8,17,1.062500000,2.187500000,0,0.001731177,0.000830586,0.004555921,0.001701224,0.300000000,0.250000000
9,17,1.187500000,2.187500000,0,0.002382894,0.001609158,0.004477202,0.001945169,0.300000000,0.250000000
10,17,1.312500000,2.187500000,0,0.003475723,0.002260944,0.004506866,0.002222946,0.300000000,0.250000000
11,17,1.437500000,2.187500000,0,0.004377557,0.002637488,0.004679091,0.002539297,0.300000000,0.250000000
12,17,1.562500000,2.187500000,0,0.004951950,0.002871403,0.004805707,0.002894821,0.300000000,0.250000000
13,17,1.687500000,2.187500000,0,0.005593085,0.003171720,0.004733780,0.003291170,0.300000000,0.250000000
14,17,1.812500000,2.187500000,0,0.006270337,0.003306397,0.004713222,0.003734747,0.300000000,0.250000000
15,17,1.937500000,2.187500000,0,0.006401365,0.002703657,0.004973964,0.004224340,0.300000000,0.250000000
16,17,2.062500000,2.187500000,0,0.006119335,0.001975833,0.005076361,0.004750802,0.300000000,0.250000000
17,17,2.187500000,2.187500000,0,0.005515368,0.001644951,0.004889441,0.005300265,0.300000000,0.250000000
18,17,2.312500000,2.187500000,0,0.004717890,0.000114930,0.005007187,0.005840740,0.300000000,0.250000000
19,17,2.437500000,2.187500000,0,0.003330331,-0.001639014,0.005243763,0.006331314,0.300000000,0.250000000
20,17,2.562500000,2.187500000,0,0.001267813,-0.001129238,0.005242126,0.006667797,0.300000000,0.250000000
21,17,2.687500000,2.187500000,1,0.000000000,0.000000000,0.000000000,0.000000000,0.300000000,0.250000000
22,17,2.812500000,2.187500000,1,0.000000000,0.000000000,0.000000000,0.000000000,0.300000000,0.250000000
23,17,2.937500000,2.187500000,1,0.000000000,0.000000000,0.000000000,0.000000000,0.300000000,0.250000000
24,17,3.062500000,2.187500000,0,0.000699191,-0.000557722,-0.006487263,0.002615815,0.300000000,0.250000000
25,17,3.187500000,2.187500000,0,0.001201299,-0.001068265,-0.006634568,0.003033117,0.300000000,0.250000000
26,17,3.312500000,2.187500000,0,0.001071894,-0.001532890,-0.006764009,0.003430051,0.300000000,0.250000000
27,17,3.437500000,2.187500000,0,0.001101513,-0.002282641,-0.006642390,0.003843037,0.300000000,0.250000000
28,17,3.562500000,2.187500000,0,0.000965710,-0.002667981,-0.006611403,0.004345043,0.300000000,0.250000000
29,17,3.687500000,2.187500000,0,0.000313282,-0.002840264,-0.006671904,0.004914286,0.300000000,0.250000000
30,17,3.812500000,2.187500000,0,-0.000588340,-0.002853753,-0.006585177,0.005543696,0.300000000,0.250000000
31,17,3.937500000,2.187500000,0,-0.001459200,-0.002639788,-0.006533522,0.006212125,0.300000000,0.250000000
32,17,4.062500000,2.187500000,0,-0.002240247,-0.001992593,-0.006629837,0.006903054,0.300000000,0.250000000
33,17,4.187500000,2.187500000,0,-0.002897755,-0.000826305,-0.006555494,0.007583735,0.300000000,0.250000000
34,17,4.312500000,2.187500000,0,-0.003003984,0.000733194,-0.006377315,0.008195030,0.300000000,0.250000000
35,17,4.437500000,2.187500000,0,-0.002592266,0.001553258,-0.006531220,0.008695298,0.300000000,0.250000000
36,17,4.562500000,2.187500000,0,-0.001990726,0.001886123,-0.006567444,0.009073037,0.300000000,0.250000000
37,17,4.687500000,2.187500000,0,-0.001077090,0.002421850,-0.006307123,0.009309198,0.300000000,0.250000000
38,17,4.812500000,2.187500000,0,-0.000192548,0.000848472,-0.006456522,0.009412041,0.300000000,0.250000000
39,17,4.937500000,2.187500000,1,0.000000000,0.000000000,0.000000000,0.000000000,0.300000000,0.250000000
0,18,0.062500000,2.312500000,1,0.000000000,0.000000000,0.000000000,0.000000000,0.300000000,0.250000000
1,18,0.187500000,2.312500000,0,-0.000089069,-0.000965704,0.004234993,0.000916313,0.300000000,0.250000000
2,18,0.312500000,2.312500000,0,-0.000664024,-0.002830233,0.004102093,0.000956095,0.300000000,0.250000000
3,18,0.437500000,2.312500000,0,-0.001332786,-0.002785068,0.004346058,0.001034330,0.300000000,0.250000000
4,18,0.562500000,2.312500000,0,-0.001623482,-0.002721395,0.004324434,0.001148475,0.300000000,0.250000000
5,18,0.687500000,2.312500000,0,-0.001922426,-0.002388092,0.004184753,0.001295587,0.300000000,0.250000000
6,18,0.812500000,2.312500000,0,-0.001980682,-0.001336225,0.004377133,0.001476452,0.300000000,0.250000000
7,18,0.937500000,2.312500000,0,-0.001805745,-0.000441093,0.004496360,0.001690527,0.300000000,0.250000000
8,18,1.062500000,2.312500000,0,-0.001415197,0.000253604,0.004417708,0.001935451,0.300000000,0.250000000
9,18,1.187500000,2.312500000,0,-0.000762844,0.000856661,0.004460998,0.002212470,0.300000000,0.250000000
10,18,1.312500000,2.312500000,0,-0.000012121,0.001444521,0.004621669,0.002523673,0.300000000,0.250000000
11,18,1.437500000,2.312500000,0,0.000536291,0.001984062,0.004698580,0.002867525,0.300000000,0.250000000
12,18,1.562500000,2.312500000,0,0.001205535,0.002266493,0.004680759,0.003243835,0.300000000,0.250000000
13,18,1.687500000,2.312500000,0,0.002088415,0.002433589,0.004713077,0.003654294,0.300000000,0.250000000
14,18,1.812500000,2.312500000,0,0.002861805,0.002711280,0.004849700,0.004094126,0.300000000,0.250000000
15,18,1.937500000,2.312500000,0,0.002902890,0.002890259,0.004936610,0.004554487,0.300000000,0.250000000
16,18,2.062500000,2.312500000,0,0.002403289,0.002752471,0.004928994,0.005035830,0.300000000,0.250000000
17,18,2.187500000,2.312500000,0,0.002143962,0.001871014,0.004976822,0.005530749,0.300000000,0.250000000
18,18,2.312500000,2.312500000,0,0.002103243,0.000813623,0.004987146,0.005994645,0.300000000,0.250000000
19,18,2.437500000,2.312500000,0,0.001054986,0.000386155,0.005119227,0.006376683,0.300000000,0.250000000
20,18,2.562500000,2.312500000,0,0.000119558,-0.000189577,0.005387398,0.006649968,0.300000000,0.250000000
21,18,2.687500000,2.312500000,1,0.000000000,0.000000000,0.000000000,0.000000000,0.300000000,0.250000000
22,18,2.812500000,2.312500000,1,0.000000000,0.000000000,0.000000000,0.000000000,0.300000000,0.250000000
23,18,2.937500000,2.312500000,0,0.000550256,-0.000691999,-0.006753823,0.002130787,0.300000000,0.250000000
24,18,3.062500000,2.312500000,0,0.001313675,-0.001133599,-0.006682665,0.002322698,0.300000000,0.250000000
25,18,3.187500000,2.312500000,0,0.001563726,-0.001163391,-0.006607784,0.002552510,0.300000000,0.250000000
26,18,3.312500000,2.312500000,0,0.001589845,-0.001590297,-0.006699017,0.002847423,0.300000000,0.250000000
27,18,3.437500000,2.312500000,0,0.001358517,-0.002036695,-0.006707493,0.003187779,0.300000000,0.250000000
28,18,3.562500000,2.312500000,0,0.000839011,-0.002070725,-0.006585018,0.003583206,0.300000000,0.250000000
29,18,3.687500000,2.312500000,0,0.000210209,-0.002112987,-0.006606142,0.004042545,0.300000000,0.250000000
30,18,3.812500000,2.312500000,0,-0.000417715,-0.002194926,-0.006694574,0.004552428,0.300000000,0.250000000
31,18,3.937500000,2.312500000,0,-0.001181090,-0.001848995,-0.006566157,0.005098143,0.300000000,0.250000000
32,18,4.062500000,2.312500000,0,-0.001922018,-0.001119593,-0.006455203,0.005656663,0.300000000,0.250000000
33,18,4.187500000,2.312500000,0,-0.002352879,-0.000516464,-0.006591082,0.006201064,0.300000000,0.250000000
34,18,4.312500000,2.312500000,0,-0.002310415,0.000232735,-0.006580893,0.006697841,0.300000000,0.250000000
35,18,4.437500000,2.312500000,0,-0.001956598,0.001252024,-0.006391273,0.007108457,0.300000000,0.250000000
36,18,4.562500000,2.312500000,0,-0.001479847,0.001419042,-0.006437224,0.007416731,0.300000000,0.250000000
37,18,4.687500000,2.312500000,0,-0.000725632,0.001193959,-0.006548204,0.007619491,0.300000000,0.250000000
38,18,4.812500000,2.312500000,0,-0.000048336,0.000529258,-0.006501702,0.007711873,0.300000000,0.250000000
39,18,4.937500000,2.312500000,1,0.000000000,0.000000000,0.000000000,0.000000000,0.300000000,0.250000000
0,19,0.062500000,2.437500000,1,0.000000000,0.000000000,0.000000000,0.000000000,0.300000000,0.250000000
1,19,0.187500000,2.437500000,0,-0.000054579,-0.000726425,0.004249074,0.000987706,0.300000000,0.250000000
2,19,0.312500000,2.437500000,0,-0.000649490,-0.001698188,0.004343728,0.001031712,0.300000000,0.250000000
3,19,0.437500000,2.437500000,0,-0.001493426,-0.002289246,0.004236231,0.001118721,0.300000000,0.250000000
4,19,0.562500000,2.437500000,0,-0.002125085,-0.002340176,0.004172371,0.001245674,0.300000000,0.250000000
5,19,0.687500000,2.437500000,0,-0.002748250,-0.001683787,0.004370596,0.001411641,0.300000000,0.250000000
6,19,0.812500000,2.437500000,0,-0.003201158,-0.001188947,0.004434018,0.001615630,0.300000000,0.250000000
7,19,0.937500000,2.437500000,0,-0.003321617,-0.000735169,0.004330812,0.001853760,0.300000000,0.250000000
8,19,1.062500000,2.437500000,0,-0.003010377,-0.000068113,0.004406412,0.002125428,0.300000000,0.250000000
9,19,1.187500000,2.437500000,0,-0.002744389,0.000469369,0.004588710,0.002430932,0.300000000,0.250000000
10,19,1.312500000,2.437500000,0,-0.002452778,0.000855458,0.004647021,0.002766509,0.300000000,0.250000000
11,19,1.437500000,2.437500000,0,-0.001691641,0.001263936,0.004578359,0.003129343,0.300000000,0.250000000
12,19,1.562500000,2.437500000,0,-0.000735149,0.001659807,0.004605886,0.003520146,0.300000000,0.250000000
13,19,1.687500000,2.437500000,0,-0.000420936,0.001809875,0.004883360,0.003931757,0.300000000,0.250000000
14,19,1.812500000,2.437500000,0,0.000020424,0.001916158,0.004992996,0.004350454,0.300000000,0.250000000
15,19,1.937500000,2.437500000,0,0.001371052,0.002692072,0.004637089,0.004771630,0.300000000,0.250000000
16,19,2.062500000,2.437500000,0,0.002343723,0.003300702,0.004659405,0.005191667,0.300000000,0.250000000
17,19,2.187500000,2.437500000,0,0.001417355,0.002141324,0.005317277,0.005584393,0.300000000,0.250000000
18,19,2.312500000,2.437500000,0,-0.000248890,0.001409330,0.005247924,0.005960819,0.300000000,0.250000000
19,19,2.437500000,2.437500000,0,-0.000509536,0.000954650,0.004770873,0.006301722,0.300000000,0.250000000
20,19,2.562500000,2.437500000,1,0.000000000,0.000000000,0.000000000,0.000000000,0.300000000,0.250000000
21,19,2.687500000,2.437500000,1,0.000000000,0.000000000,0.000000000,0.000000000,0.300000000,0.250000000
22,19,2.812500000,2.437500000,0,0.001630058,-0.001034954,-0.006265408,0.002031783,0.300000000,0.250000000
23,19,2.937500000,2.437500000,0,0.002488962,-0.001255108,-0.006345719,0.002043358,0.300000000,0.250000000
24,19,3.062500000,2.437500000,0,0.001687356,-0.000981410,-0.006954173,0.002093544,0.300000000,0.250000000
25,19,3.187500000,2.437500000,0,0.001907593,-0.001441064,-0.006771931,0.002221102,0.300000000,0.250000000
26,19,3.312500000,2.437500000,0,0.002231907,-0.001561476,-0.006502291,0.002411591,0.300000000,0.250000000
27,19,3.437500000,2.437500000,0,0.001588239,-0.001429780,-0.006653027,0.002665628,0.300000000,0.250000000
28,19,3.562500000,2.437500000,0,0.000817063,-0.001475972,-0.006740078,0.002974808,0.300000000,0.250000000
29,19,3.687500000,2.437500000,0,0.000338641,-0.001557858,-0.006597851,0.003334993,0.300000000,0.250000000
30,19,3.812500000,2.437500000,0,-0.000231067,-0.001439372,-0.006569395,0.003740789,0.300000000,0.250000000
31,19,3.937500000,2.437500000,0,-0.000957109,-0.001171248,-0.006628949,0.004177742,0.300000000,0.250000000
32,19,4.062500000,2.437500000,0,-0.001447781,-0.000749684,-0.006549142,0.004623287,0.300000000,0.250000000
33,19,4.187500000,2.437500000,0,-0.001632094,-0.000238205,-0.006494430,0.005052114,0.300000000,0.250000000
34,19,4.312500000,2.437500000,0,-0.001688734,0.000127962,-0.006550174,0.005444563,0.300000000,0.250000000
35,19,4.437500000,2.437500000,0,-0.001474618,0.000707527,-0.006479828,0.005777380,0.300000000,0.250000000
36,19,4.562500000,2.437500000,0,-0.000878161,0.000923227,-0.006434285,0.006027386,0.300000000,0.250000000
37,19,4.687500000,2.437500000,0,-0.000401254,0.000563844,-0.006509792,0.006190830,0.300000000,0.250000000
38,19,4.812500000,2.437500000,0,-0.000100751,0.000320198,-0.006462616,0.006272863,0.300000000,0.250000000
39,19,4.937500000,2.437500000,1,0.000000000,0.000000000,0.000000000,0.000000000,0.300000000,0.250000000
0,20,0.062500000,2.562500000,1,0.000000000,0.000000000,0.000000000,0.000000000,0.300000000,0.250000000
1,20,0.187500000,2.562500000,0,-0.000105361,-0.000432546,0.004251924,0.001040879,0.300000000,0.250000000
2,20,0.312500000,2.562500000,0,-0.000462733,-0.000980377,0.004285485,0.001087898,0.300000000,0.250000000
3,20,0.437500000,2.562500000,0,-0.001179248,-0.001479124,0.004207261,0.001180243,0.300000000,0.250000000
4,20,0.562500000,2.562500000,0,-0.002103673,-0.001425466,0.004274584,0.001317055,0.300000000,0.250000000
5,20,0.687500000,2.562500000,0,-0.002838516,-0.001087780,0.004370653,0.001496742,0.300000000,0.250000000
6,20,0.812500000,2.562500000,0,-0.003265731,-0.000894750,0.004313921,0.001716043,0.300000000,0.250000000
7,20,0.937500000,2.562500000,0,-0.003595767,-0.000559085,0.004367741,0.001972609,0.300000000,0.250000000
8,20,1.062500000,2.562500000,0,-0.003694329,-0.000166184,0.004522839,0.002265021,0.300000000,0.250000000
9,20,1.187500000,2.562500000,0,-0.003576881,0.000204927,0.004536941,0.002589313,0.300000000,0.250000000
10,20,1.312500000,2.562500000,0,-0.003184439,0.000440793,0.004520123,0.002942008,0.300000000,0.250000000
11,20,1.437500000,2.562500000,0,-0.002741203,0.000581422,0.004656432,0.003319785,0.300000000,0.250000000
12,20,1.562500000,2.562500000,0,-0.002221460,0.000946199,0.004795739,0.003714536,0.300000000,0.250000000
13,20,1.687500000,2.562500000,0,-0.001521867,0.001361723,0.004739106,0.004115772,0.300000000,0.250000000
14,20,1.812500000,2.562500000,0,-0.000674600,0.001281689,0.004704431,0.004516003,0.300000000,0.250000000
15,20,1.937500000,2.562500000,0,0.000131199,0.001255231,0.004949493,0.004898031,0.300000000,0.250000000
16,20,2.062500000,2.562500000,0,0.001036323,0.002387070,0.005038613,0.005228539,0.300000000,0.250000000
17,20,2.187500000,2.562500000,0,0.000882726,0.004225480,0.004714378,0.005498139,0.300000000,0.250000000
18,20,2.312500000,2.562500000,0,0.000188945,0.002698232,0.004881817,0.005707759,0.300000000,0.250000000
19,20,2.437500000,2.562500000,1,0.000000000,0.000000000,0.000000000,0.000000000,0.300000000,0.250000000
20,20,2.562500000,2.562500000,1,0.000000000,0.000000000,0.000000000,0.000000000,0.300000000,0.250000000
21,20,2.687500000,2.562500000,0,0.001744534,-0.002101023,-0.006201340,0.002314334,0.300000000,0.250000000
22,20,2.812500000,2.562500000,0,0.002799538,-0.001552969,-0.006737594,0.002124063,0.300000000,0.250000000
23,20,2.937500000,2.562500000,0,0.002376017,-0.000819208,-0.006799304,0.001989217,0.300000000,0.250000000
24,20,3.062500000,2.562500000,0,0.002658951,-0.001126041,-0.006560334,0.001954332,0.300000000,0.250000000
25,20,3.187500000,2.562500000,0,0.002529316,-0.001416160,-0.006645298,0.001992877,0.300000000,0.250000000
26,20,3.312500000,2.562500000,0,0.001860612,-0.000984026,-0.006728106,0.002105322,0.300000000,0.250000000
27,20,3.437500000,2.562500000,0,0.001385412,-0.000803966,-0.006650850,0.002282771,0.300000000,0.250000000
28,20,3.562500000,2.562500000,0,0.001029308,-0.000991140,-0.006648890,0.002518490,0.300000000,0.250000000
29,20,3.687500000,2.562500000,0,0.000413462,-0.000977928,-0.006654854,0.002803230,0.300000000,0.250000000
30,20,3.812500000,2.562500000,0,-0.000244401,-0.000748960,-0.006573736,0.003125970,0.300000000,0.250000000
31,20,3.937500000,2.562500000,0,-0.000693074,-0.000621040,-0.006582638,0.003473251,0.300000000,0.250000000
32,20,4.062500000,2.562500000,0,-0.001000288,-0.000527784,-0.006615417,0.003828757,0.300000000,0.250000000
33,20,4.187500000,2.562500000,0,-0.001211041,-0.000123666,-0.006501116,0.004172542,0.300000000,0.250000000
34,20,4.312500000,2.562500000,0,-0.001228085,0.000205807,-0.006457973,0.004484597,0.300000000,0.250000000
35,20,4.437500000,2.562500000,0,-0.001032543,0.000266127,-0.006538171,0.004749684,0.300000000,0.250000000
36,20,4.562500000,2.562500000,0,-0.000616766,0.000349772,-0.006495197,0.004954278,0.300000000,0.250000000
37,20,4.687500000,2.562500000,0,-0.000248002,0.000375497,-0.006412433,0.005090681,0.300000000,0.250000000
38,20,4.812500000,2.562500000,0,-0.000048825,0.000138607,-0.006453911,0.005159818,0.300000000,0.250000000
39,20,4.937500000,2.562500000,1,0.000000000,0.000000000,0.000000000,0.000000000,0.300000000,0.250000000
0,21,0.062500000,2.687500000,1,0.000000000,0.000000000,0.000000000,0.000000000,0.300000000,0.250000000
1,21,0.187500000,2.687500000,0,-0.000054452,-0.000162468,0.004248559,0.001076085,0.300000000,0.250000000
2,21,0.312500000,2.687500000,0,-0.000324213,-0.000534235,0.004173284,0.001124591,0.300000000,0.250000000
3,21,0.437500000,2.687500000,0,-0.000917221,-0.000552094,0.004264870,0.001220499,0.300000000,0.250000000
4,21,0.562500000,2.687500000,0,-0.001591451,-0.000548423,0.004337129,0.001363115,0.300000000,0.250000000
5,21,0.687500000,2.687500000,0,-0.002180428,-0.000583234,0.004254843,0.001550069,0.300000000,0.250000000
6,21,0.812500000,2.687500000,0,-0.002575129,-0.000437357,0.004302979,0.001778847,0.300000000,0.250000000
7,21,0.937500000,2.687500000,0,-0.002913793,-0.000194939,0.004462969,0.002047383,0.300000000,0.250000000
8,21,1.062500000,2.687500000,0,-0.003108814,-0.000128933,0.004489430,0.002351715,0.300000000,0.250000000
9,21,1.187500000,2.687500000,0,-0.003016302,-0.000016515,0.004468494,0.002687348,0.300000000,0.250000000
10,21,1.312500000,2.687500000,0,-0.002717747,0.000195044,0.004556888,0.003051387,0.300000000,0.250000000
11,21,1.437500000,2.687500000,0,-0.002657436,0.000318324,0.004723788,0.003436405,0.300000000,0.250000000
12,21,1.562500000,2.687500000,0,-0.002255275,0.000265909,0.004787655,0.003830487,0.300000000,0.250000000
13,21,1.687500000,2.687500000,0,-0.001146979,0.000534678,0.004630562,0.004225661,0.300000000,0.250000000
14,21,1.812500000,2.687500000,0,-0.000673716,0.001074262,0.004691437,0.004609540,0.300000000,0.250000000
15,21,1.937500000,2.687500000,0,-0.001249363,0.000622750,0.005227797,0.004942663,0.300000000,0.250000000
16,21,2.062500000,2.687500000,0,0.000768123,0.000147838,0.005106135,0.005190614,0.300000000,0.250000000
17,21,2.187500000,2.687500000,0,0.005511727,0.003442050,0.003993327,0.005344570,0.300000000,0.250000000
18,21,2.312500000,2.687500000,0,0.004212986,0.005639427,0.004466278,0.005390206,0.300000000,0.250000000
19,21,2.437500000,2.687500000,1,0.000000000,0.000000000,0.000000000,0.000000000,0.300000000,0.250000000
20,21,2.562500000,2.687500000,0,0.005494361,-0.003634466,-0.005101106,0.002883231,0.300000000,0.250000000
21,21,2.687500000,2.687500000,0,0.007640505,-0.002090654,-0.005624432,0.002523099,0.300000000,0.250000000
22,21,2.812500000,2.687500000,0,0.002982579,-0.000019418,-0.007150092,0.002198148,0.300000000,0.250000000
23,21,2.937500000,2.687500000,0,0.002245770,-0.001167496,-0.007000599,0.001981974,0.300000000,0.250000000
24,21,3.062500000,2.687500000,0,0.003403224,-0.001464409,-0.006327488,0.001870852,0.300000000,0.250000000
25,21,3.187500000,2.687500000,0,0.002601894,-0.000483000,-0.006570704,0.001853629,0.300000000,0.250000000
26,21,3.312500000,2.687500000,0,0.001316718,-0.000304302,-0.006862429,0.001910063,0.300000000,0.250000000
27,21,3.437500000,2.687500000,0,0.001070797,-0.000597020,-0.006685934,0.002033792,0.300000000,0.250000000
28,21,3.562500000,2.687500000,0,0.000922594,-0.000520206,-0.006554417,0.002216962,0.300000000,0.250000000
29,21,3.687500000,2.687500000,0,0.000323704,-0.000305795,-0.006664984,0.002447899,0.300000000,0.250000000
30,21,3.812500000,2.687500000,0,-0.000180941,-0.000332901,-0.006670400,0.002713150,0.300000000,0.250000000
31,21,3.937500000,2.687500000,0,-0.000415283,-0.000309269,-0.006549309,0.002999491,0.300000000,0.250000000
32,21,4.062500000,2.687500000,0,-0.000638044,-0.000195687,-0.006543641,0.003293075,0.300000000,0.250000000
33,21,4.187500000,2.687500000,0,-0.000835036,-0.000060572,-0.006568119,0.003577855,0.300000000,0.250000000
34,21,4.312500000,2.687500000,0,-0.000765834,0.000069980,-0.006494094,0.003836803,0.300000000,0.250000000
35,21,4.437500000,2.687500000,0,-0.000578896,0.000109035,-0.006471696,0.004056702,0.300000000,0.250000000
36,21,4.562500000,2.687500000,0,-0.000438285,0.000084153,-0.006478964,0.004229171,0.300000000,0.250000000
37,21,4.687500000,2.687500000,0,-0.000248815,0.000142788,-0.006443438,0.004346930,0.300000000,0.250000000
38,21,4.812500000,2.687500000,0,-0.000048255,0.000041418,-0.006453149,0.004405916,0.300000000,0.250000000
39,21,4.937500000,2.687500000,1,0.000000000,0.000000000,0.000000000,0.000000000,0.300000000,0.250000000
0,22,0.062500000,2.812500000,1,0.000000000,0.000000000,0.000000000,0.000000000,0.300000000,0.250000000
1,22,0.187500000,2.812500000,0,-0.000002919,-0.000024840,0.004216762,0.001093679,0.300000000,0.250000000
2,22,0.312500000,2.812500000,0,-0.000141569,-0.000130161,0.004220571,0.001142807,0.300000000,0.250000000
3,22,0.437500000,2.812500000,0,-0.000380931,-0.000069581,0.004262109,0.001240448,0.300000000,0.250000000
4,22,0.562500000,2.812500000,0,-0.000551802,-0.000098087,0.004236344,0.001385197,0.300000000,0.250000000
5,22,0.687500000,2.812500000,0,-0.000817833,-0.000127083,0.004260648,0.001575304,0.300000000,0.250000000
6,22,0.812500000,2.812500000,0,-0.001049594,-0.000082151,0.004389818,0.001808504,0.300000000,0.250000000
7,22,0.937500000,2.812500000,0,-0.001171512,-0.000022160,0.004404965,0.002081528,0.300000000,0.250000000
8,22,1.062500000,2.812500000,0,-0.001165388,-0.000035642,0.004392328,0.002390972,0.300000000,0.250000000
9,22,1.187500000,2.812500000,0,-0.001241677,-0.000054526,0.004550334,0.002732805,0.300000000,0.250000000
10,22,1.312500000,2.812500000,0,-0.001223578,0.000032715,0.004673372,0.003100626,0.300000000,0.250000000
11,22,1.437500000,2.812500000,0,-0.000950357,0.000129576,0.004590211,0.003487290,0.300000000,0.250000000
12,22,1.562500000,2.812500000,0,-0.000741147,-0.000063294,0.004628755,0.003884989,0.300000000,0.250000000
13,22,1.687500000,2.812500000,0,-0.000932255,-0.000087488,0.004959571,0.004275924,0.300000000,0.250000000
14,22,1.812500000,2.812500000,0,-0.000347958,0.000485914,0.004943673,0.004635716,0.300000000,0.250000000
15,22,1.937500000,2.812500000,0,0.000992851,0.000368737,0.004442035,0.004948548,0.300000000,0.250000000
16,22,2.062500000,2.812500000,0,0.000455221,-0.000876741,0.004877630,0.005178385,0.300000000,0.250000000
17,22,2.187500000,2.812500000,0,-0.000772227,0.000131744,0.006020476,0.005229170,0.300000000,0.250000000
18,22,2.312500000,2.812500000,0,0.004438648,0.003564422,0.004439951,0.004946214,0.300000000,0.250000000
19,22,2.437500000,2.812500000,0,0.010190541,0.000065366,-0.000566731,0.004183609,0.300000000,0.250000000
20,22,2.562500000,2.812500000,0,0.004918578,-0.003576274,-0.006208733,0.003272663,0.300000000,0.250000000
21,22,2.687500000,2.812500000,0,0.001109432,0.000588047,-0.007831860,0.002634365,0.300000000,0.250000000
22,22,2.812500000,2.812500000,0,0.003221281,0.000752549,-0.006287817,0.002238543,0.300000000,0.250000000
23,22,2.937500000,2.812500000,0,0.003064101,-0.000738951,-0.006115679,0.001987591,0.300000000,0.250000000
24,22,3.062500000,2.812500000,0,0.001070995,-0.000614197,-0.006910895,0.001839941,0.300000000,0.250000000
25,22,3.187500000,2.812500000,0,0.000638258,0.000227782,-0.006876258,0.001784626,0.300000000,0.250000000
26,22,3.312500000,2.812500000,0,0.001037226,0.000038142,-0.006541996,0.001813912,0.300000000,0.250000000
27,22,3.437500000,2.812500000,0,0.000682383,-0.000263665,-0.006641483,0.001912878,0.300000000,0.250000000
28,22,3.562500000,2.812500000,0,0.000167210,-0.000109822,-0.006731377,0.002068343,0.300000000,0.250000000
29,22,3.687500000,2.812500000,0,0.000088122,0.000038761,-0.006639710,0.002269764,0.300000000,0.250000000
30,22,3.812500000,2.812500000,0,0.000054226,-0.000070814,-0.006619504,0.002505643,0.300000000,0.250000000
31,22,3.937500000,2.812500000,0,-0.000170211,-0.000098703,-0.006603748,0.002762073,0.300000000,0.250000000
32,22,4.062500000,2.812500000,0,-0.000306762,-0.000011523,-0.006534731,0.003024192,0.300000000,0.250000000
33,22,4.187500000,2.812500000,0,-0.000298966,0.000000156,-0.006545356,0.003278086,0.300000000,0.250000000
34,22,4.312500000,2.812500000,0,-0.000281763,-0.000024948,-0.006532747,0.003510481,0.300000000,0.250000000
35,22,4.437500000,2.812500000,0,-0.000245892,0.000022295,-0.006445132,0.003709106,0.300000000,0.250000000
36,22,4.562500000,2.812500000,0,-0.000151923,0.000010881,-0.006444383,0.003864873,0.300000000,0.250000000
37,22,4.687500000,2.812500000,0,-0.000081354,-0.000000597,-0.006482757,0.003972011,0.300000000,0.250000000
38,22,4.812500000,2.812500000,0,-0.000016674,-0.000001326,-0.006439558,0.004026459,0.300000000,0.250000000
39,22,4.937500000,2.812500000,1,0.000000000,0.000000000,0.000000000,0.000000000,0.300000000,0.250000000
0,23,0.062500000,2.937500000,1,0.000000000,0.000000000,0.000000000,0.000000000,0.300000000,0.250000000
1,23,0.187500000,2.937500000,1,0.000000000,0.000000000,0.000000000,0.000000000,0.300000000,0.250000000
2,23,0.312500000,2.937500000,1,0.000000000,0.000000000,0.000000000,0.000000000,0.300000000,0.250000000
3,23,0.437500000,2.937500000,1,0.000000000,0.000000000,0.000000000,0.000000000,0.300000000,0.250000000
4,23,0.562500000,2.937500000,1,0.000000000,0.000000000,0.000000000,0.000000000,0.300000000,0.250000000
5,23,0.687500000,2.937500000,1,0.000000000,0.000000000,0.000000000,0.000000000,0.300000000,0.250000000
6,23,0.812500000,2.937500000,1,0.000000000,0.000000000,0.000000000,0.000000000,0.300000000,0.250000000
7,23,0.937500000,2.937500000,1,0.000000000,0.000000000,0.000000000,0.000000000,0.300000000,0.250000000
8,23,1.062500000,2.937500000,1,0.000000000,0.000000000,0.000000000,0.000000000,0.300000000,0.250000000
9,23,1.187500000,2.937500000,1,0.000000000,0.000000000,0.000000000,0.000000000,0.300000000,0.250000000
10,23,1.312500000,2.937500000,1,0.000000000,0.000000000,0.000000000,0.000000000,0.300000000,0.250000000
11,23,1.437500000,2.937500000,1,0.000000000,0.000000000,0.000000000,0.000000000,0.300000000,0.250000000
12,23,1.562500000,2.937500000,1,0.000000000,0.000000000,0.000000000,0.000000000,0.300000000,0.250000000
13,23,1.687500000,2.937500000,1,0.000000000,0.000000000,0.000000000,0.000000000,0.300000000,0.250000000
14,23,1.812500000,2.937500000,1,0.000000000,0.000000000,0.000000000,0.000000000,0.300000000,0.250000000
15,23,1.937500000,2.937500000,1,0.000000000,0.000000000,0.000000000,0.000000000,0.300000000,0.250000000
16,23,2.062500000,2.937500000,1,0.000000000,0.000000000,0.000000000,0.000000000,0.300000000,0.250000000
17,23,2.187500000,2.937500000,1,0.000000000,0.000000000,0.000000000,0.000000000,0.300000000,0.250000000
18,23,2.312500000,2.937500000,1,0.000000000,0.000000000,0.000000000,0.000000000,0.300000000,0.250000000
19,23,2.437500000,2.937500000,1,0.000000000,0.000000000,0.000000000,0.000000000,0.300000000,0.250000000
20,23,2.562500000,2.937500000,1,0.000000000,0.000000000,0.000000000,0.000000000,0.300000000,0.250000000
21,23,2.687500000,2.937500000,1,0.000000000,0.000000000,0.000000000,0.000000000,0.300000000,0.250000000
22,23,2.812500000,2.937500000,1,0.000000000,0.000000000,0.000000000,0.000000000,0.300000000,0.250000000
23,23,2.937500000,2.937500000,1,0.000000000,0.000000000,0.000000000,0.000000000,0.300000000,0.250000000
24,23,3.062500000,2.937500000,1,0.000000000,0.000000000,0.000000000,0.000000000,0.300000000,0.250000000
25,23,3.187500000,2.937500000,1,0.000000000,0.000000000,0.000000000,0.000000000,0.300000000,0.250000000
26,23,3.312500000,2.937500000,1,0.000000000,0.000000000,0.000000000,0.000000000,0.300000000,0.250000000
27,23,3.437500000,2.937500000,1,0.000000000,0.000000000,0.000000000,0.000000000,0.300000000,0.250000000
28,23,3.562500000,2.937500000,1,0.000000000,0.000000000,0.000000000,0.000000000,0.300000000,0.250000000
29,23,3.687500000,2.937500000,1,0.000000000,0.000000000,0.000000000,0.000000000,0.300000000,0.250000000
30,23,3.812500000,2.937500000,1,0.000000000,0.000000000,0.000000000,0.000000000,0.300000000,0.250000000
31,23,3.937500000,2.937500000,1,0.000000000,0.000000000,0.000000000,0.000000000,0.300000000,0.250000000
32,23,4.062500000,2.937500000,1,0.000000000,0.000000000,0.000000000,0.000000000,0.300000000,0.250000000
33,23,4.187500000,2.937500000,1,0.000000000,0.000000000,0.000000000,0.000000000,0.300000000,0.250000000
34,23,4.312500000,2.937500000,1,0.000000000,0.000000000,0.000000000,0.000000000,0.300000000,0.250000000
35,23,4.437500000,2.937500000,1,0.000000000,0.000000000,0.000000000,0.000000000,0.300000000,0.250000000
36,23,4.562500000,2.937500000,1,0.000000000,0.000000000,0.000000000,0.000000000,0.300000000,0.250000000
37,23,4.687500000,2.937500000,1,0.000000000,0.000000000,0.000000000,0.000000000,0.300000000,0.250000000
38,23,4.812500000,2.937500000,1,0.000000000,0.000000000,0.000000000,0.000000000,0.300000000,0.250000000
39,23,4.937500000,2.937500000,1,0.000000000,0.000000000,0.000000000,0.000000000,0.300000000,0.250000000
