group,node
0,708
0,808
0,1548
0,2117
0,3848
1,530
1,990
1,1330
1,2950
1,2970
1,3810
2,253
2,1038
2,1193
2,1493
2,1599
2,1653
2,2133
3,684
3,1173
3,1484
3,1964
3,2124
3,2404
3,2704
3,3202
3,3384
4,6
4,146
4,288
4,361
4,966
4,1126
4,2286
4,2910
4,3586
4,3606
5,137
5,548
5,568
5,788
5,868
5,1608
5,1922
5,2208
5,2388
5,2468
5,3348
5,3988
6,2
6,742
6,1382
6,1822
6,1942
6,2062
6,3002
6,3122
6,3222
6,3282
6,3422
6,3542
6,3962
7,48
7,148
7,428
7,948
7,1150
7,1318
7,1348
7,2266
7,2268
7,2308
7,2428
7,2888
7,3118
7,3408
7,3788
8,182
8,482
8,1009
8,1295
8,1762
8,1842
8,2262
8,2422
8,2542
8,2662
8,2696
8,2745
8,3442
8,3742
8,3974
8,3982
9,46
9,646
9,686
9,746
9,766
9,1086
9,1346
9,1486
9,2006
9,2559
9,2806
9,3106
9,3286
9,3439
9,3466
9,3731
9,3766
9,3886
10,102
10,502
10,1062
10,1102
10,1422
10,1442
10,1482
10,1842
10,1862
10,2082
10,2522
10,2642
10,2802
10,2838
10,2842
10,3022
10,3142
10,3742
10,3895
11,116
11,316
11,416
11,816
11,976
11,1176
11,1396
11,1496
11,1536
11,2036
11,2076
11,2096
11,2216
11,2236
11,2276
11,2456
11,3136
11,3376
11,3456
11,3616
11,3736
12,202
12,362
12,528
12,662
12,712
12,922
12,1362
12,1442
12,1502
12,1882
12,2102
12,2422
12,2442
12,2502
12,2642
12,2862
12,2882
12,3042
12,3143
12,3422
12,3522
12,3642
13,11
13,263
13,323
13,483
13,503
13,603
13,623
13,762
13,1023
13,1123
13,1383
13,1483
13,1543
13,1663
13,1743
13,2383
13,2553
13,2903
13,3103
13,3116
13,3343
13,3623
13,3785
13,3963
14,17
14,221
14,232
14,392
14,632
14,772
14,1032
14,1132
14,1192
14,1321
14,1512
14,1563
14,1592
14,1672
14,2292
14,2372
14,2432
14,2692
14,3032
14,3332
14,3402
14,3432
14,3632
14,3766
14,3812
15,130
15,260
15,420
15,455
15,764
15,802
15,860
15,940
15,1140
15,1322
15,1380
15,1680
15,1760
15,1800
15,1820
15,2045
15,2120
15,2220
15,2440
15,2500
15,2540
15,2600
15,2880
15,2960
15,3180
15,3600
15,3980
16,107
16,239
16,579
16,659
16,883
16,939
16,1079
16,1105
16,1593
16,1659
16,1679
16,1739
16,1859
16,1899
16,1919
16,2059
16,2279
16,2413
16,2479
16,2599
16,2859
16,2939
16,2999
16,3019
16,3039
16,3459
16,3659
16,3942
17,32
17,72
17,232
17,332
17,832
17,852
17,972
17,1212
17,1252
17,1292
17,1312
17,1332
17,1512
17,1631
17,1852
17,2032
17,2072
17,2192
17,2272
17,2572
17,2912
17,2917
17,3014
17,3112
17,3172
17,3432
17,3632
17,3772
17,3790
17,3812
18,42
18,47
18,82
18,262
18,322
18,402
18,442
18,762
18,982
18,1182
18,1303
18,1310
18,1322
18,1442
18,1570
18,1762
18,1858
18,1862
18,2002
18,2322
18,2406
18,2422
18,2542
18,2793
18,2842
18,3402
18,3422
18,3622
18,3727
18,3782
18,3802
19,14
19,174
19,294
19,414
19,434
19,658
19,954
19,1052
19,1076
19,1094
19,1114
19,1154
19,1214
19,1294
19,1325
19,1454
19,1514
19,1645
19,1734
19,1974
19,2090
19,2114
19,2183
19,2254
19,2401
19,2634
19,2854
19,2974
19,3334
19,3400
19,3458
19,3549
19,3934
20,62
20,302
20,422
20,458
20,482
20,502
20,862
20,904
20,1022
20,1120
20,1242
20,1382
20,1651
20,1782
20,1802
20,1822
20,2002
20,2182
20,2222
20,2354
20,2362
20,2365
20,2440
20,2802
20,2814
20,2869
20,3122
20,3262
20,3402
20,3442
20,3529
20,3626
20,3642
20,3662
21,161
21,521
21,701
21,829
21,881
21,921
21,1181
21,1201
21,1261
21,1561
21,1566
21,1681
21,1781
21,1921
21,2041
21,2261
21,2350
21,2361
21,2473
21,2501
21,2504
21,2561
21,2581
21,2641
21,2821
21,2961
21,3001
21,3041
21,3121
21,3134
21,3321
21,3350
21,3401
21,3701
21,3757
21,3781
22,103
22,108
22,168
22,208
22,328
22,628
22,688
22,898
22,932
22,948
22,1035
22,1048
22,1099
22,1208
22,1268
22,1368
22,1402
22,1468
22,1608
22,1768
22,2068
22,2168
22,2545
22,2568
22,2628
22,2721
22,2728
22,3040
22,3108
22,3288
22,3350
22,3428
22,3548
22,3788
22,3928
22,3948
22,3968
23,43
23,98
23,137
23,183
23,184
23,263
23,363
23,383
23,423
23,443
23,463
23,503
23,683
23,863
23,903
23,1003
23,1163
23,1283
23,1323
23,1366
23,1657
23,1737
23,1763
23,1943
23,2043
23,2068
23,2083
23,2103
23,2543
23,2683
23,2964
23,3163
23,3223
23,3263
23,3361
23,3543
23,3763
23,3844
23,3863
24,5
24,185
24,205
24,245
24,272
24,525
24,645
24,825
24,1085
24,1198
24,1405
24,1725
24,1745
24,1825
24,1925
24,1944
24,1965
24,1985
24,2105
24,2145
24,2325
24,2385
24,2425
24,2445
24,2485
24,2525
24,2538
24,2845
24,2865
24,2906
24,3085
24,3125
24,3285
24,3345
24,3365
24,3585
24,3586
24,3605
24,3645
24,3824
25,65
25,105
25,107
25,175
25,210
25,365
25,495
25,1025
25,1045
25,1125
25,1205
25,1245
25,1287
25,1365
25,1405
25,1445
25,1605
25,1885
25,1901
25,2005
25,2125
25,2245
25,2254
25,2425
25,2525
25,2566
25,2625
25,2765
25,2781
25,2805
25,2885
25,2945
25,3065
25,3145
25,3225
25,3325
25,3385
25,3425
25,3565
25,3765
25,3945
25,3965
26,163
26,203
26,508
26,563
26,623
26,683
26,1063
26,1083
26,1123
26,1243
26,1283
26,1343
26,1378
26,1473
26,1523
26,1563
26,1628
26,2003
26,2063
26,2186
26,2283
26,2313
26,2343
26,2423
26,2523
26,2703
26,2723
26,2743
26,2963
26,2983
26,3046
26,3183
26,3263
26,3383
26,3403
26,3483
26,3503
26,3563
26,3583
26,3723
26,3783
26,3863
26,3903
27,9
27,49
27,327
27,469
27,649
27,889
27,930
27,989
27,1004
27,1009
27,1169
27,1175
27,1249
27,1329
27,1376
27,1709
27,1729
27,1969
27,2049
27,2089
27,2229
27,2269
27,2309
27,2409
27,2469
27,2609
27,2709
27,2789
27,2949
27,3029
27,3049
27,3089
27,3266
27,3309
27,3549
27,3569
27,3612
27,3649
27,3689
27,3709
27,3729
27,3742
27,3809
27,3849
27,3989
28,76
28,92
28,188
28,192
28,212
28,292
28,412
28,552
28,610
28,632
28,732
28,752
28,812
28,852
28,872
28,892
28,912
28,1012
28,1072
28,1212
28,1244
28,1252
28,1572
28,1652
28,1659
28,1699
28,1812
28,1932
28,2069
28,2212
28,2332
28,2672
28,2912
28,3146
28,3172
28,3192
28,3232
28,3312
28,3332
28,3432
28,3452
28,3460
28,3491
28,3552
28,3590
28,3641
29,278
29,281
29,458
29,598
29,708
29,738
29,798
29,938
29,1038
29,1202
29,1238
29,1263
29,1458
29,1638
29,1658
29,1697
29,1838
29,1958
29,2098
29,2138
29,2158
29,2236
29,2338
29,2340
29,2355
29,2598
29,2718
29,2738
29,2778
29,2818
29,2929
29,2936
29,2938
29,2983
29,3058
29,3077
29,3166
29,3278
29,3391
29,3481
29,3498
29,3518
29,3538
29,3738
29,3778
29,3818
29,3878
30,106
30,295
30,688
30,755
30,826
30,855
30,955
30,975
30,1075
30,1195
30,1235
30,1255
30,1515
30,1593
30,1655
30,1695
30,1795
30,1860
30,1875
30,2075
30,2095
30,2115
30,2235
30,2275
30,2295
30,2315
30,2475
30,2575
30,2615
30,2675
30,2733
30,2755
30,3035
30,3055
30,3125
30,3134
30,3140
30,3189
30,3275
30,3295
30,3368
30,3415
30,3469
30,3615
30,3646
30,3695
30,3855
30,3915
30,3935
31,26
31,266
31,286
31,386
31,448
31,546
31,606
31,646
31,666
31,726
31,806
31,886
31,906
31,946
31,1006
31,1067
31,1126
31,1246
31,1446
31,1506
31,1546
31,1581
31,1686
31,1766
31,1826
31,1866
31,1906
31,1926
31,1980
31,2166
31,2186
31,2506
31,2586
31,2666
31,2727
31,2786
31,2826
31,2846
31,2966
31,2979
31,2986
31,3044
31,3126
31,3206
31,3406
31,3546
31,3586
31,3606
31,3786
31,3946
32,96
32,136
32,176
32,316
32,436
32,476
32,496
32,497
32,576
32,645
32,696
32,876
32,976
32,1122
32,1136
32,1256
32,1296
32,1376
32,1615
32,1616
32,1676
32,1816
32,1856
32,1896
32,1996
32,2036
32,2136
32,2175
32,2236
32,2252
32,2290
32,2336
32,2349
32,2356
32,2496
32,2616
32,2636
32,2660
32,3075
32,3106
32,3156
32,3196
32,3216
32,3316
32,3375
32,3496
32,3576
32,3636
32,3736
32,3756
32,3916
32,3936
33,45
33,85
33,247
33,319
33,345
33,425
33,585
33,705
33,765
33,830
33,865
33,965
33,1048
33,1085
33,1165
33,1185
33,1225
33,1229
33,1265
33,1305
33,1385
33,1425
33,1485
33,1526
33,1558
33,1565
33,1605
33,1617
33,1685
33,1705
33,1885
33,2125
33,2185
33,2325
33,2385
33,2825
33,2845
33,3005
33,3085
33,3125
33,3138
33,3203
33,3205
33,3240
33,3332
33,3385
33,3506
33,3564
33,3565
33,3665
33,3745
33,3765
33,3865
34,6
34,26
34,46
34,166
34,206
34,263
34,286
34,366
34,466
34,566
34,586
34,826
34,866
34,886
34,926
34,986
34,1073
34,1226
34,1266
34,1326
34,1346
34,1386
34,1446
34,1520
34,1526
34,1601
34,1686
34,1726
34,1827
34,1946
34,1971
34,2006
34,2206
34,2426
34,2446
34,2606
34,2626
34,2666
34,2746
34,2826
34,2915
34,2926
34,2946
34,2966
34,3046
34,3106
34,3216
34,3306
34,3386
34,3426
34,3446
34,3665
34,3726
34,3766
34,3866
35,102
35,361
35,362
35,442
35,482
35,484
35,502
35,540
35,546
35,562
35,582
35,722
35,822
35,828
35,915
35,1082
35,1122
35,1342
35,1424
35,1602
35,1622
35,1642
35,1682
35,1702
35,1842
35,1942
35,1962
35,2062
35,2103
35,2142
35,2302
35,2322
35,2357
35,2453
35,2482
35,2602
35,2682
35,2732
35,2742
35,2822
35,2853
35,2882
35,3082
35,3162
35,3242
35,3362
35,3382
35,3402
35,3442
35,3642
35,3722
35,3769
35,3822
35,3842
35,3882
35,3982
36,0
36,40
36,110
36,240
36,400
36,463
36,480
36,500
36,588
36,619
36,620
36,700
36,780
36,800
36,820
36,840
36,880
36,883
36,1080
36,1100
36,1120
36,1160
36,1240
36,1618
36,1720
36,1840
36,1860
36,1940
36,1964
36,1980
36,2020
36,2137
36,2160
36,2280
36,2400
36,2420
36,2520
36,2600
36,2680
36,2760
36,2780
36,2960
36,2996
36,3000
36,3060
36,3240
36,3420
36,3500
36,3520
36,3640
36,3700
36,3740
36,3780
36,3840
36,3866
36,3875
36,3900
36,3980
37,115
37,208
37,335
37,495
37,515
37,555
37,640
37,672
37,715
37,776
37,815
37,835
37,855
37,875
37,915
37,955
37,1155
37,1168
37,1175
37,1315
37,1415
37,1467
37,1655
37,1695
37,1715
37,1741
37,1935
37,2015
37,2055
37,2135
37,2175
37,2295
37,2395
37,2455
37,2495
37,2555
37,2730
37,2800
37,2804
37,2815
37,2897
37,2915
37,2935
37,2975
37,3155
37,3215
37,3341
37,3395
37,3515
37,3555
37,3615
37,3635
37,3735
37,3775
37,3780
37,3835
37,3895
37,3945
37,3955
38,5
38,109
38,169
38,189
38,409
38,469
38,489
38,529
38,589
38,609
38,669
38,809
38,849
38,869
38,929
38,960
38,969
38,989
38,1029
38,1089
38,1369
38,1389
38,1469
38,1589
38,1609
38,1669
38,1697
38,1729
38,1829
38,1869
38,1929
38,1969
38,2089
38,2149
38,2269
38,2329
38,2429
38,2529
38,2600
38,2609
38,2629
38,2630
38,2638
38,2809
38,2869
38,3069
38,3161
38,3176
38,3209
38,3268
38,3309
38,3358
38,3469
38,3569
38,3589
38,3617
38,3649
38,3689
38,3709
38,3762
38,3877
39,155
39,455
39,535
39,566
39,675
39,695
39,750
39,754
39,858
39,875
39,975
39,1035
39,1135
39,1175
39,1215
39,1281
39,1335
39,1375
39,1377
39,1415
39,1495
39,1635
39,1656
39,1715
39,1755
39,1775
39,1795
39,1935
39,2015
39,2035
39,2115
39,2216
39,2233
39,2285
39,2293
39,2354
39,2515
39,2696
39,2735
39,2755
39,2815
39,2855
39,2907
39,2972
39,2975
39,3122
39,3175
39,3195
39,3235
39,3255
39,3535
39,3575
39,3595
39,3610
39,3615
39,3655
39,3715
39,3775
39,3795
39,3835
39,3955
39,3995
40,6
40,26
40,66
40,109
40,126
40,146
40,166
40,186
40,226
40,266
40,286
40,326
40,426
40,540
40,566
40,626
40,646
40,846
40,860
40,926
40,986
40,1006
40,1046
40,1146
40,1366
40,1486
40,1518
40,1646
40,1686
40,1726
40,1766
40,1786
40,1846
40,1906
40,1907
40,2002
40,2106
40,2147
40,2186
40,2226
40,2286
40,2486
40,2566
40,2646
40,2649
40,2686
40,2786
40,2804
40,2809
40,2846
40,2866
40,2906
40,3009
40,3026
40,3101
40,3126
40,3386
40,3406
40,3658
40,3806
40,3814
40,3846
40,3866
40,3886
41,8
41,11
41,31
41,71
41,111
41,151
41,167
41,211
41,291
41,398
41,511
41,531
41,613
41,651
41,711
41,791
41,871
41,911
41,991
41,1031
41,1051
41,1091
41,1171
41,1231
41,1251
41,1291
41,1297
41,1311
41,1391
41,1431
41,1551
41,1591
41,1611
41,1686
41,1691
41,1771
41,1793
41,1810
41,1929
41,2111
41,2178
41,2251
41,2351
41,2431
41,2471
41,2551
41,2591
41,2611
41,2671
41,2711
41,2731
41,2851
41,2931
41,3091
41,3191
41,3291
41,3311
41,3331
41,3411
41,3421
41,3565
41,3691
41,3711
41,3783
41,3891
42,16
42,36
42,65
42,216
42,316
42,336
42,356
42,376
42,396
42,496
42,516
42,536
42,616
42,656
42,676
42,696
42,736
42,896
42,956
42,1136
42,1256
42,1266
42,1276
42,1333
42,1356
42,1416
42,1476
42,1516
42,1536
42,1546
42,1696
42,1816
42,1996
42,2096
42,2116
42,2216
42,2316
42,2336
42,2356
42,2413
42,2416
42,2576
42,2596
42,2676
42,2816
42,2836
42,2968
42,2976
42,3056
42,3086
42,3116
42,3236
42,3350
42,3376
42,3416
42,3495
42,3516
42,3556
42,3596
42,3676
42,3696
42,3736
42,3755
42,3796
42,3856
42,3896
42,3996
43,39
43,141
43,239
43,339
43,379
43,419
43,439
43,459
43,479
43,559
43,560
43,599
43,639
43,659
43,699
43,799
43,859
43,875
43,999
43,1059
43,1085
43,1159
43,1199
43,1230
43,1258
43,1499
43,1559
43,1643
43,1659
43,1779
43,1839
43,1859
43,1959
43,2039
43,2259
43,2279
43,2319
43,2322
43,2399
43,2402
43,2459
43,2499
43,2539
43,2572
43,2599
43,2659
43,2723
43,2819
43,2859
43,2879
43,2899
43,2971
43,2999
43,3019
43,3079
43,3199
43,3259
43,3268
43,3435
43,3499
43,3559
43,3599
43,3659
43,3699
43,3779
43,3819
43,3839
43,3959
44,178
44,238
44,264
44,398
44,418
44,470
44,578
44,598
44,610
44,678
44,698
44,718
44,858
44,898
44,925
44,953
44,1138
44,1198
44,1238
44,1398
44,1418
44,1558
44,1618
44,1659
44,1718
44,1798
44,1918
44,1958
44,1995
44,2018
44,2038
44,2118
44,2138
44,2198
44,2238
44,2258
44,2298
44,2312
44,2338
44,2347
44,2418
44,2478
44,2480
44,2498
44,2604
44,2715
44,2758
44,2998
44,3038
44,3118
44,3158
44,3178
44,3198
44,3318
44,3398
44,3418
44,3478
44,3538
44,3618
44,3658
44,3677
44,3678
44,3722
44,3738
44,3778
44,3798
44,3818
44,3872
44,3958
44,3998
45,23
45,38
45,78
45,178
45,248
45,258
45,278
45,542
45,558
45,582
45,678
45,718
45,797
45,798
45,818
45,858
45,918
45,998
45,1038
45,1069
45,1118
45,1138
45,1238
45,1298
45,1358
45,1378
45,1389
45,1429
45,1478
45,1558
45,1638
45,1658
45,1758
45,1778
45,1898
45,2058
45,2078
45,2085
45,2158
45,2178
45,2238
45,2278
45,2378
45,2380
45,2398
45,2458
45,2478
45,2498
45,2665
45,2698
45,2718
45,2738
45,2762
45,2878
45,2938
45,2958
45,2974
45,3038
45,3049
45,3078
45,3198
45,3338
45,3438
45,3511
45,3518
45,3577
45,3818
45,3918
45,3929
45,3958
45,3998
46,34
46,74
46,94
46,214
46,254
46,290
46,294
46,314
46,391
46,414
46,434
46,451
46,494
46,534
46,594
46,623
46,694
46,854
46,874
46,875
46,894
46,934
46,1054
46,1074
46,1094
46,1274
46,1294
46,1348
46,1354
46,1534
46,1694
46,1714
46,1774
46,1814
46,1821
46,1900
46,1997
46,2194
46,2214
46,2234
46,2334
46,2394
46,2425
46,2654
46,2694
46,2854
46,2943
46,2954
46,2974
46,3014
46,3154
46,3174
46,3194
46,3234
46,3308
46,3351
46,3374
46,3394
46,3414
46,3434
46,3514
46,3534
46,3554
46,3594
46,3614
46,3654
46,3714
46,3814
46,3874
46,3894
46,3934
46,3974
46,3994
47,24
47,164
47,184
47,204
47,224
47,284
47,344
47,508
47,524
47,564
47,684
47,685
47,704
47,764
47,824
47,944
47,997
47,1034
47,1053
47,1084
47,1094
47,1104
47,1143
47,1241
47,1284
47,1289
47,1324
47,1344
47,1504
47,1564
47,1684
47,1724
47,1784
47,1824
47,1884
47,1924
47,1944
47,1964
47,1984
47,2072
47,2081
47,2104
47,2164
47,2168
47,2184
47,2224
47,2304
47,2330
47,2364
47,2379
47,2384
47,2444
47,2484
47,2544
47,2624
47,2684
47,2744
47,2824
47,2904
47,2912
47,2924
47,2964
47,3124
47,3168
47,3247
47,3284
47,3404
47,3504
47,3644
47,3684
47,3744
47,3804
47,3844
47,3924
48,2
48,59
48,119
48,139
48,219
48,253
48,259
48,279
48,359
48,459
48,499
48,559
48,599
48,619
48,659
48,759
48,779
48,919
48,939
48,979
48,1039
48,1099
48,1139
48,1239
48,1319
48,1339
48,1399
48,1402
48,1499
48,1619
48,1659
48,1719
48,1742
48,1759
48,1819
48,1859
48,1899
48,1919
48,1939
48,1959
48,1999
48,2059
48,2099
48,2139
48,2279
48,2379
48,2399
48,2439
48,2599
48,2659
48,2699
48,2799
48,2817
48,2839
48,2919
48,2939
48,3139
48,3179
48,3279
48,3336
48,3359
48,3479
48,3519
48,3559
48,3579
48,3639
48,3659
48,3699
48,3759
48,3799
48,3819
48,3839
48,3851
48,3879
48,3893
48,3936
49,63
49,140
49,175
49,243
49,291
49,303
49,383
49,423
49,463
49,506
49,583
49,603
49,663
49,703
49,803
49,823
49,862
49,903
49,1009
49,1063
49,1103
49,1163
49,1303
49,1343
49,1383
49,1390
49,1503
49,1543
49,1563
49,1623
49,1683
49,1743
49,1793
49,1899
49,1923
49,1963
49,2063
49,2103
49,2243
49,2246
49,2263
49,2303
49,2323
49,2403
49,2422
49,2423
49,2437
49,2481
49,2543
49,2693
49,2703
49,2723
49,2743
49,2763
49,2863
49,2883
49,2903
49,2983
49,2995
49,3003
49,3023
49,3043
49,3063
49,3147
49,3223
49,3303
49,3363
49,3442
49,3443
49,3483
49,3551
49,3563
49,3663
49,3883
49,3913
49,3923
49,3967
50,34
50,174
50,200
50,208
50,254
50,274
50,314
50,334
50,414
50,434
50,494
50,594
50,634
50,692
50,714
50,732
50,754
50,774
50,814
50,854
50,934
50,1014
50,1126
50,1194
50,1354
50,1374
50,1454
50,1474
50,1494
50,1694
50,1714
50,1894
50,1954
50,2001
50,2027
50,2074
50,2114
50,2154
50,2194
50,2234
50,2238
50,2354
50,2370
50,2454
50,2474
50,2494
50,2625
50,2631
50,2634
50,2707
50,2714
50,2814
50,2934
50,3014
50,3034
50,3094
50,3114
50,3130
50,3194
50,3210
50,3238
50,3254
50,3265
50,3274
50,3314
50,3374
50,3454
50,3474
50,3531
50,3574
50,3734
50,3751
50,3754
50,3819
50,3834
50,3855
50,3914
50,3934
50,3974
51,37
51,57
51,77
51,117
51,177
51,237
51,257
51,297
51,337
51,344
51,397
51,431
51,457
51,597
51,617
51,657
51,661
51,702
51,737
51,753
51,757
51,890
51,897
51,988
51,1057
51,1117
51,1377
51,1397
51,1420
51,1457
51,1466
51,1477
51,1557
51,1577
51,1597
51,1657
51,1697
51,1737
51,1781
51,1797
51,1837
51,1977
51,1997
51,2057
51,2162
51,2217
51,2277
51,2313
51,2317
51,2338
51,2367
51,2383
51,2397
51,2410
51,2537
51,2557
51,2597
51,2637
51,2657
51,2797
51,2837
51,2857
51,2897
51,2917
51,2937
51,3037
51,3117
51,3197
51,3297
51,3377
51,3417
51,3587
51,3597
51,3717
51,3737
51,3857
51,3877
51,3907
51,3917
51,3957
52,12
52,32
52,52
52,92
52,120
52,232
52,262
52,292
52,352
52,371
52,598
52,632
52,652
52,672
52,725
52,832
52,892
52,992
52,1012
52,1132
52,1134
52,1155
52,1232
52,1292
52,1356
52,1372
52,1392
52,1412
52,1506
52,1534
52,1592
52,1652
52,1672
52,1681
52,1712
52,1852
52,1919
52,1932
52,1993
52,1995
52,2012
52,2032
52,2066
52,2248
52,2292
52,2312
52,2332
52,2352
52,2372
52,2392
52,2412
52,2432
52,2552
52,2592
52,2652
52,2672
52,2692
52,2712
52,2772
52,2932
52,2952
52,2972
52,3032
52,3112
52,3172
52,3212
52,3232
52,3252
52,3332
52,3432
52,3472
52,3492
52,3512
52,3520
52,3528
52,3592
52,3692
52,3732
52,3752
52,3792
52,3932
52,3972
53,10
53,79
53,90
53,150
53,161
53,370
53,408
53,410
53,450
53,470
53,510
53,630
53,810
53,830
53,850
53,870
53,890
53,1070
53,1110
53,1196
53,1225
53,1310
53,1453
53,1610
53,1650
53,1750
53,1790
53,1850
53,1930
53,1969
53,1970
53,2050
53,2070
53,2209
53,2310
53,2410
53,2450
53,2470
53,2530
53,2570
53,2680
53,2750
53,2759
53,2790
53,2810
53,2842
53,2850
53,2910
53,2911
53,2929
53,2930
53,2970
53,2990
53,3010
53,3050
53,3070
53,3073
53,3152
53,3175
53,3210
53,3230
53,3240
53,3250
53,3253
53,3330
53,3370
53,3419
53,3530
53,3570
53,3610
53,3620
53,3650
53,3670
53,3690
53,3710
53,3717
53,3762
53,3770
53,3785
53,3830
53,3850
53,3905
53,3970
54,66
54,166
54,186
54,286
54,306
54,386
54,486
54,491
54,511
54,566
54,626
54,666
54,686
54,726
54,746
54,966
54,986
54,1146
54,1262
54,1266
54,1306
54,1421
54,1426
54,1446
54,1466
54,1506
54,1586
54,1646
54,1686
54,1866
54,1906
54,1926
54,1966
54,2126
54,2146
54,2162
54,2166
54,2225
54,2226
54,2266
54,2306
54,2366
54,2374
54,2386
54,2486
54,2506
54,2546
54,2566
54,2646
54,2666
54,2674
54,2686
54,2706
54,2746
54,2766
54,2826
54,2846
54,2906
54,2946
54,2986
54,3026
54,3126
54,3206
54,3226
54,3246
54,3306
54,3326
54,3334
54,3392
54,3406
54,3446
54,3466
54,3486
54,3506
54,3586
54,3714
54,3746
54,3806
54,3826
54,3838
54,3846
54,3866
54,3886
54,3906
54,3946
55,84
55,144
55,261
55,264
55,302
55,324
55,384
55,424
55,532
55,596
55,624
55,764
55,784
55,804
55,844
55,884
55,924
55,977
55,1004
55,1015
55,1111
55,1124
55,1130
55,1290
55,1304
55,1321
55,1426
55,1504
55,1524
55,1544
55,1604
55,1624
55,1644
55,1730
55,1738
55,1744
55,1798
55,1824
55,1844
55,1858
55,1924
55,1942
55,1948
55,1987
55,2064
55,2104
55,2124
55,2184
55,2244
55,2284
55,2304
55,2364
55,2384
55,2424
55,2464
55,2664
55,2708
55,2724
55,2728
55,2784
55,2801
55,2864
55,2924
55,2944
55,2964
55,3009
55,3026
55,3064
55,3084
55,3104
55,3155
55,3164
55,3214
55,3224
55,3244
55,3324
55,3344
55,3484
55,3584
55,3704
55,3724
55,3726
55,3744
55,3758
55,3844
55,3954
56,148
56,188
56,208
56,268
56,308
56,368
56,388
56,408
56,468
56,488
56,528
56,529
56,548
56,568
56,615
56,628
56,648
56,708
56,728
56,729
56,774
56,778
56,928
56,968
56,1008
56,1048
56,1059
56,1108
56,1149
56,1208
56,1228
56,1248
56,1259
56,1274
56,1308
56,1401
56,1408
56,1428
56,1528
56,1548
56,1588
56,1613
56,1668
56,1688
56,1808
56,1848
56,1868
56,1993
56,2088
56,2092
56,2128
56,2188
56,2196
56,2248
56,2268
56,2308
56,2328
56,2428
56,2528
56,2568
56,2648
56,2788
56,2808
56,2828
56,2908
56,2928
56,2948
56,2968
56,3031
56,3048
56,3055
56,3088
56,3148
56,3188
56,3208
56,3288
56,3353
56,3357
56,3448
56,3528
56,3568
56,3628
56,3668
56,3708
56,3748
56,3828
56,3848
56,3954
57,18
57,58
57,158
57,163
57,192
57,193
57,378
57,458
57,478
57,508
57,518
57,600
57,618
57,638
57,658
57,698
57,758
57,778
57,918
57,1038
57,1058
57,1078
57,1198
57,1213
57,1258
57,1278
57,1318
57,1338
57,1358
57,1398
57,1438
57,1458
57,1498
57,1518
57,1524
57,1528
57,1578
57,1613
57,1618
57,1738
57,1798
57,1818
57,1938
57,1964
57,1978
57,1998
57,2018
57,2058
57,2107
57,2138
57,2158
57,2178
57,2218
57,2278
57,2358
57,2378
57,2518
57,2521
57,2545
57,2558
57,2575
57,2618
57,2738
57,2838
57,2854
57,2978
57,3014
57,3058
57,3115
57,3118
57,3178
57,3200
57,3215
57,3258
57,3298
57,3318
57,3338
57,3378
57,3436
57,3458
57,3518
57,3538
57,3591
57,3638
57,3694
57,3698
57,3878
57,3898
57,3978
58,11
58,14
58,34
58,74
58,114
58,185
58,187
58,214
58,254
58,274
58,314
58,423
58,529
58,554
58,614
58,674
58,794
58,854
58,894
58,914
58,954
58,1014
58,1134
58,1254
58,1334
58,1354
58,1375
58,1414
58,1463
58,1565
58,1658
58,1674
58,1754
58,1774
58,1874
58,1894
58,1925
58,1962
58,1974
58,1994
58,2014
58,2054
58,2089
58,2134
58,2154
58,2187
58,2274
58,2293
58,2294
58,2314
58,2454
58,2634
58,2640
58,2734
58,2754
58,2774
58,2794
58,2834
58,2854
58,2878
58,2892
58,2894
58,2934
58,2954
58,2974
58,3034
58,3054
58,3088
58,3174
58,3214
58,3274
58,3294
58,3307
58,3314
58,3434
58,3474
58,3494
58,3554
58,3574
58,3614
58,3634
58,3654
58,3672
58,3694
58,3734
58,3754
58,3794
58,3848
58,3934
58,3945
59,32
59,52
59,72
59,79
59,86
59,172
59,264
59,292
59,492
59,532
59,552
59,572
59,582
59,592
59,612
59,622
59,647
59,679
59,687
59,732
59,772
59,792
59,812
59,892
59,972
59,997
59,1032
59,1065
59,1072
59,1112
59,1152
59,1192
59,1212
59,1292
59,1312
59,1332
59,1356
59,1368
59,1372
59,1472
59,1512
59,1532
59,1572
59,1672
59,1712
59,1767
59,1812
59,1913
59,2032
59,2068
59,2072
59,2102
59,2152
59,2172
59,2337
59,2360
59,2372
59,2412
59,2472
59,2552
59,2572
59,2592
59,2598
59,2612
59,2632
59,2712
59,2732
59,2752
59,2812
59,2852
59,2882
59,2892
59,3014
59,3052
59,3112
59,3192
59,3232
59,3272
59,3365
59,3372
59,3402
59,3432
59,3492
59,3552
59,3612
59,3652
59,3672
59,3752
59,3772
59,3792
59,3812
59,3972
60,49
60,76
60,109
60,199
60,209
60,229
60,309
60,369
60,389
60,390
60,429
60,505
60,549
60,629
60,749
60,789
60,801
60,809
60,909
60,949
60,969
60,1009
60,1058
60,1109
60,1129
60,1250
60,1269
60,1389
60,1469
60,1480
60,1489
60,1509
60,1549
60,1569
60,1589
60,1609
60,1612
60,1669
60,1709
60,1885
60,1909
60,1915
60,1929
60,1989
60,2009
60,2066
60,2100
60,2160
60,2209
60,2229
60,2269
60,2289
60,2337
60,2509
60,2569
60,2598
60,2711
60,2729
60,2749
60,2789
60,2796
60,2829
60,2854
60,2929
60,2969
60,3004
60,3009
60,3041
60,3089
60,3109
60,3129
60,3189
60,3209
60,3249
60,3294
60,3309
60,3321
60,3370
60,3449
60,3469
60,3494
60,3629
60,3649
60,3663
60,3676
60,3709
60,3741
60,3829
60,3849
60,3889
60,3909
60,3989
60,3997
61,32
61,173
61,232
61,272
61,292
61,312
61,332
61,352
61,412
61,492
61,512
61,532
61,533
61,552
61,560
61,563
61,633
61,732
61,752
61,772
61,892
61,972
61,1068
61,1113
61,1172
61,1232
61,1292
61,1412
61,1432
61,1492
61,1512
61,1554
61,1572
61,1652
61,1752
61,1772
61,1812
61,1848
61,1892
61,1932
61,1952
61,1992
61,2052
61,2092
61,2112
61,2172
61,2192
61,2204
61,2236
61,2332
61,2348
61,2392
61,2452
61,2472
61,2532
61,2552
61,2612
61,2672
61,2692
61,2772
61,2812
61,2832
61,2852
61,2912
61,2952
61,2963
61,2972
61,2992
61,3052
61,3072
61,3152
61,3192
61,3232
61,3252
61,3332
61,3352
61,3392
61,3412
61,3432
61,3464
61,3478
61,3532
61,3533
61,3612
61,3652
61,3692
61,3752
61,3792
61,3832
61,3872
61,3880
61,3886
61,3892
61,3932
61,3972
62,139
62,147
62,179
62,199
62,239
62,259
62,279
62,318
62,319
62,339
62,399
62,509
62,539
62,579
62,599
62,639
62,679
62,699
62,719
62,739
62,741
62,859
62,879
62,1019
62,1119
62,1139
62,1159
62,1199
62,1251
62,1279
62,1312
62,1319
62,1320
62,1359
62,1381
62,1399
62,1410
62,1439
62,1459
62,1499
62,1569
62,1573
62,1619
62,1639
62,1679
62,1759
62,1779
62,1859
62,1872
62,1879
62,2079
62,2139
62,2159
62,2179
62,2239
62,2259
62,2359
62,2379
62,2419
62,2448
62,2519
62,2607
62,2619
62,2679
62,2753
62,2779
62,2819
62,2859
62,2879
62,2899
62,2919
62,2959
62,2993
62,3013
62,3019
62,3039
62,3059
62,3079
62,3099
62,3119
62,3179
62,3219
62,3279
62,3319
62,3326
62,3339
62,3359
62,3375
62,3419
62,3559
62,3679
62,3739
62,3759
62,3810
62,3939
62,3999
63,75
63,130
63,195
63,243
63,298
63,375
63,426
63,535
63,631
63,655
63,735
63,786
63,815
63,853
63,895
63,930
63,935
63,955
63,958
63,972
63,975
63,1015
63,1034
63,1067
63,1075
63,1092
63,1095
63,1115
63,1195
63,1215
63,1249
63,1255
63,1259
63,1275
63,1315
63,1375
63,1450
63,1455
63,1461
63,1495
63,1573
63,1628
63,1683
63,1697
63,1721
63,1735
63,1753
63,1795
63,1875
63,1915
63,1935
63,1975
63,2035
63,2055
63,2075
63,2095
63,2155
63,2160
63,2193
63,2235
63,2275
63,2315
63,2316
63,2375
63,2394
63,2395
63,2435
63,2475
63,2492
63,2512
63,2525
63,2555
63,2575
63,2635
63,2655
63,2656
63,2855
63,2908
63,2995
63,3019
63,3057
63,3081
63,3155
63,3295
63,3315
63,3355
63,3375
63,3415
63,3475
63,3483
63,3512
63,3555
63,3575
63,3655
63,3875
63,3916
63,3935
63,3944
64,42
64,50
64,62
64,65
64,102
64,122
64,222
64,302
64,366
64,382
64,422
64,462
64,622
64,702
64,782
64,822
64,842
64,902
64,922
64,942
64,967
64,1022
64,1042
64,1062
64,1102
64,1142
64,1162
64,1182
64,1198
64,1207
64,1284
64,1289
64,1302
64,1324
64,1382
64,1383
64,1402
64,1422
64,1513
64,1521
64,1602
64,1642
64,1676
64,1702
64,1719
64,1742
64,1767
64,1782
64,1822
64,1842
64,1862
64,1942
64,1978
64,2062
64,2082
64,2122
64,2142
64,2162
64,2182
64,2302
64,2322
64,2346
64,2382
64,2384
64,2442
64,2452
64,2482
64,2502
64,2622
64,2624
64,2702
64,2728
64,2822
64,2842
64,2853
64,2862
64,2922
64,3002
64,3040
64,3062
64,3102
64,3162
64,3182
64,3183
64,3242
64,3255
64,3262
64,3462
64,3482
64,3562
64,3782
64,3882
64,3886
64,3902
64,3908
64,3922
64,3942
64,3962
64,3982
65,21
65,94
65,134
65,159
65,214
65,254
65,274
65,314
65,334
65,354
65,368
65,411
65,414
65,434
65,574
65,594
65,604
65,634
65,794
65,854
65,1002
65,1074
65,1094
65,1134
65,1145
65,1162
65,1174
65,1194
65,1214
65,1254
65,1294
65,1314
65,1374
65,1414
65,1507
65,1554
65,1614
65,1668
65,1674
65,1694
65,1734
65,1834
65,1854
65,1994
65,2014
65,2018
65,2034
65,2054
65,2074
65,2134
65,2154
65,2174
65,2234
65,2245
65,2412
65,2414
65,2474
65,2514
65,2534
65,2594
65,2604
65,2654
65,2674
65,2714
65,2774
65,2794
65,2834
65,2854
65,2874
65,2894
65,2914
65,2954
65,3031
65,3034
65,3054
65,3150
65,3174
65,3234
65,3254
65,3274
65,3294
65,3334
65,3394
65,3414
65,3454
65,3474
65,3534
65,3536
65,3574
65,3594
65,3614
65,3714
65,3781
65,3794
65,3814
65,3834
65,3874
65,3877
65,3914
65,3960
65,3994
66,26
66,35
66,75
66,95
66,115
66,155
66,195
66,215
66,295
66,315
66,335
66,392
66,515
66,535
66,555
66,564
66,655
66,675
66,715
66,775
66,915
66,955
66,975
66,1015
66,1095
66,1135
66,1195
66,1235
66,1255
66,1295
66,1300
66,1315
66,1367
66,1395
66,1415
66,1535
66,1555
66,1575
66,1595
66,1615
66,1717
66,1778
66,1807
66,1815
66,1835
66,1875
66,1895
66,1935
66,1939
66,1947
66,2035
66,2075
66,2106
66,2110
66,2135
66,2195
66,2235
66,2255
66,2275
66,2295
66,2322
66,2395
66,2415
66,2475
66,2515
66,2550
66,2555
66,2565
66,2595
66,2615
66,2635
66,2735
66,2755
66,2775
66,2795
66,2815
66,2947
66,3015
66,3017
66,3095
66,3143
66,3155
66,3175
66,3195
66,3215
66,3255
66,3395
66,3413
66,3480
66,3524
66,3531
66,3595
66,3635
66,3675
66,3695
66,3735
66,3806
66,3815
66,3832
66,3890
66,3896
66,3915
67,18
67,43
67,115
67,136
67,138
67,178
67,238
67,258
67,338
67,358
67,378
67,398
67,418
67,438
67,452
67,458
67,498
67,518
67,538
67,558
67,638
67,678
67,738
67,758
67,818
67,878
67,898
67,918
67,958
67,967
67,998
67,1003
67,1015
67,1113
67,1138
67,1158
67,1198
67,1238
67,1257
67,1298
67,1357
67,1358
67,1378
67,1398
67,1558
67,1561
67,1598
67,1618
67,1698
67,1738
67,1788
67,1858
67,1958
67,1978
67,2018
67,2019
67,2058
67,2064
67,2118
67,2153
67,2161
67,2198
67,2218
67,2258
67,2288
67,2298
67,2335
67,2426
67,2432
67,2438
67,2457
67,2558
67,2618
67,2624
67,2672
67,2698
67,2738
67,2878
67,2898
67,2998
67,3076
67,3118
67,3138
67,3198
67,3218
67,3258
67,3278
67,3279
67,3298
67,3378
67,3418
67,3438
67,3538
67,3558
67,3618
67,3619
67,3638
67,3658
67,3738
67,3818
67,3899
67,3921
67,3922
67,3928
68,90
68,102
68,167
68,170
68,190
68,195
68,209
68,210
68,290
68,330
68,350
68,390
68,430
68,490
68,510
68,590
68,630
68,710
68,798
68,810
68,917
68,975
68,997
68,1030
68,1090
68,1130
68,1170
68,1230
68,1330
68,1350
68,1373
68,1401
68,1445
68,1470
68,1490
68,1511
68,1530
68,1550
68,1570
68,1590
68,1629
68,1690
68,1692
68,1770
68,1790
68,1830
68,1886
68,1910
68,1930
68,1964
68,1970
68,2030
68,2050
68,2053
68,2075
68,2144
68,2170
68,2230
68,2250
68,2270
68,2285
68,2290
68,2330
68,2350
68,2370
68,2390
68,2430
68,2450
68,2510
68,2610
68,2633
68,2634
68,2650
68,2670
68,2690
68,2767
68,2790
68,2890
68,2936
68,2950
68,2971
68,2990
68,3010
68,3030
68,3050
68,3090
68,3094
68,3154
68,3163
68,3210
68,3330
68,3364
68,3365
68,3490
68,3550
68,3630
68,3650
68,3664
68,3670
68,3710
68,3730
68,3750
68,3850
68,3892
68,3948
69,41
69,61
69,81
69,121
69,141
69,161
69,181
69,188
69,201
69,261
69,301
69,321
69,335
69,381
69,401
69,421
69,438
69,441
69,461
69,481
69,501
69,621
69,641
69,661
69,754
69,770
69,781
69,820
69,821
69,842
69,860
69,869
69,881
69,901
69,912
69,921
69,1061
69,1160
69,1201
69,1208
69,1261
69,1321
69,1361
69,1381
69,1401
69,1501
69,1541
69,1601
69,1621
69,1641
69,1681
69,1744
69,1749
69,1801
69,1861
69,1901
69,1993
69,2001
69,2021
69,2061
69,2121
69,2261
69,2281
69,2341
69,2401
69,2421
69,2481
69,2550
69,2553
69,2577
69,2601
69,2641
69,2681
69,2701
69,2720
69,2841
69,2915
69,2941
69,2961
69,2964
69,3001
69,3028
69,3049
69,3101
69,3141
69,3161
69,3181
69,3201
69,3281
69,3364
69,3381
69,3401
69,3441
69,3481
69,3521
69,3541
69,3661
69,3703
69,3721
69,3741
69,3801
69,3861
69,3941
69,3961
69,3962
69,3981
69,3991
70,5
70,7
70,57
70,77
70,97
70,117
70,137
70,157
70,161
70,217
70,277
70,337
70,397
70,417
70,437
70,457
70,477
70,508
70,517
70,577
70,717
70,777
70,797
70,817
70,857
70,877
70,957
70,997
70,1017
70,1057
70,1097
70,1157
70,1177
70,1197
70,1337
70,1357
70,1457
70,1517
70,1557
70,1586
70,1617
70,1632
70,1637
70,1697
70,1717
70,1720
70,1746
70,1757
70,1777
70,1797
70,1817
70,1881
70,1897
70,1906
70,1917
70,1997
70,2037
70,2097
70,2137
70,2157
70,2197
70,2217
70,2237
70,2277
70,2286
70,2297
70,2337
70,2357
70,2432
70,2437
70,2617
70,2656
70,2657
70,2737
70,2743
70,2757
70,2797
70,2817
70,2957
70,2977
70,3017
70,3037
70,3097
70,3117
70,3137
70,3177
70,3277
70,3287
70,3317
70,3337
70,3357
70,3417
70,3457
70,3477
70,3525
70,3537
70,3557
70,3597
70,3657
70,3670
70,3737
70,3757
70,3817
70,3857
70,3880
70,3930
70,3937
70,3997
71,25
71,34
71,89
71,94
71,114
71,142
71,154
71,174
71,194
71,205
71,214
71,274
71,294
71,314
71,374
71,434
71,454
71,490
71,494
71,514
71,534
71,594
71,614
71,654
71,694
71,754
71,768
71,774
71,796
71,814
71,820
71,885
71,914
71,954
71,974
71,1014
71,1074
71,1094
71,1146
71,1154
71,1194
71,1214
71,1434
71,1491
71,1514
71,1544
71,1574
71,1654
71,1674
71,1688
71,1714
71,1734
71,1754
71,1814
71,1834
71,1846
71,1874
71,1934
71,1974
71,1976
71,1994
71,2054
71,2073
71,2094
71,2114
71,2134
71,2140
71,2214
71,2234
71,2263
71,2274
71,2294
71,2302
71,2334
71,2354
71,2394
71,2414
71,2454
71,2514
71,2534
71,2554
71,2614
71,2654
71,2694
71,2734
71,2754
71,2772
71,2814
71,2834
71,2854
71,2914
71,2934
71,2944
71,3054
71,3114
71,3154
71,3194
71,3214
71,3269
71,3274
71,3354
71,3574
71,3594
71,3634
71,3714
71,3734
71,3754
71,3834
71,3874
71,3994
72,59
72,112
72,132
72,139
72,259
72,319
72,339
72,359
72,377
72,399
72,419
72,479
72,519
72,536
72,579
72,630
72,639
72,648
72,679
72,701
72,719
72,739
72,779
72,819
72,839
72,859
72,884
72,899
72,939
72,964
72,979
72,1039
72,1059
72,1078
72,1079
72,1148
72,1159
72,1199
72,1239
72,1259
72,1299
72,1319
72,1359
72,1379
72,1399
72,1539
72,1558
72,1579
72,1619
72,1639
72,1659
72,1699
72,1759
72,1779
72,1799
72,1859
72,1879
72,1939
72,1959
72,2039
72,2079
72,2119
72,2179
72,2256
72,2319
72,2379
72,2416
72,2419
72,2479
72,2537
72,2559
72,2589
72,2590
72,2599
72,2659
72,2711
72,2719
72,2735
72,2739
72,2779
72,2819
72,2839
72,2879
72,2919
72,2939
72,2999
72,3079
72,3089
72,3179
72,3299
72,3339
72,3379
72,3399
72,3405
72,3430
72,3447
72,3539
72,3540
72,3559
72,3564
72,3651
72,3691
72,3709
72,3719
72,3722
72,3799
72,3859
72,3918
72,3939
72,3959
72,3999
73,56
73,68
73,76
73,116
73,154
73,158
73,176
73,216
73,218
73,277
73,296
73,378
73,416
73,476
73,516
73,526
73,536
73,556
73,636
73,676
73,836
73,856
73,976
73,1016
73,1136
73,1176
73,1196
73,1216
73,1236
73,1256
73,1316
73,1336
73,1396
73,1416
73,1436
73,1456
73,1476
73,1496
73,1516
73,1536
73,1676
73,1696
73,1716
73,1736
73,1756
73,1765
73,1796
73,1800
73,1816
73,1856
73,1988
73,1996
73,2036
73,2056
73,2076
73,2091
73,2121
73,2156
73,2176
73,2216
73,2266
73,2316
73,2336
73,2376
73,2416
73,2418
73,2436
73,2456
73,2496
73,2516
73,2536
73,2537
73,2556
73,2574
73,2576
73,2596
73,2616
73,2645
73,2696
73,2716
73,2736
73,2756
73,2790
73,2796
73,2816
73,2856
73,2896
73,2996
73,3016
73,3056
73,3057
73,3136
73,3183
73,3327
73,3371
73,3396
73,3416
73,3456
73,3487
73,3496
73,3516
73,3576
73,3596
73,3618
73,3696
73,3700
73,3716
73,3836
73,3876
73,3896
73,3956
73,3984
73,3996
74,4
74,27
74,67
74,99
74,147
74,207
74,227
74,240
74,267
74,287
74,347
74,446
74,467
74,507
74,527
74,539
74,547
74,627
74,648
74,707
74,727
74,747
74,767
74,787
74,807
74,887
74,899
74,947
74,967
74,1007
74,1034
74,1047
74,1067
74,1147
74,1227
74,1278
74,1296
74,1327
74,1347
74,1427
74,1447
74,1547
74,1567
74,1574
74,1623
74,1627
74,1647
74,1667
74,1687
74,1727
74,1762
74,1767
74,1769
74,1807
74,1826
74,1849
74,1887
74,1919
74,1927
74,1947
74,1967
74,1979
74,1985
74,2007
74,2027
74,2100
74,2107
74,2127
74,2147
74,2227
74,2247
74,2327
74,2407
74,2448
74,2467
74,2487
74,2488
74,2519
74,2547
74,2587
74,2607
74,2624
74,2632
74,2687
74,2707
74,2747
74,2767
74,2807
74,2827
74,2927
74,2947
74,2986
74,2987
74,3027
74,3087
74,3147
74,3148
74,3167
74,3187
74,3207
74,3266
74,3307
74,3407
74,3427
74,3473
74,3487
74,3587
74,3647
74,3707
74,3747
74,3847
74,3854
74,3927
74,3967
75,26
75,76
75,97
75,117
75,137
75,197
75,237
75,337
75,397
75,457
75,466
75,477
75,508
75,517
75,559
75,617
75,654
75,695
75,743
75,777
75,837
75,857
75,917
75,957
75,1017
75,1037
75,1057
75,1097
75,1117
75,1137
75,1157
75,1197
75,1237
75,1334
75,1348
75,1357
75,1367
75,1391
75,1417
75,1437
75,1497
75,1597
75,1638
75,1704
75,1717
75,1727
75,1729
75,1737
75,1777
75,1817
75,1843
75,1848
75,1850
75,1877
75,1888
75,1917
75,1957
75,1997
75,2036
75,2057
75,2117
75,2157
75,2217
75,2297
75,2397
75,2457
75,2535
75,2537
75,2577
75,2597
75,2604
75,2685
75,2720
75,2737
75,2757
75,2777
75,2857
75,2897
75,2917
75,2957
75,2977
75,2997
75,3057
75,3097
75,3117
75,3157
75,3168
75,3177
75,3257
75,3266
75,3277
75,3297
75,3305
75,3449
75,3477
75,3497
75,3498
75,3517
75,3558
75,3617
75,3658
75,3677
75,3697
75,3757
75,3777
75,3797
75,3817
75,3837
75,3857
75,3862
75,3877
75,3957
75,3961
75,3968
75,3977
75,3997
76,134
76,148
76,154
76,174
76,194
76,234
76,235
76,254
76,291
76,294
76,314
76,354
76,414
76,494
76,514
76,515
76,534
76,602
76,640
76,713
76,714
76,774
76,814
76,834
76,854
76,857
76,894
76,914
76,1134
76,1194
76,1214
76,1309
76,1314
76,1384
76,1414
76,1474
76,1494
76,1514
76,1554
76,1594
76,1614
76,1634
76,1654
76,1687
76,1714
76,1754
76,1774
76,1794
76,1814
76,1886
76,1904
76,1914
76,1921
76,1934
76,1954
76,2014
76,2074
76,2154
76,2234
76,2236
76,2267
76,2274
76,2294
76,2334
76,2354
76,2394
76,2454
76,2474
76,2514
76,2554
76,2574
76,2594
76,2614
76,2741
76,2774
76,2834
76,2854
76,2894
76,2914
76,2954
76,2986
76,2999
76,3034
76,3114
76,3126
76,3134
76,3143
76,3174
76,3194
76,3234
76,3254
76,3261
76,3312
76,3389
76,3394
76,3454
76,3464
76,3514
76,3534
76,3537
76,3614
76,3651
76,3694
76,3714
76,3725
76,3754
76,3794
76,3814
76,3834
76,3854
76,3874
76,3894
76,3924
76,3934
76,3951
76,3954
76,3994
77,43
77,63
77,79
77,88
77,123
77,183
77,203
77,323
77,343
77,345
77,368
77,380
77,403
77,427
77,463
77,483
77,523
77,543
77,603
77,607
77,616
77,643
77,659
77,728
77,743
77,783
77,863
77,883
77,923
77,943
77,1023
77,1043
77,1080
77,1123
77,1143
77,1203
77,1236
77,1263
77,1283
77,1363
77,1383
77,1423
77,1443
77,1516
77,1523
77,1543
77,1563
77,1603
77,1623
77,1703
77,1763
77,1783
77,1819
77,1823
77,1855
77,2023
77,2105
77,2123
77,2143
77,2183
77,2223
77,2233
77,2243
77,2303
77,2323
77,2343
77,2383
77,2403
77,2423
77,2458
77,2463
77,2503
77,2523
77,2563
77,2603
77,2619
77,2623
77,2683
77,2703
77,2758
77,2763
77,2843
77,2863
77,2903
77,2923
77,2966
77,2972
77,2997
77,3003
77,3023
77,3036
77,3041
77,3043
77,3103
77,3143
77,3163
77,3183
77,3283
77,3303
77,3323
77,3343
77,3346
77,3439
77,3483
77,3485
77,3503
77,3583
77,3603
77,3627
77,3643
77,3683
77,3743
77,3799
77,3883
77,3903
77,3923
77,3943
77,3963
77,3983
78,12
78,32
78,86
78,112
78,152
78,212
78,252
78,292
78,300
78,312
78,332
78,352
78,355
78,392
78,408
78,412
78,472
78,522
78,532
78,552
78,572
78,592
78,612
78,672
78,690
78,703
78,743
78,752
78,792
78,873
78,932
78,952
78,989
78,1032
78,1052
78,1112
78,1132
78,1153
78,1172
78,1192
78,1200
78,1229
78,1261
78,1272
78,1352
78,1372
78,1392
78,1412
78,1452
78,1526
78,1532
78,1552
78,1572
78,1598
78,1672
78,1772
78,1792
78,1832
78,1852
78,1952
78,1992
78,2032
78,2052
78,2072
78,2112
78,2152
78,2292
78,2301
78,2332
78,2346
78,2352
78,2392
78,2452
78,2472
78,2531
78,2580
78,2612
78,2626
78,2652
78,2692
78,2712
78,2792
78,2812
78,2849
78,2852
78,2872
78,2912
78,2952
78,3000
78,3012
78,3032
78,3054
78,3093
78,3157
78,3172
78,3192
78,3232
78,3244
78,3252
78,3286
78,3352
78,3470
78,3472
78,3492
78,3512
78,3517
78,3532
78,3572
78,3643
78,3652
78,3672
78,3734
78,3744
78,3772
78,3832
78,3892
78,3912
78,3932
78,3952
78,3992
79,14
79,19
79,23
79,54
79,99
79,154
79,173
79,214
79,234
79,294
79,314
79,374
79,394
79,434
79,474
79,554
79,574
79,594
79,614
79,634
79,674
79,754
79,834
79,837
79,854
79,864
79,882
79,929
79,954
79,994
79,1034
79,1066
79,1117
79,1149
79,1254
79,1314
79,1324
79,1334
79,1354
79,1379
79,1434
79,1454
79,1455
79,1479
79,1574
79,1614
79,1682
79,1694
79,1734
79,1794
79,1814
79,1834
79,1854
79,1894
79,1994
79,2135
79,2174
79,2203
79,2234
79,2314
79,2354
79,2394
79,2404
79,2413
79,2454
79,2474
79,2517
79,2674
79,2707
79,2737
79,2754
79,2794
79,2816
79,2849
79,2863
79,2874
79,2887
79,2914
79,2934
79,2954
79,2974
79,2990
79,3014
79,3034
79,3054
79,3062
79,3074
79,3101
79,3114
79,3134
79,3154
79,3174
79,3194
79,3274
79,3277
79,3280
79,3306
79,3314
79,3334
79,3354
79,3434
79,3480
79,3494
79,3499
79,3510
79,3514
79,3534
79,3554
79,3634
79,3635
79,3701
79,3714
79,3734
79,3754
79,3794
79,3834
79,3854
79,3914
79,3943
79,3954
79,3985
79,3997
80,66
80,67
80,90
80,114
80,126
80,161
80,166
80,186
80,266
80,306
80,326
80,378
80,386
80,407
80,426
80,506
80,546
80,554
80,561
80,577
80,606
80,666
80,686
80,706
80,784
80,791
80,798
80,946
80,966
80,986
80,1006
80,1086
80,1105
80,1106
80,1186
80,1206
80,1226
80,1266
80,1273
80,1277
80,1286
80,1306
80,1326
80,1346
80,1386
80,1446
80,1493
80,1506
80,1566
80,1583
80,1586
80,1614
80,1615
80,1648
80,1686
80,1787
80,1846
80,1883
80,1912
80,1926
80,1966
80,1986
80,2026
80,2066
80,2086
80,2106
80,2155
80,2186
80,2206
80,2266
80,2276
80,2306
80,2346
80,2366
80,2379
80,2386
80,2407
80,2426
80,2446
80,2466
80,2477
80,2526
80,2566
80,2586
80,2615
80,2657
80,2666
80,2717
80,2726
80,2752
80,2772
80,2806
80,2843
80,2946
80,2982
80,3006
80,3026
80,3066
80,3106
80,3166
80,3206
80,3226
80,3326
80,3333
80,3346
80,3366
80,3406
80,3505
80,3506
80,3566
80,3584
80,3586
80,3626
80,3686
80,3706
80,3726
80,3807
80,3826
80,3846
80,3866
80,3886
80,3966
80,3986
81,59
81,79
81,99
81,119
81,139
81,168
81,179
81,299
81,303
81,399
81,474
81,519
81,535
81,537
81,539
81,576
81,619
81,639
81,659
81,719
81,759
81,763
81,769
81,779
81,799
81,819
81,879
81,899
81,950
81,979
81,1019
81,1020
81,1079
81,1099
81,1112
81,1127
81,1133
81,1139
81,1216
81,1239
81,1250
81,1259
81,1299
81,1339
81,1359
81,1379
81,1439
81,1479
81,1496
81,1526
81,1535
81,1539
81,1559
81,1579
81,1679
81,1739
81,1759
81,1776
81,1819
81,1839
81,1848
81,1859
81,1879
81,1939
81,1959
81,1979
81,1994
81,2059
81,2099
81,2119
81,2139
81,2159
81,2239
81,2279
81,2379
81,2439
81,2519
81,2539
81,2559
81,2579
81,2599
81,2600
81,2639
81,2643
81,2691
81,2759
81,2839
81,2879
81,2899
81,2919
81,2979
81,2981
81,2999
81,3019
81,3039
81,3059
81,3099
81,3106
81,3119
81,3139
81,3164
81,3190
81,3224
81,3279
81,3299
81,3304
81,3319
81,3328
81,3339
81,3399
81,3419
81,3479
81,3510
81,3539
81,3585
81,3599
81,3619
81,3639
81,3659
81,3679
81,3739
81,3743
81,3759
81,3839
81,3979
82,15
82,31
82,50
82,55
82,93
82,95
82,97
82,155
82,195
82,255
82,275
82,335
82,355
82,375
82,395
82,398
82,415
82,435
82,450
82,455
82,575
82,615
82,655
82,715
82,735
82,755
82,795
82,835
82,875
82,955
82,975
82,1035
82,1056
82,1095
82,1132
82,1155
82,1195
82,1215
82,1268
82,1285
82,1295
82,1315
82,1335
82,1355
82,1366
82,1375
82,1412
82,1415
82,1435
82,1509
82,1575
82,1582
82,1675
82,1715
82,1735
82,1775
82,1815
82,1828
82,1835
82,1955
82,1995
82,2015
82,2055
82,2064
82,2075
82,2095
82,2133
82,2175
82,2215
82,2235
82,2255
82,2275
82,2355
82,2375
82,2396
82,2455
82,2475
82,2515
82,2535
82,2555
82,2695
82,2730
82,2795
82,2833
82,2857
82,2875
82,2891
82,2895
82,2943
82,2975
82,3015
82,3035
82,3079
82,3095
82,3135
82,3155
82,3165
82,3175
82,3200
82,3280
82,3289
82,3308
82,3315
82,3335
82,3415
82,3435
82,3455
82,3495
82,3535
82,3575
82,3595
82,3615
82,3622
82,3695
82,3715
82,3751
82,3755
82,3775
82,3835
82,3855
82,3875
82,3895
82,3915
82,3959
82,3964
82,3969
83,34
83,38
83,153
83,173
83,227
83,233
83,246
83,267
83,293
83,333
83,393
83,433
83,453
83,493
83,533
83,553
83,573
83,593
83,613
83,673
83,693
83,735
83,744
83,753
83,833
83,873
83,893
83,973
83,993
83,1004
83,1053
83,1058
83,1073
83,1118
83,1133
83,1153
83,1193
83,1212
83,1253
83,1277
83,1293
83,1313
83,1373
83,1374
83,1405
83,1444
83,1453
83,1493
83,1513
83,1549
83,1593
83,1653
83,1673
83,1685
83,1713
83,1733
83,1757
83,1793
83,1819
83,1833
83,1853
83,1885
83,1893
83,1913
83,1953
83,2033
83,2073
83,2113
83,2153
83,2173
83,2189
83,2193
83,2213
83,2233
83,2253
83,2273
83,2293
83,2348
83,2373
83,2413
83,2433
83,2493
83,2533
83,2535
83,2573
83,2607
83,2693
83,2753
83,2773
83,2833
83,2860
83,2873
83,2933
83,2949
83,2953
83,2993
83,3073
83,3093
83,3113
83,3131
83,3193
83,3243
83,3253
83,3293
83,3333
83,3353
83,3373
83,3413
83,3433
83,3532
83,3547
83,3553
83,3593
83,3597
83,3613
83,3653
83,3675
83,3693
83,3696
83,3733
83,3760
83,3773
83,3813
83,3833
83,3873
83,3893
83,3933
83,3954
84,49
84,89
84,129
84,189
84,209
84,249
84,269
84,289
84,309
84,313
84,331
84,383
84,389
84,409
84,429
84,509
84,529
84,569
84,607
84,609
84,629
84,647
84,649
84,665
84,669
84,698
84,729
84,769
84,829
84,869
84,889
84,969
84,974
84,1057
84,1061
84,1067
84,1081
84,1096
84,1109
84,1123
84,1129
84,1149
84,1154
84,1169
84,1189
84,1194
84,1209
84,1249
84,1257
84,1329
84,1349
84,1389
84,1449
84,1469
84,1494
84,1509
84,1531
84,1589
84,1625
84,1669
84,1689
84,1709
84,1749
84,1786
84,1809
84,1829
84,1869
84,1886
84,1929
84,1942
84,1949
84,1989
84,2009
84,2028
84,2049
84,2069
84,2089
84,2109
84,2169
84,2189
84,2209
84,2249
84,2369
84,2449
84,2509
84,2529
84,2549
84,2569
84,2589
84,2629
84,2726
84,2729
84,2749
84,2769
84,2789
84,2809
84,2864
84,2869
84,2909
84,2929
84,2949
84,2969
84,3009
84,3029
84,3034
84,3089
84,3095
84,3100
84,3120
84,3189
84,3209
84,3334
84,3340
84,3369
84,3390
84,3469
84,3489
84,3529
84,3569
84,3589
84,3609
84,3729
84,3761
84,3769
84,3789
84,3869
84,3889
84,3921
84,3929
85,69
85,88
85,109
85,149
85,165
85,169
85,209
85,289
85,329
85,349
85,369
85,406
85,449
85,469
85,529
85,549
85,569
85,580
85,591
85,679
85,689
85,749
85,775
85,784
85,789
85,809
85,829
85,849
85,869
85,909
85,929
85,969
85,989
85,1009
85,1069
85,1122
85,1129
85,1149
85,1153
85,1189
85,1196
85,1229
85,1269
85,1289
85,1369
85,1370
85,1429
85,1459
85,1469
85,1489
85,1508
85,1521
85,1569
85,1609
85,1643
85,1649
85,1710
85,1715
85,1769
85,1789
85,1809
85,1847
85,1869
85,1889
85,1909
85,1929
85,1949
85,1969
85,2007
85,2049
85,2129
85,2147
85,2185
85,2204
85,2209
85,2266
85,2267
85,2289
85,2309
85,2329
85,2377
85,2379
85,2429
85,2469
85,2509
85,2529
85,2547
85,2589
85,2609
85,2629
85,2669
85,2689
85,2769
85,2849
85,2889
85,2903
85,2949
85,2989
85,3029
85,3039
85,3053
85,3115
85,3189
85,3209
85,3210
85,3249
85,3269
85,3289
85,3309
85,3369
85,3389
85,3409
85,3469
85,3509
85,3529
85,3569
85,3650
85,3669
85,3678
85,3689
85,3730
85,3749
85,3809
85,3819
85,3829
85,3869
85,3907
85,3909
85,3969
85,3977
85,3994
86,5
86,24
86,104
86,120
86,124
86,144
86,164
86,243
86,244
86,264
86,284
86,324
86,365
86,384
86,444
86,464
86,504
86,524
86,564
86,597
86,652
86,684
86,704
86,724
86,735
86,744
86,764
86,796
86,804
86,824
86,844
86,864
86,884
86,904
86,917
86,1004
86,1024
86,1064
86,1084
86,1124
86,1144
86,1149
86,1164
86,1207
86,1244
86,1339
86,1344
86,1364
86,1444
86,1504
86,1584
86,1604
86,1663
86,1664
86,1719
86,1744
86,1804
86,1844
86,1884
86,1900
86,1928
86,1964
86,2024
86,2044
86,2108
86,2131
86,2144
86,2164
86,2170
86,2184
86,2204
86,2206
86,2215
86,2257
86,2264
86,2316
86,2324
86,2339
86,2344
86,2384
86,2404
86,2424
86,2444
86,2464
86,2504
86,2507
86,2524
86,2544
86,2584
86,2604
86,2624
86,2744
86,2764
86,2784
86,2864
86,2904
86,2924
86,2944
86,3004
86,3024
86,3064
86,3104
86,3122
86,3184
86,3304
86,3324
86,3344
86,3404
86,3424
86,3444
86,3464
86,3484
86,3524
86,3572
86,3584
86,3604
86,3624
86,3660
86,3664
86,3679
86,3727
86,3788
86,3794
86,3804
86,3819
86,3824
86,3844
86,3904
86,3924
86,3927
86,3944
86,3964
87,38
87,42
87,58
87,98
87,118
87,178
87,198
87,298
87,318
87,333
87,339
87,346
87,358
87,380
87,398
87,403
87,408
87,418
87,438
87,478
87,498
87,499
87,505
87,535
87,558
87,637
87,638
87,650
87,658
87,698
87,699
87,718
87,778
87,818
87,838
87,858
87,958
87,978
87,998
87,1013
87,1018
87,1058
87,1098
87,1111
87,1118
87,1130
87,1145
87,1187
87,1198
87,1218
87,1258
87,1298
87,1318
87,1338
87,1339
87,1398
87,1430
87,1452
87,1458
87,1463
87,1484
87,1518
87,1538
87,1558
87,1638
87,1678
87,1687
87,1691
87,1696
87,1698
87,1705
87,1758
87,1770
87,1818
87,1838
87,1918
87,2018
87,2043
87,2058
87,2073
87,2198
87,2258
87,2376
87,2378
87,2407
87,2478
87,2498
87,2548
87,2558
87,2598
87,2638
87,2658
87,2716
87,2718
87,2738
87,2793
87,2818
87,2838
87,2858
87,2918
87,2958
87,2978
87,2998
87,3038
87,3058
87,3078
87,3098
87,3134
87,3138
87,3158
87,3258
87,3298
87,3358
87,3378
87,3418
87,3437
87,3438
87,3458
87,3478
87,3538
87,3578
87,3640
87,3677
87,3678
87,3681
87,3738
87,3758
87,3778
87,3878
87,3918
87,3938
87,3958
87,3998
88,19
88,44
88,59
88,79
88,99
88,119
88,137
88,139
88,189
88,199
88,200
88,219
88,239
88,259
88,279
88,319
88,339
88,379
88,479
88,546
88,599
88,619
88,639
88,679
88,699
88,719
88,739
88,779
88,799
88,819
88,839
88,859
88,879
88,899
88,959
88,971
88,972
88,979
88,985
88,1019
88,1079
88,1099
88,1109
88,1119
88,1159
88,1179
88,1191
88,1199
88,1200
88,1259
88,1267
88,1279
88,1299
88,1399
88,1419
88,1439
88,1459
88,1499
88,1539
88,1559
88,1579
88,1639
88,1698
88,1759
88,1779
88,1799
88,1853
88,1859
88,1878
88,1879
88,1919
88,1936
88,1999
88,2019
88,2026
88,2159
88,2179
88,2185
88,2199
88,2239
88,2243
88,2259
88,2319
88,2379
88,2399
88,2419
88,2459
88,2479
88,2499
88,2531
88,2582
88,2619
88,2639
88,2659
88,2719
88,2739
88,2759
88,2779
88,2799
88,2827
88,2859
88,2879
88,2899
88,2939
88,2966
88,3006
88,3079
88,3099
88,3106
88,3119
88,3139
88,3199
88,3209
88,3211
88,3219
88,3279
88,3298
88,3319
88,3439
88,3479
88,3539
88,3549
88,3579
88,3581
88,3595
88,3613
88,3636
88,3643
88,3699
88,3739
88,3799
88,3819
88,3879
88,3899
88,3919
89,15
89,75
89,115
89,215
89,235
89,260
89,275
89,355
89,375
89,395
89,455
89,464
89,469
89,493
89,526
89,575
89,589
89,595
89,615
89,695
89,711
89,746
89,755
89,769
89,775
89,795
89,815
89,855
89,875
89,915
89,1015
89,1075
89,1115
89,1135
89,1155
89,1175
89,1215
89,1235
89,1255
89,1295
89,1315
89,1320
89,1355
89,1375
89,1435
89,1500
89,1535
89,1555
89,1675
89,1720
89,1735
89,1755
89,1835
89,1875
89,1915
89,1955
89,1994
89,2035
89,2095
89,2135
89,2152
89,2175
89,2195
89,2235
89,2255
89,2265
89,2275
89,2295
89,2298
89,2309
89,2315
89,2355
89,2366
89,2435
89,2455
89,2458
89,2475
89,2515
89,2535
89,2569
89,2592
89,2595
89,2652
89,2695
89,2735
89,2755
89,2775
89,2797
89,2815
89,2855
89,2859
89,2875
89,2915
89,2922
89,2955
89,2995
89,3015
89,3020
89,3035
89,3055
89,3075
89,3086
89,3135
89,3175
89,3215
89,3222
89,3235
89,3259
89,3315
89,3335
89,3355
89,3374
89,3415
89,3435
89,3450
89,3455
89,3461
89,3515
89,3547
89,3575
89,3595
89,3615
89,3639
89,3655
89,3675
89,3735
89,3755
89,3815
89,3835
89,3855
89,3895
89,3915
89,3951
89,3971
89,3975
89,3995
90,7
90,11
90,47
90,67
90,77
90,87
90,127
90,187
90,260
90,307
90,347
90,445
90,462
90,487
90,507
90,517
90,547
90,587
90,607
90,627
90,667
90,707
90,727
90,787
90,813
90,847
90,879
90,883
90,887
90,907
90,920
90,927
90,947
90,954
90,1007
90,1034
90,1047
90,1087
90,1107
90,1127
90,1147
90,1207
90,1267
90,1307
90,1313
90,1347
90,1420
90,1447
90,1467
90,1487
90,1495
90,1541
90,1554
90,1607
90,1627
90,1747
90,1767
90,1787
90,1827
90,1847
90,1875
90,1887
90,1907
90,1927
90,1967
90,1980
90,1987
90,2007
90,2029
90,2067
90,2127
90,2147
90,2167
90,2187
90,2207
90,2220
90,2290
90,2349
90,2364
90,2367
90,2374
90,2387
90,2407
90,2467
90,2507
90,2547
90,2571
90,2587
90,2607
90,2663
90,2667
90,2707
90,2735
90,2767
90,2807
90,2827
90,2847
90,2867
90,2887
90,2927
90,2935
90,2967
90,2976
90,3047
90,3067
90,3087
90,3120
90,3127
90,3147
90,3247
90,3267
90,3307
90,3327
90,3329
90,3367
90,3387
90,3407
90,3428
90,3447
90,3451
90,3507
90,3508
90,3527
90,3587
90,3602
90,3607
90,3626
90,3687
90,3715
90,3767
90,3787
90,3847
90,3927
90,3947
90,3948
90,3962
90,3967
90,3987
91,12
91,32
91,52
91,72
91,172
91,252
91,272
91,312
91,322
91,332
91,352
91,412
91,432
91,439
91,452
91,492
91,512
91,569
91,593
91,632
91,652
91,656
91,692
91,732
91,772
91,812
91,832
91,852
91,872
91,944
91,972
91,1012
91,1032
91,1052
91,1072
91,1092
91,1125
91,1152
91,1172
91,1192
91,1205
91,1253
91,1292
91,1352
91,1372
91,1392
91,1432
91,1452
91,1470
91,1472
91,1482
91,1492
91,1512
91,1532
91,1572
91,1592
91,1641
91,1652
91,1712
91,1792
91,1812
91,1832
91,1852
91,1872
91,1906
91,1912
91,1932
91,2032
91,2072
91,2092
91,2119
91,2132
91,2165
91,2192
91,2212
91,2217
91,2252
91,2272
91,2338
91,2341
91,2392
91,2512
91,2532
91,2592
91,2612
91,2632
91,2652
91,2672
91,2692
91,2712
91,2752
91,2766
91,2772
91,2812
91,2825
91,2832
91,2859
91,2892
91,2972
91,2992
91,3012
91,3029
91,3032
91,3052
91,3092
91,3128
91,3152
91,3172
91,3192
91,3193
91,3212
91,3232
91,3272
91,3292
91,3312
91,3352
91,3372
91,3392
91,3412
91,3416
91,3432
91,3492
91,3512
91,3572
91,3592
91,3607
91,3612
91,3672
91,3692
91,3712
91,3752
91,3772
91,3812
91,3832
91,3842
91,3892
91,3932
91,3972
91,3986
92,57
92,58
92,78
92,98
92,118
92,198
92,205
92,238
92,298
92,318
92,338
92,358
92,418
92,469
92,477
92,498
92,518
92,538
92,558
92,576
92,578
92,678
92,697
92,698
92,738
92,758
92,778
92,858
92,861
92,878
92,945
92,958
92,978
92,998
92,1038
92,1058
92,1077
92,1118
92,1175
92,1198
92,1258
92,1286
92,1298
92,1299
92,1318
92,1319
92,1338
92,1354
92,1378
92,1398
92,1414
92,1438
92,1458
92,1488
92,1498
92,1518
92,1523
92,1598
92,1674
92,1718
92,1733
92,1758
92,1838
92,1938
92,1958
92,1964
92,1988
92,2078
92,2098
92,2158
92,2163
92,2178
92,2198
92,2258
92,2278
92,2318
92,2338
92,2358
92,2398
92,2417
92,2418
92,2424
92,2438
92,2455
92,2458
92,2498
92,2598
92,2603
92,2725
92,2738
92,2758
92,2778
92,2818
92,2837
92,2838
92,2856
92,2858
92,2878
92,2898
92,2900
92,2918
92,2938
92,2941
92,2998
92,3016
92,3017
92,3018
92,3038
92,3058
92,3078
92,3080
92,3098
92,3118
92,3138
92,3151
92,3158
92,3178
92,3248
92,3250
92,3306
92,3318
92,3338
92,3354
92,3358
92,3378
92,3398
92,3418
92,3458
92,3498
92,3546
92,3558
92,3638
92,3738
92,3778
92,3858
92,3878
92,3898
92,3918
92,3958
92,3960
92,3998
93,12
93,32
93,48
93,61
93,132
93,252
93,292
93,312
93,352
93,356
93,412
93,452
93,472
93,512
93,572
93,596
93,612
93,615
93,632
93,652
93,672
93,692
93,725
93,792
93,832
93,852
93,892
93,931
93,952
93,972
93,1072
93,1092
93,1112
93,1118
93,1152
93,1212
93,1232
93,1292
93,1312
93,1352
93,1360
93,1372
93,1392
93,1412
93,1430
93,1432
93,1448
93,1452
93,1492
93,1530
93,1552
93,1572
93,1592
93,1612
93,1614
93,1651
93,1671
93,1692
93,1792
93,1801
93,1812
93,1824
93,1856
93,1872
93,1912
93,1932
93,1952
93,2012
93,2032
93,2052
93,2092
93,2132
93,2152
93,2153
93,2192
93,2212
93,2250
93,2252
93,2292
93,2332
93,2352
93,2372
93,2383
93,2392
93,2412
93,2432
93,2452
93,2492
93,2505
93,2532
93,2592
93,2635
93,2723
93,2772
93,2784
93,2799
93,2812
93,2832
93,2852
93,2864
93,2872
93,2892
93,2912
93,2952
93,2960
93,2972
93,3031
93,3032
93,3047
93,3059
93,3068
93,3092
93,3112
93,3147
93,3152
93,3172
93,3212
93,3232
93,3252
93,3271
93,3292
93,3304
93,3332
93,3352
93,3452
93,3472
93,3478
93,3512
93,3552
93,3559
93,3572
93,3632
93,3692
93,3712
93,3772
93,3793
93,3819
93,3843
93,3872
93,3912
93,3932
93,3992
94,15
94,37
94,55
94,74
94,115
94,195
94,207
94,215
94,255
94,295
94,315
94,352
94,395
94,455
94,475
94,485
94,495
94,515
94,535
94,555
94,595
94,626
94,657
94,675
94,695
94,735
94,753
94,775
94,795
94,809
94,815
94,835
94,855
94,875
94,895
94,935
94,955
94,995
94,1015
94,1035
94,1044
94,1055
94,1075
94,1095
94,1115
94,1153
94,1175
94,1215
94,1235
94,1266
94,1279
94,1295
94,1315
94,1335
94,1355
94,1375
94,1395
94,1415
94,1460
94,1495
94,1535
94,1595
94,1695
94,1715
94,1753
94,1775
94,1835
94,1865
94,1880
94,1895
94,1915
94,1935
94,1950
94,1975
94,1982
94,2014
94,2015
94,2041
94,2055
94,2075
94,2095
94,2115
94,2157
94,2183
94,2189
94,2195
94,2255
94,2315
94,2335
94,2340
94,2355
94,2375
94,2424
94,2433
94,2451
94,2455
94,2466
94,2515
94,2535
94,2575
94,2595
94,2630
94,2635
94,2638
94,2663
94,2675
94,2695
94,2715
94,2724
94,2749
94,2815
94,2835
94,2855
94,2880
94,2882
94,2895
94,2915
94,2935
94,2960
94,2975
94,3015
94,3055
94,3075
94,3095
94,3115
94,3150
94,3195
94,3235
94,3275
94,3355
94,3395
94,3415
94,3455
94,3470
94,3556
94,3594
94,3615
94,3635
94,3655
94,3873
94,3895
94,3935
94,3955
94,3975
95,0
95,20
95,60
95,80
95,98
95,120
95,160
95,180
95,200
95,220
95,240
95,300
95,360
95,361
95,380
95,420
95,440
95,480
95,500
95,540
95,618
95,620
95,680
95,720
95,740
95,758
95,760
95,762
95,820
95,860
95,900
95,915
95,935
95,938
95,940
95,1040
95,1080
95,1100
95,1120
95,1133
95,1180
95,1232
95,1240
95,1280
95,1300
95,1320
95,1340
95,1377
95,1380
95,1417
95,1453
95,1460
95,1474
95,1560
95,1580
95,1600
95,1640
95,1660
95,1680
95,1700
95,1763
95,1840
95,1860
95,1872
95,1880
95,1920
95,1930
95,1940
95,1960
95,1980
95,1985
95,2020
95,2040
95,2100
95,2140
95,2145
95,2160
95,2180
95,2200
95,2220
95,2240
95,2260
95,2268
95,2320
95,2340
95,2347
95,2366
95,2480
95,2500
95,2501
95,2540
95,2560
95,2580
95,2585
95,2600
95,2620
95,2660
95,2700
95,2730
95,2740
95,2800
95,2860
95,2920
95,2940
95,2960
95,2980
95,3020
95,3040
95,3080
95,3100
95,3120
95,3121
95,3140
95,3157
95,3160
95,3167
95,3180
95,3200
95,3240
95,3260
95,3300
95,3320
95,3360
95,3400
95,3425
95,3460
95,3500
95,3520
95,3530
95,3568
95,3600
95,3640
95,3660
95,3740
95,3780
95,3800
95,3820
95,3860
95,3892
95,3900
95,3905
95,3920
95,3940
95,3966
95,3980
96,5
96,25
96,37
96,39
96,81
96,89
96,105
96,125
96,145
96,165
96,228
96,285
96,305
96,307
96,325
96,365
96,405
96,445
96,465
96,481
96,525
96,585
96,605
96,645
96,665
96,705
96,753
96,765
96,785
96,805
96,807
96,825
96,905
96,925
96,929
96,945
96,977
96,985
96,988
96,1005
96,1037
96,1045
96,1083
96,1105
96,1125
96,1145
96,1305
96,1325
96,1365
96,1384
96,1485
96,1505
96,1535
96,1545
96,1585
96,1605
96,1625
96,1645
96,1693
96,1703
96,1705
96,1725
96,1765
96,1792
96,1798
96,1805
96,1825
96,1865
96,1965
96,1985
96,2005
96,2024
96,2065
96,2105
96,2110
96,2125
96,2145
96,2165
96,2185
96,2274
96,2325
96,2345
96,2365
96,2374
96,2410
96,2425
96,2465
96,2467
96,2505
96,2545
96,2557
96,2565
96,2585
96,2605
96,2625
96,2645
96,2665
96,2675
96,2685
96,2725
96,2765
96,2796
96,2816
96,2845
96,2885
96,2906
96,2908
96,2925
96,3005
96,3025
96,3045
96,3085
96,3105
96,3125
96,3145
96,3157
96,3165
96,3166
96,3205
96,3225
96,3245
96,3265
96,3325
96,3344
96,3359
96,3381
96,3385
96,3436
96,3445
96,3465
96,3505
96,3525
96,3561
96,3565
96,3645
96,3697
96,3705
96,3725
96,3765
96,3805
96,3825
96,3845
96,3885
96,3905
96,3925
96,3945
96,3985
97,15
97,62
97,115
97,135
97,180
97,195
97,214
97,235
97,255
97,275
97,347
97,355
97,409
97,475
97,515
97,575
97,595
97,655
97,675
97,695
97,755
97,815
97,835
97,855
97,875
97,888
97,892
97,895
97,915
97,935
97,955
97,995
97,1015
97,1021
97,1055
97,1075
97,1135
97,1175
97,1195
97,1215
97,1235
97,1236
97,1269
97,1295
97,1315
97,1335
97,1336
97,1395
97,1415
97,1435
97,1475
97,1491
97,1500
97,1515
97,1555
97,1588
97,1643
97,1655
97,1675
97,1695
97,1699
97,1715
97,1735
97,1753
97,1755
97,1795
97,1806
97,1845
97,1855
97,1875
97,1915
97,1928
97,1970
97,1995
97,2075
97,2095
97,2135
97,2153
97,2215
97,2235
97,2265
97,2295
97,2355
97,2435
97,2436
97,2455
97,2495
97,2515
97,2535
97,2555
97,2577
97,2595
97,2615
97,2635
97,2715
97,2735
97,2774
97,2795
97,2801
97,2835
97,2855
97,2875
97,2895
97,2896
97,2915
97,2955
97,3015
97,3024
97,3035
97,3053
97,3062
97,3075
97,3095
97,3114
97,3195
97,3228
97,3235
97,3255
97,3293
97,3295
97,3335
97,3352
97,3361
97,3375
97,3410
97,3415
97,3455
97,3475
97,3502
97,3535
97,3555
97,3595
97,3615
97,3629
97,3635
97,3675
97,3695
97,3720
97,3735
97,3755
97,3775
97,3788
97,3795
97,3805
97,3815
97,3838
97,3915
97,3975
98,15
98,35
98,46
98,55
98,115
98,135
98,155
98,215
98,255
98,279
98,335
98,355
98,375
98,395
98,415
98,433
98,480
98,515
98,535
98,557
98,683
98,755
98,758
98,775
98,802
98,817
98,825
98,835
98,875
98,895
98,915
98,1015
98,1055
98,1095
98,1115
98,1167
98,1175
98,1190
98,1195
98,1211
98,1215
98,1275
98,1296
98,1375
98,1395
98,1403
98,1415
98,1435
98,1495
98,1515
98,1555
98,1567
98,1595
98,1675
98,1695
98,1699
98,1715
98,1755
98,1795
98,1815
98,1855
98,1875
98,1908
98,1915
98,1935
98,1955
98,1975
98,1995
98,2017
98,2068
98,2075
98,2095
98,2115
98,2155
98,2175
98,2195
98,2215
98,2230
98,2235
98,2255
98,2275
98,2315
98,2335
98,2340
98,2375
98,2395
98,2415
98,2431
98,2435
98,2455
98,2466
98,2473
98,2475
98,2495
98,2515
98,2555
98,2615
98,2635
98,2681
98,2695
98,2735
98,2755
98,2795
98,2815
98,2835
98,2875
98,2895
98,2915
98,2923
98,2935
98,2949
98,2995
98,3015
98,3028
98,3033
98,3035
98,3055
98,3067
98,3075
98,3095
98,3135
98,3162
98,3175
98,3195
98,3215
98,3241
98,3255
98,3275
98,3296
98,3335
98,3375
98,3395
98,3415
98,3435
98,3455
98,3475
98,3535
98,3555
98,3580
98,3615
98,3635
98,3675
98,3735
98,3755
98,3775
98,3855
98,3886
98,3895
98,3915
98,3984
99,31
99,51
99,58
99,71
99,91
99,111
99,151
99,191
99,231
99,251
99,311
99,341
99,391
99,399
99,511
99,531
99,551
99,556
99,611
99,631
99,651
99,659
99,691
99,731
99,771
99,809
99,816
99,830
99,831
99,871
99,971
99,991
99,1011
99,1031
99,1049
99,1071
99,1088
99,1091
99,1124
99,1191
99,1211
99,1231
99,1271
99,1304
99,1311
99,1331
99,1391
99,1411
99,1451
99,1491
99,1531
99,1571
99,1598
99,1611
99,1631
99,1671
99,1691
99,1706
99,1725
99,1751
99,1753
99,1771
99,1791
99,1851
99,1891
99,1911
99,1931
99,1971
99,1991
99,2011
99,2031
99,2048
99,2081
99,2091
99,2111
99,2131
99,2191
99,2230
99,2251
99,2271
99,2291
99,2311
99,2331
99,2352
99,2356
99,2411
99,2429
99,2431
99,2451
99,2471
99,2491
99,2531
99,2551
99,2611
99,2622
99,2631
99,2651
99,2671
99,2691
99,2711
99,2731
99,2751
99,2771
99,2790
99,2791
99,2794
99,2811
99,2827
99,2831
99,2848
99,2851
99,2931
99,2951
99,3051
99,3062
99,3103
99,3111
99,3151
99,3171
99,3211
99,3231
99,3251
99,3256
99,3271
99,3311
99,3384
99,3411
99,3431
99,3451
99,3489
99,3491
99,3511
99,3531
99,3551
99,3558
99,3611
99,3631
99,3671
99,3676
99,3711
99,3731
99,3751
99,3759
99,3771
99,3791
99,3811
99,3831
99,3836
99,3911
99,3951
99,3991
100,11
100,51
100,71
100,91
100,123
100,151
100,191
100,205
100,211
100,231
100,251
100,291
100,311
100,331
100,371
100,391
100,439
100,451
100,481
100,491
100,531
100,551
100,554
100,571
100,591
100,631
100,671
100,731
100,751
100,811
100,831
100,860
100,891
100,931
100,940
100,951
100,971
100,991
100,1011
100,1051
100,1131
100,1171
100,1180
100,1191
100,1271
100,1297
100,1311
100,1391
100,1401
100,1411
100,1419
100,1431
100,1456
100,1471
100,1491
100,1511
100,1531
100,1551
100,1591
100,1611
100,1631
100,1639
100,1691
100,1700
100,1704
100,1711
100,1771
100,1791
100,1811
100,1831
100,1851
100,1871
100,1931
100,1948
100,1971
100,1991
100,2011
100,2031
100,2071
100,2086
100,2131
100,2151
100,2171
100,2191
100,2231
100,2239
100,2251
100,2351
100,2385
100,2391
100,2431
100,2511
100,2547
100,2551
100,2558
100,2571
100,2588
100,2623
100,2631
100,2671
100,2711
100,2731
100,2745
100,2751
100,2771
100,2791
100,2811
100,2873
100,2891
100,2911
100,2941
100,3051
100,3091
100,3131
100,3171
100,3181
100,3191
100,3211
100,3221
100,3231
100,3251
100,3271
100,3291
100,3311
100,3331
100,3334
100,3371
100,3391
100,3411
100,3420
100,3471
100,3531
100,3545
100,3551
100,3571
100,3591
100,3631
100,3671
100,3679
100,3691
100,3711
100,3731
100,3751
100,3771
100,3783
100,3791
100,3811
100,3831
100,3841
100,3911
100,3923
100,3951
100,3971
101,7
101,27
101,87
101,107
101,127
101,167
101,207
101,247
101,286
101,327
101,368
101,387
101,407
101,420
101,427
101,431
101,447
101,487
101,527
101,587
101,613
101,627
101,667
101,707
101,767
101,807
101,847
101,907
101,947
101,959
101,967
101,983
101,987
101,1007
101,1047
101,1087
101,1127
101,1132
101,1147
101,1187
101,1207
101,1227
101,1247
101,1250
101,1267
101,1321
101,1327
101,1336
101,1347
101,1387
101,1407
101,1447
101,1467
101,1487
101,1547
101,1567
101,1572
101,1627
101,1647
101,1675
101,1684
101,1707
101,1767
101,1787
101,1827
101,1847
101,1865
101,1887
101,1907
101,1947
101,2007
101,2011
101,2018
101,2027
101,2087
101,2107
101,2127
101,2132
101,2147
101,2167
101,2175
101,2227
101,2234
101,2247
101,2279
101,2287
101,2327
101,2347
101,2387
101,2407
101,2447
101,2467
101,2519
101,2545
101,2547
101,2567
101,2587
101,2607
101,2619
101,2638
101,2667
101,2747
101,2767
101,2787
101,2807
101,2827
101,2867
101,2887
101,2967
101,2987
101,3027
101,3047
101,3053
101,3111
101,3127
101,3147
101,3167
101,3187
101,3207
101,3227
101,3247
101,3307
101,3327
101,3352
101,3356
101,3367
101,3387
101,3405
101,3407
101,3412
101,3420
101,3487
101,3542
101,3547
101,3583
101,3587
101,3613
101,3638
101,3647
101,3667
101,3727
101,3740
101,3747
101,3755
101,3767
101,3772
101,3787
101,3790
101,3807
101,3847
101,3887
101,3907
101,3972
101,3987
102,17
102,37
102,77
102,97
102,117
102,137
102,139
102,177
102,237
102,277
102,297
102,317
102,337
102,357
102,371
102,377
102,457
102,477
102,518
102,537
102,557
102,558
102,577
102,595
102,597
102,636
102,637
102,646
102,657
102,695
102,697
102,746
102,757
102,777
102,817
102,833
102,836
102,837
102,857
102,917
102,928
102,937
102,957
102,977
102,997
102,1017
102,1057
102,1077
102,1093
102,1117
102,1137
102,1157
102,1177
102,1197
102,1225
102,1317
102,1357
102,1397
102,1457
102,1497
102,1517
102,1537
102,1577
102,1617
102,1637
102,1657
102,1677
102,1697
102,1717
102,1737
102,1817
102,1824
102,1877
102,1893
102,1897
102,1917
102,1928
102,1937
102,1957
102,1997
102,2057
102,2077
102,2117
102,2137
102,2164
102,2177
102,2197
102,2237
102,2277
102,2305
102,2317
102,2337
102,2377
102,2397
102,2437
102,2457
102,2504
102,2517
102,2557
102,2577
102,2585
102,2597
102,2617
102,2629
102,2637
102,2677
102,2737
102,2757
102,2777
102,2805
102,2817
102,2857
102,2978
102,3017
102,3037
102,3051
102,3057
102,3097
102,3109
102,3117
102,3138
102,3157
102,3176
102,3177
102,3192
102,3257
102,3279
102,3377
102,3397
102,3417
102,3419
102,3457
102,3465
102,3497
102,3523
102,3525
102,3537
102,3557
102,3582
102,3597
102,3637
102,3657
102,3693
102,3697
102,3721
102,3737
102,3797
102,3817
102,3857
102,3883
102,3897
102,3917
102,3937
102,3957
102,3977
102,3996
103,8
103,88
103,108
103,128
103,148
103,188
103,228
103,248
103,268
103,288
103,298
103,308
103,328
103,368
103,417
103,429
103,488
103,508
103,548
103,568
103,588
103,608
103,668
103,695
103,748
103,806
103,808
103,848
103,868
103,888
103,908
103,928
103,968
103,995
103,1027
103,1048
103,1088
103,1106
103,1108
103,1109
103,1128
103,1148
103,1168
103,1188
103,1228
103,1248
103,1256
103,1264
103,1268
103,1288
103,1308
103,1348
103,1368
103,1388
103,1408
103,1448
103,1466
103,1488
103,1528
103,1548
103,1568
103,1605
103,1608
103,1628
103,1708
103,1748
103,1788
103,1808
103,1820
103,1828
103,1868
103,1908
103,1948
103,1968
103,1988
103,2008
103,2028
103,2048
103,2080
103,2148
103,2169
103,2207
103,2208
103,2268
103,2288
103,2308
103,2314
103,2348
103,2381
103,2388
103,2396
103,2428
103,2468
103,2488
103,2508
103,2515
103,2526
103,2528
103,2548
103,2589
103,2608
103,2628
103,2668
103,2688
103,2768
103,2779
103,2788
103,2805
103,2808
103,2908
103,2948
103,2968
103,3008
103,3048
103,3108
103,3128
103,3142
103,3145
103,3148
103,3168
103,3190
103,3194
103,3208
103,3228
103,3260
103,3263
103,3280
103,3288
103,3299
103,3308
103,3328
103,3348
103,3385
103,3408
103,3468
103,3469
103,3508
103,3512
103,3528
103,3588
103,3591
103,3608
103,3628
103,3668
103,3708
103,3746
103,3768
103,3808
103,3828
103,3837
103,3872
103,3908
103,3928
103,3937
103,3955
103,3973
103,3988
104,11
104,51
104,111
104,129
104,151
104,171
104,190
104,191
104,220
104,251
104,271
104,291
104,331
104,351
104,371
104,394
104,411
104,431
104,435
104,451
104,491
104,511
104,542
104,551
104,571
104,584
104,591
104,611
104,631
104,651
104,658
104,711
104,731
104,751
104,791
104,844
104,871
104,951
104,971
104,1051
104,1071
104,1111
104,1131
104,1151
104,1169
104,1171
104,1211
104,1251
104,1291
104,1301
104,1311
104,1351
104,1391
104,1400
104,1411
104,1420
104,1431
104,1471
104,1491
104,1511
104,1531
104,1551
104,1571
104,1643
104,1671
104,1711
104,1731
104,1751
104,1791
104,1851
104,1871
104,1874
104,1898
104,1948
104,1951
104,1985
104,2031
104,2051
104,2106
104,2111
104,2151
104,2191
104,2251
104,2268
104,2273
104,2291
104,2307
104,2331
104,2356
104,2365
104,2371
104,2391
104,2411
104,2431
104,2452
104,2471
104,2475
104,2495
104,2514
104,2571
104,2591
104,2606
104,2711
104,2731
104,2749
104,2770
104,2771
104,2802
104,2847
104,2862
104,2891
104,2931
104,2951
104,2991
104,3011
104,3025
104,3031
104,3051
104,3071
104,3091
104,3111
104,3131
104,3151
104,3171
104,3207
104,3231
104,3251
104,3268
104,3291
104,3293
104,3311
104,3321
104,3351
104,3360
104,3411
104,3426
104,3436
104,3471
104,3491
104,3511
104,3531
104,3551
104,3591
104,3631
104,3651
104,3671
104,3711
104,3751
104,3811
104,3824
104,3851
104,3871
104,3881
104,3911
104,3923
104,3951
104,3956
104,3971
104,3991
105,6
105,63
105,66
105,67
105,86
105,106
105,126
105,173
105,184
105,204
105,216
105,266
105,306
105,346
105,359
105,386
105,406
105,426
105,446
105,466
105,470
105,526
105,557
105,566
105,582
105,586
105,606
105,626
105,694
105,706
105,726
105,731
105,786
105,806
105,828
105,851
105,864
105,886
105,906
105,949
105,966
105,986
105,1006
105,1046
105,1062
105,1066
105,1086
105,1125
105,1126
105,1129
105,1146
105,1156
105,1166
105,1186
105,1206
105,1226
105,1286
105,1306
105,1334
105,1366
105,1386
105,1406
105,1426
105,1466
105,1505
105,1546
105,1566
105,1586
105,1606
105,1626
105,1666
105,1686
105,1706
105,1719
105,1726
105,1746
105,1772
105,1826
105,1866
105,1868
105,1906
105,1910
105,1926
105,1966
105,1986
105,2026
105,2046
105,2066
105,2166
105,2176
105,2226
105,2244
105,2266
105,2281
105,2286
105,2331
105,2406
105,2446
105,2460
105,2486
105,2506
105,2521
105,2535
105,2544
105,2546
105,2566
105,2606
105,2626
105,2666
105,2667
105,2746
105,2766
105,2786
105,2806
105,2826
105,2866
105,2886
105,2906
105,2926
105,2946
105,2966
105,2986
105,3013
105,3046
105,3066
105,3126
105,3146
105,3186
105,3193
105,3206
105,3226
105,3266
105,3286
105,3306
105,3316
105,3326
105,3366
105,3406
105,3446
105,3466
105,3486
105,3526
105,3542
105,3566
105,3586
105,3606
105,3666
105,3670
105,3686
105,3706
105,3714
105,3750
105,3766
105,3806
105,3826
105,3841
105,3866
105,3926
105,3966
105,3989
106,10
106,30
106,66
106,70
106,84
106,110
106,210
106,270
106,280
106,390
106,410
106,430
106,438
106,450
106,480
106,490
106,510
106,514
106,590
106,610
106,630
106,649
106,650
106,690
106,710
106,732
106,750
106,790
106,808
106,823
106,840
106,850
106,870
106,890
106,910
106,990
106,995
106,1010
106,1030
106,1045
106,1050
106,1069
106,1090
106,1125
106,1145
106,1150
106,1185
106,1250
106,1270
106,1290
106,1302
106,1310
106,1314
106,1330
106,1370
106,1388
106,1390
106,1410
106,1430
106,1450
106,1470
106,1490
106,1510
106,1550
106,1557
106,1562
106,1570
106,1590
106,1610
106,1630
106,1650
106,1670
106,1690
106,1770
106,1850
106,1870
106,1890
106,1891
106,1910
106,1930
106,1950
106,1965
106,1990
106,2032
106,2090
106,2110
106,2130
106,2170
106,2177
106,2270
106,2300
106,2318
106,2330
106,2379
106,2405
106,2426
106,2430
106,2450
106,2505
106,2530
106,2533
106,2550
106,2558
106,2590
106,2610
106,2628
106,2650
106,2670
106,2690
106,2710
106,2730
106,2731
106,2750
106,2780
106,2790
106,2810
106,2850
106,2862
106,2870
106,2875
106,2890
106,2891
106,2910
106,2950
106,2954
106,2961
106,3030
106,3090
106,3105
106,3130
106,3190
106,3210
106,3222
106,3250
106,3270
106,3310
106,3330
106,3350
106,3382
106,3387
106,3390
106,3450
106,3470
106,3490
106,3510
106,3570
106,3589
106,3590
106,3630
106,3646
106,3670
106,3690
106,3730
106,3750
106,3770
106,3804
106,3810
106,3830
106,3850
106,3890
106,3910
106,3988
107,48
107,66
107,106
107,126
107,206
107,218
107,226
107,235
107,246
107,264
107,266
107,289
107,306
107,313
107,326
107,346
107,366
107,384
107,386
107,406
107,443
107,446
107,466
107,486
107,506
107,526
107,546
107,573
107,586
107,606
107,646
107,666
107,746
107,824
107,826
107,886
107,906
107,909
107,928
107,946
107,966
107,986
107,1026
107,1044
107,1046
107,1066
107,1086
107,1106
107,1126
107,1169
107,1226
107,1284
107,1306
107,1345
107,1366
107,1386
107,1406
107,1426
107,1437
107,1466
107,1506
107,1546
107,1566
107,1570
107,1586
107,1601
107,1606
107,1626
107,1633
107,1686
107,1708
107,1726
107,1735
107,1741
107,1799
107,1826
107,1846
107,1906
107,1926
107,2026
107,2059
107,2067
107,2086
107,2106
107,2147
107,2206
107,2266
107,2306
107,2386
107,2405
107,2409
107,2426
107,2446
107,2464
107,2486
107,2488
107,2506
107,2509
107,2526
107,2536
107,2546
107,2566
107,2586
107,2606
107,2626
107,2666
107,2686
107,2746
107,2766
107,2786
107,2806
107,2815
107,2826
107,2842
107,2846
107,2866
107,2886
107,2906
107,2938
107,2946
107,2966
107,2986
107,3006
107,3026
107,3046
107,3066
107,3086
107,3099
107,3106
107,3146
107,3221
107,3226
107,3265
107,3286
107,3303
107,3326
107,3346
107,3366
107,3386
107,3401
107,3406
107,3432
107,3445
107,3446
107,3506
107,3518
107,3526
107,3626
107,3666
107,3686
107,3703
107,3706
107,3726
107,3746
107,3766
107,3806
107,3826
107,3906
107,3926
107,3930
107,3946
107,3972
107,3986
108,5
108,27
108,45
108,65
108,85
108,125
108,145
108,165
108,185
108,205
108,225
108,283
108,315
108,325
108,334
108,345
108,364
108,365
108,398
108,408
108,425
108,441
108,445
108,471
108,503
108,505
108,525
108,545
108,565
108,580
108,585
108,645
108,665
108,708
108,725
108,825
108,842
108,845
108,865
108,911
108,965
108,985
108,1005
108,1011
108,1028
108,1031
108,1045
108,1085
108,1098
108,1105
108,1141
108,1165
108,1191
108,1205
108,1225
108,1245
108,1277
108,1285
108,1325
108,1345
108,1365
108,1385
108,1605
108,1645
108,1665
108,1675
108,1681
108,1685
108,1705
108,1745
108,1765
108,1825
108,1845
108,1865
108,1905
108,1925
108,1965
108,1985
108,2025
108,2045
108,2085
108,2125
108,2141
108,2165
108,2185
108,2205
108,2225
108,2265
108,2365
108,2425
108,2445
108,2465
108,2485
108,2505
108,2525
108,2645
108,2665
108,2685
108,2725
108,2765
108,2785
108,2838
108,2845
108,2851
108,2865
108,2885
108,2892
108,2905
108,2906
108,2914
108,2925
108,2945
108,2950
108,2965
108,2985
108,2990
108,2993
108,3005
108,3032
108,3035
108,3045
108,3080
108,3085
108,3122
108,3145
108,3165
108,3198
108,3225
108,3245
108,3285
108,3325
108,3345
108,3385
108,3405
108,3425
108,3445
108,3465
108,3471
108,3472
108,3485
108,3545
108,3605
108,3625
108,3629
108,3645
108,3664
108,3665
108,3705
108,3753
108,3785
108,3805
108,3807
108,3845
108,3861
108,3865
108,3870
108,3884
108,3885
108,3890
108,3905
108,3925
108,3945
108,3981
108,3985
108,3998
109,16
109,76
109,116
109,136
109,148
109,156
109,216
109,236
109,256
109,278
109,305
109,356
109,358
109,361
109,416
109,436
109,451
109,456
109,476
109,513
109,516
109,536
109,549
109,556
109,576
109,596
109,656
109,664
109,676
109,716
109,734
109,736
109,776
109,778
109,796
109,828
109,836
109,875
109,876
109,916
109,936
109,950
109,976
109,992
109,1007
109,1008
109,1070
109,1116
109,1165
109,1176
109,1216
109,1256
109,1276
109,1296
109,1372
109,1396
109,1416
109,1436
109,1439
109,1456
109,1476
109,1496
109,1516
109,1536
109,1556
109,1576
109,1596
109,1636
109,1667
109,1676
109,1696
109,1722
109,1756
109,1816
109,1836
109,1853
109,1856
109,1876
109,1896
109,1956
109,1976
109,2016
109,2036
109,2056
109,2076
109,2116
109,2136
109,2173
109,2256
109,2275
109,2276
109,2296
109,2327
109,2336
109,2341
109,2376
109,2416
109,2456
109,2476
109,2496
109,2520
109,2562
109,2576
109,2636
109,2640
109,2648
109,2656
109,2676
109,2716
109,2756
109,2769
109,2796
109,2836
109,2856
109,2876
109,2881
109,2912
109,2913
109,2916
109,2924
109,2936
109,2956
109,2976
109,3016
109,3037
109,3075
109,3096
109,3098
109,3116
109,3156
109,3176
109,3196
109,3236
109,3256
109,3276
109,3296
109,3316
109,3348
109,3376
109,3385
109,3396
109,3416
109,3436
109,3441
109,3456
109,3496
109,3536
109,3547
109,3550
109,3556
109,3576
109,3596
109,3616
109,3676
109,3756
109,3760
109,3776
109,3781
109,3796
109,3816
109,3856
109,3896
109,3924
109,3925
109,3936
109,3995
110,55
110,65
110,105
110,145
110,157
110,165
110,185
110,225
110,245
110,247
110,285
110,287
110,305
110,311
110,338
110,345
110,385
110,405
110,434
110,445
110,485
110,497
110,517
110,525
110,526
110,529
110,545
110,565
110,569
110,585
110,605
110,625
110,637
110,651
110,665
110,685
110,697
110,705
110,725
110,745
110,749
110,805
110,825
110,845
110,865
110,905
110,965
110,973
110,1005
110,1018
110,1021
110,1039
110,1085
110,1105
110,1125
110,1145
110,1165
110,1205
110,1245
110,1305
110,1325
110,1345
110,1365
110,1385
110,1436
110,1445
110,1502
110,1505
110,1525
110,1530
110,1545
110,1565
110,1625
110,1665
110,1705
110,1706
110,1776
110,1825
110,1865
110,1885
110,1899
110,1905
110,1945
110,2005
110,2011
110,2029
110,2065
110,2085
110,2105
110,2145
110,2146
110,2165
110,2225
110,2285
110,2305
110,2345
110,2363
110,2365
110,2378
110,2382
110,2385
110,2405
110,2439
110,2451
110,2465
110,2466
110,2485
110,2525
110,2585
110,2587
110,2605
110,2610
110,2625
110,2645
110,2685
110,2705
110,2726
110,2765
110,2785
110,2805
110,2823
110,2825
110,2845
110,2848
110,2885
110,2905
110,2926
110,2945
110,2965
110,2985
110,3005
110,3025
110,3027
110,3045
110,3060
110,3073
110,3085
110,3105
110,3125
110,3145
110,3185
110,3222
110,3261
110,3265
110,3285
110,3345
110,3365
110,3379
110,3385
110,3425
110,3445
110,3465
110,3505
110,3545
110,3565
110,3585
110,3605
110,3627
110,3705
110,3708
110,3745
110,3785
110,3824
110,3825
110,3845
110,3885
110,3945
110,3985
111,9
111,34
111,49
111,69
111,109
111,149
111,154
111,169
111,192
111,193
111,209
111,229
111,249
111,266
111,269
111,289
111,309
111,311
111,349
111,389
111,409
111,429
111,489
111,509
111,544
111,549
111,596
111,629
111,669
111,676
111,689
111,709
111,722
111,729
111,749
111,778
111,789
111,791
111,829
111,853
111,867
111,909
111,929
111,949
111,961
111,969
111,1006
111,1009
111,1040
111,1049
111,1109
111,1111
111,1129
111,1149
111,1169
111,1183
111,1189
111,1229
111,1235
111,1249
111,1258
111,1269
111,1289
111,1309
111,1319
111,1399
111,1405
111,1409
111,1469
111,1487
111,1489
111,1498
111,1509
111,1529
111,1569
111,1589
111,1609
111,1629
111,1642
111,1669
111,1677
111,1709
111,1717
111,1729
111,1769
111,1802
111,1829
111,1849
111,1850
111,1929
111,1949
111,1967
111,1978
111,1987
111,2009
111,2029
111,2049
111,2069
111,2089
111,2119
111,2136
111,2149
111,2189
111,2209
111,2249
111,2269
111,2309
111,2369
111,2389
111,2427
111,2449
111,2499
111,2529
111,2538
111,2569
111,2589
111,2609
111,2689
111,2729
111,2749
111,2752
111,2777
111,2807
111,2809
111,2829
111,2869
111,2889
111,2929
111,2949
111,2968
111,2969
111,2989
111,3028
111,3029
111,3069
111,3081
111,3109
111,3129
111,3149
111,3161
111,3209
111,3229
111,3269
111,3349
111,3373
111,3384
111,3389
111,3409
111,3429
111,3469
111,3519
111,3589
111,3596
111,3609
111,3669
111,3685
111,3707
111,3721
111,3787
111,3790
111,3809
111,3829
111,3835
111,3849
111,3864
111,3869
111,3887
111,3949
111,3969
112,1
112,20
112,21
112,26
112,61
112,80
112,81
112,101
112,121
112,128
112,141
112,221
112,226
112,242
112,261
112,280
112,281
112,301
112,309
112,321
112,341
112,361
112,381
112,443
112,444
112,446
112,461
112,480
112,481
112,521
112,541
112,556
112,561
112,586
112,601
112,621
112,641
112,681
112,699
112,701
112,742
112,781
112,787
112,801
112,821
112,861
112,881
112,901
112,921
112,941
112,961
112,981
112,1000
112,1021
112,1041
112,1101
112,1121
112,1135
112,1181
112,1195
112,1201
112,1214
112,1221
112,1228
112,1241
112,1261
112,1274
112,1281
112,1301
112,1311
112,1321
112,1341
112,1375
112,1378
112,1383
112,1421
112,1430
112,1481
112,1501
112,1541
112,1561
112,1562
112,1581
112,1601
112,1661
112,1669
112,1681
112,1695
112,1721
112,1729
112,1781
112,1801
112,1821
112,1861
112,1901
112,1921
112,2000
112,2001
112,2041
112,2061
112,2118
112,2121
112,2141
112,2205
112,2241
112,2261
112,2301
112,2308
112,2321
112,2341
112,2347
112,2361
112,2381
112,2421
112,2441
112,2461
112,2501
112,2511
112,2541
112,2559
112,2561
112,2581
112,2681
112,2761
112,2801
112,2841
112,2881
112,2901
112,2941
112,3001
112,3038
112,3041
112,3056
112,3061
112,3067
112,3081
112,3101
112,3110
112,3176
112,3221
112,3261
112,3281
112,3301
112,3321
112,3331
112,3341
112,3403
112,3405
112,3421
112,3471
112,3491
112,3501
112,3521
112,3541
112,3542
112,3561
112,3609
112,3641
112,3661
112,3681
112,3741
112,3781
112,3801
112,3841
112,3861
112,3881
112,3901
112,3936
112,3941
112,3961
112,3976
113,24
113,64
113,104
113,139
113,144
113,188
113,204
113,227
113,243
113,244
113,284
113,289
113,343
113,344
113,362
113,363
113,384
113,404
113,464
113,501
113,504
113,524
113,544
113,574
113,584
113,624
113,633
113,644
113,684
113,704
113,724
113,744
113,764
113,819
113,824
113,844
113,864
113,872
113,904
113,924
113,937
113,949
113,964
113,984
113,1004
113,1024
113,1064
113,1084
113,1091
113,1104
113,1144
113,1164
113,1204
113,1214
113,1224
113,1244
113,1264
113,1287
113,1304
113,1324
113,1344
113,1364
113,1384
113,1413
113,1424
113,1464
113,1484
113,1492
113,1504
113,1524
113,1564
113,1568
113,1575
113,1577
113,1612
113,1624
113,1645
113,1664
113,1684
113,1724
113,1744
113,1749
113,1764
113,1784
113,1812
113,1844
113,1864
113,1884
113,1964
113,2003
113,2004
113,2024
113,2044
113,2059
113,2085
113,2104
113,2164
113,2184
113,2189
113,2204
113,2224
113,2244
113,2264
113,2304
113,2318
113,2347
113,2364
113,2384
113,2424
113,2444
113,2447
113,2484
113,2504
113,2524
113,2544
113,2556
113,2624
113,2634
113,2644
113,2684
113,2699
113,2710
113,2724
113,2744
113,2764
113,2843
113,2864
113,2884
113,2904
113,2964
113,2981
113,3004
113,3024
113,3037
113,3064
113,3084
113,3124
113,3144
113,3184
113,3204
113,3207
113,3223
113,3244
113,3304
113,3324
113,3384
113,3404
113,3444
113,3464
113,3484
113,3544
113,3591
113,3599
113,3604
113,3624
113,3631
113,3644
113,3664
113,3684
113,3704
113,3724
113,3744
113,3764
113,3784
113,3804
113,3805
113,3808
113,3829
113,3864
113,3937
113,3962
113,3984
114,1
114,21
114,47
114,61
114,85
114,101
114,102
114,121
114,141
114,161
114,201
114,241
114,281
114,314
114,341
114,374
114,381
114,392
114,401
114,410
114,441
114,461
114,481
114,501
114,533
114,541
114,579
114,581
114,661
114,681
114,701
114,721
114,741
114,781
114,785
114,801
114,803
114,821
114,841
114,861
114,881
114,901
114,919
114,921
114,958
114,981
114,999
114,1004
114,1021
114,1041
114,1047
114,1050
114,1081
114,1101
114,1141
114,1181
114,1221
114,1261
114,1281
114,1341
114,1383
114,1401
114,1456
114,1461
114,1465
114,1481
114,1509
114,1521
114,1541
114,1561
114,1581
114,1586
114,1621
114,1641
114,1661
114,1681
114,1701
114,1721
114,1741
114,1801
114,1821
114,1881
114,1901
114,1915
114,1941
114,1961
114,1997
114,2001
114,2041
114,2061
114,2101
114,2125
114,2141
114,2161
114,2181
114,2201
114,2221
114,2233
114,2261
114,2276
114,2281
114,2301
114,2321
114,2336
114,2341
114,2361
114,2381
114,2392
114,2400
114,2401
114,2417
114,2441
114,2481
114,2501
114,2541
114,2561
114,2581
114,2621
114,2670
114,2681
114,2701
114,2721
114,2741
114,2781
114,2793
114,2801
114,2829
114,2841
114,2861
114,3001
114,3019
114,3022
114,3054
114,3061
114,3074
114,3096
114,3113
114,3161
114,3201
114,3241
114,3261
114,3281
114,3301
114,3321
114,3341
114,3381
114,3401
114,3410
114,3451
114,3501
114,3502
114,3521
114,3543
114,3561
114,3579
114,3581
114,3594
114,3601
114,3624
114,3628
114,3641
114,3656
114,3661
114,3741
114,3761
114,3801
114,3810
114,3821
114,3841
114,3881
114,3921
114,3961
114,3981
115,22
115,42
115,46
115,81
115,102
115,122
115,142
115,162
115,182
115,202
115,251
115,329
115,332
115,362
115,382
115,442
115,462
115,482
115,485
115,500
115,502
115,522
115,528
115,530
115,562
115,582
115,602
115,642
115,662
115,682
115,699
115,702
115,722
115,742
115,791
115,802
115,822
115,862
115,878
115,902
115,922
115,962
115,975
115,1002
115,1062
115,1102
115,1128
115,1142
115,1175
115,1182
115,1202
115,1242
115,1262
115,1286
115,1297
115,1302
115,1342
115,1345
115,1362
115,1382
115,1402
115,1429
115,1430
115,1462
115,1474
115,1482
115,1542
115,1562
115,1582
115,1622
115,1642
115,1662
115,1682
115,1702
115,1722
115,1742
115,1749
115,1762
115,1802
115,1822
115,1862
115,1882
115,1896
115,1902
115,1922
115,1962
115,1982
115,1990
115,2019
115,2042
115,2082
115,2102
115,2122
115,2129
115,2142
115,2173
115,2182
115,2223
115,2242
115,2248
115,2262
115,2282
115,2302
115,2322
115,2342
115,2368
115,2400
115,2482
115,2502
115,2522
115,2562
115,2582
115,2602
115,2622
115,2662
115,2668
115,2673
115,2678
115,2682
115,2695
115,2702
115,2722
115,2742
115,2762
115,2813
115,2822
115,2842
115,2847
115,2862
115,2863
115,2870
115,2882
115,2892
115,2902
115,2946
115,2962
115,2980
115,3002
115,3022
115,3062
115,3082
115,3162
115,3182
115,3242
115,3262
115,3282
115,3302
115,3322
115,3362
115,3422
115,3442
115,3462
115,3484
115,3498
115,3502
115,3542
115,3557
115,3562
115,3582
115,3628
115,3642
115,3662
115,3675
115,3692
115,3702
115,3742
115,3743
115,3762
115,3853
115,3882
115,3898
115,3902
115,3942
115,3962
115,3979
116,11
116,19
116,31
116,51
116,71
116,91
116,111
116,171
116,231
116,249
116,271
116,282
116,291
116,296
116,301
116,331
116,353
116,364
116,411
116,427
116,431
116,450
116,471
116,481
116,511
116,571
116,591
116,631
116,651
116,674
116,691
116,711
116,731
116,751
116,791
116,811
116,831
116,871
116,891
116,911
116,931
116,971
116,991
116,1031
116,1051
116,1091
116,1111
116,1171
116,1187
116,1191
116,1211
116,1271
116,1289
116,1291
116,1311
116,1331
116,1337
116,1351
116,1391
116,1404
116,1411
116,1414
116,1416
116,1431
116,1451
116,1470
116,1491
116,1511
116,1551
116,1571
116,1591
116,1611
116,1615
116,1631
116,1648
116,1690
116,1706
116,1731
116,1751
116,1754
116,1771
116,1791
116,1831
116,1842
116,1851
116,1871
116,1891
116,1911
116,1931
116,1951
116,1971
116,1991
116,2031
116,2100
116,2111
116,2131
116,2171
116,2191
116,2331
116,2351
116,2411
116,2431
116,2491
116,2511
116,2531
116,2551
116,2571
116,2600
116,2631
116,2651
116,2664
116,2671
116,2691
116,2711
116,2731
116,2751
116,2761
116,2795
116,2811
116,2831
116,2851
116,2858
116,2871
116,2911
116,2951
116,2964
116,2971
116,2991
116,3011
116,3021
116,3023
116,3028
116,3031
116,3034
116,3051
116,3111
116,3131
116,3151
116,3161
116,3162
116,3171
116,3191
116,3211
116,3227
116,3231
116,3251
116,3252
116,3271
116,3274
116,3311
116,3351
116,3358
116,3373
116,3391
116,3411
116,3414
116,3417
116,3451
116,3491
116,3531
116,3551
116,3571
116,3587
116,3591
116,3611
116,3633
116,3678
116,3679
116,3711
116,3774
116,3818
116,3852
116,3871
116,3891
116,3931
116,3951
117,16
117,36
117,47
117,56
117,84
117,116
117,136
117,156
117,176
117,216
117,236
117,256
117,267
117,306
117,333
117,336
117,348
117,376
117,377
117,390
117,396
117,410
117,416
117,436
117,456
117,476
117,496
117,555
117,588
117,596
117,616
117,676
117,696
117,736
117,756
117,776
117,796
117,816
117,836
117,852
117,856
117,876
117,896
117,933
117,970
117,996
117,1016
117,1036
117,1056
117,1076
117,1116
117,1156
117,1196
117,1216
117,1242
117,1276
117,1283
117,1316
117,1336
117,1356
117,1376
117,1396
117,1407
117,1456
117,1476
117,1495
117,1516
117,1556
117,1576
117,1587
117,1594
117,1691
117,1696
117,1716
117,1756
117,1796
117,1836
117,1876
117,1896
117,1940
117,1976
117,1996
117,2016
117,2020
117,2025
117,2036
117,2056
117,2116
117,2136
117,2216
117,2236
117,2245
117,2256
117,2276
117,2296
117,2316
117,2336
117,2356
117,2376
117,2396
117,2405
117,2416
117,2436
117,2455
117,2456
117,2556
117,2576
117,2596
117,2616
117,2633
117,2636
117,2656
117,2676
117,2682
117,2716
117,2720
117,2742
117,2756
117,2776
117,2796
117,2816
117,2836
117,2856
117,2876
117,2894
117,2896
117,2916
117,2928
117,2931
117,2956
117,2976
117,2986
117,2997
117,3036
117,3056
117,3076
117,3096
117,3116
117,3121
117,3136
117,3156
117,3176
117,3196
117,3225
117,3269
117,3276
117,3296
117,3316
117,3355
117,3356
117,3376
117,3396
117,3425
117,3436
117,3456
117,3476
117,3496
117,3505
117,3516
117,3526
117,3556
117,3576
117,3596
117,3601
117,3716
117,3728
117,3729
117,3736
117,3776
117,3793
117,3796
117,3816
117,3831
117,3836
117,3858
117,3916
117,3936
117,3976
118,44
118,62
118,77
118,111
118,117
118,157
118,217
118,258
118,261
118,337
118,357
118,417
118,437
118,457
118,476
118,477
118,491
118,524
118,534
118,537
118,557
118,577
118,597
118,612
118,620
118,657
118,677
118,717
118,724
118,737
118,757
118,777
118,823
118,837
118,857
118,877
118,917
118,937
118,940
118,957
118,977
118,997
118,1037
118,1059
118,1077
118,1088
118,1137
118,1152
118,1177
118,1197
118,1237
118,1257
118,1296
118,1311
118,1317
118,1337
118,1342
118,1377
118,1392
118,1417
118,1457
118,1477
118,1520
118,1537
118,1557
118,1571
118,1577
118,1597
118,1637
118,1657
118,1677
118,1691
118,1697
118,1717
118,1744
118,1757
118,1777
118,1797
118,1817
118,1837
118,1874
118,1877
118,1897
118,1902
118,1917
118,1925
118,1937
118,1957
118,1977
118,1995
118,1997
118,2017
118,2037
118,2038
118,2057
118,2063
118,2097
118,2114
118,2117
118,2177
118,2197
118,2217
118,2297
118,2377
118,2397
118,2417
118,2437
118,2439
118,2456
118,2457
118,2463
118,2473
118,2477
118,2497
118,2557
118,2597
118,2637
118,2674
118,2677
118,2717
118,2721
118,2753
118,2757
118,2817
118,2850
118,2857
118,2877
118,2897
118,2937
118,2952
118,2957
118,2977
118,2997
118,3017
118,3037
118,3057
118,3067
118,3073
118,3077
118,3079
118,3117
118,3137
118,3157
118,3177
118,3197
118,3211
118,3217
118,3237
118,3247
118,3277
118,3297
118,3317
118,3337
118,3357
118,3367
118,3437
118,3477
118,3497
118,3517
118,3577
118,3617
118,3637
118,3657
118,3668
118,3737
118,3757
118,3777
118,3800
118,3817
118,3837
118,3857
118,3877
118,3897
118,3919
118,3923
118,3937
118,3939
118,3957
118,3997
119,21
119,41
119,81
119,101
119,141
119,151
119,161
119,186
119,189
119,221
119,241
119,261
119,270
119,280
119,281
119,301
119,381
119,387
119,421
119,461
119,481
119,488
119,501
119,521
119,527
119,533
119,541
119,561
119,581
119,615
119,621
119,661
119,679
119,681
119,721
119,741
119,761
119,781
119,811
119,841
119,848
119,901
119,910
119,921
119,941
119,956
119,981
119,1001
119,1005
119,1034
119,1041
119,1061
119,1081
119,1101
119,1113
119,1141
119,1201
119,1218
119,1221
119,1241
119,1261
119,1263
119,1323
119,1381
119,1390
119,1394
119,1407
119,1421
119,1455
119,1461
119,1480
119,1481
119,1521
119,1541
119,1561
119,1601
119,1621
119,1622
119,1641
119,1681
119,1701
119,1721
119,1741
119,1781
119,1801
119,1841
119,1873
119,1881
119,1914
119,1932
119,1942
119,1959
119,1961
119,1981
119,1995
119,2001
119,2021
119,2041
119,2081
119,2101
119,2141
119,2161
119,2181
119,2197
119,2281
119,2321
119,2341
119,2361
119,2405
119,2421
119,2441
119,2461
119,2481
119,2501
119,2507
119,2510
119,2521
119,2531
119,2541
119,2561
119,2577
119,2581
119,2601
119,2641
119,2661
119,2701
119,2702
119,2721
119,2741
119,2761
119,2801
119,2821
119,2841
119,2883
119,2896
119,2901
119,2917
119,2943
119,2946
119,2961
119,2987
119,3001
119,3021
119,3061
119,3101
119,3141
119,3146
119,3161
119,3181
119,3201
119,3250
119,3261
119,3269
119,3298
119,3301
119,3321
119,3361
119,3421
119,3432
119,3442
119,3461
119,3463
119,3481
119,3561
119,3601
119,3621
119,3641
119,3661
119,3681
119,3701
119,3801
119,3821
119,3841
119,3860
119,3861
119,3875
119,3881
119,3901
119,3921
119,3961
119,3981
120,16
120,37
120,56
120,96
120,116
120,136
120,156
120,176
120,180
120,196
120,216
120,236
120,237
120,256
120,276
120,316
120,356
120,376
120,396
120,416
120,417
120,427
120,436
120,476
120,496
120,516
120,520
120,536
120,568
120,596
120,608
120,616
120,656
120,696
120,699
120,716
120,736
120,756
120,776
120,796
120,812
120,816
120,856
120,951
120,956
120,996
120,1016
120,1036
120,1040
120,1076
120,1116
120,1136
120,1151
120,1156
120,1174
120,1176
120,1216
120,1236
120,1256
120,1336
120,1396
120,1408
120,1436
120,1456
120,1461
120,1472
120,1476
120,1496
120,1516
120,1536
120,1556
120,1596
120,1611
120,1696
120,1703
120,1736
120,1764
120,1765
120,1776
120,1821
120,1836
120,1856
120,1861
120,1896
120,1936
120,1956
120,1970
120,1974
120,1987
120,1996
120,2033
120,2051
120,2056
120,2096
120,2116
120,2136
120,2139
120,2176
120,2196
120,2209
120,2216
120,2256
120,2276
120,2307
120,2316
120,2322
120,2325
120,2356
120,2376
120,2378
120,2396
120,2413
120,2414
120,2416
120,2436
120,2463
120,2466
120,2476
120,2496
120,2516
120,2536
120,2556
120,2576
120,2636
120,2643
120,2656
120,2676
120,2734
120,2736
120,2756
120,2776
120,2795
120,2796
120,2856
120,2876
120,2896
120,2916
120,2936
120,2976
120,2996
120,3037
120,3052
120,3072
120,3096
120,3114
120,3136
120,3146
120,3156
120,3168
120,3176
120,3266
120,3276
120,3316
120,3336
120,3356
120,3376
120,3396
120,3416
120,3456
120,3471
120,3496
120,3536
120,3576
120,3588
120,3596
120,3636
120,3640
120,3676
120,3696
120,3736
120,3747
120,3759
120,3776
120,3796
120,3823
120,3876
120,3885
120,3896
120,3921
120,3923
120,3930
120,3936
121,3
121,23
121,43
121,63
121,71
121,76
121,83
121,103
121,114
121,123
121,136
121,183
121,203
121,223
121,243
121,263
121,303
121,323
121,343
121,363
121,383
121,423
121,443
121,461
121,483
121,503
121,543
121,563
121,603
121,623
121,643
121,722
121,737
121,743
121,747
121,781
121,783
121,790
121,843
121,863
121,883
121,902
121,923
121,938
121,943
121,963
121,983
121,1003
121,1063
121,1093
121,1098
121,1113
121,1123
121,1163
121,1204
121,1208
121,1223
121,1241
121,1243
121,1263
121,1283
121,1383
121,1403
121,1423
121,1482
121,1483
121,1503
121,1523
121,1543
121,1563
121,1603
121,1621
121,1623
121,1643
121,1683
121,1703
121,1723
121,1743
121,1774
121,1783
121,1795
121,1823
121,1825
121,1842
121,1843
121,1863
121,1883
121,1903
121,1914
121,1923
121,1943
121,1983
121,2005
121,2023
121,2043
121,2063
121,2083
121,2103
121,2123
121,2143
121,2159
121,2163
121,2183
121,2206
121,2223
121,2243
121,2263
121,2283
121,2296
121,2303
121,2323
121,2343
121,2363
121,2403
121,2463
121,2483
121,2487
121,2523
121,2543
121,2563
121,2583
121,2588
121,2623
121,2643
121,2663
121,2703
121,2711
121,2723
121,2734
121,2743
121,2763
121,2803
121,2843
121,2863
121,2883
121,2923
121,2943
121,2963
121,2983
121,3023
121,3033
121,3043
121,3063
121,3083
121,3092
121,3123
121,3143
121,3203
121,3260
121,3263
121,3303
121,3323
121,3343
121,3363
121,3428
121,3443
121,3483
121,3503
121,3519
121,3523
121,3560
121,3563
121,3570
121,3589
121,3603
121,3623
121,3643
121,3646
121,3663
121,3664
121,3683
121,3723
121,3743
121,3745
121,3763
121,3803
121,3823
121,3826
121,3883
121,3943
121,3963
121,3983
121,3989
121,3996
122,3
122,23
122,43
122,63
122,103
122,143
122,203
122,227
122,240
122,243
122,283
122,303
122,323
122,343
122,363
122,403
122,416
122,463
122,483
122,503
122,511
122,523
122,543
122,546
122,583
122,603
122,623
122,643
122,663
122,683
122,686
122,701
122,702
122,743
122,748
122,750
122,762
122,783
122,803
122,843
122,883
122,903
122,943
122,963
122,1018
122,1043
122,1063
122,1080
122,1123
122,1133
122,1143
122,1154
122,1163
122,1183
122,1203
122,1210
122,1223
122,1243
122,1283
122,1303
122,1323
122,1324
122,1338
122,1343
122,1363
122,1377
122,1383
122,1391
122,1417
122,1422
122,1423
122,1443
122,1446
122,1463
122,1469
122,1483
122,1503
122,1508
122,1523
122,1543
122,1557
122,1603
122,1623
122,1643
122,1663
122,1683
122,1721
122,1723
122,1743
122,1763
122,1783
122,1823
122,1834
122,1843
122,1870
122,1883
122,1903
122,1967
122,1983
122,2006
122,2023
122,2028
122,2043
122,2049
122,2061
122,2063
122,2083
122,2103
122,2123
122,2203
122,2243
122,2263
122,2283
122,2303
122,2323
122,2343
122,2403
122,2443
122,2483
122,2503
122,2543
122,2563
122,2603
122,2623
122,2663
122,2672
122,2703
122,2720
122,2723
122,2743
122,2783
122,2863
122,2883
122,2920
122,2923
122,2931
122,2943
122,2963
122,2983
122,2992
122,3003
122,3023
122,3063
122,3101
122,3123
122,3143
122,3163
122,3203
122,3243
122,3253
122,3283
122,3303
122,3310
122,3343
122,3347
122,3363
122,3383
122,3390
122,3403
122,3423
122,3443
122,3483
122,3503
122,3523
122,3543
122,3583
122,3603
122,3623
122,3663
122,3683
122,3703
122,3709
122,3763
122,3783
122,3843
122,3848
122,3863
122,3875
122,3883
122,3886
122,3919
122,3923
122,3943
122,3963
122,3983
123,52
123,62
123,132
123,172
123,212
123,219
123,226
123,232
123,251
123,252
123,273
123,292
123,293
123,327
123,352
123,392
123,412
123,432
123,449
123,452
123,492
123,505
123,512
123,533
123,572
123,592
123,601
123,652
123,672
123,685
123,692
123,712
123,752
123,772
123,812
123,832
123,838
123,852
123,892
123,912
123,918
123,983
123,1012
123,1052
123,1072
123,1076
123,1092
123,1143
123,1192
123,1201
123,1212
123,1232
123,1252
123,1272
123,1292
123,1332
123,1352
123,1372
123,1392
123,1432
123,1452
123,1472
123,1492
123,1552
123,1572
123,1592
123,1607
123,1612
123,1632
123,1639
123,1652
123,1672
123,1692
123,1712
123,1713
123,1732
123,1772
123,1792
123,1845
123,1872
123,1879
123,1892
123,1932
123,1952
123,1965
123,1985
123,2012
123,2036
123,2052
123,2072
123,2112
123,2132
123,2152
123,2172
123,2212
123,2232
123,2268
123,2272
123,2292
123,2312
123,2332
123,2340
123,2352
123,2392
123,2414
123,2432
123,2492
123,2510
123,2512
123,2527
123,2542
123,2552
123,2553
123,2567
123,2571
123,2572
123,2592
123,2612
123,2652
123,2672
123,2673
123,2692
123,2732
123,2750
123,2812
123,2824
123,2832
123,2871
123,2872
123,2892
123,2912
123,2930
123,2951
123,2966
123,2972
123,2984
123,2987
123,2992
123,3028
123,3052
123,3127
123,3132
123,3152
123,3192
123,3212
123,3248
123,3252
123,3261
123,3272
123,3292
123,3312
123,3332
123,3352
123,3372
123,3389
123,3392
123,3432
123,3452
123,3472
123,3492
123,3532
123,3552
123,3563
123,3572
123,3592
123,3625
123,3632
123,3652
123,3672
123,3692
123,3732
123,3772
123,3792
123,3812
123,3813
123,3832
123,3843
123,3852
123,3872
123,3892
123,3905
123,3912
123,3932
123,3952
123,3972
123,3992
123,3995
124,13
124,20
124,53
124,79
124,93
124,133
124,153
124,233
124,253
124,288
124,293
124,313
124,333
124,338
124,345
124,353
124,373
124,393
124,413
124,433
124,453
124,483
124,513
124,533
124,553
124,593
124,613
124,633
124,653
124,655
124,673
124,693
124,713
124,733
124,739
124,741
124,753
124,773
124,853
124,873
124,885
124,893
124,913
124,926
124,950
124,953
124,973
124,987
124,993
124,1033
124,1053
124,1073
124,1093
124,1113
124,1144
124,1153
124,1173
124,1186
124,1193
124,1213
124,1253
124,1293
124,1313
124,1335
124,1393
124,1433
124,1436
124,1446
124,1473
124,1493
124,1547
124,1553
124,1566
124,1573
124,1593
124,1613
124,1633
124,1653
124,1673
124,1693
124,1713
124,1733
124,1753
124,1793
124,1813
124,1828
124,1833
124,1853
124,1873
124,1933
124,1943
124,1953
124,1957
124,1967
124,2013
124,2033
124,2053
124,2093
124,2153
124,2193
124,2210
124,2213
124,2233
124,2273
124,2311
124,2333
124,2340
124,2353
124,2361
124,2373
124,2393
124,2413
124,2433
124,2437
124,2473
124,2493
124,2508
124,2533
124,2553
124,2573
124,2590
124,2593
124,2660
124,2693
124,2713
124,2729
124,2733
124,2753
124,2773
124,2774
124,2803
124,2813
124,2853
124,2873
124,2893
124,2953
124,3013
124,3033
124,3053
124,3073
124,3093
124,3113
124,3133
124,3153
124,3173
124,3193
124,3200
124,3213
124,3233
124,3250
124,3253
124,3273
124,3279
124,3293
124,3313
124,3333
124,3353
124,3371
124,3373
124,3413
124,3414
124,3433
124,3467
124,3489
124,3493
124,3516
124,3533
124,3545
124,3593
124,3613
124,3628
124,3633
124,3673
124,3713
124,3733
124,3753
124,3773
124,3793
124,3824
124,3830
124,3833
124,3873
124,3893
124,3933
124,3939
124,3963
124,3973
124,3993
125,22
125,42
125,82
125,122
125,162
125,182
125,202
125,207
125,222
125,262
125,282
125,342
125,353
125,362
125,382
125,392
125,402
125,422
125,442
125,462
125,502
125,542
125,562
125,591
125,602
125,609
125,621
125,626
125,642
125,662
125,682
125,702
125,722
125,762
125,782
125,802
125,842
125,862
125,882
125,922
125,962
125,982
125,1005
125,1014
125,1042
125,1049
125,1054
125,1122
125,1142
125,1162
125,1202
125,1209
125,1222
125,1262
125,1282
125,1302
125,1322
125,1342
125,1346
125,1362
125,1400
125,1422
125,1455
125,1462
125,1502
125,1522
125,1526
125,1582
125,1642
125,1649
125,1661
125,1662
125,1682
125,1702
125,1721
125,1722
125,1762
125,1802
125,1822
125,1827
125,1862
125,1872
125,1882
125,1902
125,1922
125,1962
125,2002
125,2022
125,2042
125,2082
125,2098
125,2102
125,2122
125,2142
125,2160
125,2182
125,2189
125,2202
125,2222
125,2246
125,2262
125,2282
125,2284
125,2302
125,2322
125,2342
125,2382
125,2402
125,2422
125,2442
125,2453
125,2482
125,2502
125,2542
125,2582
125,2602
125,2620
125,2632
125,2642
125,2682
125,2702
125,2742
125,2762
125,2782
125,2802
125,2822
125,2842
125,2868
125,2902
125,2923
125,2942
125,2962
125,3022
125,3027
125,3042
125,3054
125,3055
125,3082
125,3089
125,3162
125,3182
125,3202
125,3211
125,3242
125,3262
125,3282
125,3297
125,3322
125,3327
125,3342
125,3362
125,3382
125,3402
125,3409
125,3423
125,3440
125,3442
125,3462
125,3482
125,3502
125,3521
125,3537
125,3542
125,3562
125,3582
125,3602
125,3638
125,3655
125,3682
125,3700
125,3702
125,3715
125,3722
125,3742
125,3762
125,3779
125,3782
125,3802
125,3822
125,3836
125,3861
125,3862
125,3882
125,3902
125,3916
125,3922
125,3942
125,3943
125,3962
125,3982
126,22
126,42
126,82
126,85
126,110
126,162
126,182
126,202
126,222
126,236
126,242
126,262
126,264
126,282
126,302
126,319
126,322
126,342
126,362
126,368
126,402
126,422
126,442
126,443
126,456
126,462
126,522
126,562
126,582
126,602
126,662
126,668
126,684
126,711
126,713
126,722
126,742
126,762
126,772
126,782
126,802
126,831
126,836
126,842
126,862
126,902
126,962
126,982
126,1021
126,1042
126,1057
126,1062
126,1082
126,1115
126,1122
126,1124
126,1142
126,1162
126,1202
126,1222
126,1242
126,1322
126,1359
126,1382
126,1385
126,1402
126,1405
126,1422
126,1442
126,1443
126,1457
126,1462
126,1465
126,1475
126,1482
126,1489
126,1502
126,1522
126,1523
126,1542
126,1548
126,1562
126,1582
126,1602
126,1622
126,1662
126,1680
126,1682
126,1781
126,1782
126,1822
126,1837
126,1850
126,1862
126,1882
126,1895
126,1922
126,1942
126,1962
126,1969
126,1982
126,2002
126,2022
126,2082
126,2087
126,2091
126,2102
126,2142
126,2143
126,2153
126,2162
126,2182
126,2202
126,2242
126,2262
126,2282
126,2285
126,2302
126,2322
126,2329
126,2382
126,2402
126,2458
126,2462
126,2522
126,2542
126,2582
126,2602
126,2642
126,2653
126,2682
126,2702
126,2722
126,2762
126,2782
126,2802
126,2822
126,2842
126,2882
126,2922
126,2982
126,3062
126,3102
126,3122
126,3142
126,3162
126,3181
126,3182
126,3202
126,3222
126,3242
126,3287
126,3298
126,3302
126,3322
126,3362
126,3382
126,3422
126,3442
126,3450
126,3462
126,3482
126,3502
126,3522
126,3535
126,3537
126,3562
126,3565
126,3577
126,3579
126,3602
126,3615
126,3622
126,3642
126,3662
126,3682
126,3722
126,3742
126,3762
126,3773
126,3782
126,3802
126,3842
126,3845
126,3847
126,3862
126,3902
126,3922
126,3950
126,3962
126,3982
127,32
127,72
127,92
127,152
127,172
127,231
127,232
127,252
127,258
127,332
127,348
127,372
127,412
127,452
127,479
127,492
127,538
127,547
127,612
127,632
127,652
127,672
127,692
127,712
127,732
127,745
127,749
127,812
127,822
127,832
127,872
127,888
127,932
127,952
127,992
127,1012
127,1032
127,1052
127,1092
127,1093
127,1112
127,1152
127,1192
127,1232
127,1252
127,1272
127,1292
127,1312
127,1332
127,1372
127,1412
127,1432
127,1452
127,1472
127,1482
127,1492
127,1512
127,1532
127,1536
127,1572
127,1574
127,1612
127,1634
127,1640
127,1652
127,1665
127,1692
127,1732
127,1771
127,1772
127,1773
127,1792
127,1812
127,1832
127,1852
127,1872
127,1892
127,1897
127,1901
127,1912
127,1932
127,1960
127,1972
127,2012
127,2025
127,2032
127,2052
127,2079
127,2086
127,2089
127,2125
127,2132
127,2152
127,2163
127,2173
127,2179
127,2192
127,2212
127,2232
127,2252
127,2272
127,2284
127,2292
127,2304
127,2312
127,2330
127,2332
127,2352
127,2372
127,2392
127,2398
127,2412
127,2452
127,2492
127,2512
127,2535
127,2558
127,2572
127,2592
127,2612
127,2628
127,2632
127,2652
127,2672
127,2732
127,2733
127,2752
127,2772
127,2792
127,2817
127,2832
127,2852
127,2855
127,2857
127,2859
127,2869
127,2872
127,2892
127,2901
127,2952
127,3001
127,3032
127,3059
127,3078
127,3092
127,3093
127,3112
127,3132
127,3152
127,3172
127,3192
127,3212
127,3232
127,3234
127,3252
127,3272
127,3292
127,3312
127,3332
127,3352
127,3372
127,3392
127,3412
127,3449
127,3452
127,3472
127,3490
127,3510
127,3512
127,3532
127,3541
127,3612
127,3635
127,3655
127,3659
127,3672
127,3692
127,3704
127,3705
127,3712
127,3732
127,3752
127,3792
127,3812
127,3832
127,3852
127,3872
127,3892
127,3894
127,3932
127,3952
127,3954
127,3972
128,11
128,31
128,51
128,71
128,91
128,97
128,108
128,170
128,171
128,192
128,209
128,211
128,251
128,276
128,291
128,311
128,351
128,371
128,389
128,423
128,451
128,471
128,537
128,551
128,571
128,591
128,611
128,631
128,651
128,671
128,690
128,711
128,731
128,751
128,791
128,811
128,858
128,861
128,871
128,879
128,891
128,931
128,938
128,951
128,969
128,971
128,1011
128,1031
128,1051
128,1071
128,1081
128,1091
128,1101
128,1111
128,1124
128,1128
128,1131
128,1139
128,1171
128,1202
128,1211
128,1251
128,1261
128,1291
128,1302
128,1311
128,1353
128,1371
128,1391
128,1411
128,1431
128,1433
128,1451
128,1455
128,1471
128,1491
128,1511
128,1531
128,1551
128,1560
128,1571
128,1611
128,1651
128,1671
128,1691
128,1708
128,1711
128,1731
128,1751
128,1771
128,1790
128,1831
128,1871
128,1880
128,1891
128,1931
128,1971
128,1976
128,1991
128,2021
128,2031
128,2050
128,2051
128,2071
128,2089
128,2091
128,2116
128,2118
128,2122
128,2131
128,2151
128,2170
128,2171
128,2211
128,2231
128,2234
128,2251
128,2271
128,2291
128,2311
128,2370
128,2371
128,2391
128,2431
128,2491
128,2511
128,2526
128,2531
128,2551
128,2591
128,2611
128,2651
128,2671
128,2691
128,2751
128,2771
128,2791
128,2798
128,2811
128,2831
128,2871
128,2891
128,2921
128,2931
128,2950
128,2951
128,2971
128,3011
128,3031
128,3072
128,3097
128,3111
128,3131
128,3151
128,3154
128,3191
128,3211
128,3231
128,3250
128,3271
128,3291
128,3307
128,3311
128,3314
128,3351
128,3380
128,3391
128,3471
128,3507
128,3526
128,3531
128,3583
128,3591
128,3613
128,3630
128,3631
128,3639
128,3671
128,3691
128,3731
128,3749
128,3771
128,3811
128,3831
128,3851
128,3871
128,3891
128,3894
128,3911
128,3918
128,3931
128,3951
128,3971
128,3991
129,6
129,12
129,41
129,52
129,72
129,92
129,112
129,128
129,132
129,152
129,192
129,212
129,222
129,234
129,299
129,305
129,332
129,352
129,357
129,372
129,392
129,397
129,412
129,432
129,452
129,458
129,466
129,472
129,512
129,532
129,564
129,592
129,612
129,652
129,692
129,712
129,757
129,772
129,786
129,811
129,832
129,852
129,872
129,876
129,897
129,928
129,952
129,963
129,984
129,992
129,1012
129,1032
129,1052
129,1072
129,1115
129,1132
129,1152
129,1163
129,1178
129,1179
129,1192
129,1232
129,1252
129,1272
129,1312
129,1319
129,1332
129,1352
129,1372
129,1379
129,1452
129,1472
129,1492
129,1512
129,1534
129,1570
129,1572
129,1592
129,1612
129,1652
129,1663
129,1675
129,1692
129,1694
129,1712
129,1732
129,1743
129,1772
129,1792
129,1812
129,1832
129,1872
129,1892
129,1901
129,1912
129,1952
129,1967
129,1972
129,1982
129,1992
129,2052
129,2072
129,2074
129,2092
129,2112
129,2152
129,2192
129,2212
129,2231
129,2232
129,2252
129,2312
129,2319
129,2332
129,2352
129,2370
129,2372
129,2385
129,2392
129,2412
129,2432
129,2510
129,2532
129,2538
129,2552
129,2572
129,2573
129,2590
129,2632
129,2641
129,2672
129,2692
129,2718
129,2720
129,2732
129,2752
129,2772
129,2812
129,2826
129,2852
129,2872
129,2892
129,2912
129,2932
129,2950
129,2972
129,3066
129,3112
129,3132
129,3152
129,3172
129,3192
129,3212
129,3222
129,3232
129,3233
129,3237
129,3252
129,3272
129,3312
129,3341
129,3372
129,3392
129,3452
129,3472
129,3492
129,3512
129,3532
129,3552
129,3572
129,3592
129,3612
129,3632
129,3634
129,3652
129,3666
129,3672
129,3685
129,3712
129,3728
129,3732
129,3752
129,3766
129,3774
129,3792
129,3812
129,3853
129,3872
129,3890
129,3894
129,3932
129,3947
129,3952
129,3957
129,3962
129,3992
130,46
130,66
130,86
130,106
130,166
130,226
130,246
130,252
130,306
130,325
130,326
130,386
130,400
130,406
130,426
130,441
130,466
130,468
130,478
130,506
130,546
130,605
130,606
130,626
130,646
130,686
130,705
130,726
130,746
130,766
130,786
130,796
130,806
130,826
130,846
130,865
130,866
130,915
130,926
130,936
130,946
130,966
130,1006
130,1026
130,1066
130,1106
130,1186
130,1206
130,1224
130,1226
130,1231
130,1246
130,1266
130,1267
130,1286
130,1318
130,1326
130,1339
130,1346
130,1349
130,1365
130,1366
130,1382
130,1406
130,1421
130,1426
130,1466
130,1486
130,1506
130,1510
130,1526
130,1546
130,1566
130,1586
130,1599
130,1646
130,1660
130,1696
130,1706
130,1722
130,1746
130,1753
130,1775
130,1796
130,1806
130,1846
130,1855
130,1879
130,1883
130,1886
130,1906
130,1926
130,1928
130,1929
130,1946
130,1966
130,1970
130,1973
130,1979
130,1986
130,2024
130,2066
130,2086
130,2126
130,2146
130,2166
130,2206
130,2243
130,2246
130,2259
130,2266
130,2285
130,2286
130,2291
130,2295
130,2306
130,2326
130,2330
130,2346
130,2352
130,2360
130,2386
130,2446
130,2486
130,2566
130,2606
130,2646
130,2666
130,2686
130,2706
130,2726
130,2746
130,2806
130,2822
130,2826
130,2827
130,2834
130,2846
130,2866
130,2902
130,2926
130,2946
130,2947
130,2986
130,3006
130,3046
130,3066
130,3106
130,3126
130,3127
130,3159
130,3165
130,3186
130,3226
130,3229
130,3240
130,3246
130,3286
130,3306
130,3310
130,3313
130,3357
130,3386
130,3406
130,3407
130,3446
130,3450
130,3476
130,3486
130,3506
130,3516
130,3532
130,3566
130,3582
130,3604
130,3606
130,3626
130,3646
130,3666
130,3681
130,3686
130,3706
130,3766
130,3771
130,3772
130,3778
130,3786
130,3803
130,3806
130,3824
130,3826
130,3906
130,3907
130,3926
130,3946
130,3966
130,3986
131,38
131,44
131,58
131,93
131,98
131,118
131,122
131,129
131,134
131,138
131,158
131,218
131,258
131,268
131,293
131,298
131,335
131,338
131,358
131,378
131,389
131,418
131,442
131,478
131,486
131,516
131,558
131,576
131,598
131,618
131,638
131,640
131,658
131,698
131,718
131,738
131,758
131,761
131,838
131,858
131,898
131,934
131,938
131,953
131,958
131,976
131,978
131,981
131,982
131,993
131,998
131,1018
131,1029
131,1058
131,1098
131,1116
131,1118
131,1138
131,1158
131,1175
131,1205
131,1258
131,1278
131,1280
131,1298
131,1306
131,1338
131,1358
131,1378
131,1399
131,1438
131,1447
131,1478
131,1498
131,1558
131,1578
131,1598
131,1600
131,1606
131,1618
131,1638
131,1646
131,1664
131,1678
131,1680
131,1698
131,1738
131,1742
131,1758
131,1838
131,1858
131,1872
131,1878
131,1918
131,1938
131,1953
131,1958
131,1966
131,1978
131,2018
131,2027
131,2039
131,2058
131,2078
131,2098
131,2118
131,2138
131,2145
131,2147
131,2158
131,2178
131,2198
131,2218
131,2258
131,2265
131,2338
131,2358
131,2378
131,2398
131,2418
131,2458
131,2462
131,2478
131,2538
131,2598
131,2644
131,2698
131,2718
131,2721
131,2734
131,2758
131,2761
131,2798
131,2818
131,2838
131,2844
131,2918
131,2950
131,2958
131,2965
131,2976
131,2998
131,3008
131,3038
131,3058
131,3078
131,3098
131,3118
131,3129
131,3138
131,3152
131,3158
131,3172
131,3178
131,3198
131,3202
131,3206
131,3218
131,3222
131,3238
131,3244
131,3249
131,3258
131,3278
131,3298
131,3338
131,3339
131,3342
131,3349
131,3357
131,3358
131,3418
131,3438
131,3458
131,3470
131,3498
131,3518
131,3538
131,3558
131,3573
131,3578
131,3621
131,3638
131,3649
131,3658
131,3662
131,3738
131,3765
131,3774
131,3795
131,3798
131,3818
131,3838
131,3847
131,3858
131,3918
131,3958
131,3978
131,3998
132,1
132,19
132,28
132,48
132,88
132,108
132,148
132,168
132,188
132,205
132,228
132,249
132,267
132,268
132,271
132,288
132,308
132,328
132,388
132,408
132,448
132,488
132,508
132,533
132,548
132,568
132,588
132,628
132,648
132,653
132,668
132,673
132,683
132,688
132,690
132,708
132,716
132,728
132,748
132,750
132,771
132,788
132,808
132,812
132,825
132,828
132,888
132,908
132,925
132,932
132,944
132,968
132,995
132,1048
132,1108
132,1111
132,1128
132,1148
132,1188
132,1199
132,1208
132,1228
132,1230
132,1242
132,1248
132,1268
132,1328
132,1348
132,1368
132,1388
132,1408
132,1428
132,1429
132,1448
132,1450
132,1468
132,1488
132,1508
132,1548
132,1561
132,1568
132,1588
132,1604
132,1608
132,1628
132,1648
132,1665
132,1688
132,1733
132,1768
132,1788
132,1808
132,1848
132,1868
132,1908
132,1968
132,1988
132,2048
132,2068
132,2088
132,2108
132,2122
132,2128
132,2148
132,2155
132,2168
132,2178
132,2194
132,2208
132,2209
132,2228
132,2229
132,2235
132,2248
132,2268
132,2308
132,2311
132,2328
132,2348
132,2355
132,2388
132,2408
132,2413
132,2448
132,2449
132,2468
132,2478
132,2488
132,2528
132,2548
132,2568
132,2588
132,2644
132,2648
132,2655
132,2668
132,2679
132,2681
132,2697
132,2738
132,2779
132,2786
132,2788
132,2808
132,2868
132,2888
132,2908
132,2928
132,2948
132,2957
132,2988
132,3032
132,3038
132,3048
132,3065
132,3066
132,3068
132,3088
132,3128
132,3134
132,3148
132,3168
132,3187
132,3208
132,3228
132,3248
132,3268
132,3274
132,3288
132,3290
132,3294
132,3298
132,3305
132,3308
132,3348
132,3388
132,3408
132,3428
132,3448
132,3483
132,3488
132,3522
132,3528
132,3588
132,3608
132,3628
132,3648
132,3668
132,3754
132,3768
132,3770
132,3788
132,3808
132,3828
132,3868
132,3913
132,3928
132,3948
132,3973
132,3988
133,5
133,6
133,26
133,46
133,66
133,126
133,146
133,161
133,177
133,181
133,186
133,206
133,266
133,283
133,286
133,306
133,326
133,346
133,359
133,387
133,406
133,446
133,466
133,486
133,506
133,546
133,566
133,583
133,625
133,626
133,646
133,666
133,706
133,710
133,726
133,746
133,766
133,773
133,786
133,795
133,826
133,834
133,844
133,846
133,862
133,866
133,886
133,896
133,906
133,918
133,926
133,939
133,1006
133,1026
133,1035
133,1046
133,1065
133,1086
133,1106
133,1126
133,1166
133,1186
133,1206
133,1226
133,1266
133,1286
133,1326
133,1346
133,1366
133,1386
133,1406
133,1426
133,1434
133,1446
133,1451
133,1466
133,1468
133,1486
133,1506
133,1513
133,1562
133,1588
133,1606
133,1626
133,1666
133,1706
133,1709
133,1723
133,1726
133,1730
133,1733
133,1749
133,1750
133,1766
133,1794
133,1806
133,1821
133,1826
133,1846
133,1866
133,1887
133,1906
133,1907
133,1924
133,1946
133,1965
133,1966
133,1986
133,2013
133,2026
133,2030
133,2032
133,2046
133,2066
133,2086
133,2106
133,2126
133,2146
133,2160
133,2162
133,2166
133,2186
133,2206
133,2226
133,2242
133,2266
133,2286
133,2306
133,2346
133,2366
133,2379
133,2386
133,2410
133,2424
133,2426
133,2446
133,2466
133,2486
133,2490
133,2496
133,2506
133,2566
133,2586
133,2606
133,2626
133,2644
133,2650
133,2686
133,2711
133,2746
133,2766
133,2780
133,2791
133,2814
133,2857
133,2865
133,2866
133,2886
133,2946
133,2966
133,2986
133,3012
133,3026
133,3046
133,3106
133,3110
133,3133
133,3159
133,3166
133,3186
133,3206
133,3226
133,3266
133,3269
133,3286
133,3306
133,3328
133,3346
133,3366
133,3406
133,3426
133,3486
133,3506
133,3526
133,3566
133,3586
133,3646
133,3666
133,3706
133,3726
133,3766
133,3784
133,3786
133,3809
133,3826
133,3846
133,3885
133,3886
133,3897
133,3908
133,3928
133,3986
134,14
134,74
134,94
134,115
134,123
134,134
134,139
134,154
134,168
134,194
134,234
134,254
134,274
134,294
134,334
134,337
134,342
134,354
134,394
134,399
134,469
134,474
134,490
134,494
134,534
134,536
134,574
134,594
134,629
134,647
134,654
134,665
134,714
134,754
134,813
134,814
134,834
134,854
134,856
134,874
134,894
134,914
134,921
134,934
134,954
134,994
134,1008
134,1034
134,1039
134,1054
134,1074
134,1094
134,1114
134,1134
134,1154
134,1190
134,1194
134,1214
134,1226
134,1314
134,1316
134,1354
134,1386
134,1394
134,1434
134,1445
134,1449
134,1460
134,1474
134,1512
134,1522
134,1534
134,1554
134,1574
134,1594
134,1614
134,1634
134,1668
134,1673
134,1674
134,1725
134,1726
134,1734
134,1753
134,1754
134,1760
134,1774
134,1794
134,1814
134,1851
134,1854
134,1855
134,1874
134,1913
134,1927
134,1934
134,1954
134,1974
134,1986
134,1994
134,2001
134,2014
134,2034
134,2046
134,2054
134,2074
134,2094
134,2107
134,2114
134,2117
134,2134
134,2154
134,2174
134,2194
134,2207
134,2214
134,2221
134,2228
134,2234
134,2254
134,2276
134,2294
134,2351
134,2354
134,2357
134,2414
134,2430
134,2434
134,2443
134,2454
134,2474
134,2491
134,2514
134,2533
134,2534
134,2614
134,2634
134,2674
134,2694
134,2727
134,2734
134,2751
134,2754
134,2774
134,2788
134,2814
134,2854
134,2858
134,2867
134,2874
134,2894
134,2914
134,2923
134,2934
134,2954
134,2960
134,2994
134,3014
134,3054
134,3114
134,3134
134,3154
134,3174
134,3214
134,3225
134,3234
134,3250
134,3254
134,3294
134,3301
134,3314
134,3323
134,3394
134,3414
134,3452
134,3454
134,3474
134,3494
134,3514
134,3534
134,3542
134,3554
134,3594
134,3614
134,3634
134,3654
134,3694
134,3714
134,3754
134,3774
134,3794
134,3814
134,3834
134,3835
134,3841
134,3874
134,3894
134,3902
134,3934
134,3954
134,3968
134,3974
134,3994
135,18
135,35
135,38
135,58
135,78
135,85
135,98
135,158
135,175
135,178
135,198
135,207
135,214
135,238
135,258
135,278
135,298
135,318
135,338
135,358
135,378
135,398
135,418
135,438
135,458
135,478
135,492
135,496
135,498
135,518
135,538
135,558
135,578
135,593
135,618
135,622
135,638
135,645
135,646
135,658
135,668
135,678
135,689
135,698
135,738
135,778
135,790
135,798
135,819
135,838
135,858
135,878
135,918
135,938
135,949
135,958
135,978
135,1012
135,1018
135,1038
135,1058
135,1078
135,1098
135,1158
135,1178
135,1198
135,1218
135,1238
135,1258
135,1278
135,1298
135,1318
135,1334
135,1358
135,1398
135,1401
135,1418
135,1438
135,1458
135,1478
135,1489
135,1498
135,1518
135,1538
135,1558
135,1578
135,1598
135,1602
135,1638
135,1657
135,1658
135,1670
135,1680
135,1698
135,1718
135,1738
135,1758
135,1775
135,1778
135,1818
135,1858
135,1878
135,1898
135,1918
135,1938
135,1979
135,1988
135,1994
135,1998
135,2018
135,2038
135,2076
135,2078
135,2118
135,2138
135,2168
135,2178
135,2195
135,2198
135,2220
135,2238
135,2258
135,2298
135,2318
135,2338
135,2340
135,2358
135,2371
135,2378
135,2398
135,2402
135,2418
135,2438
135,2478
135,2498
135,2509
135,2512
135,2538
135,2578
135,2598
135,2638
135,2658
135,2676
135,2678
135,2718
135,2738
135,2758
135,2778
135,2798
135,2813
135,2838
135,2906
135,2918
135,2938
135,2958
135,2974
135,2978
135,2998
135,3018
135,3063
135,3068
135,3094
135,3098
135,3112
135,3138
135,3155
135,3158
135,3198
135,3218
135,3238
135,3258
135,3277
135,3298
135,3310
135,3318
135,3341
135,3358
135,3378
135,3398
135,3418
135,3478
135,3498
135,3501
135,3513
135,3517
135,3535
135,3538
135,3558
135,3618
135,3658
135,3678
135,3698
135,3718
135,3773
135,3798
135,3817
135,3818
135,3850
135,3858
135,3869
135,3898
135,3918
135,3930
135,3978
135,3998
136,6
136,18
136,39
136,58
136,78
136,118
136,158
136,198
136,218
136,238
136,249
136,258
136,278
136,318
136,338
136,358
136,363
136,364
136,378
136,391
136,398
136,404
136,418
136,438
136,458
136,478
136,500
136,509
136,518
136,538
136,556
136,558
136,566
136,572
136,578
136,598
136,638
136,643
136,698
136,710
136,721
136,738
136,780
136,781
136,818
136,820
136,826
136,858
136,865
136,878
136,890
136,898
136,918
136,938
136,978
136,1038
136,1047
136,1058
136,1078
136,1107
136,1117
136,1118
136,1138
136,1143
136,1145
136,1178
136,1198
136,1218
136,1238
136,1254
136,1258
136,1278
136,1318
136,1340
136,1342
136,1358
136,1378
136,1398
136,1418
136,1458
136,1498
136,1518
136,1547
136,1578
136,1598
136,1618
136,1658
136,1678
136,1705
136,1718
136,1738
136,1743
136,1758
136,1798
136,1806
136,1858
136,1878
136,1898
136,1918
136,1938
136,1949
136,1958
136,1998
136,2038
136,2058
136,2095
136,2107
136,2118
136,2138
136,2167
136,2178
136,2198
136,2218
136,2238
136,2258
136,2318
136,2333
136,2398
136,2418
136,2429
136,2438
136,2455
136,2458
136,2477
136,2478
136,2498
136,2538
136,2546
136,2553
136,2558
136,2598
136,2618
136,2621
136,2638
136,2640
136,2658
136,2678
136,2698
136,2720
136,2734
136,2758
136,2778
136,2798
136,2838
136,2858
136,2866
136,2882
136,2898
136,2911
136,2918
136,2920
136,2928
136,2938
136,2958
136,2967
136,2978
136,2991
136,2992
136,2995
136,2998
136,3018
136,3038
136,3040
136,3043
136,3058
136,3078
136,3118
136,3138
136,3198
136,3218
136,3298
136,3318
136,3358
136,3378
136,3398
136,3418
136,3438
136,3458
136,3478
136,3538
136,3558
136,3582
136,3598
136,3613
136,3618
136,3638
136,3678
136,3679
136,3698
136,3718
136,3738
136,3778
136,3798
136,3800
136,3840
136,3876
136,3878
136,3898
136,3918
136,3946
136,3953
136,3958
136,3962
136,3971
136,3978
136,3998
137,8
137,24
137,28
137,48
137,68
137,81
137,108
137,148
137,168
137,176
137,188
137,208
137,220
137,228
137,242
137,268
137,288
137,308
137,343
137,348
137,368
137,388
137,407
137,408
137,413
137,448
137,487
137,508
137,528
137,541
137,548
137,568
137,588
137,608
137,620
137,648
137,668
137,686
137,688
137,708
137,723
137,724
137,728
137,736
137,748
137,768
137,837
137,848
137,868
137,888
137,908
137,928
137,946
137,948
137,988
137,1008
137,1058
137,1068
137,1108
137,1116
137,1128
137,1137
137,1138
137,1148
137,1188
137,1248
137,1268
137,1308
137,1328
137,1343
137,1388
137,1408
137,1428
137,1448
137,1488
137,1501
137,1508
137,1510
137,1548
137,1568
137,1628
137,1648
137,1668
137,1672
137,1681
137,1684
137,1688
137,1708
137,1728
137,1737
137,1748
137,1761
137,1768
137,1771
137,1784
137,1788
137,1800
137,1808
137,1828
137,1848
137,1860
137,1869
137,1888
137,1908
137,1928
137,1948
137,1953
137,1985
137,1988
137,2008
137,2028
137,2033
137,2048
137,2055
137,2086
137,2098
137,2128
137,2167
137,2188
137,2193
137,2208
137,2228
137,2248
137,2323
137,2327
137,2328
137,2348
137,2368
137,2388
137,2393
137,2408
137,2428
137,2468
137,2488
137,2528
137,2548
137,2588
137,2591
137,2592
137,2608
137,2628
137,2634
137,2648
137,2668
137,2674
137,2708
137,2728
137,2748
137,2768
137,2788
137,2808
137,2826
137,2827
137,2828
137,2868
137,2888
137,2948
137,2988
137,3008
137,3013
137,3021
137,3028
137,3067
137,3068
137,3088
137,3128
137,3148
137,3159
137,3168
137,3188
137,3208
137,3228
137,3234
137,3248
137,3268
137,3288
137,3327
137,3348
137,3368
137,3388
137,3402
137,3408
137,3428
137,3439
137,3448
137,3468
137,3481
137,3488
137,3497
137,3508
137,3528
137,3548
137,3560
137,3588
137,3608
137,3648
137,3667
137,3668
137,3728
137,3788
137,3805
137,3808
137,3828
137,3848
137,3868
137,3940
137,3948
137,3988
138,10
138,49
138,50
138,90
138,110
138,129
138,130
138,150
138,152
138,168
138,170
138,171
138,190
138,230
138,235
138,262
138,290
138,310
138,326
138,330
138,350
138,354
138,361
138,390
138,404
138,410
138,430
138,450
138,464
138,469
138,470
138,490
138,499
138,510
138,534
138,570
138,590
138,592
138,610
138,626
138,630
138,657
138,670
138,693
138,710
138,727
138,750
138,770
138,790
138,810
138,834
138,850
138,870
138,890
138,916
138,936
138,950
138,982
138,990
138,996
138,1010
138,1047
138,1050
138,1061
138,1090
138,1110
138,1130
138,1155
138,1201
138,1233
138,1250
138,1290
138,1310
138,1335
138,1350
138,1370
138,1410
138,1450
138,1470
138,1490
138,1510
138,1530
138,1550
138,1570
138,1580
138,1590
138,1610
138,1650
138,1656
138,1666
138,1670
138,1690
138,1710
138,1724
138,1730
138,1750
138,1751
138,1770
138,1810
138,1850
138,1870
138,1890
138,1910
138,1990
138,2010
138,2030
138,2050
138,2090
138,2126
138,2156
138,2170
138,2190
138,2199
138,2210
138,2230
138,2250
138,2270
138,2282
138,2310
138,2330
138,2344
138,2350
138,2370
138,2450
138,2470
138,2486
138,2498
138,2510
138,2530
138,2534
138,2550
138,2556
138,2570
138,2590
138,2602
138,2610
138,2630
138,2659
138,2690
138,2710
138,2730
138,2762
138,2810
138,2830
138,2834
138,2850
138,2872
138,2889
138,2890
138,2896
138,2910
138,2914
138,2950
138,2970
138,2990
138,3030
138,3035
138,3050
138,3052
138,3070
138,3090
138,3110
138,3130
138,3150
138,3154
138,3170
138,3186
138,3190
138,3230
138,3237
138,3250
138,3290
138,3310
138,3350
138,3370
138,3372
138,3390
138,3410
138,3459
138,3470
138,3490
138,3510
138,3530
138,3550
138,3585
138,3590
138,3610
138,3630
138,3650
138,3670
138,3710
138,3730
138,3750
138,3770
138,3801
138,3810
138,3825
138,3829
138,3830
138,3850
138,3870
138,3882
138,3890
138,3910
138,3930
138,3950
138,3970
138,3990
138,3999
139,46
139,52
139,66
139,73
139,86
139,106
139,126
139,166
139,174
139,183
139,197
139,206
139,226
139,266
139,278
139,286
139,306
139,312
139,326
139,337
139,346
139,386
139,406
139,413
139,426
139,446
139,466
139,486
139,506
139,532
139,546
139,555
139,568
139,587
139,606
139,617
139,626
139,646
139,648
139,706
139,726
139,746
139,753
139,757
139,766
139,786
139,806
139,821
139,846
139,866
139,886
139,906
139,926
139,946
139,966
139,986
139,1026
139,1046
139,1066
139,1086
139,1097
139,1106
139,1146
139,1166
139,1186
139,1206
139,1226
139,1266
139,1268
139,1286
139,1287
139,1317
139,1326
139,1346
139,1366
139,1379
139,1380
139,1402
139,1406
139,1418
139,1426
139,1446
139,1453
139,1466
139,1486
139,1493
139,1506
139,1526
139,1566
139,1626
139,1686
139,1706
139,1726
139,1746
139,1786
139,1803
139,1806
139,1826
139,1846
139,1866
139,1886
139,1906
139,1944
139,1946
139,1965
139,1966
139,1971
139,1975
139,1986
139,2006
139,2025
139,2026
139,2053
139,2058
139,2086
139,2106
139,2126
139,2146
139,2166
139,2226
139,2232
139,2246
139,2286
139,2306
139,2326
139,2346
139,2386
139,2426
139,2435
139,2446
139,2456
139,2486
139,2506
139,2526
139,2546
139,2571
139,2586
139,2606
139,2626
139,2646
139,2666
139,2673
139,2706
139,2723
139,2726
139,2785
139,2786
139,2806
139,2834
139,2866
139,2898
139,2926
139,2946
139,2966
139,2969
139,2980
139,3006
139,3026
139,3083
139,3086
139,3090
139,3106
139,3107
139,3126
139,3146
139,3166
139,3185
139,3186
139,3222
139,3232
139,3286
139,3326
139,3334
139,3348
139,3386
139,3393
139,3406
139,3426
139,3442
139,3446
139,3465
139,3472
139,3473
139,3477
139,3492
139,3526
139,3566
139,3606
139,3613
139,3626
139,3646
139,3657
139,3666
139,3686
139,3720
139,3746
139,3751
139,3766
139,3786
139,3806
139,3826
139,3837
139,3846
139,3906
139,3926
139,3946
139,3959
139,3966
139,3977
139,3980
139,3986
140,1
140,9
140,21
140,41
140,81
140,101
140,111
140,141
140,161
140,180
140,201
140,221
140,241
140,254
140,261
140,281
140,301
140,321
140,361
140,381
140,413
140,421
140,441
140,478
140,480
140,501
140,521
140,541
140,552
140,561
140,581
140,583
140,596
140,621
140,641
140,661
140,681
140,701
140,761
140,781
140,793
140,821
140,861
140,901
140,921
140,941
140,961
140,981
140,1001
140,1027
140,1041
140,1043
140,1078
140,1081
140,1101
140,1121
140,1129
140,1141
140,1152
140,1161
140,1163
140,1181
140,1221
140,1241
140,1248
140,1261
140,1269
140,1298
140,1301
140,1341
140,1381
140,1401
140,1421
140,1441
140,1461
140,1473
140,1481
140,1521
140,1541
140,1621
140,1641
140,1659
140,1661
140,1699
140,1701
140,1741
140,1774
140,1781
140,1801
140,1821
140,1861
140,1881
140,1886
140,1901
140,1941
140,1963
140,1975
140,1981
140,1994
140,2001
140,2021
140,2061
140,2101
140,2121
140,2125
140,2126
140,2161
140,2181
140,2201
140,2221
140,2241
140,2254
140,2261
140,2281
140,2284
140,2301
140,2315
140,2321
140,2332
140,2341
140,2361
140,2381
140,2401
140,2421
140,2441
140,2465
140,2467
140,2477
140,2481
140,2501
140,2529
140,2538
140,2541
140,2564
140,2581
140,2592
140,2641
140,2701
140,2721
140,2761
140,2818
140,2821
140,2841
140,2857
140,2861
140,2873
140,2881
140,2882
140,2901
140,2921
140,2941
140,2944
140,2961
140,2981
140,2986
140,3001
140,3021
140,3041
140,3061
140,3081
140,3101
140,3120
140,3121
140,3128
140,3134
140,3181
140,3201
140,3220
140,3221
140,3231
140,3261
140,3281
140,3301
140,3321
140,3341
140,3361
140,3381
140,3401
140,3410
140,3421
140,3438
140,3441
140,3471
140,3501
140,3521
140,3556
140,3571
140,3581
140,3601
140,3621
140,3661
140,3685
140,3699
140,3701
140,3725
140,3741
140,3761
140,3781
140,3801
140,3821
140,3825
140,3841
140,3861
140,3863
140,3881
140,3885
140,3901
140,3921
140,3942
140,3961
140,3981
140,3998
141,0
141,20
141,24
141,38
141,40
141,60
141,80
141,100
141,120
141,140
141,160
141,180
141,183
141,200
141,220
141,280
141,300
141,320
141,329
141,340
141,360
141,370
141,401
141,420
141,430
141,440
141,443
141,480
141,500
141,506
141,507
141,540
141,560
141,580
141,600
141,615
141,620
141,660
141,673
141,680
141,700
141,720
141,740
141,760
141,818
141,820
141,840
141,860
141,880
141,888
141,920
141,940
141,960
141,980
141,993
141,1000
141,1020
141,1060
141,1080
141,1100
141,1173
141,1180
141,1189
141,1200
141,1205
141,1233
141,1240
141,1260
141,1282
141,1307
141,1323
141,1329
141,1333
141,1340
141,1379
141,1395
141,1420
141,1440
141,1480
141,1500
141,1540
141,1560
141,1600
141,1620
141,1631
141,1649
141,1660
141,1700
141,1706
141,1720
141,1740
141,1761
141,1767
141,1800
141,1812
141,1840
141,1860
141,1880
141,1900
141,1920
141,1935
141,1940
141,1959
141,1960
141,1969
141,1980
141,1995
141,2000
141,2005
141,2020
141,2047
141,2060
141,2079
141,2080
141,2091
141,2120
141,2125
141,2140
141,2155
141,2166
141,2180
141,2200
141,2220
141,2238
141,2240
141,2260
141,2268
141,2280
141,2300
141,2320
141,2332
141,2340
141,2350
141,2360
141,2380
141,2382
141,2400
141,2424
141,2440
141,2460
141,2480
141,2500
141,2510
141,2540
141,2580
141,2639
141,2640
141,2657
141,2660
141,2700
141,2720
141,2740
141,2746
141,2760
141,2780
141,2800
141,2820
141,2860
141,2869
141,2880
141,2900
141,2920
141,2940
141,2960
141,2980
141,3000
141,3020
141,3040
141,3054
141,3060
141,3080
141,3100
141,3120
141,3140
141,3160
141,3180
141,3200
141,3220
141,3237
141,3260
141,3300
141,3320
141,3340
141,3380
141,3420
141,3480
141,3500
141,3514
141,3540
141,3580
141,3600
141,3617
141,3620
141,3622
141,3640
141,3660
141,3700
141,3720
141,3740
141,3775
141,3780
141,3800
141,3817
141,3820
141,3824
141,3851
141,3860
141,3880
141,3895
141,3900
141,3920
141,3940
141,3980
141,3994
142,38
142,58
142,63
142,67
142,88
142,104
142,118
142,158
142,178
142,185
142,197
142,198
142,203
142,218
142,238
142,258
142,288
142,296
142,298
142,356
142,358
142,378
142,398
142,418
142,438
142,458
142,478
142,485
142,511
142,518
142,558
142,598
142,618
142,638
142,658
142,678
142,718
142,727
142,728
142,738
142,795
142,818
142,838
142,858
142,878
142,906
142,918
142,919
142,932
142,938
142,978
142,987
142,998
142,1014
142,1018
142,1038
142,1058
142,1060
142,1078
142,1098
142,1158
142,1198
142,1238
142,1258
142,1278
142,1282
142,1298
142,1358
142,1378
142,1389
142,1398
142,1454
142,1458
142,1478
142,1489
142,1498
142,1518
142,1521
142,1538
142,1558
142,1572
142,1578
142,1598
142,1618
142,1638
142,1658
142,1667
142,1689
142,1698
142,1718
142,1758
142,1778
142,1798
142,1818
142,1823
142,1838
142,1858
142,1898
142,1918
142,1938
142,1958
142,1974
142,1998
142,2018
142,2038
142,2058
142,2059
142,2066
142,2078
142,2081
142,2098
142,2118
142,2138
142,2158
142,2178
142,2198
142,2218
142,2238
142,2258
142,2269
142,2272
142,2278
142,2288
142,2298
142,2318
142,2338
142,2358
142,2378
142,2398
142,2418
142,2429
142,2438
142,2455
142,2514
142,2518
142,2538
142,2544
142,2578
142,2579
142,2589
142,2598
142,2618
142,2638
142,2639
142,2646
142,2658
142,2678
142,2698
142,2724
142,2731
142,2734
142,2750
142,2758
142,2798
142,2818
142,2838
142,2884
142,2898
142,2918
142,2933
142,2934
142,2938
142,2958
142,2978
142,2998
142,3018
142,3038
142,3058
142,3078
142,3098
142,3118
142,3138
142,3158
142,3178
142,3187
142,3198
142,3218
142,3238
142,3258
142,3278
142,3298
142,3318
142,3338
142,3378
142,3418
142,3438
142,3478
142,3498
142,3518
142,3533
142,3538
142,3558
142,3578
142,3598
142,3618
142,3638
142,3658
142,3663
142,3698
142,3718
142,3736
142,3738
142,3758
142,3778
142,3806
142,3818
142,3838
142,3858
142,3860
142,3898
142,3899
142,3911
142,3918
142,3978
142,3998
143,4
143,24
143,64
143,84
143,104
143,144
143,157
143,164
143,184
143,205
143,224
143,237
143,264
143,284
143,304
143,324
143,344
143,354
143,362
143,366
143,384
143,404
143,424
143,444
143,445
143,464
143,467
143,524
143,552
143,553
143,564
143,584
143,604
143,624
143,634
143,635
143,664
143,684
143,704
143,712
143,724
143,762
143,764
143,804
143,812
143,844
143,864
143,870
143,874
143,884
143,904
143,944
143,964
143,1004
143,1024
143,1044
143,1054
143,1081
143,1144
143,1164
143,1180
143,1184
143,1204
143,1213
143,1224
143,1234
143,1244
143,1254
143,1264
143,1278
143,1304
143,1324
143,1344
143,1377
143,1384
143,1404
143,1424
143,1464
143,1504
143,1524
143,1544
143,1583
143,1584
143,1610
143,1613
143,1623
143,1624
143,1644
143,1664
143,1684
143,1704
143,1716
143,1722
143,1764
143,1804
143,1824
143,1826
143,1879
143,1884
143,1904
143,1924
143,1944
143,1956
143,1976
143,2024
143,2048
143,2064
143,2084
143,2100
143,2144
143,2164
143,2184
143,2204
143,2224
143,2233
143,2264
143,2277
143,2284
143,2296
143,2324
143,2344
143,2347
143,2384
143,2404
143,2424
143,2444
143,2445
143,2451
143,2464
143,2484
143,2506
143,2524
143,2541
143,2564
143,2584
143,2604
143,2624
143,2644
143,2650
143,2661
143,2678
143,2684
143,2748
143,2765
143,2784
143,2804
143,2824
143,2844
143,2857
143,2861
143,2864
143,2884
143,2889
143,2904
143,2924
143,2934
143,2944
143,2964
143,2965
143,2985
143,3004
143,3006
143,3024
143,3044
143,3052
143,3064
143,3084
143,3104
143,3106
143,3144
143,3164
143,3184
143,3190
143,3224
143,3284
143,3304
143,3323
143,3324
143,3384
143,3424
143,3444
143,3455
143,3464
143,3484
143,3504
143,3507
143,3514
143,3530
143,3544
143,3564
143,3584
143,3604
143,3624
143,3656
143,3664
143,3678
143,3703
143,3704
143,3724
143,3744
143,3745
143,3784
143,3804
143,3824
143,3844
143,3861
143,3864
143,3882
143,3884
143,3904
143,3924
143,3933
143,3939
143,3964
143,3984
143,3987
144,15
144,35
144,55
144,75
144,95
144,115
144,155
144,175
144,195
144,200
144,215
144,219
144,235
144,255
144,275
144,290
144,295
144,310
144,329
144,335
144,351
144,355
144,358
144,378
144,381
144,395
144,415
144,423
144,451
144,475
144,494
144,495
144,535
144,555
144,575
144,591
144,595
144,635
144,640
144,655
144,689
144,693
144,704
144,755
144,766
144,769
144,776
144,790
144,815
144,835
144,862
144,883
144,907
144,915
144,932
144,941
144,954
144,955
144,958
144,975
144,1015
144,1035
144,1055
144,1061
144,1075
144,1095
144,1115
144,1122
144,1155
144,1175
144,1182
144,1195
144,1215
144,1235
144,1255
144,1275
144,1295
144,1315
144,1335
144,1339
144,1344
144,1356
144,1358
144,1375
144,1380
144,1435
144,1443
144,1455
144,1475
144,1495
144,1515
144,1555
144,1556
144,1578
144,1595
144,1615
144,1638
144,1655
144,1715
144,1735
144,1755
144,1775
144,1795
144,1815
144,1835
144,1855
144,1884
144,1895
144,1908
144,1915
144,1919
144,1935
144,1955
144,1975
144,1995
144,2015
144,2024
144,2028
144,2074
144,2075
144,2115
144,2135
144,2160
144,2175
144,2195
144,2215
144,2235
144,2274
144,2275
144,2295
144,2346
144,2355
144,2375
144,2395
144,2415
144,2475
144,2481
144,2495
144,2555
144,2558
144,2575
144,2595
144,2615
144,2635
144,2655
144,2663
144,2695
144,2715
144,2755
144,2775
144,2795
144,2812
144,2815
144,2819
144,2824
144,2828
144,2835
144,2855
144,2867
144,2873
144,2875
144,2895
144,2915
144,2935
144,2945
144,2975
144,2982
144,2995
144,2996
144,3055
144,3075
144,3095
144,3115
144,3125
144,3175
144,3178
144,3184
144,3195
144,3215
144,3216
144,3275
144,3276
144,3295
144,3315
144,3355
144,3375
144,3395
144,3398
144,3437
144,3475
144,3477
144,3495
144,3515
144,3555
144,3575
144,3595
144,3632
144,3635
144,3655
144,3675
144,3695
144,3715
144,3755
144,3775
144,3805
144,3815
144,3835
144,3855
144,3876
144,3895
144,3901
144,3915
144,3935
144,3944
144,3955
144,3975
144,3982
144,3995
145,8
145,28
145,48
145,68
145,88
145,105
145,108
145,127
145,128
145,148
145,168
145,188
145,199
145,208
145,228
145,248
145,308
145,328
145,350
145,388
145,408
145,428
145,448
145,468
145,489
145,490
145,508
145,516
145,548
145,568
145,578
145,588
145,602
145,608
145,625
145,628
145,648
145,663
145,704
145,728
145,748
145,769
145,773
145,808
145,823
145,828
145,848
145,868
145,908
145,912
145,928
145,929
145,936
145,948
145,962
145,968
145,974
145,1035
145,1068
145,1088
145,1110
145,1126
145,1128
145,1145
145,1160
145,1168
145,1188
145,1208
145,1222
145,1228
145,1268
145,1301
145,1308
145,1328
145,1339
145,1348
145,1367
145,1368
145,1388
145,1428
145,1448
145,1454
145,1462
145,1468
145,1488
145,1491
145,1508
145,1528
145,1548
145,1566
145,1578
145,1608
145,1648
145,1668
145,1688
145,1708
145,1728
145,1808
145,1828
145,1830
145,1846
145,1853
145,1868
145,1888
145,1908
145,1928
145,1948
145,1960
145,1968
145,1975
145,1988
145,2008
145,2047
145,2069
145,2070
145,2088
145,2094
145,2108
145,2128
145,2168
145,2208
145,2228
145,2232
145,2308
145,2348
145,2368
145,2399
145,2408
145,2428
145,2448
145,2468
145,2488
145,2508
145,2519
145,2528
145,2548
145,2568
145,2588
145,2628
145,2647
145,2648
145,2668
145,2688
145,2708
145,2721
145,2728
145,2748
145,2768
145,2785
145,2788
145,2828
145,2832
145,2848
145,2868
145,2888
145,2908
145,2934
145,2937
145,2939
145,2941
145,2948
145,2958
145,2968
145,2980
145,2982
145,2988
145,2994
145,3008
145,3009
145,3016
145,3028
145,3030
145,3039
145,3068
145,3087
145,3095
145,3126
145,3128
145,3168
145,3188
145,3199
145,3208
145,3212
145,3221
145,3288
145,3328
145,3348
145,3359
145,3368
145,3388
145,3408
145,3448
145,3468
145,3470
145,3488
145,3528
145,3568
145,3588
145,3608
145,3613
145,3628
145,3648
145,3684
145,3688
145,3706
145,3728
145,3748
145,3768
145,3788
145,3808
145,3828
145,3848
145,3868
145,3888
145,3893
145,3948
145,3968
145,3972
145,3988
146,9
146,24
146,34
146,51
146,54
146,74
146,94
146,114
146,134
146,138
146,153
146,154
146,194
146,211
146,214
146,220
146,234
146,274
146,294
146,311
146,314
146,334
146,354
146,374
146,394
146,414
146,454
146,457
146,474
146,494
146,514
146,549
146,550
146,554
146,567
146,568
146,574
146,594
146,614
146,629
146,634
146,654
146,659
146,674
146,694
146,714
146,734
146,754
146,774
146,814
146,821
146,827
146,834
146,854
146,868
146,886
146,894
146,925
146,934
146,954
146,974
146,994
146,1014
146,1034
146,1054
146,1074
146,1081
146,1106
146,1114
146,1131
146,1154
146,1160
146,1198
146,1243
146,1254
146,1265
146,1294
146,1314
146,1341
146,1342
146,1374
146,1414
146,1434
146,1454
146,1474
146,1489
146,1494
146,1514
146,1523
146,1548
146,1574
146,1589
146,1592
146,1594
146,1634
146,1654
146,1674
146,1678
146,1694
146,1699
146,1714
146,1788
146,1794
146,1834
146,1854
146,1874
146,1914
146,1934
146,1951
146,1954
146,1974
146,1994
146,2008
146,2014
146,2034
146,2040
146,2054
146,2064
146,2074
146,2080
146,2094
146,2114
146,2154
146,2158
146,2174
146,2178
146,2184
146,2194
146,2212
146,2214
146,2259
146,2294
146,2314
146,2334
146,2371
146,2374
146,2394
146,2403
146,2414
146,2419
146,2428
146,2474
146,2494
146,2514
146,2534
146,2554
146,2574
146,2585
146,2590
146,2614
146,2634
146,2654
146,2674
146,2679
146,2694
146,2734
146,2754
146,2774
146,2789
146,2794
146,2854
146,2874
146,2894
146,2914
146,2934
146,2937
146,2954
146,2959
146,2974
146,3030
146,3034
146,3054
146,3074
146,3094
146,3114
146,3134
146,3154
146,3174
146,3184
146,3194
146,3200
146,3218
146,3234
146,3274
146,3294
146,3303
146,3334
146,3344
146,3375
146,3377
146,3412
146,3414
146,3434
146,3437
146,3454
146,3494
146,3514
146,3554
146,3589
146,3594
146,3614
146,3619
146,3651
146,3654
146,3694
146,3714
146,3734
146,3735
146,3754
146,3774
146,3794
146,3836
146,3854
146,3874
146,3883
146,3894
146,3899
146,3914
146,3926
146,3934
146,3994
147,19
147,22
147,23
147,25
147,42
147,102
147,122
147,142
147,182
147,202
147,222
147,242
147,255
147,271
147,302
147,315
147,322
147,382
147,398
147,409
147,461
147,472
147,482
147,502
147,522
147,544
147,545
147,547
147,562
147,582
147,583
147,602
147,622
147,642
147,656
147,662
147,682
147,702
147,722
147,735
147,737
147,740
147,742
147,802
147,810
147,822
147,842
147,854
147,862
147,875
147,881
147,882
147,905
147,914
147,942
147,962
147,965
147,982
147,1002
147,1022
147,1042
147,1062
147,1084
147,1102
147,1114
147,1122
147,1162
147,1182
147,1222
147,1242
147,1262
147,1282
147,1302
147,1333
147,1342
147,1350
147,1362
147,1382
147,1422
147,1442
147,1462
147,1502
147,1522
147,1527
147,1542
147,1562
147,1582
147,1602
147,1622
147,1642
147,1682
147,1715
147,1722
147,1742
147,1782
147,1842
147,1846
147,1848
147,1854
147,1860
147,1862
147,1882
147,1902
147,1907
147,1942
147,1962
147,2002
147,2022
147,2042
147,2082
147,2095
147,2100
147,2102
147,2122
147,2139
147,2177
147,2182
147,2195
147,2202
147,2222
147,2235
147,2242
147,2276
147,2277
147,2302
147,2322
147,2342
147,2357
147,2362
147,2377
147,2382
147,2385
147,2402
147,2411
147,2421
147,2428
147,2443
147,2482
147,2502
147,2510
147,2522
147,2540
147,2542
147,2547
147,2562
147,2582
147,2586
147,2614
147,2622
147,2682
147,2693
147,2702
147,2716
147,2762
147,2782
147,2802
147,2822
147,2842
147,2862
147,2901
147,2902
147,2917
147,2922
147,2942
147,3002
147,3042
147,3082
147,3097
147,3108
147,3142
147,3162
147,3182
147,3202
147,3203
147,3262
147,3279
147,3302
147,3322
147,3327
147,3342
147,3343
147,3362
147,3402
147,3414
147,3422
147,3427
147,3442
147,3450
147,3462
147,3482
147,3502
147,3523
147,3532
147,3542
147,3555
147,3562
147,3582
147,3602
147,3642
147,3644
147,3662
147,3682
147,3688
147,3695
147,3702
147,3705
147,3722
147,3762
147,3768
147,3802
147,3805
147,3822
147,3829
147,3833
147,3870
147,3882
147,3902
147,3922
147,3942
147,3958
147,3962
147,3980
148,14
148,34
148,41
148,110
148,114
148,139
148,147
148,154
148,174
148,194
148,196
148,214
148,221
148,231
148,234
148,254
148,261
148,274
148,294
148,314
148,334
148,354
148,374
148,377
148,414
148,460
148,474
148,494
148,514
148,543
148,551
148,554
148,555
148,574
148,594
148,614
148,654
148,674
148,691
148,694
148,714
148,734
148,742
148,774
148,814
148,835
148,854
148,874
148,886
148,890
148,894
148,934
148,948
148,954
148,980
148,994
148,1002
148,1014
148,1074
148,1094
148,1112
148,1115
148,1128
148,1134
148,1140
148,1154
148,1214
148,1254
148,1255
148,1274
148,1334
148,1354
148,1394
148,1414
148,1434
148,1454
148,1458
148,1474
148,1494
148,1509
148,1514
148,1534
148,1539
148,1554
148,1574
148,1594
148,1614
148,1634
148,1654
148,1664
148,1674
148,1679
148,1694
148,1714
148,1730
148,1766
148,1774
148,1781
148,1794
148,1811
148,1814
148,1821
148,1854
148,1886
148,1894
148,1914
148,1934
148,1954
148,1974
148,1994
148,2022
148,2026
148,2034
148,2049
148,2055
148,2074
148,2085
148,2108
148,2114
148,2126
148,2154
148,2174
148,2194
148,2214
148,2234
148,2254
148,2294
148,2325
148,2334
148,2374
148,2394
148,2434
148,2443
148,2451
148,2454
148,2474
148,2494
148,2514
148,2531
148,2534
148,2554
148,2574
148,2594
148,2614
148,2617
148,2634
148,2636
148,2637
148,2654
148,2682
148,2694
148,2714
148,2734
148,2737
148,2743
148,2754
148,2774
148,2793
148,2794
148,2814
148,2835
148,2874
148,2883
148,2894
148,2914
148,2934
148,2954
148,2967
148,2970
148,2991
148,2994
148,3000
148,3034
148,3094
148,3165
148,3174
148,3234
148,3251
148,3274
148,3313
148,3317
148,3326
148,3334
148,3352
148,3354
148,3374
148,3394
148,3414
148,3454
148,3458
148,3474
148,3494
148,3514
148,3547
148,3550
148,3554
148,3574
148,3594
148,3604
148,3614
148,3654
148,3655
148,3674
148,3714
148,3730
148,3734
148,3747
148,3754
148,3774
148,3794
148,3810
148,3814
148,3834
148,3854
148,3870
148,3874
148,3894
148,3914
148,3934
148,3954
148,3955
148,3956
148,3971
148,3974
149,7
149,27
149,28
149,47
149,67
149,69
149,72
149,87
149,105
149,110
149,127
149,147
149,157
149,167
149,187
149,193
149,207
149,216
149,227
149,247
149,254
149,267
149,287
149,307
149,327
149,347
149,367
149,407
149,427
149,447
149,467
149,487
149,496
149,502
149,507
149,527
149,547
149,567
149,587
149,591
149,607
149,627
149,631
149,635
149,647
149,667
149,687
149,707
149,747
149,767
149,787
149,788
149,807
149,827
149,847
149,867
149,883
149,887
149,896
149,907
149,927
149,947
149,957
149,967
149,988
149,1007
149,1017
149,1027
149,1067
149,1097
149,1107
149,1127
149,1151
149,1167
149,1187
149,1207
149,1226
149,1267
149,1287
149,1307
149,1327
149,1367
149,1387
149,1407
149,1467
149,1487
149,1503
149,1507
149,1511
149,1526
149,1527
149,1534
149,1542
149,1545
149,1561
149,1567
149,1587
149,1601
149,1627
149,1647
149,1667
149,1673
149,1687
149,1707
149,1717
149,1727
149,1747
149,1787
149,1807
149,1827
149,1846
149,1847
149,1867
149,1887
149,1905
149,1907
149,1927
149,1947
149,2007
149,2047
149,2053
149,2067
149,2087
149,2093
149,2113
149,2127
149,2147
149,2167
149,2181
149,2193
149,2207
149,2208
149,2227
149,2247
149,2271
149,2287
149,2307
149,2327
149,2333
149,2347
149,2367
149,2387
149,2407
149,2427
149,2447
149,2467
149,2497
149,2507
149,2527
149,2547
149,2567
149,2587
149,2607
149,2622
149,2624
149,2627
149,2647
149,2648
149,2667
149,2677
149,2687
149,2696
149,2707
149,2727
149,2767
149,2774
149,2804
149,2807
149,2825
149,2827
149,2847
149,2867
149,2893
149,2927
149,2947
149,2951
149,2987
149,3007
149,3047
149,3067
149,3074
149,3087
149,3107
149,3127
149,3259
149,3279
149,3287
149,3303
149,3327
149,3341
149,3347
149,3356
149,3367
149,3387
149,3427
149,3447
149,3467
149,3471
149,3481
149,3487
149,3492
149,3507
149,3527
149,3547
149,3567
149,3607
149,3647
149,3687
149,3699
149,3727
149,3747
149,3751
149,3781
149,3787
149,3807
149,3827
149,3847
149,3867
149,3887
149,3907
149,3927
149,3947
149,3959
149,3967
149,3987
150,23
150,32
150,42
150,43
150,57
150,63
150,92
150,103
150,123
150,143
150,163
150,195
150,222
150,223
150,263
150,303
150,323
150,343
150,362
150,363
150,367
150,383
150,402
150,403
150,423
150,437
150,443
150,448
150,478
150,483
150,523
150,543
150,550
150,563
150,574
150,583
150,603
150,623
150,643
150,663
150,679
150,714
150,743
150,783
150,803
150,843
150,863
150,883
150,903
150,923
150,943
150,963
150,973
150,980
150,1023
150,1043
150,1054
150,1063
150,1080
150,1103
150,1113
150,1123
150,1146
150,1163
150,1183
150,1215
150,1223
150,1243
150,1263
150,1323
150,1343
150,1363
150,1383
150,1403
150,1423
150,1442
150,1443
150,1446
150,1463
150,1483
150,1523
150,1526
150,1543
150,1549
150,1563
150,1569
150,1583
150,1623
150,1636
150,1640
150,1643
150,1663
150,1683
150,1703
150,1716
150,1723
150,1743
150,1761
150,1803
150,1823
150,1843
150,1863
150,1876
150,1883
150,1903
150,1905
150,1943
150,1963
150,1983
150,2005
150,2023
150,2054
150,2063
150,2083
150,2103
150,2123
150,2143
150,2163
150,2169
150,2183
150,2203
150,2223
150,2236
150,2243
150,2263
150,2283
150,2303
150,2322
150,2343
150,2363
150,2383
150,2392
150,2394
150,2403
150,2423
150,2483
150,2503
150,2527
150,2563
150,2583
150,2603
150,2610
150,2623
150,2643
150,2662
150,2663
150,2683
150,2703
150,2704
150,2723
150,2743
150,2783
150,2823
150,2843
150,2863
150,2872
150,2879
150,2883
150,2903
150,2907
150,2923
150,2943
150,2963
150,2969
150,2983
150,3003
150,3023
150,3043
150,3054
150,3063
150,3083
150,3092
150,3103
150,3105
150,3151
150,3163
150,3164
150,3183
150,3203
150,3219
150,3221
150,3223
150,3263
150,3283
150,3304
150,3323
150,3341
150,3372
150,3383
150,3395
150,3403
150,3423
150,3443
150,3453
150,3463
150,3467
150,3483
150,3502
150,3503
150,3523
150,3543
150,3563
150,3564
150,3603
150,3623
150,3643
150,3649
150,3663
150,3675
150,3683
150,3703
150,3722
150,3723
150,3731
150,3743
150,3759
150,3783
150,3794
150,3842
150,3843
150,3863
150,3883
150,3922
150,3943
150,3963
150,3976
150,3983
151,3
151,15
151,23
151,43
151,57
151,63
151,83
151,103
151,123
151,183
151,203
151,206
151,221
151,223
151,243
151,263
151,264
151,283
151,289
151,303
151,323
151,328
151,336
151,343
151,363
151,370
151,403
151,423
151,443
151,475
151,502
151,503
151,511
151,514
151,523
151,543
151,571
151,583
151,599
151,623
151,643
151,655
151,662
151,663
151,683
151,703
151,743
151,763
151,767
151,776
151,783
151,803
151,823
151,843
151,859
151,863
151,883
151,887
151,903
151,913
151,923
151,943
151,963
151,983
151,1003
151,1010
151,1021
151,1023
151,1063
151,1096
151,1103
151,1123
151,1203
151,1275
151,1281
151,1283
151,1288
151,1303
151,1315
151,1321
151,1323
151,1343
151,1349
151,1373
151,1383
151,1403
151,1423
151,1483
151,1503
151,1539
151,1563
151,1583
151,1603
151,1623
151,1635
151,1663
151,1683
151,1703
151,1723
151,1783
151,1803
151,1823
151,1843
151,1863
151,1876
151,1879
151,1883
151,1923
151,1957
151,1960
151,1963
151,1983
151,2003
151,2023
151,2052
151,2078
151,2083
151,2120
151,2123
151,2143
151,2163
151,2183
151,2194
151,2203
151,2243
151,2263
151,2283
151,2297
151,2303
151,2323
151,2363
151,2403
151,2404
151,2409
151,2421
151,2423
151,2434
151,2443
151,2446
151,2463
151,2467
151,2468
151,2483
151,2518
151,2523
151,2539
151,2543
151,2583
151,2587
151,2589
151,2623
151,2643
151,2683
151,2703
151,2723
151,2736
151,2743
151,2748
151,2755
151,2763
151,2783
151,2797
151,2803
151,2843
151,2852
151,2863
151,2892
151,2903
151,2943
151,2963
151,2977
151,2983
151,3003
151,3036
151,3063
151,3072
151,3077
151,3083
151,3103
151,3123
151,3143
151,3163
151,3177
151,3193
151,3223
151,3243
151,3249
151,3263
151,3294
151,3303
151,3323
151,3343
151,3363
151,3371
151,3383
151,3403
151,3423
151,3442
151,3443
151,3445
151,3463
151,3483
151,3523
151,3543
151,3563
151,3574
151,3583
151,3623
151,3643
151,3645
151,3668
151,3683
151,3703
151,3723
151,3738
151,3743
151,3745
151,3783
151,3803
151,3823
151,3841
151,3843
151,3863
151,3883
151,3908
151,3923
151,3943
151,3963
152,0
152,15
152,20
152,40
152,50
152,60
152,70
152,80
152,100
152,120
152,136
152,156
152,160
152,180
152,183
152,200
152,240
152,260
152,280
152,307
152,320
152,324
152,327
152,340
152,360
152,365
152,380
152,400
152,420
152,440
152,461
152,480
152,500
152,520
152,535
152,540
152,580
152,600
152,620
152,640
152,660
152,720
152,740
152,780
152,800
152,820
152,840
152,885
152,886
152,911
152,912
152,920
152,924
152,960
152,980
152,985
152,986
152,1000
152,1005
152,1020
152,1040
152,1060
152,1080
152,1100
152,1120
152,1140
152,1145
152,1158
152,1160
152,1180
152,1200
152,1220
152,1280
152,1300
152,1320
152,1340
152,1360
152,1397
152,1402
152,1408
152,1420
152,1440
152,1446
152,1453
152,1460
152,1500
152,1520
152,1540
152,1541
152,1560
152,1600
152,1648
152,1660
152,1663
152,1685
152,1700
152,1720
152,1732
152,1740
152,1760
152,1796
152,1800
152,1814
152,1815
152,1820
152,1840
152,1860
152,1880
152,1900
152,1918
152,1920
152,1921
152,1940
152,1952
152,1980
152,1994
152,2000
152,2009
152,2010
152,2020
152,2024
152,2037
152,2048
152,2060
152,2077
152,2100
152,2110
152,2120
152,2140
152,2155
152,2160
152,2180
152,2200
152,2216
152,2220
152,2232
152,2240
152,2260
152,2340
152,2351
152,2368
152,2380
152,2389
152,2400
152,2406
152,2420
152,2440
152,2460
152,2480
152,2500
152,2520
152,2530
152,2560
152,2573
152,2600
152,2620
152,2640
152,2645
152,2646
152,2660
152,2692
152,2700
152,2720
152,2780
152,2800
152,2820
152,2840
152,2860
152,2878
152,2900
152,2920
152,2932
152,2940
152,3019
152,3020
152,3052
152,3080
152,3120
152,3139
152,3140
152,3170
152,3196
152,3200
152,3242
152,3247
152,3255
152,3280
152,3300
152,3320
152,3340
152,3360
152,3380
152,3420
152,3425
152,3440
152,3460
152,3479
152,3480
152,3484
152,3500
152,3504
152,3525
152,3540
152,3585
152,3600
152,3631
152,3639
152,3640
152,3660
152,3683
152,3700
152,3706
152,3720
152,3740
152,3760
152,3780
152,3798
152,3820
152,3856
152,3859
152,3876
152,3880
152,3881
152,3912
152,3920
152,3940
152,3943
152,3952
152,3960
152,3980
153,3
153,23
153,37
153,40
153,43
153,83
153,103
153,105
153,123
153,143
153,150
153,163
153,183
153,203
153,223
153,243
153,247
153,263
153,275
153,283
153,293
153,301
153,303
153,323
153,343
153,363
153,364
153,383
153,403
153,404
153,443
153,483
153,503
153,523
153,541
153,543
153,563
153,566
153,583
153,598
153,603
153,612
153,618
153,623
153,643
153,674
153,703
153,720
153,723
153,737
153,743
153,777
153,783
153,803
153,806
153,808
153,823
153,835
153,843
153,876
153,903
153,923
153,978
153,983
153,1003
153,1019
153,1023
153,1043
153,1063
153,1081
153,1083
153,1143
153,1163
153,1176
153,1183
153,1201
153,1203
153,1243
153,1251
153,1257
153,1263
153,1279
153,1283
153,1303
153,1323
153,1363
153,1383
153,1403
153,1443
153,1463
153,1503
153,1508
153,1523
153,1543
153,1563
153,1603
153,1620
153,1623
153,1634
153,1643
153,1663
153,1667
153,1676
153,1728
153,1733
153,1743
153,1762
153,1763
153,1783
153,1788
153,1803
153,1810
153,1823
153,1843
153,1863
153,1923
153,1943
153,1963
153,1978
153,2003
153,2023
153,2079
153,2083
153,2103
153,2123
153,2143
153,2167
153,2183
153,2241
153,2243
153,2259
153,2303
153,2323
153,2343
153,2351
153,2383
153,2403
153,2422
153,2423
153,2443
153,2467
153,2483
153,2501
153,2503
153,2523
153,2543
153,2544
153,2563
153,2583
153,2603
153,2623
153,2643
153,2649
153,2663
153,2664
153,2680
153,2696
153,2703
153,2723
153,2743
153,2763
153,2782
153,2783
153,2809
153,2827
153,2843
153,2863
153,2883
153,2903
153,2923
153,2943
153,2961
153,2983
153,3018
153,3023
153,3043
153,3083
153,3103
153,3116
153,3123
153,3131
153,3143
153,3145
153,3163
153,3203
153,3223
153,3243
153,3259
153,3283
153,3303
153,3343
153,3353
153,3363
153,3394
153,3412
153,3443
153,3458
153,3463
153,3483
153,3495
153,3503
153,3523
153,3541
153,3543
153,3563
153,3571
153,3579
153,3583
153,3603
153,3623
153,3643
153,3646
153,3680
153,3683
153,3685
153,3690
153,3703
153,3723
153,3743
153,3761
153,3763
153,3783
153,3788
153,3803
153,3823
153,3863
153,3903
153,3943
153,3956
153,3963
153,3983
154,14
154,16
154,36
154,38
154,56
154,64
154,76
154,96
154,98
154,136
154,156
154,167
154,176
154,195
154,196
154,216
154,236
154,256
154,276
154,296
154,316
154,321
154,332
154,336
154,356
154,358
154,366
154,376
154,395
154,396
154,401
154,416
154,420
154,456
154,465
154,495
154,496
154,516
154,536
154,539
154,576
154,621
154,636
154,645
154,676
154,688
154,696
154,716
154,718
154,736
154,756
154,768
154,776
154,796
154,816
154,836
154,856
154,859
154,895
154,896
154,908
154,910
154,936
154,939
154,956
154,976
154,996
154,1002
154,1016
154,1036
154,1053
154,1068
154,1076
154,1080
154,1096
154,1116
154,1136
154,1156
154,1176
154,1216
154,1236
154,1248
154,1256
154,1276
154,1296
154,1310
154,1316
154,1336
154,1344
154,1356
154,1372
154,1376
154,1416
154,1436
154,1456
154,1516
154,1536
154,1556
154,1568
154,1576
154,1579
154,1596
154,1616
154,1630
154,1656
154,1677
154,1696
154,1708
154,1736
154,1756
154,1776
154,1796
154,1816
154,1836
154,1856
154,1876
154,1914
154,1916
154,1936
154,1956
154,1976
154,2036
154,2056
154,2076
154,2096
154,2116
154,2136
154,2156
154,2196
154,2202
154,2206
154,2216
154,2236
154,2256
154,2264
154,2276
154,2296
154,2316
154,2336
154,2352
154,2416
154,2436
154,2456
154,2458
154,2476
154,2496
154,2513
154,2556
154,2576
154,2596
154,2616
154,2656
154,2676
154,2696
154,2716
154,2736
154,2742
154,2756
154,2776
154,2792
154,2796
154,2815
154,2836
154,2865
154,2876
154,2895
154,2906
154,2908
154,2916
154,2936
154,2976
154,2996
154,3001
154,3011
154,3016
154,3020
154,3056
154,3076
154,3096
154,3120
154,3136
154,3156
154,3176
154,3216
154,3236
154,3239
154,3256
154,3276
154,3316
154,3330
154,3336
154,3356
154,3376
154,3377
154,3396
154,3407
154,3416
154,3436
154,3462
154,3480
154,3496
154,3516
154,3519
154,3532
154,3536
154,3556
154,3576
154,3592
154,3594
154,3596
154,3616
154,3636
154,3644
154,3656
154,3676
154,3696
154,3716
154,3736
154,3756
154,3769
154,3776
154,3796
154,3816
154,3836
154,3856
154,3876
154,3878
154,3896
154,3904
154,3936
154,3956
154,3990
154,3996
155,11
155,31
155,71
155,73
155,81
155,91
155,111
155,131
155,171
155,211
155,231
155,242
155,251
155,268
155,271
155,276
155,286
155,287
155,291
155,331
155,351
155,371
155,391
155,402
155,411
155,431
155,471
155,491
155,511
155,524
155,531
155,534
155,549
155,551
155,558
155,561
155,571
155,600
155,611
155,631
155,632
155,651
155,657
155,668
155,669
155,671
155,691
155,711
155,731
155,745
155,758
155,771
155,783
155,791
155,851
155,871
155,891
155,911
155,931
155,951
155,971
155,1011
155,1031
155,1051
155,1091
155,1108
155,1111
155,1113
155,1131
155,1151
155,1191
155,1194
155,1211
155,1291
155,1311
155,1323
155,1331
155,1351
155,1353
155,1363
155,1371
155,1373
155,1377
155,1391
155,1411
155,1431
155,1438
155,1451
155,1471
155,1480
155,1491
155,1511
155,1531
155,1551
155,1571
155,1611
155,1639
155,1651
155,1671
155,1691
155,1697
155,1706
155,1711
155,1713
155,1739
155,1751
155,1771
155,1791
155,1811
155,1824
155,1831
155,1850
155,1871
155,1891
155,1911
155,1931
155,1951
155,1961
155,1971
155,1985
155,1991
155,2011
155,2031
155,2040
155,2051
155,2071
155,2091
155,2107
155,2111
155,2112
155,2146
155,2191
155,2231
155,2236
155,2241
155,2242
155,2251
155,2260
155,2271
155,2296
155,2302
155,2311
155,2341
155,2351
155,2371
155,2387
155,2391
155,2411
155,2431
155,2451
155,2471
155,2477
155,2481
155,2500
155,2511
155,2531
155,2551
155,2571
155,2591
155,2611
155,2637
155,2651
155,2671
155,2683
155,2731
155,2751
155,2771
155,2791
155,2804
155,2821
155,2831
155,2843
155,2851
155,2871
155,2888
155,2891
155,2951
155,2991
155,2993
155,3011
155,3031
155,3051
155,3071
155,3091
155,3111
155,3131
155,3151
155,3158
155,3171
155,3179
155,3191
155,3211
155,3231
155,3235
155,3264
155,3271
155,3300
155,3311
155,3336
155,3351
155,3371
155,3391
155,3403
155,3411
155,3431
155,3451
155,3491
155,3511
155,3531
155,3557
155,3608
155,3619
155,3629
155,3631
155,3651
155,3662
155,3666
155,3671
155,3711
155,3731
155,3751
155,3752
155,3771
155,3791
155,3797
155,3811
155,3817
155,3831
155,3848
155,3871
155,3931
155,3949
155,3951
155,3991
156,13
156,22
156,29
156,33
156,53
156,93
156,113
156,133
156,148
156,153
156,187
156,213
156,219
156,253
156,273
156,293
156,313
156,333
156,353
156,361
156,363
156,366
156,373
156,393
156,431
156,433
156,440
156,445
156,473
156,480
156,497
156,533
156,553
156,573
156,574
156,576
156,593
156,613
156,633
156,642
156,653
156,673
156,693
156,713
156,733
156,752
156,753
156,773
156,793
156,804
156,813
156,818
156,842
156,845
156,853
156,873
156,893
156,913
156,916
156,920
156,933
156,953
156,973
156,993
156,1013
156,1053
156,1073
156,1093
156,1097
156,1113
156,1133
156,1142
156,1144
156,1153
156,1173
156,1183
156,1193
156,1213
156,1218
156,1233
156,1241
156,1273
156,1293
156,1313
156,1333
156,1338
156,1353
156,1373
156,1377
156,1393
156,1413
156,1433
156,1444
156,1453
156,1461
156,1473
156,1491
156,1493
156,1508
156,1513
156,1543
156,1559
156,1566
156,1575
156,1593
156,1613
156,1633
156,1653
156,1673
156,1693
156,1713
156,1733
156,1734
156,1753
156,1773
156,1793
156,1813
156,1817
156,1833
156,1837
156,1853
156,1873
156,1893
156,1913
156,1929
156,1933
156,1939
156,1953
156,1973
156,2013
156,2026
156,2033
156,2053
156,2064
156,2073
156,2093
156,2113
156,2153
156,2164
156,2165
156,2173
156,2185
156,2193
156,2213
156,2233
156,2234
156,2313
156,2353
156,2373
156,2413
156,2433
156,2473
156,2493
156,2510
156,2533
156,2561
156,2563
156,2573
156,2593
156,2633
156,2635
156,2653
156,2673
156,2685
156,2693
156,2699
156,2713
156,2721
156,2733
156,2773
156,2813
156,2868
156,2873
156,2913
156,2933
156,2953
156,2965
156,2973
156,2993
156,3013
156,3018
156,3033
156,3053
156,3070
156,3073
156,3078
156,3093
156,3133
156,3173
156,3186
156,3193
156,3202
156,3204
156,3213
156,3253
156,3273
156,3285
156,3313
156,3353
156,3373
156,3393
156,3433
156,3453
156,3493
156,3499
156,3513
156,3533
156,3534
156,3553
156,3573
156,3593
156,3601
156,3613
156,3626
156,3633
156,3653
156,3673
156,3688
156,3693
156,3697
156,3713
156,3733
156,3753
156,3773
156,3793
156,3813
156,3827
156,3833
156,3853
156,3873
156,3913
156,3933
156,3938
156,3943
156,3953
156,3993
157,15
157,35
157,55
157,68
157,75
157,92
157,95
157,115
157,135
157,155
157,175
157,215
157,255
157,275
157,284
157,287
157,295
157,309
157,335
157,342
157,395
157,396
157,400
157,415
157,435
157,455
157,475
157,492
157,495
157,498
157,515
157,555
157,575
157,589
157,615
157,655
157,675
157,695
157,705
157,715
157,725
157,732
157,755
157,775
157,795
157,796
157,815
157,823
157,835
157,842
157,855
157,875
157,895
157,915
157,935
157,955
157,975
157,995
157,1015
157,1024
157,1027
157,1035
157,1047
157,1055
157,1065
157,1075
157,1095
157,1106
157,1115
157,1175
157,1188
157,1195
157,1215
157,1235
157,1255
157,1272
157,1275
157,1295
157,1315
157,1335
157,1351
157,1355
157,1375
157,1395
157,1411
157,1415
157,1435
157,1454
157,1455
157,1475
157,1484
157,1495
157,1515
157,1535
157,1555
157,1575
157,1595
157,1598
157,1603
157,1615
157,1635
157,1655
157,1657
157,1674
157,1675
157,1695
157,1696
157,1714
157,1715
157,1735
157,1755
157,1791
157,1795
157,1815
157,1835
157,1875
157,1895
157,1915
157,1935
157,1955
157,1970
157,1975
157,1980
157,2004
157,2015
157,2035
157,2055
157,2075
157,2115
157,2123
157,2147
157,2148
157,2155
157,2165
157,2175
157,2195
157,2235
157,2237
157,2252
157,2255
157,2274
157,2275
157,2335
157,2355
157,2377
157,2395
157,2401
157,2455
157,2461
157,2475
157,2508
157,2515
157,2535
157,2555
157,2575
157,2595
157,2615
157,2635
157,2655
157,2675
157,2695
157,2705
157,2715
157,2735
157,2759
157,2775
157,2801
157,2811
157,2838
157,2849
157,2875
157,2895
157,2915
157,2921
157,2935
157,2955
157,2970
157,2974
157,2975
157,2995
157,3015
157,3027
157,3031
157,3035
157,3055
157,3063
157,3095
157,3115
157,3135
157,3145
157,3146
157,3155
157,3194
157,3195
157,3215
157,3235
157,3245
157,3275
157,3295
157,3308
157,3335
157,3355
157,3375
157,3395
157,3399
157,3415
157,3435
157,3455
157,3475
157,3495
157,3515
157,3555
157,3595
157,3615
157,3635
157,3675
157,3681
157,3695
157,3715
157,3735
157,3755
157,3759
157,3775
157,3780
157,3795
157,3800
157,3825
157,3835
157,3855
157,3875
157,3895
157,3915
157,3935
157,3953
157,3955
157,3975
157,3995
158,10
158,30
158,50
158,70
158,95
158,110
158,130
158,150
158,190
158,205
158,210
158,230
158,270
158,273
158,290
158,293
158,310
158,330
158,350
158,370
158,382
158,390
158,410
158,415
158,425
158,430
158,470
158,490
158,549
158,550
158,583
158,690
158,719
158,730
158,750
158,768
158,770
158,790
158,810
158,830
158,850
158,861
158,870
158,890
158,903
158,905
158,930
158,945
158,950
158,970
158,990
158,996
158,1030
158,1050
158,1070
158,1090
158,1094
158,1110
158,1122
158,1150
158,1156
158,1170
158,1187
158,1210
158,1230
158,1250
158,1270
158,1310
158,1311
158,1330
158,1370
158,1390
158,1404
158,1410
158,1430
158,1440
158,1450
158,1455
158,1470
158,1472
158,1490
158,1491
158,1510
158,1530
158,1536
158,1537
158,1544
158,1550
158,1570
158,1590
158,1597
158,1610
158,1630
158,1632
158,1656
158,1670
158,1682
158,1689
158,1690
158,1694
158,1710
158,1716
158,1742
158,1770
158,1777
158,1790
158,1811
158,1829
158,1830
158,1850
158,1870
158,1890
158,1908
158,1910
158,1923
158,1935
158,1950
158,1952
158,1956
158,1959
158,1965
158,1970
158,1984
158,1990
158,2010
158,2050
158,2070
158,2078
158,2090
158,2110
158,2130
158,2144
158,2170
158,2189
158,2190
158,2206
158,2210
158,2230
158,2330
158,2337
158,2340
158,2345
158,2366
158,2370
158,2410
158,2470
158,2482
158,2521
158,2530
158,2550
158,2570
158,2590
158,2591
158,2610
158,2617
158,2669
158,2698
158,2709
158,2710
158,2730
158,2741
158,2750
158,2757
158,2770
158,2790
158,2810
158,2830
158,2850
158,2870
158,2890
158,2910
158,2970
158,2990
158,3010
158,3045
158,3046
158,3050
158,3090
158,3110
158,3129
158,3130
158,3150
158,3164
158,3172
158,3190
158,3199
158,3206
158,3210
158,3230
158,3250
158,3252
158,3254
158,3270
158,3276
158,3290
158,3306
158,3310
158,3315
158,3330
158,3342
158,3350
158,3371
158,3390
158,3393
158,3430
158,3470
158,3478
158,3488
158,3490
158,3510
158,3530
158,3550
158,3567
158,3569
158,3570
158,3589
158,3590
158,3600
158,3610
158,3630
158,3670
158,3690
158,3710
158,3730
158,3732
158,3750
158,3770
158,3790
158,3810
158,3830
158,3833
158,3850
158,3855
158,3866
158,3870
158,3890
158,3910
158,3950
158,3970
159,18
159,27
159,30
159,38
159,58
159,78
159,81
159,98
159,118
159,120
159,132
159,138
159,158
159,174
159,198
159,207
159,238
159,258
159,264
159,278
159,298
159,302
159,307
159,318
159,338
159,378
159,381
159,389
159,398
159,415
159,418
159,422
159,451
159,458
159,478
159,518
159,538
159,558
159,578
159,585
159,598
159,618
159,638
159,644
159,650
159,654
159,658
159,678
159,686
159,695
159,698
159,707
159,733
159,738
159,758
159,765
159,778
159,782
159,798
159,818
159,838
159,858
159,878
159,898
159,918
159,938
159,952
159,958
159,978
159,998
159,1018
159,1026
159,1038
159,1078
159,1080
159,1098
159,1118
159,1120
159,1125
159,1138
159,1158
159,1175
159,1198
159,1207
159,1238
159,1278
159,1298
159,1368
159,1371
159,1377
159,1378
159,1398
159,1418
159,1436
159,1438
159,1458
159,1518
159,1526
159,1538
159,1551
159,1558
159,1578
159,1598
159,1618
159,1638
159,1658
159,1662
159,1672
159,1678
159,1698
159,1718
159,1738
159,1798
159,1818
159,1852
159,1854
159,1858
159,1878
159,1898
159,1918
159,1938
159,1998
159,2003
159,2038
159,2043
159,2058
159,2078
159,2098
159,2130
159,2138
159,2178
159,2185
159,2192
159,2198
159,2208
159,2218
159,2220
159,2238
159,2241
159,2258
159,2278
159,2280
159,2298
159,2318
159,2336
159,2338
159,2358
159,2412
159,2418
159,2438
159,2458
159,2498
159,2518
159,2538
159,2539
159,2542
159,2558
159,2571
159,2578
159,2598
159,2609
159,2611
159,2614
159,2618
159,2638
159,2698
159,2718
159,2758
159,2778
159,2784
159,2797
159,2798
159,2818
159,2838
159,2878
159,2895
159,2898
159,2938
159,2958
159,2978
159,2998
159,3000
159,3017
159,3018
159,3038
159,3058
159,3078
159,3091
159,3098
159,3118
159,3138
159,3149
159,3158
159,3178
159,3218
159,3238
159,3258
159,3274
159,3278
159,3318
159,3338
159,3358
159,3378
159,3418
159,3424
159,3438
159,3478
159,3498
159,3502
159,3518
159,3558
159,3578
159,3598
159,3618
159,3621
159,3638
159,3639
159,3658
159,3659
159,3678
159,3698
159,3738
159,3748
159,3774
159,3776
159,3778
159,3798
159,3818
159,3838
159,3848
159,3850
159,3858
159,3878
159,3898
159,3918
159,3919
159,3931
159,3958
159,3978
159,3998
160,0
160,57
160,78
160,82
160,98
160,106
160,118
160,138
160,158
160,178
160,198
160,218
160,230
160,238
160,252
160,258
160,278
160,298
160,310
160,317
160,328
160,338
160,358
160,378
160,398
160,415
160,418
160,438
160,458
160,478
160,489
160,498
160,540
160,558
160,566
160,578
160,592
160,598
160,607
160,618
160,638
160,653
160,658
160,665
160,678
160,698
160,718
160,738
160,739
160,758
160,778
160,796
160,798
160,818
160,838
160,851
160,858
160,863
160,875
160,878
160,898
160,918
160,938
160,958
160,978
160,998
160,1018
160,1038
160,1047
160,1052
160,1058
160,1078
160,1098
160,1118
160,1138
160,1158
160,1178
160,1198
160,1218
160,1255
160,1258
160,1277
160,1278
160,1288
160,1291
160,1298
160,1318
160,1338
160,1356
160,1358
160,1361
160,1377
160,1378
160,1438
160,1447
160,1458
160,1475
160,1478
160,1498
160,1518
160,1538
160,1550
160,1598
160,1615
160,1637
160,1638
160,1639
160,1658
160,1664
160,1678
160,1698
160,1727
160,1758
160,1773
160,1778
160,1780
160,1798
160,1814
160,1847
160,1878
160,1884
160,1894
160,1896
160,1898
160,1911
160,1918
160,1938
160,1978
160,1998
160,2038
160,2041
160,2047
160,2058
160,2078
160,2118
160,2138
160,2156
160,2158
160,2178
160,2198
160,2218
160,2238
160,2258
160,2259
160,2278
160,2298
160,2338
160,2358
160,2378
160,2398
160,2418
160,2438
160,2458
160,2478
160,2498
160,2538
160,2558
160,2578
160,2595
160,2598
160,2618
160,2655
160,2658
160,2671
160,2688
160,2689
160,2698
160,2706
160,2717
160,2718
160,2738
160,2778
160,2798
160,2818
160,2838
160,2858
160,2878
160,2898
160,2918
160,2938
160,2978
160,2989
160,2991
160,2998
160,3008
160,3012
160,3078
160,3118
160,3137
160,3158
160,3160
160,3170
160,3178
160,3183
160,3188
160,3198
160,3218
160,3238
160,3258
160,3278
160,3298
160,3318
160,3332
160,3364
160,3378
160,3389
160,3418
160,3434
160,3437
160,3438
160,3444
160,3458
160,3461
160,3488
160,3493
160,3498
160,3518
160,3538
160,3558
160,3573
160,3595
160,3598
160,3618
160,3638
160,3658
160,3661
160,3678
160,3698
160,3718
160,3758
160,3778
160,3818
160,3855
160,3858
160,3878
160,3893
160,3897
160,3918
160,3954
160,3958
160,3978
160,3998
161,6
161,16
161,24
161,26
161,46
161,86
161,91
161,106
161,110
161,126
161,146
161,166
161,186
161,206
161,232
161,250
161,266
161,286
161,293
161,306
161,326
161,346
161,366
161,386
161,403
161,406
161,426
161,446
161,466
161,486
161,493
161,506
161,526
161,546
161,566
161,604
161,646
161,666
161,672
161,686
161,706
161,713
161,726
161,743
161,746
161,752
161,762
161,766
161,774
161,786
161,806
161,826
161,866
161,881
161,886
161,899
161,906
161,946
161,966
161,968
161,975
161,986
161,1006
161,1026
161,1046
161,1063
161,1066
161,1106
161,1118
161,1126
161,1127
161,1146
161,1152
161,1166
161,1183
161,1201
161,1206
161,1226
161,1246
161,1266
161,1286
161,1306
161,1326
161,1340
161,1346
161,1360
161,1366
161,1378
161,1380
161,1386
161,1406
161,1446
161,1473
161,1491
161,1544
161,1546
161,1561
161,1566
161,1586
161,1606
161,1621
161,1626
161,1666
161,1686
161,1706
161,1713
161,1726
161,1737
161,1766
161,1780
161,1786
161,1806
161,1812
161,1826
161,1846
161,1866
161,1886
161,1906
161,1917
161,1919
161,1946
161,1966
161,1986
161,2003
161,2026
161,2032
161,2046
161,2054
161,2086
161,2106
161,2126
161,2146
161,2161
161,2206
161,2226
161,2240
161,2257
161,2259
161,2266
161,2271
161,2277
161,2286
161,2306
161,2326
161,2346
161,2366
161,2376
161,2386
161,2426
161,2446
161,2466
161,2470
161,2486
161,2488
161,2506
161,2526
161,2542
161,2545
161,2586
161,2682
161,2686
161,2726
161,2736
161,2766
161,2786
161,2806
161,2826
161,2852
161,2891
161,2901
161,2906
161,2939
161,2946
161,2948
161,2966
161,2986
161,3006
161,3010
161,3018
161,3026
161,3031
161,3033
161,3046
161,3051
161,3066
161,3086
161,3106
161,3126
161,3146
161,3166
161,3206
161,3224
161,3226
161,3246
161,3248
161,3249
161,3266
161,3286
161,3299
161,3323
161,3326
161,3345
161,3366
161,3382
161,3386
161,3400
161,3406
161,3446
161,3463
161,3466
161,3495
161,3506
161,3526
161,3545
161,3546
161,3566
161,3586
161,3594
161,3598
161,3606
161,3626
161,3646
161,3666
161,3686
161,3706
161,3726
161,3754
161,3766
161,3786
161,3794
161,3806
161,3809
161,3826
161,3846
161,3866
161,3882
161,3886
161,3906
161,3926
161,3934
161,3946
161,3962
161,3966
162,18
162,28
162,38
162,55
162,78
162,89
162,98
162,101
162,118
162,158
162,178
162,198
162,258
162,278
162,286
162,298
162,299
162,300
162,337
162,338
162,358
162,378
162,398
162,418
162,438
162,458
162,478
162,488
162,491
162,497
162,498
162,518
162,538
162,554
162,558
162,568
162,578
162,618
162,678
162,698
162,718
162,738
162,755
162,758
162,759
162,778
162,798
162,818
162,837
162,855
162,858
162,938
162,958
162,998
162,1016
162,1018
162,1038
162,1058
162,1065
162,1087
162,1095
162,1098
162,1121
162,1138
162,1158
162,1178
162,1198
162,1258
162,1278
162,1298
162,1318
162,1324
162,1338
162,1355
162,1358
162,1378
162,1398
162,1418
162,1438
162,1451
162,1478
162,1500
162,1514
162,1518
162,1523
162,1558
162,1578
162,1584
162,1586
162,1595
162,1598
162,1600
162,1618
162,1655
162,1658
162,1678
162,1694
162,1707
162,1718
162,1724
162,1738
162,1758
162,1778
162,1798
162,1812
162,1818
162,1823
162,1845
162,1878
162,1918
162,1938
162,1958
162,1968
162,1975
162,2015
162,2018
162,2046
162,2058
162,2078
162,2090
162,2098
162,2118
162,2138
162,2158
162,2165
162,2175
162,2178
162,2198
162,2202
162,2218
162,2229
162,2238
162,2257
162,2258
162,2278
162,2298
162,2318
162,2358
162,2360
162,2378
162,2418
162,2438
162,2478
162,2498
162,2502
162,2518
162,2538
162,2558
162,2578
162,2587
162,2598
162,2603
162,2638
162,2646
162,2658
162,2665
162,2687
162,2698
162,2718
162,2722
162,2738
162,2751
162,2758
162,2760
162,2778
162,2798
162,2818
162,2850
162,2858
162,2898
162,2918
162,2938
162,2958
162,2978
162,2992
162,2998
162,3018
162,3021
162,3038
162,3058
162,3078
162,3098
162,3099
162,3118
162,3178
162,3187
162,3198
162,3201
162,3218
162,3238
162,3241
162,3244
162,3257
162,3258
162,3278
162,3298
162,3319
162,3338
162,3358
162,3378
162,3398
162,3416
162,3418
162,3420
162,3438
162,3449
162,3458
162,3473
162,3478
162,3498
162,3518
162,3530
162,3538
162,3543
162,3558
162,3567
162,3578
162,3598
162,3618
162,3620
162,3628
162,3638
162,3658
162,3698
162,3718
162,3727
162,3738
162,3758
162,3768
162,3778
162,3798
162,3807
162,3820
162,3858
162,3876
162,3878
162,3882
162,3898
162,3917
162,3918
162,3938
162,3942
162,3944
162,3958
162,3998
163,10
163,25
163,30
163,50
163,90
163,130
163,150
163,170
163,190
163,210
163,230
163,250
163,270
163,272
163,290
163,301
163,310
163,314
163,350
163,353
163,370
163,410
163,415
163,430
163,450
163,510
163,519
163,530
163,550
163,570
163,590
163,610
163,630
163,646
163,650
163,670
163,710
163,713
163,747
163,750
163,770
163,790
163,805
163,830
163,838
163,859
163,870
163,890
163,898
163,930
163,950
163,970
163,990
163,1010
163,1030
163,1050
163,1055
163,1070
163,1090
163,1097
163,1124
163,1150
163,1170
163,1178
163,1190
163,1230
163,1270
163,1271
163,1289
163,1290
163,1330
163,1350
163,1367
163,1390
163,1410
163,1430
163,1450
163,1470
163,1490
163,1499
163,1530
163,1556
163,1570
163,1582
163,1590
163,1601
163,1610
163,1628
163,1630
163,1640
163,1650
163,1666
163,1670
163,1690
163,1710
163,1725
163,1750
163,1770
163,1790
163,1810
163,1850
163,1870
163,1890
163,1910
163,1924
163,1950
163,1970
163,1990
163,2005
163,2010
163,2030
163,2040
163,2090
163,2110
163,2130
163,2149
163,2170
163,2190
163,2199
163,2205
163,2210
163,2230
163,2249
163,2250
163,2290
163,2310
163,2320
163,2329
163,2330
163,2347
163,2370
163,2390
163,2397
163,2399
163,2410
163,2412
163,2430
163,2452
163,2468
163,2470
163,2490
163,2510
163,2530
163,2570
163,2583
163,2590
163,2624
163,2630
163,2638
163,2650
163,2670
163,2690
163,2715
163,2730
163,2732
163,2738
163,2739
163,2743
163,2757
163,2770
163,2790
163,2810
163,2830
163,2850
163,2870
163,2878
163,2890
163,2910
163,2930
163,2944
163,2950
163,2990
163,3010
163,3022
163,3030
163,3050
163,3060
163,3070
163,3077
163,3090
163,3101
163,3110
163,3126
163,3150
163,3165
163,3170
163,3179
163,3180
163,3190
163,3209
163,3210
163,3230
163,3250
163,3270
163,3290
163,3299
163,3301
163,3310
163,3330
163,3338
163,3350
163,3370
163,3372
163,3390
163,3410
163,3450
163,3459
163,3470
163,3474
163,3486
163,3490
163,3492
163,3493
163,3530
163,3539
163,3560
163,3588
163,3590
163,3601
163,3610
163,3624
163,3630
163,3650
163,3667
163,3668
163,3670
163,3690
163,3707
163,3717
163,3734
163,3750
163,3770
163,3786
163,3787
163,3790
163,3810
163,3812
163,3830
163,3850
163,3854
163,3890
163,3910
163,3930
163,3950
163,3970
163,3990
164,26
164,42
164,43
164,46
164,66
164,106
164,113
164,126
164,146
164,158
164,166
164,182
164,203
164,205
164,226
164,234
164,244
164,285
164,289
164,306
164,326
164,346
164,366
164,386
164,406
164,412
164,426
164,446
164,466
164,474
164,486
164,506
164,521
164,526
164,546
164,566
164,586
164,606
164,626
164,646
164,666
164,669
164,686
164,693
164,706
164,726
164,746
164,783
164,806
164,825
164,826
164,846
164,853
164,866
164,886
164,906
164,926
164,946
164,952
164,966
164,986
164,1006
164,1046
164,1066
164,1109
164,1110
164,1122
164,1126
164,1146
164,1159
164,1166
164,1195
164,1201
164,1206
164,1226
164,1246
164,1282
164,1286
164,1304
164,1305
164,1306
164,1308
164,1318
164,1326
164,1346
164,1406
164,1443
164,1446
164,1466
164,1478
164,1486
164,1506
164,1546
164,1566
164,1586
164,1606
164,1626
164,1646
164,1665
164,1686
164,1694
164,1708
164,1723
164,1746
164,1766
164,1804
164,1806
164,1826
164,1866
164,1874
164,1886
164,1907
164,1918
164,1926
164,1946
164,1965
164,1966
164,1986
164,2006
164,2018
164,2026
164,2046
164,2066
164,2075
164,2126
164,2166
164,2206
164,2208
164,2226
164,2246
164,2266
164,2271
164,2286
164,2304
164,2306
164,2333
164,2346
164,2366
164,2386
164,2396
164,2432
164,2440
164,2453
164,2466
164,2482
164,2486
164,2493
164,2506
164,2526
164,2546
164,2548
164,2551
164,2566
164,2605
164,2606
164,2626
164,2666
164,2686
164,2706
164,2766
164,2786
164,2800
164,2806
164,2807
164,2826
164,2846
164,2866
164,2886
164,2887
164,2923
164,2926
164,2949
164,2959
164,2966
164,2982
164,2986
164,3006
164,3026
164,3036
164,3093
164,3103
164,3106
164,3120
164,3126
164,3146
164,3166
164,3186
164,3196
164,3226
164,3246
164,3260
164,3266
164,3286
164,3302
164,3306
164,3310
164,3326
164,3346
164,3366
164,3374
164,3386
164,3391
164,3406
164,3429
164,3446
164,3466
164,3486
164,3499
164,3501
164,3506
164,3546
164,3571
164,3586
164,3606
164,3623
164,3626
164,3627
164,3646
164,3649
164,3686
164,3706
164,3722
164,3726
164,3750
164,3761
164,3766
164,3774
164,3786
164,3787
164,3806
164,3820
164,3826
164,3827
164,3853
164,3861
164,3863
164,3866
164,3874
164,3888
164,3896
164,3898
164,3906
164,3926
164,3946
164,3947
164,3966
164,3986
164,3989
165,6
165,8
165,10
165,22
165,28
165,48
165,58
165,68
165,88
165,92
165,108
165,112
165,128
165,148
165,164
165,188
165,228
165,251
165,253
165,268
165,271
165,305
165,308
165,312
165,328
165,329
165,368
165,408
165,428
165,448
165,463
165,468
165,488
165,508
165,528
165,548
165,582
165,594
165,608
165,628
165,668
165,674
165,679
165,683
165,708
165,728
165,768
165,788
165,802
165,828
165,845
165,868
165,888
165,908
165,928
165,941
165,948
165,951
165,968
165,988
165,998
165,999
165,1008
165,1028
165,1048
165,1068
165,1069
165,1088
165,1108
165,1128
165,1148
165,1168
165,1188
165,1204
165,1208
165,1218
165,1226
165,1240
165,1243
165,1248
165,1260
165,1268
165,1284
165,1288
165,1308
165,1321
165,1328
165,1335
165,1348
165,1357
165,1368
165,1382
165,1388
165,1408
165,1421
165,1428
165,1446
165,1448
165,1468
165,1488
165,1508
165,1517
165,1528
165,1548
165,1568
165,1588
165,1608
165,1630
165,1643
165,1648
165,1668
165,1672
165,1688
165,1708
165,1728
165,1733
165,1743
165,1788
165,1828
165,1843
165,1847
165,1848
165,1868
165,1888
165,1897
165,1908
165,1926
165,1936
165,1981
165,1988
165,2028
165,2048
165,2068
165,2088
165,2108
165,2112
165,2128
165,2148
165,2151
165,2168
165,2188
165,2208
165,2228
165,2248
165,2268
165,2281
165,2288
165,2289
165,2295
165,2306
165,2308
165,2328
165,2348
165,2368
165,2428
165,2448
165,2453
165,2468
165,2488
165,2508
165,2528
165,2610
165,2622
165,2628
165,2663
165,2668
165,2669
165,2688
165,2690
165,2708
165,2738
165,2748
165,2768
165,2780
165,2788
165,2808
165,2828
165,2848
165,2868
165,2880
165,2888
165,2908
165,2918
165,2928
165,2949
165,2968
165,2977
165,2988
165,3008
165,3028
165,3048
165,3068
165,3088
165,3096
165,3108
165,3128
165,3148
165,3161
165,3168
165,3182
165,3188
165,3208
165,3248
165,3297
165,3308
165,3348
165,3349
165,3387
165,3388
165,3404
165,3408
165,3425
165,3428
165,3443
165,3448
165,3449
165,3488
165,3504
165,3508
165,3519
165,3528
165,3548
165,3562
165,3568
165,3588
165,3608
165,3616
165,3648
165,3672
165,3688
165,3701
165,3708
165,3768
165,3788
165,3808
165,3820
165,3827
165,3828
165,3844
165,3848
165,3849
165,3868
165,3888
165,3908
165,3931
165,3948
165,3968
165,3979
165,3988
166,7
166,9
166,14
166,34
166,43
166,51
166,61
166,67
166,87
166,91
166,107
166,127
166,147
166,167
166,187
166,205
166,207
166,216
166,227
166,236
166,267
166,287
166,307
166,330
166,334
166,347
166,359
166,367
166,376
166,387
166,415
166,419
166,421
166,427
166,437
166,446
166,447
166,467
166,500
166,507
166,512
166,527
166,547
166,567
166,587
166,593
166,607
166,627
166,647
166,651
166,667
166,687
166,707
166,727
166,735
166,747
166,767
166,787
166,832
166,847
166,887
166,927
166,935
166,947
166,967
166,987
166,1007
166,1027
166,1047
166,1064
166,1067
166,1087
166,1107
166,1127
166,1147
166,1167
166,1187
166,1190
166,1198
166,1207
166,1210
166,1247
166,1267
166,1289
166,1307
166,1320
166,1327
166,1367
166,1377
166,1380
166,1387
166,1403
166,1407
166,1426
166,1427
166,1434
166,1447
166,1467
166,1487
166,1507
166,1527
166,1547
166,1587
166,1607
166,1647
166,1667
166,1687
166,1707
166,1712
166,1727
166,1787
166,1807
166,1820
166,1821
166,1827
166,1829
166,1847
166,1867
166,1887
166,1907
166,1927
166,1929
166,1967
166,1987
166,1988
166,1997
166,2007
166,2027
166,2047
166,2067
166,2071
166,2072
166,2087
166,2127
166,2146
166,2147
166,2167
166,2187
166,2198
166,2207
166,2224
166,2227
166,2247
166,2267
166,2307
166,2327
166,2347
166,2384
166,2387
166,2399
166,2405
166,2458
166,2467
166,2480
166,2487
166,2505
166,2507
166,2518
166,2527
166,2537
166,2547
166,2567
166,2587
166,2597
166,2607
166,2627
166,2647
166,2667
166,2687
166,2707
166,2727
166,2747
166,2789
166,2794
166,2807
166,2827
166,2847
166,2854
166,2867
166,2887
166,2907
166,2927
166,2947
166,2967
166,2987
166,3007
166,3024
166,3027
166,3034
166,3042
166,3047
166,3067
166,3078
166,3081
166,3087
166,3100
166,3127
166,3130
166,3167
166,3187
166,3204
166,3207
166,3227
166,3242
166,3247
166,3267
166,3268
166,3287
166,3291
166,3325
166,3327
166,3347
166,3353
166,3366
166,3387
166,3407
166,3423
166,3427
166,3447
166,3453
166,3467
166,3475
166,3487
166,3495
166,3507
166,3547
166,3587
166,3607
166,3627
166,3647
166,3675
166,3687
166,3708
166,3727
166,3747
166,3748
166,3793
166,3807
166,3818
166,3842
166,3847
166,3867
166,3887
166,3907
166,3927
166,3945
166,3947
166,3967
166,3973
166,3987
166,3988
167,10
167,30
167,41
167,65
167,90
167,110
167,150
167,170
167,189
167,190
167,210
167,230
167,251
167,270
167,290
167,330
167,350
167,370
167,390
167,410
167,413
167,430
167,450
167,470
167,476
167,490
167,510
167,526
167,550
167,584
167,609
167,615
167,630
167,670
167,678
167,690
167,692
167,698
167,730
167,743
167,750
167,755
167,768
167,777
167,790
167,810
167,830
167,855
167,870
167,890
167,910
167,926
167,930
167,932
167,950
167,973
167,990
167,1010
167,1011
167,1024
167,1030
167,1090
167,1098
167,1110
167,1149
167,1150
167,1170
167,1189
167,1190
167,1203
167,1210
167,1219
167,1250
167,1266
167,1270
167,1310
167,1317
167,1350
167,1354
167,1370
167,1379
167,1390
167,1406
167,1407
167,1410
167,1430
167,1448
167,1450
167,1461
167,1470
167,1480
167,1490
167,1501
167,1510
167,1530
167,1532
167,1550
167,1570
167,1590
167,1606
167,1610
167,1623
167,1630
167,1650
167,1670
167,1690
167,1694
167,1702
167,1710
167,1713
167,1730
167,1750
167,1791
167,1824
167,1830
167,1850
167,1870
167,1879
167,1910
167,1930
167,1950
167,1957
167,1970
167,1985
167,1990
167,1997
167,2010
167,2023
167,2030
167,2050
167,2067
167,2070
167,2090
167,2110
167,2130
167,2150
167,2164
167,2170
167,2190
167,2192
167,2210
167,2230
167,2234
167,2270
167,2286
167,2290
167,2294
167,2330
167,2332
167,2350
167,2370
167,2410
167,2422
167,2450
167,2453
167,2470
167,2473
167,2490
167,2498
167,2510
167,2550
167,2560
167,2570
167,2590
167,2610
167,2630
167,2640
167,2650
167,2670
167,2684
167,2710
167,2730
167,2733
167,2750
167,2790
167,2810
167,2813
167,2822
167,2830
167,2850
167,2890
167,2930
167,2950
167,2970
167,2979
167,2990
167,3010
167,3030
167,3070
167,3079
167,3090
167,3110
167,3130
167,3134
167,3150
167,3190
167,3210
167,3214
167,3223
167,3230
167,3250
167,3270
167,3275
167,3278
167,3290
167,3310
167,3330
167,3350
167,3370
167,3385
167,3386
167,3390
167,3410
167,3414
167,3416
167,3423
167,3430
167,3431
167,3470
167,3483
167,3490
167,3497
167,3510
167,3516
167,3533
167,3550
167,3570
167,3590
167,3610
167,3628
167,3630
167,3632
167,3650
167,3670
167,3710
167,3729
167,3730
167,3742
167,3770
167,3789
167,3790
167,3810
167,3830
167,3839
167,3870
167,3878
167,3890
167,3910
167,3930
167,3950
167,3966
167,3990
168,6
168,11
168,25
168,39
168,46
168,66
168,86
168,94
168,100
168,122
168,126
168,145
168,146
168,166
168,171
168,186
168,206
168,226
168,252
168,266
168,270
168,272
168,286
168,287
168,306
168,317
168,346
168,366
168,386
168,425
168,426
168,446
168,466
168,486
168,506
168,526
168,546
168,554
168,566
168,586
168,604
168,606
168,610
168,619
168,626
168,632
168,646
168,666
168,685
168,686
168,706
168,707
168,729
168,746
168,764
168,766
168,786
168,806
168,826
168,846
168,857
168,872
168,886
168,906
168,926
168,966
168,986
168,1006
168,1007
168,1026
168,1032
168,1043
168,1044
168,1046
168,1063
168,1066
168,1086
168,1106
168,1111
168,1122
168,1146
168,1186
168,1199
168,1206
168,1246
168,1266
168,1286
168,1326
168,1334
168,1335
168,1361
168,1386
168,1406
168,1466
168,1486
168,1487
168,1506
168,1526
168,1546
168,1566
168,1586
168,1590
168,1606
168,1636
168,1646
168,1666
168,1686
168,1697
168,1705
168,1706
168,1716
168,1726
168,1746
168,1750
168,1754
168,1766
168,1768
168,1786
168,1790
168,1806
168,1826
168,1846
168,1856
168,1866
168,1886
168,1906
168,1926
168,1946
168,1966
168,1986
168,2006
168,2026
168,2038
168,2046
168,2066
168,2085
168,2086
168,2104
168,2106
168,2126
168,2146
168,2166
168,2226
168,2266
168,2282
168,2286
168,2287
168,2305
168,2306
168,2321
168,2326
168,2346
168,2366
168,2386
168,2388
168,2393
168,2406
168,2442
168,2455
168,2466
168,2486
168,2506
168,2526
168,2546
168,2566
168,2584
168,2586
168,2606
168,2646
168,2666
168,2714
168,2726
168,2743
168,2746
168,2747
168,2766
168,2786
168,2802
168,2806
168,2826
168,2846
168,2866
168,2897
168,2906
168,2911
168,2926
168,2942
168,2966
168,2986
168,3006
168,3026
168,3046
168,3066
168,3097
168,3142
168,3146
168,3150
168,3158
168,3166
168,3174
168,3186
168,3206
168,3231
168,3246
168,3266
168,3272
168,3286
168,3290
168,3305
168,3312
168,3315
168,3326
168,3346
168,3356
168,3366
168,3389
168,3406
168,3426
168,3438
168,3466
168,3483
168,3486
168,3495
168,3506
168,3518
168,3524
168,3546
168,3561
168,3566
168,3586
168,3626
168,3641
168,3646
168,3678
168,3686
168,3726
168,3746
168,3766
168,3792
168,3806
168,3813
168,3826
168,3827
168,3839
168,3846
168,3860
168,3866
168,3886
168,3922
168,3924
168,3946
168,3953
168,3966
168,3986
169,10
169,50
169,70
169,90
169,106
169,111
169,112
169,130
169,170
169,182
169,190
169,210
169,230
169,250
169,270
169,279
169,290
169,307
169,310
169,330
169,370
169,390
169,410
169,430
169,450
169,478
169,490
169,507
169,510
169,515
169,530
169,550
169,570
169,590
169,595
169,602
169,610
169,627
169,630
169,635
169,650
169,670
169,690
169,722
169,728
169,730
169,736
169,770
169,790
169,810
169,817
169,821
169,850
169,866
169,870
169,890
169,910
169,950
169,966
169,970
169,978
169,990
169,1010
169,1026
169,1030
169,1034
169,1050
169,1070
169,1110
169,1130
169,1133
169,1170
169,1190
169,1210
169,1216
169,1222
169,1230
169,1247
169,1250
169,1270
169,1288
169,1290
169,1298
169,1310
169,1330
169,1332
169,1350
169,1370
169,1381
169,1410
169,1430
169,1431
169,1450
169,1469
169,1470
169,1497
169,1510
169,1530
169,1550
169,1570
169,1590
169,1610
169,1626
169,1630
169,1632
169,1640
169,1650
169,1690
169,1710
169,1730
169,1750
169,1758
169,1770
169,1777
169,1786
169,1790
169,1807
169,1810
169,1830
169,1850
169,1910
169,1912
169,1930
169,1950
169,1958
169,1967
169,1970
169,1981
169,1990
169,2009
169,2010
169,2030
169,2035
169,2070
169,2073
169,2090
169,2130
169,2139
169,2150
169,2184
169,2187
169,2190
169,2199
169,2230
169,2237
169,2250
169,2267
169,2270
169,2280
169,2310
169,2330
169,2344
169,2350
169,2364
169,2370
169,2390
169,2410
169,2425
169,2430
169,2445
169,2450
169,2470
169,2490
169,2508
169,2510
169,2530
169,2550
169,2570
169,2580
169,2590
169,2610
169,2629
169,2630
169,2650
169,2670
169,2690
169,2699
169,2710
169,2730
169,2750
169,2810
169,2830
169,2850
169,2856
169,2870
169,2890
169,2930
169,2950
169,2970
169,2990
169,3000
169,3010
169,3016
169,3030
169,3050
169,3070
169,3090
169,3110
169,3130
169,3150
169,3170
169,3190
169,3192
169,3195
169,3206
169,3210
169,3222
169,3230
169,3250
169,3270
169,3290
169,3300
169,3310
169,3370
169,3390
169,3402
169,3405
169,3430
169,3462
169,3470
169,3490
169,3510
169,3525
169,3528
169,3530
169,3550
169,3570
169,3590
169,3594
169,3610
169,3630
169,3650
169,3652
169,3670
169,3688
169,3690
169,3709
169,3710
169,3730
169,3735
169,3746
169,3750
169,3770
169,3790
169,3810
169,3855
169,3870
169,3890
169,3908
169,3910
169,3927
169,3930
169,3950
169,3967
169,3970
170,4
170,24
170,40
170,44
170,64
170,84
170,104
170,124
170,144
170,164
170,175
170,184
170,204
170,224
170,244
170,263
170,284
170,304
170,310
170,324
170,344
170,364
170,384
170,394
170,399
170,404
170,424
170,444
170,464
170,484
170,504
170,524
170,544
170,564
170,584
170,613
170,624
170,631
170,644
170,653
170,664
170,676
170,684
170,687
170,704
170,742
170,744
170,749
170,759
170,764
170,784
170,798
170,824
170,844
170,864
170,874
170,884
170,904
170,941
170,942
170,944
170,954
170,964
170,976
170,984
170,1004
170,1024
170,1044
170,1064
170,1084
170,1104
170,1124
170,1144
170,1164
170,1204
170,1224
170,1264
170,1268
170,1279
170,1284
170,1304
170,1324
170,1344
170,1364
170,1404
170,1424
170,1444
170,1452
170,1464
170,1469
170,1484
170,1504
170,1523
170,1532
170,1537
170,1545
170,1553
170,1584
170,1604
170,1624
170,1644
170,1658
170,1664
170,1684
170,1685
170,1704
170,1724
170,1743
170,1744
170,1764
170,1780
170,1784
170,1804
170,1814
170,1824
170,1844
170,1859
170,1864
170,1884
170,1904
170,1944
170,1964
170,1969
170,1984
170,2004
170,2005
170,2044
170,2047
170,2049
170,2064
170,2073
170,2084
170,2104
170,2124
170,2143
170,2144
170,2164
170,2175
170,2184
170,2195
170,2204
170,2224
170,2244
170,2253
170,2264
170,2284
170,2324
170,2344
170,2364
170,2384
170,2404
170,2407
170,2424
170,2429
170,2444
170,2464
170,2504
170,2519
170,2524
170,2544
170,2578
170,2584
170,2586
170,2597
170,2604
170,2624
170,2664
170,2672
170,2684
170,2704
170,2711
170,2724
170,2744
170,2764
170,2778
170,2784
170,2804
170,2824
170,2844
170,2852
170,2864
170,2870
170,2877
170,2884
170,2924
170,2944
170,2964
170,2984
170,2994
170,3012
170,3044
170,3064
170,3084
170,3104
170,3116
170,3121
170,3124
170,3144
170,3164
170,3184
170,3204
170,3215
170,3217
170,3224
170,3244
170,3246
170,3264
170,3274
170,3284
170,3304
170,3344
170,3352
170,3364
170,3384
170,3390
170,3404
170,3421
170,3424
170,3444
170,3464
170,3504
170,3508
170,3514
170,3523
170,3530
170,3531
170,3534
170,3544
170,3564
170,3566
170,3576
170,3584
170,3624
170,3632
170,3644
170,3651
170,3664
170,3665
170,3670
170,3684
170,3697
170,3744
170,3764
170,3784
170,3804
170,3824
170,3842
170,3844
170,3852
170,3864
170,3873
170,3874
170,3904
170,3924
170,3954
170,3964
170,3984
171,0
171,24
171,64
171,84
171,85
171,124
171,144
171,164
171,184
171,204
171,224
171,244
171,264
171,284
171,304
171,316
171,344
171,355
171,364
171,372
171,378
171,384
171,404
171,424
171,425
171,432
171,444
171,462
171,470
171,484
171,504
171,505
171,508
171,524
171,544
171,552
171,563
171,564
171,584
171,604
171,624
171,644
171,664
171,684
171,687
171,704
171,724
171,744
171,764
171,778
171,784
171,804
171,811
171,824
171,844
171,864
171,884
171,904
171,917
171,924
171,944
171,961
171,964
171,976
171,984
171,1004
171,1024
171,1044
171,1064
171,1083
171,1088
171,1104
171,1108
171,1112
171,1117
171,1124
171,1131
171,1144
171,1164
171,1184
171,1204
171,1216
171,1217
171,1224
171,1231
171,1264
171,1284
171,1289
171,1304
171,1324
171,1344
171,1364
171,1384
171,1412
171,1424
171,1435
171,1444
171,1455
171,1464
171,1484
171,1496
171,1504
171,1584
171,1604
171,1605
171,1644
171,1682
171,1684
171,1704
171,1764
171,1784
171,1788
171,1819
171,1824
171,1834
171,1844
171,1884
171,1887
171,1910
171,1924
171,1944
171,1964
171,1971
171,1984
171,2004
171,2024
171,2044
171,2064
171,2084
171,2103
171,2124
171,2144
171,2164
171,2184
171,2204
171,2224
171,2244
171,2246
171,2264
171,2278
171,2284
171,2292
171,2301
171,2304
171,2324
171,2364
171,2384
171,2397
171,2404
171,2421
171,2424
171,2444
171,2464
171,2497
171,2504
171,2524
171,2544
171,2564
171,2584
171,2595
171,2604
171,2624
171,2644
171,2648
171,2664
171,2684
171,2704
171,2721
171,2744
171,2764
171,2784
171,2798
171,2804
171,2824
171,2844
171,2864
171,2876
171,2884
171,2904
171,2924
171,2925
171,2926
171,2939
171,2942
171,2955
171,2964
171,2984
171,3004
171,3024
171,3045
171,3064
171,3084
171,3104
171,3124
171,3144
171,3155
171,3164
171,3182
171,3184
171,3204
171,3224
171,3225
171,3232
171,3244
171,3264
171,3284
171,3304
171,3324
171,3326
171,3344
171,3384
171,3387
171,3404
171,3408
171,3424
171,3444
171,3464
171,3484
171,3504
171,3519
171,3524
171,3544
171,3564
171,3570
171,3583
171,3604
171,3624
171,3644
171,3664
171,3667
171,3679
171,3684
171,3689
171,3704
171,3708
171,3722
171,3724
171,3728
171,3744
171,3764
171,3784
171,3788
171,3804
171,3815
171,3824
171,3844
171,3862
171,3864
171,3884
171,3904
171,3924
171,3933
171,3940
171,3944
171,3945
171,3964
171,3984
171,3997
172,9
172,29
172,40
172,49
172,69
172,89
172,109
172,129
172,147
172,149
172,189
172,205
172,209
172,223
172,249
172,253
172,269
172,277
172,289
172,309
172,328
172,329
172,369
172,383
172,389
172,429
172,434
172,440
172,449
172,469
172,473
172,483
172,509
172,521
172,529
172,549
172,569
172,589
172,609
172,629
172,649
172,669
172,672
172,679
172,689
172,709
172,717
172,729
172,736
172,766
172,769
172,770
172,789
172,797
172,809
172,829
172,859
172,863
172,869
172,889
172,905
172,909
172,929
172,949
172,969
172,975
172,989
172,1009
172,1029
172,1049
172,1066
172,1069
172,1089
172,1090
172,1109
172,1129
172,1149
172,1189
172,1203
172,1209
172,1212
172,1229
172,1269
172,1289
172,1304
172,1349
172,1369
172,1386
172,1389
172,1409
172,1415
172,1429
172,1449
172,1469
172,1489
172,1496
172,1508
172,1527
172,1529
172,1535
172,1549
172,1571
172,1576
172,1578
172,1583
172,1589
172,1609
172,1626
172,1629
172,1649
172,1669
172,1689
172,1729
172,1749
172,1769
172,1789
172,1809
172,1829
172,1849
172,1869
172,1889
172,1909
172,1929
172,1949
172,1955
172,1962
172,1967
172,1969
172,1989
172,2009
172,2029
172,2033
172,2049
172,2069
172,2083
172,2089
172,2109
172,2129
172,2149
172,2150
172,2169
172,2189
172,2209
172,2229
172,2249
172,2258
172,2267
172,2269
172,2289
172,2322
172,2329
172,2333
172,2349
172,2369
172,2373
172,2388
172,2389
172,2409
172,2429
172,2440
172,2449
172,2457
172,2469
172,2489
172,2509
172,2529
172,2541
172,2549
172,2569
172,2589
172,2609
172,2628
172,2629
172,2635
172,2649
172,2669
172,2689
172,2692
172,2709
172,2721
172,2731
172,2749
172,2751
172,2767
172,2769
172,2789
172,2809
172,2829
172,2849
172,2869
172,2889
172,2929
172,2949
172,2952
172,2969
172,2992
172,3009
172,3026
172,3029
172,3064
172,3089
172,3109
172,3149
172,3155
172,3169
172,3189
172,3209
172,3221
172,3229
172,3249
172,3269
172,3286
172,3289
172,3309
172,3329
172,3349
172,3360
172,3366
172,3369
172,3389
172,3409
172,3429
172,3436
172,3449
172,3467
172,3469
172,3489
172,3509
172,3529
172,3549
172,3569
172,3577
172,3589
172,3609
172,3630
172,3669
172,3670
172,3709
172,3717
172,3729
172,3749
172,3768
172,3769
172,3782
172,3785
172,3789
172,3792
172,3809
172,3849
172,3869
172,3909
172,3929
172,3931
172,3938
172,3949
172,3969
172,3970
172,3985
172,3989
173,23
173,42
173,43
173,63
173,83
173,85
173,103
173,123
173,127
173,143
173,163
173,183
173,193
173,203
173,223
173,236
173,263
173,267
173,283
173,303
173,323
173,331
173,343
173,363
173,383
173,384
173,403
173,408
173,420
173,423
173,425
173,437
173,443
173,456
173,463
173,494
173,503
173,520
173,522
173,523
173,543
173,554
173,563
173,565
173,591
173,603
173,663
173,672
173,681
173,683
173,703
173,723
173,743
173,775
173,783
173,813
173,819
173,821
173,830
173,843
173,863
173,883
173,903
173,920
173,923
173,943
173,983
173,990
173,998
173,1003
173,1024
173,1043
173,1063
173,1086
173,1103
173,1107
173,1123
173,1153
173,1163
173,1183
173,1203
173,1212
173,1223
173,1243
173,1257
173,1275
173,1283
173,1315
173,1323
173,1343
173,1348
173,1363
173,1365
173,1383
173,1394
173,1403
173,1423
173,1427
173,1439
173,1441
173,1443
173,1483
173,1503
173,1523
173,1543
173,1562
173,1563
173,1564
173,1583
173,1594
173,1635
173,1643
173,1652
173,1663
173,1666
173,1673
173,1683
173,1709
173,1723
173,1737
173,1743
173,1763
173,1783
173,1803
173,1809
173,1823
173,1839
173,1841
173,1843
173,1863
173,1883
173,1902
173,1903
173,1943
173,1951
173,1963
173,1983
173,2003
173,2008
173,2017
173,2023
173,2043
173,2059
173,2063
173,2071
173,2094
173,2103
173,2123
173,2137
173,2143
173,2163
173,2180
173,2203
173,2223
173,2257
173,2263
173,2283
173,2303
173,2323
173,2343
173,2363
173,2383
173,2423
173,2460
173,2463
173,2483
173,2485
173,2494
173,2503
173,2515
173,2523
173,2543
173,2563
173,2570
173,2583
173,2599
173,2603
173,2623
173,2643
173,2675
173,2683
173,2703
173,2723
173,2743
173,2763
173,2782
173,2783
173,2803
173,2823
173,2843
173,2863
173,2864
173,2883
173,2892
173,2899
173,2903
173,2919
173,2923
173,2929
173,2943
173,2956
173,2963
173,2999
173,3003
173,3041
173,3043
173,3063
173,3083
173,3103
173,3105
173,3123
173,3143
173,3163
173,3183
173,3203
173,3223
173,3243
173,3263
173,3264
173,3283
173,3303
173,3323
173,3343
173,3363
173,3367
173,3396
173,3403
173,3423
173,3424
173,3452
173,3463
173,3473
173,3483
173,3502
173,3503
173,3504
173,3523
173,3543
173,3548
173,3563
173,3603
173,3623
173,3631
173,3663
173,3683
173,3702
173,3703
173,3723
173,3783
173,3803
173,3813
173,3823
173,3843
173,3848
173,3863
173,3883
173,3903
173,3943
173,3963
173,3968
173,3983
174,7
174,27
174,36
174,47
174,67
174,79
174,87
174,107
174,127
174,147
174,181
174,187
174,200
174,207
174,227
174,247
174,248
174,262
174,263
174,267
174,287
174,288
174,312
174,327
174,336
174,347
174,366
174,367
174,387
174,407
174,424
174,427
174,447
174,467
174,474
174,487
174,507
174,513
174,527
174,536
174,567
174,576
174,583
174,587
174,607
174,647
174,667
174,674
174,684
174,687
174,707
174,711
174,727
174,747
174,767
174,801
174,809
174,827
174,833
174,835
174,847
174,871
174,874
174,887
174,893
174,907
174,927
174,947
174,948
174,959
174,967
174,987
174,1004
174,1027
174,1047
174,1067
174,1087
174,1107
174,1127
174,1147
174,1149
174,1167
174,1187
174,1207
174,1247
174,1267
174,1287
174,1289
174,1307
174,1327
174,1367
174,1379
174,1387
174,1390
174,1407
174,1427
174,1447
174,1449
174,1467
174,1487
174,1507
174,1527
174,1539
174,1544
174,1547
174,1550
174,1574
174,1587
174,1607
174,1611
174,1627
174,1645
174,1647
174,1667
174,1669
174,1675
174,1687
174,1688
174,1707
174,1727
174,1747
174,1767
174,1770
174,1787
174,1807
174,1814
174,1867
174,1887
174,1927
174,1947
174,1967
174,1987
174,2000
174,2007
174,2013
174,2027
174,2047
174,2051
174,2087
174,2093
174,2147
174,2161
174,2167
174,2187
174,2191
174,2207
174,2215
174,2227
174,2247
174,2259
174,2267
174,2268
174,2307
174,2327
174,2339
174,2347
174,2361
174,2367
174,2387
174,2407
174,2415
174,2427
174,2447
174,2467
174,2487
174,2504
174,2507
174,2527
174,2559
174,2587
174,2605
174,2610
174,2627
174,2647
174,2687
174,2707
174,2727
174,2747
174,2756
174,2767
174,2787
174,2817
174,2825
174,2827
174,2847
174,2867
174,2921
174,2927
174,2947
174,2987
174,2997
174,3007
174,3027
174,3055
174,3067
174,3082
174,3086
174,3087
174,3110
174,3120
174,3127
174,3147
174,3159
174,3165
174,3167
174,3174
174,3207
174,3227
174,3247
174,3267
174,3283
174,3287
174,3291
174,3307
174,3318
174,3327
174,3335
174,3347
174,3367
174,3372
174,3387
174,3406
174,3407
174,3427
174,3447
174,3467
174,3507
174,3518
174,3527
174,3547
174,3567
174,3579
174,3582
174,3587
174,3589
174,3590
174,3607
174,3620
174,3643
174,3646
174,3647
174,3687
174,3699
174,3707
174,3727
174,3767
174,3787
174,3807
174,3814
174,3819
174,3827
174,3846
174,3847
174,3867
174,3907
174,3927
174,3938
174,3947
174,3961
174,3967
174,3982
174,3999
175,0
175,20
175,35
175,40
175,45
175,49
175,60
175,76
175,80
175,94
175,120
175,137
175,140
175,160
175,180
175,260
175,280
175,337
175,360
175,369
175,380
175,396
175,400
175,406
175,420
175,440
175,460
175,480
175,500
175,520
175,536
175,560
175,580
175,600
175,616
175,620
175,640
175,660
175,679
175,680
175,700
175,707
175,720
175,741
175,760
175,770
175,780
175,800
175,820
175,839
175,840
175,860
175,880
175,900
175,904
175,920
175,940
175,960
175,981
175,991
175,994
175,1000
175,1034
175,1040
175,1060
175,1063
175,1065
175,1076
175,1080
175,1088
175,1100
175,1120
175,1140
175,1160
175,1170
175,1180
175,1196
175,1200
175,1211
175,1220
175,1240
175,1260
175,1280
175,1300
175,1314
175,1320
175,1340
175,1360
175,1380
175,1393
175,1396
175,1400
175,1408
175,1420
175,1440
175,1460
175,1476
175,1480
175,1484
175,1500
175,1520
175,1540
175,1558
175,1560
175,1580
175,1594
175,1600
175,1607
175,1620
175,1629
175,1640
175,1660
175,1680
175,1700
175,1717
175,1720
175,1740
175,1760
175,1780
175,1796
175,1800
175,1801
175,1820
175,1840
175,1841
175,1860
175,1880
175,1920
175,1927
175,1940
175,1960
175,1971
175,2020
175,2040
175,2060
175,2064
175,2067
175,2080
175,2086
175,2100
175,2116
175,2120
175,2140
175,2152
175,2153
175,2160
175,2164
175,2180
175,2212
175,2214
175,2218
175,2220
175,2224
175,2240
175,2255
175,2260
175,2270
175,2280
175,2300
175,2320
175,2340
175,2380
175,2391
175,2400
175,2460
175,2480
175,2500
175,2520
175,2540
175,2560
175,2580
175,2600
175,2620
175,2621
175,2637
175,2640
175,2660
175,2680
175,2700
175,2703
175,2720
175,2740
175,2760
175,2780
175,2800
175,2820
175,2839
175,2840
175,2845
175,2860
175,2880
175,2900
175,2909
175,2913
175,2920
175,2940
175,2960
175,2980
175,3004
175,3020
175,3060
175,3080
175,3100
175,3120
175,3140
175,3160
175,3166
175,3180
175,3191
175,3200
175,3220
175,3223
175,3240
175,3248
175,3260
175,3278
175,3280
175,3300
175,3320
175,3330
175,3340
175,3346
175,3349
175,3380
175,3400
175,3420
175,3440
175,3460
175,3469
175,3480
175,3515
175,3520
175,3540
175,3560
175,3580
175,3600
175,3620
175,3640
175,3650
175,3660
175,3680
175,3692
175,3700
175,3720
175,3740
175,3760
175,3767
175,3773
175,3800
175,3802
175,3820
175,3840
175,3860
175,3866
175,3880
175,3900
175,3901
175,3920
175,3926
175,3940
175,3946
175,3960
175,3980
175,3988
176,0
176,1
176,21
176,41
176,61
176,67
176,81
176,84
176,87
176,101
176,121
176,141
176,181
176,201
176,221
176,225
176,241
176,250
176,256
176,261
176,281
176,285
176,301
176,306
176,319
176,321
176,341
176,354
176,356
176,361
176,395
176,401
176,421
176,441
176,461
176,481
176,501
176,521
176,561
176,565
176,581
176,601
176,621
176,636
176,641
176,652
176,661
176,676
176,681
176,683
176,692
176,701
176,741
176,753
176,761
176,781
176,801
176,841
176,861
176,881
176,898
176,921
176,941
176,961
176,981
176,1001
176,1021
176,1061
176,1062
176,1081
176,1101
176,1121
176,1141
176,1149
176,1161
176,1181
176,1187
176,1201
176,1221
176,1236
176,1241
176,1261
176,1281
176,1288
176,1290
176,1301
176,1321
176,1341
176,1342
176,1352
176,1355
176,1361
176,1362
176,1381
176,1389
176,1401
176,1419
176,1441
176,1461
176,1494
176,1501
176,1517
176,1521
176,1522
176,1541
176,1561
176,1581
176,1601
176,1612
176,1617
176,1623
176,1641
176,1661
176,1693
176,1697
176,1733
176,1735
176,1736
176,1754
176,1801
176,1821
176,1839
176,1841
176,1853
176,1861
176,1881
176,1930
176,1941
176,1961
176,1981
176,2000
176,2001
176,2012
176,2021
176,2023
176,2039
176,2061
176,2081
176,2093
176,2101
176,2121
176,2125
176,2161
176,2162
176,2163
176,2181
176,2201
176,2208
176,2221
176,2235
176,2281
176,2290
176,2307
176,2318
176,2319
176,2321
176,2341
176,2342
176,2344
176,2361
176,2381
176,2401
176,2412
176,2421
176,2461
176,2467
176,2476
176,2481
176,2501
176,2518
176,2520
176,2521
176,2541
176,2581
176,2585
176,2601
176,2610
176,2621
176,2624
176,2641
176,2681
176,2701
176,2721
176,2723
176,2740
176,2741
176,2761
176,2778
176,2792
176,2794
176,2799
176,2801
176,2841
176,2874
176,2879
176,2881
176,2890
176,2901
176,2921
176,2941
176,2974
176,2981
176,3001
176,3005
176,3021
176,3041
176,3061
176,3067
176,3084
176,3101
176,3121
176,3128
176,3134
176,3141
176,3161
176,3179
176,3181
176,3201
176,3241
176,3254
176,3261
176,3273
176,3281
176,3300
176,3301
176,3326
176,3341
176,3361
176,3373
176,3381
176,3401
176,3403
176,3421
176,3439
176,3441
176,3461
176,3468
176,3481
176,3501
176,3521
176,3541
176,3561
176,3574
176,3581
176,3597
176,3641
176,3661
176,3681
176,3683
176,3721
176,3728
176,3741
176,3761
176,3781
176,3801
176,3821
176,3841
176,3845
176,3856
176,3861
176,3881
176,3901
176,3921
176,3922
176,3941
177,14
177,34
177,38
177,54
177,67
177,74
177,93
177,94
177,134
177,154
177,158
177,174
177,194
177,214
177,216
177,229
177,234
177,241
177,254
177,274
177,276
177,294
177,314
177,334
177,338
177,346
177,354
177,362
177,374
177,385
177,414
177,434
177,454
177,474
177,486
177,490
177,493
177,494
177,521
177,534
177,537
177,554
177,574
177,594
177,614
177,620
177,634
177,650
177,654
177,674
177,694
177,708
177,734
177,747
177,754
177,774
177,794
177,802
177,810
177,814
177,834
177,849
177,854
177,874
177,894
177,907
177,954
177,959
177,974
177,994
177,1004
177,1014
177,1054
177,1074
177,1090
177,1094
177,1098
177,1154
177,1169
177,1190
177,1194
177,1214
177,1227
177,1234
177,1274
177,1294
177,1295
177,1314
177,1334
177,1353
177,1354
177,1372
177,1374
177,1414
177,1434
177,1454
177,1474
177,1494
177,1514
177,1534
177,1537
177,1554
177,1564
177,1574
177,1580
177,1591
177,1594
177,1597
177,1614
177,1632
177,1634
177,1654
177,1669
177,1670
177,1674
177,1688
177,1694
177,1714
177,1724
177,1734
177,1772
177,1794
177,1812
177,1822
177,1834
177,1854
177,1871
177,1874
177,1884
177,1894
177,1933
177,1934
177,1957
177,1960
177,1974
177,1994
177,2014
177,2034
177,2054
177,2068
177,2074
177,2078
177,2088
177,2094
177,2114
177,2142
177,2145
177,2150
177,2174
177,2214
177,2227
177,2234
177,2236
177,2254
177,2274
177,2294
177,2314
177,2334
177,2354
177,2371
177,2408
177,2414
177,2434
177,2474
177,2477
177,2494
177,2514
177,2532
177,2534
177,2554
177,2574
177,2594
177,2614
177,2616
177,2634
177,2654
177,2674
177,2689
177,2694
177,2713
177,2714
177,2716
177,2720
177,2734
177,2744
177,2754
177,2765
177,2774
177,2794
177,2807
177,2814
177,2831
177,2834
177,2835
177,2860
177,2874
177,2894
177,2895
177,2897
177,2914
177,2934
177,2941
177,2954
177,2958
177,2959
177,2974
177,2993
177,2994
177,2999
177,3004
177,3034
177,3054
177,3074
177,3086
177,3094
177,3097
177,3100
177,3114
177,3124
177,3134
177,3149
177,3154
177,3174
177,3194
177,3214
177,3254
177,3266
177,3314
177,3318
177,3334
177,3346
177,3354
177,3355
177,3374
177,3394
177,3414
177,3434
177,3454
177,3474
177,3494
177,3514
177,3534
177,3554
177,3594
177,3614
177,3627
177,3634
177,3654
177,3657
177,3674
177,3694
177,3695
177,3697
177,3698
177,3714
177,3754
177,3774
177,3794
177,3814
177,3843
177,3854
177,3874
177,3894
177,3932
177,3934
177,3954
177,3974
178,6
178,12
178,27
178,32
178,52
178,112
178,132
178,152
178,172
178,192
178,203
178,232
178,236
178,243
178,252
178,271
178,272
178,312
178,320
178,332
178,352
178,372
178,392
178,396
178,412
178,432
178,452
178,480
178,492
178,512
178,532
178,552
178,558
178,568
178,570
178,572
178,592
178,604
178,612
178,632
178,652
178,670
178,672
178,692
178,712
178,721
178,732
178,772
178,792
178,797
178,805
178,812
178,832
178,852
178,872
178,882
178,892
178,912
178,924
178,932
178,936
178,952
178,972
178,985
178,1001
178,1012
178,1032
178,1052
178,1072
178,1073
178,1079
178,1092
178,1112
178,1132
178,1152
178,1154
178,1172
178,1192
178,1212
178,1232
178,1242
178,1249
178,1252
178,1272
178,1290
178,1292
178,1312
178,1332
178,1352
178,1359
178,1372
178,1392
178,1412
178,1431
178,1439
178,1452
178,1472
178,1492
178,1500
178,1513
178,1518
178,1532
178,1552
178,1572
178,1592
178,1612
178,1632
178,1639
178,1652
178,1654
178,1699
178,1712
178,1732
178,1752
178,1772
178,1779
178,1792
178,1832
178,1839
178,1852
178,1865
178,1872
178,1892
178,1900
178,1912
178,1919
178,1932
178,1952
178,1972
178,1992
178,2006
178,2012
178,2013
178,2023
178,2032
178,2052
178,2072
178,2093
178,2112
178,2132
178,2152
178,2157
178,2172
178,2177
178,2180
178,2192
178,2194
178,2212
178,2229
178,2232
178,2252
178,2272
178,2276
178,2281
178,2292
178,2312
178,2332
178,2362
178,2372
178,2392
178,2412
178,2432
178,2452
178,2453
178,2472
178,2481
178,2492
178,2505
178,2512
178,2532
178,2549
178,2551
178,2552
178,2572
178,2586
178,2592
178,2612
178,2632
178,2643
178,2652
178,2672
178,2692
178,2712
178,2720
178,2732
178,2768
178,2772
178,2792
178,2797
178,2812
178,2832
178,2847
178,2852
178,2857
178,2865
178,2872
178,2912
178,2917
178,2932
178,2937
178,2976
178,3012
178,3014
178,3026
178,3049
178,3052
178,3072
178,3083
178,3086
178,3152
178,3167
178,3171
178,3172
178,3192
178,3209
178,3212
178,3218
178,3232
178,3252
178,3272
178,3292
178,3312
178,3320
178,3332
178,3352
178,3371
178,3372
178,3380
178,3385
178,3388
178,3412
178,3432
178,3440
178,3452
178,3472
178,3480
178,3492
178,3498
178,3512
178,3531
178,3532
178,3552
178,3553
178,3562
178,3572
178,3632
178,3652
178,3672
178,3675
178,3692
178,3712
178,3732
178,3752
178,3769
178,3772
178,3786
178,3792
178,3812
178,3832
178,3852
178,3862
178,3892
178,3912
178,3941
178,3944
178,3952
178,3972
178,3992
179,3
179,23
179,39
179,43
179,49
179,63
179,83
179,103
179,123
179,143
179,145
179,158
179,160
179,163
179,183
179,195
179,203
179,223
179,243
179,262
179,263
179,274
179,283
179,319
179,323
179,343
179,363
179,378
179,383
179,391
179,403
179,423
179,443
179,463
179,473
179,483
179,503
179,515
179,563
179,579
179,583
179,603
179,607
179,623
179,683
179,703
179,723
179,736
179,743
179,763
179,783
179,803
179,823
179,863
179,882
179,883
179,903
179,923
179,963
179,983
179,1003
179,1023
179,1043
179,1063
179,1083
179,1103
179,1116
179,1123
179,1143
179,1163
179,1165
179,1183
179,1186
179,1188
179,1194
179,1203
179,1205
179,1223
179,1243
179,1253
179,1263
179,1283
179,1291
179,1303
179,1304
179,1323
179,1340
179,1343
179,1363
179,1383
179,1403
179,1423
179,1424
179,1431
179,1441
179,1463
179,1474
179,1483
179,1503
179,1523
179,1543
179,1563
179,1578
179,1583
179,1603
179,1613
179,1623
179,1639
179,1645
179,1650
179,1663
179,1671
179,1683
179,1684
179,1703
179,1716
179,1723
179,1743
179,1763
179,1780
179,1783
179,1803
179,1805
179,1823
179,1843
179,1863
179,1883
179,1903
179,1923
179,1924
179,1943
179,1963
179,2003
179,2023
179,2063
179,2066
179,2069
179,2115
179,2143
179,2158
179,2163
179,2164
179,2167
179,2183
179,2223
179,2230
179,2233
179,2237
179,2263
179,2274
179,2283
179,2294
179,2303
179,2306
179,2323
179,2343
179,2363
179,2383
179,2391
179,2393
179,2403
179,2443
179,2462
179,2463
179,2483
179,2503
179,2517
179,2523
179,2543
179,2563
179,2564
179,2603
179,2613
179,2618
179,2623
179,2650
179,2663
179,2680
179,2683
179,2686
179,2703
179,2723
179,2743
179,2763
179,2765
179,2783
179,2803
179,2823
179,2837
179,2843
179,2852
179,2874
179,2883
179,2923
179,2983
179,3003
179,3023
179,3033
179,3035
179,3039
179,3054
179,3060
179,3063
179,3079
179,3091
179,3093
179,3103
179,3123
179,3143
179,3150
179,3163
179,3183
179,3203
179,3223
179,3224
179,3229
179,3244
179,3246
179,3263
179,3283
179,3292
179,3303
179,3321
179,3343
179,3344
179,3362
179,3363
179,3372
179,3383
179,3400
179,3403
179,3423
179,3443
179,3451
179,3463
179,3503
179,3523
179,3554
179,3563
179,3583
179,3597
179,3603
179,3623
179,3628
179,3643
179,3663
179,3671
179,3683
179,3695
179,3703
179,3713
179,3720
179,3723
179,3743
179,3763
179,3803
179,3807
179,3823
179,3842
179,3843
179,3845
179,3862
179,3863
179,3883
179,3903
179,3923
179,3943
179,3952
179,3963
179,3983
180,28
180,29
180,45
180,48
180,68
180,76
180,88
180,93
180,108
180,128
180,148
180,151
180,154
180,166
180,168
180,188
180,202
180,203
180,208
180,228
180,248
180,268
180,308
180,328
180,348
180,368
180,388
180,393
180,408
180,428
180,436
180,443
180,446
180,448
180,466
180,468
180,469
180,488
180,495
180,508
180,524
180,528
180,548
180,568
180,588
180,608
180,636
180,648
180,661
180,662
180,668
180,701
180,728
180,739
180,748
180,752
180,768
180,774
180,776
180,796
180,817
180,828
180,848
180,855
180,868
180,888
180,895
180,908
180,968
180,988
180,1008
180,1068
180,1088
180,1092
180,1108
180,1128
180,1152
180,1157
180,1188
180,1208
180,1218
180,1220
180,1228
180,1242
180,1248
180,1268
180,1288
180,1297
180,1308
180,1328
180,1337
180,1348
180,1367
180,1368
180,1407
180,1428
180,1468
180,1476
180,1488
180,1508
180,1528
180,1548
180,1559
180,1568
180,1570
180,1588
180,1608
180,1628
180,1644
180,1648
180,1688
180,1728
180,1748
180,1768
180,1785
180,1788
180,1790
180,1808
180,1828
180,1848
180,1854
180,1868
180,1879
180,1908
180,1928
180,1942
180,1948
180,1953
180,1965
180,1968
180,1975
180,1988
180,2008
180,2028
180,2048
180,2055
180,2068
180,2079
180,2088
180,2097
180,2128
180,2148
180,2166
180,2168
180,2188
180,2208
180,2210
180,2225
180,2228
180,2235
180,2248
180,2259
180,2308
180,2317
180,2326
180,2328
180,2348
180,2368
180,2388
180,2408
180,2432
180,2436
180,2437
180,2448
180,2468
180,2480
180,2488
180,2519
180,2526
180,2528
180,2546
180,2548
180,2568
180,2588
180,2608
180,2628
180,2648
180,2668
180,2669
180,2688
180,2708
180,2728
180,2738
180,2748
180,2768
180,2788
180,2808
180,2828
180,2848
180,2854
180,2868
180,2888
180,2908
180,2919
180,2928
180,2948
180,2968
180,2988
180,3008
180,3024
180,3028
180,3048
180,3068
180,3088
180,3108
180,3128
180,3148
180,3168
180,3172
180,3208
180,3248
180,3251
180,3263
180,3268
180,3288
180,3328
180,3330
180,3348
180,3368
180,3376
180,3388
180,3408
180,3428
180,3433
180,3440
180,3445
180,3448
180,3468
180,3472
180,3488
180,3501
180,3508
180,3511
180,3521
180,3528
180,3532
180,3548
180,3552
180,3554
180,3568
180,3588
180,3608
180,3648
180,3650
180,3668
180,3688
180,3708
180,3715
180,3725
180,3726
180,3728
180,3730
180,3741
180,3748
180,3768
180,3774
180,3788
180,3808
180,3811
180,3828
180,3830
180,3848
180,3864
180,3868
180,3888
180,3898
180,3907
180,3908
180,3948
180,3958
180,3988
181,14
181,16
181,34
181,52
181,54
181,66
181,74
181,76
181,94
181,121
181,134
181,170
181,194
181,214
181,234
181,257
181,274
181,294
181,314
181,334
181,354
181,361
181,374
181,394
181,403
181,414
181,432
181,434
181,454
181,464
181,470
181,474
181,494
181,514
181,530
181,534
181,554
181,574
181,594
181,614
181,634
181,654
181,656
181,714
181,734
181,774
181,794
181,800
181,814
181,846
181,873
181,874
181,894
181,914
181,934
181,954
181,956
181,974
181,994
181,1014
181,1017
181,1034
181,1036
181,1054
181,1074
181,1083
181,1088
181,1094
181,1113
181,1114
181,1115
181,1134
181,1169
181,1174
181,1194
181,1214
181,1234
181,1237
181,1254
181,1263
181,1274
181,1294
181,1304
181,1334
181,1354
181,1365
181,1374
181,1394
181,1434
181,1454
181,1463
181,1467
181,1474
181,1478
181,1480
181,1494
181,1514
181,1534
181,1554
181,1563
181,1574
181,1587
181,1594
181,1614
181,1634
181,1652
181,1654
181,1674
181,1680
181,1694
181,1714
181,1734
181,1752
181,1754
181,1774
181,1794
181,1814
181,1827
181,1874
181,1894
181,1914
181,1934
181,1954
181,1959
181,1974
181,1994
181,2014
181,2034
181,2054
181,2064
181,2074
181,2082
181,2094
181,2114
181,2125
181,2133
181,2134
181,2135
181,2154
181,2174
181,2194
181,2212
181,2214
181,2234
181,2247
181,2254
181,2261
181,2274
181,2281
181,2305
181,2314
181,2334
181,2344
181,2346
181,2347
181,2350
181,2354
181,2364
181,2374
181,2394
181,2408
181,2414
181,2474
181,2478
181,2494
181,2514
181,2541
181,2554
181,2557
181,2574
181,2594
181,2614
181,2634
181,2654
181,2674
181,2686
181,2694
181,2705
181,2714
181,2754
181,2771
181,2774
181,2794
181,2808
181,2814
181,2841
181,2850
181,2854
181,2865
181,2869
181,2874
181,2879
181,2894
181,2897
181,2902
181,2914
181,2917
181,2948
181,2954
181,2974
181,2980
181,3002
181,3014
181,3034
181,3038
181,3040
181,3054
181,3073
181,3074
181,3094
181,3114
181,3154
181,3174
181,3194
181,3198
181,3212
181,3213
181,3214
181,3234
181,3254
181,3256
181,3274
181,3294
181,3314
181,3316
181,3326
181,3334
181,3350
181,3354
181,3369
181,3374
181,3394
181,3414
181,3434
181,3446
181,3474
181,3476
181,3494
181,3514
181,3534
181,3537
181,3554
181,3574
181,3585
181,3594
181,3595
181,3631
181,3634
181,3654
181,3674
181,3683
181,3694
181,3714
181,3734
181,3754
181,3770
181,3774
181,3787
181,3794
181,3815
181,3820
181,3834
181,3854
181,3874
181,3891
181,3894
181,3898
181,3912
181,3934
181,3951
181,3954
181,3974
181,3992
182,9
182,14
182,34
182,54
182,74
182,94
182,107
182,134
182,174
182,194
182,214
182,248
182,253
182,262
182,274
182,314
182,339
182,343
182,354
182,374
182,394
182,405
182,414
182,415
182,422
182,434
182,445
182,454
182,491
182,494
182,498
182,501
182,514
182,531
182,534
182,545
182,554
182,556
182,574
182,587
182,588
182,590
182,594
182,614
182,624
182,634
182,646
182,649
182,654
182,674
182,687
182,694
182,714
182,742
182,754
182,774
182,793
182,794
182,814
182,821
182,834
182,874
182,879
182,914
182,928
182,934
182,954
182,974
182,980
182,994
182,1007
182,1014
182,1034
182,1049
182,1074
182,1114
182,1134
182,1144
182,1154
182,1165
182,1169
182,1174
182,1194
182,1205
182,1209
182,1214
182,1234
182,1254
182,1274
182,1294
182,1314
182,1334
182,1336
182,1346
182,1351
182,1354
182,1374
182,1375
182,1394
182,1400
182,1414
182,1434
182,1451
182,1474
182,1485
182,1494
182,1501
182,1507
182,1534
182,1554
182,1556
182,1574
182,1578
182,1594
182,1606
182,1614
182,1630
182,1634
182,1643
182,1648
182,1654
182,1674
182,1694
182,1714
182,1734
182,1754
182,1774
182,1794
182,1809
182,1813
182,1814
182,1834
182,1854
182,1859
182,1874
182,1894
182,1914
182,1934
182,1974
182,1994
182,2015
182,2021
182,2034
182,2039
182,2054
182,2074
182,2083
182,2094
182,2104
182,2114
182,2116
182,2134
182,2154
182,2194
182,2214
182,2254
182,2274
182,2276
182,2294
182,2314
182,2328
182,2334
182,2350
182,2354
182,2374
182,2394
182,2414
182,2434
182,2444
182,2454
182,2494
182,2512
182,2514
182,2534
182,2579
182,2594
182,2614
182,2638
182,2654
182,2714
182,2734
182,2741
182,2754
182,2774
182,2789
182,2794
182,2800
182,2828
182,2834
182,2854
182,2874
182,2894
182,2905
182,2934
182,2954
182,2974
182,2994
182,3008
182,3014
182,3025
182,3034
182,3054
182,3074
182,3084
182,3094
182,3111
182,3114
182,3125
182,3134
182,3148
182,3174
182,3194
182,3197
182,3204
182,3214
182,3219
182,3230
182,3234
182,3243
182,3254
182,3265
182,3274
182,3294
182,3305
182,3314
182,3334
182,3336
182,3354
182,3374
182,3390
182,3394
182,3409
182,3414
182,3426
182,3434
182,3437
182,3454
182,3465
182,3474
182,3494
182,3514
182,3534
182,3540
182,3554
182,3574
182,3578
182,3610
182,3614
182,3626
182,3634
182,3654
182,3674
182,3693
182,3694
182,3714
182,3717
182,3734
182,3745
182,3748
182,3754
182,3774
182,3776
182,3794
182,3795
182,3814
182,3834
182,3871
182,3874
182,3884
182,3914
182,3931
182,3934
182,3954
182,3974
183,22
183,42
183,62
183,82
183,122
183,133
183,142
183,162
183,192
183,202
183,220
183,222
183,242
183,262
183,286
183,302
183,322
183,332
183,340
183,342
183,347
183,348
183,362
183,370
183,383
183,402
183,408
183,422
183,442
183,462
183,471
183,478
183,482
183,502
183,522
183,533
183,542
183,582
183,602
183,622
183,639
183,642
183,662
183,669
183,676
183,682
183,702
183,722
183,723
183,742
183,750
183,762
183,782
183,802
183,822
183,842
183,862
183,882
183,902
183,922
183,927
183,938
183,942
183,951
183,952
183,962
183,968
183,982
183,1002
183,1022
183,1034
183,1042
183,1048
183,1050
183,1062
183,1073
183,1082
183,1100
183,1102
183,1112
183,1122
183,1142
183,1143
183,1151
183,1161
183,1162
183,1171
183,1182
183,1202
183,1222
183,1242
183,1262
183,1271
183,1282
183,1302
183,1322
183,1324
183,1333
183,1342
183,1362
183,1382
183,1388
183,1402
183,1422
183,1442
183,1462
183,1478
183,1482
183,1522
183,1533
183,1538
183,1602
183,1622
183,1642
183,1662
183,1682
183,1702
183,1722
183,1740
183,1742
183,1762
183,1782
183,1793
183,1802
183,1816
183,1822
183,1842
183,1862
183,1882
183,1891
183,1902
183,1917
183,1922
183,1925
183,1942
183,1962
183,1982
183,1992
183,2002
183,2019
183,2022
183,2028
183,2035
183,2042
183,2062
183,2070
183,2082
183,2087
183,2102
183,2122
183,2131
183,2142
183,2162
183,2202
183,2222
183,2229
183,2242
183,2247
183,2261
183,2262
183,2282
183,2302
183,2322
183,2342
183,2355
183,2362
183,2365
183,2374
183,2382
183,2402
183,2422
183,2424
183,2434
183,2440
183,2442
183,2460
183,2462
183,2482
183,2489
183,2502
183,2519
183,2541
183,2562
183,2582
183,2602
183,2622
183,2642
183,2673
183,2682
183,2702
183,2722
183,2741
183,2742
183,2762
183,2768
183,2784
183,2800
183,2802
183,2815
183,2822
183,2842
183,2862
183,2882
183,2886
183,2902
183,2922
183,2942
183,2970
183,2982
183,3002
183,3022
183,3023
183,3031
183,3035
183,3042
183,3045
183,3062
183,3091
183,3102
183,3122
183,3142
183,3162
183,3202
183,3222
183,3242
183,3250
183,3262
183,3278
183,3282
183,3302
183,3322
183,3342
183,3346
183,3362
183,3382
183,3402
183,3422
183,3442
183,3462
183,3482
183,3502
183,3522
183,3528
183,3542
183,3552
183,3553
183,3562
183,3575
183,3582
183,3622
183,3642
183,3662
183,3682
183,3702
183,3704
183,3709
183,3722
183,3742
183,3762
183,3782
183,3791
183,3799
183,3800
183,3802
183,3822
183,3842
183,3862
183,3869
183,3882
183,3902
183,3922
183,3942
183,3958
183,3962
183,3967
183,3996
184,19
184,21
184,35
184,59
184,78
184,99
184,119
184,131
184,139
184,144
184,149
184,156
184,179
184,199
184,219
184,239
184,259
184,279
184,299
184,319
184,330
184,339
184,345
184,349
184,356
184,359
184,373
184,379
184,419
184,425
184,439
184,459
184,479
184,499
184,519
184,539
184,545
184,559
184,579
184,599
184,600
184,624
184,639
184,659
184,679
184,699
184,719
184,755
184,759
184,761
184,774
184,779
184,794
184,799
184,830
184,839
184,842
184,859
184,879
184,899
184,919
184,939
184,959
184,962
184,963
184,979
184,980
184,992
184,999
184,1007
184,1019
184,1059
184,1074
184,1079
184,1091
184,1099
184,1101
184,1139
184,1159
184,1179
184,1199
184,1219
184,1239
184,1279
184,1299
184,1319
184,1320
184,1323
184,1339
184,1359
184,1379
184,1399
184,1419
184,1439
184,1459
184,1479
184,1491
184,1499
184,1518
184,1528
184,1539
184,1559
184,1579
184,1619
184,1659
184,1679
184,1690
184,1694
184,1699
184,1716
184,1719
184,1739
184,1757
184,1759
184,1775
184,1779
184,1783
184,1799
184,1819
184,1834
184,1839
184,1859
184,1879
184,1899
184,1919
184,1934
184,1936
184,1939
184,1959
184,1979
184,1990
184,1999
184,2009
184,2010
184,2019
184,2021
184,2039
184,2056
184,2059
184,2060
184,2079
184,2085
184,2099
184,2104
184,2119
184,2123
184,2139
184,2150
184,2159
184,2179
184,2187
184,2199
184,2219
184,2222
184,2255
184,2259
184,2279
184,2288
184,2299
184,2319
184,2323
184,2339
184,2353
184,2359
184,2379
184,2399
184,2431
184,2439
184,2459
184,2463
184,2479
184,2483
184,2499
184,2519
184,2521
184,2539
184,2559
184,2579
184,2599
184,2619
184,2639
184,2641
184,2646
184,2679
184,2699
184,2719
184,2739
184,2759
184,2761
184,2779
184,2799
184,2819
184,2839
184,2859
184,2879
184,2899
184,2919
184,2939
184,2959
184,2962
184,2979
184,2999
184,3007
184,3019
184,3024
184,3026
184,3039
184,3056
184,3079
184,3096
184,3099
184,3104
184,3119
184,3147
184,3148
184,3159
184,3162
184,3179
184,3197
184,3199
184,3219
184,3239
184,3259
184,3279
184,3299
184,3310
184,3319
184,3339
184,3358
184,3359
184,3363
184,3399
184,3415
184,3419
184,3436
184,3439
184,3459
184,3469
184,3474
184,3479
184,3499
184,3519
184,3522
184,3539
184,3547
184,3559
184,3579
184,3599
184,3619
184,3636
184,3639
184,3672
184,3679
184,3719
184,3730
184,3759
184,3779
184,3799
184,3812
184,3816
184,3819
184,3834
184,3839
184,3845
184,3853
184,3859
184,3879
184,3899
184,3919
184,3925
184,3941
184,3945
184,3959
184,3979
184,3980
184,3998
184,3999
185,6
185,12
185,32
185,47
185,52
185,92
185,112
185,131
185,152
185,172
185,192
185,212
185,232
185,241
185,252
185,292
185,297
185,303
185,312
185,332
185,339
185,352
185,372
185,392
185,412
185,416
185,421
185,432
185,452
185,457
185,492
185,508
185,552
185,592
185,612
185,627
185,652
185,672
185,692
185,705
185,712
185,732
185,751
185,752
185,772
185,792
185,805
185,812
185,820
185,832
185,850
185,852
185,872
185,892
185,912
185,923
185,939
185,940
185,943
185,952
185,972
185,983
185,992
185,1012
185,1032
185,1052
185,1072
185,1092
185,1112
185,1114
185,1132
185,1136
185,1152
185,1172
185,1192
185,1212
185,1225
185,1232
185,1245
185,1252
185,1256
185,1272
185,1292
185,1296
185,1311
185,1332
185,1352
185,1372
185,1380
185,1392
185,1394
185,1412
185,1432
185,1452
185,1459
185,1467
185,1469
185,1486
185,1492
185,1512
185,1531
185,1532
185,1552
185,1559
185,1572
185,1592
185,1612
185,1623
185,1632
185,1652
185,1668
185,1692
185,1705
185,1712
185,1732
185,1752
185,1772
185,1792
185,1812
185,1830
185,1832
185,1854
185,1872
185,1892
185,1912
185,1914
185,1917
185,1932
185,1935
185,1937
185,1951
185,1952
185,1968
185,1972
185,1992
185,2032
185,2052
185,2066
185,2072
185,2077
185,2112
185,2132
185,2152
185,2172
185,2192
185,2199
185,2212
185,2232
185,2252
185,2261
185,2272
185,2286
185,2292
185,2312
185,2332
185,2392
185,2393
185,2412
185,2430
185,2432
185,2434
185,2452
185,2466
185,2472
185,2492
185,2512
185,2528
185,2532
185,2552
185,2567
185,2572
185,2592
185,2595
185,2600
185,2612
185,2616
185,2622
185,2632
185,2652
185,2672
185,2689
185,2692
185,2709
185,2712
185,2716
185,2732
185,2733
185,2751
185,2752
185,2772
185,2792
185,2812
185,2822
185,2832
185,2833
185,2839
185,2883
185,2892
185,2912
185,2921
185,2932
185,2948
185,2952
185,2972
185,2992
185,3002
185,3012
185,3029
185,3030
185,3032
185,3045
185,3052
185,3062
185,3072
185,3087
185,3092
185,3112
185,3132
185,3152
185,3172
185,3175
185,3182
185,3183
185,3192
185,3212
185,3228
185,3232
185,3250
185,3270
185,3272
185,3288
185,3292
185,3312
185,3332
185,3342
185,3352
185,3392
185,3407
185,3412
185,3432
185,3452
185,3472
185,3480
185,3492
185,3510
185,3512
185,3532
185,3548
185,3552
185,3554
185,3572
185,3586
185,3592
185,3593
185,3632
185,3652
185,3672
185,3692
185,3710
185,3712
185,3732
185,3752
185,3756
185,3772
185,3786
185,3792
185,3804
185,3812
185,3832
185,3872
185,3892
185,3903
185,3932
185,3935
185,3952
185,3972
185,3974
185,3992
185,3998
186,3
186,11
186,24
186,31
186,51
186,71
186,91
186,95
186,104
186,111
186,117
186,129
186,131
186,166
186,191
186,211
186,229
186,231
186,233
186,251
186,271
186,281
186,291
186,302
186,311
186,325
186,351
186,371
186,388
186,391
186,411
186,424
186,430
186,431
186,451
186,471
186,476
186,487
186,491
186,504
186,511
186,519
186,531
186,532
186,546
186,551
186,554
186,571
186,591
186,611
186,631
186,651
186,671
186,691
186,703
186,731
186,751
186,771
186,791
186,811
186,851
186,891
186,911
186,931
186,951
186,971
186,972
186,991
186,1011
186,1031
186,1051
186,1071
186,1081
186,1088
186,1091
186,1092
186,1111
186,1131
186,1135
186,1138
186,1151
186,1171
186,1176
186,1178
186,1211
186,1227
186,1231
186,1251
186,1265
186,1271
186,1291
186,1311
186,1314
186,1328
186,1331
186,1334
186,1347
186,1351
186,1371
186,1391
186,1411
186,1420
186,1422
186,1431
186,1451
186,1471
186,1511
186,1530
186,1531
186,1551
186,1569
186,1571
186,1591
186,1603
186,1605
186,1611
186,1631
186,1635
186,1651
186,1667
186,1690
186,1691
186,1711
186,1713
186,1723
186,1731
186,1751
186,1771
186,1791
186,1811
186,1831
186,1851
186,1859
186,1871
186,1881
186,1888
186,1891
186,1901
186,1911
186,1912
186,1931
186,1951
186,1971
186,1988
186,1991
186,2031
186,2051
186,2071
186,2091
186,2111
186,2131
186,2151
186,2171
186,2191
186,2211
186,2222
186,2231
186,2242
186,2243
186,2260
186,2273
186,2291
186,2311
186,2312
186,2331
186,2351
186,2391
186,2411
186,2430
186,2431
186,2451
186,2456
186,2460
186,2471
186,2491
186,2531
186,2532
186,2541
186,2547
186,2571
186,2591
186,2611
186,2631
186,2642
186,2645
186,2651
186,2671
186,2681
186,2691
186,2699
186,2711
186,2731
186,2746
186,2751
186,2755
186,2771
186,2791
186,2793
186,2811
186,2831
186,2833
186,2851
186,2862
186,2871
186,2878
186,2891
186,2911
186,2930
186,2931
186,2943
186,2951
186,2956
186,2971
186,2991
186,3004
186,3011
186,3014
186,3017
186,3030
186,3031
186,3051
186,3055
186,3071
186,3082
186,3091
186,3111
186,3131
186,3151
186,3171
186,3191
186,3194
186,3206
186,3211
186,3226
186,3231
186,3251
186,3271
186,3284
186,3291
186,3295
186,3311
186,3355
186,3371
186,3377
186,3390
186,3391
186,3411
186,3422
186,3431
186,3451
186,3471
186,3481
186,3491
186,3531
186,3534
186,3551
186,3552
186,3571
186,3591
186,3611
186,3631
186,3651
186,3671
186,3691
186,3711
186,3731
186,3751
186,3768
186,3831
186,3851
186,3867
186,3871
186,3891
186,3911
186,3931
186,3951
186,3957
186,3966
186,3971
186,3991
187,3
187,5
187,9
187,23
187,34
187,43
187,63
187,81
187,83
187,103
187,106
187,123
187,124
187,142
187,143
187,146
187,163
187,183
187,192
187,194
187,203
187,223
187,224
187,243
187,272
187,281
187,283
187,302
187,323
187,327
187,343
187,383
187,423
187,427
187,443
187,483
187,503
187,543
187,545
187,556
187,563
187,566
187,583
187,603
187,623
187,638
187,643
187,663
187,683
187,703
187,716
187,723
187,743
187,763
187,783
187,787
187,803
187,804
187,821
187,823
187,843
187,863
187,883
187,903
187,923
187,943
187,963
187,968
187,969
187,983
187,1002
187,1003
187,1024
187,1039
187,1043
187,1063
187,1083
187,1103
187,1123
187,1143
187,1163
187,1168
187,1175
187,1183
187,1185
187,1203
187,1223
187,1228
187,1243
187,1257
187,1263
187,1283
187,1303
187,1323
187,1330
187,1344
187,1346
187,1363
187,1383
187,1403
187,1443
187,1451
187,1463
187,1483
187,1498
187,1503
187,1504
187,1523
187,1543
187,1563
187,1568
187,1583
187,1603
187,1608
187,1623
187,1628
187,1643
187,1646
187,1652
187,1659
187,1663
187,1668
187,1683
187,1688
187,1703
187,1723
187,1743
187,1763
187,1783
187,1795
187,1803
187,1813
187,1823
187,1843
187,1848
187,1863
187,1883
187,1903
187,1914
187,1923
187,1930
187,1943
187,1959
187,1965
187,1983
187,1985
187,2003
187,2011
187,2023
187,2033
187,2063
187,2083
187,2103
187,2118
187,2123
187,2143
187,2163
187,2173
187,2183
187,2191
187,2203
187,2223
187,2242
187,2243
187,2257
187,2258
187,2263
187,2283
187,2303
187,2323
187,2343
187,2379
187,2383
187,2400
187,2403
187,2423
187,2443
187,2463
187,2483
187,2503
187,2522
187,2523
187,2543
187,2563
187,2583
187,2603
187,2611
187,2623
187,2628
187,2643
187,2663
187,2683
187,2684
187,2703
187,2723
187,2731
187,2743
187,2771
187,2773
187,2783
187,2799
187,2803
187,2823
187,2843
187,2862
187,2883
187,2902
187,2903
187,2923
187,2934
187,2943
187,2946
187,2961
187,2963
187,2968
187,2983
187,3003
187,3006
187,3023
187,3031
187,3043
187,3063
187,3081
187,3083
187,3103
187,3123
187,3143
187,3155
187,3163
187,3179
187,3203
187,3223
187,3243
187,3263
187,3283
187,3303
187,3316
187,3323
187,3343
187,3363
187,3379
187,3383
187,3393
187,3403
187,3404
187,3416
187,3423
187,3443
187,3463
187,3483
187,3496
187,3503
187,3523
187,3543
187,3551
187,3559
187,3563
187,3583
187,3603
187,3622
187,3633
187,3643
187,3651
187,3663
187,3698
187,3703
187,3704
187,3715
187,3716
187,3743
187,3763
187,3803
187,3843
187,3851
187,3863
187,3883
187,3903
187,3906
187,3923
187,3943
187,3963
187,3983
188,11
188,26
188,31
188,51
188,54
188,86
188,91
188,94
188,111
188,131
188,143
188,151
188,191
188,211
188,231
188,251
188,267
188,271
188,291
188,331
188,351
188,371
188,384
188,391
188,397
188,411
188,431
188,437
188,444
188,451
188,481
188,491
188,496
188,511
188,529
188,531
188,539
188,551
188,571
188,581
188,591
188,598
188,611
188,631
188,651
188,671
188,691
188,692
188,711
188,717
188,731
188,743
188,745
188,751
188,771
188,791
188,811
188,814
188,834
188,851
188,871
188,885
188,891
188,911
188,931
188,951
188,971
188,985
188,991
188,997
188,1006
188,1013
188,1015
188,1031
188,1039
188,1051
188,1071
188,1091
188,1111
188,1130
188,1131
188,1145
188,1151
188,1171
188,1191
188,1201
188,1210
188,1211
188,1220
188,1231
188,1247
188,1251
188,1253
188,1271
188,1285
188,1291
188,1298
188,1311
188,1319
188,1331
188,1332
188,1338
188,1344
188,1351
188,1356
188,1362
188,1371
188,1391
188,1408
188,1411
188,1431
188,1450
188,1451
188,1471
188,1491
188,1511
188,1531
188,1551
188,1571
188,1591
188,1615
188,1616
188,1631
188,1650
188,1651
188,1664
188,1671
188,1684
188,1691
188,1711
188,1713
188,1731
188,1735
188,1751
188,1761
188,1767
188,1771
188,1791
188,1807
188,1811
188,1820
188,1829
188,1831
188,1851
188,1871
188,1881
188,1891
188,1911
188,1931
188,1951
188,1971
188,1991
188,2011
188,2031
188,2051
188,2071
188,2073
188,2111
188,2131
188,2147
188,2151
188,2171
188,2191
188,2206
188,2211
188,2231
188,2251
188,2260
188,2267
188,2270
188,2271
188,2291
188,2296
188,2311
188,2326
188,2331
188,2344
188,2351
188,2365
188,2391
188,2411
188,2451
188,2471
188,2484
188,2496
188,2511
188,2531
188,2551
188,2571
188,2589
188,2604
188,2611
188,2621
188,2631
188,2651
188,2691
188,2695
188,2711
188,2731
188,2742
188,2748
188,2751
188,2752
188,2771
188,2776
188,2786
188,2831
188,2851
188,2871
188,2891
188,2902
188,2911
188,2918
188,2931
188,2951
188,2971
188,3011
188,3041
188,3051
188,3071
188,3073
188,3111
188,3131
188,3146
188,3151
188,3158
188,3171
188,3191
188,3211
188,3231
188,3241
188,3244
188,3246
188,3251
188,3271
188,3287
188,3291
188,3311
188,3331
188,3359
188,3390
188,3391
188,3411
188,3431
188,3443
188,3451
188,3461
188,3471
188,3491
188,3511
188,3531
188,3551
188,3571
188,3591
188,3611
188,3620
188,3631
188,3671
188,3691
188,3699
188,3711
188,3728
188,3731
188,3751
188,3771
188,3786
188,3791
188,3801
188,3814
188,3823
188,3830
188,3831
188,3851
188,3857
188,3859
188,3871
188,3891
188,3898
188,3911
188,3951
188,3952
188,3971
188,3997
189,12
189,18
189,21
189,38
189,45
189,58
189,64
189,78
189,88
189,98
189,118
189,138
189,158
189,166
189,178
189,198
189,235
189,238
189,242
189,258
189,260
189,275
189,278
189,283
189,335
189,338
189,342
189,370
189,377
189,378
189,389
189,398
189,418
189,438
189,445
189,477
189,478
189,498
189,511
189,518
189,538
189,558
189,560
189,567
189,578
189,598
189,618
189,634
189,638
189,658
189,662
189,670
189,678
189,681
189,698
189,718
189,738
189,758
189,760
189,767
189,778
189,789
189,798
189,818
189,838
189,858
189,859
189,878
189,885
189,898
189,900
189,918
189,926
189,929
189,938
189,949
189,956
189,958
189,978
189,1018
189,1038
189,1058
189,1078
189,1098
189,1119
189,1135
189,1138
189,1158
189,1177
189,1178
189,1198
189,1217
189,1218
189,1238
189,1258
189,1263
189,1272
189,1288
189,1298
189,1318
189,1338
189,1343
189,1358
189,1378
189,1384
189,1398
189,1409
189,1415
189,1418
189,1438
189,1458
189,1478
189,1498
189,1518
189,1532
189,1538
189,1558
189,1578
189,1598
189,1609
189,1638
189,1678
189,1696
189,1698
189,1717
189,1718
189,1735
189,1738
189,1770
189,1775
189,1798
189,1818
189,1826
189,1838
189,1845
189,1858
189,1878
189,1898
189,1918
189,1932
189,1958
189,1984
189,1996
189,2013
189,2018
189,2027
189,2038
189,2048
189,2058
189,2078
189,2098
189,2100
189,2110
189,2118
189,2119
189,2138
189,2148
189,2149
189,2158
189,2178
189,2198
189,2218
189,2233
189,2238
189,2240
189,2250
189,2251
189,2258
189,2278
189,2284
189,2298
189,2318
189,2319
189,2344
189,2358
189,2376
189,2378
189,2391
189,2398
189,2408
189,2412
189,2418
189,2438
189,2440
189,2458
189,2477
189,2498
189,2508
189,2518
189,2524
189,2538
189,2543
189,2558
189,2577
189,2578
189,2598
189,2618
189,2622
189,2638
189,2658
189,2663
189,2678
189,2698
189,2718
189,2725
189,2738
189,2754
189,2758
189,2760
189,2764
189,2798
189,2818
189,2858
189,2863
189,2868
189,2898
189,2918
189,2938
189,2948
189,2954
189,2965
189,2977
189,2998
189,3007
189,3018
189,3038
189,3058
189,3067
189,3078
189,3127
189,3138
189,3155
189,3158
189,3164
189,3176
189,3178
189,3198
189,3218
189,3238
189,3258
189,3278
189,3298
189,3318
189,3338
189,3358
189,3378
189,3398
189,3438
189,3458
189,3477
189,3478
189,3498
189,3515
189,3518
189,3538
189,3555
189,3558
189,3578
189,3598
189,3618
189,3626
189,3634
189,3638
189,3678
189,3691
189,3698
189,3706
189,3708
189,3738
189,3741
189,3758
189,3775
189,3778
189,3798
189,3838
189,3858
189,3878
189,3897
189,3918
189,3938
189,3945
189,3958
189,3978
189,3991
189,3998
190,11
190,17
190,37
190,57
190,77
190,95
190,97
190,105
190,115
190,137
190,152
190,157
190,177
190,197
190,217
190,233
190,237
190,257
190,287
190,297
190,317
190,337
190,377
190,397
190,400
190,416
190,417
190,422
190,437
190,446
190,448
190,457
190,477
190,486
190,490
190,497
190,517
190,537
190,540
190,557
190,563
190,577
190,594
190,597
190,617
190,622
190,632
190,677
190,694
190,697
190,717
190,719
190,737
190,757
190,777
190,789
190,791
190,797
190,817
190,836
190,837
190,843
190,857
190,877
190,897
190,917
190,937
190,951
190,961
190,985
190,997
190,1017
190,1032
190,1037
190,1057
190,1070
190,1077
190,1081
190,1097
190,1117
190,1133
190,1137
190,1146
190,1157
190,1177
190,1194
190,1197
190,1217
190,1237
190,1257
190,1266
190,1294
190,1297
190,1302
190,1317
190,1321
190,1337
190,1351
190,1357
190,1360
190,1366
190,1377
190,1378
190,1410
190,1417
190,1437
190,1457
190,1477
190,1497
190,1517
190,1537
190,1557
190,1565
190,1571
190,1577
190,1597
190,1639
190,1649
190,1657
190,1659
190,1677
190,1697
190,1711
190,1717
190,1730
190,1737
190,1757
190,1777
190,1804
190,1811
190,1817
190,1827
190,1837
190,1857
190,1876
190,1877
190,1897
190,1917
190,1934
190,1937
190,1941
190,1977
190,1997
190,2037
190,2077
190,2078
190,2097
190,2127
190,2128
190,2137
190,2157
190,2177
190,2197
190,2230
190,2237
190,2238
190,2242
190,2252
190,2277
190,2297
190,2298
190,2317
190,2326
190,2337
190,2341
190,2349
190,2350
190,2357
190,2397
190,2414
190,2415
190,2427
190,2431
190,2437
190,2457
190,2477
190,2497
190,2517
190,2537
190,2557
190,2563
190,2591
190,2597
190,2617
190,2637
190,2657
190,2677
190,2694
190,2697
190,2717
190,2734
190,2737
190,2757
190,2761
190,2777
190,2797
190,2802
190,2806
190,2817
190,2837
190,2842
190,2857
190,2867
190,2869
190,2877
190,2890
190,2909
190,2911
190,2917
190,2921
190,2930
190,2935
190,2937
190,2957
190,2977
190,2989
190,2997
190,3017
190,3037
190,3057
190,3077
190,3090
190,3097
190,3099
190,3113
190,3117
190,3137
190,3157
190,3177
190,3182
190,3197
190,3201
190,3207
190,3217
190,3237
190,3257
190,3277
190,3297
190,3337
190,3357
190,3377
190,3397
190,3398
190,3437
190,3455
190,3457
190,3477
190,3478
190,3497
190,3498
190,3517
190,3537
190,3568
190,3577
190,3592
190,3597
190,3609
190,3617
190,3623
190,3637
190,3657
190,3677
190,3694
190,3699
190,3737
190,3757
190,3774
190,3790
190,3797
190,3808
190,3810
190,3817
190,3837
190,3847
190,3849
190,3857
190,3877
190,3897
190,3917
190,3945
190,3957
190,3977
190,3995
190,3996
190,3997
190,3999
191,2
191,9
191,49
191,69
191,75
191,89
191,96
191,99
191,109
191,129
191,158
191,169
191,189
191,199
191,209
191,229
191,246
191,249
191,268
191,269
191,271
191,289
191,309
191,330
191,349
191,369
191,429
191,452
191,453
191,469
191,489
191,509
191,529
191,549
191,569
191,577
191,589
191,609
191,629
191,669
191,689
191,691
191,709
191,729
191,749
191,769
191,789
191,809
191,821
191,829
191,849
191,858
191,869
191,876
191,889
191,909
191,927
191,929
191,938
191,969
191,1009
191,1016
191,1029
191,1049
191,1069
191,1078
191,1080
191,1089
191,1109
191,1118
191,1121
191,1129
191,1140
191,1149
191,1163
191,1169
191,1209
191,1229
191,1236
191,1249
191,1269
191,1288
191,1309
191,1329
191,1337
191,1349
191,1369
191,1389
191,1401
191,1411
191,1427
191,1431
191,1449
191,1469
191,1483
191,1489
191,1490
191,1509
191,1520
191,1529
191,1549
191,1569
191,1580
191,1589
191,1591
191,1602
191,1605
191,1609
191,1619
191,1629
191,1635
191,1669
191,1689
191,1709
191,1729
191,1769
191,1789
191,1805
191,1809
191,1817
191,1829
191,1849
191,1850
191,1869
191,1889
191,1908
191,1909
191,1929
191,1943
191,1949
191,1952
191,1969
191,1983
191,1989
191,1991
191,2029
191,2047
191,2049
191,2062
191,2069
191,2076
191,2089
191,2107
191,2109
191,2129
191,2149
191,2157
191,2169
191,2171
191,2183
191,2184
191,2189
191,2209
191,2212
191,2229
191,2249
191,2256
191,2269
191,2289
191,2309
191,2329
191,2349
191,2360
191,2370
191,2389
191,2409
191,2427
191,2429
191,2449
191,2489
191,2509
191,2511
191,2529
191,2549
191,2569
191,2589
191,2609
191,2629
191,2649
191,2669
191,2672
191,2678
191,2689
191,2691
191,2729
191,2731
191,2742
191,2749
191,2789
191,2800
191,2809
191,2818
191,2829
191,2849
191,2852
191,2856
191,2869
191,2871
191,2889
191,2903
191,2909
191,2929
191,2969
191,2989
191,3009
191,3017
191,3023
191,3028
191,3029
191,3046
191,3069
191,3089
191,3109
191,3129
191,3142
191,3143
191,3149
191,3156
191,3169
191,3171
191,3175
191,3189
191,3203
191,3209
191,3226
191,3229
191,3236
191,3248
191,3268
191,3269
191,3309
191,3329
191,3337
191,3345
191,3349
191,3369
191,3371
191,3389
191,3414
191,3421
191,3422
191,3429
191,3439
191,3442
191,3447
191,3449
191,3469
191,3489
191,3529
191,3545
191,3549
191,3554
191,3568
191,3569
191,3574
191,3589
191,3609
191,3611
191,3629
191,3637
191,3649
191,3669
191,3689
191,3696
191,3709
191,3729
191,3731
191,3749
191,3769
191,3789
191,3808
191,3809
191,3814
191,3829
191,3849
191,3854
191,3859
191,3882
191,3889
191,3920
191,3929
191,3943
191,3944
191,3953
191,3969
191,3972
191,3989
191,3992
192,27
192,41
192,47
192,67
192,79
192,87
192,107
192,125
192,127
192,133
192,134
192,143
192,147
192,157
192,167
192,187
192,200
192,207
192,227
192,247
192,267
192,287
192,293
192,315
192,347
192,365
192,367
192,387
192,407
192,419
192,447
192,467
192,472
192,487
192,488
192,507
192,508
192,527
192,547
192,567
192,585
192,587
192,591
192,607
192,647
192,667
192,685
192,687
192,707
192,718
192,727
192,747
192,764
192,767
192,773
192,787
192,807
192,827
192,847
192,867
192,887
192,927
192,956
192,967
192,987
192,1007
192,1025
192,1027
192,1047
192,1067
192,1087
192,1101
192,1107
192,1144
192,1147
192,1167
192,1187
192,1207
192,1227
192,1228
192,1237
192,1247
192,1258
192,1259
192,1267
192,1287
192,1292
192,1297
192,1305
192,1316
192,1347
192,1367
192,1387
192,1407
192,1408
192,1415
192,1427
192,1447
192,1467
192,1487
192,1506
192,1507
192,1512
192,1524
192,1547
192,1567
192,1587
192,1607
192,1618
192,1627
192,1647
192,1667
192,1683
192,1687
192,1707
192,1727
192,1767
192,1777
192,1787
192,1788
192,1800
192,1803
192,1807
192,1813
192,1835
192,1847
192,1855
192,1867
192,1887
192,1907
192,1927
192,1967
192,1987
192,2007
192,2027
192,2029
192,2047
192,2070
192,2087
192,2093
192,2107
192,2113
192,2127
192,2147
192,2158
192,2167
192,2187
192,2189
192,2207
192,2212
192,2215
192,2216
192,2227
192,2247
192,2267
192,2287
192,2307
192,2313
192,2321
192,2347
192,2367
192,2387
192,2407
192,2415
192,2427
192,2438
192,2459
192,2460
192,2487
192,2491
192,2499
192,2500
192,2502
192,2507
192,2527
192,2528
192,2544
192,2547
192,2567
192,2590
192,2607
192,2627
192,2647
192,2654
192,2656
192,2667
192,2676
192,2687
192,2699
192,2700
192,2707
192,2727
192,2739
192,2767
192,2786
192,2787
192,2807
192,2812
192,2827
192,2847
192,2850
192,2859
192,2867
192,2881
192,2887
192,2893
192,2921
192,2927
192,2939
192,2942
192,2947
192,2967
192,2987
192,2989
192,2996
192,3007
192,3027
192,3047
192,3062
192,3067
192,3086
192,3087
192,3101
192,3107
192,3108
192,3127
192,3133
192,3147
192,3161
192,3167
192,3187
192,3218
192,3227
192,3234
192,3267
192,3287
192,3297
192,3307
192,3325
192,3327
192,3347
192,3367
192,3387
192,3407
192,3427
192,3450
192,3467
192,3487
192,3507
192,3515
192,3527
192,3547
192,3567
192,3569
192,3578
192,3587
192,3588
192,3597
192,3603
192,3607
192,3608
192,3612
192,3622
192,3627
192,3647
192,3667
192,3668
192,3687
192,3707
192,3714
192,3727
192,3736
192,3747
192,3806
192,3807
192,3808
192,3827
192,3847
192,3867
192,3887
192,3890
192,3907
192,3920
192,3923
192,3926
192,3927
192,3938
192,3967
192,3987
193,14
193,63
193,74
193,94
193,107
193,134
193,154
193,174
193,194
193,214
193,217
193,234
193,248
193,253
193,254
193,274
193,294
193,314
193,334
193,354
193,370
193,374
193,394
193,396
193,414
193,417
193,434
193,454
193,456
193,494
193,514
193,519
193,534
193,554
193,557
193,574
193,594
193,614
193,634
193,654
193,660
193,662
193,665
193,674
193,710
193,714
193,734
193,754
193,767
193,769
193,774
193,775
193,794
193,796
193,803
193,814
193,820
193,822
193,828
193,834
193,854
193,874
193,894
193,910
193,914
193,934
193,954
193,969
193,989
193,993
193,994
193,1014
193,1020
193,1032
193,1034
193,1074
193,1083
193,1094
193,1099
193,1118
193,1134
193,1140
193,1154
193,1171
193,1174
193,1214
193,1241
193,1254
193,1274
193,1294
193,1295
193,1310
193,1314
193,1334
193,1354
193,1374
193,1385
193,1389
193,1394
193,1414
193,1434
193,1454
193,1463
193,1474
193,1490
193,1494
193,1514
193,1534
193,1535
193,1550
193,1554
193,1574
193,1594
193,1614
193,1634
193,1654
193,1674
193,1694
193,1705
193,1714
193,1734
193,1770
193,1775
193,1794
193,1814
193,1815
193,1834
193,1841
193,1857
193,1863
193,1864
193,1874
193,1884
193,1894
193,1910
193,1914
193,1928
193,1929
193,1934
193,1954
193,1965
193,1974
193,1994
193,2014
193,2032
193,2034
193,2054
193,2074
193,2079
193,2094
193,2095
193,2099
193,2101
193,2114
193,2121
193,2132
193,2134
193,2135
193,2154
193,2174
193,2176
193,2194
193,2214
193,2234
193,2254
193,2274
193,2278
193,2294
193,2314
193,2334
193,2354
193,2374
193,2384
193,2394
193,2409
193,2434
193,2439
193,2454
193,2459
193,2474
193,2483
193,2494
193,2514
193,2534
193,2554
193,2558
193,2574
193,2579
193,2592
193,2613
193,2614
193,2634
193,2637
193,2654
193,2656
193,2674
193,2694
193,2699
193,2701
193,2734
193,2754
193,2764
193,2774
193,2787
193,2788
193,2814
193,2854
193,2874
193,2894
193,2914
193,2934
193,2954
193,2968
193,2974
193,2994
193,3008
193,3014
193,3034
193,3054
193,3085
193,3094
193,3099
193,3114
193,3134
193,3140
193,3150
193,3154
193,3174
193,3194
193,3214
193,3246
193,3253
193,3254
193,3274
193,3275
193,3283
193,3302
193,3314
193,3334
193,3362
193,3374
193,3386
193,3394
193,3403
193,3414
193,3434
193,3448
193,3454
193,3474
193,3494
193,3508
193,3514
193,3534
193,3539
193,3554
193,3560
193,3572
193,3574
193,3580
193,3594
193,3601
193,3607
193,3614
193,3634
193,3649
193,3654
193,3669
193,3674
193,3694
193,3714
193,3754
193,3755
193,3774
193,3781
193,3796
193,3813
193,3814
193,3834
193,3840
193,3845
193,3854
193,3874
193,3894
193,3914
193,3934
193,3941
193,3943
193,3954
193,3974
193,3981
193,3994
194,14
194,34
194,54
194,69
194,94
194,113
194,134
194,145
194,154
194,174
194,194
194,214
194,230
194,231
194,234
194,254
194,256
194,268
194,274
194,294
194,297
194,314
194,334
194,339
194,346
194,347
194,365
194,394
194,402
194,414
194,454
194,474
194,494
194,514
194,518
194,534
194,554
194,573
194,594
194,613
194,614
194,615
194,631
194,634
194,654
194,674
194,694
194,714
194,734
194,735
194,738
194,754
194,774
194,794
194,798
194,804
194,805
194,814
194,819
194,834
194,836
194,841
194,854
194,858
194,870
194,874
194,894
194,914
194,916
194,934
194,946
194,948
194,954
194,970
194,974
194,994
194,1014
194,1023
194,1034
194,1037
194,1054
194,1055
194,1074
194,1094
194,1099
194,1114
194,1124
194,1128
194,1134
194,1138
194,1143
194,1154
194,1174
194,1182
194,1214
194,1225
194,1234
194,1252
194,1254
194,1256
194,1274
194,1277
194,1314
194,1334
194,1354
194,1364
194,1374
194,1378
194,1394
194,1414
194,1434
194,1454
194,1474
194,1488
194,1494
194,1503
194,1514
194,1539
194,1554
194,1574
194,1583
194,1594
194,1614
194,1634
194,1639
194,1654
194,1674
194,1684
194,1694
194,1714
194,1734
194,1743
194,1748
194,1754
194,1774
194,1794
194,1814
194,1834
194,1854
194,1874
194,1894
194,1895
194,1899
194,1914
194,1934
194,1945
194,1954
194,1961
194,1974
194,1994
194,2014
194,2034
194,2074
194,2084
194,2120
194,2124
194,2134
194,2154
194,2163
194,2166
194,2174
194,2181
194,2194
194,2199
194,2208
194,2214
194,2222
194,2234
194,2239
194,2274
194,2279
194,2294
194,2314
194,2331
194,2334
194,2354
194,2365
194,2374
194,2394
194,2434
194,2454
194,2474
194,2494
194,2514
194,2534
194,2554
194,2574
194,2584
194,2594
194,2613
194,2614
194,2634
194,2654
194,2665
194,2674
194,2694
194,2705
194,2714
194,2734
194,2774
194,2794
194,2802
194,2814
194,2834
194,2835
194,2854
194,2874
194,2894
194,2914
194,2918
194,2933
194,2934
194,2954
194,2974
194,2994
194,3002
194,3014
194,3015
194,3034
194,3036
194,3054
194,3058
194,3074
194,3077
194,3081
194,3094
194,3114
194,3128
194,3133
194,3134
194,3138
194,3152
194,3154
194,3164
194,3174
194,3194
194,3214
194,3234
194,3254
194,3264
194,3274
194,3294
194,3307
194,3314
194,3330
194,3334
194,3343
194,3353
194,3354
194,3394
194,3414
194,3431
194,3434
194,3449
194,3454
194,3474
194,3493
194,3494
194,3514
194,3515
194,3554
194,3572
194,3574
194,3589
194,3594
194,3607
194,3614
194,3634
194,3654
194,3655
194,3674
194,3684
194,3693
194,3694
194,3714
194,3734
194,3754
194,3755
194,3774
194,3794
194,3795
194,3803
194,3814
194,3822
194,3834
194,3854
194,3874
194,3881
194,3914
194,3934
194,3974
194,3994
195,3
195,23
195,43
195,62
195,63
195,83
195,103
195,124
195,143
195,163
195,183
195,186
195,194
195,203
195,209
195,220
195,223
195,243
195,263
195,283
195,300
195,303
195,323
195,343
195,363
195,367
195,373
195,383
195,385
195,403
195,410
195,423
195,442
195,443
195,463
195,483
195,495
195,503
195,516
195,523
195,543
195,553
195,554
195,563
195,586
195,603
195,623
195,643
195,663
195,664
195,683
195,703
195,723
195,731
195,743
195,763
195,783
195,793
195,803
195,815
195,823
195,832
195,843
195,849
195,851
195,856
195,863
195,870
195,883
195,903
195,910
195,923
195,963
195,969
195,1003
195,1006
195,1023
195,1043
195,1063
195,1065
195,1075
195,1076
195,1083
195,1102
195,1103
195,1110
195,1123
195,1143
195,1158
195,1163
195,1203
195,1223
195,1236
195,1243
195,1272
195,1297
195,1300
195,1323
195,1343
195,1352
195,1356
195,1363
195,1383
195,1402
195,1403
195,1406
195,1413
195,1416
195,1443
195,1444
195,1463
195,1479
195,1483
195,1484
195,1503
195,1523
195,1533
195,1543
195,1555
195,1561
195,1563
195,1572
195,1574
195,1583
195,1603
195,1623
195,1633
195,1642
195,1643
195,1663
195,1683
195,1684
195,1691
195,1723
195,1743
195,1757
195,1763
195,1783
195,1791
195,1803
195,1843
195,1863
195,1864
195,1883
195,1903
195,1904
195,1923
195,1943
195,1954
195,1963
195,1977
195,1983
195,2003
195,2023
195,2043
195,2063
195,2065
195,2069
195,2083
195,2117
195,2123
195,2136
195,2143
195,2156
195,2163
195,2174
195,2180
195,2183
195,2203
195,2223
195,2224
195,2243
195,2283
195,2289
195,2303
195,2323
195,2343
195,2358
195,2363
195,2369
195,2383
195,2403
195,2423
195,2431
195,2443
195,2463
195,2483
195,2503
195,2523
195,2543
195,2563
195,2578
195,2583
195,2591
195,2597
195,2603
195,2606
195,2623
195,2637
195,2654
195,2663
195,2683
195,2688
195,2693
195,2699
195,2703
195,2704
195,2718
195,2723
195,2760
195,2763
195,2783
195,2803
195,2823
195,2843
195,2849
195,2863
195,2883
195,2890
195,2893
195,2903
195,2913
195,2936
195,2943
195,2954
195,2966
195,2983
195,2998
195,3003
195,3014
195,3023
195,3043
195,3057
195,3063
195,3083
195,3093
195,3103
195,3123
195,3143
195,3163
195,3183
195,3203
195,3223
195,3243
195,3263
195,3283
195,3303
195,3323
195,3341
195,3343
195,3355
195,3363
195,3382
195,3383
195,3384
195,3403
195,3412
195,3423
195,3443
195,3444
195,3463
195,3466
195,3483
195,3503
195,3523
195,3563
195,3583
195,3603
195,3607
195,3610
195,3623
195,3643
195,3663
195,3683
195,3703
195,3723
195,3743
195,3750
195,3783
195,3793
195,3823
195,3836
195,3843
195,3847
195,3863
195,3883
195,3914
195,3927
195,3943
195,3963
195,3980
195,3983
195,3987
195,3992
196,9
196,29
196,58
196,60
196,69
196,89
196,109
196,127
196,129
196,149
196,169
196,189
196,191
196,206
196,209
196,221
196,229
196,240
196,249
196,269
196,274
196,288
196,289
196,309
196,326
196,340
196,349
196,369
196,381
196,389
196,409
196,417
196,429
196,434
196,449
196,469
196,476
196,489
196,497
196,529
196,549
196,569
196,587
196,609
196,629
196,649
196,651
196,657
196,669
196,681
196,687
196,689
196,697
196,709
196,718
196,729
196,749
196,769
196,789
196,803
196,806
196,809
196,849
196,854
196,869
196,909
196,929
196,938
196,949
196,963
196,969
196,987
196,989
196,1009
196,1019
196,1029
196,1049
196,1056
196,1089
196,1109
196,1119
196,1129
196,1149
196,1169
196,1189
196,1209
196,1229
196,1232
196,1237
196,1249
196,1257
196,1266
196,1269
196,1289
196,1309
196,1325
196,1345
196,1350
196,1369
196,1384
196,1389
196,1409
196,1429
196,1449
196,1463
196,1466
196,1469
196,1480
196,1489
196,1500
196,1509
196,1529
196,1538
196,1546
196,1547
196,1549
196,1569
196,1589
196,1600
196,1602
196,1609
196,1615
196,1629
196,1649
196,1666
196,1669
196,1687
196,1689
196,1691
196,1709
196,1723
196,1729
196,1749
196,1755
196,1769
196,1789
196,1809
196,1815
196,1829
196,1886
196,1889
196,1909
196,1929
196,1938
196,1947
196,1949
196,1969
196,1989
196,2009
196,2012
196,2014
196,2029
196,2041
196,2049
196,2069
196,2089
196,2109
196,2128
196,2129
196,2149
196,2163
196,2169
196,2189
196,2205
196,2209
196,2223
196,2242
196,2249
196,2251
196,2255
196,2289
196,2309
196,2311
196,2349
196,2369
196,2383
196,2409
196,2429
196,2449
196,2456
196,2460
196,2461
196,2467
196,2469
196,2529
196,2549
196,2569
196,2571
196,2596
196,2609
196,2622
196,2642
196,2649
196,2669
196,2678
196,2680
196,2689
196,2705
196,2709
196,2712
196,2714
196,2729
196,2749
196,2769
196,2789
196,2809
196,2829
196,2843
196,2849
196,2869
196,2886
196,2887
196,2889
196,2909
196,2929
196,2932
196,2949
196,2956
196,2964
196,2969
196,2977
196,2989
196,3004
196,3006
196,3009
196,3011
196,3025
196,3029
196,3064
196,3074
196,3108
196,3109
196,3116
196,3128
196,3129
196,3139
196,3149
196,3153
196,3169
196,3189
196,3229
196,3249
196,3269
196,3289
196,3306
196,3309
196,3329
196,3345
196,3349
196,3389
196,3409
196,3429
196,3449
196,3459
196,3469
196,3477
196,3482
196,3489
196,3509
196,3529
196,3543
196,3549
196,3575
196,3581
196,3609
196,3613
196,3649
196,3651
196,3654
196,3669
196,3689
196,3709
196,3729
196,3742
196,3749
196,3758
196,3777
196,3789
196,3793
196,3796
196,3809
196,3827
196,3829
196,3849
196,3869
196,3874
196,3889
196,3897
196,3907
196,3922
196,3929
196,3944
196,3949
196,3962
196,3969
197,3
197,11
197,23
197,43
197,46
197,48
197,63
197,83
197,103
197,123
197,129
197,141
197,143
197,163
197,165
197,173
197,174
197,183
197,223
197,236
197,239
197,243
197,258
197,263
197,281
197,283
197,295
197,303
197,323
197,338
197,341
197,343
197,375
197,383
197,401
197,403
197,414
197,423
197,443
197,463
197,483
197,503
197,522
197,523
197,543
197,545
197,547
197,563
197,583
197,603
197,623
197,643
197,663
197,676
197,723
197,738
197,743
197,763
197,773
197,777
197,783
197,802
197,803
197,823
197,843
197,847
197,863
197,903
197,912
197,923
197,931
197,935
197,943
197,952
197,963
197,983
197,1003
197,1023
197,1043
197,1099
197,1103
197,1123
197,1143
197,1145
197,1183
197,1203
197,1223
197,1226
197,1232
197,1243
197,1253
197,1261
197,1273
197,1283
197,1285
197,1304
197,1323
197,1343
197,1363
197,1383
197,1403
197,1423
197,1432
197,1443
197,1453
197,1457
197,1463
197,1483
197,1503
197,1523
197,1543
197,1563
197,1583
197,1585
197,1588
197,1603
197,1622
197,1623
197,1643
197,1663
197,1683
197,1699
197,1703
197,1723
197,1743
197,1751
197,1757
197,1763
197,1765
197,1783
197,1811
197,1823
197,1843
197,1863
197,1882
197,1883
197,1902
197,1903
197,1912
197,1917
197,1923
197,1935
197,1943
197,1963
197,1973
197,1983
197,2023
197,2043
197,2055
197,2063
197,2078
197,2082
197,2083
197,2123
197,2128
197,2143
197,2144
197,2190
197,2203
197,2208
197,2213
197,2223
197,2243
197,2245
197,2263
197,2303
197,2309
197,2323
197,2330
197,2343
197,2363
197,2367
197,2369
197,2374
197,2383
197,2394
197,2403
197,2423
197,2427
197,2443
197,2459
197,2499
197,2503
197,2523
197,2543
197,2545
197,2563
197,2576
197,2583
197,2623
197,2643
197,2658
197,2659
197,2663
197,2697
197,2703
197,2709
197,2723
197,2743
197,2763
197,2783
197,2795
197,2803
197,2843
197,2863
197,2867
197,2883
197,2903
197,2910
197,2923
197,2936
197,2943
197,2963
197,2968
197,2974
197,2983
197,3003
197,3011
197,3023
197,3043
197,3063
197,3083
197,3090
197,3099
197,3102
197,3103
197,3111
197,3112
197,3123
197,3143
197,3163
197,3176
197,3183
197,3193
197,3223
197,3243
197,3263
197,3267
197,3283
197,3286
197,3303
197,3315
197,3322
197,3323
197,3340
197,3343
197,3380
197,3403
197,3423
197,3435
197,3443
197,3445
197,3463
197,3471
197,3483
197,3498
197,3503
197,3507
197,3519
197,3521
197,3523
197,3543
197,3559
197,3560
197,3562
197,3563
197,3570
197,3603
197,3620
197,3623
197,3641
197,3643
197,3663
197,3683
197,3703
197,3719
197,3723
197,3737
197,3743
197,3763
197,3783
197,3787
197,3821
197,3823
197,3830
197,3843
197,3861
197,3863
197,3879
197,3883
197,3903
197,3910
197,3923
197,3943
197,3963
197,3978
197,3983
198,2
198,22
198,30
198,42
198,62
198,82
198,98
198,103
198,122
198,130
198,136
198,142
198,162
198,173
198,182
198,199
198,202
198,210
198,228
198,238
198,242
198,262
198,268
198,282
198,300
198,302
198,311
198,322
198,327
198,342
198,362
198,369
198,382
198,398
198,402
198,404
198,442
198,462
198,482
198,502
198,511
198,522
198,542
198,552
198,571
198,582
198,602
198,620
198,622
198,642
198,662
198,682
198,702
198,713
198,722
198,742
198,760
198,762
198,782
198,802
198,813
198,822
198,825
198,842
198,845
198,862
198,882
198,897
198,902
198,916
198,922
198,942
198,950
198,962
198,968
198,982
198,992
198,1002
198,1017
198,1018
198,1022
198,1038
198,1042
198,1046
198,1062
198,1082
198,1122
198,1129
198,1142
198,1152
198,1157
198,1162
198,1182
198,1202
198,1222
198,1231
198,1242
198,1254
198,1262
198,1265
198,1282
198,1292
198,1302
198,1322
198,1342
198,1354
198,1362
198,1370
198,1382
198,1391
198,1402
198,1415
198,1422
198,1442
198,1453
198,1462
198,1482
198,1487
198,1502
198,1522
198,1531
198,1562
198,1582
198,1594
198,1602
198,1622
198,1631
198,1642
198,1651
198,1662
198,1682
198,1702
198,1715
198,1722
198,1742
198,1762
198,1782
198,1802
198,1822
198,1842
198,1844
198,1862
198,1882
198,1893
198,1902
198,1921
198,1922
198,1942
198,1950
198,1961
198,1962
198,1977
198,1982
198,2002
198,2022
198,2040
198,2042
198,2062
198,2082
198,2102
198,2108
198,2122
198,2142
198,2162
198,2182
198,2183
198,2186
198,2198
198,2202
198,2214
198,2222
198,2259
198,2262
198,2276
198,2278
198,2280
198,2282
198,2291
198,2302
198,2322
198,2323
198,2324
198,2342
198,2382
198,2402
198,2422
198,2442
198,2459
198,2462
198,2482
198,2502
198,2522
198,2542
198,2547
198,2562
198,2568
198,2578
198,2582
198,2602
198,2606
198,2622
198,2635
198,2642
198,2645
198,2650
198,2662
198,2666
198,2682
198,2697
198,2702
198,2762
198,2764
198,2776
198,2782
198,2802
198,2822
198,2842
198,2862
198,2902
198,2922
198,2941
198,2942
198,2946
198,2962
198,2982
198,2993
198,3002
198,3018
198,3022
198,3033
198,3042
198,3061
198,3062
198,3066
198,3080
198,3082
198,3102
198,3109
198,3120
198,3122
198,3142
198,3162
198,3170
198,3182
198,3192
198,3202
198,3222
198,3242
198,3262
198,3282
198,3302
198,3322
198,3328
198,3342
198,3362
198,3368
198,3382
198,3421
198,3422
198,3442
198,3447
198,3461
198,3462
198,3502
198,3522
198,3542
198,3562
198,3565
198,3582
198,3592
198,3601
198,3602
198,3622
198,3642
198,3662
198,3682
198,3702
198,3722
198,3742
198,3762
198,3767
198,3777
198,3779
198,3782
198,3800
198,3802
198,3819
198,3822
198,3842
198,3853
198,3862
198,3882
198,3902
198,3919
198,3922
198,3952
198,3962
198,3982
199,38
199,46
199,52
199,58
199,78
199,98
199,100
199,121
199,123
199,138
199,158
199,165
199,178
199,185
199,198
199,238
199,258
199,278
199,280
199,289
199,298
199,318
199,325
199,338
199,358
199,378
199,398
199,415
199,432
199,438
199,458
199,478
199,491
199,498
199,518
199,538
199,558
199,566
199,569
199,578
199,590
199,598
199,618
199,638
199,658
199,678
199,698
199,718
199,738
199,743
199,758
199,778
199,798
199,814
199,818
199,838
199,858
199,878
199,881
199,895
199,898
199,918
199,938
199,958
199,978
199,979
199,984
199,986
199,990
199,991
199,998
199,1018
199,1037
199,1038
199,1058
199,1078
199,1093
199,1098
199,1118
199,1138
199,1172
199,1178
199,1185
199,1198
199,1215
199,1218
199,1238
199,1258
199,1276
199,1278
199,1298
199,1318
199,1326
199,1336
199,1338
199,1346
199,1358
199,1378
199,1398
199,1403
199,1418
199,1438
199,1458
199,1478
199,1498
199,1518
199,1534
199,1538
199,1558
199,1577
199,1578
199,1598
199,1617
199,1618
199,1638
199,1642
199,1658
199,1673
199,1678
199,1698
199,1710
199,1714
199,1717
199,1718
199,1722
199,1738
199,1758
199,1778
199,1798
199,1828
199,1838
199,1846
199,1849
199,1858
199,1862
199,1875
199,1878
199,1885
199,1898
199,1905
199,1908
199,1917
199,1918
199,1938
199,1956
199,1958
199,1978
199,1991
199,1995
199,1998
199,2058
199,2078
199,2097
199,2098
199,2118
199,2138
199,2142
199,2167
199,2176
199,2178
199,2198
199,2218
199,2221
199,2238
199,2245
199,2258
199,2278
199,2298
199,2318
199,2328
199,2334
199,2338
199,2352
199,2358
199,2375
199,2377
199,2378
199,2398
199,2418
199,2425
199,2458
199,2478
199,2498
199,2518
199,2536
199,2538
199,2585
199,2598
199,2618
199,2623
199,2638
199,2654
199,2658
199,2669
199,2674
199,2676
199,2678
199,2679
199,2688
199,2698
199,2718
199,2738
199,2739
199,2758
199,2763
199,2769
199,2774
199,2778
199,2782
199,2794
199,2798
199,2818
199,2838
199,2858
199,2878
199,2898
199,2910
199,2911
199,2918
199,2937
199,2938
199,2941
199,2943
199,2958
199,2978
199,2998
199,3016
199,3018
199,3038
199,3058
199,3076
199,3078
199,3114
199,3123
199,3138
199,3158
199,3178
199,3198
199,3217
199,3218
199,3238
199,3258
199,3261
199,3274
199,3278
199,3298
199,3318
199,3338
199,3351
199,3358
199,3378
199,3398
199,3418
199,3438
199,3441
199,3443
199,3458
199,3462
199,3468
199,3470
199,3475
199,3478
199,3498
199,3525
199,3538
199,3558
199,3578
199,3580
199,3598
199,3618
199,3628
199,3638
199,3658
199,3667
199,3676
199,3678
199,3681
199,3698
199,3714
199,3718
199,3737
199,3738
199,3758
199,3767
199,3778
199,3791
199,3798
199,3799
199,3818
199,3838
199,3858
199,3878
199,3898
199,3938
199,3958
199,3967
199,3978
199,3995
199,3997
199,3998
