candidate_id,feasible,scalar_fitness,log_loss,brier,pr_auc,roc_auc,ece,recall,precision,predicted_positive_rate,sharpness,error_ratio,false_positives,false_negatives,mean_model_bytes,mean_structural_cost,estimated_structural_cost,recall_violation,structural_violation,model_fits,trees_fitted,elapsed_seconds,failure,decision_n_trees,decision_max_depth,decision_min_samples_leaf,decision_min_samples_split,decision_row_sample_fraction,decision_feature_fraction,decision_positive_sampling_weight,decision_criterion_index
0,0,15.472020253255133,0.5493846046359308,0.13918708227554247,0.35942523675556787,0.7140086845138064,0.07092057059139766,0.08587257617728532,0.5535714285714286,0.028,0.1366601629163738,-1.115260062204484,75,990,2154622.6,1363.8,26164,0.16412742382271467,-0.986918,5,620,7.097824462,,124,10,22,48,0.48669464980417354,0.9901357077912836,1.0844919164193525,1
1,0,15.353830040882094,0.5102774784864348,0.13729400027218552,0.34196017800614587,0.6936523013323103,0.03264278180952289,0.11542012927054478,0.5434782608695652,0.03833333333333333,0.14811213196706757,-0.9565127419058933,105,958,1471932.6,577.2,16730,0.1345798707294552,-0.991635,5,175,2.612691866,,35,16,12,6,0.5999558188728016,0.8771957064222513,1.3080721122599022,0
2,0,15.760108895914412,0.47611871431951697,0.13979042997971086,0.3443715718150585,0.6939044087531696,0.06236839771929819,0.013850415512465374,0.4838709677419355,0.005166666666666667,0.1004146707944381,-1.7985287838305042,16,1068,3081558.4,1140,103265,0.23614958448753462,-0.9483675,5,475,3.439165549,,95,11,4,4,0.45335236873498064,0.6307005190976533,1.0443841065567976,0
3,1,0.5475087616779997,0.5475087616779997,0.1748305119463046,0.3476833789511854,0.6991020468869099,0.13764581116666677,0.4422899353647276,0.3409252669039146,0.23416666666666666,0.2713292252539995,0.18532435949202816,926,604,1083018.4,1232,22352,-0.1922899353647276,-0.988824,5,880,8.154433812,,176,6,8,10,0.9998599528945658,0.5806170052005367,3.502389223847827,1
4,0,15.571743244944884,0.9570513891216087,0.1465794787597437,0.3252509489127566,0.6836962647351389,0.10052035700000063,0.060941828254847646,0.515625,0.021333333333333333,0.127544654286838,-1.2084072285471583,62,1017,246004.2,252.4,1968,0.18905817174515235,-0.999016,5,120,0.516541798,,24,10,46,4,0.4024304261024773,0.6455676172606744,1.2102108425213498,0
5,0,15.79334989314433,0.5116200023298239,0.14715243971394054,0.35526084189357016,0.705259477220287,0.10463839179710273,0.00554016620498615,0.5454545454545454,0.0018333333333333333,0.07822529798757148,-2.254467510467076,5,1077,6415065.2,3441.8,338790,0.24445983379501385,-0.830605,5,1150,12.012326617,,230,14,4,37,0.6145820080939327,0.7150254406913682,0.5818177594784856,1
6,0,15.767495784187727,0.4333486208083338,0.13533714548950315,0.35861503425787766,0.7037181947944372,0.018216244725738007,0.012003693444136657,0.5909090909090909,0.0036666666666666666,0.09069890250485434,-2.029789470831856,9,1070,8431602.2,3186,132088,0.23799630655586335,-0.933956,5,790,6.107297751,,158,21,5,7,0.4362439867738384,0.5554798140844686,1.0211135583521582,1
7,1,0.5050503162252723,0.5050503162252723,0.14904485259546055,0.34793552020001534,0.6976027354171584,0.08267611633755283,0.2917820867959372,0.4,0.13166666666666665,0.21937007239986567,-0.20866761040664542,474,767,970048.2,1106,20066,-0.0417820867959372,-0.989967,5,790,5.608934491,,158,6,14,33,0.9190047133714492,0.5436698300364626,2.765338758442055,0
8,0,15.815510557964274,2.4812918160696085,0.1804685885800822,0.1802222362125409,0.498913262089748,0.18038487873188405,0,0,0,0.0012419163216550743,-3.0350292822023683,0,1083,114438.2,368,1380,0.25,-0.99931,5,460,1.3557658639999999,,92,3,12,46,0.8547112188567891,0.3624035473056715,0.5436570215973804,0
9,0,15.464633364981818,0.674058226534197,0.14246440177799555,0.3060315231172062,0.6678511490183021,0.052433111166666956,0.08771929824561403,0.46798029556650245,0.03383333333333333,0.14970018919245534,-0.9577697936565558,108,988,701892.8,282.6,115515,0.16228070175438597,-0.9422425,5,75,1.5006461359999999,,15,18,1,37,0.8024364438932172,0.8344883186719163,0.9584728774371509,1
10,0,15.630838351131402,1.1959177751761565,0.15305986466721117,0.2616448757209434,0.6247303577333881,0.096766127833334,0.046168051708217916,0.47619047619047616,0.0175,0.12270930245876209,-1.2663325117517232,55,1033,339366.4,130,24920,0.20383194829178208,-0.98754,5,50,0.639872531,,10,12,2,3,0.519494345427586,0.981435789394663,0.6243003157791729,0
11,0,15.726867898684496,0.4555825877842917,0.13676571521173025,0.3507640926138696,0.693541223835522,0.03447837422839507,0.0221606648199446,0.6666666666666666,0.006,0.10642423941374386,-1.9113625129579335,12,1059,1129084.6,648,11340,0.2278393351800554,-0.99433,5,270,1.33798078,,54,11,24,10,0.5277752652891262,0.3791975930194208,1.6069043093574913,0
12,0,15.132223392682649,0.486658565730715,0.1550473924251467,0.3112596508293727,0.6794701556455819,0.12613821121544688,0.17082179132040629,0.43023255813953487,0.07166666666666667,0.12257478578047393,-0.5628245846298496,245,898,2954785.6,738,168633,0.07917820867959371,-0.9156835,5,205,1.457025989,,41,17,1,5,0.42856393148427835,0.36086823794376344,3.0274718332134936,1
13,0,15.165464389912565,1.262607506197863,0.15418806128407817,0.30326166548450156,0.6557899919832657,0.12192001258730208,0.16251154201292706,0.4512820512820513,0.065,0.18350969874036172,-0.6256473886054797,214,907,73803.8,126,1323,0.08748845798707294,-0.9993385,5,105,0.624852842,,21,5,31,3,0.5124966836205977,0.867585489479143,1.6558335396267536,0
14,0,15.808123669690959,2.04633919767405,0.17049638233425127,0.23666400117859787,0.571761602715887,0.16556576316666663,0.0018467220683287165,0.6666666666666666,0.0005,0.053860513146237486,-2.7331972651065692,1,1081,108292.8,107,1010,0.24815327793167127,-0.999495,5,50,0.495349802,,10,10,49,8,0.5214849317573461,0.8161666423719135,0.5008512047532707,1
15,0,15.815510557964274,2.479572822894122,0.18045661725375545,0.18024919073242696,0.49916677793195297,0.1803128394539007,0,0,0,0.0025662452620753436,-3.0350292822023683,0,1083,126324.2,376,1410,0.25,-0.999295,5,470,3.880953705,,94,3,1,4,0.8922817952889448,0.8881822366342718,0.8115595115798927,0
16,0,15.767495784187727,0.6215712590555849,0.14640315711565954,0.3405085652162489,0.6855025181634712,0.09967458334946241,0.012003693444136657,0.6842105263157895,0.0031666666666666666,0.0904855721832383,-2.184691430817599,6,1070,1224931.4,620,33542,0.23799630655586335,-0.983229,5,310,3.660479715,,62,9,11,2,0.6222422760469111,0.5965426022603569,0.99086816326813,1
17,0,15.527421915304993,0.6671195590810689,0.14150378614044232,0.33541829216624663,0.6886748464022628,0.07085833585858524,0.07202216066481995,0.5909090909090909,0.022,0.1338723557058788,-1.2622352912256647,54,1005,280986.2,264,5544,0.17797783933518005,-0.997228,5,165,1.2968227319999999,,33,7,42,5,0.7402653058601352,0.4245686850050238,1.86138550999294,1
18,0,15.815510557964274,2.481184351808752,0.18048697865409155,0.1811997718755092,0.501612924124962,0.18047489219148935,0,0,0,0.0003193448370562956,-3.0350292822023683,0,1083,317902.4,940,3525,0.25,-0.9982375,5,1175,5.4226462810000005,,235,3,32,38,0.45922779089711574,0.9043016690158872,0.5135147381056657,1
19,0,15.483100585665104,0.6987277758623227,0.14078232147964612,0.3321353034969024,0.6906212847018588,0.06519667153030312,0.08310249307479224,0.5421686746987951,0.027666666666666666,0.13491844992801352,-1.1108956592248314,76,993,560799,329,5676,0.16689750692520777,-0.997162,5,110,1.708148609,,22,23,18,6,0.4871913902463204,0.914870615705885,0.923888600329287,1
20,0,15.73425478695781,1.3259532254607482,0.15506206388954044,0.29138375943636585,0.6461743238779436,0.1265993545000004,0.020313942751615882,0.5641025641025641,0.0065,0.10138557174158959,-1.7708520116421442,17,1061,334795,213.6,3375,0.22968605724838412,-0.9983125,5,75,1.309843477,,15,16,27,8,0.6374117917226261,0.9224577382276016,0.621396658972725,1
21,0,15.416618591205271,0.7660938749265458,0.14791327566696438,0.26452323282466034,0.6394642290085596,0.06863303616666884,0.0997229916897507,0.39416058394160586,0.04566666666666667,0.14750080453534953,-0.7667333465191085,166,975,319297,130,3470,0.15027700831024932,-0.998265,5,50,0.434431603,,10,12,20,37,0.726568005449271,0.3239600496716782,1.5336323350735,0
22,0,15.815510557964274,0.7883585324308952,0.1646994741362057,0.30209594176692695,0.6485303311048352,0.14835937280952374,0,0,0,0.03729704775507788,-3.0350292822023683,0,1083,1360413.4,1260,71540,0.25,-0.96423,5,700,2.58596173,,140,8,2,12,0.44225844354799326,0.35463696188130656,0.5634043967191786,0
23,0,15.73425478695781,1.4412633515289206,0.15694472424863218,0.2713362659817139,0.6286879278197206,0.1265750725757583,0.020313942751615882,0.5238095238095238,0.007,0.10512463906933256,-1.703905222011531,20,1061,89848.8,88,1452,0.22968605724838412,-0.999274,5,55,0.373216546,,11,7,47,11,0.6513890222858587,0.41678614088019006,1.2758254528318314,1
24,1,0.59132846858219,0.59132846858219,0.15184300841820358,0.3403009515876005,0.6953603408454773,0.1025780962076027,0.270544783010157,0.4008207934336525,0.12183333333333334,0.22636885833695458,-0.2557119632555552,438,790,798055.6,1368,14364,-0.020544783010156997,-0.992818,5,1140,8.932743177999999,,228,5,2,9,0.7403987865998556,0.685581384036648,2.487023082080291,0
25,0,15.31689559951552,0.49568635626887697,0.13696756134986612,0.34691076689441974,0.6999151754770934,0.03419252125925871,0.12465373961218837,0.5252918287937743,0.042833333333333334,0.15051161686280803,-0.8873611009878948,122,948,1098532.8,540,31725,0.12534626038781163,-0.9841375,5,225,3.270644747,,45,11,6,28,0.4413484212926089,0.9590457344564776,1.4275355605838311,1
26,1,0.9624928877911392,0.9624928877911392,0.22690637821288043,0.32182810620614566,0.6890008489963871,0.22413593807734106,0.5789473684210527,0.2817977528089888,0.37083333333333335,0.3450016160776415,0.5439322636763845,1598,456,145295.2,459,1071,-0.32894736842105265,-0.9994645,5,765,3.97176842,,153,2,15,4,0.6821427891224395,0.7540806719717085,3.9163815415787657,0
27,0,14.866295414843313,0.580663238185207,0.1653477222922715,0.2634630589980643,0.6345624532521482,0.12594436061111136,0.23730378578024008,0.3386034255599473,0.1265,0.18150749490646342,-0.21593752449661927,502,826,879185.2,216.6,65025,0.012696214219759916,-0.9674875000000001,5,45,1.226898815,,9,24,1,13,0.752798752670784,0.5125823588274232,2.878869097118794,1
28,1,0.5111242254291629,0.5111242254291629,0.16911107710097478,0.35240773258292557,0.7033570755614296,0.1540471380471393,0.45706371191135736,0.35056657223796034,0.23533333333333334,0.20905204504838684,0.1927273864141408,917,588,4016563,1188,106128,-0.20706371191135736,-0.946936,5,495,10.196845011,,99,11,5,9,0.5592476018042595,0.8289253353950803,3.725849436780121,1
29,0,15.34644315260878,0.7207216068978399,0.14190752268344264,0.347993100682722,0.6977530609221103,0.07775154251851836,0.1172668513388735,0.5497835497835498,0.0385,0.15344092706979254,-0.9597226387069054,104,956,507129.2,482,4005,0.1327331486611265,-0.9979975,5,225,2.659354538,,45,10,61,57,0.5758043498420367,0.7447336548401977,1.453909160008009,1
30,0,15.464633364981818,0.4419444789852018,0.13529583537693377,0.35103200397028334,0.7050908422378426,0.01985133701801821,0.08771929824561403,0.521978021978022,0.030333333333333334,0.1339682186586703,-1.0507136194470108,87,988,1929361,1096.4,16502,0.16228070175438597,-0.991749,5,370,3.93205194,,74,20,23,3,0.5389064529117951,0.5693452899177351,1.5482706212901782,0
31,1,0.49355414281219956,0.49355414281219956,0.1496182979048151,0.3516472756645931,0.708613773496928,0.08608923338095248,0.3397968605724838,0.39232409381663114,0.15633333333333332,0.217203529277103,-0.09827691406200752,570,715,1459981.2,560,57288,-0.08979686057248382,-0.971356,5,280,4.530555491,,56,9,5,11,0.6050367608198598,0.900831933338395,2.6843141694996735,0
32,1,0.5483607338025547,0.5483607338025547,0.17126527691699076,0.29727467587175965,0.6767733104530591,0.15201957284313955,0.3591874422899354,0.33219470538001705,0.19516666666666665,0.1976037231298132,0.05177695746782954,782,694,1150523.8,339,102357,-0.10918744228993538,-0.9488215,5,85,2.33757746,,17,19,1,25,0.6274618941507351,0.9693330006216223,3.6621437867847897,0
33,0,15.616064574584772,0.4492807993387574,0.13623676197734402,0.34545735697010715,0.6918525266421677,0.014404363584699568,0.04986149584487535,0.6067415730337079,0.014833333333333334,0.11744181031185742,-1.456534723937885,35,1029,1021179,728.8,9028,0.20013850415512466,-0.995486,5,305,1.569999242,,61,11,31,28,0.4831514597661923,0.34879783133965225,2.045871318457274,0
34,0,15.379684149838697,0.4632276168368477,0.13982342273307805,0.3286440695925775,0.6879600256220011,0.040578035571729926,0.10895660203139428,0.45384615384615384,0.043333333333333335,0.15051694958410408,-0.8296410889504315,142,965,8557969.8,1737.8,705391,0.1410433979686057,-0.6473045,5,395,21.962092486,,79,21,1,4,0.9304703487922237,0.9626312424530239,1.260435678291947,0
35,0,15.752722007641097,0.5457693545367435,0.1410680041667859,0.335758015732895,0.6892422524150201,0.07024571916666666,0.01569713758079409,0.5151515151515151,0.0055,0.10238246137989283,-1.797715498046196,16,1066,2203715.8,783.2,36000,0.23430286241920592,-0.982,5,200,4.621282923,,40,22,8,11,0.7514981135650456,0.7247166466976731,0.6820159359979164,0
36,0,15.815510557964274,1.8729412033798516,0.16929955076217795,0.23748313522573167,0.5812399027926366,0.16035814969230833,0,0,0,0.052897484605260094,-3.0350292822023683,0,1083,43495.6,78,819,0.25,-0.9995905,5,65,0.220429449,,13,5,13,7,0.7273599661823169,0.2917376190519103,1.149002223810229,0
37,0,15.815510557964274,2.4808803844178335,0.18033593763063477,0.1811301439944099,0.5001854421438351,0.18004345061111113,0,0,0,0.006007317200350944,-3.0350292822023683,0,1083,19411.2,60,225,0.25,-0.9998875,5,75,0.353855188,,15,3,2,6,0.710949237733921,0.6383963694156345,0.6944615123190776,0
38,0,15.815510557964274,2.099703935898237,0.17678297741378415,0.210279880441217,0.5502948201455331,0.1741225799567898,0,0,0,0.020640442456361586,-3.0350292822023683,0,1083,85055.6,162,1701,0.25,-0.9991495,5,135,0.847541537,,27,5,3,22,0.9507686648701287,0.46307657492283094,0.527532010308395,0
39,1,0.4970847435150323,0.4970847435150323,0.16013443172902528,0.3617560597802092,0.7092177045699142,0.15652552552552534,0.33240997229916897,0.40268456375838924,0.149,0.14494546503506203,-0.13138478417591842,534,723,8012680,2367.6,79365,-0.08240997229916897,-0.9603175,5,555,13.227844454,,111,24,9,15,0.6713107738664094,0.6367546514421056,3.9577052713748375,1
40,1,0.51333171435066,0.51333171435066,0.16749167387543443,0.34340321402882756,0.7022228269044533,0.17210539215686246,0.3804247460757156,0.3672014260249554,0.187,0.1524291334000895,0.024500327675941017,710,671,3669062,1308.6,97580,-0.13042474607571558,-0.95121,5,340,4.188262238,,68,21,3,19,0.44909146408040584,0.6715318900735845,3.965060498780116,0
41,0,15.800736781417644,0.6477917966851202,0.14807519781012,0.3253936379830047,0.6760186782960956,0.10146388045424762,0.003693444136657433,0.5714285714285714,0.0011666666666666668,0.08456978595040822,-2.4313637641589874,3,1079,1577753,663,91647,0.24630655586334257,-0.9541765,5,255,4.257094901,,51,12,5,32,0.9370672586757733,0.5538209070988653,0.7231488623725013,0
42,0,15.815510557964274,1.5197641752876847,0.1629692380086282,0.26405347977213656,0.6307637530935974,0.14770439837179555,0,0,0.00016666666666666666,0.06600326129141754,-2.733999286538387,1,1083,242100.6,188.2,2457,0.25,-0.9987715,5,65,0.366576567,,13,19,22,36,0.43727663103732595,0.44587225743531034,0.5301127020337434,1
43,0,15.815510557964274,1.8234018320793963,0.17675640378869845,0.27608019122553507,0.6185773404535605,0.17589439268686852,0,0,0,0.013874000037338316,-3.0350292822023683,0,1083,951369.4,1056,16500,0.25,-0.99175,5,660,4.132981828,,132,7,62,29,0.8171091239749609,0.4454555324742978,0.5324705214025276,0
44,1,0.6805628055637332,0.6805628055637332,0.1503375990746079,0.3336605909317841,0.6858040142261823,0.09341644116666724,0.2659279778393352,0.40055632823365783,0.11983333333333333,0.21947476491949408,-0.26542932092275695,431,795,268658.2,308,5588,-0.015927977839335195,-0.997206,5,220,1.740060081,,44,6,5,33,0.7691533420579428,0.7109179487772911,2.3192692970622124,0
45,0,15.8044302255543,0.7477124051896312,0.15341171607333587,0.3347106331769725,0.6871825770392391,0.12506753311017044,0.002770083102493075,0.75,0.0006666666666666666,0.07262250984661821,-2.7327956982893293,1,1080,1026255.4,649,45194,0.24722991689750692,-0.977403,5,295,2.661749654,,59,10,7,43,0.5597922771084785,0.6527485986695041,0.6175970819670911,1
46,0,15.811817113827615,0.7506373966209561,0.15234865692017868,0.3456345827054695,0.6969989921336851,0.12507460639372095,0.0009233610341643582,0.5,0.0003333333333333333,0.07476588935749497,-2.733598460961339,1,1082,1193667.4,946.6,11316,0.24907663896583565,-0.994342,5,345,2.715174417,,69,22,24,9,0.4136140914292921,0.6087012223840829,0.6967964607804372,1
47,1,0.5096778488118039,0.5096778488118039,0.16656922426617474,0.32985114996664705,0.692374018119059,0.1416910034026219,0.40350877192982454,0.3303099017384732,0.2205,0.2108011889239052,0.13701933916302597,886,646,108292,356,1335,-0.15350877192982454,-0.9993325,5,445,0.712588118,,89,3,18,13,0.41939142950409375,0.2667613682553594,3.8563784947975708,1
48,0,15.472020253255133,0.4526728576145974,0.1359848364118352,0.3569561623154359,0.7012855694463458,0.030152617078947237,0.08587257617728532,0.5670731707317073,0.027333333333333334,0.13467047652963243,-1.1387411580540068,71,990,2116300,1140,126255,0.16412742382271467,-0.9368725,5,475,6.52129905,,95,11,4,47,0.554278817056464,0.7000390712615437,1.5238570032278997,1
49,0,15.645612127678032,1.7342304449587747,0.16277527953824378,0.26518294031875267,0.6122879879874804,0.14840394773809515,0.04247460757156048,0.46464646464646464,0.0165,0.1032204094933906,-1.2838035936894705,53,1037,48737,84,882,0.20752539242843954,-0.999559,5,70,0.661911359,,14,5,2,40,0.6571581392632655,0.9608879110398039,1.0005189192265973,0
50,0,15.789656449007671,0.8193223388278831,0.15448890528281436,0.3534987512193057,0.7042936757562425,0.13357404566528958,0.006463527239150508,0.7777777777777778,0.0015,0.07657707062479918,-2.5550944485783194,2,1076,2577322.4,1708.6,25531,0.2435364727608495,-0.9872345,5,605,8.322666853,,121,16,28,3,0.620490118846974,0.7565182576507596,0.6632692766768737,0
51,0,15.800736781417644,1.4344386191611032,0.16456098076194436,0.28951192671422027,0.6369621215407528,0.15294456935185158,0.003693444136657433,0.4,0.0016666666666666668,0.08092589935561482,-2.188325715472693,6,1079,454429,1125,6975,0.24630655586334257,-0.9965125,5,1125,8.625893651,,225,4,1,3,0.8463403774334126,0.5754172821353531,1.3232439157020162,1
52,0,15.398151370521983,0.5762179244656839,0.13820024834859024,0.3349970691106416,0.6956262507955233,0.04480230846913459,0.10433979686057249,0.5330188679245284,0.035333333333333335,0.14860622575382,-0.9872192299080048,99,970,1002982.6,445.2,11583,0.1456602031394275,-0.9942085,5,135,2.262948821,,27,18,12,23,0.5382011779089093,0.9173194835285821,1.1355026621386077,0
53,0,15.545889135988281,0.4869218840745576,0.139897808613094,0.3520680947538777,0.6965634143588744,0.06545750398832259,0.06740535549399815,0.5214285714285715,0.023333333333333334,0.1312800619181707,-1.1722422428847648,67,1010,2751837,1570,160611,0.18259464450600185,-0.9196945,5,785,12.19291902,,157,9,2,42,0.6586664707576126,0.7312302802670194,1.4117813421575311,1
54,1,0.5051607735253112,0.5051607735253112,0.16505421296296302,0.35695509040330425,0.7089078518738858,0.15928611144444435,0.4247460757156048,0.3700724054706356,0.20716666666666667,0.18438983549107926,0.09913147300201444,783,623,2133708,935.6,17040,-0.1747460757156048,-0.99148,5,300,6.519330242,,60,17,28,15,0.8340146345769057,0.6411589951371647,3.7428403294794426,0
55,1,0.562514654759454,0.562514654759454,0.15733665200008945,0.2754323798911863,0.6423109302322524,0.10366657499999996,0.27977839335180055,0.3435374149659864,0.147,0.1724728493273193,-0.12922304031436302,579,780,977919.8,229.8,22840,-0.029778393351800547,-0.98858,5,50,1.5648997869999999,,10,23,4,18,0.9524696880494904,0.45953515598884176,2.5483204280193155,1
56,0,15.71948101041118,0.8481398252546138,0.14808532778278005,0.3067616929563602,0.6838317548685839,0.10178747878787878,0.024007386888273315,0.45614035087719296,0.0095,0.10612252550050627,-1.519335689379261,31,1057,658055,347.8,13926,0.2259926131117267,-0.993037,5,110,1.6634325840000002,,22,15,10,40,0.6610234856936318,0.7077010036430499,0.7045432116354671,0
57,0,15.135916836819305,0.9219408206785284,0.14737233965064364,0.3043872787559772,0.6671743556143712,0.08112920196296203,0.1698984302862419,0.4412470023980815,0.0695,0.1909329562435016,-0.585026652029182,233,899,450920.2,108,36855,0.08010156971375809,-0.9815725,5,45,1.577470998,,9,11,2,3,0.8557356487333929,0.9889457924612535,1.5541224715211175,0
58,1,0.6726925325054467,0.6726925325054467,0.1633950270619772,0.31235104856276763,0.6876090470226818,0.11670346420370412,0.34995383194829177,0.3545369504209542,0.17816666666666667,0.24221728163321324,-0.008711069617200312,690,704,107156,98.6,810,-0.09995383194829177,-0.999595,5,45,0.337399215,,9,15,43,7,0.41147244933224747,0.7210171464202735,2.726497113109298,0
59,1,0.8334597193087843,0.8334597193087843,0.1481469197411225,0.31342230395584914,0.6722342501405135,0.0874857394444451,0.2585410895660203,0.4236006051437216,0.11016666666666666,0.20139135596029936,-0.32319268583674254,381,803,120808.4,96,3060,-0.008541089566020288,-0.99847,5,60,0.586131583,,12,7,21,35,0.754113071107408,0.588760936021771,2.2737308803876477,0
60,0,15.771189228324385,0.9623175755961834,0.15516080011137298,0.3243436336602722,0.6744866914511266,0.13089630828169047,0.0110803324099723,0.5217391304347826,0.003833333333333333,0.09026588125180683,-1.9510135393091264,11,1071,415600.2,497,9017,0.2389196675900277,-0.9954915,5,355,2.758001593,,71,6,25,4,0.7241666706719136,0.5738243009724534,1.1486138927028526,0
61,1,0.7894371267373528,0.7894371267373528,0.19862184599010316,0.316528407628892,0.6862964922233546,0.1963988626403504,0.5207756232686981,0.2867310625317743,0.3278333333333333,0.3080047014694604,0.43136376415898736,1403,519,97904.2,304,1140,-0.2707756232686981,-0.99943,5,380,1.640423126,,76,3,1,45,0.6363405869590246,0.5727102525354345,3.0102453578916144,0
62,1,0.8348488633363021,0.8348488633363021,0.2033375040045992,0.33292163471453434,0.6969829361303455,0.1835790226393446,0.5041551246537396,0.3269461077844311,0.2783333333333333,0.3298648067426847,0.3203702467809921,1124,537,387515,427,7747,-0.2541551246537396,-0.9961265,5,305,5.871844883,,61,6,3,9,0.9414278057543221,0.942890527634711,3.498909710096636,1
63,1,1.0241836612370654,1.0241836612370654,0.21152667263811964,0.3065524951850743,0.6884611419367597,0.20551825368518517,0.5475530932594644,0.3023967363590005,0.3268333333333333,0.3111982713876489,0.44532195601102154,1368,490,89785.2,72,2295,-0.29755309325946444,-0.9988525,5,45,0.396333473,,9,7,11,39,0.6182315645254105,0.8203680741981203,3.9821981327652165,0
64,0,15.68993345731792,0.6931832757123599,0.14385498354845963,0.31209408355745855,0.6685501015847369,0.07441642616666715,0.03139427516158818,0.53125,0.010666666666666666,0.11242905678777297,-1.5298276052356654,30,1049,1061007.6,330,20416,0.2186057248384118,-0.989792,5,110,2.342976932,,22,14,9,18,0.8711273415419926,0.792961935709213,0.6419351856115582,1
65,0,15.800736781417644,0.7009223178067877,0.15069308469335294,0.33973047852942306,0.6956338562707894,0.11812146578835965,0.003693444136657433,0.5714285714285714,0.0011666666666666668,0.07786686599146374,-2.4313637641589874,3,1079,2269328.2,1056.8,22176,0.24630655586334257,-0.988912,5,315,5.258013336,,63,23,26,47,0.9585316867339448,0.5119898903069556,0.754881103683385,0
66,1,0.9198199913821283,0.9198199913821283,0.2073080825304723,0.3082308596219198,0.6835900697656819,0.20291533597892708,0.577100646352724,0.281785392245266,0.36966666666666664,0.32458564099023995,0.5406756315228323,1593,458,82635.4,261,609,-0.32710064635272396,-0.9996955,5,435,2.980581745,,87,2,1,8,0.7872550080808144,0.740494261750124,2.745674827328093,1
67,0,14.91431018861986,0.4666063654194306,0.1485059156378626,0.33795611981929086,0.6952533008232129,0.09816203620370327,0.22530009233610343,0.4107744107744108,0.099,0.158117643964439,-0.37897216959605756,350,839,4604977.4,1609.6,551592,0.02469990766389657,-0.7242040000000001,5,360,10.69902108,,72,22,1,41,0.7982588948989129,0.8006444677024074,2.5342072643341584,0
68,0,15.442472700161872,0.46762242145288474,0.147201232642759,0.3282571935568164,0.6872242663110685,0.09732835820895477,0.09325946445060018,0.505,0.03333333333333333,0.10805924838763148,-0.9925535178321356,99,982,3726625.6,1206,125692,0.15674053554939982,-0.937154,5,335,5.824845951,,67,17,5,40,0.9779470317517609,0.28353743824460964,3.0539556480350245,1
69,0,15.106369283726046,0.4627512313254452,0.14266428621206717,0.32722993566810915,0.6906721756598125,0.06299997933333337,0.1772853185595568,0.4485981308411215,0.07133333333333333,0.15491184314879972,-0.5756165083660192,236,891,605686.6,412.6,4669,0.07271468144044321,-0.9976655,5,145,1.380341463,,29,21,34,2,0.5749559430219293,0.43257635242816894,2.369169437926095,1
70,1,0.47802313124817253,0.47802313124817253,0.1522181637767279,0.34860414488117014,0.6943197991553604,0.1158108079774767,0.296398891966759,0.40428211586901763,0.13233333333333333,0.16598390932408355,-0.2067461962807954,473,762,2523430.4,726.4,23421,-0.046398891966759004,-0.9882895,5,185,6.8932727289999995,,37,20,15,25,0.9915444612000079,0.7556088558746517,3.1522055535408846,1
71,1,0.5621021882813189,0.5621021882813189,0.17257482193202817,0.30924787977738283,0.6841994467345376,0.15671423438095172,0.4662973222530009,0.32351057014734147,0.26016666666666666,0.2125882106305075,0.26139642357999004,1056,578,284268,154,10430,-0.2162973222530009,-0.994785,5,70,0.602567211,,14,10,9,49,0.6994828326281384,0.3230969410596858,3.566890385642527,1
72,1,0.8979766011417093,0.8979766011417093,0.17383033033370385,0.32709298261492115,0.6823398610845859,0.1408263026666672,0.37488457987072943,0.3527367506516073,0.19183333333333333,0.28702141548044124,0.04150913360560548,745,677,87735,150,1575,-0.12488457987072943,-0.9992125,5,125,1.287107904,,25,5,31,3,0.9724422354829332,0.6893897630351143,2.8698860412206515,0
73,0,14.936470853439804,0.5040307307234599,0.14283824282496552,0.3500027754603654,0.6993506802017836,0.07383429460101025,0.21975992613111728,0.4621359223300971,0.08583333333333333,0.19113307273739433,-0.4833255671209473,277,845,2281408.4,1485,84315,0.030240073868882722,-0.9578425,5,825,15.759789081,,165,8,4,59,0.8519829720168463,0.8127316177115014,1.9947831529611528,1
74,0,15.8044302255543,0.91488990841569,0.1594599246889157,0.347861198965021,0.7035635501306922,0.14555808886549743,0.002770083102493075,0.75,0.0006666666666666666,0.06615495019848196,-2.7327956982893293,1,1080,3587652.8,2438.2,37278,0.24722991689750692,-0.981361,5,855,13.081490889,,171,19,29,14,0.662669495307298,0.7714509145886859,0.5598798792729754,0
75,0,15.774882672461041,1.3372899015462818,0.15505127932984997,0.26300743425541406,0.6245657602254676,0.11461049111111031,0.010156971375807941,0.55,0.0033333333333333335,0.10330512893549285,-2.030599721965951,9,1072,249087,143,2754,0.23984302862419205,-0.998623,5,45,0.547966942,,9,16,19,12,0.6084654707795966,0.5273621490323988,0.6057702688490458,1
76,0,15.390764482248668,0.4305016974233234,0.13367032104637436,0.37392311913045045,0.7131673874967114,0.022543675994252336,0.1061865189289012,0.5867346938775511,0.03266666666666666,0.13806071300485157,-1.0725099246670486,81,968,3062184.2,2012.2,24505,0.14381348107109881,-0.9877475,5,725,7.2893156,,145,23,32,24,0.5684657548986871,0.5602706303566252,1.8002125045258806,0
77,0,15.146997169229278,0.5420407372897001,0.14784368870378564,0.3005823993176048,0.6660979461273202,0.07447768977777669,0.16712834718374883,0.39433551198257083,0.0765,0.16943792152854092,-0.5100835470399082,278,902,946412.4,240,11550,0.08287165281625117,-0.994225,5,75,2.235857661,,15,15,10,2,0.8033789636681455,0.6415859068228115,2.0172937919429934,1
78,1,0.519778198806776,0.519778198806776,0.1703561191250024,0.33807334634757863,0.6967935504067427,0.16381250233333333,0.4515235457063712,0.34124214933705516,0.23883333333333334,0.1892771879069432,0.20091484278071337,944,594,1196677.2,384,27136,-0.2015235457063712,-0.986432,5,160,2.377612831,,32,11,7,5,0.6196295280366843,0.5025126553951982,3.872535967055873,1
79,1,0.5836170290879076,0.5836170290879076,0.1700179450788521,0.3410637251687444,0.7003133831388679,0.1358767247608701,0.42197599261311175,0.3470007593014427,0.2195,0.25082823387396974,0.13773561062293832,860,626,405637.2,230,4462,-0.17197599261311175,-0.997769,5,115,2.411075062,,23,9,48,7,0.9786038425821706,0.8115829617486485,3.385728076796473,0
80,0,15.228252940235741,0.5888224827153035,0.1442414709321154,0.2952484170287417,0.6641932909943098,0.05464272114285839,0.14681440443213298,0.39949748743718594,0.06633333333333333,0.15715076514494322,-0.5859304910274266,239,924,1262804.2,305.6,23086,0.10318559556786702,-0.988457,5,70,2.200005467,,14,23,5,11,0.859660783500096,0.7244289528816237,1.3355581733010848,0
81,1,0.4878889682589832,0.4878889682589832,0.15490976131363018,0.3338838508370803,0.6996364958401806,0.11132048815384644,0.36934441366574333,0.3714020427112349,0.1795,0.1939599168308399,-0.003826407853052883,677,683,1388845.4,364,19318,-0.11934441366574333,-0.990341,5,130,3.8482225039999998,,26,13,9,3,0.6983967634548465,0.8188074569141097,3.0192720341815766,1
82,0,15.7785761165977,0.9747739962481551,0.15432706503140675,0.336977597189147,0.6883678105489256,0.13133523075117423,0.009233610341643583,0.5882352941176471,0.0028333333333333335,0.08767537549356261,-2.1279142943715934,7,1073,1370876,906,12070,0.24076638965835642,-0.993965,5,355,7.345860334,,71,12,51,3,0.9125594846108281,0.7696475387048125,0.8012244180394662,1
83,0,15.63453179526806,0.8434466146359721,0.1448391862596249,0.3041660726734139,0.6637458824801962,0.07518852188888916,0.04524469067405355,0.5568181818181818,0.014666666666666666,0.12608588447987445,-1.4128803584649743,39,1034,391329.6,227,6900,0.20475530932594643,-0.99655,5,75,0.94170292,,15,15,9,22,0.432323228437976,0.9830919838364385,0.633114468029244,1
84,0,15.412925147068613,0.44545963940433314,0.13417824853836433,0.37081541382288125,0.715613439794964,0.029997501604477707,0.10064635272391505,0.5828877005347594,0.031166666666666665,0.1395698642876394,-1.0913775244080954,78,974,4906435,2196,46766,0.14935364727608497,-0.976617,5,670,14.100079936,,134,20,20,23,0.7299070687206543,0.8055610370341206,1.3593880059064873,0
85,0,15.815510557964274,0.6047866970710921,0.15462803790411325,0.3349036500137646,0.688460484673465,0.12677901086883625,0,0,0.00016666666666666666,0.06512920477344075,-2.733999286538387,1,1083,1369752,1352,35490,0.25,-0.982255,5,845,3.689035868,,169,7,21,24,0.46169347406071637,0.3746386464300618,1.1873114383524017,1
86,1,0.47130995773884077,0.47130995773884077,0.14947289470703673,0.3424479519570271,0.6979990651838056,0.10684313908823531,0.270544783010157,0.4030261348005502,0.12116666666666667,0.1543644521473145,-0.2596872265430392,434,790,1508881,588.6,14144,-0.020544783010156997,-0.992928,5,170,3.047894756,,34,17,16,35,0.6964146719788823,0.562609987443926,2.790108267107742,1
87,0,15.70470723386455,0.7197705453378767,0.14840620266689475,0.24602249738907442,0.6156214396282068,0.05598589344444557,0.027700831024930747,0.375,0.013333333333333334,0.11611161567056841,-1.3152704347785915,50,1053,559376.4,250,25692,0.22229916897506924,-0.987154,5,60,0.646889372,,12,20,3,35,0.6695078467393947,0.27450481704771346,1.0913020772367195,1
88,0,15.737948231094467,0.89852142999335,0.14707695470411064,0.29732260816719597,0.6642667166937929,0.08957737011111142,0.019390581717451522,0.5833333333333334,0.006,0.11235260422968302,-1.822413281867372,15,1062,277950.6,165,3315,0.23060941828254847,-0.9983425,5,75,0.466537898,,15,10,22,28,0.5102833139336066,0.4002527080644587,1.126866312880831,0
89,0,14.833054417613397,0.4528786660213903,0.1393128359711894,0.36658102144293875,0.7157293998190836,0.058886279668224316,0.24561403508771928,0.4666666666666667,0.095,0.1926214144642423,-0.4284534643245371,304,817,3608083.8,2694.4,28034,0.004385964912280715,-0.985983,5,1070,16.442076534999998,,214,18,47,4,0.6469250801187443,0.841581320732104,2.0653772036911007,0
90,0,15.815510557964274,2.152662123980494,0.17881819094320864,0.20041678012979322,0.5374791248482895,0.1772393269117649,0,0,0,0.011246276651604456,-3.0350292822023683,0,1083,134646.8,340,2108,0.25,-0.998946,5,340,1.459662253,,68,4,4,26,0.684434668476047,0.49540415941197113,0.7717808440253736,0
91,0,15.70470723386455,0.4347424920495924,0.13548619212962906,0.3552275342607171,0.6983553957842381,0.019470833166666975,0.027700831024930747,0.6,0.008333333333333333,0.10186239733933157,-1.7006213161426085,20,1053,13167318.6,2602.6,259680,0.22229916897506924,-0.87016,5,600,18.766836544,,120,21,4,7,0.9022074573068819,0.536489910870664,1.281314747293159,0
92,0,14.932777409303148,0.4459038935368827,0.13849505587915867,0.3641380509038856,0.7120740769535133,0.05243168998907097,0.22068328716528163,0.4649805447470817,0.08566666666666667,0.17908146988728826,-0.4859476268844746,275,844,7708852.4,3404.6,83204,0.029316712834718373,-0.958398,5,1220,24.348336953,,244,13,18,40,0.6427350836863931,0.9799902225324177,1.909640491781157,0
93,0,15.815510557964274,2.493700475212874,0.1804996390010114,0.1805,0.5,0.180499,0,0,0,0.00000000000000000007877406409464993,-3.0350292822023683,0,1083,174344.6,552,2070,0.25,-0.998965,5,690,3.001358008,,138,3,63,5,0.7497249009805584,0.44093608569834125,0.8571556920027733,1
94,0,15.31689559951552,0.4660865966180733,0.1372707680233267,0.3535410101677452,0.7058377750247835,0.05086697120033544,0.12465373961218837,0.5192307692307693,0.043333333333333335,0.1513793617899172,-0.8768956673097299,125,948,1685180.4,990,90288,0.12534626038781163,-0.954856,5,495,6.678140438,,99,9,6,42,0.5709355284449757,0.7479825811103809,1.7077168071205695,1
95,0,15.815510557964274,2.493700475212874,0.1804996390010114,0.1805,0.5,0.180499,0,0,0,0.00000000000000000007877406409464993,-3.0350292822023683,0,1083,16467.4,52,195,0.25,-0.9999025,5,65,0.164795096,,13,3,56,21,0.42006140329920666,0.5039013459384978,0.7879034032527636,1
96,0,15.79334989314433,1.1704800243864595,0.16070323605778664,0.3245270468158929,0.6824547882663854,0.14752249742307727,0.00554016620498615,0.8571428571428571,0.0011666666666666668,0.07109359267915541,-2.7315887651867388,1,1077,915052.2,758.4,8060,0.24445983379501385,-0.99597,5,325,4.172813032,,65,11,49,57,0.6398424078229723,0.7887567210216393,0.6896518660055708,1
97,1,0.45641462003018257,0.45641462003018257,0.14517662896036468,0.3612224848322916,0.707646845295807,0.07474206065872999,0.2982456140350877,0.4088607594936709,0.13166666666666665,0.19095165847525697,-0.2111388036964488,467,760,1569417.8,1134,24066,-0.0482456140350877,-0.987967,5,630,5.432448108,,126,8,28,49,0.5621020638574414,0.5451829229111544,2.9139042110418196,1
98,1,0.4926208231039487,0.4926208231039487,0.1589299720110261,0.3716552782229279,0.712793216892568,0.1531122177954848,0.3545706371191136,0.39792746113989635,0.16083333333333333,0.15364868439549223,-0.08017505536436835,581,699,7367070,3012,102659,-0.10457063711911357,-0.9486705,5,1255,10.370478869,,251,11,12,5,0.5130226068904353,0.4265152293274255,3.7649293426032813,1
99,0,15.712094122137865,0.4364368073961322,0.13546241209800258,0.3670462589867109,0.706811369753607,0.0349228142076502,0.02585410895660203,0.6363636363636364,0.007333333333333333,0.10653776873803017,-1.7932149968195195,16,1055,6557933.8,3172,96868,0.22414589104339797,-0.951566,5,1220,10.990439481,,244,12,18,53,0.7468272744090692,0.4375048928056877,1.5043130351843375,1
100,0,15.771189228324385,0.5601920459267472,0.14377602300010286,0.2885235213701842,0.6489961429911978,0.05245823450000048,0.0110803324099723,0.6,0.0033333333333333335,0.09685735880359636,-2.0759522759174263,8,1071,855465.8,336,10152,0.2389196675900277,-0.994924,5,120,1.346184294,,24,13,18,3,0.7951542095455055,0.31086360851495637,1.3605514289996394,1
101,0,15.449859588435189,0.5661177342925567,0.1413910884445781,0.3016428025907739,0.6703630215407717,0.03846652716666588,0.09141274238227147,0.47596153846153844,0.034666666666666665,0.14509041892595415,-0.9520435453393867,109,984,707912.6,271.8,6630,0.15858725761772852,-0.996685,5,75,1.557004546,,15,18,18,7,0.831805584255687,0.5047738714754777,1.3746704641255056,1
102,0,15.815510557964274,2.4790439402502185,0.18032487314915324,0.18072180103999608,0.5006420523440732,0.18001289522222216,0,0,0,0.006867257419086213,-3.0350292822023683,0,1083,25107.6,60,372,0.25,-0.999814,5,60,0.690267529,,12,4,8,48,0.9677331048839763,0.999600951448308,0.6450969823192068,0
103,1,0.5094995188546617,0.5094995188546617,0.16498519283746432,0.3275355721870274,0.6861591241947821,0.16264393939393923,0.2982456140350877,0.3755813953488372,0.14333333333333334,0.12954814789863522,-0.15060238110418367,537,760,3411904.2,977.6,109912,-0.0482456140350877,-0.945044,5,220,3.408179734,,44,22,2,12,0.5207389138436129,0.47672758356187767,3.9078001036282255,1
104,0,15.542195691851624,0.4415122814726847,0.13451386533334944,0.3616527485531301,0.7089021242937471,0.022877760611111055,0.06832871652816251,0.5873015873015873,0.021,0.12735289859566892,-1.2800455041818535,52,1009,1776199.2,1118.6,15450,0.18167128347183747,-0.992275,5,375,3.438954836,,75,17,20,28,0.43177114180704407,0.6098586811610043,1.3690284101610668,1
105,1,0.4969026474430836,0.4969026474430836,0.15989837704989585,0.32950987323370234,0.6936200954308746,0.13518182318181934,0.3120960295475531,0.3730684326710817,0.151,0.17225753149996434,-0.11762656107759764,568,745,2063702,594,170247,-0.06209602954755311,-0.9148765,5,165,3.274233061,,33,17,1,20,0.5375165058040363,0.8172619299385007,3.2654971227590015,0
106,0,15.815510557964274,2.287845585765398,0.17840964930011383,0.19027191255904408,0.5229161420297155,0.17640257627193004,0,0,0,0.01992174147241966,-3.0350292822023683,0,1083,36838.8,95,589,0.25,-0.9997055,5,95,0.247583486,,19,4,1,2,0.8181383631216381,0.27992823171946657,0.8168758651245397,0
107,0,15.531115359441651,0.6307856816927477,0.14179553891683797,0.298475282220975,0.6564153310607046,0.039853998000000244,0.07109879963065559,0.48427672955974843,0.0265,0.12867505970564708,-1.083951378177544,82,1006,655074.2,255.4,10256,0.17890120036934443,-0.994872,5,80,0.712470946,,16,15,9,25,0.6024859017863902,0.5001216871614482,1.0790444695065122,1
108,0,15.682546569044606,0.5552840161780781,0.14226403069272456,0.3414215104817615,0.6859395982543838,0.07753428703439116,0.0332409972299169,0.6,0.01,0.11271992609129816,-1.6224212739756703,24,1047,996422,567,32193,0.2167590027700831,-0.9839035,5,315,2.542702296,,63,8,10,12,0.7771590300689744,0.490579965246943,1.5247058892693686,0
109,0,15.619758018721429,1.0761742618487062,0.15017233937089242,0.28889678690031706,0.6514898938256873,0.10234671338889006,0.048938134810710986,0.5520833333333334,0.016,0.11353241368853884,-1.369805988797329,43,1030,362121,209.6,9888,0.201061865189289,-0.995056,5,60,0.624763303,,12,20,8,48,0.6883190076419337,0.6058571253462294,0.6594570385109628,1
110,1,0.48865084356642835,0.48865084356642835,0.1547592756770986,0.3494867100287478,0.7044990235884285,0.11588019333333333,0.3721144967682364,0.38271604938271603,0.1755,0.19590057818127937,-0.019566123344593213,650,680,1261160.4,518.6,10368,-0.12211449676823638,-0.994816,5,160,3.419456608,,32,22,29,6,0.9839748086314435,0.8025456781588722,3.0367081731174617,0
111,0,15.815510557964274,2.481076302396661,0.18048598346787117,0.18059132433547473,0.5002909798499975,0.18046290952304148,0,0,0,0.00040617354544187197,-3.0350292822023683,0,1083,276007.6,868,3255,0.25,-0.9983725,5,1085,2.987583212,,217,3,35,18,0.626342886907981,0.4900023297541015,0.5772490772766407,0
112,0,15.172851278185881,0.671501395093155,0.14643522070823206,0.30005922993671985,0.6651513930883318,0.07027249060606176,0.16066481994459833,0.41232227488151657,0.07033333333333333,0.17837045416352076,-0.5628420452253572,248,909,610337,165,50017,0.08933518005540167,-0.9749915,5,55,0.633093185,,11,14,1,5,0.47394531166191317,0.8052833577375332,1.416588291545525,0
113,0,15.350136596745436,0.6649682002518584,0.14819662866685315,0.2627183644583907,0.6329037084860766,0.06153314533333389,0.11634349030470914,0.3652173913043478,0.0575,0.1495643767609301,-0.6389428282563382,219,957,547357.2,169.6,5460,0.13365650969529086,-0.99727,5,50,0.641399725,,10,16,17,12,0.9694871737823386,0.34653796063486186,1.6497202618467703,1
114,1,0.5539602599837735,0.5539602599837735,0.1705778470046619,0.3242260645976042,0.6913495324322817,0.14974504953921716,0.4182825484764543,0.3411144578313253,0.22133333333333333,0.21945699080085324,0.14247474692394643,875,630,325127.4,170,6307,-0.1682825484764543,-0.9968465,5,85,0.472385092,,17,9,11,7,0.4262551764147555,0.505679640541447,3.6316271296216796,1
115,0,15.789656449007671,0.5704087602739767,0.14291517900012582,0.3036888194349077,0.6631493690929635,0.06171988116666663,0.006463527239150508,0.5,0.0023333333333333335,0.09611768594324968,-2.129125716306038,7,1076,1100840.2,476,38300,0.2435364727608495,-0.98085,5,125,1.051487075,,25,19,3,8,0.4792158519538051,0.6147914807320579,0.5397227959808227,1
116,0,15.815510557964274,2.343020633209926,0.1782137860380167,0.19887182217644084,0.5248797630697276,0.17737403316666692,0,0,0,0.017761188411961493,-3.0350292822023683,0,1083,37907.2,72,756,0.25,-0.999622,5,60,0.111511962,,12,5,30,33,0.41614288922190124,0.38814140237796024,0.5368626247273593,0
117,0,15.815510557964274,0.5096615917574135,0.1513355587601713,0.3314296791059507,0.6754672343919216,0.10694936425527471,0,0,0,0.05421461246240003,-3.0350292822023683,0,1083,2970856.2,2133,121107,0.25,-0.9394465,5,1185,2.435564793,,237,8,4,11,0.40082823273594254,0.26329118333653073,1.3874773612432167,0
118,0,15.741641675231126,0.4336804567285354,0.13530518524930724,0.3558380089511821,0.7009550599039156,0.015686403342105224,0.018467220683287166,0.5882352941176471,0.005666666666666667,0.099405820350535,-1.8508503689033482,14,1063,11787620.4,2730.6,183920,0.23153277931671284,-0.90804,5,760,12.005205186,,152,17,6,5,0.7571499620950588,0.5203587505973968,1.2950739719844668,0
119,0,15.752722007641097,0.6156228803996252,0.143643303666807,0.28415172311180226,0.6480043326796381,0.04769986383333454,0.01569713758079409,0.4358974358974359,0.0065,0.10684455526784808,-1.666436583406877,22,1066,1784612.4,454.6,87360,0.23430286241920592,-0.9563200000000001,5,100,2.6442968540000003,,20,22,2,10,0.910373805375714,0.4497322062967307,0.7356897140255579,0
120,0,15.11744961613602,0.485157046850547,0.1446506090146938,0.3238085656368462,0.680517833337183,0.07047697999425308,0.1745152354570637,0.45,0.07,0.1588244446959961,-0.5863350504250123,231,894,2010840.2,550.8,147871,0.07548476454293629,-0.9260645,5,145,3.029650175,,29,18,1,10,0.5313459323558269,0.85234538298399,1.7981862044209882,0
121,0,15.760108895914412,0.9136445486395961,0.15210537200860338,0.26945789660825004,0.6335512067260194,0.10171260146296288,0.013850415512465374,0.45454545454545453,0.0055,0.09513566247123702,-1.750224104255949,18,1068,235613,162,9198,0.23614958448753462,-0.995401,5,90,0.426402939,,18,8,1,10,0.5143999010212411,0.2762689573507488,1.7204913983961825,1
122,0,15.79334989314433,0.6647280443900171,0.1458127531158399,0.3244223398768991,0.6741788105449821,0.0914474298809518,0.00554016620498615,0.6,0.0016666666666666668,0.0909950612742973,-2.3336487565147013,4,1077,1331266.6,525,31150,0.24445983379501385,-0.984425,5,175,2.647251348,,35,14,10,41,0.9291192839537864,0.47251808542373147,0.8283467337369926,0
123,0,15.71948101041118,0.5488546922295033,0.1447446817354611,0.3598727046437395,0.7104431250353279,0.09917270070795137,0.024007386888273315,0.5777777777777777,0.0075,0.10610400674319781,-1.7234556720351857,19,1057,5500073.6,3453.6,165680,0.2259926131117267,-0.91716,5,1090,16.826801704,,218,15,8,59,0.6347303333234768,0.827678542509786,0.785094665201513,0
124,0,15.797043337280986,1.1100708405236284,0.15618082139492637,0.3166572430233293,0.6733179834185616,0.13515462891379387,0.0046168051708217915,0.5,0.0016666666666666668,0.07761382616380882,-2.254870194299267,5,1078,503682.6,379.6,4408,0.2453831948291782,-0.997796,5,145,1.292268633,,29,18,34,3,0.5429332764975571,0.5680311217720092,0.7786345078973198,0
125,0,15.59021046562817,0.5995354628425498,0.14128738140758054,0.34092092124694284,0.686914131930771,0.06911834768518457,0.05632502308402586,0.6039603960396039,0.016833333333333332,0.12568353014621744,-1.3970917769924247,40,1022,585386.2,405,22230,0.19367497691597413,-0.988885,5,225,2.50092911,,45,8,17,62,0.87755247520408,0.530701505056498,1.6040164496018918,0
126,0,14.866295414843313,0.46442435706298635,0.14701228733459315,0.3596132495099668,0.7082635460556597,0.10797826086956482,0.23730378578024008,0.4564831261101243,0.09383333333333334,0.14215376960144305,-0.4303671340753602,306,826,17253981,3059,637721,0.012696214219759916,-0.6811395,5,805,31.566068785,,161,18,2,5,0.8256244641697652,0.7271266115074769,3.392802711680899,1
127,0,15.723174454547838,1.0847937577949136,0.15122988500045287,0.26367336242468253,0.6208166364982814,0.09069955000000142,0.023084025854108958,0.5434782608695652,0.007666666666666666,0.10905872908271064,-1.6824732792852788,21,1058,351410,158,6750,0.22691597414589104,-0.996625,5,50,0.511577997,,10,15,7,8,0.4935853864308628,0.5481846129606817,0.5410616309919871,1
128,0,15.811817113827615,1.8705634280160555,0.17096835639233324,0.23730913175755758,0.5788335679763295,0.1638062040438596,0.0009233610341643582,0.3333333333333333,0.0005,0.045200570387038896,-2.5575072019056577,2,1082,114061.8,133,2413,0.24907663896583565,-0.9987935,5,95,1.355450907,,19,6,1,18,0.9158504309300588,0.8288947172657419,0.6283136056328041,1
129,1,0.6856492821394848,0.6856492821394848,0.17652731341686417,0.3179958275965301,0.6950410986738117,0.1412498051666668,0.47645429362880887,0.32637571157495254,0.2635,0.26982030593935635,0.2734088689795346,1065,567,295456.8,144,8176,-0.22645429362880887,-0.995912,5,80,1.300855264,,16,8,3,8,0.6638113205775523,0.9771894605948797,3.3385697503858807,0
130,0,15.815510557964274,0.6915751094916969,0.16034641365031266,0.3433826135265786,0.6817457889610189,0.14136052307103866,0,0,0,0.043580218558372075,-3.0350292822023683,0,1083,2121841.6,1342,39772,0.25,-0.980114,5,610,3.208360858,,122,10,14,25,0.47755577330844007,0.36963169414386415,0.5764428536618799,1
131,1,0.46898941863557325,0.46898941863557325,0.151368349986498,0.36070394665332267,0.7060448129625843,0.09421117929089028,0.3527239150507849,0.3854692230070636,0.16516666666666666,0.20863726462821677,-0.06100727711903827,609,701,3461108.6,1610,164703,-0.10272391505078488,-0.9176485,5,805,14.299450885,,161,9,6,32,0.9346983235047862,0.5990970657924767,3.1236510023942907,1
132,0,15.815510557964274,0.4646457436435659,0.1427611939664411,0.3275422710693256,0.6798073317157145,0.06633853749999995,0,0,0.00016666666666666666,0.07360066509997058,-2.733999286538387,1,1083,3902685.8,2001.8,155808,0.25,-0.922096,5,480,3.789118391,,96,23,3,27,0.507759966954342,0.3716293888286445,0.8514071848910596,0
133,0,15.815510557964274,2.4722917404197746,0.18031173903055078,0.18121355079427892,0.5017777094223952,0.18006918360526314,0,0,0,0.004736743983253329,-3.0350292822023683,0,1083,24512.4,76,285,0.25,-0.9998575,5,95,0.570840754,,19,3,15,58,0.93538923561522,0.598000501326306,0.7462805383507193,0
134,1,0.52104114193106,0.52104114193106,0.1567591407896162,0.34992256008969164,0.7051160999273067,0.09976302539542464,0.3804247460757156,0.3814814814814815,0.18,0.24405154585789518,-0.0019431552860021263,668,671,1092592.8,816,26010,-0.13042474607571558,-0.986995,5,510,5.747367881,,102,7,3,16,0.5944910854498663,0.8946107863351931,2.8471621425487634,0
135,0,15.7785761165977,1.5788284614897035,0.16102654630525856,0.2453024424472511,0.6036808434603523,0.13398076298148098,0.009233610341643583,0.45454545454545453,0.0036666666666666666,0.09472618121599692,-1.9170609290567,12,1073,176603.4,90,9207,0.24076638965835642,-0.9953965,5,45,0.73011934,,9,9,3,5,0.8393462910874128,0.7464033928286603,0.6025216005221704,0
136,0,15.472020253255133,0.44895356412023696,0.1399745330000036,0.32991419309192804,0.6838352289745697,0.04784666366666633,0.08587257617728532,0.5027027027027027,0.030833333333333334,0.12445543756755634,-1.0275907059313403,92,990,3541576.2,750,332550,0.16412742382271467,-0.833725,5,250,4.214809252,,50,14,1,11,0.692984585470793,0.4480324423936211,2.1135757913845787,0
137,1,0.6413102761906542,0.6413102761906542,0.1699114340001358,0.27310070062124786,0.6483868599170984,0.13429153316666664,0.40350877192982454,0.3088339222614841,0.23583333333333334,0.2085787295391325,0.17987841113443745,978,646,500884.6,128,5792,-0.15350877192982454,-0.997104,5,40,0.757303571,,8,15,10,12,0.7560146129542835,0.5588069516309564,2.9778679809849646,1
138,0,15.534808803578308,0.43268945713982954,0.13494135802469118,0.3636212237598591,0.7071126780268054,0.025735690235690244,0.07017543859649122,0.5547445255474452,0.022833333333333334,0.11792516952778992,-1.2110688426112526,61,1007,20261015.4,4441.2,820512,0.17982456140350878,-0.589744,5,990,26.338761179,,198,22,2,7,0.8638075474958684,0.7523339521420666,1.422378090266069,1
139,0,15.66407934836132,1.3414982963152882,0.1539477536673243,0.26701891225855834,0.6346600099040189,0.11391601966666665,0.03785780240073869,0.4270833333333333,0.016,0.11668041225194399,-1.2700962814203305,55,1042,106967.4,95.8,840,0.2121421975992613,-0.99958,5,40,0.179809405,,8,19,39,16,0.4331835592322819,0.33022534036968854,1.1639900389574565,0
140,1,0.4747644050913482,0.4747644050913482,0.1519135941663597,0.3535352497720581,0.7029196198914914,0.10558332833333248,0.3296398891966759,0.3761854583772392,0.15816666666666668,0.1871353003626748,-0.08847971749477525,592,726,1737133.4,598,65274,-0.07963988919667592,-0.967363,5,230,3.781801691,,46,12,3,15,0.44403324269757466,0.8494825074124129,2.9080523624635077,1
141,0,15.132223392682649,0.43700601050442167,0.13634724062917017,0.35833642217731515,0.7138369510044016,0.03370237961904743,0.17082179132040629,0.48429319371727747,0.06366666666666666,0.15736020843231777,-0.6570945014716977,197,898,5032517.6,2406,62986,0.07917820867959371,-0.968507,5,770,14.712296242,,154,15,13,36,0.5553388968029946,0.911052886967282,1.6633904214526392,1
142,0,15.516341582895022,1.8734508114265316,0.16548672316754864,0.25118916529463364,0.5979007761528351,0.15651996599999998,0.07479224376731301,0.405,0.03333333333333333,0.12461392498657588,-0.9221196869727933,119,1002,16315.6,40,248,0.17520775623268697,-0.999876,5,40,0.33558253,,8,4,2,22,0.8841875718077215,0.6916922071847417,1.3170785581711608,0
143,0,15.080515174769445,0.856935827205785,0.1482056849839599,0.3071955698300732,0.677742961602115,0.08285144101851877,0.1837488457987073,0.3849129593810445,0.08616666666666667,0.20149609344678363,-0.4431525876406443,318,884,162338.2,112.8,1287,0.06625115420129271,-0.9993565,5,45,0.90533348,,9,12,64,44,0.9613746052648191,0.6346110555211867,1.9281806639949257,1
144,0,15.050967621676184,0.48006380798391457,0.14013741467378674,0.35060164100166835,0.697298140827487,0.05662741514705813,0.19113573407202217,0.46621621621621623,0.074,0.1755976876058366,-0.5664226363095286,237,876,728242.4,833,15113,0.05886426592797783,-0.9924435,5,595,3.639594787,,119,6,5,10,0.9066129936146046,0.3719137371100357,2.7771748023044958,0
145,0,15.815510557964274,1.5283373980565018,0.16926034655789013,0.305730362866257,0.6519646257139053,0.1651678319925092,0,0,0,0.04485453365544977,-3.0350292822023683,0,1083,1412967,1424,29192,0.25,-0.985404,5,890,10.332825092,,178,7,45,6,0.774582839069326,0.8511074541172186,0.506313424311759,0
146,0,14.851521638296683,0.5261062742796843,0.16785699930572986,0.26629166079523636,0.6386291290453852,0.13801279867948357,0.2409972299168975,0.3283018867924528,0.1325,0.16109779960608156,-0.1870460531910414,534,822,899899,255,7891,0.00900277008310249,-0.9960545,5,65,1.057977469,,13,20,14,15,0.8878192438907159,0.2907468806123763,3.3610303282908873,0
147,1,0.46298027377538853,0.46298027377538853,0.14551530545578975,0.34821851901226214,0.6916665211297943,0.0821190439523807,0.26223453370267774,0.4382716049382716,0.108,0.16090547994186222,-0.3407971225354689,364,799,2591050.4,814,25032,-0.012234533702677741,-0.987484,5,210,7.202490948,,42,20,13,16,0.8092425916600987,0.7872178635406577,2.382973921079452,1
148,0,15.623451462858087,1.622174976730619,0.1589397876674541,0.274771021675207,0.6221280645605322,0.13779922366666658,0.04801477377654663,0.5416666666666666,0.016,0.10651206286903347,-1.3604671835158488,44,1031,172669.4,110,1780,0.20198522622345338,-0.99911,5,50,1.269690426,,10,10,48,4,0.8998987785002437,0.9463045975242863,0.7142160264620507,1
149,0,15.054661065812843,0.790772619512886,0.15361975795641009,0.3348762838612788,0.6877886676916218,0.1157256272592596,0.1902123730378578,0.4411134903640257,0.07783333333333334,0.2038437225666931,-0.5251932245863571,261,877,474640.4,810,8505,0.05978762696214221,-0.9957475,5,675,7.084469434,,135,5,16,8,0.7064383537774666,0.7956620985183702,2.0545295524160374,1
150,0,15.032500400992898,0.8326974249975363,0.1434029217920679,0.3308946229519619,0.6876193754458827,0.08048918833333381,0.19575253924284394,0.4520255863539446,0.07816666666666666,0.18317434621179876,-0.5288967789693371,257,871,304811.2,216.6,2368,0.05424746075715606,-0.998816,5,80,1.849555589,,16,23,58,24,0.9038071257818956,0.8079165685934089,1.5605166308046128,1
151,0,15.239333272645714,0.45543430849266914,0.14267349997459705,0.3603248737541613,0.7034659934788213,0.08719958847736707,0.1440443213296399,0.5131578947368421,0.050666666666666665,0.12184975016359206,-0.794361707806588,148,927,6040592.2,1629.8,57996,0.1059556786703601,-0.971002,5,405,9.171569974,,81,23,12,17,0.8970432201984593,0.45608322296981324,2.523091835207701,0
152,0,15.084208618906102,0.45532081823083553,0.13592286364188985,0.3671273832575211,0.713327759740595,0.04344965936792414,0.18282548476454294,0.5051020408163265,0.06533333333333333,0.16474282114117256,-0.6573991105245327,194,885,1931366,1166,18656,0.06717451523545706,-0.990672,5,530,7.510658843,,106,10,37,3,0.6853579706800395,0.6971687494677997,1.9030130629772675,0
153,0,15.815510557964274,2.493700475212874,0.1804996390010114,0.1805,0.5,0.180499,0,0,0,0.00000000000000000007877406409464993,-3.0350292822023683,0,1083,103012.8,345,805,0.25,-0.9995975,5,575,2.182437917,,115,2,17,17,0.7030284322035056,0.45137659164264854,1.5517487498775777,1
154,0,15.815510557964274,0.5273957132863052,0.15333936591870118,0.32181213463711095,0.6674161346120296,0.11308012153846123,0,0,0,0.05086682998647015,-3.0350292822023683,0,1083,5387865.4,1872,352404,0.25,-0.823798,5,780,8.321349083,,156,11,3,5,0.7065719943326583,0.3388617178934564,0.8405278222997117,1
155,0,15.712094122137865,0.47546217820573483,0.1415986334241912,0.348420149119146,0.6973406751521236,0.0763507262673988,0.02585410895660203,0.6222222222222222,0.0075,0.10088862781285124,-1.7683914130944873,17,1055,5944730.2,3226,1213394,0.22414589104339797,-0.39330299999999996,5,910,14.386667489,,182,17,1,52,0.6946609358998459,0.7850998990944087,0.7656782801393663,1
156,0,15.601290798038143,0.5458962351854444,0.14008283801714133,0.34602798705146637,0.7015722301375502,0.06875879573809564,0.05355493998153278,0.6304347826086957,0.015333333333333332,0.1200787589255093,-1.4670793164255218,34,1025,869798.4,560,10808,0.19644506001846723,-0.994596,5,280,2.155224451,,56,9,37,18,0.7481019431195566,0.4875637759032012,1.498059233770515,0
157,0,15.785963004871014,0.811842946150415,0.14860873296328017,0.3097684951214146,0.6693711173344555,0.1025830208333338,0.007386888273314866,0.5,0.0026666666666666666,0.09028564361150718,-2.0775697618910454,8,1075,435470.8,264,6144,0.24261311172668512,-0.996928,5,120,0.803667983,,24,10,26,60,0.6979760751096423,0.3425721148952221,1.1741478093085944,0
158,0,15.815510557964274,0.7283965166884759,0.16374059172465558,0.2972058317507579,0.6500679516351866,0.14442031804545558,0,0,0,0.03551095607371569,-3.0350292822023683,0,1083,1709771.8,1316.4,203192,0.25,-0.898404,5,440,2.471597342,,88,14,2,55,0.481436123963385,0.3201545115004401,0.5148627019962626,1
159,0,15.556969468398254,0.4418890618877553,0.137698849823113,0.36265631905362145,0.7059010600905784,0.05599881796690493,0.06463527239150507,0.5691056910569106,0.0205,0.10823621928670214,-1.2736441951743487,53,1013,7101882,2554,61617,0.18536472760849493,-0.9691915,5,705,10.745944439,,141,19,19,29,0.8672874185623156,0.39131600691694324,2.153218845604747,0
160,0,15.815510557964274,2.4634202085771624,0.18033418551706373,0.18050092336103415,0.4991664023529275,0.1799706492056737,0,0,0,0.0043194291184987885,-3.0350292822023683,0,1083,58760.6,188,705,0.25,-0.9996475,5,235,1.080111749,,47,3,1,13,0.9576422336976338,0.453950784768672,0.5084231026092918,0
161,1,0.4961437999288924,0.4961437999288924,0.14954146167952403,0.3537347334911262,0.6994023223177883,0.08224195084615372,0.3157894736842105,0.3890784982935154,0.1465,0.22054375967718456,-0.1396216296126379,537,741,1006999.2,832,26520,-0.06578947368421051,-0.98674,5,520,4.379141407,,104,7,2,32,0.778182139084574,0.5915361382043568,2.8151915487260815,1
162,0,15.815510557964274,0.4445816464071731,0.13929835412245772,0.33488840475040954,0.6811844861074258,0.03229376498800956,0,0,0,0.07290596967681895,-3.0350292822023683,0,1083,6919814.4,2635.2,355284,0.25,-0.822358,5,695,5.2563408240000005,,139,18,3,41,0.7994247476666999,0.2552573009564579,1.327802828130139,0
163,0,15.785963004871014,0.485363873488204,0.14299244766669197,0.3312547145630181,0.6781390096844929,0.07360831266666652,0.007386888273314866,0.5714285714285714,0.0023333333333333335,0.09081237751109843,-2.1867142313161136,6,1075,7227013.8,2370.6,462400,0.24261311172668512,-0.7688,5,500,16.369581237,,100,23,2,12,0.9637455803524315,0.7128457928419544,0.5119228762764177,0
164,0,15.08790206304276,0.43860435035961914,0.13531150828969268,0.3713267385702503,0.7152917563596327,0.03445406090813647,0.1819021237303786,0.5038363171355499,0.06516666666666666,0.16273775669502696,-0.6578890084692084,194,886,2687406,1707,21336,0.06809787626962141,-0.989332,5,635,9.591129353,,127,14,39,26,0.6899361279333303,0.686143969450575,1.975725018988529,0
165,0,15.815510557964274,2.0878173393775357,0.1747917953342568,0.23327690196591058,0.5687208210307729,0.1728740908333335,0,0,0,0.02973094084660382,-3.0350292822023683,0,1083,241258,238.8,1940,0.25,-0.99903,5,100,0.566808112,,20,19,63,31,0.6484689964597778,0.4682149905217996,0.59809320753612,0
166,1,0.8366094329277995,0.8366094329277995,0.17193774922872584,0.33501518621495957,0.6952615635617736,0.14116633066666684,0.3739612188365651,0.35968028419182946,0.18766666666666668,0.2884425650784779,0.026667423289137435,721,678,208255.6,354,3717,-0.12396121883656508,-0.9981415,5,295,3.009795929,,59,5,59,2,0.9221316934944888,0.8603194588402598,2.697202586015298,0
167,1,0.48629287214829947,0.48629287214829947,0.15559720939776522,0.3526960037701467,0.695900141799861,0.13611695906432827,0.2917820867959372,0.43828016643550627,0.12016666666666667,0.14182407597216495,-0.2768351864543178,405,767,932087.4,749.8,7125,-0.0417820867959372,-0.9964375,5,285,1.348034236,,57,21,49,4,0.6432042227787171,0.3043232548401211,3.356175317056594,0
168,0,15.146997169229278,0.9890422169136579,0.1483488580004632,0.2836416782820784,0.6564787100212559,0.07508287783333333,0.16712834718374883,0.39433551198257083,0.0765,0.17411146843799957,-0.5100835470399082,278,902,131628.8,72,4088,0.08287165281625117,-0.997956,5,40,0.313271866,,8,8,3,3,0.6028444209689386,0.5527232693113447,1.980806023221297,1
169,1,0.4673746024045657,0.4673746024045657,0.14972152330876295,0.36397669155681894,0.7127637339390672,0.11195917001338651,0.32779316712834716,0.4127906976744186,0.14333333333333334,0.17107738142974063,-0.15857701147817552,505,728,14726757.4,3486,745257,-0.07779316712834716,-0.6273715,5,1245,21.019760979,,249,13,2,8,0.6238231081961961,0.7496388861388954,3.213095506530536,1
170,0,15.645612127678032,0.4619573404898637,0.14341146566667423,0.2858228521704046,0.6586462704721084,0.05012665849999861,0.04247460757156048,0.42201834862385323,0.018166666666666668,0.11284292593468664,-1.2100173795285518,63,1037,2662374.2,589.8,37225,0.20752539242843954,-0.9813875,5,125,2.767757532,,25,23,5,4,0.7766867269433673,0.31568751752683816,1.7180785095737998,1
171,1,0.5175325970910168,0.5175325970910168,0.14632819122105672,0.3469725194930204,0.6992358469147404,0.07882926848403163,0.26500461680517085,0.4147398843930636,0.11533333333333333,0.208952119557625,-0.2929322878189182,405,796,572846.2,1002,10521,-0.015004616805170845,-0.9947395,5,835,5.231041576,,167,5,23,7,0.9807372268984699,0.4162492278343586,2.8384670825375085,0
172,1,0.6448534033148816,0.6448534033148816,0.17741767347339044,0.29471017961953117,0.6744173032261674,0.15624060657407418,0.41735918744228995,0.3265895953757225,0.23066666666666666,0.23302782692218363,0.16916456546411496,932,631,402667,108,19350,-0.16735918744228995,-0.990325,5,45,0.715274675,,9,11,3,3,0.6724107445138177,0.4914854666332914,3.525610090074257,1
173,0,15.490487473938419,0.9347545684610225,0.14539798062578926,0.2976333054482751,0.6632795072252954,0.07486320119696988,0.08125577100646353,0.4835164835164835,0.030333333333333334,0.1490516459777677,-1.020535733134851,94,995,262712,185.6,16247,0.16874422899353647,-0.9918765,5,55,0.567020792,,11,16,3,60,0.46206872917887987,0.7514053990527099,1.012542267611852,0
174,0,15.800736781417644,0.4422798240997107,0.13768182663690517,0.3690006362566879,0.7057353358455815,0.050412202380952335,0.003693444136657433,0.5714285714285714,0.0011666666666666668,0.08377023707803725,-2.4313637641589874,3,1079,16954684,4032,790720,0.24630655586334257,-0.6046400000000001,5,1120,27.641447847,,224,17,2,3,0.7357775251574866,0.6309858600648036,0.7184453340134888,1
175,0,15.715787566274523,1.226462888450343,0.15856988032027544,0.32368388046524876,0.6762429928690689,0.14193149843209935,0.024930747922437674,0.5510204081632653,0.008166666666666666,0.09483291512831048,-1.6623471512898333,22,1056,1302415.2,1051.6,10773,0.22506925207756232,-0.9946135,5,405,8.373265378,,81,20,61,34,0.8571607884161563,0.9384012819388821,0.7750285253633028,0
176,0,15.390764482248668,0.45268887665068486,0.13714017223049377,0.3354055576513584,0.6913767619116297,0.024314776981481465,0.1061865189289012,0.515695067264574,0.03716666666666667,0.13558407606504078,-0.9488972791101417,108,968,3029242.8,789.8,113112,0.14381348107109881,-0.943444,5,180,6.137867578,,36,22,2,2,0.6548854343660364,0.9475516411848914,1.0972981527735446,1
177,1,0.4598392201140928,0.4598392201140928,0.14595348668981895,0.3589385908392336,0.7051333765624792,0.09766319261111077,0.26223453370267774,0.42136498516320475,0.11233333333333333,0.1566928404768801,-0.31091322959607676,390,799,2749616,720,133440,-0.012234533702677741,-0.93328,5,240,4.488271412,,48,14,2,13,0.5795659767698955,0.6266791458114569,2.7873218966425135,1
178,0,15.553276024261596,0.4806222796999849,0.15252029136316825,0.27235665376112594,0.6369603375403818,0.09505376360752647,0.06555863342566944,0.4251497005988024,0.027833333333333335,0.1065292412486807,-1.0188377110940356,96,1012,2636043.2,690,57753,0.18444136657433058,-0.9711235,5,155,1.560160953,,31,22,3,13,0.5828844787426647,0.2540199777458865,2.4479351348250717,0
179,0,15.815510557964274,2.432520621441363,0.17972351587870772,0.18629643818392566,0.509038215353633,0.17928106694871784,0,0,0,0.009704378017561997,-3.0350292822023683,0,1083,26948.8,65,403,0.25,-0.9997985,5,65,0.625186663,,13,4,21,27,0.9466738142824893,0.837963260952763,0.635822221516284,0
180,1,0.7882438081776251,0.7882438081776251,0.15072993766702972,0.313376932017844,0.6829024784647681,0.09123297333333398,0.29547553093259465,0.37122969837587005,0.14366666666666666,0.21683558535722636,-0.14829352898684295,542,763,174500.2,123.2,1490,-0.045475530932594654,-0.999255,5,50,0.531218431,,10,12,26,9,0.4070691694245285,0.9533366770702882,1.838933925286549,0
181,0,15.176544722322538,0.697499484170889,0.14295447980265177,0.3341310811198143,0.6828091470769342,0.07659624472806995,0.15974145891043398,0.49008498583569404,0.058833333333333335,0.16569366466545324,-0.7018398021038138,180,910,378578,304,9690,0.09025854108956602,-0.995155,5,190,2.386656119,,38,7,20,6,0.8062108573804083,0.6044432587059797,1.9157960392101234,1
182,0,15.815510557964274,2.490836648254611,0.18049598377405915,0.18038392808647005,0.49939804071689775,0.18048308523033707,0,0,0,0.0002985625958956327,-3.0350292822023683,0,1083,157566,534,1246,0.25,-0.999377,5,890,2.89837576,,178,2,4,47,0.7968606792288473,0.4364222373190062,1.4739194242883598,0
183,0,15.815510557964274,2.351804718731156,0.17773133033430602,0.1912279036947328,0.5177097716836325,0.17488237283333335,0,0,0,0.032626500707912794,-3.0350292822023683,0,1083,20594.6,50,310,0.25,-0.999845,5,50,0.39550751,,10,4,1,3,0.7709020989263429,0.8304884409457588,0.9401417466170394,0
184,0,15.789656449007671,1.24486945363197,0.16275032252332097,0.3241824218454765,0.6735062424050879,0.1522201754005851,0.006463527239150508,0.6363636363636364,0.0018333333333333333,0.06816602386833341,-2.3332456989619628,4,1076,630707.2,798,14478,0.2435364727608495,-0.992761,5,570,5.234435674,,114,6,51,51,0.7900979682285572,0.6574963349417116,0.8719957491788918,0
185,0,15.708400678001208,2.1996206652081045,0.17376968933427875,0.213044461837274,0.5438223729045273,0.169165735,0.02677746999076639,0.43283582089552236,0.011166666666666667,0.0684917397432934,-1.4321878526072123,38,1054,20772.6,50,310,0.22322253000923362,-0.999845,5,50,0.447501275,,10,4,19,21,0.8126555274164573,0.8318193004167673,1.030015437736223,0
186,0,15.294734934695576,0.44820582596088243,0.1402229491888584,0.34398312201626813,0.6867999559070224,0.055775251525252235,0.13019390581717452,0.5241635687732342,0.044833333333333336,0.1298933139902212,-0.8639219824380795,128,942,6636514,1395,88836,0.11980609418282548,-0.955582,5,330,9.635768167,,66,22,7,4,0.9830150696347225,0.6211573151457623,1.951531091158175,0
187,0,15.449859588435189,0.5738051593344808,0.13957240471888896,0.331421539481041,0.6772797787689309,0.04860923816666691,0.09141274238227147,0.5689655172413793,0.029,0.1379976037263026,-1.1126226382168203,75,984,944951.8,352,65504,0.15858725761772852,-0.967248,5,160,1.216852424,,32,10,1,5,0.46491214025049804,0.6471204290242861,1.4446426088184647,0
188,0,15.612371130448114,0.4834209995457697,0.1526301714851353,0.32210588766691284,0.6798671426755236,0.11873987538940906,0.050784856879039705,0.4824561403508772,0.019,0.08743915727353901,-1.2342641243787893,59,1028,13517372.6,2241.8,306662,0.19921514312096028,-0.846669,5,535,5.178799159,,107,20,2,3,0.5974609860917203,0.28083958522346963,3.271930619522221,0
189,0,15.039887289266213,0.45935567784015047,0.1447100037849,0.3623257902494254,0.7009026666298599,0.09559034267912733,0.19390581717451524,0.47085201793721976,0.07433333333333333,0.1354800464095233,-0.5667630866242992,236,873,6531534.6,2117.6,59813,0.056094182825484756,-0.9700935,5,535,9.389912458,,107,21,13,4,0.7597093066402449,0.5804316785118517,2.6019562889287133,1
190,0,15.479407141528448,0.4458586157781908,0.1355647769791801,0.3548052057864395,0.7018694070414683,0.02443054455555554,0.0840258541089566,0.5290697674418605,0.028666666666666667,0.135985766697637,-1.0831353961116645,81,992,6862424.8,2079,234624,0.1659741458910434,-0.882688,5,480,8.284181374,,96,21,2,4,0.5094049069877719,0.9927047662516475,1.196571685447272,0
191,0,15.800736781417644,0.5555802835792817,0.14467523704797364,0.3188013612770437,0.6654872546318753,0.07935861148550923,0.003693444136657433,0.4,0.0016666666666666668,0.08940013519682614,-2.188325715472693,6,1079,2252945.4,736,374578,0.24630655586334257,-0.812711,5,230,4.088730028,,46,15,1,14,0.8485363427087769,0.6900374589645253,0.5187225306693244,1
192,0,15.582823577354855,0.4514942051132709,0.13856255637674464,0.3242951540096843,0.6737820113045531,0.023491216403508357,0.05817174515235457,0.5575221238938053,0.018833333333333334,0.11668916207339187,-1.301455565988974,50,1020,3268772.6,608,119358,0.19182825484764543,-0.940321,5,190,3.335634395,,38,15,3,8,0.982094974390245,0.4346739551753272,1.8112546296658214,1
193,0,14.97340529480638,0.4484918271576342,0.14135630911188068,0.353003845673015,0.6973211450427982,0.059717645725490626,0.21052631578947367,0.47107438016528924,0.08066666666666666,0.161632779321974,-0.5225406413458586,256,855,4704728.8,1444.8,231115,0.03947368421052633,-0.8844425,5,425,10.021134268,,85,16,3,33,0.8502902576647554,0.8620556682731524,2.073667590719436,1
194,0,15.494180918075077,0.6095381720665497,0.14424745909264117,0.3352358815179517,0.68886282370452,0.08052024882993246,0.08033240997229917,0.5087719298245614,0.0285,0.13796631239854487,-1.069276232597363,84,996,289302,735,4557,0.16966759002770082,-0.9977215,5,735,1.949834524,,147,4,7,4,0.7100738491182469,0.353319946977061,2.4298032281256177,0
195,1,0.6676063652627688,0.6676063652627688,0.16325544532894504,0.3273332744495165,0.6877454761036906,0.13415664024509777,0.3268698060941828,0.36122448979591837,0.16333333333333333,0.2388389549143773,-0.06605531928973948,626,729,29486,102,238,-0.07686980609418281,-0.999881,5,170,0.312522199,,34,2,7,3,0.6102833808500625,0.3280367623998286,3.2358235342991666,0
196,0,15.789656449007671,0.7062092234228591,0.14676958376606458,0.28827142587927357,0.6465138473169855,0.07893160318181879,0.006463527239150508,0.3181818181818182,0.0036666666666666666,0.09845894116161111,-1.8280957206420567,15,1076,601898.2,286,37972,0.2435364727608495,-0.981014,5,110,0.576075829,,22,12,3,26,0.5399404763612415,0.3920869463835358,0.9833296602725695,0
197,0,15.457246476708503,0.7639015128907513,0.14835161809538522,0.3369731184608133,0.6848994321432924,0.1046154640740749,0.08956602031394276,0.5,0.03233333333333333,0.13689425942606873,-1.003091076977142,97,986,999048.6,864,27540,0.16043397968605724,-0.98623,5,540,7.38350923,,108,7,5,47,0.9475027720165379,0.9323360136861636,1.243364166727558,0
198,0,15.4313923677519,1.089648812270927,0.15489053668908315,0.31542394900675497,0.6662213238371932,0.12452401397058856,0.09602954755309326,0.5123152709359606,0.03383333333333333,0.1367592235839529,-0.9912260756924949,99,979,238658.2,408,4284,0.15397045244690674,-0.997858,5,340,2.121570588,,68,5,4,7,0.6462377528001391,0.8035623319002991,1.3549911966095245,0
199,0,15.372297261565382,0.72825153290485,0.148944950666881,0.2612287965965328,0.6247268836274024,0.061749784666667404,0.11080332409972299,0.37267080745341613,0.05366666666666667,0.14888504739343755,-0.6765809959896179,202,963,642604.6,229,25840,0.139196675900277,-0.98708,5,50,0.544849673,,10,24,3,30,0.8080611428560144,0.3757016812348887,1.3017190894169561,0
200,0,15.435085811888559,0.7970131892604274,0.14069716450094388,0.3319887543463254,0.6903666421225774,0.06681336132352858,0.0951061865189289,0.5,0.034333333333333334,0.15413501362750717,-0.9746356680811682,103,980,483540.8,256,4386,0.15489381348107112,-0.997807,5,85,1.825731126,,17,15,30,5,0.8124692156929225,0.8072120018061496,1.2192530332138036,0
201,0,15.808123669690959,1.2901257433311957,0.16357281571353874,0.3142994178490572,0.6696126146478449,0.1536864454965992,0.0018467220683287165,1,0.0003333333333333333,0.05702585547007175,-3.0342272607705505,0,1081,1073366,710.4,9457,0.24815327793167127,-0.9952715,5,245,4.7110668780000005,,49,17,46,9,0.9330761982699567,0.6734472801069341,0.5868693538339447,1
202,1,0.5174578524495671,0.5174578524495671,0.16634246873598463,0.2864033710095535,0.6530031956141383,0.1446159391956494,0.2566943674976916,0.3470661672908864,0.1335,0.1513186943309562,-0.18700375482136397,523,805,1855028.8,414,26887,-0.006694367497691589,-0.9865565,5,115,2.084264056,,23,17,5,3,0.6098762131154434,0.40649227527564885,3.4063653916871894,1
203,1,0.604502387702449,0.604502387702449,0.1520852195936709,0.3388182356470599,0.7013806848345508,0.09704745754761948,0.27516158818097874,0.40821917808219177,0.12166666666666667,0.2315856174444054,-0.25893464968604246,432,785,1070184.6,784,24990,-0.025161588180978745,-0.987505,5,490,8.563380906,,98,7,1,6,0.6873927128987347,0.9838708585976388,2.235046538596404,1
204,0,15.815510557964274,1.2516823978601728,0.1661992234684951,0.32067830539386233,0.6703633971197971,0.15891206924193627,0,0,0,0.048520886801468266,-3.0350292822023683,0,1083,673914.4,868,15748,0.25,-0.992126,5,620,3.784654121,,124,6,24,50,0.44461581527930866,0.7576226539735174,0.6533246200915339,1
205,1,0.5383249848077633,0.5383249848077633,0.16087396186016104,0.32876948660823846,0.6970419020373472,0.12223140981481481,0.3988919667590028,0.34340222575516693,0.20966666666666667,0.216190918630879,0.10325791382062643,826,651,661284.2,198,16830,-0.1488919667590028,-0.991585,5,90,1.713894741,,18,10,7,6,0.6833141564157212,0.7653888631826516,3.3085536084720846,0
206,0,15.782269560734356,2.0191336497871903,0.17246512092477898,0.23043508053947473,0.575269510813953,0.16647950199019615,0.008310249307479225,0.5,0.003,0.05954875429428197,-2.031408464251624,9,1074,34514.8,85,527,0.24168975069252077,-0.9997365,5,85,0.467145993,,17,4,25,14,0.68961953029568,0.6339549578334494,1.1037500635560313,0
207,0,15.712094122137865,0.5794237711760342,0.14222840568849593,0.34682437287415807,0.6948640131632937,0.08326268917948709,0.02585410895660203,0.6086956521739131,0.007666666666666666,0.10475101893166208,-1.7449103172449645,18,1055,1732411.6,676,22672,0.22414589104339797,-0.988664,5,260,6.361959088,,52,12,20,9,0.9112194702388244,0.6623901173863477,0.900336003151442,1
208,1,0.6004507763141107,0.6004507763141107,0.14990158327175598,0.3438794438269458,0.6968855672679874,0.09271096111111113,0.2502308402585411,0.4241001564945227,0.1065,0.22299336426074187,-0.3430641794350078,368,812,554920.6,630,11430,-0.00023084025854108736,-0.994285,5,450,4.192324329,,90,6,2,6,0.47505897895463,0.8933477983513292,2.2700665420365063,1
209,0,15.815510557964274,0.9414027860767543,0.16688518857789822,0.3097666720294322,0.6532225337650238,0.15648266366260222,0,0,0,0.03891145748228577,-3.0350292822023683,0,1083,664586.6,1230,12915,0.25,-0.9935425,5,1025,2.781947607,,205,5,2,12,0.5167922160750719,0.35232423575128197,1.144636276176949,0
210,0,15.213479163689112,0.5496829629042403,0.13896446564085485,0.34778692932863264,0.7019547573750106,0.056720781232559164,0.1505078485687904,0.5030864197530864,0.054,0.16566391586153117,-0.754744615654218,161,920,487365.6,429.8,4343,0.0994921514312096,-0.9978285,5,215,2.053200578,,43,9,50,17,0.5326073305458473,0.6331109485711424,1.8243664538269002,1
211,0,14.936470853439804,0.4802531324059032,0.15298537887377242,0.34845743085439895,0.6922252888249654,0.12550595238095213,0.21975992613111728,0.4319419237749546,0.09183333333333334,0.12992544629402997,-0.4304407149658086,313,845,2354004.8,1008,61656,0.030240073868882722,-0.969172,5,420,3.442172887,,84,11,10,43,0.7657624544489513,0.286522137252231,3.4505443012594914,0
212,0,15.652999015951346,0.46052141333801,0.136771597935019,0.34626380085530967,0.6918011662104321,0.03191377260344842,0.040627885503231764,0.5641025641025641,0.013,0.11294233662761169,-1.4729652949485048,34,1039,2846655.6,870,70064,0.20937211449676824,-0.964968,5,290,5.893063547,,58,14,4,3,0.5039498025193352,0.8422473234809005,0.9782354542940084,1
213,0,15.815510557964274,0.4565610996254675,0.14085894354043302,0.33679998198144623,0.6814736819570522,0.05714102464102568,0,0,0.00016666666666666666,0.08128736983547129,-2.733999286538387,1,1083,3705339.6,1352,602472,0.25,-0.6987639999999999,5,520,5.556126282,,104,12,1,15,0.6036176232212789,0.3864604363783689,1.3303028958987377,1
214,1,0.9250485262836355,0.9250485262836355,0.22859410714036926,0.31929583767015435,0.6881664062965073,0.23472919022146055,0.6066481994459834,0.2772151898734177,0.395,0.3444713197354918,0.6035829425621555,1713,426,192911.4,584,2190,-0.35664819944598336,-0.998905,5,730,4.792547222,,146,3,56,12,0.6563376183466106,0.7639671057870736,3.1295127652554933,1
215,0,14.995565959626324,0.6746141392496481,0.15011723735321392,0.33665712044722257,0.6923196530551194,0.09954422211111107,0.20498614958448755,0.43873517786561267,0.08433333333333333,0.20636556382484778,-0.4806624058162026,284,861,422496.2,1050,6510,0.04501385041551245,-0.996745,5,1050,7.55943493,,210,4,11,50,0.8455457140335167,0.5502052102502567,2.541438843148685,1
216,0,15.298428378832233,0.6375684279046617,0.14152281818581772,0.3315060637723705,0.6918756247522352,0.06863136111403481,0.12927054478301014,0.4745762711864407,0.049166666666666664,0.15575043347882495,-0.7818473959436074,155,943,358991.2,304,9690,0.12072945521698986,-0.995155,5,190,1.430616854,,38,7,17,23,0.48391466390649973,0.7026549334120457,1.7286938482161387,0
217,0,15.697320345591235,0.5076285166075553,0.14032513947625047,0.3350353490927781,0.6885677124852421,0.06273803673809562,0.029547553093259463,0.5517241379310345,0.009666666666666667,0.10755680389341618,-1.590651975658733,26,1051,1218301.2,616,58856,0.22045244690674054,-0.970572,5,280,2.940243564,,56,10,5,28,0.5480269997288719,0.5344534191751276,1.3389588117267488,1
218,0,15.715787566274523,0.4375539062354346,0.1360362903225869,0.3466246372798265,0.6938107017863102,0.013432793032258878,0.024930747922437674,0.5510204081632653,0.008166666666666666,0.1018242804126912,-1.6623471512898333,22,1056,4502278.8,1115.8,104160,0.22506925207756232,-0.94792,5,310,7.957808947,,62,17,5,15,0.8758540955769546,0.4994999172157901,1.1854327547517238,1
219,0,15.246720160919029,0.4611912511016976,0.14485383964296855,0.3598722213389036,0.6974077160081733,0.09558918128655047,0.14219759926131118,0.5032679738562091,0.051,0.11976554139667868,-0.7837915177363364,152,929,8957376.2,2554.4,431718,0.10780240073868882,-0.784141,5,570,8.236211775,,114,23,2,26,0.7893072623500598,0.5186790769986598,2.583662301705866,0
220,0,15.531115359441651,0.9845463055234797,0.15133699077192525,0.32379309874767925,0.6681579970821265,0.11539412532312988,0.07109879963065559,0.4935897435897436,0.026,0.13263682742998864,-1.0999394835616745,79,1006,539652.4,392,12495,0.17890120036934443,-0.9937525,5,245,4.060724758,,49,7,4,4,0.9879430237087681,0.9637205656099548,1.1931613165848325,1
221,0,15.57543668908154,0.5024383695513092,0.13881517806539218,0.36503398206465165,0.7145515839951505,0.06999753815384586,0.06001846722068329,0.5652173913043478,0.019166666666666665,0.12798622120361328,-1.30060400790849,50,1018,3579422.8,2734,28288,0.1899815327793167,-0.985856,5,1040,9.518627707,,208,15,43,51,0.6170633943354755,0.680948146419333,1.2971754499713923,1
222,0,15.800736781417644,1.4653064748017586,0.16083201988054563,0.3020644285719787,0.6456548980856925,0.14823738007142923,0.003693444136657433,0.5714285714285714,0.0011666666666666668,0.07219389048374991,-2.4313637641589874,3,1079,490024.8,307,5019,0.24630655586334257,-0.9974905,5,105,1.419842877,,21,23,33,21,0.8283703728594833,0.7537257482681583,0.5220218121381854,0
223,0,15.612371130448114,0.4330916383420305,0.13398659355731288,0.3667288580216765,0.7116631934996285,0.018841804909604513,0.050784856879039705,0.5913978494623656,0.0155,0.11897160942922398,-1.4213507677359338,38,1028,3882654.6,1880.8,33040,0.19921514312096028,-0.98348,5,590,6.525816857,,118,19,26,2,0.7614027086866666,0.5071066178419412,1.5401668905628252,0
224,0,15.56066291253491,0.5525329014709374,0.13855242893926045,0.3409365021445835,0.6973601113666926,0.051658398085365966,0.06371191135734072,0.5149253731343284,0.022333333333333334,0.1344691342347181,-1.186922106707363,65,1014,1779774,696.8,56457,0.18628808864265928,-0.9717715,5,205,3.813419919,,41,16,5,24,0.7180030341705665,0.9786689073609278,0.8670272966471342,0
225,0,15.797043337280986,0.6693101628249387,0.15089998443202365,0.35733147943091276,0.7074822477878865,0.12192439504257971,0.0046168051708217915,0.5555555555555556,0.0015,0.07886392843628968,-2.334051440346892,4,1078,2695111.2,1642.8,27263,0.2453831948291782,-0.9863685,5,685,6.428480456,,137,11,35,2,0.7311955387991848,0.5494718710901441,0.8415337780347073,1
226,1,0.6477021538343183,0.6477021538343183,0.1738879968334722,0.28035379447135644,0.6574978437069199,0.14418736316666667,0.433056325023084,0.301413881748072,0.25933333333333336,0.21959082202430216,0.24775377958674433,1087,614,554804.8,128,20504,-0.183056325023084,-0.989748,5,40,0.786921688,,8,15,3,17,0.8015419935901115,0.6750358377959196,3.4335100518254165,1
227,0,15.771189228324385,0.8584681258845596,0.1508749283336348,0.24231740583711053,0.6038256291746782,0.07036082177777864,0.0110803324099723,0.41379310344827586,0.004833333333333334,0.10393823844841996,-1.774922280253445,17,1071,639256.2,180,24324,0.2389196675900277,-0.987838,5,60,0.394520304,,12,14,3,9,0.6341246777238239,0.27552435326870556,0.9081023755915228,0
228,0,15.671466236634634,0.909108130572701,0.14772674045798131,0.28673706701183904,0.6486979332449596,0.08198678965384577,0.036011080332409975,0.52,0.0125,0.12280652538399135,-1.4509145663800778,36,1044,377792.2,156,6526,0.21398891966759004,-0.996737,5,65,0.610071853,,13,11,12,3,0.6298870119771378,0.5714213387757388,0.8925617486206336,0
229,1,0.6318518318708702,0.6318518318708702,0.1533749696668527,0.30487369296966665,0.6714167084967806,0.1004831466666676,0.32132963988919666,0.36363636363636365,0.1595,0.20257721695483308,-0.08154797932673184,609,735,537328.2,140,20370,-0.07132963988919666,-0.989815,5,50,0.692445238,,10,13,2,2,0.4246925960828004,0.9960246261006187,2.13384829387584,1
230,0,14.92908396516649,0.4516898944421364,0.14211206417671257,0.3693682587905899,0.7089313255629789,0.08488778877887779,0.22160664819944598,0.49079754601226994,0.0815,0.14451991629466948,-0.5284024379536174,249,843,12074821.8,3429.6,150490,0.028393351800554023,-0.924755,5,1010,22.972169507,,202,16,7,8,0.5443546984547558,0.7611701874237842,2.357076380276989,1
231,0,15.279961158148947,0.5244444396490927,0.138432501673571,0.3397666335404394,0.6923661309595237,0.046004662404761136,0.13388734995383195,0.48494983277591974,0.049833333333333334,0.15601156386689802,-0.7823338940958194,154,938,1042466.8,385,71645,0.11611265004616805,-0.9641775,5,175,2.557444779,,35,10,2,3,0.43027768710180975,0.857504814480202,1.5849411006641405,1
232,0,15.815510557964274,0.7637752013560962,0.16488917779857395,0.3406067739625205,0.6949672973953032,0.1528232482567567,0,0,0,0.03546033623282867,-3.0350292822023683,0,1083,6618396.2,3173,67525,0.25,-0.9662375,5,925,11.15664806,,185,20,25,46,0.9545829405912265,0.33989074774028905,0.5488982436473531,0
233,0,15.730561342821153,1.01647335436585,0.15151435411613126,0.28006515216897737,0.6480836737487725,0.10420190761904899,0.02123730378578024,0.4791666666666667,0.008,0.10448316443125405,-1.6107420359305227,25,1060,665649.8,266.2,9310,0.22876269621421977,-0.995345,5,70,1.985786558,,14,22,13,3,0.9029083230671437,0.6768443849641222,0.5910074802019587,0
234,0,15.652999015951346,1.2028493264513078,0.15380715500055286,0.24973483425038692,0.6215623486533896,0.098874456,0.040627885503231764,0.41904761904761906,0.0175,0.12029177252055824,-1.2246416498005264,61,1039,210485.4,139.8,4872,0.20937211449676824,-0.997564,5,40,0.238839335,,8,23,8,51,0.5086024523208126,0.3315106677027252,0.9548515720444293,0
235,1,0.581940917907472,0.581940917907472,0.17035205833930042,0.3120524733186579,0.6831672616777378,0.14921788705128206,0.3915050784856879,0.3466884709730172,0.20383333333333334,0.21213033259113095,0.08354605145007493,799,659,766327.6,241.8,7397,-0.14150507848568789,-0.9963015,5,65,2.199149433,,13,19,11,4,0.6540427235366248,0.9298629294623784,3.592683858990482,1
236,0,15.815510557964274,0.7575210605111135,0.15834851639567624,0.3054883833844118,0.6537397999778783,0.1318207035223885,0,0,0,0.053914214451969165,-3.0350292822023683,0,1083,1393522,670,68541,0.25,-0.9657295,5,335,3.373470051,,67,9,4,7,0.8858082027002196,0.36294414089046634,0.8303845894409928,0
237,0,15.815510557964274,0.6996063187069076,0.16068111447473943,0.3312091774071448,0.6798686449916256,0.14058228827598637,0,0,0,0.04177823426905716,-3.0350292822023683,0,1083,2166970.2,1552.4,20088,0.25,-0.989956,5,465,2.648921812,,93,23,21,18,0.4748236310669551,0.3063119250675723,0.6719171809413942,1
238,0,15.46093992084516,0.6327662117856819,0.14083925071446762,0.3117414886719002,0.659681929634894,0.04015458723809655,0.0886426592797784,0.49740932642487046,0.03216666666666667,0.13520579678429623,-1.0035308688951332,97,987,582680,274.6,18382,0.16135734072022162,-0.990809,5,70,0.772877496,,14,22,3,14,0.4109123157220275,0.6235207723691877,0.9205286909439342,1
239,1,0.4611758440330288,0.4611758440330288,0.14731486666666646,0.3711853250252017,0.7140131914621123,0.10160777777777767,0.31117266851338876,0.4155363748458693,0.13516666666666666,0.17513506389690459,-0.19662699219053217,474,746,3573924.2,1800,42900,-0.06117266851338876,-0.97855,5,750,9.161526009,,150,11,24,63,0.7178067300604485,0.5939633688527091,2.952888656924135,0
240,1,0.4600266981215855,0.4600266981215855,0.14689159906255547,0.35606925235987374,0.7074456288329013,0.0929031007751935,0.283471837488458,0.41997264021887826,0.12183333333333334,0.1717186792092685,-0.26203208875060274,424,776,13477435.4,3225,1104025,-0.033471837488458,-0.4479875,5,1075,20.638783574,,215,14,1,6,0.5351247773179117,0.9741323367188959,2.6140827717909163,1
241,1,0.5224823100989404,0.5224823100989404,0.1706577899270244,0.329921357844138,0.6926864998682657,0.1605640963974363,0.4422899353647276,0.3397163120567376,0.235,0.19444283692852285,0.1876605377015125,931,604,603543.8,364.2,4628,-0.1922899353647276,-0.997686,5,130,1.804058563,,26,22,52,7,0.9716938709256564,0.5090095203832606,3.7055311303343133,1
242,1,0.48682924029158026,0.48682924029158026,0.15677685513542194,0.3292608686559944,0.6901694631341957,0.1222239635,0.32594644506001846,0.36770833333333336,0.16,0.17319851807322692,-0.08001379768512552,607,730,580999,429.4,4448,-0.07594644506001846,-0.997776,5,160,1.00983616,,32,17,35,23,0.5106581232105083,0.4578367060858818,3.085735072694371,1
243,0,15.169157834049223,0.5446663269287627,0.14617940576879607,0.28831804466800665,0.6567311930211408,0.0647975357142859,0.1615881809787627,0.3888888888888889,0.075,0.15161944273704706,-0.5176548011567497,275,908,1020788.2,297.6,20188,0.08841181902123729,-0.989906,5,70,0.857223674,,14,21,4,12,0.6013533142835347,0.5112047404798081,1.6174926443615987,1
244,0,15.320589043652177,0.6212229134578808,0.14664597450982061,0.28182850553330957,0.6599684025365856,0.06310588843939542,0.123730378578024,0.4,0.05583333333333333,0.16400038235011535,-0.6723722358422239,201,949,349611,153.4,3245,0.126269621421976,-0.9983775,5,55,0.480609837,,11,13,22,3,0.6799527643078137,0.3773933578800808,1.8839648368877255,1
245,0,15.11744961613602,0.48462627998335905,0.15456659362065023,0.31100465854890164,0.6681448518162344,0.11707207173873796,0.1745152354570637,0.4247191011235955,0.07416666666666667,0.13016766837443816,-0.5418899119846174,256,894,4566362.2,739.6,169682,0.07548476454293629,-0.9151590000000001,5,185,3.83011445,,37,19,2,10,0.9559183811798936,0.4782509400313566,3.551075227512204,0
246,0,15.139610280955964,0.4591131759573354,0.13908994375664838,0.34181468083427374,0.698920923901868,0.04767457400793629,0.16897506925207756,0.43990384615384615,0.06933333333333333,0.16052471996103473,-0.5855089335689201,233,900,2269411,672,63756,0.08102493074792244,-0.968122,5,210,4.933967509,,42,15,5,25,0.7916988599027209,0.9344433372397989,1.6684868333268719,1
247,0,15.74902856350444,0.4390698597550787,0.1369566458605487,0.339937021995372,0.6871393854513079,0.01667068256425728,0.01662049861495845,0.6,0.005,0.09618490780504609,-1.9138138523837167,12,1065,5400985.2,1482.6,59926,0.23337950138504154,-0.970037,5,415,5.275613052,,83,17,11,2,0.8290053632985455,0.3937036497792118,1.4995775783617826,0
248,0,15.815510557964274,1.4337341798534784,0.1712994099221402,0.3005491153459978,0.6494324719240594,0.16720201034848547,0,0,0,0.029797319373424978,-3.0350292822023683,0,1083,1144670.6,880,16192,0.25,-0.991904,5,440,2.691789012,,88,9,35,9,0.6777920338197572,0.4443613093546962,0.5209042606065907,0
249,0,15.815510557964274,1.4146117714855722,0.1660767584109106,0.2712742760421667,0.632769345089708,0.1542429424102572,0,0,0,0.04846677692850765,-3.0350292822023683,0,1083,439495.4,345,3640,0.25,-0.99818,5,130,0.550464604,,26,13,41,5,0.6058506693896386,0.28574442942075307,0.8157206520138818,0
250,0,14.91431018861986,1.2525761875528654,0.17168487980328082,0.3117048066032533,0.6567687509236897,0.16085468892857185,0.22530009233610343,0.4107744107744108,0.099,0.24768069169942158,-0.37897216959605756,350,839,365095.6,875,5425,0.02469990766389657,-0.9972875,5,875,8.200839053,,175,4,29,17,0.9802025048199987,0.8631058958816415,1.8565103046739853,0
251,0,15.741641675231126,1.4787303132255805,0.1598794459636816,0.2827452957645213,0.6347774722442405,0.1421659623333336,0.018467220683287166,0.47619047619047616,0.007,0.08701799723663578,-1.6652137919414365,22,1063,107936.4,126,2286,0.23153277931671284,-0.998857,5,90,0.841140312,,18,6,5,24,0.5889822513760581,0.9934362605862821,0.9312485402826278,1
252,1,0.8242758323928838,0.8242758323928838,0.19577605495031017,0.32260001583673237,0.6880568311158208,0.18509113918279582,0.4709141274238227,0.310407790626902,0.2738333333333333,0.30475515148961607,0.29570116215891423,1133,573,63044.4,155,961,-0.22091412742382271,-0.9995195,5,155,0.55408813,,31,4,2,37,0.4859512056722201,0.6638719205452435,3.5798048400050155,0
253,0,15.523728471168337,0.7260754955255774,0.14299616078815233,0.3153661325059226,0.6732146991865522,0.06608306933333348,0.0729455216989843,0.5064102564102564,0.026,0.13609336413268416,-1.1100714590660272,77,1004,189558,176,4444,0.1770544783010157,-0.997778,5,110,0.729188942,,22,7,46,24,0.9743170599142748,0.33598606180215007,2.0762124821541876,1
254,1,0.6858296825906377,0.6858296825906377,0.16446704285615507,0.29185504034215526,0.6639236252540088,0.12038870938889037,0.3231763619575254,0.35317860746720486,0.16516666666666666,0.2209518191713757,-0.05816103184721724,641,733,541718.2,165,5373,-0.07317636195752542,-0.9973135,5,45,1.2789374310000001,,9,18,13,10,0.8109964674157316,0.8978171045861283,2.593081998734699,1
255,1,0.5439366852478648,0.5439366852478648,0.17705527010885636,0.34277512220963446,0.7036014836122665,0.16517064192063496,0.48291782086795937,0.33698453608247425,0.25866666666666666,0.22993187047025282,0.2638743634490108,1029,560,999662.6,577,7728,-0.23291782086795937,-0.996136,5,210,3.123241871,,42,18,37,9,0.7164963301414908,0.8734218448184266,3.7807444999126494,0
256,0,15.31689559951552,0.47339830698724944,0.1383932090263136,0.35334069132234747,0.7007333743841209,0.050442856999217335,0.12465373961218837,0.4945054945054945,0.0455,0.15696975087414883,-0.8342514121731976,138,948,1242075.8,1491,27051,0.12534626038781163,-0.9864745,5,1065,5.929115813,,213,6,2,16,0.9670216634336315,0.3189142179129725,2.6271796355692927,1
257,0,15.065741398222816,0.9432219774169679,0.1481385141092912,0.30354331627867054,0.6668656296554194,0.08836861028571524,0.18744228993536471,0.4246861924686193,0.07966666666666666,0.18083814727784295,-0.5040668263468302,275,880,47431,84,882,0.06255771006463529,-0.999559,5,70,0.176879231,,14,5,23,3,0.4041262108599882,0.4413274016299409,2.172080552027529,0
258,0,15.815510557964274,0.7970078929643036,0.16525175970746106,0.29335660287876303,0.6419238021517298,0.1489917444814823,0,0,0,0.03744957931711459,-3.0350292822023683,0,1083,1870762,1296,73584,0.25,-0.963208,5,720,3.966369766,,144,8,3,8,0.8341755382659497,0.34445273954809325,0.7528611234979645,0
259,0,15.815510557964274,1.6260136175197148,0.16993958566701745,0.2875154332097613,0.6272038273005014,0.16538673788746422,0,0,0,0.04564170805067403,-3.0350292822023683,0,1083,415823,702,7371,0.25,-0.9963145,5,585,6.315116523,,117,5,11,2,0.8363236493454844,0.970560792190392,0.7804256780465599,1
260,0,15.808123669690959,0.4896526677104049,0.14456872851567898,0.33949858002019634,0.6807621474932635,0.08567095701149365,0.0018467220683287165,0.6666666666666666,0.0005,0.08188707549457595,-2.7331972651065692,1,1081,4562821.8,1392,475020,0.24815327793167127,-0.76249,5,580,8.534999458,,116,11,2,10,0.9209780754349048,0.48820986943012845,1.0740059444883088,1
261,0,15.800736781417644,0.9415713567595704,0.15345032722348453,0.22912694157784175,0.5929118660625102,0.0810148161818173,0.003693444136657433,0.3076923076923077,0.0021666666666666666,0.10159952651563521,-2.03342375548695,9,1079,537211.6,196.2,11121,0.24630655586334257,-0.9944395,5,55,0.237989807,,11,17,4,5,0.421976163604625,0.27786788170503735,0.6300839673578933,0
262,1,0.6275792919513615,0.6275792919513615,0.17849132596215161,0.34161454775755945,0.6995133059198203,0.14960034401455605,0.4182825484764543,0.34953703703703703,0.216,0.2949025197586597,0.12631308738152072,843,630,809107.4,1374,14427,-0.1682825484764543,-0.9927865,5,1145,10.106320814,,229,5,2,3,0.7081252848941029,0.7860259497950718,3.0829975410432797,0
263,0,15.815510557964274,0.833635954845614,0.1646553348991716,0.28751795155550797,0.6413612786663039,0.14656389806410278,0,0,0,0.03623518680880909,-3.0350292822023683,0,1083,1369675,780,63180,0.25,-0.96841,5,390,2.563661326,,78,9,9,13,0.7606188445174895,0.28962271528110745,0.5727955996729535,0
264,0,15.8044302255543,0.6006693561802287,0.14959356062055637,0.34300500589464816,0.6844736194231444,0.11150721260340705,0.002770083102493075,0.75,0.0006666666666666666,0.08109796900606293,-2.7327956982893293,1,1080,1307636.6,1096,34935,0.24722991689750692,-0.9825325,5,685,3.642292426,,137,7,5,7,0.4467863624748011,0.5317716525303955,1.1820787616175819,0
265,0,15.335362820198807,0.5402450156179048,0.13930989324271334,0.32738510671924514,0.6799086441578401,0.03787809179487212,0.12003693444136658,0.5,0.043333333333333335,0.14553344291165957,-0.8622770790483308,130,953,1258730.4,489,21736,0.1299630655586334,-0.989132,5,130,3.037615751,,26,19,9,31,0.785448890029457,0.760901748085075,1.222866603753569,0
266,0,15.811817113827615,1.9097396589824718,0.17034160933421527,0.2598816769927376,0.595693216535768,0.16629246749999987,0.0009233610341643582,1,0.00016666666666666666,0.04732877230389369,-3.0346284566253203,0,1082,144201.4,175,3175,0.24907663896583565,-0.9984125,5,125,1.578462267,,25,6,41,21,0.7347664159798817,0.9226621321926216,0.5167215370416306,1
267,1,0.5100027027064694,0.5100027027064694,0.16585097635224152,0.32328057909851243,0.6839592639477374,0.1537463803115914,0.3471837488457987,0.3650485436893204,0.17166666666666666,0.16782897788590914,-0.033791957697985923,654,707,1644342.4,414,25714,-0.09718374884579872,-0.987143,5,115,1.9631020609999998,,23,17,4,7,0.4666385615113472,0.6115173628725217,3.786931031380823,1
268,0,15.047274177539528,0.5001826095882849,0.13939258159267387,0.3374736404620323,0.6946722800707816,0.0470332498333341,0.19205909510618652,0.48372093023255813,0.07166666666666667,0.1665960624795215,-0.5941992431199201,222,875,1155630.6,390,13950,0.05794090489381348,-0.993025,5,150,4.534916943,,30,12,17,13,0.8270357722005521,0.814748579032103,1.7562972164904875,1
269,1,0.5199573784482923,0.5199573784482923,0.1694713139120084,0.3331789799892965,0.6893501374900918,0.1771120689655155,0.31948291782086796,0.3696581196581197,0.156,0.13025711255152445,-0.09646888094178621,590,737,1700132,1117.2,98078,-0.06948291782086796,-0.950961,5,290,2.436179424,,58,19,3,63,0.5291295328032635,0.3402880183778896,3.7129974680585605,1
270,0,15.771189228324385,0.6458173518986242,0.14645946322159156,0.3515835381664278,0.7030918228746781,0.1060171263506503,0.0110803324099723,0.5714285714285714,0.0035,0.09245154218443749,-2.030194785356751,9,1071,2904961.4,1311.4,35497,0.2389196675900277,-0.9822515,5,385,9.4886237,,77,18,17,13,0.8192421371472076,0.7658277276772386,0.6480647443892071,0
271,1,0.505760966569512,0.505760966569512,0.1475292505926536,0.3400748206679485,0.6956044672120449,0.07766660366666644,0.31117266851338876,0.3895953757225434,0.14416666666666667,0.1985905257319569,-0.14986492978021299,528,746,1010388.4,330,38100,-0.06117266851338876,-0.98095,5,150,2.256368576,,30,10,6,10,0.7946837486150908,0.6281090268900898,2.761328120371747,1
272,0,15.771189228324385,1.7989404493592454,0.1648025200087315,0.26318859863648864,0.6026708175660563,0.15422993923076933,0.0110803324099723,0.5714285714285714,0.0035,0.07587266462029334,-2.030194785356751,9,1071,193951.2,166.2,1599,0.2389196675900277,-0.9992005,5,65,0.682460259,,13,20,54,35,0.7003825922060181,0.7155600846288338,0.6558645485209793,1
273,0,15.017726624446269,0.46075700885809884,0.1450832692554132,0.36376758162095213,0.7028053499729865,0.09836274509803879,0.1994459833795014,0.4864864864864865,0.074,0.13379289218118406,-0.5786842428366039,228,867,4566043.4,1916,120156,0.050554016620498604,-0.939922,5,510,6.01965102,,102,18,6,45,0.7374148517868067,0.5183234054724667,2.6661031263289723,1
274,0,15.424005479478586,0.6392329338016832,0.14178715775541922,0.33814981772369074,0.6864710425754506,0.06823937566666703,0.09787626962142197,0.49765258215962443,0.0355,0.14509794878598506,-0.9569150993006518,107,977,1146666,640,65472,0.15212373037857801,-0.967264,5,320,3.697186786,,64,9,2,25,0.6187579906298819,0.9517182221372429,1.23903499849515,0
275,0,14.943857741713119,0.7070551112416255,0.1427295415037367,0.3247879332720164,0.6988677794697613,0.0661425309761915,0.21791320406278855,0.4259927797833935,0.09233333333333334,0.1898458260349856,-0.4246051691995327,318,847,257853.6,167.2,2212,0.03208679593721145,-0.998894,5,70,1.121863916,,14,11,40,20,0.6651834074084202,0.7943742375811493,1.7322003318119628,0
276,0,15.797043337280986,1.7245988678188842,0.16536126951236013,0.2708667355831512,0.6138391293627494,0.15616586299999977,0.0046168051708217915,0.625,0.0013333333333333333,0.06765839973659246,-2.430961453354948,3,1078,311213.6,248.6,2812,0.2453831948291782,-0.998594,5,95,1.619865414,,19,19,46,4,0.7150430976281352,0.8713561647651873,0.5936523148181468,0
277,0,15.815510557964274,1.1904725165136503,0.16773091401129414,0.30060253455105895,0.6569380431694287,0.1594003490485241,0,0,0,0.03901261702493255,-3.0350292822023683,0,1083,613035,632,19513,0.25,-0.9902435,5,395,1.715826361,,79,7,19,2,0.491382586911098,0.40703450917845413,0.5888401409841487,0
278,0,14.969711850669722,1.1589009409105595,0.1642766289153199,0.31980570735823877,0.6576376529991581,0.1471628579083893,0.21144967682363805,0.43702290076335876,0.08733333333333333,0.2212675681765355,-0.46067440366923407,295,854,311858,755,4681,0.03855032317636195,-0.9976595,5,755,5.532032903,,151,4,6,50,0.6623812473260116,0.8156031408507385,1.744204603900974,0
279,0,14.921697076893174,1.2398601057668002,0.17019690533389464,0.31000613827284795,0.6590620364533246,0.15826944816666708,0.2234533702677747,0.41156462585034015,0.098,0.24638566663511985,-0.3849826167087758,346,841,208599,500,3100,0.026546629732225296,-0.99845,5,500,4.347980069,,100,4,3,8,0.6296674730057003,0.9058920539057429,1.8325974846091626,1
280,0,15.612371130448114,0.4574354382243383,0.13743736016133254,0.3418204435909571,0.6931977568167124,0.03388222504347897,0.050784856879039705,0.5729166666666666,0.016,0.12359004154446074,-1.3891660843645326,41,1028,5963185.6,2007,268732,0.19921514312096028,-0.865634,5,460,11.817783412,,92,21,3,23,0.9134701201854162,0.8401511935652972,0.8983384710733758,0
281,0,15.815510557964274,1.446542368539415,0.16470559165089402,0.29992723849458053,0.6435990723949229,0.15577339857407438,0,0,0,0.05793605615601995,-3.0350292822023683,0,1083,562078.4,536,4635,0.25,-0.9976825,5,225,1.543712575,,45,19,51,38,0.5577076817376108,0.6159732872157876,0.6868866301875176,0
282,0,15.815510557964274,0.5593444051066588,0.15580456409886417,0.31050842615931457,0.6606080136169932,0.12003365277659438,0,0,0,0.04654159195944293,-3.0350292822023683,0,1083,3349036.4,1504,285290,0.25,-0.857355,5,470,3.95204069,,94,15,3,53,0.9488879470229014,0.2687668361441646,0.7583644355331443,1
283,1,0.5273830980936601,0.5273830980936601,0.15295506845838389,0.2998791326077088,0.6703371065880129,0.0976770336666667,0.2853185595567867,0.37409200968523004,0.13766666666666666,0.17648452614560536,-0.1749719427610773,517,774,536773.8,313,46672,-0.0353185595567867,-0.976664,5,80,0.821653883,,16,21,2,61,0.6080994292882272,0.5398967012911458,2.3459144680644552,1
284,0,15.726867898684496,1.1676835710318112,0.15651181355793564,0.30231821141276605,0.6547398730279989,0.13060047426767724,0.0221606648199446,0.5853658536585366,0.006833333333333334,0.09462694434392292,-1.7700333601614642,17,1059,313198.2,264,8415,0.2278393351800554,-0.9957925,5,165,2.293675021,,33,7,2,38,0.8748747165948695,0.8674205817365839,0.9141171550073401,1
285,0,15.774882672461041,0.7143568690654571,0.1550546782342446,0.33484531972673426,0.680770598021337,0.13030022568930041,0.010156971375807941,0.6875,0.0026666666666666666,0.08181825417370384,-2.252448471582307,5,1072,1652262.8,1296,41310,0.23984302862419205,-0.979345,5,810,7.70473096,,162,7,3,3,0.6763016461657885,0.7352242659598809,0.9687519397809441,1
286,0,15.79334989314433,0.49968293450499845,0.14501854610742787,0.36386906709500183,0.7110655533753193,0.09925716807471187,0.00554016620498615,0.75,0.0013333333333333333,0.0830044357490745,-2.5554975061310574,2,1077,8350979.6,3247.2,134792,0.24445983379501385,-0.932604,5,1160,19.485277243,,232,13,13,10,0.7885216925629528,0.7331404189631134,0.5849975428892478,1
287,0,15.73425478695781,0.6009920371967606,0.14272057466685573,0.3452245345626365,0.701421059579791,0.0884031520000003,0.020313942751615882,0.46808510638297873,0.007833333333333333,0.1061887899740273,-1.6111511687746323,25,1061,958362,746.2,24000,0.22968605724838412,-0.988,5,250,1.786238629,,50,23,8,48,0.4014801254028976,0.8459845275535087,0.7972157708553147,1
288,1,0.48169606875222926,0.48169606875222926,0.1531553986598773,0.3183411628259165,0.6765883377830059,0.10312498849999926,0.2723915050784857,0.371536523929471,0.13233333333333333,0.16543283269470785,-0.19810699887340147,499,788,1311715.8,420,66416,-0.022391505078485696,-0.966792,5,140,2.332119734,,28,14,4,54,0.9890370592537764,0.600470769371187,2.8601062873324383,0
289,0,15.20239883127914,0.570027419065397,0.14153708570848336,0.3092413108744889,0.6789480069053959,0.04753110233333351,0.15327793167128348,0.42346938775510207,0.06533333333333333,0.15819969884268723,-0.6068168240081198,226,917,849762.4,290.4,9008,0.09672206832871652,-0.995496,5,80,1.441810368,,16,20,13,3,0.7647889486470194,0.658733181773953,1.4477289945492766,0
290,0,15.737948231094467,0.4855823341776272,0.13823516662038388,0.3408872797614329,0.6945634560481462,0.049655982702127295,0.019390581717451522,0.6363636363636364,0.0055,0.1029412151232956,-1.91258991221646,12,1062,2167492,751.2,38352,0.23060941828254847,-0.980824,5,235,4.35593138,,47,15,7,12,0.5959799909888517,0.7430790636563875,0.7570306604271555,1
291,1,0.47650618686541246,0.47650618686541246,0.14321194394560588,0.3553246809329822,0.704802867020049,0.06692497249999993,0.2613111726685134,0.4161764705882353,0.11333333333333333,0.20101745665675574,-0.3037494440105498,397,800,1342138.6,1120,31780,-0.011311172668513392,-0.98411,5,700,7.198416694,,140,7,29,13,0.6917211943613332,0.6693940234074667,2.4586764640976733,0
292,0,15.693626901454579,0.4498158564568545,0.1408382000000009,0.3145834496582056,0.6734688722920518,0.044536666833333495,0.030470914127423823,0.559322033898305,0.009833333333333333,0.0999720556659098,-1.590238951869255,26,1050,4907621.6,850,231550,0.2195290858725762,-0.884225,5,250,5.1165268,,50,16,2,4,0.9652810992135947,0.2566865212493636,2.567785966952159,1
293,0,15.68993345731792,0.48688635871468433,0.13922389688658596,0.36648798402055105,0.712565897687391,0.07504690619923395,0.03139427516158818,0.6181818181818182,0.009166666666666667,0.1095154212456759,-1.6787666182477319,21,1049,5911060.2,2262,79692,0.2186057248384118,-0.960154,5,870,18.791839473,,174,12,19,11,0.9096811943426707,0.7035314696762331,0.9497099500552888,0
294,0,15.564356356671569,1.2413880638137629,0.15094429911173116,0.2959980338453286,0.6493199860059256,0.10774939333333432,0.06278855032317636,0.5396825396825397,0.021,0.1245577182996508,-1.2360416963057563,58,1015,173372.4,145.8,1440,0.18721144967682363,-0.99928,5,60,0.482263253,,12,13,36,26,0.45647071823643764,0.6764270754132228,1.0356685038506168,0
295,1,0.5000176919641586,0.5000176919641586,0.15824602974604146,0.3234460005500336,0.6813768764632324,0.12643649226984202,0.30378578024007385,0.3777267508610792,0.14516666666666667,0.17372786536979717,-0.14314712204034127,542,754,632375.2,324.4,4998,-0.053785780240073855,-0.997501,5,105,1.175131282,,21,19,27,21,0.6738267451018727,0.4101391727643376,3.0037804835275757,0
296,1,0.7000482670116336,0.7000482670116336,0.17431542192755653,0.33145444840412003,0.6976922171199812,0.13893115321568655,0.41920590951061865,0.337295690936107,0.22433333333333333,0.2743868697890847,0.15151090943496473,892,629,167198,136,3468,-0.16920590951061865,-0.998266,5,85,1.236931155,,17,7,40,18,0.8583196519654203,0.7921046271885894,3.1781613963482935,0
297,0,15.815510557964274,1.0414989942355786,0.16448127629642345,0.30806299521391806,0.6508254006348412,0.1522135417611553,0,0,0.00016666666666666666,0.0517983251782567,-2.733999286538387,1,1083,743929.6,889,16129,0.25,-0.9919355,5,635,4.787479108,,127,6,6,2,0.6479219665971848,0.6813112594658445,0.7364678572577799,0
298,0,15.815510557964274,1.1156842030258949,0.16015285901206303,0.25529225249107335,0.6435178534306609,0.12738673156862784,0,0,0,0.08534009093475019,-3.0350292822023683,0,1083,32524.2,102,238,0.25,-0.999881,5,170,1.157179996,,34,2,2,3,0.8696015926237048,0.7772438569498976,2.296229567459213,0
299,1,0.9287446867118724,0.9287446867118724,0.17564309860900731,0.32137489354719806,0.6850687243890315,0.1344268499660194,0.29362880886426596,0.3521594684385382,0.1505,0.28840767953649593,-0.11633115361451325,585,765,215219.6,515,3193,-0.043628808864265956,-0.9984035,5,515,5.475361905,,103,4,25,3,0.7679116674660194,0.8985951880576504,3.2848194220601536,1
300,0,15.638225239404717,0.5927262784385727,0.14219714004642453,0.3437353873337868,0.6976647059563641,0.07937822087837824,0.0443213296398892,0.5714285714285714,0.014,0.11996751915926501,-1.4471580313422192,36,1035,2115931.2,962,106042,0.2056786703601108,-0.946979,5,370,6.728347783,,74,12,6,44,0.8964365128294134,0.8908240914269732,0.8592668446272957,0
301,1,0.4854077436901856,0.4854077436901856,0.15538510814793216,0.3163063669344326,0.6784728994381526,0.11841025124359002,0.2788550323176362,0.3793969849246231,0.13266666666666665,0.15584381051339072,-0.1986015541262793,494,781,1083110.4,467.4,8632,-0.028855032317636198,-0.995684,5,130,1.7578249910000001,,26,23,27,2,0.9379645125687095,0.40211230039605167,2.9876714350900024,1
302,0,15.811817113827615,0.4986255328333506,0.145370010578375,0.3342355870156893,0.6849691020525206,0.08807903016239248,0.0009233610341643582,0.25,0.0006666666666666666,0.07567841876446911,-2.432568465297358,3,1082,4183304.4,1092,330642,0.24907663896583565,-0.834679,5,390,6.037253017,,78,13,2,6,0.8836158810102883,0.5376978897331819,0.6918428876482552,1
303,0,15.815510557964274,0.8919934324004889,0.16082462422139276,0.2769301038729804,0.631872556271597,0.1352069082072071,0,0,0,0.04980394158874379,-3.0350292822023683,0,1083,611941.6,370,37851,0.25,-0.9810745,5,185,0.719060105,,37,9,1,4,0.42966114273764044,0.4030173370418604,0.6014759854875077,1
304,0,15.04358073340287,0.5123497506758169,0.1423992252394203,0.3340061779861343,0.6899012997099967,0.058413897661290716,0.19298245614035087,0.4437367303609342,0.0785,0.17538833364541173,-0.5220523045325554,262,874,120849.6,310,1922,0.057017543859649134,-0.999039,5,310,0.702040194,,62,4,4,17,0.7751823797581199,0.2701802635607426,3.2269272011949006,0
305,1,0.49737112630738156,0.49737112630738156,0.16077558099202477,0.3171903460770509,0.6866395836631387,0.14463440910215022,0.2677746999076639,0.3871829105473965,0.12483333333333334,0.14410932684974645,-0.23706267074552215,459,793,1313656.2,403,49507,-0.017774699907663893,-0.9752465,5,155,0.844080425,,31,12,3,16,0.49940074303564225,0.32164245056119456,3.470145112685226,0
306,0,15.815510557964274,0.5982492899325861,0.1554677204141434,0.27363095040028673,0.632654324013152,0.11315356633333351,0,0,0,0.05682486797042942,-3.0350292822023683,0,1083,2351512.6,896,598976,0.25,-0.700512,5,320,2.844835462,,64,13,1,19,0.975126816110724,0.29912348847996545,0.6739717879043696,0
307,0,15.73425478695781,0.5922090777668935,0.14606753826031163,0.3318108138090354,0.6801620661052887,0.09460140906705052,0.020313942751615882,0.6285714285714286,0.005833333333333334,0.10028296062567635,-1.8799964810672123,13,1061,2848846.6,1392,336864,0.22968605724838412,-0.831568,5,435,7.155309563,,87,15,2,45,0.8071380479378587,0.736504098406073,0.6639135338334663,0
308,0,15.815510557964274,0.5780597531616426,0.1577133148518972,0.3377427506240942,0.688969769832028,0.13185551272222262,0,0,0,0.04467573463226238,-3.0350292822023683,0,1083,3962635.2,1950,79500,0.25,-0.96025,5,750,4.720326431,,150,12,10,23,0.5536921291926559,0.32518098040074295,0.5561761920400998,0
309,0,15.172851278185881,0.4908110146333561,0.1557138203527547,0.3723901979413708,0.7069575638892786,0.14617097701149456,0.16066481994459833,0.498567335243553,0.058166666666666665,0.10180453877475541,-0.7135287245069437,175,909,15173978.8,3944,222952,0.08933518005540167,-0.888524,5,1160,13.717793181,,232,16,7,16,0.7021080414321722,0.29226371165634757,3.670477635986995,1
310,0,15.815510557964274,0.7332252527472225,0.16548687367895357,0.2919066897786352,0.6496683355520664,0.14816654599999915,0,0,0,0.03200060887319569,-3.0350292822023683,0,1083,2089368.4,1130,115599,0.25,-0.9422005,5,565,4.372313279,,113,9,2,6,0.7813185709029428,0.28805184364106967,0.6787889233558667,1
311,0,15.811817113827615,0.7113855468741089,0.15737441107783812,0.328026908278526,0.6819169591018854,0.13486841351897008,0.0009233610341643582,0.25,0.0006666666666666666,0.06730735950400206,-2.432568465297358,3,1082,3099233.8,2706,503562,0.24907663896583565,-0.748219,5,1230,13.527232076,,246,10,1,63,0.6522280738312392,0.6492441179459263,0.5684992846825416,0
312,1,0.5345607704819341,0.5345607704819341,0.15405250312632543,0.3480752357026051,0.7068221676505898,0.10245503220512807,0.38227146814404434,0.3794683776351971,0.18183333333333335,0.22646427502009156,0.005154891166236879,677,669,574444.8,286,5954,-0.13227146814404434,-0.997023,5,130,2.871484043,,26,10,31,4,0.7456626176103334,0.8968491440644355,2.74270223360232,0
313,0,15.712094122137865,0.9323047918124656,0.15289568166244016,0.31363621427267613,0.6647944052246048,0.11901002266666741,0.02585410895660203,0.5833333333333334,0.008,0.10124335625314324,-1.7014446234638743,20,1055,496500.8,384,12240,0.22414589104339797,-0.99388,5,240,3.386402967,,48,7,5,4,0.8099423009327138,0.7716065045199849,1.067888057679542,0
314,0,15.235639828509056,0.6329089185126447,0.149977930099348,0.2741011169179491,0.6447506915818281,0.075545286545456,0.14496768236380425,0.3954659949622166,0.06616666666666667,0.1686934726584977,-0.5850626915696286,240,926,574595.6,143,12628,0.10503231763619575,-0.993686,5,55,0.856010297,,11,12,5,2,0.59877518454728,0.4864122563826133,1.9659391972284328,0
315,0,14.903229856209888,0.4697723040501636,0.1403815803621626,0.35122035127825924,0.7017730710214304,0.057416642833332976,0.22807017543859648,0.44344703770197486,0.09283333333333334,0.18173236971429388,-0.42996506896642245,310,836,1252057.2,810,26820,0.02192982456140352,-0.98659,5,450,3.497994622,,90,8,17,3,0.5301194873279079,0.6721412648553331,2.332464533158872,1
316,0,15.815510557964274,1.1501723497042777,0.1603476335322285,0.30473901979759366,0.6505747955300838,0.14247988932352962,0,0,0,0.059493503440831756,-3.0350292822023683,0,1083,278549.2,272,6596,0.25,-0.996702,5,170,0.860628929,,34,7,45,11,0.9145568484086128,0.29449323198202776,1.217710150084874,1
317,0,15.468326809118475,0.4398688131463967,0.13553919538116946,0.35614704417681864,0.6991815757455573,0.02054964355673736,0.08679593721144968,0.5662650602409639,0.027666666666666666,0.13237230516475187,-1.132312334477094,72,989,15783414,4002.2,299672,0.16320406278855032,-0.850164,5,940,35.08245194,,188,21,5,8,0.8310828153635335,0.9319766983890263,1.1072937375929843,0
318,1,0.687922239369208,0.687922239369208,0.17150379714039268,0.3384697828962798,0.6994936819157385,0.13653010586363626,0.394275161588181,0.3555370524562864,0.20016666666666666,0.2847135114882789,0.07173633294652955,774,656,233677,396,4158,-0.144275161588181,-0.997921,5,330,2.010759541,,66,5,4,4,0.42565267781175403,0.9245121783256252,2.9366783043044946,0
319,0,15.593903909764828,0.6328485177880571,0.14269699450120973,0.3617237122705273,0.7061468765627609,0.08988098028547893,0.055401662049861494,0.594059405940594,0.016833333333333332,0.12486393126407003,-1.3870506662419115,41,1023,1843273.6,1359.2,14342,0.1945983379501385,-0.992829,5,505,9.627702284,,101,21,60,11,0.8987466311660359,0.6706729560576212,1.2266540951006295,1
320,1,0.9071157903482086,0.9071157903482086,0.22208127690550616,0.3231973261571978,0.688577759224174,0.22056725466257432,0.5780240073868883,0.28172817281728174,0.37033333333333335,0.3399911568779576,0.5424394381346137,1596,457,153580,489,1141,-0.3280240073868883,-0.9994295,5,815,4.797515806,,163,2,57,9,0.984169281466429,0.6983686518918328,3.521610294689243,0
321,0,15.723174454547838,0.7993293767730875,0.14455618600033382,0.32540803367752624,0.6728838140650965,0.08919134150000095,0.023084025854108958,0.5555555555555556,0.0075,0.10671694469223254,-1.7026766653735657,20,1058,299288.2,254.4,2320,0.22691597414589104,-0.99884,5,100,0.386063472,,20,22,40,15,0.48919511576759933,0.32105895715097604,1.3859034830599526,0
322,1,0.49109003340687035,0.49109003340687035,0.15842745822260115,0.3588699456397068,0.7080911552829603,0.14623266219239273,0.3527239150507849,0.39179487179487177,0.1625,0.1622026232946267,-0.07255066714861173,593,701,4281026.4,2249,33674,-0.10272391505078488,-0.983163,5,745,7.742180659,,149,23,26,2,0.6161867922840286,0.5386446456967211,3.4175989840252385,0
323,0,15.608677686311458,1.2466974971524607,0.15162152033394863,0.2823037294669333,0.6469885792052035,0.10898272533333371,0.05170821791320406,0.49557522123893805,0.018833333333333334,0.12079200613199995,-1.2485651210963196,57,1027,170617.8,142.4,2790,0.19829178208679593,-0.998605,5,50,0.325149351,,10,23,14,56,0.40882856680426743,0.6244100141228376,0.8605345278880359,0
324,1,0.6697599063164159,0.6697599063164159,0.18010761388902644,0.31122632594994026,0.6799478921660037,0.15981931111111108,0.47830101569713757,0.31566118220597195,0.2735,0.24987872410334444,0.29794988004477085,1123,565,511045.4,167.8,4872,-0.22830101569713757,-0.997564,5,60,2.395354272,,12,13,22,3,0.9337615792206025,0.9914058091449625,3.6246532348190392,0
325,1,0.6149709077710431,0.6149709077710431,0.18601444378239537,0.32467858216884843,0.6878957077138862,0.17753563595238062,0.5327793167128347,0.3088865096359743,0.31133333333333335,0.24663447340894729,0.4062545543257293,1291,506,332891.8,154,3682,-0.28277931671283474,-0.998159,5,70,1.437016483,,14,10,28,2,0.7719085745011169,0.7057601459778807,3.9880718134460085,1
326,0,15.760108895914412,0.4502441872450101,0.13883838937006102,0.33825099356989335,0.679353913937193,0.04001605909036163,0.013850415512465374,0.8333333333333334,0.003,0.09472132791267693,-2.426917713880816,3,1068,4204737.2,1162,212065,0.23614958448753462,-0.8939675,5,415,7.216811657,,83,13,3,14,0.7990348624070844,0.3986992691773918,1.3965635943213521,1
327,0,15.7785761165977,0.4610164021949025,0.1397722784259405,0.33655551424331487,0.6830828502917592,0.05243748700000031,0.009233610341643583,0.6666666666666666,0.0025,0.08978912891628425,-2.2528530309798933,5,1073,2803946.2,1008,49824,0.24076638965835642,-0.975088,5,360,4.38731295,,72,13,7,2,0.5059805080707547,0.4962878734635696,0.9628948193511907,1
328,0,15.815510557964274,2.449603430380022,0.18032169581056806,0.1804607394840665,0.49975502858062487,0.1799522417076023,0,0,0,0.0038379978570293335,-3.0350292822023683,0,1083,72255.6,228,855,0.25,-0.9995725,5,285,0.833526772,,57,3,7,6,0.5223648091149861,0.47936219865606156,0.9042831389128914,0
329,0,15.815510557964274,0.4429684118260875,0.13874630737304688,0.334688391501882,0.6811882418976807,0.019313802083333338,0,0,0,0.07179654429510253,-3.0350292822023683,0,1083,8636666.6,2635.8,142464,0.25,-0.928768,5,640,5.940482655,,128,21,4,5,0.46430688393895214,0.3178224350714953,1.064301742907323,0
330,0,15.774882672461041,0.4545871034315029,0.13824541500001092,0.344119342605282,0.6900857090115117,0.044086100277778394,0.010156971375807941,0.6470588235294118,0.0028333333333333335,0.09122499520780333,-2.185501681951694,6,1072,2618413.8,959.6,87780,0.23984302862419205,-0.95611,5,300,3.605099674,,60,15,3,9,0.45765444355371265,0.5855758923313078,0.8218869002541812,1
331,0,15.04358073340287,0.45906199644639695,0.1451723958333333,0.35098240948265563,0.7017350436450996,0.09344583333333312,0.19298245614035087,0.4553376906318083,0.0765,0.13750000953282818,-0.5423343315412751,250,874,2987648.2,1320,78840,0.057017543859649134,-0.96058,5,600,4.454151982,,120,10,8,2,0.5486951942654691,0.294572807430246,3.3288603866290236,1
332,0,15.401844814658642,0.5466686237914379,0.1388964134706487,0.3315091976075513,0.690307018952281,0.043808507141975046,0.10341643582640812,0.4745762711864407,0.03933333333333333,0.15329298232086994,-0.8907562519182182,124,971,1601918.4,547,34479,0.14658356417359186,-0.9827605,5,135,5.041245444,,27,20,7,27,0.9320705053969098,0.9360826386088787,1.1708533440683166,0
333,0,15.250413605055686,0.6518732065686507,0.14848829766685706,0.2686684421513429,0.6393962492049462,0.06678314200000086,0.14127423822714683,0.3583138173302108,0.07116666666666667,0.15819356548889346,-0.52961698715108,274,930,483304,149.8,5380,0.10872576177285317,-0.99731,5,50,0.788823162,,10,14,15,30,0.8424749637895244,0.3671864043128189,1.7406407870243186,1
334,0,15.811817113827615,0.6341421270042146,0.14823071140757385,0.2934125242696478,0.667934621456717,0.09217760694444595,0.0009233610341643582,1,0.00016666666666666666,0.07900004263899471,-3.0346284566253203,0,1082,1202743.6,560.6,14700,0.24907663896583565,-0.99265,5,150,1.865054287,,30,24,12,2,0.6148924851123552,0.42735951937487976,0.6382562948631021,1
335,0,15.479407141528448,0.7572293022663803,0.14501947725028652,0.31698184530069384,0.6667467588938522,0.08070805133333385,0.0840258541089566,0.489247311827957,0.031,0.13732042919962983,-1.0146780154558128,95,992,284754.4,256,8160,0.1659741458910434,-0.99592,5,160,1.5178287209999999,,32,7,4,43,0.7588853195114617,0.5167864122936651,1.7906757197144074,1
336,0,15.815510557964274,0.513037692937733,0.1445139946107034,0.32238400187038957,0.6766473036900076,0.07827982771383597,0,0,0,0.07814038323194061,-3.0350292822023683,0,1083,1816721,689,29044,0.25,-0.985478,5,265,3.205576888,,53,12,12,5,0.6866006817566135,0.3572840082632367,1.0240590286387141,1
337,0,15.66407934836132,0.46762365131707595,0.13756530783337195,0.336195334752572,0.6855274941686662,0.030387463666666746,0.03785780240073869,0.6212121212121212,0.011,0.11375565700252793,-1.6033109604557128,25,1042,1288627,638,11480,0.2121421975992613,-0.99426,5,200,1.986606472,,40,18,19,2,0.5705398242590007,0.41235670484428105,1.393012633592804,0
338,0,15.438779256025216,0.4655978016144935,0.14388310654041786,0.31168453568494664,0.6691495257094171,0.06407526381720356,0.09418282548476455,0.4533333333333333,0.0375,0.12842185325420674,-0.8986898026247145,123,981,1570537.8,590.2,20398,0.15581717451523547,-0.989801,5,155,2.111186971,,31,21,12,39,0.8245747798057159,0.36009395749561124,2.1159176249109497,0
339,0,15.811817113827615,0.4574488855075635,0.14121559359655267,0.34802346635875725,0.6963968450610701,0.06725640358974251,0.0009233610341643582,1,0.00016666666666666666,0.07685137485178294,-3.0346284566253203,0,1082,4521031.8,1632,205933,0.24907663896583565,-0.8970335,5,455,6.26325121,,91,17,2,3,0.4716652615852556,0.6596954216957733,0.5540012398506183,1
340,0,15.7785761165977,0.5679665943125943,0.1480399553431185,0.3551830247570935,0.7052757210131394,0.11008892773560201,0.009233610341643583,0.7142857142857143,0.0023333333333333335,0.0854372541650877,-2.332034277027518,4,1073,5642034.4,2674,191955,0.24076638965835642,-0.9040225,5,955,13.526705788,,191,13,7,29,0.7337900189365403,0.8095328184521855,0.5528475088025464,0
341,1,0.6680905141625224,0.6680905141625224,0.15378662966685405,0.2926687494124071,0.6649821947373491,0.08823314599999958,0.2880886426592798,0.3394994559303591,0.15316666666666667,0.19818380030235452,-0.10371372106300121,607,771,728443.6,160,12350,-0.0380886426592798,-0.993825,5,50,1.448067746,,10,15,6,3,0.7730646905422183,0.906330947384784,2.0232318613644034,1
342,0,15.67515968077129,0.4387207023812873,0.1356523082579105,0.3649302131704369,0.7130190337816432,0.04359344274267736,0.03508771929824561,0.59375,0.010666666666666666,0.11491778592953705,-1.588167920372268,26,1045,11573168.8,4361.4,152482,0.2149122807017544,-0.923759,5,1195,20.628772767,,239,19,10,3,0.6656965301401752,0.7832542226751351,0.9527951504880708,0
343,0,14.92908396516649,0.7725084119660877,0.14771598871640756,0.3063723921478468,0.6863906686639959,0.07844409561111171,0.22160664819944598,0.410958904109589,0.09733333333333333,0.2052408786529558,-0.38852335155238094,344,843,147566,106.2,1206,0.028393351800554023,-0.999397,5,45,0.46829575,,9,11,55,9,0.7791020178026236,0.5288184010351957,2.0380797134736617,1
344,0,15.64930557181469,0.7431297360506728,0.14583689527918337,0.29893201893237203,0.6574051695823805,0.07137473683333379,0.04155124653739612,0.5172413793103449,0.0145,0.12253597423035614,-1.383147091977591,42,1038,1789444.8,532,266532,0.2084487534626039,-0.866734,5,140,4.385585824,,28,18,1,7,0.9919734684824587,0.8850682732703408,0.5336301610283796,0
345,0,15.18762505473251,0.808737972253262,0.14759359724554036,0.29431126562187515,0.6708089277387833,0.07707540424242504,0.1569713758079409,0.40189125295508277,0.0705,0.18658517754479792,-0.5561124791138934,253,913,212434.2,145.8,1672,0.0930286241920591,-0.999164,5,55,0.636867049,,11,18,39,30,0.6243860467327926,0.7130702967600082,1.6811574030269698,1
346,0,15.545889135988281,0.5552077975340401,0.1485591552643646,0.26208517273993404,0.6274385641914318,0.06226915543589809,0.06740535549399815,0.365,0.03333333333333333,0.13686508647975715,-0.8975411859431327,127,1010,1118443,299.2,15223,0.18259464450600185,-0.9923885,5,65,0.680038483,,13,23,5,5,0.6110646237367396,0.33721024283885054,1.4302638989965493,1
347,1,0.4903252044626156,0.4903252044626156,0.15423812263878725,0.3575411448313875,0.7059760820009198,0.09186286153164566,0.3554939981532779,0.3804347826086957,0.16866666666666666,0.23878670114445025,-0.04651753200848529,627,698,3966555.8,2133,121107,-0.10549399815327792,-0.9394465,5,1185,21.591819642,,237,8,2,19,0.8200583589607109,0.8225634729460194,2.8019164176705926,1
348,0,15.815510557964274,0.47107147784202585,0.14445038411272548,0.314914907014023,0.6644089672496968,0.06518181568181823,0,0,0,0.061708553978578606,-3.0350292822023683,0,1083,3607119.6,1232,358435,0.25,-0.8207825,5,385,3.063488466,,77,15,1,7,0.4850947514297107,0.2718258938908647,0.8888669023643668,1
349,0,15.815510557964274,1.4952345825144548,0.16520453705509577,0.23467705011847134,0.6015231419589188,0.14408862554762,0,0,0,0.07833226382006087,-3.0350292822023683,0,1083,34845.2,112,420,0.25,-0.99979,5,140,0.355290316,,28,3,21,39,0.5560531048029751,0.3850671557394183,2.1842928300579048,0
350,0,15.752722007641097,0.44210702622936304,0.13699287040419075,0.35592900075388345,0.6903292720095412,0.03465427927927933,0.01569713758079409,0.7083333333333334,0.004,0.09515896954557036,-2.1250744324325264,7,1066,13599555.4,2516,1414436,0.23430286241920592,-0.292782,5,740,20.238266258,,148,16,1,2,0.9958338456249766,0.5876959087046331,0.8842373978796809,1
351,0,14.962324962396407,1.163641244838991,0.1660832887608596,0.3182167720216268,0.6704647095619227,0.15314569178787904,0.21329639889196675,0.425414364640884,0.0905,0.22299532267616667,-0.4354046936210745,312,852,456300.4,1100,6820,0.03670360110803325,-0.99659,5,1100,12.376898647,,220,4,33,6,0.9226090686211904,0.8450983807917325,1.7686468847854813,1
352,0,14.954938074123092,0.5548771343654001,0.14601382216389452,0.31703572507942424,0.6862056020991862,0.07609792788235464,0.21514312096029548,0.4102112676056338,0.09466666666666666,0.1830212271380196,-0.40359028269474384,335,850,716576.8,238,8313,0.034856879039704525,-0.9958435,5,85,2.024206696,,17,13,11,10,0.5625629004709143,0.9092958467030035,1.9592877352373577,1
353,0,15.815510557964274,0.6161750717128416,0.15034102203858635,0.3473376629833161,0.6881249048141908,0.11446532565447166,0,0,0,0.07054359490428934,-3.0350292822023683,0,1083,2344291.8,1357.6,21074,0.25,-0.989463,5,410,4.912147694,,82,20,26,4,0.7011861499655476,0.40398299216393196,0.808007955964765,1
354,0,15.268880825738973,0.43147037525467286,0.13408465689509272,0.3689028821287882,0.7153200186813007,0.02383252260517784,0.13665743305632502,0.550185873605948,0.044833333333333336,0.146866111844213,-0.884916018063357,121,935,4776915,2975.4,38934,0.11334256694367498,-0.980533,5,1030,15.173221701,,206,16,29,20,0.576861321310631,0.706090408070352,1.6404072100669451,1
355,0,15.339056264335465,0.4522954053770224,0.14195497566251739,0.34172798090224793,0.6949515230762325,0.07277519379844921,0.11911357340720222,0.5019455252918288,0.042833333333333334,0.12306103497137236,-0.8694136612844974,128,954,3292412.8,1458.4,192296,0.13088642659279778,-0.903852,5,430,3.834617374,,86,16,2,34,0.4661069651592954,0.4633175568304625,2.209853589967249,0
356,1,0.4853792952644479,0.4853792952644479,0.15574817994360646,0.3538963565170231,0.7025280787574193,0.13655056179774877,0.30193905817174516,0.3954050785973398,0.13783333333333334,0.15343924077004606,-0.17925815363282702,500,756,6684643.4,1868.4,67106,-0.051939058171745156,-0.9664470000000001,5,445,11.229121241,,89,22,10,4,0.7867409151559641,0.729097209366929,3.6924130692516357,1
357,0,15.800736781417644,0.6835074727965946,0.15487528879799425,0.3344564670267029,0.6865186472169312,0.1286352650000007,0.003693444136657433,0.5714285714285714,0.0011666666666666668,0.07105482850562359,-2.4313637641589874,3,1079,1789644.6,1296,73584,0.24630655586334257,-0.963208,5,720,6.644365281,,144,8,1,22,0.5143315481932431,0.928386045981473,0.649984311722398,1
358,0,15.774882672461041,0.5711600507530439,0.14499242142110685,0.26694994163759717,0.6287633253090874,0.0396348246349187,0.010156971375807941,0.4782608695652174,0.003833333333333333,0.10337748104297807,-1.9166563696591143,12,1072,1231623.2,415,45696,0.23984302862419205,-0.977152,5,105,0.651472304,,21,19,2,7,0.45361910039914605,0.3674485656437329,0.8437325505395081,0
359,0,15.254107049192344,1.3115028583883763,0.1569937056666682,0.3043663102227616,0.6493724731747376,0.13152836334058024,0.14035087719298245,0.4720496894409938,0.05366666666666667,0.15849792354195738,-0.7364198019618275,170,931,163131.4,276,2898,0.10964912280701755,-0.998551,5,230,2.725595523,,46,5,4,7,0.9766748874802057,0.8562049903636959,1.4594804661934646,1
360,0,15.815510557964274,2.492129314795682,0.18049529905656547,0.18043592900379601,0.4996481763478733,0.18047816816666665,0,0,0,0.0005374720656974911,-3.0350292822023683,0,1083,62009.8,216,504,0.25,-0.999748,5,360,0.808504128,,72,2,2,14,0.837526712080979,0.2729527601512337,1.002814836739603,1
361,0,15.59021046562817,0.7498828974893609,0.1473499224914503,0.35215074806597746,0.7081201687626794,0.10830805573819231,0.05632502308402586,0.5446428571428571,0.018666666666666668,0.12220314002349646,-1.293872290077361,51,1022,3076357.8,2886.4,24947,0.19367497691597413,-0.9875265,5,1235,9.688966918,,247,24,45,15,0.4803251801837501,0.903174380982674,1.0475014591285212,0
362,1,0.5502308141449767,0.5502308141449767,0.14711771119864203,0.3337824131316789,0.6877477295778436,0.0793770771491246,0.2631578947368421,0.41244573082489144,0.11516666666666667,0.19664047074738258,-0.2929523700887713,406,798,640215,279.8,5548,-0.01315789473684209,-0.997226,5,95,1.852259839,,19,14,30,7,0.9178338167102915,0.7992925770070856,2.199491055904424,0
363,0,15.789656449007671,0.8231869848097388,0.15126707962457417,0.30423748827818214,0.6642515057432605,0.11085026487931145,0.006463527239150508,0.6363636363636364,0.0018333333333333333,0.0845003748387244,-2.3332456989619628,4,1076,904147.2,530,36888,0.2435364727608495,-0.981556,5,145,2.024556966,,29,19,6,62,0.7961293040880772,0.5655389922189317,0.6519540806459562,1
364,0,14.818280641066767,0.46316411577334876,0.14758416586955844,0.3447552358974578,0.6987167967015148,0.0880240546494844,0.24930747922437674,0.4292527821939587,0.10483333333333333,0.17156832966936342,-0.354321904121914,359,813,12039410.2,3492,1519602,0.0006925207756232621,-0.24019900000000005,5,970,33.531019128,,194,17,1,36,0.8161790450146287,0.9566327390300142,2.501520704897525,0
365,0,15.7785761165977,0.440531742110058,0.13741139915271047,0.34706226242756444,0.693312683998512,0.03480886850152919,0.009233610341643583,0.8333333333333334,0.002,0.08695985770632329,-2.5538830266438746,2,1073,4242955.8,2233.6,216801,0.24076638965835642,-0.8915995,5,545,3.001547911,,109,21,2,31,0.4146798786881749,0.301591404272581,1.6434293045953825,0
366,0,15.774882672461041,1.2963645376109072,0.15725648173185092,0.28163987246421734,0.631803449730907,0.13026411804901994,0.010156971375807941,0.5,0.0036666666666666666,0.0868911667458015,-1.9514184759183262,11,1072,131133.6,136,4335,0.23984302862419205,-0.9978325,5,85,0.461328916,,17,7,7,29,0.4065162457193366,0.7166088431158191,0.7403336409199898,0
367,0,15.501567806348392,0.972469372536409,0.1453378652967617,0.3082839606320249,0.6625494754945014,0.08322176872222338,0.07848568790397045,0.551948051948052,0.025666666666666667,0.13022687545383155,-1.1544674482117254,69,998,315230.2,167.2,3708,0.17151431209602955,-0.998146,5,60,0.829904652,,12,13,16,14,0.517303012653942,0.7587198553956783,0.8005373310505288,1
368,0,15.627144906994744,0.6134865391292361,0.14201208239349392,0.338474877809233,0.6900870235381009,0.07606191116993419,0.04709141274238227,0.6071428571428571,0.014,0.11953920625185276,-1.4826214044773656,33,1032,1050017.6,510,52173,0.20290858725761773,-0.9739135,5,255,2.448771505,,51,9,2,3,0.424224415868129,0.8241186425725899,1.1230487639163458,0
369,0,15.279961158148947,0.4944477089880967,0.14066260674080508,0.31918330646369114,0.6786751487433783,0.04369438361111098,0.13388734995383195,0.4393939393939394,0.055,0.14791509436763145,-0.7031526480481947,185,938,395686.8,240,24552,0.11611265004616805,-0.987724,5,120,0.63360844,,24,9,1,36,0.5408460454456422,0.32858065789963514,2.4226072974144865,0
370,0,15.268880825738973,0.6559808863668649,0.15483535761332679,0.2582410136360151,0.6318398808963794,0.0827035532037046,0.13665743305632502,0.34101382488479265,0.07233333333333333,0.1701669780815681,-0.5133939520041129,286,935,392300.4,126,19224,0.11334256694367498,-0.990388,5,45,0.422487249,,9,13,3,19,0.6680436335685578,0.26577487677228084,2.662115736549864,1
371,0,15.811817113827615,1.6093643386688472,0.16511164685261048,0.26877950375221343,0.619886421146902,0.1542770276111117,0.0009233610341643582,1,0.00016666666666666666,0.055978120020192985,-3.0346284566253203,0,1082,430182,248.4,4170,0.24907663896583565,-0.997915,5,75,1.052017978,,15,22,30,20,0.8720706902128205,0.40537143693654626,0.5265359399507142,1
372,0,15.701013789727893,1.2963369282688055,0.15455511910947198,0.2836519920950604,0.6394575624808572,0.11989224164285817,0.028624192059095107,0.5535714285714286,0.009333333333333334,0.10463408768161425,-1.6074550232146685,25,1052,74479.8,98,1778,0.2213758079409049,-0.999111,5,70,0.211442287,,14,6,28,56,0.4386159555106345,0.38969046879017444,1.3687731284851141,0
373,1,0.46298552189992787,0.46298552189992787,0.1465162113801144,0.34915992336328916,0.6971823685928801,0.08654247882679753,0.26500461680517085,0.42518518518518517,0.1125,0.17410643699863274,-0.31150872007040464,388,796,2552679.8,929.4,22542,-0.015004616805170845,-0.988729,5,255,9.955777497,,51,21,19,11,0.8786134045779651,0.8808866290643138,2.467627860930407,1
374,0,15.353830040882094,0.4657124236055702,0.14595499187289612,0.35805974865459456,0.6995308642392619,0.10239074960127621,0.11542012927054478,0.5530973451327433,0.03766666666666667,0.10508051938299687,-0.9732184354087461,101,958,27591350.2,5133.8,1785487,0.1345798707294552,-0.10725649999999998,5,1045,36.457649723,,209,24,1,6,0.89023515088054,0.4744158316608943,3.103449638351701,1
375,0,15.276267714012288,0.5271534302988202,0.13886167381491313,0.3320727886811672,0.6823823015144661,0.040013794222222704,0.1348107109879963,0.512280701754386,0.0475,0.14753384462091743,-0.8260748027008264,139,937,1202609.4,383.4,21168,0.1151892890120037,-0.989416,5,120,2.163625057,,24,15,5,2,0.46004345131603874,0.8264218239622622,1.270867101941585,0
376,0,14.940164297576462,0.5037778132399168,0.15076041066670762,0.29721534498597774,0.651810919997724,0.08549995966666668,0.2188365650969529,0.3969849246231156,0.0995,0.15435648161073748,-0.370376208425049,360,846,497802.2,224,37504,0.0311634349030471,-0.981248,5,80,0.677012674,,16,13,3,57,0.7329940374823218,0.29588845803595387,2.678674024088389,0
377,0,15.64930557181469,0.5015229490711001,0.13757196230532578,0.33460541874951777,0.6894016857113401,0.03429023674731355,0.04155124653739612,0.5357142857142857,0.014,0.12253494209952503,-1.4145555562292151,39,1038,495153.8,405.4,3751,0.2084487534626039,-0.9981245,5,155,1.149274889,,31,21,62,7,0.7930618630524431,0.3053193516585122,1.9479246948097788,0
378,1,0.49366916729080346,0.49366916729080346,0.16084213688145066,0.353803041151813,0.7053414473426,0.13087421366981136,0.40443213296398894,0.37181663837011886,0.19633333333333333,0.2071006868633038,0.059585689984244045,740,645,10091196.8,3542.4,87556,-0.15443213296398894,-0.956222,5,1060,33.881551468,,212,18,23,8,0.9927508978984309,0.9803202941527123,3.465682508581335,0
379,0,15.815510557964274,0.47556485311499924,0.14665783016061748,0.32028830340207426,0.6715644049485541,0.080278454951219,0,0,0,0.056160833249729036,-3.0350292822023683,0,1083,9606165,2788,394748,0.25,-0.8026260000000001,5,820,5.752975993,,164,16,2,2,0.5017402749817554,0.34580005632998967,0.6270916195676087,0
380,0,15.660385904224661,0.465273099899492,0.1358817325430226,0.3477257885959086,0.6998373367240608,0.02865888589534998,0.038781163434903045,0.5675675675675675,0.012333333333333333,0.11446050734758456,-1.4993537790856182,32,1041,1956312,799.2,43043,0.21121883656509696,-0.9784785,5,215,3.820544222,,43,19,4,2,0.4174917585914117,0.9529327066702349,0.804238359370917,1
381,0,15.815510557964274,2.4864035674719145,0.18041667737137895,0.18061702631190982,0.5005237449510442,0.18023233616666665,0,0,0,0.005298726754385919,-3.0350292822023683,0,1083,20054.6,60,225,0.25,-0.9998875,5,75,0.523614045,,15,3,6,4,0.7833308389202922,0.8439756482995848,0.5021962983328496,0
382,0,15.483100585665104,1.1113983109490062,0.14831839618574694,0.3087427545610062,0.6669264734575486,0.10022166488888914,0.08310249307479224,0.4838709677419355,0.031,0.14907054021444763,-1.0106146501310684,96,993,364845.6,224.4,3195,0.16689750692520777,-0.9984025,5,75,1.966584764,,15,19,39,21,0.8704536731958925,0.919484661466845,1.0491247995550936,0
383,0,15.815510557964274,1.0192426761626638,0.16066824781110003,0.290786261310733,0.641735167586178,0.13942090029629775,0,0,0,0.055069989775306694,-3.0350292822023683,0,1083,500712,324,18396,0.25,-0.990802,5,180,1.589921587,,36,8,1,10,0.7838601778579205,0.38084961587225885,0.910330719939673,1
384,0,14.906923300346545,0.8047977178406225,0.1476157673337513,0.32776289974027994,0.6976833910128821,0.09128292349999996,0.22714681440443213,0.4205128205128205,0.0975,0.2078575853693229,-0.39176510158802136,339,837,251800.6,180,3080,0.02285318559556787,-0.99846,5,100,2.55868975,,20,8,58,2,0.9385315187457873,0.9980496382627146,1.7866798483363442,1
385,0,15.815510557964274,2.490321200903484,0.18048029442957939,0.18034254495888846,0.4989912886322933,0.1803740035,0,0,0,0.002109125788750666,-3.0350292822023683,0,1083,35239.4,112,420,0.25,-0.99979,5,140,0.39083015,,28,3,8,5,0.49809019518660413,0.47576728975649873,0.531727731657227,1
386,0,15.815510557964274,1.5060923058752413,0.1672607236187549,0.3032565160832594,0.651327362002407,0.1610813069153436,0,0,0,0.05573180001742967,-3.0350292822023683,0,1083,1702769.8,1540.2,15120,0.25,-0.99244,5,630,9.916041195,,126,24,53,6,0.6704612995151653,0.9551043350308479,0.5506969110734997,0
387,0,15.726867898684496,0.4717796800468295,0.13928002300002046,0.3666662485934553,0.7156755042289259,0.07512831516666674,0.0221606648199446,0.5581395348837209,0.007166666666666667,0.10625650266027913,-1.7242758696007892,19,1059,5695459.8,3099.4,51200,0.2278393351800554,-0.9744,5,1000,16.217121136,,200,16,27,39,0.7232428112891938,0.625142313791509,1.0255884678187348,1
388,0,15.789656449007671,0.6521204061046612,0.1531869370692208,0.34854940509572324,0.6991886178522851,0.12680508809150276,0.006463527239150508,0.6363636363636364,0.0018333333333333333,0.0810229079707948,-2.3332456989619628,4,1076,3349863,2295,92055,0.2435364727608495,-0.9539725,5,1275,17.470547434,,255,8,25,55,0.9431298352875354,0.6082453777384222,0.8705065743854153,0
389,0,15.815510557964274,2.491881876251758,0.18047700558948762,0.18046524205249964,0.49985155239017554,0.18036937153703703,0,0,0,0.003792918320313012,-3.0350292822023683,0,1083,11776.4,36,135,0.25,-0.9999325,5,45,0.285402064,,9,3,14,17,0.9982088956925235,0.6834041753530191,0.5661421686904274,1
390,0,15.342749708472123,0.7126949750720238,0.1407124823336426,0.33179285569735567,0.6951948982847493,0.06523969816666722,0.11819021237303785,0.4866920152091255,0.043833333333333335,0.16096555274108781,-0.8469189839058825,135,955,363351.6,309.2,2825,0.13180978762696216,-0.9985875,5,125,0.818456456,,25,21,44,2,0.5260187894630138,0.6193271804251703,1.574772213854053,0
391,0,15.050967621676184,0.4769108766900923,0.1511250148332743,0.34304660857672536,0.6942695654607012,0.11861006289308233,0.19113573407202217,0.45,0.07666666666666666,0.12696679559964616,-0.5381658767461024,253,876,8097022.4,2114.6,818638,0.05886426592797783,-0.590681,5,530,8.197953590000001,,106,19,1,30,0.8046483289922732,0.5217663084584943,3.074191277670583,0
392,0,15.774882672461041,1.5605816016139875,0.15996949730377183,0.2751072032464091,0.617718015643242,0.1403629086969706,0.010156971375807941,0.7857142857142857,0.0023333333333333335,0.08077980897986436,-2.4285397306379886,3,1072,237843,132,3685,0.23984302862419205,-0.9981575,5,55,0.46336952,,11,11,18,2,0.6308455916563437,0.5701752712514789,0.5101032692014623,0
393,0,15.697320345591235,0.43057997728762865,0.13440817113882744,0.3661823739132952,0.7084375330392174,0.013712301587302037,0.029547553093259463,0.6808510638297872,0.007833333333333333,0.10022353867786649,-1.8178957571617955,15,1051,16975499,4907.6,199584,0.22045244690674054,-0.900208,5,1260,24.971427795,,252,19,11,7,0.9089197927994341,0.5232341646541907,1.2066096128584762,1
394,0,15.34644315260878,0.6109178590587533,0.13844008334445906,0.3550855145071312,0.7067784126941203,0.06116644650000024,0.1172668513388735,0.5358649789029536,0.0395,0.1544766588419388,-0.9355889589901861,110,956,999244.4,579.6,8610,0.1327331486611265,-0.995695,5,205,3.380492958,,41,14,34,45,0.7491414395005997,0.9622887802482794,1.236712533523891,1
395,1,0.49139684970705194,0.49139684970705194,0.1582388274754348,0.34909066689632395,0.7025021638046606,0.14276785714285692,0.31763619575253926,0.3865168539325843,0.14833333333333334,0.15532266102312706,-0.13124439339754543,546,739,7109086.8,1585.2,181776,-0.06763619575253926,-0.909112,5,420,5.781872606,,84,18,2,3,0.4511349882896793,0.7974772511347292,3.8144826661638236,0
396,0,15.789656449007671,1.5413196626681414,0.16231247817698533,0.23907276422657087,0.5895053643013263,0.13465085165151588,0.006463527239150508,0.6363636363636364,0.0018333333333333333,0.0806416182033007,-2.3332456989619628,4,1076,227248.2,110,11253,0.2435364727608495,-0.9943735,5,55,0.653373502,,11,9,1,12,0.93964079595246,0.5326049356245314,0.7089813587266931,1
397,1,0.45806705665757985,0.45806705665757985,0.14564859953703843,0.3556512031716521,0.706898128508495,0.08434722222222217,0.26223453370267774,0.42771084337349397,0.11066666666666666,0.17354891906058817,-0.3221650113163243,380,799,11361967.4,3360,1801680,-0.012234533702677741,-0.09916000000000003,5,1200,21.794794065,,240,13,1,35,0.7822848914731022,0.8515931427078955,2.638866373061082,0
398,0,15.774882672461041,0.46545444316409296,0.1398380332256694,0.35185831798269035,0.6999207152677193,0.06607346253584258,0.010156971375807941,0.6875,0.0026666666666666666,0.0916617643126725,-2.252448471582307,5,1072,4973494.6,1395,89838,0.23984302862419205,-0.955081,5,465,8.098026296,,93,14,9,14,0.9075194226310817,0.6069290594520195,0.7621324585521214,1
399,0,15.811817113827615,0.9029614381637873,0.15435090779664784,0.278896745018238,0.640600731139689,0.11503437638888939,0.0009233610341643582,0.3333333333333333,0.0005,0.07584009231843751,-2.5575072019056577,2,1082,716317,288,44664,0.24907663896583565,-0.977668,5,120,0.882815101,,24,11,3,2,0.5821415563544518,0.4801227436239227,0.5615215375895831,0
400,0,15.228252940235741,0.435971215610194,0.13648338628988713,0.3626886749298519,0.7079499375693765,0.040723837042635797,0.14681440443213298,0.5179153094462541,0.051166666666666666,0.1406900501408927,-0.7929554643267586,148,924,7763711.8,2408,272104,0.10318559556786702,-0.8639479999999999,5,860,9.935435143,,172,13,3,12,0.494845302147276,0.7099980659523436,1.9848130666546273,1
401,0,15.305815267105547,0.4344534412518764,0.13569649227111047,0.357730733564372,0.7048379836589321,0.02922413543103419,0.12742382271468145,0.5149253731343284,0.04466666666666667,0.1410234752938429,-0.8586198407460285,130,945,5901886.2,1740,72732,0.12257617728531855,-0.963634,5,580,14.972472454,,116,14,11,7,0.7207690754436793,0.7393786367442619,1.6257487638253036,0
402,0,15.737948231094467,0.7461254869677582,0.1491693698211643,0.2448995766995538,0.6040900368086224,0.059954324287879585,0.019390581717451522,0.39622641509433965,0.008833333333333334,0.12081955455409969,-1.5080193246454092,32,1062,495487,154,8690,0.23060941828254847,-0.995655,5,55,0.568734035,,11,13,8,5,0.6599417736327378,0.261458230594137,1.5954391133979038,1
403,1,0.4867895523794397,0.4867895523794397,0.15603042140151574,0.3570241416267978,0.7064981368463493,0.14082196969696967,0.30193905817174516,0.41709183673469385,0.13066666666666665,0.14474520302115515,-0.2182304014962036,457,756,6363395.2,3049,183744,-0.051939058171745156,-0.908128,5,880,6.651798396,,176,17,4,34,0.43547918800461743,0.5846151481938556,3.1627254569638077,0
404,0,15.771189228324385,0.6359726319061099,0.14567673667696798,0.3132719258372271,0.6751773812790006,0.08556545723232233,0.0110803324099723,0.6,0.0033333333333333335,0.09729969460121009,-2.0759522759174263,8,1071,1276630.8,462,45771,0.2389196675900277,-0.9771145,5,165,2.046300096,,33,13,4,8,0.5786453711250693,0.777658126578827,0.6078542211389247,0
405,0,15.815510557964274,2.474331953797435,0.1803459030554785,0.18033422913135155,0.49937775944952134,0.18006918660526317,0,0,0,0.006231494870135553,-3.0350292822023683,0,1083,23734,76,285,0.25,-0.9998575,5,95,0.238632077,,19,3,3,5,0.6589643562624079,0.4338222464724871,0.6098620030249072,0
406,0,14.869988858979971,0.6371555096737529,0.156178982345856,0.289187822084903,0.6573894891580664,0.09861094311111204,0.2363804247460757,0.3667621776504298,0.11633333333333333,0.1948085291620786,-0.27162661056181053,442,827,269989.4,138.4,2151,0.013619575253924293,-0.9989245,5,45,0.402588266,,9,23,27,6,0.6768617956568291,0.41466683328442944,2.348597184284371,1
407,0,16.815510557964274,NaN,NaN,NaN,NaN,NaN,NaN,NaN,NaN,NaN,NaN,0,0,1000000000000,1000000000000,723,1,1,0,0,0.00000123,"CostLimitExceeded { estimated: 2070431, limit: 2000000 }",241,22,1,19,0.8952279731260206,0.9106119028713826,0.7284773329406842,0
408,0,15.726867898684496,0.5782078412391839,0.14067789200016642,0.314664503195616,0.6793766364682351,0.057108172166667914,0.0221606648199446,0.5581395348837209,0.007166666666666667,0.1053578077339018,-1.7242758696007892,19,1059,1019080,396.8,25460,0.2278393351800554,-0.98727,5,100,1.017612624,,20,23,4,8,0.5308527869251835,0.6289159404534087,0.5954828917059858,1
409,0,15.568049800808225,1.5313949699823513,0.15742157270823492,0.27729190734265907,0.6294087578643901,0.12966592783333336,0.061865189289012,0.46206896551724136,0.024166666666666666,0.12735058810417793,-1.109693861632303,78,1016,28017.2,70,434,0.188134810710988,-0.999783,5,70,0.394745303,,14,4,2,2,0.9263767708319229,0.49307885431109566,1.5813857715887558,1
410,0,15.815510557964274,0.6616595240309131,0.1524281073644792,0.3217005552827843,0.6760773625188282,0.11722365819047523,0,0,0,0.07459694290117326,-3.0350292822023683,0,1083,1370790.2,1050,107415,0.25,-0.9462925,5,525,2.846247742,,105,9,1,21,0.4908573679830942,0.5952212785866299,0.7291499002010055,0
411,0,15.815510557964274,1.5200143171484595,0.17243603162199345,0.2745896703922527,0.6309782087171516,0.16777175739743666,0,0,0,0.026039270651780744,-3.0350292822023683,0,1083,880747.6,671.6,7852,0.25,-0.996074,5,260,1.435304487,,52,12,53,55,0.8440614378060669,0.2526258113756874,0.7204971734939649,1
412,0,15.782269560734356,0.4403231034163247,0.13746876932591082,0.33417492962164513,0.6854705939463046,0.017688311188312485,0.008310249307479225,0.6923076923076923,0.0021666666666666666,0.08875992267708212,-2.3324384599156054,4,1074,3554270,1368.6,35728,0.24168975069252077,-0.982136,5,385,2.757435263,,77,17,12,20,0.5818522932315673,0.3341012383463662,1.467077063273205,1
413,0,14.836747861750053,0.47916429384562553,0.15288426801091884,0.3430115671594245,0.6968626569474327,0.12445893719806286,0.24469067405355494,0.42880258899676377,0.103,0.14150994529164326,-0.36428063973463065,353,818,2191155.4,1345.4,170844,0.005309325946445065,-0.914578,5,345,2.238917311,,69,22,2,59,0.516176907345722,0.4395522233896788,2.9625068070894027,0
414,0,14.858908526569998,0.47925870311935614,0.14128120612127826,0.35279900763687666,0.7085261696892328,0.05415145198484859,0.23915050784856878,0.4427350427350427,0.0975,0.19304851515216004,-0.401906195889639,326,824,1235879.2,783.2,9625,0.010849492151431217,-0.9951875,5,275,5.597227011,,55,18,50,4,0.9200628061421763,0.8915008855127731,2.0343851201141234,1
415,0,15.815510557964274,1.2677373343452583,0.1633888330516739,0.2777935821180186,0.6258590665997384,0.1465355060360369,0,0,0.00016666666666666666,0.056880524166088485,-2.733999286538387,1,1083,400591.8,333,18907,0.25,-0.9905465,5,185,1.548906878,,37,8,2,14,0.7149088096444218,0.6780023651474166,0.5386198009157487,0
416,0,14.877375747253286,1.5090703658120637,0.1760142157284065,0.2962780523536651,0.6442130502068407,0.16563910211290347,0.234533702677747,0.3895705521472393,0.10866666666666666,0.2643363321311999,-0.3181051966893257,398,829,64959.6,155,961,0.015466297322252992,-0.9995195,5,155,1.160423913,,31,4,2,16,0.6324745557195404,0.9405270068019305,1.998406672644536,1
417,0,15.623451462858087,0.44435278131359224,0.13727853730177722,0.33408806032108695,0.6851104136608608,0.0218942269358966,0.04801477377654663,0.5591397849462365,0.0155,0.11140969789843229,-1.390430406893292,41,1031,5004619.2,988,103532,0.20198522622345338,-0.948234,5,260,5.63262688,,52,18,4,2,0.8302326211469435,0.5421512411596717,1.465106776592888,1
418,0,15.065741398222816,0.5625360312636163,0.15454543854555663,0.28251017410455376,0.6511061459563942,0.09530293346969865,0.18744228993536471,0.3548951048951049,0.09533333333333334,0.1740978746669858,-0.37677418434505294,369,880,1259687.8,230.8,48829,0.06255771006463529,-0.9755855,5,55,1.4057432300000001,,11,20,2,8,0.9252831499816032,0.567291623661031,2.561248095921673,1
419,0,15.542195691851624,0.5675328842448458,0.1424343235839325,0.35462595074157227,0.696795146617601,0.08442296925640976,0.06832871652816251,0.6016260162601627,0.0205,0.12689646821501283,-1.3053513694466237,49,1009,1965700.4,1170,54210,0.18167128347183747,-0.972895,5,650,8.770663959,,130,8,22,33,0.9590997293711426,0.7483158199371722,1.3103987135019486,0
420,0,15.800736781417644,1.7933859775267247,0.16642494618601927,0.26108124983104464,0.6028363540215406,0.15737695494444456,0.003693444136657433,0.5714285714285714,0.0011666666666666668,0.06402783556693703,-2.4313637641589874,3,1079,221362.2,187.4,1845,0.24630655586334257,-0.9990775,5,75,0.79207287,,15,15,52,51,0.673314182405359,0.5764480875078897,0.7019185925514225,0
421,0,15.682546569044606,0.5815677777266298,0.14085936274690192,0.3297187199672534,0.6747070624443321,0.05941879525225316,0.0332409972299169,0.6206896551724138,0.009666666666666667,0.1140333562751379,-1.658633446630115,22,1047,1365995.8,407,75739,0.2167590027700831,-0.9621305,5,185,3.040697294,,37,10,1,4,0.9971680576671145,0.4110674129396031,1.5912065864806226,0
422,0,15.741641675231126,0.45106110685967893,0.14047564942481383,0.3517314128661336,0.6942301296630249,0.0652120418848165,0.018467220683287166,0.6896551724137931,0.004833333333333334,0.08450743451861559,-2.0269416279590295,9,1063,9705920.2,3585.2,171518,0.23153277931671284,-0.914241,5,955,10.185216327,,191,18,9,41,0.8434198169986518,0.2678963967441875,2.2609319515293516,0
423,0,14.866295414843313,1.3087206630749155,0.1572394273339779,0.29777296075065385,0.6539738796055143,0.12124936583333332,0.23730378578024008,0.39176829268292684,0.10933333333333334,0.22226422075256808,-0.3154455182245843,399,826,50284.6,56,1016,0.012696214219759916,-0.999492,5,40,0.488502877,,8,6,10,16,0.6446458036840755,0.8587119703430341,1.8720547841553756,1
424,0,15.165464389912565,0.6941215085415996,0.14012429062463927,0.34857702525041284,0.6976312794230956,0.06872192405555547,0.16251154201292706,0.49025069637883006,0.059833333333333336,0.17617475046472797,-0.6932680255115486,183,907,364273.2,210,4368,0.08748845798707294,-0.997816,5,105,2.2434347629999998,,21,9,43,3,0.9401235436666113,0.7681237260295415,1.6892691510926505,1
425,0,15.771189228324385,1.1514933078620824,0.1582672357837962,0.31391809730004927,0.6663777525013094,0.13922711560975665,0.0110803324099723,0.48,0.004166666666666667,0.08630269149425754,-1.8840667496785133,13,1071,272336.2,492,5166,0.2389196675900277,-0.997417,5,410,1.7623756849999999,,82,5,42,3,0.4207459355252557,0.583207145164318,1.2556636666456868,1
426,0,15.678853124907949,0.4308373710769912,0.13437481050418287,0.365807956051227,0.7070029150566063,0.012933565600233302,0.034164358264081256,0.6727272727272727,0.009166666666666667,0.1063005036217012,-1.7411930807260134,18,1046,8886490.8,3001.8,372086,0.21583564173591874,-0.813957,5,715,10.859620945,,143,21,2,7,0.5424942386831431,0.7969691023831169,0.9153422636263382,1
427,0,15.616064574584772,0.6381777045130592,0.1419962150002016,0.311236235988315,0.667885420604378,0.05780813800000115,0.04986149584487535,0.5934065934065934,0.015166666666666667,0.11934832484618053,-1.4330536280883621,37,1029,574625.8,260,6500,0.20013850415512466,-0.99675,5,100,1.164257211,,20,12,18,3,0.6120276877437212,0.4569587885151101,1.2017047924463093,1
428,0,15.811817113827615,0.7170517284649905,0.15023664405744125,0.32369710898871845,0.6821973288444129,0.11167497667521345,0.0009233610341643582,0.3333333333333333,0.0005,0.0777243885047771,-2.5575072019056577,2,1082,853284.4,618,33306,0.24907663896583565,-0.983347,5,195,1.5841987990000002,,39,16,5,42,0.44561244221856866,0.564597963449503,0.6147875159242252,1
429,0,15.815510557964274,0.8839071406181744,0.16005882029783666,0.30070841002543436,0.6535841224718133,0.13759059759091033,0,0,0,0.051029708201111745,-3.0350292822023683,0,1083,1076561.2,484,33352,0.25,-0.983324,5,220,2.658487132,,44,10,12,3,0.9496835202340385,0.37789299286093914,0.5748404648571617,0
430,0,15.815510557964274,0.9497635229046252,0.1630702945837029,0.3164150802433259,0.67133933921753,0.14895797233333352,0,0,0,0.047439066963521105,-3.0350292822023683,0,1083,859213.4,799.8,8880,0.25,-0.99556,5,400,1.517324258,,80,9,59,62,0.6911219414179146,0.25034765328532876,1.0902112247939801,1
431,0,15.686240013181264,0.8260047896173326,0.1455760555678321,0.30526249955452667,0.6657649014264679,0.08173493795097948,0.032317636195752536,0.5833333333333334,0.01,0.11850947223895318,-1.6058021402227398,25,1048,882098.6,327.4,14093,0.21768236380424746,-0.9929535,5,85,1.724987353,,17,20,10,20,0.8656182016227313,0.85391181035926,0.6586912144317155,0
432,0,14.873682303116627,0.5508894213801077,0.15836362436372187,0.28638559745485564,0.6536760454383017,0.1112726471060622,0.23545706371191136,0.3653295128939828,0.11633333333333333,0.1814346207690284,-0.2711715604356537,443,828,1236327.4,240,45463,0.014542936288088643,-0.9772685,5,55,1.32715029,,11,21,2,8,0.8613301931843851,0.643953518621093,2.8945508707034517,1
433,0,15.815510557964274,2.4888286584105885,0.18048189940530387,0.1804373815424989,0.4997580332128288,0.18043925473899372,0,0,0,0.0010600187895110627,-3.0350292822023683,0,1083,69220,212,795,0.25,-0.9996025,5,265,1.5263501050000001,,53,3,16,64,0.8493285572670795,0.6544359300494655,0.9936830811412721,1
434,0,15.327975931925492,0.9244920012700655,0.1493970320086494,0.28619330756935635,0.6474652828833052,0.0824625556296285,0.12188365650969529,0.42718446601941745,0.0515,0.17462643609262568,-0.7282169460755803,177,951,442646.8,135,9216,0.1281163434903047,-0.995392,5,45,1.184408866,,9,14,9,25,0.9618170412859006,0.9506745273121167,1.069684765568867,0
435,0,14.844134750023368,0.45194887109327647,0.14140223383825926,0.3580745805523166,0.703374821670384,0.06299007053174593,0.24284395198522624,0.43471074380165287,0.10083333333333333,0.17471461464061652,-0.37904903707667026,342,820,4457854.6,1176,61068,0.007156048014773764,-0.969466,5,420,9.767256850999999,,84,13,13,28,0.9872764533293253,0.8688983260226486,2.240597775692799,0
436,0,15.712094122137865,0.4993199252114511,0.14146918396634212,0.34624531002258746,0.6990911550951708,0.07753043197154472,0.02585410895660203,0.6511627906976745,0.007166666666666667,0.10257492041613149,-1.8195439355418686,15,1055,2452409,984,64698,0.22414589104339797,-0.967651,5,410,6.665977071,,82,11,6,11,0.4941235884772412,0.9970390529339335,0.733621337488917,1
437,0,15.774882672461041,0.4747690099783437,0.14080087850097522,0.3201005545523359,0.675252403189342,0.05161591319565329,0.010156971375807941,0.6470588235294118,0.0028333333333333335,0.08997539351233409,-2.185501681951694,6,1072,1920793,598,40020,0.23984302862419205,-0.97999,5,230,3.202117631,,46,12,8,6,0.7259401271802224,0.3952482464727425,1.407472319853174,1
438,0,15.686240013181264,1.6132079491576496,0.15890603933409894,0.2621388135502938,0.6121930603887882,0.13337424700000003,0.032317636195752536,0.49295774647887325,0.011833333333333333,0.1026336928563213,-1.4525737641265628,36,1048,122107.2,94.8,1096,0.21768236380424746,-0.999452,5,40,0.32740076,,8,11,41,3,0.593504950405798,0.48480269576188667,0.8828473494159235,0
439,1,0.44705282327429957,0.44705282327429957,0.14134834946329797,0.36619848896480295,0.7055750574964541,0.061721393034826086,0.26038781163434904,0.4385692068429238,0.10716666666666666,0.17675186116601294,-0.34546579775099784,361,801,4295127.8,2211,238989,-0.010387811634349042,-0.8805054999999999,5,1005,14.974228137,,201,10,6,56,0.7438385124838409,0.5932723609850286,2.63907040061119,1
440,0,15.375990705702039,0.7619822194659801,0.14079057752709184,0.3307314528430509,0.6855218604832838,0.06539781448148137,0.10987996306555864,0.4666666666666667,0.0425,0.1523224174188518,-0.8478067461873857,136,964,410114.6,259.2,3852,0.14012003693444136,-0.998074,5,90,0.864800928,,18,23,21,11,0.4709861600146087,0.873851735625405,1.2057055229800073,0
441,0,15.59021046562817,1.2390668775262796,0.15184876026822858,0.3064583603854112,0.6640981756061047,0.11727387863725514,0.05632502308402586,0.5169491525423728,0.019666666666666666,0.1299577425343477,-1.2464476401492228,57,1022,150615.4,136,2856,0.19367497691597413,-0.998572,5,85,0.912142629,,17,7,37,5,0.6551248024908591,0.9865141329246117,1.0088026932359582,0
442,0,15.815510557964274,1.2057517889962774,0.17055717812726892,0.33151660923199455,0.680743368541989,0.16649277004260124,0,0,0,0.030688686161303828,-3.0350292822023683,0,1083,4840920.6,3250.6,41924,0.25,-0.979038,5,1115,13.520267463,,223,23,50,15,0.9866304382326946,0.4429545446362202,0.570611351303125,0
443,0,15.582823577354855,0.44057008505946205,0.13755867267154961,0.3455659658030853,0.6980609418282548,0.04274200946575292,0.05817174515235457,0.5887850467289719,0.017833333333333333,0.11152232856403729,-1.3558132283115665,44,1020,1787826.6,876,22046,0.19182825484764543,-0.988977,5,365,2.57177987,,73,11,27,8,0.8532427092884094,0.25177178064254574,2.647658631870244,1
444,0,15.069434842359472,0.6249154648443075,0.14303996633355565,0.31616739859463433,0.6856424213504657,0.0641164493333335,0.18651892890120036,0.4225941422594142,0.07966666666666666,0.17647066183789317,-0.5029888160673712,276,881,636964,320,55660,0.06348107109879964,-0.97217,5,100,1.515902123,,20,15,2,49,0.5802044715381878,0.9853935814142258,1.4339834487660588,0
445,0,14.906923300346545,0.47901856274874943,0.15218103332437782,0.35207831310133236,0.7010255748659512,0.12715437158469933,0.22714681440443213,0.44565217391304346,0.092,0.12926689839344227,-0.43610564315309003,306,837,10315530.4,2196,536922,0.02285318559556787,-0.7315389999999999,5,610,13.889199941,,122,17,2,18,0.9172489285460348,0.5011846560376749,3.546508305799779,1
446,0,15.785963004871014,0.6821776188724893,0.15260192604710732,0.3334043783792498,0.6801064804095164,0.12149812431972898,0.007386888273314866,0.7272727272727273,0.0018333333333333333,0.0798451294020457,-2.429752280002408,3,1075,1450762.2,882,50078,0.24261311172668512,-0.974961,5,490,6.380903151,,98,8,1,7,0.5902549168646104,0.7821249672877542,0.8474896255976455,1
447,0,15.479407141528448,0.4608973254417642,0.1362805395510535,0.3415496809389233,0.6979602866494239,0.024742823809524275,0.0840258541089566,0.5170454545454546,0.029333333333333333,0.13545753537936955,-1.0624507972518134,85,992,2429389.2,675.4,32270,0.1659741458910434,-0.983865,5,175,5.604993994,,35,19,8,6,0.7698787109385585,0.6926243427824806,1.351091449471047,0
448,0,15.785963004871014,0.6691839585703026,0.14945112043877004,0.36033432868456605,0.7091340443419865,0.11861794753731356,0.007386888273314866,0.6666666666666666,0.002,0.08663051001553441,-2.3328422669943514,4,1075,2040672,1740.2,17286,0.24261311172668512,-0.991357,5,670,6.024395678,,134,23,33,9,0.44761644230014996,0.6676228023258131,0.8647902771006385,1
449,1,1.0235918277863483,1.0235918277863483,0.2198490390930024,0.3022284271907544,0.6828364704510385,0.21855097938461548,0.5493998153277931,0.29195289499509325,0.3396666666666667,0.3258991155176366,0.47025833411000006,1443,488,26098,65,403,-0.29939981532779314,-0.9997985,5,65,0.277534994,,13,4,15,8,0.6132317221064388,0.5145017749341301,3.8897307380370805,0
450,0,15.808123669690959,0.4701929083192264,0.14277679530090068,0.3643747748911069,0.7101997498268111,0.08496751870085345,0.0018467220683287165,1,0.0003333333333333333,0.07711628998452663,-3.0342272607705505,0,1081,4888077.2,3133.2,48360,0.24815327793167127,-0.97582,5,975,7.2217584949999996,,195,19,16,16,0.4154582563580115,0.46002318319428775,0.8536221478624112,1
451,0,15.656692460088005,0.8705400716465268,0.14940870704208475,0.34729497621623273,0.6981505174258339,0.11699334016666717,0.03970452446906741,0.5584415584415584,0.012833333333333334,0.11213616674422529,-1.4733826851602605,34,1040,1311960.8,1037.8,10560,0.21029547553093259,-0.99472,5,400,7.685191597,,80,24,53,9,0.7377000964793243,0.8856809777774846,0.9471899432367464,1
452,0,15.324282487788835,0.5339776120950767,0.13879367446309374,0.32863065812054526,0.6879651898336016,0.03988181727777825,0.12280701754385964,0.48188405797101447,0.046,0.14868014181400105,-0.8198180248421643,143,950,1032568.8,312,108792,0.12719298245614036,-0.945604,5,120,2.42884567,,24,12,1,4,0.4724710614632349,0.9882763268445502,1.2318924130637425,1
453,0,15.209785719552455,0.509299039248397,0.1381398018148879,0.33888249056213676,0.6912899092619853,0.03359436861111186,0.15143120960295475,0.47674418604651164,0.05733333333333333,0.15381226355737065,-0.7061092524763708,180,919,2177663.2,450,266850,0.09856879039704525,-0.866575,5,150,6.931205755,,30,14,1,9,0.9269258409651672,0.9125664619089355,1.4029200020445038,1
454,1,0.5768600994485416,0.5768600994485416,0.1843708033451895,0.28785020636524755,0.6645991041313505,0.180256379756409,0.40443213296398894,0.3099787685774947,0.2355,0.2023896772074935,0.17921729967160768,975,645,492836.4,207.6,25441,-0.15443213296398894,-0.9872795,5,65,0.676454512,,13,15,2,31,0.4079223630555342,0.651595218309501,3.83721908372898,0
455,0,15.815510557964274,1.6342359138253841,0.1637112393442715,0.26888898406066364,0.6205233092793746,0.1508676537192981,0,0,0.00016666666666666666,0.07088511849655289,-2.733999286538387,1,1083,37572.2,95,589,0.25,-0.9997055,5,95,0.309664105,,19,4,4,30,0.4544104762408535,0.4669987959505961,1.4401563139559763,1
456,1,0.45263494519400216,0.45263494519400216,0.14445726201408188,0.36094647362257226,0.7135671913693442,0.07654292762626275,0.3010156971375808,0.43007915567282323,0.12633333333333333,0.1909928725730756,-0.24318130927868808,432,757,2475693.4,1827.6,27060,-0.05101569713758081,-0.98647,5,660,7.703943711,,132,20,19,56,0.40952293833355224,0.9453551192195107,2.3075826554183045,1
457,1,0.9168958862268576,0.9168958862268576,0.15688065874114387,0.3118492817933757,0.669872703122996,0.10818848638888921,0.2530009233610342,0.38865248226950355,0.1175,0.2336096930506312,-0.2730012720637377,431,809,92702.2,105,1905,-0.0030009233610341912,-0.9990475,5,75,0.862288749,,15,6,8,31,0.8515105675233825,0.7631143535005533,2.2549837142148523,0
458,1,0.45926485353819096,0.45926485353819096,0.14474683951477976,0.3518056124864716,0.7080437384309923,0.08204405563601501,0.27793167128347185,0.43371757925072046,0.11566666666666667,0.18022030305686187,-0.2982655402323693,393,782,3461180.8,1131,74994,-0.02793167128347185,-0.962503,5,435,6.69421885,,87,12,5,14,0.4497764077761331,0.9588985922189883,2.4369980585577804,0
459,0,15.752722007641097,0.5384786161572367,0.14540683025424625,0.3385357440677955,0.6920899864810329,0.09371707615023514,0.01569713758079409,0.5666666666666667,0.005,0.095715968364515,-1.882036383746232,13,1066,6099259.4,2556,369910,0.23430286241920592,-0.815045,5,710,19.71030682,,142,17,3,22,0.8146219768402798,0.8939346898364107,0.5069130598754324,0
460,0,15.556969468398254,0.4470142247896115,0.13928102572728376,0.36007987122880175,0.7004676522235874,0.06537663398692821,0.06463527239150507,0.6422018348623854,0.018166666666666668,0.1014510406027729,-1.4039779636693548,39,1013,13769951.6,3870.6,210324,0.18536472760849493,-0.894838,5,1020,16.768001025,,204,18,6,16,0.645301473972781,0.3961378574586613,2.088631769666015,1
461,0,15.789656449007671,1.25982058116574,0.1565634987592976,0.3074698401662838,0.6616974744751799,0.13600662054347942,0.006463527239150508,0.5,0.0023333333333333335,0.08544345922698177,-2.129125716306038,7,1076,425732,319.2,4025,0.2435364727608495,-0.9979875,5,115,1.750381507,,23,16,32,6,0.5867615096165792,0.874623663571563,0.6220932095840854,1
462,0,15.73425478695781,0.4536349818616875,0.13730421392545078,0.346201571924743,0.6929363538149721,0.035312775721462804,0.020313942751615882,0.5945945945945946,0.006166666666666667,0.1030667450191709,-1.8220045340895255,15,1061,3671459,1368.6,66649,0.22968605724838412,-0.9666755,5,365,5.039616713,,73,19,5,6,0.47664293571032335,0.6539812940942222,0.8335348466389698,0
463,0,15.486794029801763,0.7962267666228288,0.1432395793040942,0.3097142685440326,0.6687755428947866,0.06924324024358987,0.08217913204062789,0.5460122699386503,0.027166666666666665,0.14749926507992833,-1.1227618173540255,74,994,745415.8,221,20280,0.16782086795937212,-0.98986,5,65,2.513318325,,13,16,6,19,0.9757371991676521,0.933860598693987,0.8253774494586468,0
464,0,15.523728471168337,0.4572378274866227,0.13593038280085024,0.3504726638960415,0.701157966472436,0.026776610635737896,0.0729455216989843,0.541095890410959,0.024333333333333332,0.13428905832908147,-1.1696571490502714,67,1004,4363652.6,1358,85263,0.1770544783010157,-0.9573685,5,485,9.020115026,,97,13,6,6,0.5500882814291275,0.9022726277212347,1.1617473919705552,0
465,0,15.076821730632787,0.8254155604247826,0.14870929605827854,0.2839109448162577,0.6684470051422402,0.08177230877272677,0.18467220683287167,0.3913894324853229,0.08516666666666667,0.18230684407166015,-0.45229767099463025,311,883,27818.4,88,330,0.06532779316712833,-0.999835,5,110,0.483739627,,22,3,43,4,0.8812747700919813,0.4525861555153179,2.5136140328638046,0
466,0,15.815510557964274,1.7685148076019752,0.16825321019364495,0.22254524023383465,0.5879101862853188,0.15127193460606145,0,0,0,0.0659826429815959,-3.0350292822023683,0,1083,14229.6,44,165,0.25,-0.9999175,5,55,0.159366446,,11,3,51,39,0.42721902585444954,0.6130909348356127,2.08584437747625,0
467,0,15.206092275415797,0.4550110261058966,0.1416619828044109,0.34910360911283383,0.6887032965134435,0.0699181801515143,0.1523545706371191,0.5,0.055,0.13508332136380594,-0.7432074233460562,165,918,3410566.6,1041,32615,0.0976454293628809,-0.9836925,5,275,4.22124122,,55,23,13,16,0.8055310826786537,0.5245294862767784,2.224616495995062,0
468,0,15.8044302255543,1.8470539994531876,0.16617641700084007,0.24688635305828194,0.5874685992461002,0.15429917216666658,0.002770083102493075,0.6,0.0008333333333333334,0.06700882992817224,-2.556704439233648,2,1080,83464.6,98.4,680,0.24722991689750692,-0.99966,5,50,0.151860385,,10,9,63,8,0.45541482154125335,0.31395077055528253,0.997810791872004,1
469,0,15.494180918075077,0.4785210447379282,0.13913529189725457,0.31859340310816503,0.6772453193933422,0.03693645293650859,0.08033240997229917,0.5178571428571429,0.028,0.13341967085784048,-1.084881305927939,81,996,1466497.2,422.8,19635,0.16966759002770082,-0.9901825,5,105,1.7000571789999999,,21,20,7,5,0.6830678337385829,0.5632990723679611,1.2627281959755687,1
470,1,0.5219184507697773,0.5219184507697773,0.17151085895839663,0.34103441476840707,0.7031829946831155,0.15843209443209902,0.45614035087719296,0.34210526315789475,0.24066666666666667,0.21397274103676214,0.20732850529526975,950,589,1398984.4,775.8,11016,-0.20614035087719296,-0.994492,5,270,3.935031652,,54,22,25,20,0.5341679158489928,0.9573366299107582,3.5965576716614396,1
471,1,0.8158655990632214,0.8158655990632214,0.15525355161260485,0.3210680324682841,0.6807192375896014,0.10727941023809573,0.2659279778393352,0.4022346368715084,0.11933333333333333,0.23270046837646724,-0.2684557755529448,428,795,176938.6,196,3556,-0.015927977839335195,-0.998222,5,140,1.384816626,,28,6,9,4,0.7393261244437002,0.8822033747896421,2.162813505166835,0
472,0,15.608677686311458,0.8927630978342387,0.14805658700042015,0.3089884880919615,0.6716367978057171,0.09859958983333417,0.05170821791320406,0.5833333333333334,0.016,0.11517305075895522,-1.3992092579395214,40,1027,260112.4,180,10220,0.19829178208679593,-0.99489,5,100,0.790893088,,20,8,5,26,0.5029062060207079,0.7340674375823538,1.0623438189257604,1
473,0,15.47571369739179,0.5331249690795393,0.1433514730793831,0.3448016341795676,0.6954020301173065,0.08328288490310073,0.08494921514312095,0.519774011299435,0.0295,0.13560141249921642,-1.062013220910611,85,991,5519716.8,2150,219945,0.16505078485687905,-0.8900275,5,1075,29.153163432,,215,9,7,6,0.960386442199499,0.9949992255125144,1.1759660733695692,1
474,0,15.815510557964274,2.44068139610222,0.17988647994338308,0.18558518766552007,0.5071083964259149,0.17951753368518514,0,0,0,0.008429188681625769,-3.0350292822023683,0,1083,36579.6,90,558,0.25,-0.999721,5,90,0.502179364,,18,4,14,6,0.8448487050678943,0.6355620607744108,0.5244295170478753,0
475,0,15.054661065812843,0.441173815833737,0.13706867758588748,0.3614786524237418,0.7046589263585303,0.036269341738095276,0.1902123730378578,0.4735632183908046,0.0725,0.16041549823957435,-0.5817666798885097,229,877,4150040.2,1344,65744,0.05978762696214221,-0.967128,5,560,10.813904949,,112,11,14,5,0.8584927093093793,0.7234243715812019,2.16826467900976,1
476,0,15.815510557964274,2.0387661541042874,0.177764203741608,0.22103987371749545,0.5666213342782902,0.1761613667222222,0,0,0,0.015241948788695186,-3.0350292822023683,0,1083,147200.2,375,2325,0.25,-0.9988375,5,375,1.458724133,,75,4,6,37,0.8258199165943512,0.38151240151938265,0.9347870641508182,1
477,1,0.5023116577851844,0.5023116577851844,0.1489794735326281,0.33478944325090293,0.6963586298952266,0.08587129369590783,0.27977839335180055,0.39711664482306686,0.12716666666666668,0.19655996670194,-0.2289501084876522,460,780,110493.4,285,1767,-0.029778393351800547,-0.9991165,5,285,0.667221039,,57,4,3,24,0.4401712001231497,0.3078476523976041,3.4860252872195314,1
478,0,15.73425478695781,0.846086762578548,0.14951688752760486,0.3203067876845091,0.6737840769891933,0.10837364407317106,0.020313942751615882,0.5641025641025641,0.0065,0.1051867584649609,-1.7708520116421442,17,1061,239503,287,5207,0.22968605724838412,-0.9973965,5,205,1.394428682,,41,6,15,19,0.6409521400870212,0.45311396517843305,1.6968711237208844,1
479,0,15.785963004871014,1.7458468114989558,0.16377320516746152,0.23962911400603049,0.5895459268360791,0.1435617183333333,0.007386888273314866,0.4,0.0033333333333333335,0.08220162440079255,-1.9178689190235336,12,1075,79185.4,64,2040,0.24261311172668512,-0.99898,5,40,0.380549881,,8,7,7,12,0.705607314090638,0.5254990944429876,0.7695313579305111,1
480,0,15.815510557964274,0.664200679554135,0.15880570358787116,0.33832814306089853,0.6906999685076987,0.1381853675854692,0,0,0,0.05146382358670471,-3.0350292822023683,0,1083,2328472.8,1755,57915,0.25,-0.9710425,5,975,5.512064658,,195,8,20,9,0.621874151540917,0.3652655557206007,0.8367112993092355,0
481,0,15.479407141528448,0.5583966688495349,0.13788474329182032,0.3412425462967506,0.6997660706039742,0.04638526533333362,0.0840258541089566,0.5481927710843374,0.027666666666666666,0.135818002548409,-1.1161356562145899,75,992,861193.8,531.8,15776,0.1659741458910434,-0.992112,5,160,1.6202938470000001,,32,22,9,38,0.46314789020622366,0.7304394632385234,1.1412466495621085,0
482,0,15.586517021491513,0.7694719843437189,0.14374993966699864,0.292272896433929,0.6632579114313298,0.06099967850000101,0.057248384118190214,0.4732824427480916,0.021833333333333333,0.1293409424777182,-1.1643528557844371,69,1021,501617.4,212,8316,0.19275161588180978,-0.995842,5,60,0.678372141,,12,20,6,4,0.43428648320294744,0.6219654614191003,0.7774261652386222,0
483,0,15.797043337280986,0.4982521243976816,0.1447985468191177,0.36193651983182545,0.7112779433142332,0.09818375978378366,0.0046168051708217915,0.7142857142857143,0.0011666666666666668,0.084164236999219,-2.555900189963248,2,1078,7621039.8,3158,102490,0.2453831948291782,-0.948755,5,925,24.829319827,,185,17,15,4,0.8685105233178977,0.7679682155934193,0.5655788771474812,1
484,0,15.811817113827615,1.651144060304721,0.1659309171439724,0.22628052374107172,0.5799397421011505,0.1455447468787887,0.0009233610341643582,1,0.00016666666666666666,0.0650996165411997,-3.0346284566253203,0,1082,92514.6,88,2805,0.24907663896583565,-0.9985975,5,55,0.149655999,,11,7,7,11,0.43770241677753574,0.3092519034535051,0.7252880580093888,0
485,0,15.257800493329,0.4472640523568762,0.13917561916805365,0.3389193882330141,0.6927957933646829,0.04409089892424245,0.1394275161588181,0.47634069400630913,0.052833333333333336,0.14234926971150452,-0.7471651725989167,166,932,3127736.8,616,196504,0.1105724838411819,-0.901748,5,220,5.81562345,,44,13,2,5,0.9307940108293072,0.48123247269362435,2.395675376183856,1
486,0,14.977098738943036,0.8110791906386355,0.15249508091386402,0.3226529971100406,0.6810643947140257,0.10957448159863979,0.20960295475530932,0.43992248062015504,0.086,0.20322002897397243,-0.4705828240242421,289,856,98766.2,245,1519,0.04039704524469068,-0.9992405,5,245,1.1939327610000001,,49,4,15,9,0.5337558919871842,0.5791890753185112,2.377316371971356,1
487,0,14.98817907135301,0.5570490698270427,0.14367717184090847,0.34406362110374233,0.6943713473766087,0.07695864688659741,0.20683287165281625,0.4534412955465587,0.08233333333333333,0.19100716235196738,-0.501529160369162,270,859,605443.6,679,12319,0.04316712834718375,-0.9938405,5,485,3.838205601,,97,6,3,4,0.7415575590143044,0.6038338563668215,2.313303863237462,0
488,1,0.49705146538861716,0.49705146538861716,0.1615245661157032,0.343381888212828,0.6968955201121629,0.1435666666666666,0.33518005540166207,0.3805031446540881,0.159,0.17465903406214725,-0.08561355799650927,591,720,15711171.4,3740,1862300,-0.08518005540166207,-0.06884999999999997,5,1100,39.487468648,,220,16,1,32,0.8820284885300236,0.8888911563841533,3.947610436290784,0
489,0,15.771189228324385,1.5689729579559544,0.1611797993340683,0.2543448512513551,0.6117956038850646,0.1388659413333336,0.0110803324099723,0.5,0.004,0.084353493260596,-1.9162514330499145,12,1071,148716.4,130,1190,0.2389196675900277,-0.999405,5,50,0.291487818,,10,14,44,3,0.5517694597368347,0.35141610323325523,0.924827001573837,1
490,1,0.5299408656299898,0.5299408656299898,0.16352874466669814,0.32475419810188505,0.6819809953257312,0.13667496850000002,0.394275161588181,0.3567251461988304,0.1995,0.20069590575932636,0.06948900849117624,770,656,954465,351,8120,-0.144275161588181,-0.99594,5,100,3.874847464,,20,21,21,5,0.8906072604100401,0.8611236494640107,3.2043187018848847,1
491,1,0.5310843904193063,0.5310843904193063,0.15004208685936896,0.31679925650989005,0.6853075926492425,0.0888332490000021,0.2631578947368421,0.388283378746594,0.12233333333333334,0.18933033843040326,-0.24933426553864774,449,798,738737.4,287.4,6885,-0.01315789473684209,-0.9965575,5,85,2.20870186,,17,23,14,3,0.5921839054694847,0.9206104729047231,2.1263931879120075,1
492,1,0.5467133828562639,0.5467133828562639,0.14803644166679436,0.3188003900240317,0.6835622769177957,0.07547904100000011,0.26685133887349954,0.37926509186351703,0.127,0.19120231927688203,-0.22458878698238524,473,794,602165.4,239.2,5968,-0.016851338873499544,-0.997016,5,80,1.847362988,,16,14,14,4,0.5454419097036085,0.9668221115265421,1.9404423981809993,1
493,0,15.815510557964274,1.2431512626616965,0.16588588020480058,0.3035110041042869,0.6478632088608106,0.15651602977353768,0,0,0.00016666666666666666,0.054945167904950826,-2.733999286538387,1,1083,811899.4,917,16637,0.25,-0.9916815,5,655,10.256811362,,131,6,2,2,0.847856617222467,0.9747421654970465,0.7641737237704171,1
494,0,15.774882672461041,0.44025313557599366,0.1371910946196651,0.3356509951577292,0.6862516105298087,0.014969696469696717,0.010156971375807941,0.6470588235294118,0.0028333333333333335,0.09517409007706193,-2.185501681951694,6,1072,6967298,1155,341418,0.23984302862419205,-0.829291,5,385,8.021177986,,77,14,2,4,0.9241794168060196,0.32625011507583107,1.898826099524761,0
495,1,0.49536987489547096,0.49536987489547096,0.1499550207883932,0.33686680441075867,0.6978890205293373,0.09608726392063505,0.29362880886426596,0.3960149439601494,0.13383333333333333,0.18340591511608553,-0.1975925003703106,485,765,1064590.4,294,13314,-0.043628808864265956,-0.993343,5,105,1.718862626,,21,13,11,3,0.7287682747292794,0.6436496096303439,2.8184756026701083,1
496,0,15.745335119367782,0.4476267175767155,0.13992282675237186,0.3157530541659812,0.6708955925989148,0.0332196963030303,0.017543859649122806,0.5588235294117647,0.005666666666666667,0.09564444484439091,-1.8232296251188318,15,1064,5287069.8,1122,311718,0.2324561403508772,-0.844141,5,330,2.383428328,,66,16,1,3,0.4921968265932304,0.3507576099039097,1.6924072403867794,0
497,0,15.279961158148947,0.5297711997068834,0.14013703503979894,0.3208294903990791,0.6815826937692003,0.039094101231885656,0.13388734995383195,0.4948805460750853,0.04883333333333333,0.15339532198429864,-0.7994793238538369,148,938,222466.6,246.6,1656,0.11611265004616805,-0.999172,5,115,0.4128033,,23,23,55,4,0.4228408885922789,0.3480812273322328,2.2453755343720414,1
498,0,15.678853124907949,0.8407686001181915,0.14684479669237252,0.29350922852601424,0.6483942776028518,0.07602908176470481,0.034164358264081256,0.5441176470588235,0.011333333333333334,0.12260315228405437,-1.5147967033589365,31,1046,768348.6,323,66368,0.21583564173591874,-0.966816,5,85,2.208890446,,17,18,2,36,0.8137276732054064,0.7384339934612484,0.7114415886195585,0
499,0,15.815510557964274,2.325939853136072,0.1782097030145813,0.19854118868891663,0.5282751852496596,0.1770585604761907,0,0,0,0.020871539571456904,-3.0350292822023683,0,1083,45315,84,882,0.25,-0.999559,5,70,0.200868984,,14,5,22,34,0.5603655661974766,0.30049082241407965,0.5047855871036531,1
500,1,0.4887918454385695,0.4887918454385695,0.15807851851852286,0.3199279601775198,0.6842919330695642,0.12819999516666575,0.3074792243767313,0.36433260393873085,0.15233333333333332,0.1672843572511275,-0.11071695235427993,581,750,1978242.4,620.6,121050,-0.05747922437673131,-0.939475,5,150,3.923700857,,30,20,2,38,0.8410178921178164,0.7188647780747439,3.172797462693027,0
501,0,15.815510557964274,1.937656239887342,0.17596969998268625,0.22025579739328477,0.5682312537710481,0.1725547427222221,0,0,0,0.023029560014982183,-3.0350292822023683,0,1083,80051.2,210,1302,0.25,-0.999349,5,210,0.462360552,,42,4,1,43,0.6499500268420709,0.2591216770921468,1.0586603283164047,0
502,0,15.71948101041118,0.68441250118491,0.14145931327809297,0.325658955707233,0.6769572502807922,0.06775341318840718,0.024007386888273315,0.6046511627906976,0.007166666666666667,0.11232021242700406,-1.769213162595861,17,1057,972443.4,414,16698,0.2259926131117267,-0.991651,5,115,2.308961271,,23,20,8,9,0.6063854193961693,0.8659568099015729,0.5968525093937432,1
503,0,15.180238166459196,0.6369135691222032,0.14843000748580426,0.28176654481083174,0.6628058081793976,0.06846276346296383,0.15881809787626963,0.3900226757369615,0.0735,0.1747493975282418,-0.5286310741694289,269,911,108660.2,90,1152,0.09118190212373037,-0.999424,5,45,0.266744528,,9,9,55,60,0.744633500263272,0.2604830362671,2.715477499924543,1
504,0,15.752722007641097,0.4446825650779349,0.13873359999999824,0.3356848029218515,0.6828229496061209,0.04151777777777774,0.01569713758079409,0.7083333333333334,0.004,0.09041824354317024,-2.1250744324325264,7,1066,4437088.6,1272.8,46575,0.23430286241920592,-0.9767125,5,375,4.712490593,,75,16,11,5,0.7128728160806757,0.28481355385604296,1.9217375261547012,0
505,0,14.932777409303148,0.5954464809075762,0.1522823844075286,0.28011688684093683,0.6477439625202179,0.08441655166666681,0.22068328716528163,0.3567164179104478,0.11166666666666666,0.1731967639597418,-0.29137296213478026,431,844,1392286.6,262.2,27924,0.029316712834718373,-0.986038,5,60,2.959751952,,12,21,4,4,0.9703347399450128,0.7017773447741015,2.059728561332675,1
506,1,0.7571891467210852,0.7571891467210852,0.15763012451510977,0.3270417177872072,0.6976701518522337,0.1122176287179488,0.3471837488457987,0.39166666666666666,0.16,0.2494382942751329,-0.08287739160758856,584,707,140301.4,139.4,1040,-0.09718374884579872,-0.99948,5,65,0.750414591,,13,21,53,28,0.4521030913356171,0.9438213454223008,2.414107417087591,1
507,1,0.5467149416733423,0.5467149416733423,0.17051360010886962,0.28464158135844675,0.6634263586242616,0.1556428341428562,0.3915050784856879,0.3214556482183472,0.21983333333333333,0.17562107011603834,0.13276407412025656,895,659,1063061.2,252,36582,-0.14150507848568789,-0.9817089999999999,5,70,1.5771338350000002,,14,17,3,20,0.8172179493292773,0.4648474306035272,3.6828361188178866,1
508,0,15.671466236634634,0.9870335172922621,0.15249872454321034,0.31990532192955595,0.6705304358913833,0.1154611042948721,0.036011080332409975,0.5,0.013,0.12102791401550217,-1.4170562991191105,39,1044,181073.8,455,2821,0.21398891966759004,-0.9985895,5,455,2.244983178,,91,4,10,14,0.8853800422692546,0.4314648359870891,1.8458963425436572,0
509,0,14.954938074123092,0.6256716524342292,0.1475265887038926,0.29228514157526875,0.6664676097831576,0.06893037388888947,0.21514312096029548,0.3864013266998342,0.1005,0.1768260374794988,-0.36055565046954197,370,850,644727,237.4,10308,0.034856879039704525,-0.994846,5,60,0.924824902,,12,24,7,20,0.6278618445126251,0.7912886733740393,1.5684767070299428,0
510,0,15.815510557964274,2.493700475212874,0.1804996390010114,0.1805,0.5,0.180499,0,0,0,0.00000000000000000007877406409464993,-3.0350292822023683,0,1083,24998.8,81,189,0.25,-0.9999055,5,135,0.467086388,,27,2,15,5,0.6507383201076697,0.6397980158645175,1.6338715406292714,0
511,0,15.350136596745436,0.46091095412267713,0.13726768843868686,0.3431915496656678,0.6995533050860349,0.03187231109219963,0.11634349030470914,0.50199203187251,0.041833333333333333,0.14746485929578457,-0.8809949639609815,125,957,544797.8,423,7896,0.13365650969529086,-0.996052,5,235,1.009490989,,47,8,32,4,0.5639033770398417,0.3833790179867775,2.455475478008888,0
512,1,0.48341328609578826,0.48341328609578826,0.15492230988384556,0.34115257810955535,0.7028359596635638,0.13273076889743715,0.26408125577100644,0.4109195402298851,0.116,0.14648338820026297,-0.2881610694746602,410,797,1947818.2,468,86424,-0.01408125577100644,-0.956788,5,195,1.889785887,,39,11,4,3,0.924017933041365,0.2970050885583327,3.6412874176732513,0
513,0,15.800736781417644,1.1537276008079576,0.15678603369203892,0.29860232412581217,0.6650567471739087,0.13334034392424302,0.003693444136657433,0.5714285714285714,0.0011666666666666668,0.07695109434071837,-2.4313637641589874,3,1079,473816.8,318,4114,0.24630655586334257,-0.997943,5,110,0.839301779,,22,22,34,11,0.6668654941730672,0.4696658331685287,0.8092605552047379,0
514,0,15.339056264335465,0.4425533296554699,0.1353765652143188,0.3560537879146359,0.7036735947851603,0.0263647252995161,0.11911357340720222,0.5397489539748954,0.03983333333333333,0.14137430272598528,-0.9346803927970889,110,954,3791285.6,1159,40158,0.13088642659279778,-0.979921,5,345,7.065073699,,69,16,16,29,0.973040890066659,0.6877183060856766,1.5722601382652963,0
515,0,15.815510557964274,0.8375998638249788,0.16211866223798857,0.3401010397056133,0.6970186161377669,0.14879600979629581,0,0,0,0.0491014310456642,-3.0350292822023683,0,1083,2419321.2,2068.8,18972,0.25,-0.990514,5,765,4.744020004,,153,18,54,3,0.7044770432820523,0.3589660358816155,0.8799864350081116,1
516,0,15.789656449007671,1.4635068432712717,0.1608678745562655,0.2629726312906968,0.6294888500915755,0.14033263866666795,0.006463527239150508,0.4666666666666667,0.0025,0.07779885764285284,-2.0779731938586568,8,1076,170786.6,149.2,1356,0.2435364727608495,-0.999322,5,60,0.232734541,,12,18,48,53,0.5720699014384321,0.34303111509712547,0.9710469583754456,0
517,0,15.065741398222816,0.7872153977668992,0.15416326201608552,0.33436596095670723,0.6881477212399891,0.12052365956814014,0.18744228993536471,0.4451754385964912,0.076,0.1979697290472491,-0.5401421917921099,253,880,1149567.2,1267,22987,0.06255771006463529,-0.9885065,5,905,16.762158395,,181,6,3,5,0.942386564909625,0.9655521847165536,1.748021510722387,1
518,0,15.039887289266213,0.45684236862454997,0.1388642913148352,0.3437296862690114,0.6966597503789123,0.04636803772222203,0.19390581717451524,0.47404063205417607,0.07383333333333333,0.1579143156485596,-0.5722955752242601,233,873,1720776.6,576,196560,0.056094182825484756,-0.90172,5,240,3.630620661,,48,11,1,10,0.5043283644532234,0.6612146082807562,2.190346078200869,1
519,0,15.612371130448114,0.47153467125023146,0.13707820030552406,0.33250531782700166,0.6897536971529795,0.021671670838382808,0.050784856879039705,0.6111111111111112,0.015,0.12132936145240748,-1.4561128739951457,35,1028,923064.8,363,31218,0.19921514312096028,-0.984391,5,165,2.101248454,,33,10,9,3,0.8888099896696183,0.30389111396654883,2.286668134388597,1
520,0,15.678853124907949,0.6411771079285626,0.149697370377217,0.33811063108572786,0.6826129070361162,0.1107484214132953,0.034164358264081256,0.6379310344827587,0.009666666666666667,0.10623591724611971,-1.677524000856636,21,1046,1051611.2,1211,21971,0.21583564173591874,-0.9890145,5,865,6.357806533,,173,6,8,2,0.7301768458270619,0.522614756507398,1.4932277901905329,0
521,0,15.065741398222816,0.7264422989052389,0.1532160010496375,0.27578432129653013,0.6526371938537995,0.085573827574075,0.18744228993536471,0.36185383244206776,0.0935,0.19006676852826923,-0.38988145983372874,358,880,602133.4,162,48969,0.06255771006463529,-0.9755155,5,45,1.028204478,,9,17,1,10,0.566932379140703,0.8361754809697464,1.484733767182629,0
522,0,15.79334989314433,1.0134668598217085,0.1522617676671214,0.3079511793694512,0.6568710962081353,0.11730622400000051,0.00554016620498615,0.6,0.0016666666666666668,0.0882897503034055,-2.3336487565147013,4,1077,547439.4,322.6,5050,0.24445983379501385,-0.997475,5,125,1.307934558,,25,12,36,19,0.7629476529856272,0.42082026445635823,0.9667736994333296,0
523,0,15.815510557964274,2.493700475212874,0.1804996390010114,0.1805,0.5,0.180499,0,0,0,0.00000000000000000007877406409464993,-3.0350292822023683,0,1083,13365.6,40,150,0.25,-0.999925,5,50,0.397764026,,10,3,56,4,0.8792995488123493,0.8356334549431174,1.1312974001006335,0
524,0,15.811817113827615,0.5064388749756078,0.14691028456123675,0.3456346350970289,0.6983736113669743,0.0988924569516133,0.0009233610341643582,0.5,0.0003333333333333333,0.07213569320500614,-2.733598460961339,1,1082,4847648.4,2014.8,58280,0.24907663896583565,-0.9708600000000001,5,775,9.619343492,,155,12,24,46,0.9442310417307028,0.3640667203437066,0.9879318867362022,0
525,0,15.70470723386455,0.8640185410824859,0.15170170802338423,0.3177320357830097,0.6634255135714542,0.11554870594117643,0.027700831024930747,0.6122448979591837,0.008166666666666666,0.10419688825026262,-1.7218106152125465,19,1053,406419.8,476,8636,0.22229916897506924,-0.995682,5,340,3.14486847,,68,6,1,7,0.9854422477959961,0.4190718388507629,1.6727294702899147,1
526,0,15.630838351131402,0.5024157286008714,0.14462807841980793,0.2652117197925751,0.6369826844923984,0.03739810031481453,0.046168051708217916,0.3787878787878788,0.022,0.1177589570070256,-1.0954424463818497,82,1033,1170217.6,369,11466,0.20383194829178208,-0.994267,5,90,1.6552439749999999,,18,20,13,3,0.8642975361444636,0.31173042034353565,1.5104563493287986,1
527,0,15.342749708472123,0.5684725385551421,0.139511807275867,0.31940413613651303,0.6801876054790219,0.03891652683333343,0.11819021237303785,0.49230769230769234,0.043333333333333335,0.14562410480901702,-0.8566062513090142,132,955,1099485.6,337.2,14616,0.13180978762696216,-0.992692,5,90,3.565720056,,18,18,9,6,0.7624358193282502,0.8213177232180573,1.116035271798179,1
528,0,15.387071038112012,0.4583066424809836,0.14441846707819403,0.3195334272576295,0.6755155901914532,0.07346296546296266,0.10710987996306556,0.46215139442231074,0.041833333333333333,0.12102610005683091,-0.8523364489381762,135,967,3473467,647.8,68868,0.14289012003693444,-0.965566,5,180,3.41897439,,36,17,3,4,0.5984900093159656,0.39962882526457255,2.1500469050874345,0
529,0,15.523728471168337,0.5173897933084299,0.13928001011464575,0.32236555378898574,0.6821712261021413,0.042235533683908276,0.0729455216989843,0.5851851851851851,0.0225,0.1331289270879045,-1.2462912060840163,56,1004,1265369.2,610.8,51243,0.1770544783010157,-0.9743785,5,145,2.665967166,,29,24,3,27,0.5526043098165128,0.7320756926960129,1.0418443856337511,0
530,1,0.556580637569089,0.556580637569089,0.18523396416371146,0.3523668898772935,0.7074456288329013,0.1768435854102562,0.5216989843028624,0.33491404860699464,0.2811666666666667,0.25068372757314983,0.33521239841299993,1122,518,715063.4,690.6,5330,-0.27169898430286243,-0.997335,5,325,2.709986163,,65,22,57,13,0.4972179125856213,0.8330386626894046,3.8659564747206177,1
531,0,15.405538258795298,0.46031892224585014,0.1367277881311836,0.35486320604314453,0.6994616638038156,0.0377945529767451,0.10249307479224377,0.5362318840579711,0.0345,0.14320101603975752,-1.0013411060021071,96,972,2077535.6,1290,131967,0.1475069252077562,-0.9340165,5,645,5.398543612,,129,9,2,58,0.721995514991871,0.5901805927765045,1.8772446001806644,0
532,0,14.954938074123092,0.44176601140745836,0.13840569266112096,0.36270557525144026,0.7095109378940646,0.04541532843493789,0.21514312096029548,0.4489402697495183,0.0865,0.17468537226711287,-0.47204766335059556,286,850,3441617,2057,112013,0.034856879039704525,-0.9439935,5,935,9.759202514,,187,10,8,52,0.5006697159032629,0.8105644647426652,2.1401899213812237,1
533,1,0.47682640677429383,0.47682640677429383,0.15489557941232363,0.3628842629478264,0.7132970561552614,0.10901884703968268,0.39242843951985223,0.38955087076076994,0.18183333333333335,0.22009725480103065,0.005240419322539099,666,658,3134913,2187,24024,-0.14242843951985223,-0.987988,5,840,10.75466454,,168,17,38,15,0.5736526796163569,0.9493965897965109,2.833004957130576,1
534,0,15.601290798038143,1.2305836475404468,0.15221638649647848,0.30556456756498984,0.6624829041122335,0.11802569395614043,0.05355493998153278,0.5043478260869565,0.019166666666666665,0.12857056824168922,-1.2477193672128601,57,1025,195437.4,208.4,1501,0.19644506001846723,-0.9992495,5,95,0.76006644,,19,22,60,5,0.5057793001249425,0.8759135902186157,1.083033642445473,0
535,0,15.811817113827615,0.5542699525301008,0.14850206456240542,0.29237496392604434,0.6476772972431936,0.08643852099122837,0.0009233610341643582,1,0.00016666666666666666,0.06757807655474546,-3.0346284566253203,0,1082,2142424.6,608,35074,0.24907663896583565,-0.982463,5,190,3.2734851799999998,,38,15,10,3,0.9632691739692596,0.2784716495037443,0.7884344557259101,1
536,0,15.785963004871014,0.4912940681124439,0.14133909588412047,0.32960945168565303,0.6787832216079627,0.06232553972868325,0.007386888273314866,0.5714285714285714,0.0023333333333333335,0.0889531272466658,-2.1867142313161136,6,1075,2226946,957.8,161852,0.24261311172668512,-0.919074,5,215,3.761646569,,43,23,2,29,0.7844678326933554,0.5158928695567355,0.7159091979208017,1
537,0,15.250413605055686,0.45325479253338186,0.13818300108817494,0.35060376759360407,0.6964073612737838,0.03986664850000029,0.14127423822714683,0.498371335504886,0.051166666666666666,0.1551842344410025,-0.7786179828110511,154,930,626433.8,770,13970,0.10872576177285317,-0.993015,5,550,2.218346321,,110,6,4,4,0.866848637768395,0.25803202009607934,2.975125528973008,1
538,0,15.815510557964274,2.4821803409286254,0.18030005252364328,0.18252190883908334,0.5022616429967375,0.18029529812962963,0,0,0,0.004753087733084414,-3.0350292822023683,0,1083,11270.6,36,135,0.25,-0.9999325,5,45,0.147731281,,9,3,5,4,0.5734260339378541,0.4356074454760612,1.3457159871784754,1
539,1,0.4979329217251195,0.4979329217251195,0.14396576514293158,0.354771879364559,0.7011762759499286,0.07643445364285717,0.2880886426592798,0.4297520661157025,0.121,0.19195459916568727,-0.26956920362364345,414,771,612985,394.8,4732,-0.0380886426592798,-0.997634,5,140,2.5530344879999998,,28,20,47,42,0.8324983298165545,0.6633822781316185,2.3918909484267608,1
540,0,15.815510557964274,0.7164891511028366,0.16018803799978934,0.3322648411560185,0.6782548758138562,0.14218190583495133,0,0,0,0.05374074911700188,-3.0350292822023683,0,1083,3113776.8,1854,105266,0.25,-0.947367,5,1030,12.102935724,,206,8,1,3,0.7469100999355089,0.7892195124253942,0.5827461267495702,1
541,0,15.047274177539528,0.4786745295421405,0.1400280084805804,0.35819132889532346,0.7025398156019659,0.06273476650524094,0.19205909510618652,0.46846846846846846,0.074,0.1762802437746649,-0.5677557601579768,236,875,3899223.2,1590,162657,0.05794090489381348,-0.9186715,5,795,19.297345662,,159,9,1,16,0.8353610755732019,0.9272342536039635,1.7709038587800177,1
542,0,15.741641675231126,0.8772895198163486,0.14906439721300138,0.3198882364799781,0.669173187188023,0.10797493797530852,0.018467220683287166,0.6451612903225806,0.005166666666666667,0.0987209301110424,-1.9477603819114044,11,1063,872970.2,454.8,75438,0.23153277931671284,-0.9622809999999999,5,135,2.61547714,,27,16,3,58,0.8737080475273845,0.9142574736122266,0.5574620846488276,1
543,0,15.320589043652177,0.5634449884797028,0.1374855730412931,0.34400721875021323,0.6918901784394729,0.04240727324074028,0.123730378578024,0.5702127659574469,0.03916666666666667,0.14839917672079678,-0.9691234335269302,101,949,777226,350.8,7992,0.126269621421976,-0.996004,5,135,1.606533549,,27,12,30,63,0.9284904254500825,0.5863614935355677,1.6154576018978046,0
544,0,15.627144906994744,0.9215477133017063,0.14800801551892906,0.27835890266393337,0.6466185399703406,0.08290237944444542,0.04709141274238227,0.4857142857142857,0.0175,0.12147597704620149,-1.2737376320253768,54,1032,485791,212.2,17304,0.20290858725761773,-0.991348,5,60,0.87173085,,12,17,5,30,0.7519079110630225,0.6955206583852649,0.6423029583024665,1
545,1,1.4559717227696567,1.4559717227696567,0.30110562182887246,0.3194893476406606,0.687945096355738,0.32291052404651543,0.7488457987072945,0.26537958115183247,0.5093333333333333,0.3987481436483916,0.9152471048846829,2245,272,115541,344,1290,-0.4988457987072945,-0.999355,5,430,1.789400306,,86,3,15,6,0.49868125629201904,0.8865349534364015,3.799771383127336,0
546,0,15.36121692915541,0.6182695364707225,0.14849308394780783,0.27320106756767887,0.6436340012442933,0.06969682653030429,0.11357340720221606,0.37962962962962965,0.054,0.15809102512648662,-0.6773720182219216,201,960,646740.6,222.2,21758,0.13642659279778394,-0.989121,5,55,0.55902259,,11,20,2,7,0.4124683886203763,0.6838254786439809,1.3129035073846123,1
547,0,15.815510557964274,0.5780023537131419,0.14760328264336345,0.3210681848105123,0.6667931429035,0.09423267862068974,0,0,0,0.0767911524155529,-3.0350292822023683,0,1083,2343693,696,237510,0.25,-0.8812450000000001,5,290,3.556447464,,58,11,2,4,0.8544597794930258,0.4735194335309683,1.0072396895303113,1
548,0,15.553276024261596,0.5689966120804276,0.14063482262080337,0.3090967698552977,0.6752554078215459,0.04184769058695809,0.06555863342566944,0.47651006711409394,0.024833333333333332,0.13459272895671323,-1.107982354069839,78,1012,800200,375.8,9867,0.18444136657433058,-0.9950665,5,115,0.929695794,,23,19,9,3,0.40363257812446457,0.7178688334627487,1.055485575358687,0
549,0,15.121143060272676,0.7932390378526069,0.14844264566695908,0.27631273896946545,0.6453475805480863,0.06833304550000001,0.17359187442289936,0.37524950099800397,0.0835,0.16973751951431032,-0.4553783615889103,313,895,823823.6,167.4,72584,0.07640812557710064,-0.963708,5,40,1.175788467,,8,20,1,4,0.945315908971935,0.7413075087446128,0.9755615132150357,1
550,0,15.800736781417644,0.4828878697290255,0.1436799973333548,0.32850998712571455,0.6752727783514747,0.07423587410256256,0.003693444136657433,0.8,0.0008333333333333334,0.07776187951851116,-2.7323937598229686,1,1079,3519248,975,108095,0.24630655586334257,-0.9459525,5,325,5.880772733,,65,14,4,5,0.6935058363795898,0.5523131026890393,0.6783669295551493,1
551,0,15.110062727862704,0.4408221975873965,0.136971999063074,0.3635514683390577,0.7066161625551092,0.0419148929503548,0.17636195752539244,0.4910025706940874,0.06483333333333334,0.1594683496292215,-0.6519983824788398,198,892,13346789.6,3055,473290,0.07363804247460756,-0.763355,5,1175,29.349466453,,235,12,4,11,0.8399156461324453,0.775834694549872,2.101250825797485,0
552,0,15.375990705702039,0.5804338205609986,0.13864606353515563,0.32313979384750136,0.687494589314664,0.03638872022222228,0.10987996306555864,0.5042372881355932,0.03933333333333333,0.1436741299047403,-0.9126453060376671,117,964,356566.2,244.4,2790,0.14012003693444136,-0.998605,5,90,0.687214823,,18,19,36,24,0.5850500863315158,0.3684458999420832,1.807147868938327,0
553,0,15.815510557964274,1.0176020259793745,0.15724075691087036,0.32554271101295934,0.6801532399981897,0.13811581540310208,0,0,0.00016666666666666666,0.06728183503617066,-2.733999286538387,1,1083,736747.8,551.4,10836,0.25,-0.994582,5,215,1.518542539,,43,12,17,44,0.448281642687795,0.6141155505235473,0.5795536550963138,0
554,0,15.368603817428724,0.840648480109923,0.14619961350043753,0.2942512161327019,0.6757336138157496,0.08168706866666856,0.11172668513388735,0.4019933554817276,0.050166666666666665,0.17668858673716617,-0.7259477122553499,180,962,36103.6,120,280,0.13827331486611266,-0.99986,5,200,0.693524531,,40,2,17,4,0.5666051055834742,0.4983807139711254,2.4952262984895555,1
555,0,15.224559496099085,0.6098288114473187,0.14151109957480013,0.34528194160206177,0.6927346678782846,0.07053421386772468,0.14773776546629733,0.46647230320699706,0.057166666666666664,0.16903362102735608,-0.7008541482105702,183,923,1015528,567,32193,0.10226223453370267,-0.9839035,5,315,5.40799852,,63,8,3,19,0.8003303503767205,0.8481159767697737,1.7026202543978604,0
556,0,15.800736781417644,0.5333959961228731,0.14336341292599444,0.31200373906634055,0.6659897793679793,0.06679623129629668,0.003693444136657433,1,0.0006666666666666666,0.0860645172576234,-3.03342375548695,0,1079,2271832.2,714.8,33372,0.24630655586334257,-0.983314,5,180,3.523131255,,36,22,8,2,0.7738619016705086,0.42259446115257987,0.7417281275688878,0
557,0,15.726867898684496,0.4375983754794948,0.13633396040491186,0.3431859639315284,0.6895583960597254,0.014469943521858524,0.0221606648199446,0.6,0.006666666666666667,0.10158419653198583,-1.7948569438864963,16,1059,6730827.6,1220,260897,0.2278393351800554,-0.8695515,5,305,11.057668716,,61,19,2,3,0.891396504457992,0.5563152078270257,1.1599217745696933,1
558,0,15.815510557964274,0.4786173050058933,0.14456725863501851,0.3415751536321341,0.6879326083531404,0.08346003068027284,0,0,0.00016666666666666666,0.07301756373086704,-2.733999286538387,1,1083,8779565.8,2744,293412,0.25,-0.853294,5,980,12.613876379,,196,13,5,13,0.7805576015095509,0.46201342929156297,0.744785694337992,0
559,0,14.97340529480638,0.9645731920693259,0.15313159357658362,0.2971536240396531,0.6643958219838046,0.09407363290740739,0.21052631578947367,0.39929947460595444,0.09516666666666666,0.21341722500254895,-0.39591532210562314,343,855,161107.8,81,4599,0.03947368421052633,-0.9977005,5,45,0.485165297,,9,8,1,2,0.5657856087047163,0.9378204620492738,1.758734465293554,0
560,0,14.855215082433341,0.8601464443623031,0.15646266100638132,0.28635649651287964,0.6689251172416876,0.11086376869753128,0.24007386888273316,0.3466666666666667,0.125,0.21598878451614217,-0.2248457195741473,490,823,25646.6,81,189,0.00992613111726684,-0.9999055,5,135,1.044744821,,27,2,9,9,0.9051488585594821,0.7437378823772465,2.479514782098206,1
561,1,0.49798962474101255,0.49798962474101255,0.16345578464735547,0.3618967899704066,0.7116885450838489,0.14141176487254922,0.4228993536472761,0.3634920634920635,0.21,0.211493900154855,0.10814121206825128,802,625,4697341.4,2658,36839,-0.1728993536472761,-0.9815805,5,935,21.421311157,,187,16,31,5,0.6401632456896118,0.8996556396759481,3.375216400667418,1
562,0,15.534808803578308,0.5677643703623142,0.139880014215653,0.3348069417975629,0.6924145806538117,0.053297700173758934,0.07017543859649122,0.49032258064516127,0.025833333333333333,0.1418068117711648,-1.100370545117563,79,1007,1996527.4,752,194486,0.17982456140350878,-0.902757,5,235,7.778424692,,47,15,2,31,0.8623708763537878,0.9677885068003034,0.9377968091061951,0
563,0,15.608677686311458,0.4653023252033591,0.13708422146238378,0.36461152010583925,0.7100505510589357,0.055772180971523935,0.05170821791320406,0.5833333333333334,0.016,0.1258939610826974,-1.3992092579395214,40,1027,5658914.4,3144.6,129947,0.19829178208679593,-0.9350265,5,995,14.455852349,,199,15,8,40,0.545166525209993,0.82529558907439,1.0183675927456066,0
564,1,0.5354319760629119,0.5354319760629119,0.15299532807546032,0.3481684753052536,0.6995380941355025,0.09183322366666705,0.3296398891966759,0.3773784355179704,0.15766666666666668,0.22639522681884164,-0.09068239921689365,589,726,251099.4,287,5207,-0.07963988919667592,-0.9973965,5,205,1.741614016,,41,6,16,19,0.9684170722017447,0.4481319110502443,3.139929625014582,0
565,0,15.74902856350444,0.43830039832388273,0.13660363683127433,0.35659828316981107,0.6969896026580479,0.032800925925925956,0.01662049861495845,0.72,0.004166666666666667,0.09043076199608255,-2.12466721769861,7,1065,17989418.8,3766.6,577800,0.23337950138504154,-0.7111000000000001,5,900,17.749272886,,180,20,2,6,0.6690080327944588,0.4134104277128927,1.5149790424202463,0
566,0,15.405538258795298,0.4530118751640642,0.14060124933333296,0.33119321747213426,0.6891406582886254,0.059899998500000155,0.10249307479224377,0.47435897435897434,0.039,0.12113191523190035,-0.8946911551061169,123,972,719817.4,570,5520,0.1475069252077562,-0.99724,5,200,1.260750345,,40,18,41,22,0.5952057874400373,0.26251902547410605,2.5089292370987253,1
567,0,15.693626901454579,0.48210917508256185,0.13795277738371495,0.3407793973517459,0.6954774276066734,0.04495685305172453,0.030470914127423823,0.5892857142857143,0.009333333333333334,0.11154458694804016,-1.6413914743166362,23,1050,2371603.8,972.2,43500,0.2195290858725762,-0.97825,5,290,3.885169587,,58,16,6,13,0.46951540551156085,0.7809466294800191,0.875800005704036,0
568,0,15.069434842359472,0.6938464250373544,0.14682710185740233,0.3306161379409518,0.6915911236404274,0.09496641250000007,0.18651892890120036,0.4611872146118721,0.073,0.1875898978273623,-0.5707202391217159,236,881,240560.8,420,4410,0.06348107109879964,-0.997795,5,350,2.196968272,,70,5,1,18,0.564874547589086,0.5775351465002556,2.2931283453879856,1
569,1,0.8240636115992463,0.8240636115992463,0.18094800594218652,0.305409043542889,0.6838727868771186,0.1687014028859648,0.3831948291782087,0.32574568288854006,0.21233333333333335,0.2817938525966742,0.10907233347574465,859,668,48678.4,152,570,-0.13319482917820868,-0.999715,5,190,1.016784589,,38,3,10,8,0.8766784119849069,0.5356737049427103,2.7248237382165863,0
570,0,15.815510557964274,2.4904498878864225,0.18048786554787757,0.1805360110803324,0.5001098568649555,0.1804681374691358,0,0,0,0.0007553442863984791,-3.0350292822023683,0,1083,71047.6,216,810,0.25,-0.999595,5,270,2.225462506,,54,3,15,12,0.9517772919592575,0.7262321478804121,0.9819791479639466,1
571,1,0.8195055452960622,0.8195055452960622,0.17792006401015553,0.31985646619806746,0.6854130364606484,0.1478586770256412,0.4118190212373038,0.35118110236220473,0.21166666666666667,0.28199171101176573,0.11163326982876277,824,637,45113.4,78,819,-0.1618190212373038,-0.9995905,5,65,0.458902305,,13,5,4,5,0.9949075536158585,0.47139926980719515,3.3001887134990584,0
572,0,15.401844814658642,1.2438484676237043,0.15192809574134275,0.289136923541935,0.6409572495296342,0.1073327443333344,0.10341643582640812,0.5022421524663677,0.03716666666666667,0.1431536041046712,-0.9384482422560929,111,971,129452.4,96,3060,0.14658356417359186,-0.99847,5,60,0.821499201,,12,7,1,2,0.8942100575017896,0.693487755014635,1.3818241818467196,0
573,1,0.59601048697039,0.59601048697039,0.18749506170022762,0.306370457576459,0.6746982363372331,0.19033329533333315,0.46537396121883656,0.31778058007566207,0.2643333333333333,0.21614123138756483,0.2712004630623831,1082,579,358158.4,176.4,2873,-0.21537396121883656,-0.9985635,5,65,0.889779093,,13,13,38,18,0.8800813269758457,0.40878419427779583,3.925541334527593,0
574,0,15.01403318030961,0.7399685489774974,0.15100406355992796,0.2959447503233122,0.6572704306069864,0.08433308566666746,0.20036934441366575,0.38271604938271603,0.0945,0.19343622827935153,-0.39271198101038624,350,866,265765.4,135,7713,0.049630655586334255,-0.9961435,5,45,0.618615098,,9,14,6,46,0.5367481090563091,0.6503598553332972,1.8193091704119009,1
575,1,0.5154114739172707,0.5154114739172707,0.16909366324519767,0.3208940754281606,0.6931632974411238,0.15409089409090945,0.4182825484764543,0.32219061166429586,0.23433333333333334,0.19384805780309522,0.17951901545996085,953,630,1191538.4,445.4,61820,-0.1682825484764543,-0.96909,5,110,2.82900561,,22,22,2,27,0.5857478174588598,0.9077733617766848,3.8317128184948377,1
576,0,15.815510557964274,2.45832205844629,0.18043441035033958,0.18049177257709756,0.4992894983785314,0.1802693169430052,0,0,0,0.0023498680904289002,-3.0350292822023683,0,1083,256388.8,772,2895,0.25,-0.9985525,5,965,5.735725048,,193,3,7,14,0.7090152608862733,0.7802159009606666,0.6844815265205042,0
577,0,15.756415451777755,1.096858499249854,0.15495871376381862,0.2984244160149772,0.6582664661825829,0.1262623181794879,0.014773776546629732,0.47058823529411764,0.005666666666666667,0.09184052563911564,-1.7498176517397086,18,1067,243105.2,208,6630,0.23522622345337027,-0.996685,5,130,0.854149668,,26,7,14,22,0.5569831968167521,0.6185114149462468,1.0326533109300087,1
578,0,14.940164297576462,1.3531327641143716,0.16568992497861387,0.30313861107306145,0.6523510965311333,0.14218117884848533,0.2188365650969529,0.4030612244897959,0.098,0.2396724162556615,-0.38134074685257585,351,846,77700,132,1386,0.0311634349030471,-0.999307,5,110,1.330876234,,22,5,5,61,0.9055398672053615,0.91629601575796,2.107546638373947,1
579,1,0.6287020320272838,0.6287020320272838,0.18840974411840503,0.34687205558575346,0.6991164127846349,0.16486532261538428,0.4838411819021237,0.3354673495518566,0.26033333333333336,0.2979357828090531,0.26842752055097696,1038,559,456666.6,780,8190,-0.23384118190212372,-0.995905,5,650,4.817931045,,130,5,6,6,0.8610732939130076,0.665192579608465,3.6127006958066037,0
580,0,15.59021046562817,1.42644759339012,0.15427846716737395,0.27829377072186473,0.6347737164539856,0.12027013749999999,0.05632502308402586,0.5350877192982456,0.019,0.11564941884808663,-1.2774818738891915,53,1022,171860,111.8,1496,0.19367497691597413,-0.999252,5,40,0.631386157,,8,24,37,21,0.7252493179669692,0.666669498483573,0.7922922439830119,1
581,1,0.4796846445104045,0.4796846445104045,0.15482129864596397,0.36396144040117484,0.7092041837249965,0.12043805343067879,0.3804247460757156,0.39539347408829173,0.17366666666666666,0.19075089923962055,-0.02733991380969093,630,671,1209730.2,1017,14464,-0.13042474607571558,-0.992768,5,565,4.055765673,,113,8,44,3,0.5926681920076395,0.42563273137762914,3.440112241717761,1
582,0,15.715787566274523,0.47065772266015266,0.13725727317605613,0.3471980550667032,0.7024467658984009,0.04746991718852434,0.024930747922437674,0.574468085106383,0.007833333333333333,0.10604949975707047,-1.7018556925735069,20,1056,4154787.8,1265.6,149023,0.22506925207756232,-0.9254885,5,305,10.495541259,,61,21,3,3,0.7642153666604486,0.9397406568982158,0.5469983439772748,1
583,1,0.48825332865487614,0.48825332865487614,0.15540017294445407,0.313405694597806,0.6718289064772547,0.11857638372222187,0.27977839335180055,0.4002642007926024,0.12616666666666668,0.14848394859359226,-0.2346396372201879,454,780,1109808,419.4,9144,-0.029778393351800547,-0.995428,5,120,2.439432432,,24,17,24,4,0.9564695784495427,0.38380548406728743,3.0569017751308873,1
584,0,15.556969468398254,0.8758379777175823,0.14706593151009179,0.3475945811719334,0.7014752368542176,0.10713895127272814,0.06463527239150507,0.5982905982905983,0.0195,0.12553802565159108,-1.32479671762173,47,1013,854745.8,700,6765,0.18536472760849493,-0.9966175,5,275,4.674579734,,55,23,59,11,0.7669815093165766,0.8465223664535866,1.1002234671495985,0
585,0,15.815510557964274,2.493700475212874,0.1804996390010114,0.1805,0.5,0.180499,0,0,0,0.00000000000000000007877406409464993,-3.0350292822023683,0,1083,177081,549,1281,0.25,-0.9993595,5,915,5.551405571,,183,2,4,53,0.7197734985797695,0.8383281970085015,0.6125340799401935,1
586,0,15.320589043652177,0.7317605015186899,0.1417051874289073,0.3502906242635917,0.7045953596084664,0.08352347969047641,0.123730378578024,0.5491803278688525,0.04066666666666666,0.1522231755697347,-0.9324006265021904,110,949,920342.6,824.4,7420,0.126269621421976,-0.99629,5,350,3.047585609,,70,14,42,15,0.4689197820093279,0.9423847076042244,1.2678886481001912,0
587,0,15.815510557964274,2.4827876979798016,0.180381863223229,0.18124952616999562,0.5006391416066257,0.18024344894444447,0,0,0,0.003935700459505365,-3.0350292822023683,0,1083,39369.6,120,450,0.25,-0.999775,5,150,0.698164374,,30,3,9,44,0.6326295020176581,0.6950743123426248,1.1224116433701177,1
588,1,0.48442136315071965,0.48442136315071965,0.1539155085374417,0.340176172835877,0.6969295100139696,0.10582378302380945,0.33887349953831947,0.3842931937172775,0.15916666666666668,0.1988209719421257,-0.0854038608806985,588,716,1153302.8,385,71645,-0.08887349953831947,-0.9641775,5,175,2.330095678,,35,10,2,26,0.9010363054126372,0.6015802042499931,3.186801160028758,0
589,0,15.815510557964274,0.9503276142299515,0.16320385103871987,0.3117780985710016,0.6567051841736257,0.14897345359876651,0,0,0,0.049975139248469594,-3.0350292822023683,0,1083,598491.4,756,13716,0.25,-0.993142,5,540,2.523368794,,108,6,1,22,0.8232330555880167,0.33305204461102966,1.2526316945897185,1
590,0,15.79334989314433,0.4560192347685499,0.13961036133126692,0.36272091319509375,0.7161516445384895,0.07054606312737095,0.00554016620498615,0.6666666666666666,0.0015,0.08691587371073026,-2.4305587695227575,3,1077,4283565.8,2139.4,86592,0.24445983379501385,-0.956704,5,615,9.157903327,,123,23,6,3,0.4409212515215507,0.8642946662390556,0.5441982860886317,1
591,0,15.815510557964274,0.444614966000714,0.1392929171596908,0.3290227808512654,0.6768811955281308,0.02396506986027998,0,0,0,0.0653157619291037,-3.0350292822023683,0,1083,22670490.4,3838.2,758347,0.25,-0.6208265,5,835,22.973038592,,167,22,2,2,0.9465395460962984,0.2826392303494711,1.2483544946953162,1
592,0,15.132223392682649,1.2012701905094363,0.15533773348134158,0.3024752251571938,0.6648153437552757,0.12349145649206396,0.17082179132040629,0.44471153846153844,0.06933333333333333,0.190242293908842,-0.5882717068423291,231,898,73000.4,126,1323,0.07917820867959371,-0.9993385,5,105,0.678538361,,21,5,41,13,0.5466001257315769,0.7727048706800306,1.7784598025235332,1
593,0,14.91431018861986,1.0670450590017586,0.16913329812187564,0.31873089337279764,0.6711339913853439,0.1537792148502831,0.22530009233610343,0.41496598639455784,0.098,0.24838764042139758,-0.38646019098860757,344,839,245618.8,590,3658,0.02469990766389657,-0.998171,5,590,3.284071276,,118,4,4,35,0.47814073200883506,0.9259102889729343,2.0094025794740284,1
594,0,15.815510557964274,1.735868062250214,0.17373422530296986,0.22658260412833028,0.5969398572161219,0.1657341604698163,0,0,0,0.038806046757281956,-3.0350292822023683,0,1083,231405.4,762,1778,0.25,-0.999111,5,1270,4.2157185,,254,2,57,4,0.6387601868710051,0.5290322851852745,2.0040894277157877,1
595,1,0.48655669718261696,0.48655669718261696,0.1559923408685306,0.3726687437959172,0.7097525291022103,0.1433434959349592,0.33425669436749766,0.4099660249150623,0.14716666666666667,0.15173997308842935,-0.14086669456737697,521,721,4040754.8,2371,31816,-0.08425669436749766,-0.984092,5,820,7.160191044,,164,21,23,10,0.4675327263658993,0.49424527587383227,3.2553235226320365,0
596,0,15.176544722322538,0.471021357881196,0.14825810294580857,0.3606028212169859,0.7036522806754638,0.11384601449275374,0.15974145891043398,0.502906976744186,0.05733333333333333,0.11454649983682924,-0.7239899300654493,171,910,18511922,3492.2,457792,0.09025854108956602,-0.771104,5,920,10.492873227,,184,18,2,3,0.518650186788768,0.48272816115337075,3.113152328728094,0
597,0,15.353830040882094,0.4384491811011948,0.13634926977798897,0.3558041230389657,0.7007081166946567,0.03056642428743927,0.11542012927054478,0.5296610169491526,0.03933333333333333,0.13707237582571583,-0.932600584500482,111,958,4432226.2,1518,282486,0.1345798707294552,-0.858757,5,690,5.259132772,,138,10,3,14,0.7136435210963719,0.4215771518206237,2.402085080885146,0
598,0,14.888456079663257,0.5127227141759996,0.14935480937504828,0.30356264525929316,0.6617819797559149,0.08501036916666665,0.23176361957525393,0.40879478827361565,0.10233333333333333,0.16139105168907186,-0.3595436177577316,363,832,757180.8,263.8,7312,0.018236380424746068,-0.996344,5,80,0.64098582,,16,16,11,15,0.5255507776824164,0.48372210000694427,2.201067641873469,0
599,0,15.70470723386455,0.589617698888687,0.1419121255069007,0.34977921127646894,0.7013767412547832,0.0838200922712412,0.027700831024930747,0.6382978723404256,0.007833333333333333,0.10825312645076239,-1.7675681057732218,17,1053,1982409.8,871.6,20196,0.22229916897506924,-0.989902,5,255,4.54421845,,51,18,23,6,0.95329533945665,0.6556234686984478,0.887302558264919,0
600,0,15.165464389912565,0.5347221760292514,0.14475651833343353,0.31532467604960057,0.6757022529671213,0.06343323549999973,0.16251154201292706,0.4009111617312073,0.07316666666666667,0.17080475639056542,-0.5364819216512541,263,907,2122661,425,118825,0.08748845798707294,-0.9405875,5,125,5.871267879,,25,16,2,14,0.990582606712275,0.8836826649927507,1.868029505843665,0
601,0,15.815510557964274,2.493700475212874,0.1804996390010114,0.1805,0.5,0.180499,0,0,0,0.00000000000000000007877406409464993,-3.0350292822023683,0,1083,18184.8,57,133,0.25,-0.9999335,5,95,0.73952267,,19,2,1,6,0.9975585085915439,0.7796350133681209,1.1084183609204465,0
602,0,15.538502247714966,0.4551299881259222,0.13590102906255633,0.3443624843802373,0.6974407669624164,0.01416350401257864,0.06925207756232687,0.5357142857142857,0.023333333333333334,0.12838664495160662,-1.1843472306950418,65,1008,2948415.4,848,116494,0.18074792243767313,-0.941753,5,265,5.577639168,,53,15,2,2,0.4582698647583522,0.9730142436857265,1.1122034406823393,1
603,0,15.564356356671569,0.47326124134480807,0.13648196590395179,0.34406767242441066,0.693017572779234,0.029383678263567026,0.06278855032317636,0.544,0.020833333333333332,0.12513817899631446,-1.2434657143849632,57,1015,3072777.2,731,78131,0.18721144967682363,-0.9609345,5,215,7.882807429,,43,16,4,5,0.7576727643367263,0.9294791497550821,0.9294640854626803,1
604,0,15.815510557964274,2.314582665189027,0.1796753151472637,0.19090883657046426,0.5206083028128428,0.17894042419135808,0,0,0,0.0066013817432762495,-3.0350292822023683,0,1083,107642.8,270,1674,0.25,-0.999163,5,270,1.108957645,,54,4,3,32,0.5274094903441326,0.5577484358088075,0.6669502412444476,1
605,0,15.815510557964274,1.2925839072556355,0.1696025601956158,0.3050849578241686,0.6578737983114342,0.16354897904955007,0,0,0,0.03260523217862137,-3.0350292822023683,0,1083,988754.4,740,14504,0.25,-0.992748,5,370,2.341629703,,74,9,33,7,0.6788079273460987,0.3151655898215475,0.61733077994384,0
606,0,15.815510557964274,1.3010854969417678,0.17314193550179247,0.3004019287144248,0.6471462285011523,0.16949124607507568,0,0,0,0.024898941166917453,-3.0350292822023683,0,1083,741592.8,1332,13986,0.25,-0.993007,5,1110,6.918319937,,222,5,5,27,0.821112996412328,0.42828689941714937,0.8950627071713245,1
607,0,15.073128286496129,0.6764159550802364,0.14805918731704923,0.29696489906833684,0.6692645467859731,0.07277248977272843,0.18559556786703602,0.4068825910931174,0.08233333333333333,0.18726510757485418,-0.4776133731654113,293,882,294680.2,143,5467,0.06440443213296398,-0.9972665000000001,5,55,0.771763256,,11,12,13,54,0.6749089177225893,0.6174581083670865,1.8889955654060833,1
608,1,0.504145735979594,0.504145735979594,0.16465836216839677,0.3592475973799565,0.7088460691241929,0.16013921568627443,0.41274238227146814,0.3718801996672213,0.20033333333333334,0.17879141520202324,0.0743823631658561,755,636,7496524.2,2937,98090,-0.16274238227146814,-0.950955,5,850,9.879190746999999,,170,19,8,23,0.4820686585387527,0.8796526572003196,3.7495212536987608,0
609,1,0.44412190414863806,0.44412190414863806,0.13971979847782634,0.3698655826920197,0.715280488988868,0.05794320720987636,0.2520775623268698,0.4396135265700483,0.1035,0.18072401677304065,-0.3661954272519762,348,810,3001734.4,1836.6,23625,-0.0020775623268697863,-0.9881875,5,675,8.178981326,,135,14,39,12,0.719116506067914,0.7215743256412551,2.338774023455874,0
610,1,0.5046732595316277,0.5046732595316277,0.15288738950006744,0.3394178902157323,0.7018046196595714,0.09096243499999998,0.3564173591874423,0.3762183235867446,0.171,0.2215806028863807,-0.03699739310434365,640,697,644446.2,360,20440,-0.10641735918744227,-0.98978,5,200,1.831187559,,40,8,5,3,0.5882414294911217,0.647988299226757,2.939659034031314,1
611,0,15.483100585665104,0.44924132496154817,0.14030809917355438,0.3481394091946664,0.6929638649785892,0.06529696969696946,0.08310249307479224,0.5263157894736842,0.0285,0.11193711520051093,-1.0835725320135967,81,993,1612648.8,1438.4,12430,0.16689750692520777,-0.993785,5,550,1.610381222,,110,14,35,2,0.4180777886578712,0.2644084786451896,2.6058562531741396,1
612,0,15.797043337280986,1.3780785942824616,0.15860065704587317,0.23460475444030682,0.5957417601248124,0.11411051744444345,0.0046168051708217915,0.3333333333333333,0.0025,0.09858839947364811,-1.9916287595246855,10,1078,385109.4,165,3753,0.2453831948291782,-0.9981235,5,45,0.407909435,,9,22,21,23,0.9151738522759839,0.2998737540289247,0.7944145538891618,0
613,1,0.48287233727516793,0.48287233727516793,0.156291584483894,0.3527338857509699,0.7009404123219215,0.12477349944017167,0.3564173591874423,0.3856143856143856,0.16683333333333333,0.1858705463989623,-0.05427471045873563,615,697,823108.4,429,9204,-0.10641735918744227,-0.995398,5,195,1.684650822,,39,10,23,5,0.5695742513706935,0.561572786642496,3.3219307295915144,1
614,0,15.815510557964274,2.492100270938343,0.180494420527487,0.18043592900379601,0.4996481763478733,0.18047357777118644,0,0,0,0.00065590664136102,-3.0350292822023683,0,1083,52293.2,177,413,0.25,-0.9997935,5,295,0.652481196,,59,2,7,10,0.5775791736963145,0.4180010926389211,0.6926329853953027,1
615,0,15.209785719552455,0.46020207082250747,0.13653531828608842,0.34687821577424205,0.7014677252737079,0.03224015007843148,0.15143120960295475,0.4880952380952381,0.056,0.15058841451670663,-0.7257417242167599,172,919,532237.2,443.8,4046,0.09856879039704525,-0.997977,5,170,1.7027803129999999,,34,24,60,52,0.7550988857632173,0.38918830409007277,2.219966758706344,1
616,0,15.224559496099085,1.5477179355008193,0.15896073816743547,0.28064138434088326,0.6317324652950896,0.13785341033333331,0.14773776546629733,0.4177545691906005,0.06383333333333334,0.17463857452947792,-0.6154239528859439,223,923,28257.8,48,504,0.10226223453370267,-0.999748,5,40,0.432679614,,8,5,3,11,0.7322597300221234,0.8018223129508849,1.627804812807123,1
617,1,0.51409154935048,0.51409154935048,0.15757681758337885,0.3063071195008767,0.6800307073411239,0.1179582885,0.3397968605724838,0.3569350145489816,0.17183333333333334,0.18377270273561164,-0.03274494293983806,663,715,1636747.2,364,35584,-0.08979686057248382,-0.982208,5,80,3.303803389,,16,24,3,3,0.6955867758939667,0.8782554061814813,2.889007974247012,1
618,0,15.808123669690959,0.9743701228845676,0.15412699266708674,0.28230905212863144,0.6469220078229355,0.11699125783333446,0.0018467220683287165,0.4,0.0008333333333333334,0.07926425593818276,-2.4321672694425884,3,1081,363585.6,200,8140,0.24815327793167127,-0.99593,5,100,0.693500755,,20,9,16,22,0.6807866306244326,0.31297544098264407,0.944146118166856,0
619,0,15.800736781417644,0.5229076445151888,0.14785859233336443,0.3645912041087,0.7126904960290968,0.11054063633333322,0.003693444136657433,0.8,0.0008333333333333334,0.076787252210586,-2.7323937598229686,1,1079,6923470.4,3907.8,63250,0.24630655586334257,-0.968375,5,1250,18.095409824,,250,16,28,17,0.7426809147533602,0.5087385099598463,0.8229946380419615,1
620,0,15.815510557964274,1.905194927781077,0.17527570189124736,0.22819283375737534,0.574684546481754,0.17162664164705893,0,0,0,0.023455409736638122,-3.0350292822023683,0,1083,113084.2,204,2142,0.25,-0.998929,5,170,0.556664111,,34,5,6,2,0.5245361227005584,0.46595609669847443,0.705747239623322,1
621,0,15.320589043652177,0.4337674306875917,0.13562088792534932,0.36212481178324213,0.7071753997240621,0.03333656891262128,0.123730378578024,0.5537190082644629,0.04033333333333333,0.13487141569242325,-0.9402971073482241,108,949,5025684,1865.6,52839,0.126269621421976,-0.9735805,5,515,8.210484432,,103,21,18,43,0.965663911749813,0.5822764974795611,1.8464350847505464,0
622,0,15.464633364981818,0.6043608995654286,0.14229098629183268,0.29488139891315995,0.66564837803381,0.042885253166666866,0.08771929824561403,0.40425531914893614,0.03916666666666667,0.142408623466488,-0.8459771789417996,140,988,864361.2,302.4,9008,0.16228070175438597,-0.995496,5,80,1.086797576,,16,24,14,27,0.8226804810654142,0.5455130895600632,1.284813107582878,0
623,0,15.701013789727893,0.561712782526653,0.14186060755760255,0.3177558338276251,0.6807053411656583,0.06272001811949655,0.028624192059095107,0.5344827586206896,0.009666666666666667,0.11885907871189683,-1.5752703398432673,27,1052,2191209.2,1109.6,266113,0.2213758079409049,-0.8669435,5,265,4.148786709,,53,20,1,17,0.5231379176774491,0.9708180577853112,0.6053544553799818,0
624,0,15.15807750163925,1.5910829676453722,0.1607050281605552,0.2836942960958097,0.6259333373520289,0.14009014709090942,0.16435826408125578,0.4427860696517413,0.067,0.1903878367651965,-0.6049456795654506,224,905,38892.4,66,693,0.08564173591874422,-0.9996535,5,55,0.582964947,,11,5,38,8,0.7923457574546401,0.9184473309948848,1.534896837115954,1
625,0,15.01403318030961,0.8532423732050687,0.14991486117115713,0.31727925352007247,0.6771287021059279,0.1002314935579717,0.20036934441366575,0.4189189189189189,0.08633333333333333,0.19863724773822128,-0.45801215451905963,301,866,136207,161,2921,0.049630655586334255,-0.9985395,5,115,0.903088951,,23,6,12,50,0.6353924258191891,0.7738329990705406,1.9363647404939985,0
626,0,15.811817113827615,0.4878724210454823,0.1421402978313184,0.3057371993429446,0.6645281196955332,0.05284718372222208,0.0009233610341643582,1,0.00016666666666666666,0.08434204475142425,-3.0346284566253203,0,1082,2695748,796.2,101952,0.24907663896583565,-0.949024,5,180,1.762195374,,36,22,2,5,0.5903621675895487,0.4299233224795422,0.6681329112731405,0
627,0,15.808123669690959,1.1583378181592554,0.15827645176430896,0.31814415071737756,0.6682930177417898,0.14070030753418838,0.0018467220683287165,0.6666666666666666,0.0005,0.07110418253408686,-2.7331972651065692,1,1081,779495.6,429,10452,0.24815327793167127,-0.994774,5,195,2.745954871,,39,10,32,20,0.8995495477584232,0.6790060901304121,0.6361068679967042,1
628,1,0.45885061605065985,0.45885061605065985,0.14655267774700034,0.36087765190903826,0.7103112967973814,0.09044035054385971,0.29732225300092335,0.40707964601769914,0.13183333333333333,0.18079921661125298,-0.20985711340388305,469,761,14727911.2,2850,809020,-0.04732225300092335,-0.5954900000000001,5,950,26.555595438,,190,14,2,9,0.8874294024990028,0.976516799708208,2.9263402846579902,1
629,0,15.31689559951552,0.9637498339893196,0.14577305248197922,0.32412382598872885,0.6812604469653308,0.09436062444444426,0.12465373961218837,0.52734375,0.042666666666666665,0.1527119477170803,-0.8909063817525444,121,948,227222.4,162,3582,0.12534626038781163,-0.998209,5,90,1.392495573,,18,8,34,2,0.7112633216461862,0.8551387304481399,1.2871857501646504,0
630,0,15.737948231094467,0.5304225498059099,0.1410391006463514,0.3035098577772844,0.6699349553464707,0.04277372302380975,0.019390581717451522,0.5384615384615384,0.0065,0.1056207564279232,-1.7477796635704679,18,1062,1113642.2,336,49140,0.23060941828254847,-0.97543,5,140,0.91602841,,28,11,3,3,0.5490957760332847,0.355929461442294,1.47905375546704,0
631,0,15.608677686311458,0.43302714101643613,0.13496599466666986,0.3580608785942809,0.7025462004453992,0.013645333166666601,0.05170821791320406,0.6292134831460674,0.014833333333333334,0.11704723395408345,-1.4805141976170018,33,1027,4531413.8,2287.2,97500,0.19829178208679593,-0.95125,5,625,4.617648513,,125,21,6,32,0.48863544763206457,0.546965428174194,1.487575691560186,0
632,0,15.815510557964274,0.46920454639746717,0.14298567541667784,0.3059247991792828,0.6642016476276269,0.05494443527777756,0,0,0,0.07021260986432391,-3.0350292822023683,0,1083,2894434.2,1020.2,67248,0.25,-0.966376,5,240,1.77338225,,48,21,4,10,0.5842339612724832,0.33454120719506053,0.6991543534207538,1
633,0,15.645612127678032,0.623959828212722,0.14390515385199287,0.28069182571805246,0.6412291687440882,0.04104429677777704,0.04247460757156048,0.4742268041237113,0.016166666666666666,0.12796410425490146,-1.30019400987764,51,1037,1068462.8,311.6,90105,0.20752539242843954,-0.9549475,5,75,1.026009235,,15,20,1,5,0.625914231693463,0.599911008390346,0.7491081461273387,1
634,0,15.302121822968891,0.612151109215721,0.140060412249518,0.3348260660021467,0.6921170281708682,0.057350366712643944,0.1283471837488458,0.4809688581314879,0.04816666666666667,0.16065477392408903,-0.7964548612160935,150,944,357769.6,261,5597,0.1216528162511542,-0.9972015,5,145,0.88426101,,29,8,20,3,0.40503844471754147,0.6999424944507364,1.6791419227397353,1
635,0,16.815510557964274,NaN,NaN,NaN,NaN,NaN,NaN,NaN,NaN,NaN,NaN,0,0,1000000000000,1000000000000,678,1,1,0,0,0.00000102,"CostLimitExceeded { estimated: 2154910, limit: 2000000 }",226,18,1,54,0.9934871123284683,0.37412720751218675,0.674336678461539,0
636,1,0.8361221310033441,0.8361221310033441,0.17004454233366895,0.33589750048170597,0.689896323287909,0.13598967266666678,0.3601108033240997,0.3634669151910531,0.17883333333333334,0.2825990498424433,-0.006303368734738701,683,693,177235,300,3150,-0.11011080332409973,-0.998425,5,250,2.320313445,,50,5,11,34,0.8385112491775151,0.8707352120254868,2.70710169420829,0
637,0,15.59021046562817,0.46482389566091337,0.13624706806242307,0.3670407691562341,0.7141922487625141,0.05354200737537563,0.05632502308402586,0.6039603960396039,0.016833333333333332,0.12474463148493545,-1.3970917769924247,40,1022,3873261.6,1964.6,57942,0.19367497691597413,-0.971029,5,555,8.268073411,,111,20,16,58,0.8730334635521027,0.7088810406467603,1.154430791834097,0
638,0,14.888456079663257,0.4920103714852513,0.1553899160288288,0.2859254762336762,0.6555114062411094,0.10379627879629647,0.23176361957525393,0.36115107913669064,0.11583333333333333,0.1532037511844011,-0.272284990425856,444,832,2330148.2,410.8,77130,0.018236380424746068,-0.961435,5,90,2.123710271,,18,22,2,5,0.8931896921727531,0.5410091570820916,3.239115822395846,1
639,0,15.039887289266213,0.5135677335691657,0.1545853457878026,0.28880723006482745,0.6579687259101266,0.10293134404902338,0.19390581717451524,0.3804347826086957,0.092,0.15810751618889465,-0.4062173125916325,342,873,786809.2,255,8075,0.056094182825484756,-0.9959625,5,85,0.552180107,,17,14,10,17,0.4958909853406994,0.39757573622140885,2.5782293588840517,0
