i,j,x_m,y_m,solid,u_lattice,v_lattice,pressure_lattice,concentration,source_x_fraction,source_y_fraction
0,0,0.062500000,0.062500000,1,0.000000000,0.000000000,0.000000000,0.000000000,0.300000000,0.250000000
1,0,0.187500000,0.062500000,1,0.000000000,0.000000000,0.000000000,0.000000000,0.300000000,0.250000000
2,0,0.312500000,0.062500000,1,0.000000000,0.000000000,0.000000000,0.000000000,0.300000000,0.250000000
3,0,0.437500000,0.062500000,1,0.000000000,0.000000000,0.000000000,0.000000000,0.300000000,0.250000000
4,0,0.562500000,0.062500000,1,0.000000000,0.000000000,0.000000000,0.000000000,0.300000000,0.250000000
5,0,0.687500000,0.062500000,1,0.000000000,0.000000000,0.000000000,0.000000000,0.300000000,0.250000000
6,0,0.812500000,0.062500000,1,0.000000000,0.000000000,0.000000000,0.000000000,0.300000000,0.250000000
7,0,0.937500000,0.062500000,1,0.000000000,0.000000000,0.000000000,0.000000000,0.300000000,0.250000000
8,0,1.062500000,0.062500000,1,0.000000000,0.000000000,0.000000000,0.000000000,0.300000000,0.250000000
9,0,1.187500000,0.062500000,1,0.000000000,0.000000000,0.000000000,0.000000000,0.300000000,0.250000000
10,0,1.312500000,0.062500000,1,0.000000000,0.000000000,0.000000000,0.000000000,0.300000000,0.250000000
11,0,1.437500000,0.062500000,1,0.000000000,0.000000000,0.000000000,0.000000000,0.300000000,0.250000000
12,0,1.562500000,0.062500000,1,0.000000000,0.000000000,0.000000000,0.000000000,0.300000000,0.250000000
13,0,1.687500000,0.062500000,1,0.000000000,0.000000000,0.000000000,0.000000000,0.300000000,0.250000000
14,0,1.812500000,0.062500000,1,0.000000000,0.000000000,0.000000000,0.000000000,0.300000000,0.250000000
15,0,1.937500000,0.062500000,1,0.000000000,0.000000000,0.000000000,0.000000000,0.300000000,0.250000000
16,0,2.062500000,0.062500000,1,0.000000000,0.000000000,0.000000000,0.000000000,0.300000000,0.250000000
17,0,2.187500000,0.062500000,1,0.000000000,0.000000000,0.000000000,0.000000000,0.300000000,0.250000000
18,0,2.312500000,0.062500000,1,0.000000000,0.000000000,0.000000000,0.000000000,0.300000000,0.250000000
19,0,2.437500000,0.062500000,1,0.000000000,0.000000000,0.000000000,0.000000000,0.300000000,0.250000000
20,0,2.562500000,0.062500000,1,0.000000000,0.000000000,0.000000000,0.000000000,0.300000000,0.250000000
21,0,2.687500000,0.062500000,1,0.000000000,0.000000000,0.000000000,0.000000000,0.300000000,0.250000000
22,0,2.812500000,0.062500000,1,0.000000000,0.000000000,0.000000000,0.000000000,0.300000000,0.250000000
23,0,2.937500000,0.062500000,1,0.000000000,0.000000000,0.000000000,0.000000000,0.300000000,0.250000000
24,0,3.062500000,0.062500000,1,0.000000000,0.000000000,0.000000000,0.000000000,0.300000000,0.250000000
25,0,3.187500000,0.062500000,1,0.000000000,0.000000000,0.000000000,0.000000000,0.300000000,0.250000000
26,0,3.312500000,0.062500000,1,0.000000000,0.000000000,0.000000000,0.000000000,0.300000000,0.250000000
27,0,3.437500000,0.062500000,1,0.000000000,0.000000000,0.000000000,0.000000000,0.300000000,0.250000000
28,0,3.562500000,0.062500000,1,0.000000000,0.000000000,0.000000000,0.000000000,0.300000000,0.250000000
29,0,3.687500000,0.062500000,1,0.000000000,0.000000000,0.000000000,0.000000000,0.300000000,0.250000000
30,0,3.812500000,0.062500000,1,0.000000000,0.000000000,0.000000000,0.000000000,0.300000000,0.250000000
31,0,3.937500000,0.062500000,1,0.000000000,0.000000000,0.000000000,0.000000000,0.300000000,0.250000000
32,0,4.062500000,0.062500000,1,0.000000000,0.000000000,0.000000000,0.000000000,0.300000000,0.250000000
33,0,4.187500000,0.062500000,1,0.000000000,0.000000000,0.000000000,0.000000000,0.300000000,0.250000000
34,0,4.312500000,0.062500000,1,0.000000000,0.000000000,0.000000000,0.000000000,0.300000000,0.250000000
35,0,4.437500000,0.062500000,1,0.000000000,0.000000000,0.000000000,0.000000000,0.300000000,0.250000000
36,0,4.562500000,0.062500000,1,0.000000000,0.000000000,0.000000000,0.000000000,0.300000000,0.250000000
37,0,4.687500000,0.062500000,1,0.000000000,0.000000000,0.000000000,0.000000000,0.300000000,0.250000000
38,0,4.812500000,0.062500000,1,0.000000000,0.000000000,0.000000000,0.000000000,0.300000000,0.250000000
39,0,4.937500000,0.062500000,1,0.000000000,0.000000000,0.000000000,0.000000000,0.300000000,0.250000000
0,1,0.062500000,0.187500000,1,0.000000000,0.000000000,0.000000000,0.000000000,0.300000000,0.250000000
1,1,0.187500000,0.187500000,0,0.014097476,-0.008662633,0.007459512,0.000007677,0.300000000,0.250000000
2,1,0.312500000,0.187500000,0,0.024721638,0.000672187,0.010593016,0.000014581,0.300000000,0.250000000
3,1,0.437500000,0.187500000,0,0.018149787,0.003737940,0.006294686,0.000028484,0.300000000,0.250000000
4,1,0.562500000,0.187500000,0,0.013209353,-0.000019943,0.004707314,0.000051245,0.300000000,0.250000000
5,1,0.687500000,0.187500000,0,0.014706176,-0.000916374,0.006101973,0.000087061,0.300000000,0.250000000
6,1,0.812500000,0.187500000,0,0.015033846,0.000585578,0.006310772,0.000142239,0.300000000,0.250000000
7,1,0.937500000,0.187500000,0,0.013056729,0.000751682,0.005482489,0.000223114,0.300000000,0.250000000
8,1,1.062500000,0.187500000,0,0.012085280,-0.000024752,0.005305229,0.000336678,0.300000000,0.250000000
9,1,1.187500000,0.187500000,0,0.012170415,-0.000041348,0.005555616,0.000492140,0.300000000,0.250000000
10,1,1.312500000,0.187500000,0,0.011829252,0.000229909,0.005483245,0.000699001,0.300000000,0.250000000
11,1,1.437500000,0.187500000,0,0.011265679,0.000126691,0.005259851,0.000964853,0.300000000,0.250000000
12,1,1.562500000,0.187500000,0,0.011172521,-0.000083798,0.005205450,0.001296903,0.300000000,0.250000000
13,1,1.687500000,0.187500000,0,0.011306529,-0.000056394,0.005217531,0.001701832,0.300000000,0.250000000
14,1,1.812500000,0.187500000,0,0.011340643,-0.000030230,0.005155948,0.002182730,0.300000000,0.250000000
15,1,1.937500000,0.187500000,0,0.011481005,-0.000137073,0.005029415,0.002738490,0.300000000,0.250000000
16,1,2.062500000,0.187500000,0,0.011923200,-0.000230693,0.004905241,0.003366375,0.300000000,0.250000000
17,1,2.187500000,0.187500000,0,0.012513929,-0.000253457,0.004837260,0.004060749,0.300000000,0.250000000
18,1,2.312500000,0.187500000,0,0.013180499,-0.000296311,0.004727056,0.004811754,0.300000000,0.250000000
19,1,2.437500000,0.187500000,0,0.013990444,-0.000356507,0.004495259,0.005607347,0.300000000,0.250000000
20,1,2.562500000,0.187500000,0,0.015113274,-0.000498058,0.004255973,0.006436163,0.300000000,0.250000000
21,1,2.687500000,0.187500000,0,0.016560456,-0.000587857,0.004020390,0.007288422,0.300000000,0.250000000
22,1,2.812500000,0.187500000,0,0.018031109,-0.000512214,0.003711339,0.008155853,0.300000000,0.250000000
23,1,2.937500000,0.187500000,0,0.019472291,-0.000581461,0.003315313,0.009030427,0.300000000,0.250000000
24,1,3.062500000,0.187500000,0,0.021256718,-0.000725520,0.002768438,0.009913146,0.300000000,0.250000000
25,1,3.187500000,0.187500000,0,0.023215313,-0.000687493,0.002190856,0.010820441,0.300000000,0.250000000
26,1,3.312500000,0.187500000,0,0.024759624,-0.000447206,0.001734517,0.011771081,0.300000000,0.250000000
27,1,3.437500000,0.187500000,0,0.025671108,-0.000301791,0.001120871,0.012789560,0.300000000,0.250000000
28,1,3.562500000,0.187500000,0,0.026310350,-0.000214132,0.000238965,0.013926039,0.300000000,0.250000000
29,1,3.687500000,0.187500000,0,0.026403421,0.000077106,-0.000327895,0.015255587,0.300000000,0.250000000
30,1,3.812500000,0.187500000,0,0.025494468,0.000410033,-0.000431276,0.016856487,0.300000000,0.250000000
31,1,3.937500000,0.187500000,0,0.023977593,0.000420204,-0.000950499,0.018815722,0.300000000,0.250000000
32,1,4.062500000,0.187500000,0,0.022085361,0.000801369,-0.001617343,0.021290732,0.300000000,0.250000000
33,1,4.187500000,0.187500000,0,0.018568240,0.001434519,-0.001239608,0.024345901,0.300000000,0.250000000
34,1,4.312500000,0.187500000,0,0.015031312,0.000719029,-0.000683162,0.027853234,0.300000000,0.250000000
35,1,4.437500000,0.187500000,0,0.014195727,-0.000432125,-0.002029376,0.031753327,0.300000000,0.250000000
36,1,4.562500000,0.187500000,0,0.011921748,0.002228307,-0.002090579,0.035854142,0.300000000,0.250000000
37,1,4.687500000,0.187500000,0,0.004705980,0.002240161,0.001208101,0.039214259,0.300000000,0.250000000
38,1,4.812500000,0.187500000,0,0.000242631,0.000284713,0.000619149,0.040747492,0.300000000,0.250000000
39,1,4.937500000,0.187500000,1,0.000000000,0.000000000,0.000000000,0.000000000,0.300000000,0.250000000
0,2,0.062500000,0.312500000,0,0.075000000,0.000000000,0.000000000,0.000000000,0.300000000,0.250000000
1,2,0.187500000,0.312500000,0,0.049834424,-0.011225910,0.006557867,0.000004030,0.300000000,0.250000000
2,2,0.312500000,0.312500000,0,0.040333091,-0.001878509,0.004692085,0.000010938,0.300000000,0.250000000
3,2,0.437500000,0.312500000,0,0.046014978,0.006167318,0.006886191,0.000021895,0.300000000,0.250000000
4,2,0.562500000,0.312500000,0,0.047080445,0.003098559,0.007238606,0.000040557,0.300000000,0.250000000
5,2,0.687500000,0.312500000,0,0.041122814,0.001001620,0.005702604,0.000070819,0.300000000,0.250000000
6,2,0.812500000,0.312500000,0,0.037251216,0.001871685,0.005291885,0.000117027,0.300000000,0.250000000
7,2,0.937500000,0.312500000,0,0.036768994,0.002024415,0.005848081,0.000185156,0.300000000,0.250000000
8,2,1.062500000,0.312500000,0,0.035661921,0.001114901,0.005775504,0.000282972,0.300000000,0.250000000
9,2,1.187500000,0.312500000,0,0.033646394,0.000829409,0.005348412,0.000418205,0.300000000,0.250000000
10,2,1.312500000,0.312500000,0,0.032496065,0.000808969,0.005323229,0.000598465,0.300000000,0.250000000
11,2,1.437500000,0.312500000,0,0.032105034,0.000481587,0.005411366,0.000832253,0.300000000,0.250000000
12,2,1.562500000,0.312500000,0,0.031653756,0.000070057,0.005272848,0.001127346,0.300000000,0.250000000
13,2,1.687500000,0.312500000,0,0.031318513,-0.000132280,0.005152548,0.001488750,0.300000000,0.250000000
14,2,1.812500000,0.312500000,0,0.031529621,-0.000370548,0.005130235,0.001919265,0.300000000,0.250000000
15,2,1.937500000,0.312500000,0,0.032141440,-0.000731251,0.005029343,0.002420149,0.300000000,0.250000000
16,2,2.062500000,0.312500000,0,0.032948201,-0.001110839,0.004909021,0.002989015,0.300000000,0.250000000
17,2,2.187500000,0.312500000,0,0.034088076,-0.001445825,0.004836035,0.003618722,0.300000000,0.250000000
18,2,2.312500000,0.312500000,0,0.035760623,-0.001776950,0.004659671,0.004300840,0.300000000,0.250000000
19,2,2.437500000,0.312500000,0,0.037971557,-0.002227173,0.004417987,0.005026506,0.300000000,0.250000000
20,2,2.562500000,0.312500000,0,0.040636667,-0.002836021,0.004241616,0.005784082,0.300000000,0.250000000
21,2,2.687500000,0.312500000,0,0.043600490,-0.003171019,0.004015565,0.006562422,0.300000000,0.250000000
22,2,2.812500000,0.312500000,0,0.047069286,-0.003362060,0.003632908,0.007352215,0.300000000,0.250000000
23,2,2.937500000,0.312500000,0,0.051352691,-0.003821556,0.003122935,0.008148588,0.300000000,0.250000000
24,2,3.062500000,0.312500000,0,0.055930484,-0.004122276,0.002682602,0.008956612,0.300000000,0.250000000
25,2,3.187500000,0.312500000,0,0.060291374,-0.003991678,0.002295269,0.009780819,0.300000000,0.250000000
26,2,3.312500000,0.312500000,0,0.064444540,-0.003049961,0.001583198,0.010635199,0.300000000,0.250000000
27,2,3.437500000,0.312500000,0,0.067990237,-0.002092248,0.000793466,0.011554172,0.300000000,0.250000000
28,2,3.562500000,0.312500000,0,0.070547573,-0.001310211,0.000323099,0.012584914,0.300000000,0.250000000
29,2,3.687500000,0.312500000,0,0.071296760,0.000528179,-0.000151366,0.013777187,0.300000000,0.250000000
30,2,3.812500000,0.312500000,0,0.069929845,0.002304836,-0.000646861,0.015214694,0.300000000,0.250000000
31,2,3.937500000,0.312500000,0,0.066350537,0.003761935,-0.001095645,0.017006102,0.300000000,0.250000000
32,2,4.062500000,0.312500000,0,0.060874172,0.005355662,-0.001105534,0.019250553,0.300000000,0.250000000
33,2,4.187500000,0.312500000,0,0.054725342,0.006689341,-0.001241265,0.022043125,0.300000000,0.250000000
34,2,4.312500000,0.312500000,0,0.048040308,0.005421972,-0.001470421,0.025428344,0.300000000,0.250000000
35,2,4.437500000,0.312500000,0,0.039884210,0.004165582,-0.001210515,0.029349572,0.300000000,0.250000000
36,2,4.562500000,0.312500000,0,0.028783993,0.010956582,-0.000613113,0.033421537,0.300000000,0.250000000
37,2,4.687500000,0.312500000,0,0.014277876,0.012815952,-0.000386448,0.036576630,0.300000000,0.250000000
38,2,4.812500000,0.312500000,0,0.003631768,0.005137706,-0.000490791,0.038505418,0.300000000,0.250000000
39,2,4.937500000,0.312500000,1,0.000000000,0.000000000,0.000000000,0.000000000,0.300000000,0.250000000
0,3,0.062500000,0.437500000,0,0.075000000,0.000000000,0.000000000,0.000000000,0.300000000,0.250000000
1,3,0.187500000,0.437500000,0,0.066277272,-0.001062588,0.006100753,0.000001827,0.300000000,0.250000000
2,3,0.312500000,0.437500000,0,0.063748614,0.000793387,0.006167503,0.000006483,0.300000000,0.250000000
3,3,0.437500000,0.437500000,0,0.061241927,0.004710940,0.007038272,0.000014558,0.300000000,0.250000000
4,3,0.562500000,0.437500000,0,0.059434241,0.006000924,0.006265154,0.000028023,0.300000000,0.250000000
5,3,0.687500000,0.437500000,0,0.057397590,0.005178009,0.005630747,0.000049884,0.300000000,0.250000000
6,3,0.812500000,0.437500000,0,0.055785738,0.003833607,0.005787713,0.000084082,0.300000000,0.250000000
7,3,0.937500000,0.437500000,0,0.054101697,0.003363396,0.005843380,0.000135722,0.300000000,0.250000000
8,3,1.062500000,0.437500000,0,0.052007996,0.003079955,0.005595831,0.000210755,0.300000000,0.250000000
9,3,1.187500000,0.437500000,0,0.050223757,0.002425284,0.005433607,0.000315684,0.300000000,0.250000000
10,3,1.312500000,0.437500000,0,0.049111632,0.001649651,0.005406577,0.000457706,0.300000000,0.250000000
11,3,1.437500000,0.437500000,0,0.048286848,0.001091278,0.005369779,0.000644507,0.300000000,0.250000000
12,3,1.562500000,0.437500000,0,0.047537817,0.000572807,0.005299268,0.000882768,0.300000000,0.250000000
13,3,1.687500000,0.437500000,0,0.047143832,-0.000089001,0.005206250,0.001177284,0.300000000,0.250000000
14,3,1.812500000,0.437500000,0,0.047283940,-0.000800000,0.005098592,0.001531650,0.300000000,0.250000000
15,3,1.937500000,0.437500000,0,0.047781224,-0.001486029,0.005042972,0.001947486,0.300000000,0.250000000
16,3,2.062500000,0.437500000,0,0.048612786,-0.002255290,0.004985438,0.002422196,0.300000000,0.250000000
17,3,2.187500000,0.437500000,0,0.049990020,-0.003066025,0.004796906,0.002950860,0.300000000,0.250000000
18,3,2.312500000,0.437500000,0,0.051964140,-0.003947994,0.004605618,0.003527723,0.300000000,0.250000000
19,3,2.437500000,0.437500000,0,0.054452809,-0.005035946,0.004512366,0.004142827,0.300000000,0.250000000
20,3,2.562500000,0.437500000,0,0.057432647,-0.006050537,0.004288303,0.004785592,0.300000000,0.250000000
21,3,2.687500000,0.437500000,0,0.061060486,-0.006835982,0.003904910,0.005449093,0.300000000,0.250000000
22,3,2.812500000,0.437500000,0,0.065688341,-0.008019837,0.003558048,0.006123676,0.300000000,0.250000000
23,3,2.937500000,0.437500000,0,0.071111201,-0.009058916,0.003172437,0.006805086,0.300000000,0.250000000
24,3,3.062500000,0.437500000,0,0.076571270,-0.009365604,0.002712920,0.007495554,0.300000000,0.250000000
25,3,3.187500000,0.437500000,0,0.082250878,-0.009237729,0.002111079,0.008194983,0.300000000,0.250000000
26,3,3.312500000,0.437500000,0,0.088549204,-0.008144356,0.001289165,0.008927744,0.300000000,0.250000000
27,3,3.437500000,0.437500000,0,0.094673709,-0.006519615,0.000614787,0.009721358,0.300000000,0.250000000
28,3,3.562500000,0.437500000,0,0.099067164,-0.003921022,0.000241918,0.010603021,0.300000000,0.250000000
29,3,3.687500000,0.437500000,0,0.100945384,0.000280058,-0.000375215,0.011633844,0.300000000,0.250000000
30,3,3.812500000,0.437500000,0,0.100791230,0.004560426,-0.001203159,0.012876947,0.300000000,0.250000000
31,3,3.937500000,0.437500000,0,0.098111270,0.008221347,-0.001339742,0.014454840,0.300000000,0.250000000
32,3,4.062500000,0.437500000,0,0.092676350,0.011556654,-0.001043297,0.016406651,0.300000000,0.250000000
33,3,4.187500000,0.437500000,0,0.086401530,0.013520648,-0.001512662,0.018821658,0.300000000,0.250000000
34,3,4.312500000,0.437500000,0,0.077280709,0.015003483,-0.001912650,0.021993612,0.300000000,0.250000000
35,3,4.437500000,0.437500000,0,0.062173068,0.017174464,-0.000343683,0.025822359,0.300000000,0.250000000
36,3,4.562500000,0.437500000,0,0.051503006,0.021152683,-0.000367144,0.029562097,0.300000000,0.250000000
37,3,4.687500000,0.437500000,0,0.049547876,0.024907743,-0.004076299,0.032289430,0.300000000,0.250000000
38,3,4.812500000,0.437500000,0,0.025656261,0.027230427,-0.001620673,0.032978080,0.300000000,0.250000000
39,3,4.937500000,0.437500000,1,0.000000000,0.000000000,0.000000000,0.000000000,0.300000000,0.250000000
0,4,0.062500000,0.562500000,0,0.075000000,0.000000000,0.000000000,0.000000000,0.300000000,0.250000000
1,4,0.187500000,0.562500000,0,0.068121687,0.001380719,0.006760818,0.000001023,0.300000000,0.250000000
2,4,0.312500000,0.562500000,0,0.066204208,0.005216624,0.007260150,0.000003755,0.300000000,0.250000000
3,4,0.437500000,0.562500000,0,0.064939966,0.003771024,0.005681037,0.000009033,0.300000000,0.250000000
4,4,0.562500000,0.562500000,0,0.066065438,0.005534197,0.005454553,0.000018059,0.300000000,0.250000000
5,4,0.687500000,0.562500000,0,0.067456346,0.006603335,0.006397584,0.000032923,0.300000000,0.250000000
6,4,0.812500000,0.562500000,0,0.066276461,0.005849560,0.006197870,0.000056708,0.300000000,0.250000000
7,4,0.937500000,0.562500000,0,0.063961032,0.005015505,0.005415429,0.000093114,0.300000000,0.250000000
8,4,1.062500000,0.562500000,0,0.062826123,0.004480759,0.005413311,0.000146532,0.300000000,0.250000000
9,4,1.187500000,0.562500000,0,0.062269462,0.003695772,0.005706748,0.000222610,0.300000000,0.250000000
10,4,1.312500000,0.562500000,0,0.061069951,0.002809208,0.005539699,0.000327627,0.300000000,0.250000000
11,4,1.437500000,0.562500000,0,0.059751785,0.001951108,0.005282443,0.000467431,0.300000000,0.250000000
12,4,1.562500000,0.562500000,0,0.059134026,0.001044478,0.005289956,0.000647610,0.300000000,0.250000000
13,4,1.687500000,0.562500000,0,0.058985738,0.000027130,0.005294342,0.000873688,0.300000000,0.250000000
14,4,1.812500000,0.562500000,0,0.058886262,-0.001024608,0.005175899,0.001149577,0.300000000,0.250000000
15,4,1.937500000,0.562500000,0,0.059065145,-0.002151507,0.005087166,0.001475986,0.300000000,0.250000000
16,4,2.062500000,0.562500000,0,0.059897135,-0.003392065,0.004982110,0.001851953,0.300000000,0.250000000
17,4,2.187500000,0.562500000,0,0.061262811,-0.004709122,0.004829423,0.002276118,0.300000000,0.250000000
18,4,2.312500000,0.562500000,0,0.062966908,-0.006234371,0.004744035,0.002742681,0.300000000,0.250000000
19,4,2.437500000,0.562500000,0,0.065185747,-0.007812150,0.004580933,0.003242741,0.300000000,0.250000000
20,4,2.562500000,0.562500000,0,0.068171768,-0.009323474,0.004238240,0.003771617,0.300000000,0.250000000
21,4,2.687500000,0.562500000,0,0.072064148,-0.011143687,0.003945046,0.004322919,0.300000000,0.250000000
22,4,2.812500000,0.562500000,0,0.076562586,-0.013160957,0.003699276,0.004886442,0.300000000,0.250000000
23,4,2.937500000,0.562500000,0,0.081332641,-0.014421858,0.003276477,0.005460085,0.300000000,0.250000000
24,4,3.062500000,0.562500000,0,0.087205053,-0.015414440,0.002578882,0.006041404,0.300000000,0.250000000
25,4,3.187500000,0.562500000,0,0.094846274,-0.015893789,0.001721017,0.006636373,0.300000000,0.250000000
26,4,3.312500000,0.562500000,0,0.102746503,-0.015168808,0.001203874,0.007261123,0.300000000,0.250000000
27,4,3.437500000,0.562500000,0,0.110038240,-0.013080788,0.000588288,0.007925034,0.300000000,0.250000000
28,4,3.562500000,0.562500000,0,0.115936525,-0.007362286,-0.000612938,0.008665451,0.300000000,0.250000000
29,4,3.687500000,0.562500000,0,0.119688319,-0.001519010,-0.001278915,0.009562908,0.300000000,0.250000000
30,4,3.812500000,0.562500000,0,0.121135590,0.005374424,-0.001589798,0.010649992,0.300000000,0.250000000
31,4,3.937500000,0.562500000,0,0.119789535,0.011174336,-0.001681502,0.011988138,0.300000000,0.250000000
32,4,4.062500000,0.562500000,0,0.115609570,0.017168417,-0.002041349,0.013674999,0.300000000,0.250000000
33,4,4.187500000,0.562500000,0,0.108066356,0.021673937,-0.001869329,0.015800535,0.300000000,0.250000000
34,4,4.312500000,0.562500000,0,0.099442854,0.025396943,-0.001647535,0.018492304,0.300000000,0.250000000
35,4,4.437500000,0.562500000,0,0.091265071,0.029219938,-0.002220547,0.021983810,0.300000000,0.250000000
36,4,4.562500000,0.562500000,0,0.079078022,0.029567452,-0.001488452,0.025848844,0.300000000,0.250000000
37,4,4.687500000,0.562500000,0,0.065175789,0.035097614,-0.000332778,0.028670366,0.300000000,0.250000000
38,4,4.812500000,0.562500000,0,0.066705354,0.040565192,-0.003570954,0.021054522,0.300000000,0.250000000
39,4,4.937500000,0.562500000,0,0.082500000,0.040524845,-0.000000000,0.000000000,0.300000000,0.250000000
0,5,0.062500000,0.687500000,0,0.075000000,0.000000000,0.000000000,0.000000000,0.300000000,0.250000000
1,5,0.187500000,0.687500000,0,0.068100394,0.001438853,0.006253960,0.000000615,0.300000000,0.250000000
2,5,0.312500000,0.687500000,0,0.069495545,0.003791321,0.006071174,0.000002294,0.300000000,0.250000000
3,5,0.437500000,0.687500000,0,0.070980491,0.004587876,0.006020984,0.000005586,0.300000000,0.250000000
4,5,0.562500000,0.687500000,0,0.070525290,0.005831075,0.006368279,0.000011559,0.300000000,0.250000000
5,5,0.687500000,0.687500000,0,0.069857853,0.006251779,0.005886085,0.000021641,0.300000000,0.250000000
6,5,0.812500000,0.687500000,0,0.069955071,0.006571487,0.005535804,0.000037734,0.300000000,0.250000000
7,5,0.937500000,0.687500000,0,0.070243620,0.006145312,0.005793169,0.000062577,0.300000000,0.250000000
8,5,1.062500000,0.687500000,0,0.069731323,0.005414958,0.005794627,0.000099761,0.300000000,0.250000000
9,5,1.187500000,0.687500000,0,0.068657026,0.004613675,0.005493807,0.000153414,0.300000000,0.250000000
10,5,1.312500000,0.687500000,0,0.067854022,0.003786217,0.005425605,0.000228171,0.300000000,0.250000000
11,5,1.437500000,0.687500000,0,0.067372838,0.002695898,0.005493952,0.000329157,0.300000000,0.250000000
12,5,1.562500000,0.687500000,0,0.066884998,0.001471435,0.005398139,0.000461548,0.300000000,0.250000000
13,5,1.687500000,0.687500000,0,0.066435680,0.000232748,0.005277289,0.000630001,0.300000000,0.250000000
14,5,1.812500000,0.687500000,0,0.066289066,-0.001108479,0.005264852,0.000838002,0.300000000,0.250000000
15,5,1.937500000,0.687500000,0,0.066583025,-0.002661014,0.005183123,0.001087746,0.300000000,0.250000000
16,5,2.062500000,0.687500000,0,0.067201761,-0.004333947,0.005030048,0.001380683,0.300000000,0.250000000
17,5,2.187500000,0.687500000,0,0.068055495,-0.006146284,0.004989821,0.001715570,0.300000000,0.250000000
18,5,2.312500000,0.687500000,0,0.069441663,-0.008167760,0.004878748,0.002088209,0.300000000,0.250000000
19,5,2.437500000,0.687500000,0,0.071547481,-0.010179125,0.004552538,0.002497168,0.300000000,0.250000000
20,5,2.562500000,0.687500000,0,0.074181659,-0.012607914,0.004371371,0.002939664,0.300000000,0.250000000
21,5,2.687500000,0.687500000,0,0.077347853,-0.015325382,0.004253464,0.003405887,0.300000000,0.250000000
22,5,2.812500000,0.687500000,0,0.081235043,-0.017531316,0.003740501,0.003893124,0.300000000,0.250000000
23,5,2.937500000,0.687500000,0,0.086402579,-0.019733431,0.003105543,0.004403533,0.300000000,0.250000000
24,5,3.062500000,0.687500000,0,0.093365609,-0.022727142,0.002587078,0.004927992,0.300000000,0.250000000
25,5,3.187500000,0.687500000,0,0.101437570,-0.024224927,0.001862468,0.005467964,0.300000000,0.250000000
26,5,3.312500000,0.687500000,0,0.109318615,-0.023193444,0.000968974,0.006015026,0.300000000,0.250000000
27,5,3.437500000,0.687500000,0,0.117685996,-0.020317364,-0.000249150,0.006582256,0.300000000,0.250000000
28,5,3.562500000,0.687500000,0,0.126353484,-0.013199737,-0.001715670,0.007246043,0.300000000,0.250000000
29,5,3.687500000,0.687500000,0,0.132757742,-0.005137620,-0.002248644,0.008024829,0.300000000,0.250000000
30,5,3.812500000,0.687500000,0,0.134914090,0.004729068,-0.002346744,0.008978740,0.300000000,0.250000000
31,5,3.937500000,0.687500000,0,0.132707366,0.014790636,-0.002769130,0.010113865,0.300000000,0.250000000
32,5,4.062500000,0.687500000,0,0.127907845,0.022692247,-0.003190973,0.011568732,0.300000000,0.250000000
33,5,4.187500000,0.687500000,0,0.120850511,0.029961132,-0.002848965,0.013451868,0.300000000,0.250000000
34,5,4.312500000,0.687500000,0,0.112042164,0.034113983,-0.001956872,0.015768896,0.300000000,0.250000000
35,5,4.437500000,0.687500000,0,0.104863704,0.037649346,-0.002691622,0.018608825,0.300000000,0.250000000
36,5,4.562500000,0.687500000,0,0.097584489,0.038733610,-0.003043426,0.022181968,0.300000000,0.250000000
37,5,4.687500000,0.687500000,0,0.089448987,0.043000793,-0.001274386,0.024538546,0.300000000,0.250000000
38,5,4.812500000,0.687500000,0,0.083368915,0.039374613,-0.002349953,0.015795296,0.300000000,0.250000000
39,5,4.937500000,0.687500000,0,0.082500000,0.039351877,0.000000000,0.000000000,0.300000000,0.250000000
0,6,0.062500000,0.812500000,0,0.075000000,0.000000000,0.000000000,0.000000000,0.300000000,0.250000000
1,6,0.187500000,0.812500000,0,0.068778095,0.001389033,0.006113562,0.000000425,0.300000000,0.250000000
2,6,0.312500000,0.812500000,0,0.069483362,0.001851928,0.005901466,0.000001585,0.300000000,0.250000000
3,6,0.437500000,0.812500000,0,0.069817186,0.005118767,0.006185231,0.000003917,0.300000000,0.250000000
4,6,0.562500000,0.812500000,0,0.070237565,0.005771205,0.006077691,0.000008133,0.300000000,0.250000000
5,6,0.687500000,0.812500000,0,0.070926595,0.005539232,0.005644556,0.000015216,0.300000000,0.250000000
6,6,0.812500000,0.812500000,0,0.071748364,0.006357289,0.005705965,0.000026550,0.300000000,0.250000000
7,6,0.937500000,0.812500000,0,0.072107404,0.006394767,0.005893004,0.000044100,0.300000000,0.250000000
8,6,1.062500000,0.812500000,0,0.071817025,0.005885049,0.005702308,0.000070415,0.300000000,0.250000000
9,6,1.187500000,0.812500000,0,0.071439010,0.005143882,0.005490030,0.000108538,0.300000000,0.250000000
10,6,1.312500000,0.812500000,0,0.071310286,0.004256909,0.005535645,0.000162144,0.300000000,0.250000000
11,6,1.437500000,0.812500000,0,0.071121442,0.003145560,0.005566675,0.000235524,0.300000000,0.250000000
12,6,1.562500000,0.812500000,0,0.070685574,0.001881523,0.005458259,0.000333135,0.300000000,0.250000000
13,6,1.687500000,0.812500000,0,0.070302381,0.000446370,0.005383586,0.000459069,0.300000000,0.250000000
14,6,1.812500000,0.812500000,0,0.070280296,-0.001200828,0.005348176,0.000617096,0.300000000,0.250000000
15,6,1.937500000,0.812500000,0,0.070500053,-0.003014648,0.005267761,0.000810924,0.300000000,0.250000000
16,6,2.062500000,0.812500000,0,0.070756602,-0.004981268,0.005219548,0.001043030,0.300000000,0.250000000
17,6,2.187500000,0.812500000,0,0.071331826,-0.007213412,0.005142180,0.001313650,0.300000000,0.250000000
18,6,2.312500000,0.812500000,0,0.072533633,-0.009658579,0.004906560,0.001624223,0.300000000,0.250000000
19,6,2.437500000,0.812500000,0,0.074079331,-0.012278516,0.004760254,0.001976741,0.300000000,0.250000000
20,6,2.562500000,0.812500000,0,0.075871904,-0.015403181,0.004718929,0.002367183,0.300000000,0.250000000
21,6,2.687500000,0.812500000,0,0.078379070,-0.018394805,0.004313955,0.002794593,0.300000000,0.250000000
22,6,2.812500000,0.812500000,0,0.082161994,-0.021743119,0.003733300,0.003263749,0.300000000,0.250000000
23,6,2.937500000,0.812500000,0,0.087295742,-0.025846708,0.003380462,0.003766573,0.300000000,0.250000000
24,6,3.062500000,0.812500000,0,0.092565421,-0.029502550,0.002942649,0.004291082,0.300000000,0.250000000
25,6,3.187500000,0.812500000,0,0.098698552,-0.031953264,0.001961303,0.004831778,0.300000000,0.250000000
26,6,3.312500000,0.812500000,0,0.109304024,-0.032971929,0.000087934,0.005374139,0.300000000,0.250000000
27,6,3.437500000,0.812500000,0,0.124060642,-0.030386542,-0.001740966,0.005922076,0.300000000,0.250000000
28,6,3.562500000,0.812500000,0,0.136436602,-0.023064959,-0.002216542,0.006540525,0.300000000,0.250000000
29,6,3.687500000,0.812500000,0,0.139246876,-0.006503738,-0.003271512,0.007246812,0.300000000,0.250000000
30,6,3.812500000,0.812500000,0,0.134413130,0.006655724,-0.004202434,0.008120405,0.300000000,0.250000000
31,6,3.937500000,0.812500000,0,0.128699829,0.020334791,-0.004917243,0.009190368,0.300000000,0.250000000
32,6,4.062500000,0.812500000,0,0.124490529,0.027726709,-0.004179461,0.010455095,0.300000000,0.250000000
33,6,4.187500000,0.812500000,0,0.121879733,0.035097932,-0.003731771,0.012010685,0.300000000,0.250000000
34,6,4.312500000,0.812500000,0,0.117493251,0.040515468,-0.003575643,0.013992817,0.300000000,0.250000000
35,6,4.437500000,0.812500000,0,0.109849786,0.046373138,-0.002758575,0.016421592,0.300000000,0.250000000
36,6,4.562500000,0.812500000,0,0.101841766,0.048518202,-0.002836694,0.019260706,0.300000000,0.250000000
37,6,4.687500000,0.812500000,0,0.095360859,0.046572809,-0.003404446,0.021177082,0.300000000,0.250000000
38,6,4.812500000,0.812500000,0,0.088061263,0.047257373,-0.002092425,0.014032445,0.300000000,0.250000000
39,6,4.937500000,0.812500000,0,0.082500000,0.047227968,-0.000000000,0.000000000,0.300000000,0.250000000
0,7,0.062500000,0.937500000,0,0.075000000,0.000000000,0.000000000,0.000000000,0.300000000,0.250000000
1,7,0.187500000,0.937500000,0,0.068656376,0.000979513,0.005987407,0.000000410,0.300000000,0.250000000
2,7,0.312500000,0.937500000,0,0.068537631,0.002203363,0.006067149,0.000001519,0.300000000,0.250000000
3,7,0.437500000,0.937500000,0,0.069198078,0.003734957,0.005915755,0.000003648,0.300000000,0.250000000
4,7,0.562500000,0.937500000,0,0.070703349,0.004869549,0.005574222,0.000007283,0.300000000,0.250000000
5,7,0.687500000,0.937500000,0,0.071322797,0.005587250,0.005989528,0.000013132,0.300000000,0.250000000
6,7,0.812500000,0.937500000,0,0.071138753,0.006031637,0.006013229,0.000022257,0.300000000,0.250000000
7,7,0.937500000,0.937500000,0,0.071090285,0.006072763,0.005507375,0.000035955,0.300000000,0.250000000
8,7,1.062500000,0.937500000,0,0.071643626,0.005897468,0.005523974,0.000056022,0.300000000,0.250000000
9,7,1.187500000,0.937500000,0,0.072045296,0.005368775,0.005808009,0.000084996,0.300000000,0.250000000
10,7,1.312500000,0.937500000,0,0.071746841,0.004482885,0.005689250,0.000125926,0.300000000,0.250000000
11,7,1.437500000,0.937500000,0,0.071311179,0.003386501,0.005461829,0.000182162,0.300000000,0.250000000
12,7,1.562500000,0.937500000,0,0.071233299,0.002117128,0.005513257,0.000257606,0.300000000,0.250000000
13,7,1.687500000,0.937500000,0,0.071265344,0.000588785,0.005574730,0.000356635,0.300000000,0.250000000
14,7,1.812500000,0.937500000,0,0.071126470,-0.001195218,0.005457456,0.000483703,0.300000000,0.250000000
15,7,1.937500000,0.937500000,0,0.070933302,-0.003160186,0.005395394,0.000643036,0.300000000,0.250000000
16,7,2.062500000,0.937500000,0,0.071058610,-0.005395343,0.005392280,0.000838400,0.300000000,0.250000000
17,7,2.187500000,0.937500000,0,0.071626140,-0.007925078,0.005229208,0.001074392,0.300000000,0.250000000
18,7,2.312500000,0.937500000,0,0.072199769,-0.010677623,0.005116364,0.001356510,0.300000000,0.250000000
19,7,2.437500000,0.937500000,0,0.072804758,-0.013820364,0.005149749,0.001686463,0.300000000,0.250000000
20,7,2.562500000,0.937500000,0,0.074304836,-0.017276302,0.004801062,0.002067061,0.300000000,0.250000000
21,7,2.687500000,0.937500000,0,0.076636450,-0.020858204,0.004304636,0.002508777,0.300000000,0.250000000
22,7,2.812500000,0.937500000,0,0.079175005,-0.025925554,0.004323733,0.003008068,0.300000000,0.250000000
23,7,2.937500000,0.937500000,0,0.082381863,-0.030630833,0.003928903,0.003547605,0.300000000,0.250000000
24,7,3.062500000,0.937500000,0,0.087599200,-0.034653718,0.002633190,0.004126510,0.300000000,0.250000000
25,7,3.187500000,0.937500000,0,0.096160584,-0.040237588,0.001571398,0.004733960,0.300000000,0.250000000
26,7,3.312500000,0.937500000,0,0.107206115,-0.046316999,0.000527366,0.005317484,0.300000000,0.250000000
27,7,3.437500000,0.937500000,0,0.118413165,-0.044079375,-0.001808784,0.005873602,0.300000000,0.250000000
28,7,3.562500000,0.937500000,0,0.123194785,-0.027693031,-0.004299322,0.006509510,0.300000000,0.250000000
29,7,3.687500000,0.937500000,0,0.116521933,0.000973055,-0.006783414,0.007295430,0.300000000,0.250000000
30,7,3.812500000,0.937500000,0,0.108996373,0.013596074,-0.006678390,0.008268694,0.300000000,0.250000000
31,7,3.937500000,0.937500000,0,0.106405498,0.022989931,-0.005489870,0.009350390,0.300000000,0.250000000
32,7,4.062500000,0.937500000,0,0.105706299,0.029373842,-0.004806548,0.010485453,0.300000000,0.250000000
33,7,4.187500000,0.937500000,0,0.105903647,0.037098601,-0.004893679,0.011722250,0.300000000,0.250000000
34,7,4.312500000,0.937500000,0,0.106545243,0.043693524,-0.005061920,0.013281813,0.300000000,0.250000000
35,7,4.437500000,0.937500000,0,0.105739019,0.050060433,-0.003878361,0.015310969,0.300000000,0.250000000
36,7,4.562500000,0.937500000,0,0.103192347,0.054992202,-0.003107969,0.017592138,0.300000000,0.250000000
37,7,4.687500000,0.937500000,0,0.096733837,0.054803303,-0.003485679,0.018991504,0.300000000,0.250000000
38,7,4.812500000,0.937500000,0,0.086815386,0.056607151,-0.002399614,0.012523113,0.300000000,0.250000000
39,7,4.937500000,0.937500000,0,0.082500000,0.056577653,0.000000000,0.000000000,0.300000000,0.250000000
0,8,0.062500000,1.062500000,0,0.075000000,0.000000000,0.000000000,0.000000000,0.300000000,0.250000000
1,8,0.187500000,1.062500000,0,0.069094686,0.000436410,0.005905577,0.000000635,0.300000000,0.250000000
2,8,0.312500000,1.062500000,0,0.069317730,0.003105649,0.005794279,0.000002207,0.300000000,0.250000000
3,8,0.437500000,1.062500000,0,0.068947264,0.002651080,0.005966012,0.000005021,0.300000000,0.250000000
4,8,0.562500000,1.062500000,0,0.068886801,0.004200976,0.005811871,0.000009389,0.300000000,0.250000000
5,8,0.687500000,1.062500000,0,0.069212093,0.005748863,0.005640502,0.000015750,0.300000000,0.250000000
6,8,0.812500000,1.062500000,0,0.069744273,0.005802912,0.005713684,0.000024759,0.300000000,0.250000000
7,8,0.937500000,1.062500000,0,0.069876957,0.005919324,0.005798463,0.000037476,0.300000000,0.250000000
8,8,1.062500000,1.062500000,0,0.069630754,0.005829471,0.005729466,0.000055421,0.300000000,0.250000000
9,8,1.187500000,1.062500000,0,0.069560106,0.005363511,0.005612869,0.000080567,0.300000000,0.250000000
10,8,1.312500000,1.062500000,0,0.069742303,0.004581626,0.005623778,0.000115512,0.300000000,0.250000000
11,8,1.437500000,1.062500000,0,0.069768370,0.003572452,0.005689416,0.000163544,0.300000000,0.250000000
12,8,1.562500000,1.062500000,0,0.069531706,0.002265062,0.005659697,0.000228500,0.300000000,0.250000000
13,8,1.687500000,1.062500000,0,0.069288896,0.000703482,0.005577552,0.000314769,0.300000000,0.250000000
14,8,1.812500000,1.062500000,0,0.069119724,-0.001063712,0.005578159,0.000427451,0.300000000,0.250000000
15,8,1.937500000,1.062500000,0,0.068989593,-0.003124596,0.005600857,0.000572150,0.300000000,0.250000000
16,8,2.062500000,1.062500000,0,0.068978250,-0.005572399,0.005500864,0.000755257,0.300000000,0.250000000
17,8,2.187500000,1.062500000,0,0.068951089,-0.008227566,0.005414629,0.000984405,0.300000000,0.250000000
18,8,2.312500000,1.062500000,0,0.068908848,-0.011162396,0.005447878,0.001266520,0.300000000,0.250000000
19,8,2.437500000,1.062500000,0,0.069417912,-0.014666911,0.005261212,0.001608662,0.300000000,0.250000000
20,8,2.562500000,1.062500000,0,0.070422052,-0.018529159,0.004904682,0.002022457,0.300000000,0.250000000
21,8,2.687500000,1.062500000,0,0.071198428,-0.022945229,0.004932390,0.002511832,0.300000000,0.250000000
22,8,2.812500000,1.062500000,0,0.072353347,-0.028393464,0.004752414,0.003068373,0.300000000,0.250000000
23,8,2.937500000,1.062500000,0,0.075190531,-0.033627016,0.003754695,0.003693611,0.300000000,0.250000000
24,8,3.062500000,1.062500000,0,0.080355024,-0.041246332,0.002955068,0.004359469,0.300000000,0.250000000
25,8,3.187500000,1.062500000,0,0.084458172,-0.047218010,0.002465102,0.005008138,0.300000000,0.250000000
26,8,3.312500000,1.062500000,0,0.082893402,-0.051406595,0.001586657,0.005600901,0.300000000,0.250000000
27,8,3.437500000,1.062500000,0,0.082201385,-0.050020487,-0.001925742,0.006064269,0.300000000,0.250000000
28,8,3.562500000,1.062500000,0,0.072930988,-0.013603887,-0.008102504,0.006836751,0.300000000,0.250000000
29,8,3.687500000,1.062500000,0,0.055247316,0.009895432,-0.009122998,0.008407165,0.300000000,0.250000000
30,8,3.812500000,1.062500000,0,0.055495350,0.014367924,-0.007681422,0.009571310,0.300000000,0.250000000
31,8,3.937500000,1.062500000,0,0.066268235,0.017396439,-0.005829321,0.010522011,0.300000000,0.250000000
32,8,4.062500000,1.062500000,0,0.075619190,0.025774688,-0.005885943,0.011472024,0.300000000,0.250000000
33,8,4.187500000,1.062500000,0,0.081288498,0.034356359,-0.005777522,0.012494437,0.300000000,0.250000000
34,8,4.312500000,1.062500000,0,0.085993335,0.041925265,-0.005112784,0.013676460,0.300000000,0.250000000
35,8,4.437500000,1.062500000,0,0.090086390,0.048480529,-0.004879429,0.015159737,0.300000000,0.250000000
36,8,4.562500000,1.062500000,0,0.092112805,0.056022118,-0.004483888,0.016908300,0.300000000,0.250000000
37,8,4.687500000,1.062500000,0,0.090664767,0.062392039,-0.003737869,0.017774113,0.300000000,0.250000000
38,8,4.812500000,1.062500000,0,0.084684057,0.064419431,-0.003138773,0.011515450,0.300000000,0.250000000
39,8,4.937500000,1.062500000,0,0.082500000,0.064383097,0.000000000,0.000000000,0.300000000,0.250000000
0,9,0.062500000,1.187500000,0,0.075000000,0.000000000,0.000000000,0.000000000,0.300000000,0.250000000
1,9,0.187500000,1.187500000,0,0.068408775,0.000414933,0.005858452,0.000001291,0.300000000,0.250000000
2,9,0.312500000,1.187500000,0,0.069089144,0.002428119,0.005506092,0.000004415,0.300000000,0.250000000
3,9,0.437500000,1.187500000,0,0.069426806,0.003897459,0.005648230,0.000009214,0.300000000,0.250000000
4,9,0.562500000,1.187500000,0,0.068069446,0.004693829,0.006135732,0.000015985,0.300000000,0.250000000
5,9,0.687500000,1.187500000,0,0.066554363,0.005681063,0.005679124,0.000024714,0.300000000,0.250000000
6,9,0.812500000,1.187500000,0,0.066091136,0.005874060,0.005426068,0.000035736,0.300000000,0.250000000
7,9,0.937500000,1.187500000,0,0.066444992,0.006141364,0.005782625,0.000050037,0.300000000,0.250000000
8,9,1.062500000,1.187500000,0,0.066477259,0.005915629,0.005853039,0.000069140,0.300000000,0.250000000
9,9,1.187500000,1.187500000,0,0.066075598,0.005403304,0.005634408,0.000094942,0.300000000,0.250000000
10,9,1.312500000,1.187500000,0,0.065864730,0.004664241,0.005649482,0.000129948,0.300000000,0.250000000
11,9,1.437500000,1.187500000,0,0.065872570,0.003723708,0.005766168,0.000177490,0.300000000,0.250000000
12,9,1.562500000,1.187500000,0,0.065737510,0.002467999,0.005723270,0.000241664,0.300000000,0.250000000
13,9,1.687500000,1.187500000,0,0.065410426,0.000938378,0.005682894,0.000327419,0.300000000,0.250000000
14,9,1.812500000,1.187500000,0,0.065091573,-0.000845812,0.005734311,0.000440760,0.300000000,0.250000000
15,9,1.937500000,1.187500000,0,0.064871864,-0.002962596,0.005704815,0.000588985,0.300000000,0.250000000
16,9,2.062500000,1.187500000,0,0.064530465,-0.005371477,0.005642944,0.000780999,0.300000000,0.250000000
17,9,2.187500000,1.187500000,0,0.064003174,-0.008064373,0.005699636,0.001026325,0.300000000,0.250000000
18,9,2.312500000,1.187500000,0,0.063850619,-0.011290306,0.005609601,0.001334957,0.300000000,0.250000000
19,9,2.437500000,1.187500000,0,0.063952431,-0.014905355,0.005340554,0.001720265,0.300000000,0.250000000
20,9,2.562500000,1.187500000,0,0.063447339,-0.018914166,0.005436624,0.002191477,0.300000000,0.250000000
21,9,2.687500000,1.187500000,0,0.063357331,-0.023913616,0.005417470,0.002743359,0.300000000,0.250000000
22,9,2.812500000,1.187500000,0,0.064919151,-0.029346264,0.004490053,0.003382889,0.300000000,0.250000000
23,9,2.937500000,1.187500000,0,0.065797836,-0.035825440,0.004217516,0.004103654,0.300000000,0.250000000
24,9,3.062500000,1.187500000,0,0.064779767,-0.044593560,0.004644146,0.004810944,0.300000000,0.250000000
25,9,3.187500000,1.187500000,0,0.063580707,-0.046007932,0.002742719,0.005406056,0.300000000,0.250000000
26,9,3.312500000,1.187500000,0,0.058373736,-0.042618696,0.000234701,0.005951157,0.300000000,0.250000000
27,9,3.437500000,1.187500000,0,0.027105296,-0.023542881,0.000250627,0.006415744,0.300000000,0.250000000
28,9,3.562500000,1.187500000,1,0.000000000,0.000000000,0.000000000,0.000000000,0.300000000,0.250000000
29,9,3.687500000,1.187500000,0,0.010451855,0.004529524,-0.007597211,0.010473941,0.300000000,0.250000000
30,9,3.812500000,1.187500000,0,0.024207984,0.004026156,-0.005484667,0.011394390,0.300000000,0.250000000
31,9,3.937500000,1.187500000,0,0.032057305,0.006133965,-0.006792626,0.012233764,0.300000000,0.250000000
32,9,4.062500000,1.187500000,0,0.042103609,0.016464008,-0.007160083,0.012953459,0.300000000,0.250000000
33,9,4.187500000,1.187500000,0,0.053560639,0.025253724,-0.005930542,0.013793909,0.300000000,0.250000000
34,9,4.312500000,1.187500000,0,0.063143453,0.034566732,-0.005120369,0.014725782,0.300000000,0.250000000
35,9,4.437500000,1.187500000,0,0.070370858,0.044721851,-0.005772829,0.015797346,0.300000000,0.250000000
36,9,4.562500000,1.187500000,0,0.075784549,0.053196678,-0.005533595,0.016998632,0.300000000,0.250000000
37,9,4.687500000,1.187500000,0,0.080315110,0.062537555,-0.004306190,0.017186402,0.300000000,0.250000000
38,9,4.812500000,1.187500000,0,0.080572749,0.069090572,-0.004047400,0.010825154,0.300000000,0.250000000
39,9,4.937500000,1.187500000,0,0.082500000,0.069056293,0.000000000,0.000000000,0.300000000,0.250000000
0,10,0.062500000,1.312500000,0,0.075000000,0.000000000,0.000000000,0.000000000,0.300000000,0.250000000
1,10,0.187500000,1.312500000,0,0.068481033,0.001420891,0.005902637,0.000003136,0.300000000,0.250000000
2,10,0.312500000,1.312500000,0,0.065830863,0.001762676,0.006381409,0.000009779,0.300000000,0.250000000
3,10,0.437500000,1.312500000,0,0.063205936,0.006143918,0.005182714,0.000019509,0.300000000,0.250000000
4,10,0.562500000,1.312500000,0,0.062469234,0.006174892,0.005187070,0.000030725,0.300000000,0.250000000
5,10,0.687500000,1.312500000,0,0.062827313,0.006169745,0.005961803,0.000043383,0.300000000,0.250000000
6,10,0.812500000,1.312500000,0,0.061942504,0.006448715,0.005959519,0.000058396,0.300000000,0.250000000
7,10,0.937500000,1.312500000,0,0.060726842,0.006422795,0.005531765,0.000076799,0.300000000,0.250000000
8,10,1.062500000,1.312500000,0,0.060626364,0.006044490,0.005561257,0.000100076,0.300000000,0.250000000
9,10,1.187500000,1.312500000,0,0.060961236,0.005636278,0.005838988,0.000130533,0.300000000,0.250000000
10,10,1.312500000,1.312500000,0,0.060755935,0.004910994,0.005830436,0.000171069,0.300000000,0.250000000
11,10,1.437500000,1.312500000,0,0.060320322,0.003886145,0.005699806,0.000225098,0.300000000,0.250000000
12,10,1.562500000,1.312500000,0,0.060110632,0.002699155,0.005750299,0.000297154,0.300000000,0.250000000
13,10,1.687500000,1.312500000,0,0.059915923,0.001290793,0.005856544,0.000393226,0.300000000,0.250000000
14,10,1.812500000,1.312500000,0,0.059522602,-0.000485205,0.005832270,0.000520602,0.300000000,0.250000000
15,10,1.937500000,1.312500000,0,0.058987491,-0.002573481,0.005790703,0.000688085,0.300000000,0.250000000
16,10,2.062500000,1.312500000,0,0.058370659,-0.004855875,0.005851362,0.000906196,0.300000000,0.250000000
17,10,2.187500000,1.312500000,0,0.057808275,-0.007622032,0.005850111,0.001186905,0.300000000,0.250000000
18,10,2.312500000,1.312500000,0,0.057242283,-0.010925495,0.005719145,0.001543938,0.300000000,0.250000000
19,10,2.437500000,1.312500000,0,0.056312208,-0.014409856,0.005742107,0.001988870,0.300000000,0.250000000
20,10,2.562500000,1.312500000,0,0.055672960,-0.018686695,0.005750740,0.002524555,0.300000000,0.250000000
21,10,2.687500000,1.312500000,0,0.055769343,-0.023917834,0.005279526,0.003152347,0.300000000,0.250000000
22,10,2.812500000,1.312500000,0,0.054712485,-0.029072852,0.005103485,0.003866164,0.300000000,0.250000000
23,10,2.937500000,1.312500000,0,0.051757705,-0.035481455,0.005462534,0.004606540,0.300000000,0.250000000
24,10,3.062500000,1.312500000,0,0.048707399,-0.040993354,0.004352005,0.005306458,0.300000000,0.250000000
25,10,3.187500000,1.312500000,0,0.041740351,-0.037862524,0.002869223,0.005907477,0.300000000,0.250000000
26,10,3.312500000,1.312500000,0,0.018062802,-0.018257079,0.002852358,0.006201890,0.300000000,0.250000000
27,10,3.437500000,1.312500000,1,0.000000000,0.000000000,0.000000000,0.000000000,0.300000000,0.250000000
28,10,3.562500000,1.312500000,1,0.000000000,0.000000000,0.000000000,0.000000000,0.300000000,0.250000000
29,10,3.687500000,1.312500000,0,0.002028962,-0.004004809,-0.006532207,0.012261476,0.300000000,0.250000000
30,10,3.812500000,1.312500000,0,0.007719870,-0.006801617,-0.007114976,0.012801559,0.300000000,0.250000000
31,10,3.937500000,1.312500000,0,0.015970972,-0.002146614,-0.007143012,0.013505310,0.300000000,0.250000000
32,10,4.062500000,1.312500000,0,0.024374473,0.006526655,-0.006061181,0.014313545,0.300000000,0.250000000
33,10,4.187500000,1.312500000,0,0.032511757,0.015269322,-0.006042761,0.015101578,0.300000000,0.250000000
34,10,4.312500000,1.312500000,0,0.041721740,0.025570621,-0.006546692,0.015904870,0.300000000,0.250000000
35,10,4.437500000,1.312500000,0,0.051500017,0.036966129,-0.006021548,0.016780471,0.300000000,0.250000000
36,10,4.562500000,1.312500000,0,0.061141501,0.044936451,-0.005134420,0.017449772,0.300000000,0.250000000
37,10,4.687500000,1.312500000,0,0.068678219,0.058087063,-0.005280445,0.016773889,0.300000000,0.250000000
38,10,4.812500000,1.312500000,0,0.073564882,0.067813691,-0.005272656,0.010230574,0.300000000,0.250000000
39,10,4.937500000,1.312500000,0,0.082500000,0.067782387,0.000000000,0.000000000,0.300000000,0.250000000
0,11,0.062500000,1.437500000,0,0.075000000,0.000000000,0.000000000,0.000000000,0.300000000,0.250000000
1,11,0.187500000,1.437500000,0,0.067570630,0.004912409,0.004807756,0.000007798,0.300000000,0.250000000
2,11,0.312500000,1.437500000,0,0.063485590,0.006869938,0.005486821,0.000024482,0.300000000,0.250000000
3,11,0.437500000,1.437500000,0,0.058324420,0.007968266,0.006105160,0.000041790,0.300000000,0.250000000
4,11,0.562500000,1.437500000,0,0.054763561,0.007019657,0.005485615,0.000058877,0.300000000,0.250000000
5,11,0.687500000,1.437500000,0,0.053762082,0.006757644,0.005365533,0.000077003,0.300000000,0.250000000
6,11,0.812500000,1.437500000,0,0.054267535,0.007066830,0.005721090,0.000097395,0.300000000,0.250000000
7,11,0.937500000,1.437500000,0,0.054387343,0.006769091,0.005808614,0.000121983,0.300000000,0.250000000
8,11,1.062500000,1.437500000,0,0.053860554,0.006254222,0.005716045,0.000152735,0.300000000,0.250000000
9,11,1.187500000,1.437500000,0,0.053562254,0.005732313,0.005722478,0.000192010,0.300000000,0.250000000
10,11,1.312500000,1.437500000,0,0.053645602,0.005083030,0.005769946,0.000242974,0.300000000,0.250000000
11,11,1.437500000,1.437500000,0,0.053631749,0.004155923,0.005819272,0.000309896,0.300000000,0.250000000
12,11,1.562500000,1.437500000,0,0.053343988,0.003009233,0.005871008,0.000398130,0.300000000,0.250000000
13,11,1.687500000,1.437500000,0,0.052975478,0.001631644,0.005879020,0.000514290,0.300000000,0.250000000
14,11,1.812500000,1.437500000,0,0.052558877,-0.000006006,0.005882163,0.000666834,0.300000000,0.250000000
15,11,1.937500000,1.437500000,0,0.051926575,-0.001925539,0.005958756,0.000866181,0.300000000,0.250000000
16,11,2.062500000,1.437500000,0,0.051195685,-0.004200634,0.005995949,0.001124135,0.300000000,0.250000000
17,11,2.187500000,1.437500000,0,0.050461116,-0.006935187,0.005910459,0.001454100,0.300000000,0.250000000
18,11,2.312500000,1.437500000,0,0.049362441,-0.009911773,0.005943350,0.001869744,0.300000000,0.250000000
19,11,2.437500000,1.437500000,0,0.048126326,-0.013557676,0.006064471,0.002377842,0.300000000,0.250000000
20,11,2.562500000,1.437500000,0,0.047430951,-0.018164146,0.005774016,0.002979168,0.300000000,0.250000000
21,11,2.687500000,1.437500000,0,0.045820511,-0.022491347,0.005548599,0.003668445,0.300000000,0.250000000
22,11,2.812500000,1.437500000,0,0.042762855,-0.026844869,0.005994250,0.004399524,0.300000000,0.250000000
23,11,2.937500000,1.437500000,0,0.040049979,-0.031778869,0.005395557,0.005105446,0.300000000,0.250000000
24,11,3.062500000,1.437500000,0,0.033406460,-0.031931161,0.004078750,0.005786036,0.300000000,0.250000000
25,11,3.187500000,1.437500000,0,0.013947048,-0.021005668,0.005514234,0.006301161,0.300000000,0.250000000
26,11,3.312500000,1.437500000,1,0.000000000,0.000000000,0.000000000,0.000000000,0.300000000,0.250000000
27,11,3.437500000,1.437500000,1,0.000000000,0.000000000,0.000000000,0.000000000,0.300000000,0.250000000
28,11,3.562500000,1.437500000,0,0.000989579,-0.001522776,-0.006183166,0.012543835,0.300000000,0.250000000
29,11,3.687500000,1.437500000,0,0.003908588,-0.007358371,-0.006715242,0.012759473,0.300000000,0.250000000
30,11,3.812500000,1.437500000,0,0.006280521,-0.011838665,-0.007249089,0.013337510,0.300000000,0.250000000
31,11,3.937500000,1.437500000,0,0.008327419,-0.006216972,-0.006266942,0.014167459,0.300000000,0.250000000
32,11,4.062500000,1.437500000,0,0.012114368,-0.000782646,-0.006034777,0.015088246,0.300000000,0.250000000
33,11,4.187500000,1.437500000,0,0.018643150,0.007291510,-0.006869278,0.015938420,0.300000000,0.250000000
34,11,4.312500000,1.437500000,0,0.026696092,0.017102805,-0.006761483,0.016783035,0.300000000,0.250000000
35,11,4.437500000,1.437500000,0,0.033469168,0.026733978,-0.005250497,0.017481153,0.300000000,0.250000000
36,11,4.562500000,1.437500000,0,0.041942547,0.034941620,-0.005299531,0.017628250,0.300000000,0.250000000
37,11,4.687500000,1.437500000,0,0.052569638,0.051418386,-0.006755305,0.016282547,0.300000000,0.250000000
38,11,4.812500000,1.437500000,0,0.066000632,0.057843721,-0.006036053,0.009672414,0.300000000,0.250000000
39,11,4.937500000,1.437500000,0,0.082500000,0.057820921,-0.000000000,0.000000000,0.300000000,0.250000000
0,12,0.062500000,1.562500000,0,0.075000000,0.000000000,0.000000000,0.000000000,0.300000000,0.250000000
1,12,0.187500000,1.562500000,0,0.051108507,0.015486983,0.005042144,0.000031329,0.300000000,0.250000000
2,12,0.312500000,1.562500000,0,0.039370980,0.012986417,0.003279715,0.000061757,0.300000000,0.250000000
3,12,0.437500000,1.562500000,0,0.043348422,0.008129859,0.005526993,0.000084310,0.300000000,0.250000000
4,12,0.562500000,1.562500000,0,0.046770302,0.008471432,0.006375088,0.000106578,0.300000000,0.250000000
5,12,0.687500000,1.562500000,0,0.044964986,0.007868722,0.005616899,0.000130462,0.300000000,0.250000000
6,12,0.812500000,1.562500000,0,0.043676104,0.006943493,0.005335045,0.000157864,0.300000000,0.250000000
7,12,0.937500000,1.562500000,0,0.044615717,0.006555436,0.005733636,0.000190850,0.300000000,0.250000000
8,12,1.062500000,1.562500000,0,0.045459887,0.006445324,0.005858336,0.000232013,0.300000000,0.250000000
9,12,1.187500000,1.562500000,0,0.045491942,0.005795211,0.005713284,0.000284133,0.300000000,0.250000000
10,12,1.312500000,1.562500000,0,0.045494499,0.005060276,0.005754942,0.000350740,0.300000000,0.250000000
11,12,1.437500000,1.562500000,0,0.045607979,0.004306343,0.005892957,0.000436731,0.300000000,0.250000000
12,12,1.562500000,1.562500000,0,0.045519591,0.003313167,0.005904990,0.000548209,0.300000000,0.250000000
13,12,1.687500000,1.562500000,0,0.045215467,0.002004724,0.005901105,0.000692622,0.300000000,0.250000000
14,12,1.812500000,1.562500000,0,0.044780797,0.000536063,0.005987123,0.000879306,0.300000000,0.250000000
15,12,1.937500000,1.562500000,0,0.044188906,-0.001216111,0.006049378,0.001119473,0.300000000,0.250000000
16,12,2.062500000,1.562500000,0,0.043417836,-0.003404784,0.006037031,0.001425675,0.300000000,0.250000000
17,12,2.187500000,1.562500000,0,0.042378521,-0.005918261,0.006075846,0.001810355,0.300000000,0.250000000
18,12,2.312500000,1.562500000,0,0.041195932,-0.008712232,0.006149840,0.002283305,0.300000000,0.250000000
19,12,2.437500000,1.562500000,0,0.040000369,-0.012475168,0.006071158,0.002848697,0.300000000,0.250000000
20,12,2.562500000,1.562500000,0,0.038286633,-0.016479691,0.005986595,0.003501231,0.300000000,0.250000000
21,12,2.687500000,1.562500000,0,0.036062279,-0.020392737,0.006133319,0.004205095,0.300000000,0.250000000
22,12,2.812500000,1.562500000,0,0.034330047,-0.024398283,0.005807857,0.004909496,0.300000000,0.250000000
23,12,2.937500000,1.562500000,0,0.028592216,-0.024314277,0.005222640,0.005581904,0.300000000,0.250000000
24,12,3.062500000,1.562500000,0,0.015352879,-0.018340248,0.006237174,0.006113830,0.300000000,0.250000000
25,12,3.187500000,1.562500000,0,0.003200114,-0.004787619,0.006141081,0.006365291,0.300000000,0.250000000
26,12,3.312500000,1.562500000,1,0.000000000,0.000000000,0.000000000,0.000000000,0.300000000,0.250000000
27,12,3.437500000,1.562500000,1,0.000000000,0.000000000,0.000000000,0.000000000,0.300000000,0.250000000
28,12,3.562500000,1.562500000,0,0.001780771,-0.004641960,-0.006898436,0.011733974,0.300000000,0.250000000
29,12,3.687500000,1.562500000,0,0.004093821,-0.009311509,-0.006590258,0.012310556,0.300000000,0.250000000
30,12,3.812500000,1.562500000,0,0.003596536,-0.011145960,-0.006199267,0.013125375,0.300000000,0.250000000
31,12,3.937500000,1.562500000,0,0.003718638,-0.008677662,-0.006422398,0.014109600,0.300000000,0.250000000
32,12,4.062500000,1.562500000,0,0.006496532,-0.005403488,-0.007009628,0.015133296,0.300000000,0.250000000
33,12,4.187500000,1.562500000,0,0.009969142,0.001884591,-0.006419969,0.016147923,0.300000000,0.250000000
34,12,4.312500000,1.562500000,0,0.013813679,0.010839590,-0.005714234,0.017016045,0.300000000,0.250000000
35,12,4.437500000,1.562500000,0,0.019958819,0.019470375,-0.006279662,0.017508726,0.300000000,0.250000000
36,12,4.562500000,1.562500000,0,0.028879588,0.027659818,-0.006791567,0.017422950,0.300000000,0.250000000
37,12,4.687500000,1.562500000,0,0.039916395,0.036071860,-0.005068115,0.015697379,0.300000000,0.250000000
38,12,4.812500000,1.562500000,0,0.058489026,0.037486533,-0.004991627,0.008876986,0.300000000,0.250000000
39,12,4.937500000,1.562500000,0,0.082500000,0.037470006,0.000000000,0.000000000,0.300000000,0.250000000
0,13,0.062500000,1.687500000,1,0.000000000,0.000000000,0.000000000,0.000000000,0.300000000,0.250000000
1,13,0.187500000,1.687500000,0,0.015252650,0.013152082,0.005069362,0.000105485,0.300000000,0.250000000
2,13,0.312500000,1.687500000,0,0.029702255,0.011825068,0.007434792,0.000127467,0.300000000,0.250000000
3,13,0.437500000,1.687500000,0,0.027873764,0.006802269,0.005347385,0.000152500,0.300000000,0.250000000
4,13,0.562500000,1.687500000,0,0.027181787,0.007170468,0.004779462,0.000177265,0.300000000,0.250000000
5,13,0.687500000,1.687500000,0,0.031499331,0.006777227,0.005681039,0.000206469,0.300000000,0.250000000
6,13,0.812500000,1.687500000,0,0.034454390,0.006339265,0.005911902,0.000242775,0.300000000,0.250000000
7,13,0.937500000,1.687500000,0,0.034867787,0.006008020,0.005630063,0.000287153,0.300000000,0.250000000
8,13,1.062500000,1.687500000,0,0.035330895,0.005871317,0.005623199,0.000341742,0.300000000,0.250000000
9,13,1.187500000,1.687500000,0,0.036293133,0.005470531,0.005798136,0.000410430,0.300000000,0.250000000
10,13,1.312500000,1.687500000,0,0.036874347,0.004946254,0.005857031,0.000497666,0.300000000,0.250000000
11,13,1.437500000,1.687500000,0,0.037044990,0.004257694,0.005841700,0.000608281,0.300000000,0.250000000
12,13,1.562500000,1.687500000,0,0.037139028,0.003420449,0.005891346,0.000748696,0.300000000,0.250000000
13,13,1.687500000,1.687500000,0,0.037040431,0.002359088,0.005991847,0.000927356,0.300000000,0.250000000
14,13,1.812500000,1.687500000,0,0.036673332,0.001048645,0.006050994,0.001153924,0.300000000,0.250000000
15,13,1.937500000,1.687500000,0,0.036157638,-0.000584764,0.006052479,0.001439039,0.300000000,0.250000000
16,13,2.062500000,1.687500000,0,0.035414309,-0.002482222,0.006104197,0.001794565,0.300000000,0.250000000
17,13,2.187500000,1.687500000,0,0.034308082,-0.004760162,0.006227892,0.002230457,0.300000000,0.250000000
18,13,2.312500000,1.687500000,0,0.033189677,-0.007603505,0.006219249,0.002751202,0.300000000,0.250000000
19,13,2.437500000,1.687500000,0,0.031863002,-0.010927731,0.006096112,0.003354832,0.300000000,0.250000000
20,13,2.562500000,1.687500000,0,0.029560765,-0.014003433,0.006250058,0.004025225,0.300000000,0.250000000
21,13,2.687500000,1.687500000,0,0.026505220,-0.018249465,0.006408492,0.004710970,0.300000000,0.250000000
22,13,2.812500000,1.687500000,0,0.022881815,-0.020467040,0.005849460,0.005349232,0.300000000,0.250000000
23,13,2.937500000,1.687500000,0,0.016439025,-0.015541857,0.005704286,0.005898293,0.300000000,0.250000000
24,13,3.062500000,1.687500000,0,0.006160198,-0.005573802,0.006181279,0.006252933,0.300000000,0.250000000
25,13,3.187500000,1.687500000,1,0.000000000,0.000000000,0.000000000,0.000000000,0.300000000,0.250000000
26,13,3.312500000,1.687500000,1,0.000000000,0.000000000,0.000000000,0.000000000,0.300000000,0.250000000
27,13,3.437500000,1.687500000,0,0.001243795,-0.001486978,-0.006284476,0.009499113,0.300000000,0.250000000
28,13,3.562500000,1.687500000,0,0.002677570,-0.005901835,-0.006587094,0.010434550,0.300000000,0.250000000
29,13,3.687500000,1.687500000,0,0.002375682,-0.009598618,-0.006436952,0.011391838,0.300000000,0.250000000
30,13,3.812500000,1.687500000,0,0.001994872,-0.010573193,-0.006326782,0.012365387,0.300000000,0.250000000
31,13,3.937500000,1.687500000,0,0.002293752,-0.010111528,-0.006676981,0.013450614,0.300000000,0.250000000
32,13,4.062500000,1.687500000,0,0.002303173,-0.006337825,-0.006639571,0.014598831,0.300000000,0.250000000
33,13,4.187500000,1.687500000,0,0.002417031,-0.000509480,-0.006028344,0.015707436,0.300000000,0.250000000
34,13,4.312500000,1.687500000,0,0.005753417,0.005612184,-0.006148873,0.016544385,0.300000000,0.250000000
35,13,4.437500000,1.687500000,0,0.012359344,0.012766576,-0.007015373,0.017022367,0.300000000,0.250000000
36,13,4.562500000,1.687500000,0,0.014915476,0.022776844,-0.006096992,0.016836140,0.300000000,0.250000000
37,13,4.687500000,1.687500000,0,0.015795028,0.021159983,-0.003276989,0.015003790,0.300000000,0.250000000
38,13,4.812500000,1.687500000,0,0.040199352,0.008338930,-0.005552092,0.009069367,0.300000000,0.250000000
39,13,4.937500000,1.687500000,0,0.082500000,0.008326211,-0.000000000,0.000000000,0.300000000,0.250000000
0,14,0.062500000,1.812500000,1,0.000000000,0.000000000,0.000000000,0.000000000,0.300000000,0.250000000
1,14,0.187500000,1.812500000,0,0.001985037,0.001389424,0.005273014,0.000205994,0.300000000,0.250000000
2,14,0.312500000,1.812500000,0,0.007657268,0.004146021,0.005455858,0.000217217,0.300000000,0.250000000
3,14,0.437500000,1.812500000,0,0.014523385,0.005024294,0.005063683,0.000237477,0.300000000,0.250000000
4,14,0.562500000,1.812500000,0,0.019257161,0.004032642,0.005510491,0.000267585,0.300000000,0.250000000
5,14,0.687500000,1.812500000,0,0.021834747,0.003979340,0.005795352,0.000305788,0.300000000,0.250000000
6,14,0.812500000,1.812500000,0,0.023168787,0.005096099,0.005650656,0.000352065,0.300000000,0.250000000
7,14,0.937500000,1.812500000,0,0.024594939,0.005089864,0.005545502,0.000409467,0.300000000,0.250000000
8,14,1.062500000,1.812500000,0,0.026245229,0.004767570,0.005689666,0.000481513,0.300000000,0.250000000
9,14,1.187500000,1.812500000,0,0.027431428,0.004729719,0.005821211,0.000571354,0.300000000,0.250000000
10,14,1.312500000,1.812500000,0,0.028075227,0.004584764,0.005817026,0.000683036,0.300000000,0.250000000
11,14,1.437500000,1.812500000,0,0.028502248,0.004034664,0.005834225,0.000822130,0.300000000,0.250000000
12,14,1.562500000,1.812500000,0,0.028829967,0.003361091,0.005935281,0.000995660,0.300000000,0.250000000
13,14,1.687500000,1.812500000,0,0.028914695,0.002552245,0.006007360,0.001211694,0.300000000,0.250000000
14,14,1.812500000,1.812500000,0,0.028742796,0.001435320,0.006036809,0.001479320,0.300000000,0.250000000
15,14,1.937500000,1.812500000,0,0.028306468,0.000007311,0.006106676,0.001808050,0.300000000,0.250000000
16,14,2.062500000,1.812500000,0,0.027678785,-0.001621209,0.006191937,0.002206910,0.300000000,0.250000000
17,14,2.187500000,1.812500000,0,0.026848127,-0.003715797,0.006209426,0.002682150,0.300000000,0.250000000
18,14,2.312500000,1.812500000,0,0.025625175,-0.006263744,0.006235836,0.003234072,0.300000000,0.250000000
19,14,2.437500000,1.812500000,0,0.023704664,-0.008901647,0.006352401,0.003849453,0.300000000,0.250000000
20,14,2.562500000,1.812500000,0,0.021564707,-0.011601071,0.006365643,0.004496635,0.300000000,0.250000000
21,14,2.687500000,1.812500000,0,0.018719046,-0.014801130,0.006130681,0.005129677,0.300000000,0.250000000
22,14,2.812500000,1.812500000,0,0.012986095,-0.013543173,0.006233989,0.005692762,0.300000000,0.250000000
23,14,2.937500000,1.812500000,0,0.004316627,-0.007373234,0.006842639,0.006058496,0.300000000,0.250000000
24,14,3.062500000,1.812500000,1,0.000000000,0.000000000,0.000000000,0.000000000,0.300000000,0.250000000
25,14,3.187500000,1.812500000,1,0.000000000,0.000000000,0.000000000,0.000000000,0.300000000,0.250000000
26,14,3.312500000,1.812500000,0,0.000380285,-0.000540811,-0.006491079,0.007714343,0.300000000,0.250000000
27,14,3.437500000,1.812500000,0,0.001292133,-0.003306689,-0.006582382,0.008447978,0.300000000,0.250000000
28,14,3.562500000,1.812500000,0,0.001962690,-0.005664249,-0.006192968,0.009275474,0.300000000,0.250000000
29,14,3.687500000,1.812500000,0,0.001691384,-0.009028647,-0.006404478,0.010230639,0.300000000,0.250000000
30,14,3.812500000,1.812500000,0,0.000682404,-0.010082906,-0.006700672,0.011293915,0.300000000,0.250000000
31,14,3.937500000,1.812500000,0,-0.000807792,-0.009281183,-0.006402290,0.012443494,0.300000000,0.250000000
32,14,4.062500000,1.812500000,0,-0.001762451,-0.005868513,-0.006088157,0.013633407,0.300000000,0.250000000
33,14,4.187500000,1.812500000,0,-0.000939654,-0.001926168,-0.006644259,0.014743988,0.300000000,0.250000000
34,14,4.312500000,1.812500000,0,-0.000688758,0.003381739,-0.006712931,0.015649088,0.300000000,0.250000000
35,14,4.437500000,1.812500000,0,-0.001799685,0.009753339,-0.005384169,0.016079247,0.300000000,0.250000000
36,14,4.562500000,1.812500000,0,0.003029263,0.018380693,-0.005348869,0.015677167,0.300000000,0.250000000
37,14,4.687500000,1.812500000,0,0.014924129,0.013185279,-0.007812289,0.014254782,0.300000000,0.250000000
38,14,4.812500000,1.812500000,0,0.011194519,-0.001966621,-0.005942915,0.012334091,0.300000000,0.250000000
39,14,4.937500000,1.812500000,1,0.000000000,0.000000000,0.000000000,0.000000000,0.300000000,0.250000000
0,15,0.062500000,1.937500000,1,0.000000000,0.000000000,0.000000000,0.000000000,0.300000000,0.250000000
1,15,0.187500000,1.937500000,0,0.000060436,-0.001099307,0.004897949,0.000300242,0.300000000,0.250000000
2,15,0.312500000,1.937500000,0,0.002922125,-0.002842205,0.004254037,0.000311533,0.300000000,0.250000000
3,15,0.437500000,1.937500000,0,0.007954959,0.001612178,0.005890038,0.000335285,0.300000000,0.250000000
4,15,0.562500000,1.937500000,0,0.010628362,0.002004572,0.006057939,0.000372172,0.300000000,0.250000000
5,15,0.687500000,1.937500000,0,0.011491473,0.002170762,0.005218905,0.000419495,0.300000000,0.250000000
6,15,0.812500000,1.937500000,0,0.013941291,0.002842289,0.005344940,0.000478800,0.300000000,0.250000000
7,15,0.937500000,1.937500000,0,0.016755426,0.003423913,0.005817778,0.000553884,0.300000000,0.250000000
8,15,1.062500000,1.937500000,0,0.018074948,0.003802599,0.005797195,0.000646995,0.300000000,0.250000000
9,15,1.187500000,1.937500000,0,0.018744280,0.003893915,0.005653587,0.000760604,0.300000000,0.250000000
10,15,1.312500000,1.937500000,0,0.019785118,0.003812795,0.005759183,0.000899531,0.300000000,0.250000000
11,15,1.437500000,1.937500000,0,0.020694557,0.003604237,0.005911520,0.001069981,0.300000000,0.250000000
12,15,1.562500000,1.937500000,0,0.021102365,0.003199025,0.005946946,0.001278215,0.300000000,0.250000000
13,15,1.687500000,1.937500000,0,0.021260441,0.002526218,0.005963885,0.001530910,0.300000000,0.250000000
14,15,1.812500000,1.937500000,0,0.021344801,0.001636750,0.006044828,0.001836258,0.300000000,0.250000000
15,15,1.937500000,1.937500000,0,0.021118448,0.000500246,0.006147868,0.002202044,0.300000000,0.250000000
16,15,2.062500000,1.937500000,0,0.020652503,-0.000972455,0.006202883,0.002633121,0.300000000,0.250000000
17,15,2.187500000,1.937500000,0,0.019966036,-0.002797333,0.006206448,0.003130135,0.300000000,0.250000000
18,15,2.312500000,1.937500000,0,0.018852395,-0.004743160,0.006278507,0.003688442,0.300000000,0.250000000
19,15,2.437500000,1.937500000,0,0.017089908,-0.006908848,0.006410136,0.004287295,0.300000000,0.250000000
20,15,2.562500000,1.937500000,0,0.014904240,-0.009183688,0.006366300,0.004889298,0.300000000,0.250000000
21,15,2.687500000,1.937500000,0,0.011184286,-0.009998055,0.006241822,0.005444367,0.300000000,0.250000000
22,15,2.812500000,1.937500000,0,0.005700450,-0.007218930,0.006625818,0.005886950,0.300000000,0.250000000
23,15,2.937500000,1.937500000,0,0.001056904,-0.001676127,0.006723173,0.006116998,0.300000000,0.250000000
24,15,3.062500000,1.937500000,1,0.000000000,0.000000000,0.000000000,0.000000000,0.300000000,0.250000000
25,15,3.187500000,1.937500000,1,0.000000000,0.000000000,0.000000000,0.000000000,0.300000000,0.250000000
26,15,3.312500000,1.937500000,0,0.000401734,-0.001366488,-0.006454606,0.006823737,0.300000000,0.250000000
27,15,3.437500000,1.937500000,0,0.000911943,-0.003581152,-0.006433659,0.007336479,0.300000000,0.250000000
28,15,3.562500000,1.937500000,0,0.000928576,-0.005928480,-0.006355711,0.008137910,0.300000000,0.250000000
29,15,3.687500000,1.937500000,0,0.000259355,-0.008023589,-0.006452250,0.009045597,0.300000000,0.250000000
30,15,3.812500000,1.937500000,0,-0.001139709,-0.008471854,-0.006473613,0.010089010,0.300000000,0.250000000
31,15,3.937500000,1.937500000,0,-0.002857494,-0.007521411,-0.006366294,0.011241163,0.300000000,0.250000000
32,15,4.062500000,1.937500000,0,-0.004287687,-0.005548440,-0.006300736,0.012407885,0.300000000,0.250000000
33,15,4.187500000,1.937500000,0,-0.004740803,-0.002311455,-0.006420986,0.013470500,0.300000000,0.250000000
34,15,4.312500000,1.937500000,0,-0.004400627,0.003824454,-0.006453448,0.014333949,0.300000000,0.250000000
35,15,4.437500000,1.937500000,0,-0.003754931,0.009034676,-0.006051626,0.014813568,0.300000000,0.250000000
36,15,4.562500000,1.937500000,0,-0.001884180,0.012253014,-0.005579686,0.014653665,0.300000000,0.250000000
37,15,4.687500000,1.937500000,0,0.000389896,0.010450991,-0.006241676,0.013959616,0.300000000,0.250000000
38,15,4.812500000,1.937500000,0,0.000804545,0.004439780,-0.005939645,0.013589932,0.300000000,0.250000000
39,15,4.937500000,1.937500000,1,0.000000000,0.000000000,0.000000000,0.000000000,0.300000000,0.250000000
0,16,0.062500000,2.062500000,1,0.000000000,0.000000000,0.000000000,0.000000000,0.300000000,0.250000000
1,16,0.187500000,2.062500000,0,0.000361819,-0.001692743,0.005387885,0.000385629,0.300000000,0.250000000
2,16,0.312500000,2.062500000,0,-0.000002370,-0.003039259,0.005573230,0.000401490,0.300000000,0.250000000
3,16,0.437500000,2.062500000,0,0.000543588,-0.002157652,0.005464593,0.000433654,0.300000000,0.250000000
4,16,0.562500000,2.062500000,0,0.003429409,-0.001012423,0.005191974,0.000478320,0.300000000,0.250000000
5,16,0.687500000,2.062500000,0,0.006439346,0.000514299,0.005499803,0.000538012,0.300000000,0.250000000
6,16,0.812500000,2.062500000,0,0.008243384,0.001067695,0.005749613,0.000615774,0.300000000,0.250000000
7,16,0.937500000,2.062500000,0,0.009178935,0.001902216,0.005628468,0.000711312,0.300000000,0.250000000
8,16,1.062500000,2.062500000,0,0.010426637,0.002651793,0.005580776,0.000826504,0.300000000,0.250000000
9,16,1.187500000,2.062500000,0,0.011884241,0.002901465,0.005727194,0.000966227,0.300000000,0.250000000
10,16,1.312500000,2.062500000,0,0.012946360,0.003002080,0.005838802,0.001135100,0.300000000,0.250000000
11,16,1.437500000,2.062500000,0,0.013578692,0.003056212,0.005853225,0.001337153,0.300000000,0.250000000
12,16,1.562500000,2.062500000,0,0.014159102,0.002833206,0.005890415,0.001577885,0.300000000,0.250000000
13,16,1.687500000,2.062500000,0,0.014608328,0.002332937,0.005989849,0.001863713,0.300000000,0.250000000
14,16,1.812500000,2.062500000,0,0.014841646,0.001673760,0.006074484,0.002200495,0.300000000,0.250000000
15,16,1.937500000,2.062500000,0,0.014823259,0.000761645,0.006108169,0.002592185,0.300000000,0.250000000
16,16,2.062500000,2.062500000,0,0.014596631,-0.000496972,0.006164398,0.003040416,0.300000000,0.250000000
17,16,2.187500000,2.062500000,0,0.013935596,-0.001912416,0.006269214,0.003540303,0.300000000,0.250000000
18,16,2.312500000,2.062500000,0,0.012951291,-0.003387222,0.006324837,0.004080337,0.300000000,0.250000000
19,16,2.437500000,2.062500000,0,0.011495981,-0.005109389,0.006302208,0.004637531,0.300000000,0.250000000
20,16,2.562500000,2.062500000,0,0.009249268,-0.006409294,0.006365478,0.005175641,0.300000000,0.250000000
21,16,2.687500000,2.062500000,0,0.005769351,-0.005379473,0.006526728,0.005643657,0.300000000,0.250000000
22,16,2.812500000,2.062500000,0,0.001990094,-0.003067783,0.006588425,0.005943177,0.300000000,0.250000000
23,16,2.937500000,2.062500000,1,0.000000000,0.000000000,0.000000000,0.000000000,0.300000000,0.250000000
24,16,3.062500000,2.062500000,1,0.000000000,0.000000000,0.000000000,0.000000000,0.300000000,0.250000000
25,16,3.187500000,2.062500000,0,0.000203361,-0.000287225,-0.006464641,0.004937574,0.300000000,0.250000000
26,16,3.312500000,2.062500000,0,0.000409119,-0.001630222,-0.006359354,0.005608023,0.300000000,0.250000000
27,16,3.437500000,2.062500000,0,0.000415188,-0.003438224,-0.006334962,0.006290301,0.300000000,0.250000000
28,16,3.562500000,2.062500000,0,0.000035364,-0.005608999,-0.006568671,0.007013680,0.300000000,0.250000000
29,16,3.687500000,2.062500000,0,-0.001226528,-0.006522116,-0.006433541,0.007885054,0.300000000,0.250000000
30,16,3.812500000,2.062500000,0,-0.002895575,-0.006764192,-0.006194953,0.008869831,0.300000000,0.250000000
31,16,3.937500000,2.062500000,0,-0.004078643,-0.006222586,-0.006450947,0.009936186,0.300000000,0.250000000
32,16,4.062500000,2.062500000,0,-0.005234713,-0.004416634,-0.006668369,0.011032484,0.300000000,0.250000000
33,16,4.187500000,2.062500000,0,-0.007252902,-0.001067270,-0.006093228,0.012055380,0.300000000,0.250000000
34,16,4.312500000,2.062500000,0,-0.008015478,0.003389107,-0.005778249,0.012845381,0.300000000,0.250000000
35,16,4.437500000,2.062500000,0,-0.005349156,0.006611187,-0.006717842,0.013316220,0.300000000,0.250000000
36,16,4.562500000,2.062500000,0,-0.002476382,0.008027268,-0.006674046,0.013470820,0.300000000,0.250000000
37,16,4.687500000,2.062500000,0,-0.001529304,0.011190511,-0.004951414,0.013338087,0.300000000,0.250000000
38,16,4.812500000,2.062500000,0,-0.000656005,0.004267263,-0.005599308,0.013152014,0.300000000,0.250000000
39,16,4.937500000,2.062500000,1,0.000000000,0.000000000,0.000000000,0.000000000,0.300000000,0.250000000
0,17,0.062500000,2.187500000,1,0.000000000,0.000000000,0.000000000,0.000000000,0.300000000,0.250000000
1,17,0.187500000,2.187500000,0,-0.000211513,-0.001669413,0.005423910,0.000461603,0.300000000,0.250000000
2,17,0.312500000,2.187500000,0,-0.000159998,-0.002473611,0.005725384,0.000482265,0.300000000,0.250000000
3,17,0.437500000,2.187500000,0,0.000323642,-0.003907433,0.005180784,0.000521356,0.300000000,0.250000000
4,17,0.562500000,2.187500000,0,0.001009637,-0.002580931,0.005298700,0.000578260,0.300000000,0.250000000
5,17,0.687500000,2.187500000,0,0.002045105,-0.000777809,0.005771397,0.000654853,0.300000000,0.250000000
6,17,0.812500000,2.187500000,0,0.002866935,0.000037886,0.005601421,0.000750880,0.300000000,0.250000000
7,17,0.937500000,2.187500000,0,0.003810170,0.000769700,0.005437448,0.000867018,0.300000000,0.250000000
8,17,1.062500000,2.187500000,0,0.005205752,0.001420778,0.005661293,0.001007144,0.300000000,0.250000000
9,17,1.187500000,2.187500000,0,0.006275532,0.001992497,0.005811628,0.001174635,0.300000000,0.250000000
10,17,1.312500000,2.187500000,0,0.006966636,0.002324287,0.005766271,0.001371998,0.300000000,0.250000000
11,17,1.437500000,2.187500000,0,0.007708363,0.002377939,0.005792261,0.001603058,0.300000000,0.250000000
12,17,1.562500000,2.187500000,0,0.008544542,0.002275460,0.005916846,0.001873117,0.300000000,0.250000000
13,17,1.687500000,2.187500000,0,0.009077128,0.002031178,0.005997537,0.002186407,0.300000000,0.250000000
14,17,1.812500000,2.187500000,0,0.009392074,0.001533236,0.006036513,0.002545417,0.300000000,0.250000000
15,17,1.937500000,2.187500000,0,0.009548280,0.000791680,0.006093747,0.002950506,0.300000000,0.250000000
16,17,2.062500000,2.187500000,0,0.009509214,-0.000123207,0.006168513,0.003399924,0.300000000,0.250000000
17,17,2.187500000,2.187500000,0,0.009030159,-0.001170876,0.006248932,0.003884853,0.300000000,0.250000000
18,17,2.312500000,2.187500000,0,0.008341728,-0.002381743,0.006295978,0.004386613,0.300000000,0.250000000
19,17,2.437500000,2.187500000,0,0.007127770,-0.003336169,0.006291296,0.004883143,0.300000000,0.250000000
20,17,2.562500000,2.187500000,0,0.004969385,-0.003536902,0.006394926,0.005345190,0.300000000,0.250000000
21,17,2.687500000,2.187500000,0,0.002207453,-0.002375643,0.006599074,0.005712741,0.300000000,0.250000000
22,17,2.812500000,2.187500000,0,0.000522166,-0.000710090,0.006463095,0.005942073,0.300000000,0.250000000
23,17,2.937500000,2.187500000,1,0.000000000,0.000000000,0.000000000,0.000000000,0.300000000,0.250000000
24,17,3.062500000,2.187500000,1,0.000000000,0.000000000,0.000000000,0.000000000,0.300000000,0.250000000
25,17,3.187500000,2.187500000,0,0.000099657,-0.000567046,-0.006464736,0.004242654,0.300000000,0.250000000
26,17,3.312500000,2.187500000,0,0.000280939,-0.001588696,-0.006437727,0.004658994,0.300000000,0.250000000
27,17,3.437500000,2.187500000,0,0.000024346,-0.003195516,-0.006411961,0.005283488,0.300000000,0.250000000
28,17,3.562500000,2.187500000,0,-0.000897111,-0.004401126,-0.006412735,0.005982170,0.300000000,0.250000000
29,17,3.687500000,2.187500000,0,-0.002100680,-0.005006810,-0.006417544,0.006782781,0.300000000,0.250000000
30,17,3.812500000,2.187500000,0,-0.003541136,-0.005325765,-0.006425525,0.007685849,0.300000000,0.250000000
31,17,3.937500000,2.187500000,0,-0.005277092,-0.004763223,-0.006319119,0.008648096,0.300000000,0.250000000
32,17,4.062500000,2.187500000,0,-0.006642957,-0.002857996,-0.006304381,0.009623410,0.300000000,0.250000000
33,17,4.187500000,2.187500000,0,-0.007106606,-0.000189555,-0.006435259,0.010546568,0.300000000,0.250000000
34,17,4.312500000,2.187500000,0,-0.007113223,0.002377296,-0.006259471,0.011300431,0.300000000,0.250000000
35,17,4.437500000,2.187500000,0,-0.006916303,0.005626451,-0.005973376,0.011782823,0.300000000,0.250000000
36,17,4.562500000,2.187500000,0,-0.006127785,0.007050615,-0.006187672,0.012034774,0.300000000,0.250000000
37,17,4.687500000,2.187500000,0,-0.003092863,0.007560472,-0.006197465,0.012143260,0.300000000,0.250000000
38,17,4.812500000,2.187500000,0,-0.000174015,0.003183842,-0.006236548,0.012110028,0.300000000,0.250000000
39,17,4.937500000,2.187500000,1,0.000000000,0.000000000,0.000000000,0.000000000,0.300000000,0.250000000
0,18,0.062500000,2.312500000,1,0.000000000,0.000000000,0.000000000,0.000000000,0.300000000,0.250000000
1,18,0.187500000,2.312500000,0,-0.000017442,-0.001157627,0.005442908,0.000526035,0.300000000,0.250000000
2,18,0.312500000,2.312500000,0,-0.000094735,-0.002974597,0.005313385,0.000550674,0.300000000,0.250000000
3,18,0.437500000,2.312500000,0,-0.000593622,-0.003155006,0.005468921,0.000597187,0.300000000,0.250000000
4,18,0.562500000,2.312500000,0,-0.001171355,-0.002358388,0.005642708,0.000667002,0.300000000,0.250000000
5,18,0.687500000,2.312500000,0,-0.001080116,-0.001833689,0.005432726,0.000759009,0.300000000,0.250000000
6,18,0.812500000,2.312500000,0,-0.000280978,-0.000795281,0.005416809,0.000872520,0.300000000,0.250000000
7,18,0.937500000,2.312500000,0,0.000570714,0.000126562,0.005677279,0.001010747,0.300000000,0.250000000
8,18,1.062500000,2.312500000,0,0.001118671,0.000678983,0.005724399,0.001175703,0.300000000,0.250000000
9,18,1.187500000,2.312500000,0,0.001668564,0.001210124,0.005648340,0.001368009,0.300000000,0.250000000
10,18,1.312500000,2.312500000,0,0.002597046,0.001566310,0.005728567,0.001590851,0.300000000,0.250000000
11,18,1.437500000,2.312500000,0,0.003463799,0.001704122,0.005866881,0.001848322,0.300000000,0.250000000
12,18,1.562500000,2.312500000,0,0.004104744,0.001726343,0.005915098,0.002142831,0.300000000,0.250000000
13,18,1.687500000,2.312500000,0,0.004634049,0.001590976,0.005935747,0.002475455,0.300000000,0.250000000
14,18,1.812500000,2.312500000,0,0.005177588,0.001220678,0.006013067,0.002847085,0.300000000,0.250000000
15,18,1.937500000,2.312500000,0,0.005456381,0.000709998,0.006111261,0.003255141,0.300000000,0.250000000
16,18,2.062500000,2.312500000,0,0.005524503,0.000100644,0.006159518,0.003692755,0.300000000,0.250000000
17,18,2.187500000,2.312500000,0,0.005260384,-0.000657918,0.006183175,0.004147159,0.300000000,0.250000000
18,18,2.312500000,2.312500000,0,0.004651401,-0.001552120,0.006266587,0.004600015,0.300000000,0.250000000
19,18,2.437500000,2.312500000,0,0.003529394,-0.001840972,0.006363955,0.005017238,0.300000000,0.250000000
20,18,2.562500000,2.312500000,0,0.002272817,-0.001481935,0.006361714,0.005385509,0.300000000,0.250000000
21,18,2.687500000,2.312500000,0,0.000757778,-0.000651928,0.006367798,0.005671358,0.300000000,0.250000000
22,18,2.812500000,2.312500000,1,0.000000000,0.000000000,0.000000000,0.000000000,0.300000000,0.250000000
23,18,2.937500000,2.312500000,1,0.000000000,0.000000000,0.000000000,0.000000000,0.300000000,0.250000000
24,18,3.062500000,2.312500000,0,0.000038793,-0.000060051,-0.006452665,0.002794962,0.300000000,0.250000000
25,18,3.187500000,2.312500000,0,0.000081330,-0.000555409,-0.006406669,0.003352473,0.300000000,0.250000000
26,18,3.312500000,2.312500000,0,0.000034136,-0.001476161,-0.006479126,0.003885372,0.300000000,0.250000000
27,18,3.437500000,2.312500000,0,-0.000481624,-0.002501476,-0.006500949,0.004426968,0.300000000,0.250000000
28,18,3.562500000,2.312500000,0,-0.001531613,-0.003106055,-0.006335369,0.005067238,0.300000000,0.250000000
29,18,3.687500000,2.312500000,0,-0.002668752,-0.003801333,-0.006366313,0.005787952,0.300000000,0.250000000
30,18,3.812500000,2.312500000,0,-0.003823639,-0.003885631,-0.006537500,0.006586011,0.300000000,0.250000000
31,18,3.937500000,2.312500000,0,-0.005294226,-0.003121018,-0.006377884,0.007441493,0.300000000,0.250000000
32,18,4.062500000,2.312500000,0,-0.006743652,-0.001767841,-0.006109170,0.008294560,0.300000000,0.250000000
33,18,4.187500000,2.312500000,0,-0.007145903,-0.000037718,-0.006347308,0.009078826,0.300000000,0.250000000
34,18,4.312500000,2.312500000,0,-0.006680096,0.001723213,-0.006576125,0.009752927,0.300000000,0.250000000
35,18,4.437500000,2.312500000,0,-0.005803005,0.004504351,-0.006019459,0.010260977,0.300000000,0.250000000
36,18,4.562500000,2.312500000,0,-0.004117522,0.005992534,-0.005898646,0.010554166,0.300000000,0.250000000
37,18,4.687500000,2.312500000,0,-0.002092453,0.004099799,-0.006554526,0.010690098,0.300000000,0.250000000
38,18,4.812500000,2.312500000,0,-0.000440905,0.002248207,-0.006272304,0.010741628,0.300000000,0.250000000
39,18,4.937500000,2.312500000,1,0.000000000,0.000000000,0.000000000,0.000000000,0.300000000,0.250000000
0,19,0.062500000,2.437500000,1,0.000000000,0.000000000,0.000000000,0.000000000,0.300000000,0.250000000
1,19,0.187500000,2.437500000,0,-0.000065806,-0.000824105,0.005455310,0.000578290,0.300000000,0.250000000
2,19,0.312500000,2.437500000,0,-0.000626649,-0.002411716,0.005315646,0.000605477,0.300000000,0.250000000
3,19,0.437500000,2.437500000,0,-0.001313257,-0.002239835,0.005560675,0.000659432,0.300000000,0.250000000
4,19,0.562500000,2.437500000,0,-0.001633717,-0.002116697,0.005527821,0.000739267,0.300000000,0.250000000
5,19,0.687500000,2.437500000,0,-0.001983530,-0.001819533,0.005382140,0.000843891,0.300000000,0.250000000
6,19,0.812500000,2.437500000,0,-0.002063004,-0.000936510,0.005574867,0.000974736,0.300000000,0.250000000
7,19,0.937500000,2.437500000,0,-0.001892576,-0.000256397,0.005677279,0.001132712,0.300000000,0.250000000
8,19,1.062500000,2.437500000,0,-0.001531492,0.000224424,0.005592513,0.001317669,0.300000000,0.250000000
9,19,1.187500000,2.437500000,0,-0.000951406,0.000600863,0.005655769,0.001531489,0.300000000,0.250000000
10,19,1.312500000,2.437500000,0,-0.000227440,0.000897046,0.005801429,0.001777134,0.300000000,0.250000000
11,19,1.437500000,2.437500000,0,0.000352185,0.001115350,0.005838952,0.002055729,0.300000000,0.250000000
12,19,1.562500000,2.437500000,0,0.000975928,0.001159720,0.005856148,0.002367737,0.300000000,0.250000000
13,19,1.687500000,2.437500000,0,0.001615634,0.001049204,0.005944414,0.002713162,0.300000000,0.250000000
14,19,1.812500000,2.437500000,0,0.002188893,0.000850553,0.006025278,0.003090365,0.300000000,0.250000000
15,19,1.937500000,2.437500000,0,0.002474569,0.000561313,0.006068759,0.003493090,0.300000000,0.250000000
16,19,2.062500000,2.437500000,0,0.002616462,0.000136619,0.006131332,0.003910435,0.300000000,0.250000000
17,19,2.187500000,2.437500000,0,0.002505802,-0.000308307,0.006190670,0.004325638,0.300000000,0.250000000
18,19,2.312500000,2.437500000,0,0.002123465,-0.000735113,0.006225516,0.004719968,0.300000000,0.250000000
19,19,2.437500000,2.437500000,0,0.001274298,-0.000774012,0.006311885,0.005067965,0.300000000,0.250000000
20,19,2.562500000,2.437500000,0,0.000420382,-0.000353697,0.006378384,0.005298060,0.300000000,0.250000000
21,19,2.687500000,2.437500000,1,0.000000000,0.000000000,0.000000000,0.000000000,0.300000000,0.250000000
22,19,2.812500000,2.437500000,1,0.000000000,0.000000000,0.000000000,0.000000000,0.300000000,0.250000000
23,19,2.937500000,2.437500000,0,0.000005508,0.000028881,-0.006472606,0.002046289,0.300000000,0.250000000
24,19,3.062500000,2.437500000,0,0.000060341,-0.000131179,-0.006510216,0.002374049,0.300000000,0.250000000
25,19,3.187500000,2.437500000,0,0.000081894,-0.000468134,-0.006475769,0.002759737,0.300000000,0.250000000
26,19,3.312500000,2.437500000,0,-0.000202950,-0.001101458,-0.006430073,0.003219343,0.300000000,0.250000000
27,19,3.437500000,2.437500000,0,-0.000776604,-0.001637466,-0.006446789,0.003728793,0.300000000,0.250000000
28,19,3.562500000,2.437500000,0,-0.001511339,-0.002137550,-0.006480344,0.004298546,0.300000000,0.250000000
29,19,3.687500000,2.437500000,0,-0.002657797,-0.002549469,-0.006409031,0.004938764,0.300000000,0.250000000
30,19,3.812500000,2.437500000,0,-0.004027578,-0.002415216,-0.006305279,0.005635857,0.300000000,0.250000000
31,19,3.937500000,2.437500000,0,-0.004991604,-0.001942470,-0.006412194,0.006370339,0.300000000,0.250000000
32,19,4.062500000,2.437500000,0,-0.005616808,-0.001217705,-0.006452032,0.007103751,0.300000000,0.250000000
33,19,4.187500000,2.437500000,0,-0.006131254,0.000174375,-0.006189159,0.007780186,0.300000000,0.250000000
34,19,4.312500000,2.437500000,0,-0.006174673,0.001745988,-0.006168536,0.008357454,0.300000000,0.250000000
35,19,4.437500000,2.437500000,0,-0.005172496,0.002666396,-0.006392211,0.008816158,0.300000000,0.250000000
36,19,4.562500000,2.437500000,0,-0.003074598,0.003395724,-0.006260602,0.009121640,0.300000000,0.250000000
37,19,4.687500000,2.437500000,0,-0.001209135,0.002977704,-0.006137980,0.009275497,0.300000000,0.250000000
38,19,4.812500000,2.437500000,0,-0.000241161,0.001256649,-0.006212437,0.009354893,0.300000000,0.250000000
39,19,4.937500000,2.437500000,1,0.000000000,0.000000000,0.000000000,0.000000000,0.300000000,0.250000000
0,20,0.062500000,2.562500000,1,0.000000000,0.000000000,0.000000000,0.000000000,0.300000000,0.250000000
1,20,0.187500000,2.562500000,0,-0.000004786,-0.000537558,0.005458393,0.000617540,0.300000000,0.250000000
2,20,0.312500000,2.562500000,0,-0.000497166,-0.001242581,0.005560639,0.000647068,0.300000000,0.250000000
3,20,0.437500000,2.562500000,0,-0.001266461,-0.001643085,0.005442415,0.000705827,0.300000000,0.250000000
4,20,0.562500000,2.562500000,0,-0.001848320,-0.001638984,0.005372244,0.000792735,0.300000000,0.250000000
5,20,0.687500000,2.562500000,0,-0.002406431,-0.001062689,0.005570927,0.000907993,0.300000000,0.250000000
6,20,0.812500000,2.562500000,0,-0.002768597,-0.000728389,0.005615720,0.001052145,0.300000000,0.250000000
7,20,0.937500000,2.562500000,0,-0.002868386,-0.000449048,0.005505076,0.001224177,0.300000000,0.250000000
8,20,1.062500000,2.562500000,0,-0.002559422,-0.000038357,0.005607153,0.001424987,0.300000000,0.250000000
9,20,1.187500000,2.562500000,0,-0.002186502,0.000249277,0.005761407,0.001656526,0.300000000,0.250000000
10,20,1.312500000,2.562500000,0,-0.001824936,0.000439568,0.005761295,0.001919111,0.300000000,0.250000000
11,20,1.437500000,2.562500000,0,-0.001336615,0.000567632,0.005770926,0.002212331,0.300000000,0.250000000
12,20,1.562500000,2.562500000,0,-0.000646846,0.000599588,0.005877330,0.002536746,0.300000000,0.250000000
13,20,1.687500000,2.562500000,0,-0.000123652,0.000577488,0.005966305,0.002890492,0.300000000,0.250000000
14,20,1.812500000,2.562500000,0,0.000301174,0.000493216,0.005998459,0.003268156,0.300000000,0.250000000
15,20,1.937500000,2.562500000,0,0.000632177,0.000332967,0.006038125,0.003660790,0.300000000,0.250000000
16,20,2.062500000,2.562500000,0,0.000876154,0.000092639,0.006115685,0.004055409,0.300000000,0.250000000
17,20,2.187500000,2.562500000,0,0.000826971,-0.000095744,0.006186625,0.004432315,0.300000000,0.250000000
18,20,2.312500000,2.562500000,0,0.000631609,-0.000173106,0.006205695,0.004765664,0.300000000,0.250000000
19,20,2.437500000,2.562500000,0,0.000184208,-0.000158933,0.006244516,0.005037445,0.300000000,0.250000000
20,20,2.562500000,2.562500000,0,-0.000010134,0.000025567,0.006346414,0.005223887,0.300000000,0.250000000
21,20,2.687500000,2.562500000,1,0.000000000,0.000000000,0.000000000,0.000000000,0.300000000,0.250000000
22,20,2.812500000,2.562500000,1,0.000000000,0.000000000,0.000000000,0.000000000,0.300000000,0.250000000
23,20,2.937500000,2.562500000,0,0.000045891,0.000007417,-0.006468022,0.001827648,0.300000000,0.250000000
24,20,3.062500000,2.562500000,0,0.000112633,-0.000124366,-0.006488940,0.002023254,0.300000000,0.250000000
25,20,3.187500000,2.562500000,0,0.000088538,-0.000329945,-0.006521578,0.002349333,0.300000000,0.250000000
26,20,3.312500000,2.562500000,0,-0.000218987,-0.000605766,-0.006464064,0.002737297,0.300000000,0.250000000
27,20,3.437500000,2.562500000,0,-0.000764673,-0.000932703,-0.006406088,0.003188737,0.300000000,0.250000000
28,20,3.562500000,2.562500000,0,-0.001403734,-0.001308135,-0.006479729,0.003698571,0.300000000,0.250000000
29,20,3.687500000,2.562500000,0,-0.002248084,-0.001362456,-0.006479199,0.004264965,0.300000000,0.250000000
30,20,3.812500000,2.562500000,0,-0.003301367,-0.001299968,-0.006325945,0.004876451,0.300000000,0.250000000
31,20,3.937500000,2.562500000,0,-0.004202085,-0.001123724,-0.006320131,0.005506613,0.300000000,0.250000000
32,20,4.062500000,2.562500000,0,-0.004738305,-0.000656393,-0.006457528,0.006130293,0.300000000,0.250000000
33,20,4.187500000,2.562500000,0,-0.004949606,0.000147365,-0.006323883,0.006715741,0.300000000,0.250000000
34,20,4.312500000,2.562500000,0,-0.004548730,0.001167488,-0.006122457,0.007217988,0.300000000,0.250000000
35,20,4.437500000,2.562500000,0,-0.003573873,0.001509152,-0.006343514,0.007610899,0.300000000,0.250000000
36,20,4.562500000,2.562500000,0,-0.002456061,0.001493805,-0.006372813,0.007897252,0.300000000,0.250000000
37,20,4.687500000,2.562500000,0,-0.001178785,0.001856621,-0.006070062,0.008074457,0.300000000,0.250000000
38,20,4.812500000,2.562500000,0,-0.000191986,0.000587038,-0.006251835,0.008154498,0.300000000,0.250000000
39,20,4.937500000,2.562500000,1,0.000000000,0.000000000,0.000000000,0.000000000,0.300000000,0.250000000
0,21,0.062500000,2.687500000,1,0.000000000,0.000000000,0.000000000,0.000000000,0.300000000,0.250000000
1,21,0.187500000,2.687500000,0,-0.000053632,-0.000248004,0.005463123,0.000643817,0.300000000,0.250000000
2,21,0.312500000,2.687500000,0,-0.000265550,-0.000571533,0.005502242,0.000674786,0.300000000,0.250000000
3,21,0.437500000,2.687500000,0,-0.000783343,-0.000848188,0.005400030,0.000736101,0.300000000,0.250000000
4,21,0.562500000,2.687500000,0,-0.001456592,-0.000780907,0.005469223,0.000827827,0.300000000,0.250000000
5,21,0.687500000,2.687500000,0,-0.001965816,-0.000502547,0.005564243,0.000949915,0.300000000,0.250000000
6,21,0.812500000,2.687500000,0,-0.002233878,-0.000429917,0.005495146,0.001101674,0.300000000,0.250000000
7,21,0.937500000,2.687500000,0,-0.002412600,-0.000276702,0.005548464,0.001283065,0.300000000,0.250000000
8,21,1.062500000,2.687500000,0,-0.002359157,-0.000127910,0.005691827,0.001495105,0.300000000,0.250000000
9,21,1.187500000,2.687500000,0,-0.002233925,0.000037511,0.005697617,0.001737727,0.300000000,0.250000000
10,21,1.312500000,2.687500000,0,-0.001947077,0.000138392,0.005708317,0.002010729,0.300000000,0.250000000
11,21,1.437500000,2.687500000,0,-0.001565584,0.000146618,0.005822726,0.002314087,0.300000000,0.250000000
12,21,1.562500000,2.687500000,0,-0.001147817,0.000177072,0.005902343,0.002646695,0.300000000,0.250000000
13,21,1.687500000,2.687500000,0,-0.000837114,0.000228197,0.005919110,0.003004384,0.300000000,0.250000000
14,21,1.812500000,2.687500000,0,-0.000486282,0.000180711,0.005979440,0.003380490,0.300000000,0.250000000
15,21,1.937500000,2.687500000,0,-0.000214707,0.000099201,0.006067161,0.003764182,0.300000000,0.250000000
16,21,2.062500000,2.687500000,0,-0.000009517,0.000043447,0.006099681,0.004139874,0.300000000,0.250000000
17,21,2.187500000,2.687500000,0,-0.000013583,-0.000012923,0.006134819,0.004484323,0.300000000,0.250000000
18,21,2.312500000,2.687500000,0,-0.000031214,0.000025417,0.006212802,0.004768976,0.300000000,0.250000000
19,21,2.437500000,2.687500000,0,-0.000052243,0.000043962,0.006227883,0.004947720,0.300000000,0.250000000
20,21,2.562500000,2.687500000,1,0.000000000,0.000000000,0.000000000,0.000000000,0.300000000,0.250000000
21,21,2.687500000,2.687500000,1,0.000000000,0.000000000,0.000000000,0.000000000,0.300000000,0.250000000
22,21,2.812500000,2.687500000,0,0.000026530,-0.000007109,-0.006519504,0.001410039,0.300000000,0.250000000
23,21,2.937500000,2.687500000,0,0.000075526,-0.000038730,-0.006533839,0.001583618,0.300000000,0.250000000
24,21,3.062500000,2.687500000,0,0.000070319,-0.000071376,-0.006478419,0.001800029,0.300000000,0.250000000
25,21,3.187500000,2.687500000,0,-0.000000952,-0.000164043,-0.006468890,0.002072407,0.300000000,0.250000000
26,21,3.312500000,2.687500000,0,-0.000130296,-0.000240652,-0.006517527,0.002419126,0.300000000,0.250000000
27,21,3.437500000,2.687500000,0,-0.000456754,-0.000395932,-0.006491984,0.002825231,0.300000000,0.250000000
28,21,3.562500000,2.687500000,0,-0.001062504,-0.000537364,-0.006394977,0.003286446,0.300000000,0.250000000
29,21,3.687500000,2.687500000,0,-0.001655028,-0.000523814,-0.006416208,0.003795378,0.300000000,0.250000000
30,21,3.812500000,2.687500000,0,-0.002160007,-0.000547967,-0.006505441,0.004339866,0.300000000,0.250000000
31,21,3.937500000,2.687500000,0,-0.002773616,-0.000456445,-0.006365776,0.004899240,0.300000000,0.250000000
32,21,4.062500000,2.687500000,0,-0.003270756,-0.000158785,-0.006225912,0.005446550,0.300000000,0.250000000
33,21,4.187500000,2.687500000,0,-0.003337273,0.000090054,-0.006390669,0.005955881,0.300000000,0.250000000
34,21,4.312500000,2.687500000,0,-0.002951545,0.000279551,-0.006382809,0.006401726,0.300000000,0.250000000
35,21,4.437500000,2.687500000,0,-0.002282843,0.000741551,-0.006147395,0.006759716,0.300000000,0.250000000
36,21,4.562500000,2.687500000,0,-0.001585134,0.000666949,-0.006210695,0.007025047,0.300000000,0.250000000
37,21,4.687500000,2.687500000,0,-0.000769682,0.000561525,-0.006359380,0.007200351,0.300000000,0.250000000
38,21,4.812500000,2.687500000,0,-0.000082256,0.000217487,-0.006284065,0.007283510,0.300000000,0.250000000
39,21,4.937500000,2.687500000,1,0.000000000,0.000000000,0.000000000,0.000000000,0.300000000,0.250000000
0,22,0.062500000,2.812500000,1,0.000000000,0.000000000,0.000000000,0.000000000,0.300000000,0.250000000
1,22,0.187500000,2.812500000,0,0.000042057,-0.000035685,0.005461483,0.000656991,0.300000000,0.250000000
2,22,0.312500000,2.812500000,0,-0.000030874,-0.000178049,0.005368586,0.000688510,0.300000000,0.250000000
3,22,0.437500000,2.812500000,0,-0.000321224,-0.000161734,0.005468519,0.000751292,0.300000000,0.250000000
4,22,0.562500000,2.812500000,0,-0.000574667,-0.000144876,0.005535926,0.000845223,0.300000000,0.250000000
5,22,0.687500000,2.812500000,0,-0.000810655,-0.000136152,0.005426645,0.000969918,0.300000000,0.250000000
6,22,0.812500000,2.812500000,0,-0.000916266,-0.000096746,0.005483258,0.001125200,0.300000000,0.250000000
7,22,0.937500000,2.812500000,0,-0.000984843,-0.000056732,0.005653667,0.001311388,0.300000000,0.250000000
8,22,1.062500000,2.812500000,0,-0.001009961,-0.000078171,0.005642576,0.001528354,0.300000000,0.250000000
9,22,1.187500000,2.812500000,0,-0.000986749,-0.000013387,0.005632244,0.001775845,0.300000000,0.250000000
10,22,1.312500000,2.812500000,0,-0.000810642,0.000011633,0.005765826,0.002054255,0.300000000,0.250000000
11,22,1.437500000,2.812500000,0,-0.000719557,-0.000019090,0.005852264,0.002362851,0.300000000,0.250000000
12,22,1.562500000,2.812500000,0,-0.000610339,-0.000001651,0.005861108,0.002698989,0.300000000,0.250000000
13,22,1.687500000,2.812500000,0,-0.000467895,0.000036539,0.005915657,0.003058143,0.300000000,0.250000000
14,22,1.812500000,2.812500000,0,-0.000280464,0.000013814,0.006002899,0.003433398,0.300000000,0.250000000
15,22,1.937500000,2.812500000,0,-0.000230626,-0.000011962,0.006060975,0.003812377,0.300000000,0.250000000
16,22,2.062500000,2.812500000,0,-0.000158747,0.000003414,0.006094393,0.004177170,0.300000000,0.250000000
17,22,2.187500000,2.812500000,0,-0.000135522,-0.000003430,0.006133151,0.004502962,0.300000000,0.250000000
18,22,2.312500000,2.812500000,0,-0.000061255,0.000007050,0.006186322,0.004755952,0.300000000,0.250000000
19,22,2.437500000,2.812500000,0,-0.000034643,0.000002426,0.006210100,0.004895018,0.300000000,0.250000000
20,22,2.562500000,2.812500000,1,0.000000000,0.000000000,0.000000000,0.000000000,0.300000000,0.250000000
21,22,2.687500000,2.812500000,1,0.000000000,0.000000000,0.000000000,0.000000000,0.300000000,0.250000000
22,22,2.812500000,2.812500000,0,0.000012122,-0.000009695,-0.006490969,0.001373407,0.300000000,0.250000000
23,22,2.937500000,2.812500000,0,0.000029644,-0.000016208,-0.006529014,0.001477480,0.300000000,0.250000000
24,22,3.062500000,2.812500000,0,0.000042766,-0.000017422,-0.006521050,0.001674057,0.300000000,0.250000000
25,22,3.187500000,2.812500000,0,0.000004928,-0.000043461,-0.006472172,0.001936726,0.300000000,0.250000000
26,22,3.312500000,2.812500000,0,-0.000081495,-0.000043096,-0.006477175,0.002259390,0.300000000,0.250000000
27,22,3.437500000,2.812500000,0,-0.000180804,-0.000058941,-0.006519998,0.002641440,0.300000000,0.250000000
28,22,3.562500000,2.812500000,0,-0.000340660,-0.000087366,-0.006466136,0.003076269,0.300000000,0.250000000
29,22,3.687500000,2.812500000,0,-0.000590587,-0.000101327,-0.006394525,0.003554457,0.300000000,0.250000000
30,22,3.812500000,2.812500000,0,-0.000843374,-0.000085316,-0.006443842,0.004062415,0.300000000,0.250000000
31,22,3.937500000,2.812500000,0,-0.001022442,-0.000067981,-0.006447473,0.004582679,0.300000000,0.250000000
32,22,4.062500000,2.812500000,0,-0.001140616,-0.000034476,-0.006297739,0.005091328,0.300000000,0.250000000
33,22,4.187500000,2.812500000,0,-0.001135458,0.000043001,-0.006285939,0.005562525,0.300000000,0.250000000
34,22,4.312500000,2.812500000,0,-0.001056799,-0.000016521,-0.006370756,0.005975986,0.300000000,0.250000000
35,22,4.437500000,2.812500000,0,-0.000856163,0.000133458,-0.006222510,0.006316596,0.300000000,0.250000000
36,22,4.562500000,2.812500000,0,-0.000440076,0.000149348,-0.006173663,0.006572248,0.300000000,0.250000000
37,22,4.687500000,2.812500000,0,-0.000175819,0.000025112,-0.006330623,0.006741884,0.300000000,0.250000000
38,22,4.812500000,2.812500000,0,-0.000033628,0.000035848,-0.006263527,0.006827906,0.300000000,0.250000000
39,22,4.937500000,2.812500000,1,0.000000000,0.000000000,0.000000000,0.000000000,0.300000000,0.250000000
0,23,0.062500000,2.937500000,1,0.000000000,0.000000000,0.000000000,0.000000000,0.300000000,0.250000000
1,23,0.187500000,2.937500000,1,0.000000000,0.000000000,0.000000000,0.000000000,0.300000000,0.250000000
2,23,0.312500000,2.937500000,1,0.000000000,0.000000000,0.000000000,0.000000000,0.300000000,0.250000000
3,23,0.437500000,2.937500000,1,0.000000000,0.000000000,0.000000000,0.000000000,0.300000000,0.250000000
4,23,0.562500000,2.937500000,1,0.000000000,0.000000000,0.000000000,0.000000000,0.300000000,0.250000000
5,23,0.687500000,2.937500000,1,0.000000000,0.000000000,0.000000000,0.000000000,0.300000000,0.250000000
6,23,0.812500000,2.937500000,1,0.000000000,0.000000000,0.000000000,0.000000000,0.300000000,0.250000000
7,23,0.937500000,2.937500000,1,0.000000000,0.000000000,0.000000000,0.000000000,0.300000000,0.250000000
8,23,1.062500000,2.937500000,1,0.000000000,0.000000000,0.000000000,0.000000000,0.300000000,0.250000000
9,23,1.187500000,2.937500000,1,0.000000000,0.000000000,0.000000000,0.000000000,0.300000000,0.250000000
10,23,1.312500000,2.937500000,1,0.000000000,0.000000000,0.000000000,0.000000000,0.300000000,0.250000000
11,23,1.437500000,2.937500000,1,0.000000000,0.000000000,0.000000000,0.000000000,0.300000000,0.250000000
12,23,1.562500000,2.937500000,1,0.000000000,0.000000000,0.000000000,0.000000000,0.300000000,0.250000000
13,23,1.687500000,2.937500000,1,0.000000000,0.000000000,0.000000000,0.000000000,0.300000000,0.250000000
14,23,1.812500000,2.937500000,1,0.000000000,0.000000000,0.000000000,0.000000000,0.300000000,0.250000000
15,23,1.937500000,2.937500000,1,0.000000000,0.000000000,0.000000000,0.000000000,0.300000000,0.250000000
16,23,2.062500000,2.937500000,1,0.000000000,0.000000000,0.000000000,0.000000000,0.300000000,0.250000000
17,23,2.187500000,2.937500000,1,0.000000000,0.000000000,0.000000000,0.000000000,0.300000000,0.250000000
18,23,2.312500000,2.937500000,1,0.000000000,0.000000000,0.000000000,0.000000000,0.300000000,0.250000000
19,23,2.437500000,2.937500000,1,0.000000000,0.000000000,0.000000000,0.000000000,0.300000000,0.250000000
20,23,2.562500000,2.937500000,1,0.000000000,0.000000000,0.000000000,0.000000000,0.300000000,0.250000000
21,23,2.687500000,2.937500000,1,0.000000000,0.000000000,0.000000000,0.000000000,0.300000000,0.250000000
22,23,2.812500000,2.937500000,1,0.000000000,0.000000000,0.000000000,0.000000000,0.300000000,0.250000000
23,23,2.937500000,2.937500000,1,0.000000000,0.000000000,0.000000000,0.000000000,0.300000000,0.250000000
24,23,3.062500000,2.937500000,1,0.000000000,0.000000000,0.000000000,0.000000000,0.300000000,0.250000000
25,23,3.187500000,2.937500000,1,0.000000000,0.000000000,0.000000000,0.000000000,0.300000000,0.250000000
26,23,3.312500000,2.937500000,1,0.000000000,0.000000000,0.000000000,0.000000000,0.300000000,0.250000000
27,23,3.437500000,2.937500000,1,0.000000000,0.000000000,0.000000000,0.000000000,0.300000000,0.250000000
28,23,3.562500000,2.937500000,1,0.000000000,0.000000000,0.000000000,0.000000000,0.300000000,0.250000000
29,23,3.687500000,2.937500000,1,0.000000000,0.000000000,0.000000000,0.000000000,0.300000000,0.250000000
30,23,3.812500000,2.937500000,1,0.000000000,0.000000000,0.000000000,0.000000000,0.300000000,0.250000000
31,23,3.937500000,2.937500000,1,0.000000000,0.000000000,0.000000000,0.000000000,0.300000000,0.250000000
32,23,4.062500000,2.937500000,1,0.000000000,0.000000000,0.000000000,0.000000000,0.300000000,0.250000000
33,23,4.187500000,2.937500000,1,0.000000000,0.000000000,0.000000000,0.000000000,0.300000000,0.250000000
34,23,4.312500000,2.937500000,1,0.000000000,0.000000000,0.000000000,0.000000000,0.300000000,0.250000000
35,23,4.437500000,2.937500000,1,0.000000000,0.000000000,0.000000000,0.000000000,0.300000000,0.250000000
36,23,4.562500000,2.937500000,1,0.000000000,0.000000000,0.000000000,0.000000000,0.300000000,0.250000000
37,23,4.687500000,2.937500000,1,0.000000000,0.000000000,0.000000000,0.000000000,0.300000000,0.250000000
38,23,4.812500000,2.937500000,1,0.000000000,0.000000000,0.000000000,0.000000000,0.300000000,0.250000000
39,23,4.937500000,2.937500000,1,0.000000000,0.000000000,0.000000000,0.000000000,0.300000000,0.250000000
