point_id,time_ns,drive_v,trace_v,gate_v
0,0,0,0,0
0,0.000125,0,0,0
0,0.000375,0,0,0
0,0.000875,0,0,0
0,0.001875,0,0,0
0,0.0038749999999999995,0,0,0
0,0.007874999999999998,0,0,0
0,0.015874999999999997,0,0,0
0,0.031874999999999994,0,0,0
0,0.063875,0,0,0
0,0.113875,0,0,0
0,0.16387500000000002,0,0,0
0,0.21387500000000004,0,0,0
0,0.263875,0,0,0
0,0.313875,0,0,0
0,0.363875,0,0,0
0,0.413875,0,0,0
0,0.463875,0,0,0
0,0.513875,0,0,0
0,0.563875,0,0,0
0,0.6138750000000001,0,0,0
0,0.663875,0,0,0
0,0.713875,0,0,0
0,0.7638750000000001,0,0,0
0,0.8138750000000001,0,0,0
0,0.8638750000000002,0,0,0
0,0.9138750000000002,0,0,0
0,0.9638750000000003,0,0,0
0,1.0138750000000003,0,0,0
0,1.0638750000000003,0,0,0
0,1.1138750000000004,0,0,0
0,1.1638750000000004,0,0,0
0,1.2138750000000005,0,0,0
0,1.2638750000000005,0,0,0
0,1.3138750000000006,0,0,0
0,1.3638750000000006,0,0,0
0,1.4138750000000007,0,0,0
0,1.4638750000000007,0,0,0
0,1.5138750000000005,0,0,0
0,1.5638750000000006,0,0,0
0,1.6138750000000006,0,0,0
0,1.6638750000000007,0,0,0
0,1.7138750000000007,0,0,0
0,1.7638750000000007,0,0,0
0,1.8138750000000008,0,0,0
0,1.8638750000000008,0,0,0
0,1.9138750000000009,0,0,0
0,1.963875000000001,0,0,0
0,2.013875000000001,0,0,0
0,2.063875000000001,0,0,0
0,2.113875000000001,0,0,0
0,2.163875000000001,0,0,0
0,2.213875000000001,0,0,0
0,2.263875000000001,0,0,0
0,2.3138750000000012,0,0,0
0,2.363875000000001,0,0,0
0,2.4138750000000013,0,0,0
0,2.463875000000001,0,0,0
0,2.5138750000000014,0,0,0
0,2.5638750000000012,0,0,0
0,2.6138750000000015,0,0,0
0,2.6638750000000013,0,0,0
0,2.7138750000000016,0,0,0
0,2.7638750000000014,0,0,0
0,2.8138750000000017,0,0,0
0,2.8638750000000015,0,0,0
0,2.9138750000000018,0,0,0
0,2.9638750000000016,0,0,0
0,3.013875000000002,0,0,0
0,3.0638750000000017,0,0,0
0,3.1138750000000015,0,0,0
0,3.1638750000000018,0,0,0
0,3.2138750000000016,0,0,0
0,3.263875000000002,0,0,0
0,3.3138750000000017,0,0,0
0,3.363875000000002,0,0,0
0,3.4138750000000018,0,0,0
0,3.463875000000002,0,0,0
0,3.513875000000002,0,0,0
0,3.563875000000002,0,0,0
0,3.613875000000002,0,0,0
0,3.663875000000002,0,0,0
0,3.713875000000002,0,0,0
0,3.7638750000000023,0,0,0
0,3.8138750000000017,0,0,0
0,3.8638750000000015,0,0,0
0,3.913875000000001,0,0,0
0,3.9638750000000007,0,0,0
0,4.0138750000000005,0,0,0
0,4.0638749999999995,0,0,0
0,4.113874999999999,0,0,0
0,4.163874999999999,0,0,0
0,4.213874999999999,0,0,0
0,4.263874999999999,0,0,0
0,4.313874999999998,0,0,0
0,4.3638749999999975,0,0,0
0,4.413874999999997,0,0,0
0,4.463874999999997,0,0,0
0,4.513874999999996,0,0,0
0,4.563874999999996,0,0,0
0,4.613874999999996,0,0,0
0,4.6638749999999956,0,0,0
0,4.713874999999995,0,0,0
0,4.763874999999994,0,0,0
0,4.813874999999994,0,0,0
0,4.863874999999994,0,0,0
0,4.913874999999994,0,0,0
0,4.963874999999993,0,0,0
0,5,0,0,0
0,5.005,0.04999999999999879,0.04997646020042615,0.00000003904096065091923
0,5.015,0.14999999999999636,0.1498823232405381,0.0000002732436067045193
0,5.035,0.3499999999999998,0.3494119726464101,0.0000026138021863323977
0,5.075,0.7499999999999984,0.7473456521831778,0.000024117013315246458
0,5.125,1.2499999999999947,1.242659318942375,0.00010695554270883427
0,5.174999999999999,1.7499999999999907,1.735646067165843,0.0002867164102435718
0,5.224999999999999,2.249999999999987,2.226317376999457,0.0006018071070879684
0,5.274999999999999,2.749999999999983,2.714684854602441,0.001090413242981771
0,5.324999999999998,3.249999999999979,3.200760230508226,0.001790496696138839
0,5.374999999999997,3.7499999999999756,3.6845553579843804,0.0027397937914492663
0,5.424999999999997,4.249999999999972,4.166082211391751,0.003975813506970603
0,5.474999999999997,4.749999999999968,4.645352884542955,0.005535835708695807
0,5.524999999999997,5.249999999999964,5.122379589060366,0.007456909413583345
0,5.574999999999996,5.74999999999996,5.5971746527337025,0.009775851080832662
0,5.624999999999996,6.2499999999999565,6.069750517877381,0.012529242931386058
0,5.674999999999995,6.749999999999953,6.540119739687762,0.01575343129563583
0,5.724999999999995,7.2499999999999485,7.0082949846004094,0.019484524989313416
0,5.774999999999995,7.749999999999945,7.474289028647507,0.023758393717535096
0,5.824999999999994,8.249999999999941,7.938114755815558,0.02861066650697669
0,5.874999999999994,8.749999999999938,8.399785156403503,0.034076730166147554
0,5.924999999999994,9.249999999999932,8.859313325381384,0.040191727773732186
0,5.974999999999993,9.749999999999929,9.316712460749685,0.046990557194965484
0,6,9.999999999999998,9.544617374241465,0.05065617190419575
0,6.005,10,9.540148009046407,0.05141482699962404
0,6.015,10,9.531214208241376,0.052946834092954635
0,6.035,10,9.513376239191327,0.056098917560190815
0,6.075,10,9.47781937867642,0.06275423709034544
0,6.124999999999999,10,9.433597997883135,0.07172883330727635
0,6.174999999999999,10,9.389628292189421,0.08142744851433412
0,6.224999999999999,10,9.345912470016408,0.09184532573295677
0,6.274999999999999,10,9.302452706979665,0.10297767633750937
0,6.3249999999999975,10,9.25925114589595,0.11481968061687207
0,6.374999999999997,10,9.216309896792596,0.1273664883354183
0,6.424999999999997,10,9.173631036919462,0.14061321929334133
0,6.474999999999997,10,9.13121661076346,0.1545549638862877
0,6.524999999999997,10,9.089068630065666,0.16918678366425616
0,6.574999999999996,10,9.047189073840949,0.1845037118897213
0,6.624999999999996,10,9.005579888400137,0.2005007540949411
0,6.674999999999995,10,8.964242987374703,0.21717288863840786
0,6.724999999999995,10,8.923180251743938,0.23451506726040267
0,6.774999999999994,10,8.882393529864608,0.2525222156376136
0,6.824999999999994,10,8.841884637503078,0.2711892339367779
0,6.874999999999994,10,8.801655357869882,0.290510997367309
0,6.924999999999994,10,8.761707441656721,0.3104823567328699
0,6.9749999999999925,10,8.722042607075888,0.3310981389818532
0,7.024999999999992,10,8.682662539902083,0.3523531477567312
0,7.074999999999992,10,8.6435688935166,0.37424216394223647
0,7.124999999999992,10,8.60476328895391,0.39675994621233573
0,7.174999999999992,10,8.566247314950562,0.4199012315759602
0,7.224999999999991,10,8.528022527996427,0.4436607359214545
0,7.274999999999991,10,8.490090452388264,0.46803315455970756
0,7.32499999999999,10,8.452452580285568,0.4930131627659299
0,7.37499999999999,10,8.415110371768714,0.5185954163200396
0,7.424999999999989,10,8.378065254899349,0.5447745520456223
0,7.474999999999989,10,8.341318625783044,0.5715451883474295
0,7.52499999999999,10,8.304871848634157,0.5989019257473795
0,7.57499999999999,10,8.268726255842928,0.6268393474190269
0,7.62499999999999,10,8.232883148044742,0.6553520197204646
0,7.674999999999991,10,8.197343794191585,0.6844344927256264
0,7.724999999999992,10,8.162109431625659,0.7140813007539536
0,7.7749999999999915,10,8.127181266155109,0.7442869628983934
0,7.824999999999992,10,8.092560472131911,0.7750459835516962
0,7.874999999999993,10,8.058248192531828,0.8063528529309787
0,7.924999999999994,10,8.024245539036475,0.8382020476005182
0,7.974999999999993,10,7.990553592117438,0.8705880309927485
0,8.024999999999993,10,7.957173401122443,0.9035052539274233
0,8.074999999999994,10,7.924105984363566,0.9369481551289173
0,8.124999999999995,10,7.891352329207432,0.9709111617416318
0,8.174999999999995,10,7.858913392167439,1.0053886898434752
0,8.224999999999996,10,7.826790098997927,1.0403751449573857
0,8.274999999999997,10,7.794983344790321,1.0758649225608696
0,8.324999999999998,10,7.76349399407121,1.1118524085935209
0,8.374999999999996,10,7.7323228809023385,1.148331979962494
0,8.424999999999997,10,7.701470808982505,1.1852980050459032
0,8.474999999999998,10,7.670938551751337,1.222744844194114
0,8.524999999999999,10,7.640726852494936,1.2606668502289022
0,8.575,10,7.6108364244533595,1.2990583689404511
0,8.625,10,7.581267950929931,1.3379137395821579
0,8.675,10,7.552022085402358,1.377227295363222
0,8.725,10,7.523099451635635,1.4169933639389896
0,8.775,10,7.494500643796714,1.4572062678990232
0,8.825000000000001,10,7.46622622657093,1.4978603252528748
0,8.875000000000002,10,7.438276735280146,1.5389498499135321
0,8.925000000000002,10,7.41065267600262,1.5804691521785132
0,8.975000000000003,10,7.38335452569456,1.6224125392085837
0,9.025000000000004,10,7.356382732313346,1.6647743155040722
0,9.075000000000003,10,7.32973771494242,1.707548783378757
0,9.125000000000004,10,7.303419863917785,1.7507302434313012
0,9.175000000000004,10,7.2774295409561525,1.7943129950142103
0,9.225000000000005,10,7.251767079284655,1.8382913367002884
0,9.275000000000006,10,7.226432783772157,1.8826595667465713
0,9.325000000000006,10,7.201426931062105,1.9274119835557093
0,9.375000000000005,10,7.176749769706934,1.9725428861347818
0,9.425000000000006,10,7.15240152030397,2.0180465745515153
0,9.475000000000007,10,7.12838237563286,2.0639173503878863
0,9.525000000000007,10,7.104692500794453,2.110149517191087
0,9.575000000000008,10,7.081332033351156,2.156737380921829
0,9.625000000000009,10,7.058301083468736,2.2036752503999675
0,9.67500000000001,10,7.035599734059529,2.2509574377474237
0,9.725000000000009,10,7.013228040927057,2.298578258828379
0,9.77500000000001,10,6.991186032912035,2.346532033686733
0,9.82500000000001,10,6.969473712039731,2.3948130869807915
0,9.87500000000001,10,6.948091053668671,2.4434157484151786
0,9.925000000000011,10,6.927038006640675,2.4923343531699373
0,9.975000000000012,10,6.906314493432191,2.5415632423268155
0,10.025000000000013,10,6.885920410306914,2.59109676329271
0,10.075000000000012,10,6.865855627469681,2.640929270220249
0,10.125000000000012,10,6.846119989221598,2.691055124425501
0,10.175000000000013,10,6.8267133141164,2.741468694802788
0,10.225000000000014,10,6.807635395118028,2.7921643582365876
0,10.275000000000015,10,6.788885999759376,2.843136500010505
0,10.325000000000015,10,6.770464870302227,2.8943795142132998
0,10.375000000000016,10,6.752371723898318,2.9458878041419534
0,10.425000000000015,10,6.734606252751556,2.9976557827017536
0,10.475000000000016,10,6.717168124281324,3.049677872803388
0,10.525000000000016,10,6.7000569812868935,3.10194850775703
0,10.575000000000017,10,6.683272442112905,3.154462131663397
0,10.625000000000018,10,6.666814100815904,3.2072131998017737
0,10.675000000000018,10,6.650681527331898,3.2601961790149763
0,10.725000000000017,10,6.634874267644945,3.3134055480912563
0,10.775000000000018,10,6.619391843956729,3.3668357981431156
0,10.825000000000019,10,6.604233754857109,3.420481432983034
0,10.87500000000002,10,6.589399475495628,3.4743369694960853
0,10.92500000000002,10,6.574888457753962,3.52839693800943
0,10.975000000000021,10,6.560700130419281,3.582655882658681
0,11.025000000000022,10,6.546833899358522,3.6371083617511224
0,11.07500000000002,10,6.533289147693521,3.691748948125766
0,11.125000000000021,10,6.520065235977032,3.746572229510245
0,11.175000000000022,10,6.50716150236957,3.8015728088745293
0,11.225000000000023,10,6.494577262817083,3.8567453047814424
0,11.275000000000023,10,6.482311811229435,3.912084351733984
0,11.325000000000024,10,6.47036441965966,3.967584600519439
0,11.375000000000025,10,6.4587343384840015,4.023240718550267
0,11.425000000000024,10,6.447420796582689,4.0790473902017546
0,11.475000000000025,10,6.436423001521441,4.134999317146437
0,11.525000000000025,10,6.425740139733689,4.191091218685264
0,11.575000000000026,10,6.41537137670349,4.247317832075508
0,11.625000000000027,10,6.405315857149107,4.303673912855406
0,11.675000000000027,10,6.395572705207252,4.360154235165534
0,11.725000000000028,10,6.386141024617964,4.41675359206689
0,11.775000000000027,10,6.3770198989101035,4.473466795855692
0,11.825000000000028,10,6.368208391587443,4.530288678374881
0,11.875000000000028,10,6.3597055463153485,4.587214091322319
0,11.92500000000003,10,6.351510387108021,4.644237906555672
0,11.97500000000003,10,6.3436219185162805,4.701355016393986
0,12.02500000000003,10,6.336039125815867,4.758560333915936
0,12.07500000000003,10,6.3287609751962774,4.815848793254747
0,12.12500000000003,10,6.321786413950068,4.8732153498897866
0,12.175000000000031,10,6.315114370662637,4.930654980934809
0,12.225000000000032,10,6.308743755402471,4.988162685422869
0,12.275000000000032,10,6.302673459911814,5.045733484587884
0,12.325000000000033,10,6.296902357797762,5.10336242214284
0,12.375000000000034,10,6.291429304723768,5.161044564554651
0,12.425000000000033,10,6.286253138601513,5.21877500131565
0,12.475000000000033,10,6.281372679783158,5.2765488452117255
0,12.525000000000034,10,6.276786731253939,5.334361232587097
0,12.575000000000035,10,6.272494078825089,5.39220732360571
0,12.625000000000036,10,6.268493491327087,5.450082302509275
0,12.675000000000036,10,6.264783720803185,5.507981377871918
0,12.725000000000037,10,6.261363502703235,5.565899782851475
0,12.775000000000036,10,6.25823155607776,5.623832775437403
0,12.825000000000037,10,6.255386583772274,5.6817756386953135
0,12.875000000000037,10,6.252827272621847,5.739723681008125
0,12.925000000000038,10,6.250552293645855,5.79767223631385
0,12.975000000000039,10,6.2485603022429395,5.855616664339988
0,13.02500000000004,10,6.246849938386147,5.913552350834549
0,13.07500000000004,10,6.245419826818219,5.971474707793699
0,13.125000000000039,10,6.244268577247033,6.029379173686021
0,13.17500000000004,10,6.243394784541164,6.0872612136734
0,13.22500000000004,10,6.2427970289255725,6.145116319828533
0,13.275000000000041,10,6.242473876177366,6.20294001134907
0,13.325000000000042,10,6.2424238778216505,6.260727834768364
0,13.375000000000043,10,6.242645571327456,6.318475364162864
0,13.425000000000043,10,6.243137480303677,6.376178201356134
0,13.475000000000042,10,6.243898114695073,6.4338319761194995
0,13.525000000000043,10,6.244925970978267,6.491432346369329
0,13.575000000000044,10,6.24621953235775,6.548974998360959
0,13.625000000000044,10,6.247777268961853,6.606455646879251
0,13.675000000000045,10,6.249597638038715,6.663870035425803
0,13.725000000000046,10,6.251679084152166,6.721213936402793
0,13.775000000000045,10,6.254020039377575,6.778483151293483
0,13.825000000000045,10,6.256618923497598,6.8356735108393805
0,13.875000000000046,10,6.259474144197846,6.89278087521405
0,13.925000000000047,10,6.262584097262431,6.949801134193592
0,13.975000000000048,10,6.265947166769395,7.0067302073237965
0,14.025000000000048,10,6.26956172528599,7.063564044083958
0,14.075000000000049,10,6.273426134063808,7.120298624047381
0,14.125000000000048,10,6.277538743233738,7.176929957038563
0,14.175000000000049,10,6.281897892000745,7.233454083287069
0,14.22500000000005,10,6.286501908838434,7.289867073578092
0,14.27500000000005,10,6.291349111683413,7.346165029399743
0,14.32500000000005,10,6.296437808129424,7.402344083087016
0,14.375000000000052,10,6.301766295621222,7.458400397962487
0,14.425000000000052,10,6.307332861648212,7.514330168473738
0,14.475000000000051,10,6.313135783937803,7.570129620327495
0,14.525000000000052,10,6.319173330648471,7.625795010620515
0,14.575000000000053,10,6.325443760562541,7.681322627967215
0,14.625000000000053,10,6.331945323278635,7.736708792624043
0,14.675000000000054,10,6.338676259403806,7.791949856610622
0,14.725000000000055,10,6.3456348007453265,7.847042203827654
0,14.775000000000055,10,6.352819170502121,7.901982250171605
0,14.825000000000054,10,6.360227583455831,7.956766443646169
0,14.875000000000055,10,6.367858246161495,8.011391264470532
0,14.925000000000056,10,6.375709357137843,8.065853225184437
0,14.975000000000056,10,6.38377910705718,8.120148870750059
0,15.025000000000057,10,6.392065678934833,8.174274778650702
0,15.075000000000058,10,6.400567248318193,8.228227558986323
0,15.125000000000057,10,6.409281983475281,8.282003854565914
0,15.175000000000058,10,6.418208045582874,8.335600340996722
0,15.225000000000058,10,6.427343588914155,8.389013726770319
0,15.275000000000059,10,6.436686761025868,8.44224075334557
0,15.32500000000006,10,6.446235702944993,8.495278195228476
0,15.37500000000006,10,6.455988549354892,8.548122860048888
0,15.425000000000061,10,6.465943428780957,8.600771588634156
0,15.47500000000006,10,6.476098463775701,8.65322125507968
0,15.52500000000006,10,6.486451771103318,8.705468766816384
0,15.575000000000061,10,6.497001461923684,8.757511064675137
0,15.625000000000062,10,6.507745641975784,8.809345122948121
0,15.675000000000063,10,6.518682411760559,8.860967949447165
0,15.725000000000064,10,6.529809866723168,8.912376585559045
0,15.775000000000064,10,6.541126097434637,8.963568106297782
0,15.825000000000063,10,6.552629189772899,9.014539620353936
0,15.875000000000064,10,6.5643172251032045,9.06528827014091
0,15.925000000000065,10,6.5761882804579015,9.115811231838272
0,15.975000000000065,10,6.588240428715553,9.166105715432133
0,16.025000000000066,10,6.600471738779411,9.21616896475256
0,16.075000000000067,10,6.612880275755218,9.265998257508066
0,16.125000000000068,10,6.625464101128314,9.315590905317164
0,16.175000000000068,10,6.638221272940076,9.364944253737026
0,16.22500000000007,10,6.6511498459636345,9.414055682289241
0,16.27500000000007,10,6.6642478718788905,9.462922604482705
0,16.325000000000067,10,6.677513399446809,9.511542467833618
0,16.375000000000068,10,6.69094447468298,9.559912753882642
0,16.425000000000068,10,6.7045391410304385,9.608030978209236
0,16.47500000000007,10,6.71829543953173,9.65589469044315
0,16.52500000000007,10,6.732211409000218,9.703501474273125
0,16.57500000000007,10,6.746285086190623,9.750848947452784
0,16.62500000000007,10,6.760514505968773,9.797934761803747
0,16.67500000000007,10,6.774897701480574,9.844756603215997
0,16.725000000000072,10,6.789432704320182,9.891312191645493
0,16.775000000000073,10,6.80411754469735,9.937599281109039
0,16.825000000000074,10,6.818950251603981,9.983615659676433
0,16.875000000000075,10,6.833928852979844,10.029359149459946
0,16.925000000000075,10,6.849051375877451,10.074827606601087
0,16.975000000000072,10,6.864315846626102,10.1200189212547
0,17.025000000000073,10,6.879720290995074,10.164931017570417
0,17.075000000000074,10,6.895262734355937,10.209561853671486
0,17.125000000000075,10,6.910941201844026,10.253909421630945
0,17.175000000000075,10,6.926753718519016,10.297971747445214
0,17.225000000000076,10,6.94269830952462,10.341746891005107
0,17.275000000000077,10,6.958773000247395,10.385232946064248
0,17.325000000000077,10,6.974975816474645,10.428428040204945
0,17.375000000000078,10,6.991304784551416,10.471330334801541
0,17.42500000000008,10,7.007757931536578,10.513938024981226
0,17.47500000000008,10,7.024333285357978,10.556249339582347
0,17.52500000000008,10,7.041028874966667,10.598262541110238
0,17.57500000000008,10,7.0578427304901865,10.63997592569058
0,17.62500000000008,10,7.074772883384916,10.681387823020316
0,17.67500000000008,10,7.091817366587449,10.722496596316121
0,17.72500000000008,10,7.108974214665042,10.76330064226046
0,17.77500000000008,10,7.126241463965063,10.803798390945246
0,17.82500000000008,10,7.143617152763495,10.843988305813138
0,17.87500000000008,10,7.161099321412439,10.883868883596437
0,17.925000000000082,10,7.178686012486651,10.923438654253678
0,17.975000000000083,10,7.196375270929066,10.96269618090387
0,18.025000000000084,10,7.214165144195341,11.001640059758435
0,18.075000000000085,10,7.232053682397392,11.040268920050858
0,18.125000000000085,10,7.250038938445906,11.078581423964074
0,18.175000000000086,10,7.268118968191848,11.116576266555581
0,18.225000000000087,10,7.286291830566951,11.154252175680343
0,18.275000000000087,10,7.304555587723165,11.191607911911461
0,18.325000000000088,10,7.322908305171085,11.228642268458653
0,18.375000000000085,10,7.341348051917331,11.265354071084555
0,18.425000000000086,10,7.359872900600891,11.301742178018856
0,18.475000000000087,10,7.378480927628405,11.337805479870301
0,18.525000000000087,10,7.397170213308412,11.373542899536575
0,18.575000000000088,10,7.415938841984521,11.408953392112073
0,18.62500000000009,10,7.43478490216752,11.444035944793598
0,18.67500000000009,10,7.45370648666643,11.478789576783981
0,18.72500000000009,10,7.472701692718472,11.513213339193674
0,18.77500000000009,10,7.491768622117953,11.5473063149403
0,18.82500000000009,10,7.51090538134409,11.581067618646202
0,18.875000000000092,10,7.53011008168772,11.614496396534014
0,18.925000000000093,10,7.549380839376944,11.647591826320252
0,18.975000000000094,10,7.56871577570166,11.680353117106957
0,19.02500000000009,10,7.588113017137001,11.712779509271426
0,19.07500000000009,10,7.607570695465672,11.744870274354014
0,19.125000000000092,10,7.627086947899184,11.77662471494405
0,19.175000000000093,10,7.646659917197968,11.8080421645639
0,19.225000000000094,10,7.666287751790384,11.83912198755116
0,19.275000000000095,10,7.6859686058906105,11.869863578939016
0,19.325000000000095,10,7.7057006396154115,11.900266364334827
0,19.375000000000096,10,7.725482019099781,11.930329799796876
0,19.425000000000097,10,7.745310916611465,11.960053371709368
0,19.475000000000097,10,7.765185510664345,11.98943659665569
0,19.525000000000098,10,7.785103986130699,12.018479021289922
0,19.5750000000001,10,7.805064534352319,12.047180222206633
0,19.6250000000001,10,7.825065353250494,12.075539805809006
0,19.6750000000001,10,7.845104647434857,12.10355740817528
0,19.725000000000097,10,7.865180628311078,12.131232694923536
0,19.775000000000098,10,7.885291514187422,12.158565361074865
0,19.8250000000001,10,7.9054355303801565,12.185555130914913
0,19.8750000000001,10,7.925610909317806,12.212201757853842
0,19.9250000000001,10,7.945815890644258,12.238505024284724
0,19.9750000000001,10,7.9660487213207185,12.264464741440372
0,20.0250000000001,10,7.986307655726499,12.290080749248656
0,20.075000000000102,10,8.00659095575867,12.315352916186292
0,20.125000000000103,10,8.026896890930525,12.340281139131152
0,20.175000000000104,10,8.047223738468917,12.3648653432131
0,20.225000000000104,10,8.067569783410406,12.389105481663393
0,20.275000000000105,10,8.087933318696255,12.413001535662625
0,20.325000000000106,10,8.10831264526627,12.436553514187281
0,20.375000000000103,10,8.128706072151461,12.459761453854894
0,20.425000000000104,10,8.149111916565534,12.48262541876784
0,20.475000000000104,10,8.169528503995242,12.50514550035578
0,20.525000000000105,10,8.18995416828953,12.527321817216768
0,20.575000000000106,10,8.210387251747548,12.54915451495706
0,20.625000000000107,10,8.230826105205463,12.57064376602963
0,20.675000000000107,10,8.251269088122129,12.59178976957142
0,20.725000000000108,10,8.271714568663564,12.612592751239339
0,20.77500000000011,10,8.292160923786271,12.633052963045028
0,20.82500000000011,10,8.312606539319384,12.653170683188442
0,20.87500000000011,10,8.33304981004564,12.672946215890212
0,20.92500000000011,10,8.35348913978118,12.692379891222862
0,20.97500000000011,10,8.37392294145419,12.711472064940866
0,21.025000000000112,10,8.394349637182355,12.730223118309583
0,21.07500000000011,10,8.414767658349154,12.748633457933096
0,21.12500000000011,10,8.435175445678983,12.766703515580943
0,21.17500000000011,10,8.455571449311105,12.78443374801379
0,21.22500000000011,10,8.475954128872425,12.801824636808053
0,21.275000000000112,10,8.496321953549122,12.818876688179508
0,21.325000000000113,10,8.516673402157078,12.835590432805866
0,21.375000000000114,10,8.537006963211166,12.851966425648392
0,21.425000000000114,10,8.55732113499336,12.868005245772531
0,21.475000000000115,10,8.577614425619686,12.883707496167593
0,21.525000000000116,10,8.597885353105998,12.89907380356553
0,21.575000000000117,10,8.618132445432613,12.914104818258766
0,21.625000000000117,10,8.638354240607752,12.92880121391716
0,21.675000000000118,10,8.65854928672986,12.943163687404114
0,21.725000000000115,10,8.678716142048724,12.957192958591813
0,21.775000000000116,10,8.698853375025474,12.970889770175633
0,21.825000000000117,10,8.718959564391394,12.984254887487753
0,21.875000000000117,10,8.739033299205612,12.997289098309958
0,21.925000000000118,10,8.7590731789116,13.009993212685682
0,21.97500000000012,10,8.77907781339256,13.022368062731314
0,22.02500000000012,10,8.799045823025635,13.034414502446747
0,22.07500000000012,10,8.818975838734989,13.046133407525216
0,22.12500000000012,10,8.838866502043732,13.057525675162456
0,22.17500000000012,10,8.85871646512471,13.068592223865187
0,22.225000000000122,10,8.878524390850147,13.079333993258924
0,22.275000000000123,10,8.898288952840163,13.089751943895159
0,22.325000000000124,10,8.91800883551014,13.09984705705794
0,22.375000000000124,10,8.937682734116965,13.109620334569838
0,22.42500000000012,10,8.957309354804137,13.119072798597339
0,22.475000000000122,10,8.976887414645756,13.128205491455669
0,22.525000000000123,10,8.996415641689378,13.1370194754131
0,22.575000000000124,10,9.015892774997742,13.145515832494691
0,22.625000000000124,10,9.0353175646894,13.153695664285557
0,22.675000000000125,10,9.054688771978203,13.161560091733659
0,22.725000000000126,10,9.074005169211691,13.169110254952113
0,22.775000000000126,10,9.093265539908376,13.176347313021038
0,22.825000000000127,10,9.112468678793897,13.183272443788999
0,22.875000000000128,10,9.13161339183609,13.189886843674033
0,22.92500000000013,10,9.150698496278954,13.19619172746427
0,22.97500000000013,10,9.169722820675513,13.202188328118185
0,23.02500000000013,10,9.18868520491959,13.207877896564497
0,23.075000000000127,10,9.207584500276486,13.213261701501732
0,23.125000000000128,10,9.226419569412576,13.218341029197452
0,23.17500000000013,10,9.245189286423823,13.223117183287194
0,23.22500000000013,10,9.26389253686321,13.227591484573123
0,23.27500000000013,10,9.282528217767089,13.231765270822416
0,23.32500000000013,10,9.301095237680475,13.235639896565393
0,23.37500000000013,10,9.319592516681256,13.239216732893428
0,23.425000000000132,10,9.338018986403352,13.242497167256628
0,23.475000000000133,10,9.356373590058801,13.245482603261332
0,23.525000000000134,10,9.3746552824588,13.248174460467425
0,23.575000000000134,10,9.392863030033688,13.250574174185497
0,23.625000000000135,10,9.410995810851883,13.252683195273839
0,23.675000000000136,10,9.429052614637785,13.254502989935327
0,23.725000000000136,10,9.447032442788617,13.256035039514195
0,23.775000000000134,10,9.464934308390259,13.257280840292713
0,23.825000000000134,10,9.48275723623203,13.258241903287797
0,23.875000000000135,10,9.500500262820466,13.258919754047538
0,23.925000000000136,10,9.51816243639205,13.259315932447699
0,23.975000000000136,10,9.535742816924952,13.2594319924882
0,24.025000000000137,10,9.55324047614974,13.259269502089575
0,24.075000000000138,10,9.570654497559097,13.258830042889446
0,24.12500000000014,10,9.58798397641652,13.25811521003902
0,24.17500000000014,10,9.605228019764045,13.257126611999611
0,24.22500000000014,10,9.622385746428948,13.255865870339235
0,24.27500000000014,10,9.639456287029494,13.254334619529265
0,24.32500000000014,10,9.656438783979679,13.2525345067412
0,24.375000000000142,10,9.673332391492998,13.250467191643509
0,24.42500000000014,10,9.690136275585258,13.24813434619858
0,24.47500000000014,10,9.7068496140764,13.245537654459852
0,24.52500000000014,10,9.723471596591374,13.24267881236908
0,24.57500000000014,10,9.740001424560054,13.239559527553734
0,24.625000000000142,10,9.75643831121621,13.236181519124614
0,24.675000000000143,10,9.772781481595516,13.232546517473667
0,24.725000000000144,10,9.78903017253263,13.228656264071994
0,24.775000000000144,10,9.805183632657346,13.224512511268085
0,24.825000000000145,10,9.821241122389798,13.220117022086312
0,24.875000000000146,10,9.837201913934754,13.21547157002567
0,24.925000000000146,10,9.85306529127499,13.2105779388588
0,24.975000000000147,10,9.868830550163745,13.205437922431274
0,25.025000000000148,10,9.884496998116278,13.20005332446121
0,25.07500000000015,10,9.900063954400514,13.194425958339181
0,25.125000000000146,10,9.915530750026802,13.188557646928468
0,25.175000000000146,10,9.930896727736783,13.182450222365661
0,25.225000000000147,10,9.94616124199137,13.176105525861603
0,25.275000000000148,10,9.961323658957847,13.169525407502707
0,25.32500000000015,10,9.976383356496113,13.162711726052676
0,25.37500000000015,10,9.991339724144035,13.155666348754607
0,25.42500000000015,10,10.00619216310196,13.148391151133538
0,25.47500000000015,10,10.020940086216369,13.140888016799382
0,25.52500000000015,10,10.035582917962667,13.133158837250312
0,25.575000000000152,10,10.050120094427168,13.12520551167662
0,25.625000000000153,10,10.064551063288194,13.117029946765049
0,25.675000000000153,10,10.078875283796389,13.108634056503577
0,25.725000000000154,10,10.093092226754187,13.100019761986712
0,25.77500000000015,10,10.10720137449446,13.091188991221284
0,25.825000000000152,10,10.121202220858374,13.082143678932773
0,25.875000000000153,10,10.135094271172413,13.072885766372158
0,25.925000000000153,10,10.148877042224637,13.063417201123324
0,25.975000000000154,10,10.162550062240117,13.053739936911008
0,26.025000000000155,10,10.1761128708556,13.043855933409322
0,26.075000000000156,10,10.189565019093402,13.033767156050871
0,26.125000000000156,10,10.202906069334507,13.023475575836452
0,26.175000000000157,10,10.216135595290915,13.01298316914536
0,26.225000000000158,10,10.22925318197723,13.002291917546318
0,26.27500000000016,10,10.242258425681486,12.99140380760904
0,26.32500000000016,10,10.255150933935234,12.980320830716419
0,26.37500000000016,10,10.267930325482883,12.969044982877401
0,26.42500000000016,10,10.28059623025031,12.95757826454049
0,26.475000000000158,10,10.293148289312747,12.945922680407953
0,26.52500000000016,10,10.305586154861931,12.934080239250695
0,26.57500000000016,10,10.317909490172573,12.92205295372384
0,26.62500000000016,10,10.330117969568072,12.909842840183037
0,26.67500000000016,10,10.342211278385575,12.897451918501464
0,26.72500000000016,10,10.35418911294032,12.884882211887568
0,26.775000000000162,10,10.366051180489288,12.872135746703565
0,26.825000000000163,10,10.377797199194186,12.85921455228467
0,26.875000000000163,10,10.389426898083752,12.846120660759093
0,26.925000000000164,10,10.400940017015394,12.832856106868821
0,26.975000000000165,10,10.412336306636167,12.819422927791186
0,27.025000000000166,10,10.423615528343095,12.805823162961204
0,27.075000000000166,10,10.434777454242855,12.792058853894734
0,27.125000000000163,10,10.445821867110812,12.778132044012443
0,27.175000000000164,10,10.456748560349425,12.764044778464607
0,27.225000000000165,10,10.467557337946024,12.749799103956729
0,27.275000000000166,10,10.478248014429981,12.735397068576
0,27.325000000000166,10,10.488820414829247,12.720840721618623
0,27.375000000000167,10,10.499274374626305,12.706132113417986
0,27.425000000000168,10,10.509609739713504,12.691273295173712
0,27.47500000000017,10,10.519826366347827,12.676266318781582
0,27.52500000000017,10,10.529924121105049,12.661113236664345
0,27.57500000000017,10,10.539902880833331,12.645816101603426
0,27.62500000000017,10,10.549762532606247,12.630376966571541
0,27.67500000000017,10,10.559502973675233,12.614797884566222
0,27.725000000000172,10,10.569124111421493,12.599080908444265
0,27.775000000000173,10,10.57862586330735,12.583228090757098
0,27.82500000000017,10,10.58800815682705,12.567241483587104
0,27.87500000000017,10,10.59727092945704,12.55112313838488
0,27.92500000000017,10,10.606414128605703,12.534875105807448
0,27.975000000000172,10,10.615437711562594,12.518499435557427
0,28.025000000000173,10,10.62434164544713,12.501998176223177
0,28.075000000000173,10,10.633125907156801,12.485373375119924
0,28.125000000000174,10,10.641790483314864,12.468627078131858
0,28.175000000000175,10,10.65033537021755,12.451761329555232
0,28.225000000000176,10,10.658760573780771,12.434778171942453
0,28.275000000000176,10,10.667066109486374,12.417679645947175
0,28.325000000000177,10,10.675252002327893,12.400467790170413
0,28.375000000000178,10,10.683318286755853,12.383144641007684
0,28.42500000000018,10,10.691265006622604,12.365712232497147
0,28.475000000000176,10,10.699092215126722,12.348172596168792
0,28.525000000000176,10,10.706799974756938,12.33052776089467
0,28.575000000000177,10,10.714388357235647,12.31277975274016
0,28.625000000000178,10,10.721857443461987,12.294930594816298
0,28.67500000000018,10,10.729207323454485,12.276982307133148
0,28.72500000000018,10,10.73643809629329,12.258936906454245
0,28.77500000000018,10,10.743549870061997,12.240796406152112
0,28.82500000000018,10,10.75054276178907,12.22256281606484
0,28.87500000000018,10,10.75741689738886,12.204238142353757
0,28.925000000000182,10,10.764172411602242,12.185824387362178
0,28.975000000000183,10,10.77080944793687,12.16732354947525
0,29.025000000000183,10,10.777328158607054,12.14873762298089
0,29.075000000000184,10,10.783728704473264,12.130068597931825
0,29.125000000000185,10,10.790011254981284,12.111318460008741
0,29.175000000000182,10,10.796175988101004,12.09248919038454
0,29.225000000000183,10,10.802223090264855,12.073582765589718
0,29.275000000000183,10,10.808152756305933,12.054601157378858
0,29.325000000000184,10,10.813965189395752,12.035546332598253
0,29.375000000000185,10,10.819660600981695,12.016420253054653
0,29.425000000000185,10,10.82523921072414,11.997224875385157
0,29.475000000000186,10,10.830701246433266,11.977962150928231
0,29.525000000000187,10,10.836046944005558,11.958634025595874
0,29.575000000000188,10,10.841276547360014,11.939242439746932
0,29.62500000000019,10,10.846390308374053,11.91978932806156
0,29.67500000000019,10,10.851388486819141,11.900276619416834
0,29.72500000000019,10,10.85627135029614,11.880706236763535
0,29.77500000000019,10,10.861039174170378,11.861080097004075
0,29.825000000000188,10,10.865692241506455,11.841400110871598
0,29.875000000000185,10,10.870230843002805,11.821668182810248
0,29.925000000000182,10,10.874655276925969,11.801886210856608
0,29.97500000000018,10,10.878965849044672,11.782056086522317
0,30.025000000000176,10,10.883162872563616,11.762179694677847
0,30.075000000000173,10,10.887246668057065,11.742258913437482
0,30.12500000000017,10,10.891217563402204,11.722295614045464
0,30.175000000000168,10,10.895075893712269,11.702291660763336
0,30.225000000000165,10,10.898822001269467,11.682248910758457
0,30.275000000000162,10,10.9024562354577,11.662169213993723
0,30.32500000000016,10,10.905978952695078,11.642054413118476
0,30.375000000000156,10,10.909390516366242,11.621906343360594
0,30.425000000000153,10,10.912691296754506,11.601726832419798
0,30.47500000000015,10,10.915881670973818,11.581517700362145
0,30.525000000000148,10,10.918962022900535,11.561280759515727
0,30.575000000000145,10,10.921932743105055,11.541017814367565
0,30.625000000000142,10,10.924794228783266,11.52073066146172
0,30.67500000000014,10,10.927546883687857,11.50042108929859
0,30.725000000000136,10,10.930191118059469,11.480090878235432
0,30.775000000000134,10,10.932727348557714,11.459741800388084
0,30.82500000000013,10,10.935155998192057,11.439375619533891
0,30.875000000000128,10,10.93747749625257,11.418994091015854
0,30.925000000000125,10,10.939692278240553,11.39859896164798
0,30.975000000000122,10,10.941800785799064,11.378191969621852
0,31.02500000000012,10,10.94380346664331,11.357774844414408
0,31.075000000000117,10,10.945700774490952,11.337349306696925
0,31.125000000000114,10,10.947493168992315,11.316917068245235
0,31.17500000000011,10,10.949181115660494,11.296479831851153
0,31.225000000000108,10,10.950765085801383,11.276039291235104
0,31.275000000000105,10,10.952245556443629,11.25559713095998
0,31.325000000000102,10,10.953623010268501,11.23515502634621
0,31.3750000000001,10,10.954897935539707,11.214714643388035
0,31.425000000000097,10,10.956070826033136,11.194277638671032
0,31.475000000000094,10,10.957142180966557,11.173845659290816
0,31.52500000000009,10,10.958112504929261,11.15342034277297
0,31.575000000000088,10,10.95898230781167,11.133003316994197
0,31.625000000000085,10,10.959752104734893,11.112596200104687
0,31.675000000000082,10,10.960422415980268,11.092200600451692
0,31.72500000000008,10,10.960993766918874,11.071818116504316
0,31.775000000000077,10,10.961466687941009,11.051450336779519
0,31.825000000000074,10,10.961841714385683,11.031098839769335
0,31.87500000000007,10,10.962119386470071,11.010765193869306
0,31.925000000000068,10,10.962300249218998,10.990450957308113
0,31.975000000000065,10,10.96238485239439,10.970157678078431
0,32.02500000000006,10,10.962373750424767,10.949886893868985
0,32.07500000000006,10,10.96226750233474,10.929640131997811
0,32.12500000000006,10,10.962066671674512,10.909418909346735
0,32.175000000000054,10,10.961771826449434,10.889224732297045
0,32.22500000000005,10,10.961383539049573,10.86905909666636
0,32.27500000000005,10,10.960902386179319,10.848923487646731
0,32.325000000000045,10,10.960328948787044,10.8288193797439
0,32.37500000000004,10,10.959663811994801,10.808748236717785
0,32.42500000000004,10,10.958907565028072,10.788711511524157
0,32.47500000000004,10,10.958060801145598,10.768710646257508
0,32.525000000000034,10,10.957124117569233,10.748747072095108
0,32.57500000000003,10,10.956098115413912,10.728822209242255
0,32.62500000000003,10,10.95498339961766,10.708937466878714
0,32.675000000000026,10,10.953780578871703,10.689094243106343
0,32.72500000000002,10,10.952490265550642,10.669293924897897
0,32.77500000000002,10,10.951113075642741,10.649537888047025
0,32.82500000000002,10,10.949649628680298,10.629827497119429
0,32.875000000000014,10,10.948100547670112,10.610164105405202
0,32.92500000000001,10,10.946466459024064,10.590549054872355
0,32.97500000000001,10,10.94474799248981,10.570983676121495
0,33.025000000000006,10,10.942945781081582,10.551469288341677
0,33.075,10,10.941060461011109,10.532007199267426
0,33.125,10,10.939092671618672,10.512598705136915
0,33.175,10,10.937043055304288,10.493245090651303
0,33.224999999999994,10,10.934912257459017,10.473947628935228
0,33.27499999999999,10,10.932700926396418,10.45470758149845
0,33.32499999999999,10,10.93040971328416,10.43552619819865
0,33.374999999999986,10,10.928039272075754,10.416404717205364
0,33.42499999999998,10,10.925590259442473,10.397344364965067
0,33.47499999999998,10,10.923063334705397,10.378346356167388
0,33.52499999999998,10,10.920459159767654,10.359411893712473
0,33.574999999999974,10,10.917778399046801,10.340542168679471
0,33.62499999999997,10,10.915021719407392,10.321738360296143
0,33.67499999999997,10,10.91218979009372,10.303001635909594
0,33.724999999999966,10,10.909283282662741,10.284333150958139
0,33.77499999999996,10,10.90630287091718,10.265734048944273
0,33.82499999999996,10,10.903249230838833,10.247205461408752
0,33.87499999999996,10,10.900123040522052,10.228748507905792
0,33.924999999999955,10,10.896924980107443,10.21036429597936
0,33.97499999999995,10,10.893655731715755,10.192053921140573
0,34.02499999999995,10,10.890315979381988,10.173818466846182
0,34.074999999999946,10,10.886906408989697,10.155659004478164
0,34.12499999999994,10,10.883427708205522,10.137576593324377
0,34.17499999999994,10,10.879880566413934,10.119572280560321
0,34.22499999999994,10,10.87626567465221,10.101647101231961
0,34.274999999999935,10,10.872583725545622,10.083802078239621
0,34.32499999999993,10,10.868835413242872,10.06603822232296
0,34.37499999999993,10,10.865021433351753,10.048356532047002
0,34.424999999999926,10,10.861142482875056,10.030757993789221
0,34.47499999999992,10,10.857199260146709,10.013243581727691
0,34.52499999999992,10,10.85319246476818,9.995814257830277
0,34.57499999999992,10,10.84912279754511,9.978470971844871
0,34.624999999999915,10,10.84499096042422,9.961214661290665
0,34.67499999999991,10,10.840797656430459,9.944046251450468
0,34.72499999999991,10,10.83654358960443,9.926966655364037
0,34.774999999999906,10,10.832229464940065,9.909976773822443
0,34.8249999999999,10,10.827855988322579,9.893077495363451
0,34.8749999999999,10,10.823423866466696,9.876269696267917
0,34.9249999999999,10,10.818933806855144,9.859554240557188
0,34.974999999999895,10,10.814386517677438,9.842931979991498
0,35.02499999999989,10,10.809782707768933,9.826403754069375
0,35.07499999999989,10,10.805123086550186,9.80997039002804
0,35.124999999999886,10,10.800408363966575,9.793632702844777
0,35.17499999999988,10,10.795639250428238,9.777391495239295
0,35.22499999999988,10,10.790816456750292,9.761247557677061
0,35.27499999999988,10,10.78594069409336,9.745201668373603
0,35.324999999999875,10,10.781012673904396,9.729254593299778
0,35.37499999999987,10,10.77603310785781,9.713407086187994
0,35.42499999999987,10,10.77100270779691,9.69765988853938
0,35.474999999999866,10,10.76592218567565,9.682013729631919
0,35.524999999999864,10,10.760792253500696,9.666469326529503
0,35.57499999999986,10,10.755613623273803,9.65102738409193
0,35.62499999999986,10,10.750387006934513,9.635688594985826
0,35.674999999999855,10,10.74511311630319,9.620453639696489
0,35.72499999999985,10,10.739792663024351,9.605323186540659
0,35.77499999999985,10,10.73442635851036,9.590297891680185
0,35.82499999999985,10,10.729014913885424,9.5753783991366
0,35.874999999999844,10,10.723559039929937,9.560565340806589
0,35.92499999999984,10,10.718059447025164,9.545859336478363
0,35.97499999999984,10,10.712516845098254,9.531260993848909
0,36.024999999999835,10,10.706931943567595,9.516770908542107
0,36.07499999999983,10,10.701305451288519,9.50238966412774
0,36.12499999999983,10,10.695638076499359,9.488117832141361
0,36.17499999999983,10,10.689930526767832,9.473955972105015
0,36.224999999999824,10,10.684183508937798,9.459904631548818
0,36.27499999999982,10,10.678397729076362,9.445964346033389
0,36.32499999999982,10,10.67257389242133,9.432135639173113
0,36.374999999999815,10,10.66671270332903,9.418419022660242
0,36.42499999999981,10,10.660814865222477,9.404814996289822
0,36.47499999999981,10,10.654881080539935,9.39132404798545
0,36.52499999999981,10,10.6489120506838,9.377946653825818
0,36.574999999999804,10,10.642908475969882,9.364683278072098
0,36.6249999999998,10,10.636871055577048,9.351534373196104
0,36.6749999999998,10,10.63080048749722,9.338500379909258
0,36.724999999999795,10,10.624697468485778,9.325581727192342
0,36.77499999999979,10,10.618562694012297,9.312778832326028
0,36.82499999999979,10,10.612396858211705,9.300092100922186
0,36.87499999999979,10,10.606200653835781,9.28752192695595
0,36.924999999999784,10,10.599974772205051,9.275068692798556
0,36.97499999999978,10,10.593719903161077,9.262732769250919
0,37.02499999999978,10,10.587436735019097,9.250514515577969
0,37.074999999999775,10,10.581125954521092,9.238414279543719
0,37.12499999999977,10,10.5747882467892,9.226432397447073
0,37.17499999999977,10,10.568424295279554,9.21456919415835
0,37.22499999999977,10,10.562034781736482,9.202824983156528
0,37.274999999999764,10,10.555620386147119,9.191200066567204
0,37.32499999999976,10,10.5491817866964,9.179694735201254
0,37.37499999999976,10,10.542719659722447,9.168309268594196
0,37.424999999999756,10,10.536234679672374,9.15704393504624
0,37.47499999999975,10,10.52972751905845,9.14589899166302
0,37.52499999999975,10,10.52319884841471,9.134874684397
0,37.57499999999975,10,10.516649336253911,9.123971248089562
0,37.624999999999744,10,10.510079649024942,9.113188906513743
0,37.67499999999974,10,10.5034904510706,9.102527872417621
0,37.72499999999974,10,10.496882404585792,9.091988347568373
0,37.774999999999736,10,10.490256169576117,9.081570522796953
0,37.82499999999973,10,10.48361240381689,9.07127457804341
0,37.87499999999973,10,10.476951762812536,9.061100682402826
0,37.92499999999973,10,10.47027489975642,9.051048994171891
0,37.974999999999724,10,10.463582465491069,9.041119660896074
0,38.02499999999972,10,10.456875108468807,9.031312819417394
0,38.07499999999972,10,10.450153474712815,9.021628595922813
0,38.124999999999716,10,10.44341820777858,9.012067105993195
0,38.17499999999971,10,10.436669948715775,9.002628454652854
0,38.22499999999971,10,10.42990933603054,8.99331273641969
0,38.27499999999971,10,10.42313700564819,8.984120035355879
0,38.324999999999704,10,10.416353590876321,8.975050425119132
0,38.3749999999997,10,10.409559722368353,8.966103969014508
0,38.4249999999997,10,10.402756028087463,8.957280720046768
0,38.474999999999696,10,10.395943133270961,8.948580720973274
0,38.52499999999969,10,10.389121660395062,8.940004004357426
0,38.57499999999969,10,10.382292229140091,8.931550592622608
0,38.62499999999969,10,10.3754554563561,8.923220498106666
0,38.674999999999685,10,10.368611956028895,8.915013723116894
0,38.72499999999968,10,10.361762339246503,8.906930259985522
0,38.77499999999968,10,10.354907214166044,8.898970091125697
0,38.824999999999676,10,10.348047185981015,8.89113318908796
0,38.87499999999967,10,10.341182856889017,8.883419516617185
0,38.92499999999967,10,10.334314826059884,8.875829026710027
0,38.97499999999967,10,10.327443689604245,8.868361662672816
0,39.024999999999665,10,10.32057004054249,8.861017358179899
0,39.07499999999966,10,10.313694468774177,8.853796037332454
0,39.12499999999966,10,10.306817561047847,8.846697614717751
0,39.174999999999656,10,10.299939900931266,8.839721995468832
0,39.22499999999965,10,10.293062068782083,8.83286907532464
0,39.27499999999965,10,10.286184641718922,8.826138740690563
0,39.32499999999965,10,10.279308193592872,8.819530868699397
0,39.374999999999645,10,10.272433294959427,8.813045327272716
0,39.42499999999964,10,10.265560513050822,8.80668197518265
0,39.47499999999964,10,10.258690411748812,8.800440662114044
0,39.524999999999636,10,10.251823551557848,8.794321228727021
0,39.57499999999963,10,10.244960489578702,8.78832350671992
0,39.62499999999963,10,10.238101779482479,8.78244731889259
0,39.67499999999963,10,10.23124797148509,8.776692479210084
0,39.724999999999625,10,10.224399612322102,8.771058792866679
0,39.77499999999962,10,10.217557245224045,8.765546056350269
0,39.82499999999962,10,10.210721409892113,8.760154057507089
0,39.874999999999616,10,10.203892642474298,8.75488257560679
0,39.92499999999961,10,10.197071475541936,8.74973138140783
0,39.97499999999961,10,10.190258438066671,8.744700237223201
0,40.02499999999961,10,10.18345405539785,8.739788896986457
0,40.074999999999605,10,10.176658849240308,8.73499710631807
0,40.1249999999996,10,10.169873337632602,8.730324602592074
0,40.1749999999996,10,10.163098034925635,8.725771115002999
0,40.224999999999596,10,10.156333451761716,8.721336364633114
0,40.274999999999594,10,10.149580095054011,8.717020064519934
0,40.32499999999959,10,10.142838467966437,8.712821919724002
0,40.37499999999959,10,10.13610906989395,8.708741627396941
0,40.424999999999585,10,10.129392396443246,8.704778876849778
0,40.47499999999958,10,10.122688939413889,8.700933349621495
0,40.52499999999958,10,10.115999186779838,8.697204719547848
0,40.57499999999958,10,10.109323622671381,8.693592652830416
0,40.624999999999574,10,10.102662727357497,8.690096808105878
0,40.67499999999957,10,10.096016977228608,8.68671683651552
0,40.72499999999957,10,10.089386844779744,8.683452381774977
0,40.774999999999565,10,10.082772798594133,8.680303080244153
0,40.82499999999956,10,10.076175303327167,8.677268560997373
0,40.87499999999956,10,10.069594819690792,8.674348445893724
0,40.92499999999956,10,10.063031804438305,8.671542349647583
0,40.974999999999554,10,10.056486710349546,8.66884987989933
0,41.02499999999955,10,10.049959986216493,8.666270637286257
0,41.07499999999955,10,10.04345207682926,8.663804215513622
0,41.124999999999545,10,10.036963422962497,8.661450201425883
0,41.17499999999954,10,10.030494461362185,8.659208175078085
0,41.22499999999954,10,10.024045624732834,8.657077709807401
0,41.27499999999954,10,10.017617341725071,8.655058372304813
0,41.324999999999534,10,10.011210036923634,8.653149722686935
0,41.37499999999953,10,10.004824130835743,8.651351314567966
0,41.42499999999953,10,9.998460039879884,8.649662695131768
0,41.474999999999525,10,9.992118176374968,8.648083405204066
0,41.52499999999952,10,9.985798948529895,8.64661297932475
0,41.57499999999952,10,9.979502760433492,8.645250945820296
0,41.62499999999952,10,9.973230012044855,8.643996826876274
0,41.674999999999514,10,9.966981099184057,8.642850138609957
0,41.72499999999951,10,9.960756413523265,8.641810391143007
0,41.77499999999951,10,9.954556342578224,8.640877088674253
0,41.824999999999505,10,9.948381269700123,8.640049729552533
0,41.8749999999995,10,9.942231574067854,8.63932780634961
0,41.9249999999995,10,9.936107630680636,8.63871080593315
0,41.9749999999995,10,9.930009810351029,8.638198209539734
0,42.024999999999494,10,9.923938479698311,8.637789492847958
0,42.07499999999949,10,9.917894001142244,8.637484126051538
0,42.12499999999949,10,9.911876732897202,8.637281573932475
0,42.174999999999486,10,9.905887028966673,8.637181295934237
0,42.22499999999948,10,9.899925239138136,8.637182746234972
0,42.27499999999948,10,9.8939917089783,8.637285373820735
0,42.32499999999948,10,9.888086779828711,8.637488622558735
0,42.374999999999474,10,9.88221078880173,8.637791931270582
0,42.42499999999947,10,9.876364068776857,8.638194733805532
0,42.47499999999947,10,9.87054694839744,8.63869645911373
0,42.524999999999466,10,9.864759752067727,8.639296531319445
0,42.57499999999946,10,9.85900279995028,8.63999436979428
0,42.62499999999946,10,9.853276407963746,8.640789389230365
0,42.67499999999946,10,9.847580887780984,8.64168099971352
0,42.724999999999454,10,9.841916546827543,8.642668606796377
0,42.77499999999945,10,9.836283688280483,8.64375161157148
0,42.82499999999945,10,9.830682611067564,8.644929410744313
0,42.874999999999446,10,9.825113609866763,8.646201396706289
0,42.92499999999944,10,9.819576975106145,8.64756695760769
0,42.97499999999944,10,9.81407299296407,8.649025477430538
0,43.02499999999944,10,9.808601945369757,8.650576336061386
0,43.074999999999434,10,9.803164110004174,8.652218909364052
0,43.12499999999943,10,9.797759760301256,8.653952569252269
0,43.17499999999943,10,9.792389165449494,8.655776683762248
0,43.224999999999426,10,9.787052590393811,8.657690617125146
0,43.27499999999942,10,9.781750295837808,8.659693729839448
0,43.32499999999942,10,9.776482538246318,8.661785378743245
0,43.37499999999942,10,9.771249569848294,8.663964917086403
0,43.424999999999415,10,9.766051638640022,8.666231694602631
0,43.47499999999941,10,9.760888988388658,8.668585057581415
0,43.52499999999941,10,9.755761858636083,8.671024348939845
0,43.574999999999406,10,9.75067048470308,8.673548908294308
0,43.6249999999994,10,9.745615097693832,8.676158072032058
0,43.6749999999994,10,9.740595924500722,8.67885117338264
0,43.7249999999994,10,9.735613187809454,8.681627542489172
0,43.774999999999395,10,9.730667106104494,8.684486506479494
0,43.82499999999939,10,9.725757893674803,8.687427389537145
0,43.87499999999938,10,9.720885760619879,8.6904495129722
0,43.92499999999938,10,9.716050912856115,8.693552195291938
0,43.974999999999376,10,9.711253552123448,8.696734752271338
0,44.02499999999937,10,9.706493875992308,8.699996497023426
0,44.07499999999937,10,9.701772077870869,8.703336740069421
0,44.12499999999937,10,9.697088347012595,8.706754789408716
0,44.174999999999365,10,9.692442868524074,8.710249950588668
0,44.22499999999936,10,9.687835823373145,8.713821526774199
0,44.27499999999936,10,9.683267388397322,8.717468818817203
0,44.324999999999356,10,9.678737736312483,8.721191125325765
0,44.37499999999935,10,9.674247035721871,8.724987742733155
0,44.42499999999935,10,9.669795451125347,8.728857965366629
0,44.47499999999935,10,9.665383142928953,8.732801085516021
0,44.524999999999345,10,9.661010267454717,8.736816393502114
0,44.57499999999934,10,9.656676976950774,8.74090317774478
0,44.62499999999934,10,9.652383419601714,8.745060724830918
0,44.674999999999336,10,9.648129739539236,8.74928831958214
0,44.72499999999933,10,9.64391607685306,8.75358524512224
0,44.77499999999933,10,9.639742567602084,8.757950782944413
0,44.82499999999933,10,9.635609343825841,8.762384212978242
0,44.874999999999325,10,9.631516533556173,8.766884813656441
0,44.92499999999932,10,9.627464260829209,8.77145186198134
0,44.97499999999932,10,9.623452645697558,8.776084633591116
0,45.02499999999932,10,9.619481804242778,8.780782402825775
0,45.074999999999314,10,9.615551848588098,8.785544442792869
0,45.12499999999931,10,9.611662886911366,8.790370025432939
0,45.17499999999931,10,9.607815023458274,8.795258421584707
0,45.224999999999305,10,9.604008358555799,8.800208901049988
0,45.2749999999993,10,9.6002429886259,8.805220732658306
0,45.3249999999993,10,9.596519006199458,8.810293184331258
0,45.3749999999993,10,9.59283649993043,8.815425523146585
0,45.424999999999294,10,9.589195554610262,8.820617015401947
0,45.47499999999929,10,9.585596251182523,8.82586692667841
0,45.52499999999929,10,9.582038666757763,8.831174521903653
0,45.574999999999285,10,9.578522874628606,8.836539065414861
0,45.62499999999928,10,9.57504894428506,8.841959821021314
0,45.67499999999928,10,9.571616941430053,8.84743605206669
0,45.72499999999928,10,9.56822692799519,8.852967021491045
0,45.774999999999274,10,9.564878962156714,8.858551991892478
0,45.82499999999927,10,9.561573098351703,8.8641902255885
0,45.87499999999927,10,9.558309387294456,8.869880984677067
0,45.924999999999265,10,9.555087875993099,8.875623531097306
0,45.97499999999926,10,9.551908607766396,8.881417126689898
0,46.02499999999926,10,9.548771622260775,8.887261033257163
0,46.07499999999926,10,9.545676955467524,8.893154512622782
0,46.124999999999254,10,9.542624639740227,8.89909682669121
0,46.17499999999925,10,9.539614703812367,8.905087237506743
0,46.22499999999925,10,9.536647172815128,8.911125007312243
0,46.274999999999245,10,9.533722068295406,8.917209398607538
0,46.32499999999924,10,9.53083940823398,8.923339674207456
0,46.37499999999924,10,9.527999207063903,8.92951509729952
0,46.42499999999924,10,9.525201475689043,8.935734931501296
0,46.474999999999234,10,9.522446221502829,8.941998440917386
0,46.52499999999923,10,9.519733448407171,8.94830489019607
0,46.57499999999923,10,9.517063156831549,8.95465354458558
0,46.624999999999226,10,9.514435343752286,8.961043669990023
0,46.67499999999922,10,9.51185000271198,8.967474533024928
0,46.72499999999922,10,9.509307123839124,8.973945401072447
0,46.77499999999922,10,9.506806693867864,8.980455542336173
0,46.824999999999214,10,9.504348696157956,8.987004225895593
0,46.87499999999921,10,9.501933110714852,8.993590721760162
0,46.92499999999921,10,9.49955991420996,9.00021430092302
0,46.974999999999206,10,9.497229080001068,9.006874235414303
0,47.0249999999992,10,9.494940578152901,9.013569798354101
0,47.0749999999992,10,9.49269437545785,9.020300264005025
0,47.1249999999992,10,9.490490435456833,9.027064907824387
0,47.174999999999194,10,9.488328718460314,9.033863006515997
0,47.22499999999919,10,9.486209181569462,9.040693838081566
0,47.27499999999919,10,9.48413177869745,9.047556681871736
0,47.324999999999186,10,9.482096460590888,9.054450818636695
0,47.37499999999918,10,9.48010317485141,9.061375530576422
0,47.42499999999918,10,9.478151865957368,9.068330101390519
0,47.47499999999918,10,9.476242475285684,9.075313816327652
0,47.524999999999174,10,9.47437494113381,9.082325962234599
0,47.57499999999917,10,9.472549198741829,9.089365827604883
0,47.62499999999917,10,9.470765180314665,9.09643270262701
0,47.674999999999166,10,9.469022815044436,9.103525879232311
0,47.72499999999916,10,9.467322029132898,9.110644651142362
0,47.77499999999916,10,9.46566274581403,9.117788313916009
0,47.82499999999916,10,9.464044885376723,9.124956164995977
0,47.874999999999154,10,9.46246836518757,9.132147503755073
0,47.92499999999915,10,9.460933099713792,9.139361631541977
0,47.97499999999915,10,9.459439000546238,9.146597851726613
0,48.024999999999146,10,9.457985976422517,9.153855469745116
0,48.07499999999914,10,9.456573933250208,9.161133793144382
0,48.12499999999914,10,9.455202774130198,9.168432131626183
0,48.17499999999914,10,9.45387239938008,9.175749797090884
0,48.224999999999135,10,9.452582706557678,9.183086103680738
0,48.27499999999913,10,9.451333590484648,9.190440367822749
0,48.32499999999913,10,9.450124943270174,9.197811908271117
0,48.374999999999126,10,9.44895665433474,9.205200046149274
0,48.42499999999912,10,9.447828610434007,9.212604104991472
0,48.47499999999912,10,9.446740695682752,9.220023410783961
0,48.52499999999912,10,9.445692791578901,9.227457292005743
0,48.574999999999115,10,9.444684777027632,9.23490507966889
0,48.62499999999911,10,9.443716528365554,9.242366107358437
0,48.67499999999911,10,9.442787919384967,9.249839711271852
0,48.724999999999106,10,9.441898821358178,9.257325230258067
0,48.7749999999991,10,9.441049103061895,9.264822005856088
0,48.8249999999991,10,9.440238630801687,9.272329382333169
0,48.8749999999991,10,9.439467268436507,9.279846706722552
0,48.924999999999095,10,9.438734877403268,9.28737332886078
0,48.97499999999909,10,9.438041316741488,9.294908601424577
0,49.02499999999909,10,9.43738644311799,9.302451879967288
0,49.074999999999086,10,9.436770110851647,9.310002522954887
0,49.12499999999908,10,9.436192171938192,9.317559891801565
0,49.17499999999908,10,9.435652476075068,9.32512335090486
0,49.22499999999908,10,9.435150870686329,9.332692267680367
0,49.274999999999075,10,9.434687200947586,9.340266012595997
0,49.32499999999907,10,9.434261309810996,9.347843959205823
0,49.37499999999907,10,9.433873038030292,9.35542548418348
0,49.424999999999066,10,9.433522224185845,9.36300996735511
0,49.47499999999906,10,9.433208704709774,9.370596791731895
0,49.52499999999906,10,9.432932313911078,9.378185343542144
0,49.57499999999906,10,9.432692884000806,9.385775012262936
0,49.624999999999055,10,9.43249024511726,9.39336519065134
0,49.67499999999905,10,9.432324225351213,9.40095527477518
0,49.72499999999905,10,9.432194650771162,9.408544664043374
0,49.77499999999905,10,9.432101345448606,9.416132761235836
0,49.824999999999044,10,9.432044131483334,9.423718972532935
0,49.87499999999904,10,9.432022829028739,9.431302707544521
0,49.92499999999904,10,9.43203725631715,9.4388833793385
0,49.974999999999035,10,9.432087229685171,9.446460404468995
0,50.02499999999903,10,9.432172563599043,9.454033203004064
0,50.07499999999903,10,9.432293070679998,9.461601198552957
0,50.12499999999903,10,9.432448561729645,9.46916381829296
0,50.174999999999024,10,9.432638845755342,9.476720492995803
0,50.22499999999902,10,9.432863729995582,9.484270657053614
0,50.27499999999902,10,9.433123019945373,9.491813748504464
0,50.324999999999015,10,9.433416519381632,9.499349209057455
0,50.37499999999901,10,9.433744030388556,9.506876484117365
0,50.42499999999901,10,9.434105353383009,9.51439502280889
0,50.47499999999901,10,9.434500287139885,9.521904278000427
0,50.524999999999004,10,9.434928628817477,9.529403706327432
0,50.574999999999,10,9.435390173982826,9.536892768215338
0,50.624999999999,10,9.435884716637066,9.544370927902053
0,50.674999999998995,10,9.436412049240737,9.551837653460014
0,50.72499999999899,10,9.436971962739111,9.559292416817815
0,50.77499999999899,10,9.437564246587469,9.5667346937814
0,50.82499999999899,10,9.438188688776378,9.57416396405484
0,50.874999999998984,10,9.43884507585694,9.58157971126065
0,50.92499999999898,10,9.439533192966014,9.588981422959712
0,50.97499999999898,10,9.440252823851411,9.596368590670753
0,51.024999999998975,10,9.441003750897073,9.603740709889394
0,51.07499999999897,10,9.441785755148203,9.61109728010678
0,51.12499999999897,10,9.442598616336387,9.618437804827783
0,51.17499999999897,10,9.443442112904656,9.625761791588776
0,51.224999999998964,10,9.444316022032535,9.63306875197498
0,51.27499999999896,10,9.445220119661046,9.640358201637405
0,51.32499999999896,10,9.446154180517667,9.647629660309354
0,51.374999999998956,10,9.447117978141259,9.654882651822515
0,51.42499999999895,10,9.448111284906949,9.662116704122624
0,51.47499999999895,10,9.449133872050961,9.669331349284723
0,51.52499999999895,10,9.450185509695412,9.676526123527987
0,51.574999999998944,10,9.451265966873054,9.683700567230137
0,51.62499999999894,10,9.452375011551965,9.690854224941445
0,51.67499999999894,10,9.453512410660192,9.69798664539833
0,51.724999999998936,10,9.454677930110345,9.705097381536524
0,51.77499999999893,10,9.455871334824122,9.712185990503828
0,51.82499999999893,10,9.4570923887568,9.71925203367248
0,51.87499999999893,10,9.458340854921643,9.726295076651093
0,51.924999999998924,10,9.45961649541427,9.733314689296181
0,51.97499999999892,10,9.460919071436956,9.740310445723301
0,52.02499999999892,10,9.462248343322864,9.747281924317775
0,52.074999999998916,10,9.463604070560221,9.754228707745007
0,52.12499999999891,10,9.46498601181642,9.761150382960402
0,52.17499999999891,10,9.466393924962063,9.768046541218887
0,52.22499999999891,10,9.467827567094933,9.774916778084027
0,52.274999999998904,10,9.469286694563884,9.781760693436746
0,52.3249999999989,10,9.470771062992677,9.788577891483653
0,52.3749999999989,10,9.472280427303723,9.795367980764969
0,52.424999999998896,10,9.47381454174177,9.802130574162058
0,52.47499999999889,10,9.475373159897504,9.808865288904585
0,52.52499999999889,10,9.476956034731058,9.815571746577259
0,52.57499999999889,10,9.478562918595472,9.822249573126202
0,52.624999999998884,10,9.480193563260041,9.828898398864926
0,52.67499999999888,10,9.481847719933604,9.835517858479927
0,52.72499999999888,10,9.483525139287737,9.8421075910359
0,52.774999999998876,10,9.485225571479853,9.84866723998056
0,52.82499999999887,10,9.48694876617624,9.8551964531491
0,52.87499999999887,10,9.488694472574986,9.861694882768248
0,52.92499999999887,10,9.490462439428823,9.868162185459964
0,52.974999999998865,10,9.49225241506789,9.874598022244768
0,53.02499999999886,10,9.494064147422385,9.881002058544679
0,53.07499999999886,10,9.495897384045142,9.887373964185784
0,53.124999999998856,10,9.497751872134097,9.893713413400452
0,53.17499999999885,10,9.499627358554674,9.900020084829166
0,53.22499999999885,10,9.501523589862058,9.906293661522001
0,53.27499999999885,10,9.50344031232338,9.912533830939731
0,53.324999999998845,10,9.5053772719398,9.91874028495457
0,53.37499999999884,10,9.50733421446848,9.924912719850568
0,53.42499999999884,10,9.509310885444476,9.931050836323632
0,53.474999999998836,10,9.511307030202499,9.937154339481204
0,53.52499999999883,10,9.513322393898592,9.943222938841581
0,53.57499999999883,10,9.515356721531695,9.949256348332883
0,53.62499999999883,10,9.517409757965103,9.955254286291675
0,53.674999999998825,10,9.519481247947803,9.961216475461235
0,53.72499999999882,10,9.521570936135737,9.967142642989472
0,53.77499999999882,10,9.523678567112906,9.973032520426518
0,53.824999999998816,10,9.525803885412408,9.978885843721963
0,53.87499999999881,10,9.527946635537331,9.984702353221763
0,53.92499999999881,10,9.530106561981553,9.990481793664792
0,53.97499999999881,10,9.532283409250413,9.996223914179076
0,54.024999999998805,10,9.534476921881277,10.001928468277693
0,54.0749999999988,10,9.536686844463983,10.007595213854334
0,54.1249999999988,10,9.538912921661161,10.013223913178535
0,54.174999999998796,10,9.541154898228456,10.018814332890601
0,54.22499999999879,10,9.543412519034598,10.02436624399618
0,54.27499999999879,10,9.545685529081391,10.02987942186053
0,54.32499999999879,10,9.547973673523538,10.035353646202468
0,54.374999999998785,10,9.550276697688387,10.040788701087992
0,54.42499999999878,10,9.552594347095516,10.046184374923598
0,54.47499999999878,10,9.554926367476215,10.051540460449278
0,54.524999999998776,10,9.557272504792842,10.056856754731205
0,54.574999999998774,10,9.559632505258039,10.062133059154124
0,54.62499999999877,10,9.56200611535384,10.06736917941342
0,54.67499999999877,10,9.564393081850639,10.072564925506887
0,54.724999999998765,10,9.566793151826026,10.077720111726205
0,54.77499999999876,10,9.569206072683512,10.082834556648109
0,54.82499999999876,10,9.571631592171101,10.087908083125265
0,54.87499999999876,10,9.57406945839975,10.092940518276851
0,54.924999999998754,10,9.576519419861683,10.097931693478845
0,54.97499999999875,10,9.578981225448587,10.102881444354031
0,55.02499999999875,10,9.581454624469655,10.107789610761708
0,55.074999999998745,10,9.583939366669524,10.112656036787115
0,55.12499999999874,10,9.586435202246044,10.117480570730581
0,55.17499999999874,10,9.58894188186794,10.122263065096403
0,55.22499999999874,10,9.591459156692325,10.127003376581424
0,55.274999999998734,10,9.593986778382078,10.131701366063348
0,55.32499999999873,10,9.596524499123085,10.136356898588788
0,55.37499999999873,10,9.599072071641347,10.140969843361043
0,55.424999999998725,10,9.601629249219936,10.145540073727604
0,55.47499999999872,10,9.604195785715836,10.150067467167387
0,55.52499999999872,10,9.606771435576615,10.154551905277726
0,55.57499999999872,10,9.609355953856978,10.158993273761086
0,55.624999999998714,10,9.611949096235175,10.163391462411514
0,55.67499999999871,10,9.61455061902926,10.167746365100868
0,55.72499999999871,10,9.617160279213213,10.172057879764765
0,55.774999999998705,10,9.619777834432933,10.176325908388282
0,55.8249999999987,10,9.622403043022056,10.180550356991416
0,55.8749999999987,10,9.625035664017663,10.184731135614303
0,55.9249999999987,10,9.627675457175826,10.18886815830219
0,55.974999999998694,10,9.630322182987012,10.192961343090166
0,56.02499999999869,10,9.632975602691346,10.19701061198766
0,56.07499999999869,10,9.63563547829373,10.20101589096269
0,56.124999999998685,10,9.63830157257881,10.204977109925913
0,56.17499999999868,10,9.640973649125797,10.208894202714417
0,56.22499999999868,10,9.643651472323159,10.212767107075289
0,56.27499999999868,10,9.646334807383134,10.216595764648973
0,56.324999999998674,10,9.649023420356132,10.220380120952395
0,56.37499999999867,10,9.651717078144957,10.224120125361873
0,56.42499999999867,10,9.654415548518912,10.227815731095813
0,56.474999999998666,10,9.65711860012773,10.231466895197183
0,56.52499999999866,10,9.659826002515365,10.235073578515786
0,56.57499999999866,10,9.662537526133645,10.23863574569032
0,56.62499999999866,10,9.665252942355767,10.242153365130227
0,56.674999999998654,10,9.667972023489636,10.245626408997342
0,56.72499999999865,10,9.670694542791065,10.249054853187364
0,56.77499999999865,10,9.673420274476829,10.252438677311085
0,56.824999999998646,10,9.676148993737554,10.255777864675455
0,56.87499999999864,10,9.678880476750466,10.259072402264444
0,56.92499999999864,10,9.681614500691996,10.262322280719713
0,56.97499999999864,10,9.684350843750215,10.265527494321109
0,57.024999999998634,10,9.687089285137137,10.268688040966962
0,57.07499999999863,10,9.689829605100865,10.271803922154202
0,57.12499999999863,10,9.69257158493758,10.27487514295829
0,57.174999999998626,10,9.695315007003394,10.27790171201299
0,57.22499999999862,10,9.698059654726029,10.280883641489956
0,57.27499999999862,10,9.70080531261637,10.283820947078135
0,57.32499999999862,10,9.703551766279846,10.286713647963033
0,57.374999999998614,10,9.706298802427675,10.28956176680578
0,57.42499999999861,10,9.709046208887944,10.292365329722045
0,57.47499999999861,10,9.711793774616549,10.295124366260788
0,57.524999999998606,10,9.714541289707975,10.297838909382863
0,57.5749999999986,10,9.717288545405935,10.300508995439449
0,57.6249999999986,10,9.72003533411384,10.303134664150338
0,57.6749999999986,10,9.722781449405131,10.305715958582065
0,57.724999999998595,10,9.72552668603346,10.308252925125895
0,57.77499999999859,10,9.728270839942713,10.310745613475667
0,57.82499999999859,10,9.73101370827688,10.31319407660548
0,57.874999999998586,10,9.733755089389783,10.315598370747255
0,57.92499999999858,10,9.736494782854646,10.317958555368142
0,57.97499999999858,10,9.739232589473508,10.320274693147816
0,58.02499999999858,10,9.741968311286495,10.32254684995562
0,58.074999999998575,10,9.744701751580942,10.324775094827576
0,58.12499999999857,10,9.747432714900349,10.326959499943285
0,58.17499999999857,10,9.750161007053201,10.32910014060269
0,58.224999999998566,10,9.752886435121631,10.331197095202713
0,58.27499999999856,10,9.755608807469933,10.33325044521378
0,58.32499999999856,10,9.758327933752925,10.335260275156232
0,58.37499999999856,10,9.761043624924156,10.337226672576604
0,58.424999999998555,10,9.763755693243974,10.339149728023814
0,58.47499999999855,10,9.766463952287436,10.341029535025223
0,58.52499999999855,10,9.769168216952066,10.342866190062596
0,58.574999999998546,10,9.771868303465467,10.344659792547963
0,58.62499999999854,10,9.774564029392796,10.346410444799362
0,58.67499999999854,10,9.777255213644054,10.348118252016501
0,58.72499999999854,10,9.77994167648127,10.349783322256316
0,58.774999999998535,10,9.782623239525511,10.351405766408424
0,58.82499999999853,10,9.785299725763744,10.352985698170503
0,58.87499999999853,10,9.787970959555562,10.35452323402356
0,58.924999999998526,10,9.790636766639748,10.356018493207126
0,58.97499999999852,10,9.793296974140702,10.35747159769437
0,59.02499999999852,10,9.795951410574718,10.358882672167125
0,59.07499999999852,10,9.79859990585611,10.360251843990822
0,59.124999999998515,10,9.801242291303193,10.36157924318937
0,59.17499999999851,10,9.803878399644125,10.362865002419941
0,59.22499999999851,10,9.806508065022587,10.364109256947694
0,59.274999999998506,10,9.80913112300334,10.365312144620432
0,59.324999999998504,10,9.811747410577608,10.366473805843176
0,59.3749999999985,10,9.814356766168343,10.367594383552682
0,59.4249999999985,10,9.816959029635331,10.368674023191904
0,59.474999999998495,10,9.819554042280155,10.369712872684392
0,59.52499999999849,10,9.82214164685102,10.370711082408615
0,59.57499999999849,10,9.824721687547424,10.371668805172254
0,59.62499999999849,10,9.827294010024703,10.372586196186429
0,59.67499999999849,10,9.829858461398414,10.373463413039865
0,59.724999999998495,10,9.832414890248588,10.374300615673034
0,59.77499999999849,10,9.83496314662384,10.375097966352245
0,59.8249999999985,10,9.837503082045334,10.375855629643661
0,59.8749999999985,10,9.840034549510614,10.376573772387315
0,59.924999999998505,10,9.842557403497285,10.377252563671064
0,59.97499999999851,10,9.845071499966558,10.377892174804504
0,60.02499999999851,10,9.847576696366668,10.378492779292868
0,60.07499999999852,10,9.850072851636131,10.379054552810876
0,60.12499999999852,10,9.85255982620688,10.379577673176566
0,60.174999999998526,10,9.855037482007253,10.380062320325086
0,60.22499999999853,10,9.857505682464854,10.380508676282467
0,60.274999999998535,10,9.859964292509268,10.380916925139374
0,60.32499999999854,10,9.862413178574643,10.381287253024839
0,60.37499999999854,10,9.864852208602137,10.381619848079968
0,60.42499999999855,10,9.867281252042233,10.381914900431632
0,60.474999999998545,10,9.869700179856904,10.382172602166152
0,60.52499999999855,10,9.872108864521678,10.382393147302965
0,60.57499999999855,10,9.874507180027523,10.38257673176828
0,60.62499999999856,10,9.876895001882641,10.38272355336873
0,60.67499999999856,10,9.87927220711411,10.38283381176502
0,60.724999999998566,10,9.881638674269386,10.382907708445558
0,60.77499999999857,10,9.883994283417703,10.382945446700111
0,60.824999999998575,10,9.886338916151312,10.38294723159344
0,60.87499999999858,10,9.888672455586605,10.382913269938935
0,60.92499999999858,10,9.890994786365113,10.382843770272286
0,60.97499999999859,10,9.893305794654363,10.382738942825117
0,61.02499999999859,10,9.895605368148624,10.382598999498665
0,61.074999999998596,10,9.897893396069511,10.382424153837462
0,61.1249999999986,10,9.900169769166466,10.38221462100302
0,61.1749999999986,10,9.902434379717118,10.381970617747541
0,61.2249999999986,10,9.904687121527516,10.381692362387636
0,61.274999999998606,10,9.906927889932234,10.381380074778077
0,61.32499999999861,10,9.909156581794361,10.381033976285561
0,61.374999999998614,10,9.911373095505347,10.380654289762498
0,61.42499999999862,10,9.91357733098476,10.380241239520826
0,61.47499999999862,10,9.915769189679885,10.379795051305859
0,61.52499999999863,10,9.91794857456523,10.379315952270156
0,61.57499999999863,10,9.9201153901419,10.37880417094742
0,61.624999999998636,10,9.922269542436847,10.378259937226447
0,61.67499999999864,10,9.924410939002009,10.37768348232509
0,61.724999999998644,10,9.926539488913333,10.377075038764264
0,61.77499999999865,10,9.928655102769666,10.37643484034201
0,61.82499999999865,10,9.930757692691548,10.375763122107578
0,61.87499999999865,10,9.932847172319878,10.375060120335554
0,61.924999999998654,10,9.934923456814463,10.374326072500043
0,61.97499999999866,10,9.93698646285246,10.373561217248897
0,62.02499999999866,10,9.939036108626702,10.37276579437798
0,62.07499999999867,10,9.94107231384391,10.371940044805491
0,62.12499999999867,10,9.943094999722785,10.371084210546345
0,62.174999999998676,10,9.945104088992007,10.370198534686594
0,62.22499999999868,10,9.947099505888112,10.36928326135792
0,62.274999999998684,10,9.949081176153248,10.368338635712169
0,62.32499999999869,10,9.95104902703285,10.36736490389595
0,62.37499999999869,10,9.953002987273184,10.366362313025295
0,62.4249999999987,10,9.954942987118786,10.365331111160389
0,62.4749999999987,10,9.956868958309805,10.364271547280355
0,62.524999999998705,10,9.958780834079231,10.3631838712581
0,62.5749999999987,10,9.960678549150028,10.362068333835243
0,62.62499999999871,10,9.962562039732141,10.360925186597102
0,62.67499999999871,10,9.964431243519432,10.35975468194775
0,62.724999999998715,10,9.966286099686481,10.358557073085157
0,62.77499999999872,10,9.968126548885312,10.35733261397639
0,62.824999999998724,10,9.969952533241996,10.356081559332887
0,62.87499999999873,10,9.971763996353175,10.354804164585833
0,62.92499999999873,10,9.973560883282467,10.353500685861587
0,62.97499999999874,10,9.975343140556786,10.3521713799572
0,63.02499999999874,10,9.97711071616256,10.350816504316015
0,63.074999999998745,10,9.97886355954185,10.34943631700335
0,63.12499999999875,10,9.980601621588377,10.348031076682274
0,63.174999999998754,10,9.982324854643458,10.346601042589446
0,63.22499999999876,10,9.984033212491832,10.345146474511068
0,63.274999999998755,10,9.985726650357412,10.343667632758905
0,63.32499999999876,10,9.987405124898931,10.342164778146415
0,63.374999999998764,10,9.9890685942055,10.34063817196496
0,63.42499999999877,10,9.990717017792086,10.33908807596011
0,63.47499999999877,10,9.992350356594878,10.337514752308044
0,63.524999999998776,10,9.993968572966585,10.335918463592046
0,63.57499999999878,10,9.995571630671634,10.334299472779108
0,63.624999999998785,10,9.997159494881286,10.332658043196622
0,63.67499999999879,10,9.99873213216867,10.330994438509165
0,63.72499999999879,10,10.000289510503707,10.329308922695402
0,63.7749999999988,10,10.001831599247993,10.32760176002508
0,63.8249999999988,10,10.003358369149554,10.325873215036136
0,63.874999999998806,10,10.00486979233755,10.3241235525119
0,63.92499999999881,10,10.006365842316875,10.322353037458411
0,63.97499999999881,10,10.007846493962692,10.32056193508184
0,64.02499999999881,10,10.00931172351488,10.318750510766016
0,64.07499999999882,10,10.010761508572408,10.31691903005008
0,64.12499999999882,10,10.012195828087613,10.315067758606228
0,64.17499999999883,10,10.013614662360428,10.313196962217576
0,64.22499999999883,10,10.01501799303251,10.31130690675615
0,64.27499999999884,10,10.016405803081307,10.309397858160967
0,64.32499999999884,10,10.01777807681404,10.307470082416252
0,64.37499999999883,10,10.019134799861616,10.305523845529768
0,64.42499999999885,10,10.020475959172476,10.303559413511262
0,64.47499999999884,10,10.021801543006351,10.301577052351027
0,64.52499999999885,10,10.023111540927962,10.299577027998588
0,64.57499999999885,10,10.024405943800655,10.29755960634151
0,64.62499999999886,10,10.025684743779944,10.295525053184328
0,64.67499999999886,10,10.026947934307014,10.293473634227604
0,64.72499999999887,10,10.028195510102126,10.291405615047104
0,64.77499999999887,10,10.029427467157989,10.289321261073095
0,64.82499999999888,10,10.030643802733033,10.28722083756978
0,64.87499999999888,10,10.031844515344645,10.285104609614859
0,64.92499999999889,10,10.033029604762318,10.282972842079207
0,64.97499999999889,10,10.034199072000755,10.280825799606696
0,65.02499999999888,10,10.035352919312906,10.278663746594136
0,65.0749999999989,10,10.036491150182933,10.276486947171355
0,65.12499999999889,10,10.03761376931913,10.274295665181407
0,65.1749999999989,10,10.038720782646775,10.272090164160911
0,65.2249999999989,10,10.039812197300924,10.269870707320523
0,65.27499999999891,10,10.040888021619152,10.267637557525555
0,65.32499999999891,10,10.041948265134229,10.265390977276715
0,65.37499999999892,10,10.042992938566753,10.26313122869099
0,65.42499999999892,10,10.044022053817715,10.260858573482661
0,65.47499999999893,10,10.045035623961013,10.25857327294446
0,65.52499999999893,10,10.046033663235923,10.256275587928863
0,65.57499999999894,10,10.047016187039507,10.25396577882953
0,65.62499999999893,10,10.047983211918968,10.251644105562871
0,65.67499999999895,10,10.048934755563971,10.249310827549767
0,65.72499999999894,10,10.049870836798894,10.246966203697419
0,65.77499999999894,10,10.05079147557504,10.24461049238135
0,65.82499999999895,10,10.051696692962803,10.242243951427543
0,65.87499999999895,10,10.052586511143794,10.239866838094727
0,65.92499999999896,10,10.053460953402894,10.237479409056803
0,65.97499999999896,10,10.054320044120296,10.235081920385415
0,66.02499999999897,10,10.055163808763481,10.232674627532667
0,66.07499999999897,10,10.055992273879157,10.230257785313986
0,66.12499999999898,10,10.05680546708516,10.227831647891138
0,66.17499999999897,10,10.057603417062305,10.22539646875538
0,66.22499999999899,10,10.058386153546198,10.222952500710758
0,66.27499999999898,10,10.059153707319023,10.220499995857566
0,66.324999999999,10,10.059906110201265,10.218039205575943
0,66.37499999999899,10,10.060643395043419,10.215570380509625
0,66.42499999999899,10,10.061365595717643,10.213093770549841
0,66.474999999999,10,10.062072747109392,10.210609624819368
0,66.524999999999,10,10.062764885109,10.208118191656718
0,66.57499999999901,10,10.063442046603246,10.205619718600495
0,66.624999999999,10,10.064104269466863,10.203114452373898
0,66.67499999999902,10,10.064751592554039,10.20060263886937
0,66.72499999999901,10,10.065384055689869,10.198084523133407
0,66.77499999999903,10,10.066001699661784,10.19556034935151
0,66.82499999999902,10,10.06660456621095,10.193030360833301
0,66.87499999999903,10,10.067192698023634,10.190494799997783
0,66.92499999999903,10,10.067766138722536,10.187953908358752
0,66.97499999999904,10,10.068324932858118,10.185407926510374
0,67.02499999999904,10,10.068869125899875,10.182857094112908
0,67.07499999999905,10,10.069398764227596,10.180301649878588
0,67.12499999999905,10,10.069913895122607,10.177741831557656
0,67.17499999999905,10,10.070414566758974,10.175177875924541
0,67.22499999999906,10,10.070900828194693,10.172610018764221
0,67.27499999999905,10,10.071372729362857,10.170038494858707
0,67.32499999999906,10,10.071830321062793,10.167463537973703
0,67.37499999999906,10,10.072273654951195,10.164885380845421
0,67.42499999999907,10,10.072702783533213,10.162304255167543
0,67.47499999999907,10,10.073117760153554,10.159720391578348
0,67.52499999999908,10,10.07351863898753,10.157134019647993
0,67.57499999999908,10,10.073905475032118,10.154545367865941
0,67.62499999999909,10,10.074278324096989,10.15195466362857
0,67.67499999999909,10,10.07463724279552,10.149362133226914
0,67.7249999999991,10,10.074982288535796,10.14676800183456
0,67.7749999999991,10,10.075313519511603,10.14417249349573
0,67.8249999999991,10,10.075630994693391,10.141575831113494
0,67.8749999999991,10,10.075934773819242,10.138978236438154
0,67.9249999999991,10,10.076224917385815,10.136379930055776
0,67.97499999999911,10,10.076501486639287,10.133781131376882
0,68.02499999999911,10,10.076764543566277,10.131182058625305
0,68.07499999999912,10,10.077014150884771,10.128582928827196
0,68.12499999999912,10,10.077250372035023,10.125983957800196
0,68.17499999999913,10,10.07747327117046,10.123385360142747
0,68.22499999999913,10,10.07768291314858,10.120787349223578
0,68.27499999999914,10,10.077879363521843,10.118190137171352
0,68.32499999999914,10,10.078062688528545,10.11559393486445
0,68.37499999999915,10,10.078232955083699,10.112998951920929
0,68.42499999999914,10,10.078390230769916,10.110405396688636
0,68.47499999999916,10,10.078534583828269,10.10781347623547
0,68.52499999999915,10,10.078666083149166,10.105223396339817
0,68.57499999999915,10,10.078784798263214,10.102635361481113
0,68.62499999999916,10,10.07889079933209,10.100049574830598
0,68.67499999999916,10,10.078984157139395,10.097466238242207
0,68.72499999999917,10,10.079064943081535,10.09488555224362
0,68.77499999999917,10,10.07913322915858,10.092307716027474
0,68.82499999999918,10,10.079189087965139,10.089732927442736
0,68.87499999999918,10,10.07923259268122,10.087161382986203
0,68.92499999999919,10,10.079263817063122,10.084593277794193
0,68.97499999999918,10,10.079282835434302,10.082028805634382
0,69.0249999999992,10,10.07928972267627,10.079468158897784
0,69.07499999999919,10,10.079284554219466,10.0769115285909
0,69.1249999999992,10,10.079267406034171,10.074359104328009
0,69.1749999999992,10,10.0792383546214,10.071811074323628
0,69.2249999999992,10,10.079197477003817,10.069267625385129
0,69.27499999999921,10,10.079144850716654,10.066728942905486
0,69.3249999999992,10,10.079080553798635,10.064195210856202
0,69.37499999999922,10,10.079004664782927,10.061666611780373
0,69.42499999999922,10,10.07891726268807,10.059143326785925
0,69.47499999999923,10,10.078818427008951,10.056625535538979
0,69.52499999999922,10,10.07870823770777,10.054113416257383
0,69.57499999999924,10,10.078586775205025,10.051607145704406
0,69.62499999999923,10,10.078454120370505,10.049106899182561
0,69.67499999999924,10,10.078310354514302,10.046612850527598
0,69.72499999999924,10,10.078155559377842,10.04412517210264
0,69.77499999999925,10,10.077989817124914,10.041644034792483
0,69.82499999999925,10,10.077813210332733,10.039169607998023
0,69.87499999999926,10,10.077625821983007,10.036702059630853
0,69.92499999999926,10,10.077427735453032,10.03424155610801
0,69.97499999999926,10,10.077219034506788,10.031788262346854
0,70.02499999999927,10,10.076999803286075,10.029342341760122
0,70.07499999999926,10,10.076770126301644,10.026903956251108
0,70.12499999999928,10,10.07653008842437,10.024473266208998
0,70.17499999999927,10,10.076279774876424,10.022050430504368
0,70.22499999999928,10,10.076019271222485,10.019635606484801
0,70.27499999999928,10,10.075748663360956,10.017228949970672
0,70.32499999999929,10,10.07546803751522,10.014830615251082
0,70.37499999999929,10,10.075177480224895,10.012440755079918
0,70.4249999999993,10,10.074877078337131,10.010059520672076
0,70.4749999999993,10,10.074566918997933,10.007687061699821
0,70.52499999999931,10,10.074247089643483,10.005323526289297
0,70.5749999999993,10,10.073917677991515,10.002969061017183
0,70.6249999999993,10,10.073578772032699,10.000623810907474
0,70.67499999999932,10,10.073230460022057,9.998287919428426
0,70.72499999999931,10,10.072872830470398,9.99596152848964
0,70.77499999999932,10,10.072505972135797,9.993644778439277
0,70.82499999999932,10,10.072129974015077,9.991337808061417
0,70.87499999999933,10,10.071744925335334,9.989040754573569
0,70.92499999999933,10,10.071350915545496,9.986753753624315
0,70.97499999999934,10,10.07094803430789,9.98447693929109
0,71.02499999999934,10,10.070536371489865,9.982210444078106
0,71.07499999999935,10,10.07011601715542,9.979954398914405
0,71.12499999999935,10,10.069687061556882,9.977708933152062
0,71.17499999999936,10,10.0692495951266,9.975474174564527
0,71.22499999999935,10,10.06880370846868,9.973250249345089
0,71.27499999999937,10,10.068349492350753,9.97103728210548
0,71.32499999999936,10,10.067887037695767,9.968835395874619
0,71.37499999999936,10,10.067416435573815,9.966644712097496
0,71.42499999999937,10,10.066937777194008,9.964465350634175
0,71.47499999999937,10,10.066451153896356,9.962297429758937
0,71.52499999999938,10,10.065956657143719,9.960141066159562
0,71.57499999999938,10,10.065454378513754,9.957996374936736
0,71.62499999999939,10,10.064944409690929,9.95586346960359
0,71.67499999999939,10,10.064426842458559,9.953742462085371
0,71.7249999999994,10,10.063901768690872,9.95163346271924
0,71.7749999999994,10,10.063369280345128,9.949536580254199
0,71.8249999999994,10,10.06282946945376,9.947451921851146
0,71.8749999999994,10,10.062282428116559,9.945379593083072
0,71.92499999999941,10,10.061728248492903,9.943319697935364
0,71.97499999999941,10,10.061167022794006,9.941272338806241
0,72.02499999999941,10,10.060598843275232,9.939237616507326
0,72.07499999999942,10,10.060023802228416,9.937215630264319
0,72.12499999999942,10,10.05944199197426,9.935206477717829
0,72.17499999999943,10,10.05885350485474,9.933210254924298
0,72.22499999999943,10,10.058258433225564,9.931227056357052
0,72.27499999999944,10,10.05765686944868,9.929256974907501
0,72.32499999999943,10,10.057048905884805,9.927300101886422
0,72.37499999999945,10,10.056434634886017,9.92535652702538
0,72.42499999999944,10,10.055814148788365,9.923426338478285
0,72.47499999999945,10,10.055187539904551,9.92150962282303
0,72.52499999999945,10,10.054554900516626,9.919606465063282
0,72.57499999999946,10,10.053916322868746,9.917716948630368
0,72.62499999999946,10,10.053271899159963,9.915841155385287
0,72.67499999999947,10,10.052621721537065,9.913979165620836
0,72.72499999999947,10,10.051965882087458,9.912131058063846
0,72.77499999999947,10,10.051304472832095,9.910296909877541
0,72.82499999999948,10,10.050637585718436,9.908476796663999
0,72.87499999999947,10,10.049965312613475,9.906670792466732
0,72.92499999999949,10,10.049287745296795,9.904878969773383
0,72.97499999999948,10,10.048604975453673,9.903101399518517
0,73.0249999999995,10,10.047917094668236,9.901338151086533
0,73.07499999999949,10,10.047224194416657,9.899589292314685
0,73.1249999999995,10,10.046526366060396,9.897854889496207
0,73.1749999999995,10,10.045823700839499,9.896135007383545
0,73.22499999999951,10,10.045116289865929,9.894429709191703
0,73.27499999999951,10,10.04440422411695,9.892739056601679
0,73.32499999999952,10,10.043687594428574,9.891063109764023
0,73.37499999999952,10,10.042966491489022,9.889401927302488
0,73.42499999999951,10,10.042241005832262,9.88775556631779
0,73.47499999999953,10,10.041511227831592,9.886124082391456
0,73.52499999999952,10,10.040777247693253,9.884507529589786
0,73.57499999999953,10,10.040039155450115,9.882905960467918
0,73.62499999999953,10,10.039297040955391,9.881319426073988
0,73.67499999999954,10,10.038550993876418,9.879747975953382
0,73.72499999999954,10,10.037801103688471,9.87819165815309
0,73.77499999999955,10,10.03704745966864,9.876650519226159
0,73.82499999999955,10,10.03629015088975,9.875124604236234
0,73.87499999999956,10,10.035529266214333,9.87361395676221
0,73.92499999999956,10,10.034764894288651,9.872118618902956
0,73.97499999999957,10,10.033997123536771,9.870638631282151
0,74.02499999999957,10,10.033226042154682,9.869174033053204
0,74.07499999999958,10,10.032451738104477,9.867724861904264
0,74.12499999999957,10,10.03167429910857,9.866291154063326
0,74.17499999999957,10,10.030893812643985,9.864872944303412
0,74.22499999999958,10,10.030110365936675,9.863470265947862
0,74.27499999999958,10,10.029324045955903,9.862083150875694
0,74.32499999999959,10,10.028534939408678,9.860711629527058
0,74.37499999999959,10,10.027743132734235,9.859355730908785
0,74.4249999999996,10,10.026948712098577,9.858015482600004
0,74.4749999999996,10,10.026151763389056,9.856690910757846
0,74.52499999999961,10,10.025352372209019,9.855382040123242
0,74.5749999999996,10,10.024550623872498,9.854088894026793
0,74.62499999999962,10,10.023746603398962,9.852811494394727
0,74.67499999999961,10,10.022940395508106,9.851549861754933
0,74.72499999999962,10,10.022132084614718,9.85030401524307
0,74.77499999999962,10,10.021321754823566,9.849073972608767
0,74.82499999999962,10,10.020509489924372,9.847859750221886
0,74.87499999999963,10,10.019695373386815,9.846661363078871
0,74.92499999999963,10,10.018879488355601,9.845478824809165
0,74.97499999999964,10,10.018061917645573,9.844312147681704
0,75.02499999999964,10,10.0172427437369,9.843161342611499
0,75.07499999999965,10,10.01642204877028,9.842026419166265
0,75.12499999999964,10,10.015599914542245,9.840907385573136
0,75.17499999999966,10,10.014776422500471,9.839804248725459
0,75.22499999999965,10,10.013951653739186,9.83871701418964
0,75.27499999999966,10,10.013125688994597,9.837645686212067
0,75.32499999999966,10,10.012298608640394,9.836590267726104
0,75.37499999999967,10,10.011470492683298,9.835550760359146
0,75.42499999999967,10,10.010641420758661,9.834527164439749
0,75.47499999999968,10,10.009811472126136,9.833519479004815
0,75.52499999999968,10,10.008980725665374,9.83252770180685
0,75.57499999999968,10,10.008149259871805,9.831551829321274
0,75.62499999999969,10,10.007317152852453,9.830591856753802
0,75.67499999999968,10,10.006484482321813,9.82964777804789
0,75.7249999999997,10,10.005651325597782,9.82871958589224
0,75.7749999999997,10,10.004817759597646,9.82780727172834
0,75.8249999999997,10,10.003983860834115,9.826910825758102
0,75.8749999999997,10,10.003149705411426,9.826030236951537
0,75.92499999999971,10,10.002315369021478,9.825165493054481
0,75.97499999999971,10,10.001480926940049,9.824316580596387
0,76.02499999999972,10,10.000646454023048,9.82348348489817
0,76.07499999999972,10,9.999812024702827,9.822666190080108
0,76.12499999999973,10,9.998977712984548,9.821864679069792
0,76.17499999999973,10,9.998143592442606,9.82107893361012
0,76.22499999999972,10,9.997309736217105,9.820308934267363
0,76.27499999999974,10,9.99647621701039,9.819554660439259
0,76.32499999999973,10,9.995643107083628,9.818816090363176
0,76.37499999999974,10,9.994810478253454,9.81809320112431
0,76.42499999999974,10,9.993978401888656,9.817385968663922
0,76.47499999999975,10,9.993146948906933,9.816694367787653
0,76.52499999999975,10,9.992316189771692,9.81601837217385
0,76.57499999999976,10,9.991486194488909,9.815357954381962
0,76.62499999999976,10,9.990657032604037,9.814713085860966
0,76.67499999999977,10,9.989828773198973,9.81408373695783
0,76.72499999999977,10,9.989001484889078,9.813469876926037
0,76.77499999999978,10,9.988175235820254,9.81287147393414
0,76.82499999999978,10,9.987350093666064,9.812288495074345
0,76.87499999999979,10,9.986526125624923,9.811720906371155
0,76.92499999999978,10,9.985703398417328,9.811168672790043
0,76.97499999999978,10,9.984881978283152,9.810631758246153
0,77.02499999999979,10,9.984061930978983,9.810110125613049
0,77.07499999999979,10,9.983243321775523,9.809603736731495
0,77.1249999999998,10,9.98242621545504,9.809112552418272
0,77.1749999999998,10,9.981610676308874,9.808636532475026
0,77.22499999999981,10,9.980796768134983,9.808175635697149
0,77.2749999999998,10,9.979984554235575,9.807729819882692
0,77.32499999999982,10,9.979174097414747,9.807299041841311
0,77.37499999999982,10,9.978365459976226,9.80688325740324
0,77.42499999999983,10,9.977558703721119,9.806482421428289
0,77.47499999999982,10,9.97675388994575,9.806096487814889
0,77.52499999999984,10,9.975951079439529,9.805725409509142
0,77.57499999999983,10,9.975150332482881,9.805369138513905
0,77.62499999999983,10,9.97435170884523,9.805027625897905
0,77.67499999999984,10,9.973555267783027,9.804700821804875
0,77.72499999999984,10,9.972761068037839,9.804388675462713
0,77.77499999999985,10,9.971969167834484,9.80409113519266
0,77.82499999999985,10,9.971179624879225,9.803808148418515
0,77.87499999999986,10,9.970392496358008,9.803539661675853
0,77.92499999999986,10,9.969607838934749,9.803285620621274
0,77.97499999999987,10,9.968825708749694,9.803045970041673
0,78.02499999999986,10,9.9680461614178,9.802820653863515
0,78.07499999999987,10,9.967269252027185,9.802609615162146
0,78.12499999999987,10,9.966495035137632,9.802412796171108
0,78.17499999999988,10,9.965723564779134,9.802230138291483
0,78.22499999999988,10,9.964954894450493,9.802061582101233
0,78.27499999999989,10,9.964189077117972,9.801907067364569
0,78.32499999999989,10,9.963426165213992,9.80176653304133
0,78.37499999999989,10,9.96266621063589,9.801639917296384
0,78.4249999999999,10,9.96190926474471,9.801527157509017
0,78.4749999999999,10,9.961155378364063,9.801428190282353
0,78.5249999999999,10,9.960404601779025,9.801342951452789
0,78.5749999999999,10,9.959656984735078,9.801271376099416
0,78.62499999999991,10,9.958912576437125,9.801213398553468
0,78.67499999999991,10,9.958171425548525,9.80116895240778
0,78.72499999999992,10,9.957433580190191,9.801137970526236
0,78.77499999999992,10,9.956699087939748,9.801120385053235
0,78.82499999999993,10,9.955967995830715,9.801116127423168
0,78.87499999999993,10,9.955240350351751,9.80112512836989
0,78.92499999999994,10,9.954516197445944,9.801147317936191
0,78.97499999999994,10,9.953795582510157,9.80118262548329
0,79.02499999999993,10,9.953078550394405,9.801230979700314
0,79.07499999999995,10,9.952365145401297,9.801292308613778
0,79.12499999999994,10,9.951655411285506,9.801366539597081
0,79.17499999999995,10,9.950949391253312,9.80145359937999
0,79.22499999999995,10,9.950247127962163,9.801553414058116
0,79.27499999999996,10,9.949548663520304,9.801665909102411
0,79.32499999999996,10,9.94885403948644,9.801791009368648
0,79.37499999999997,10,9.948163296869458,9.801928639106896
0,79.42499999999997,10,9.947476476128175,9.802078721970991
0,79.47499999999998,10,9.946793617171155,9.802241181028014
0,79.52499999999998,10,9.946114759356547,9.802415938767755
0,79.57499999999999,10,9.945439941491998,9.802602917112171
0,79.62499999999999,10,9.944769201834573,9.80280203742484
0,79.675,10,9.94410257809076,9.8030132205204
0,79.725,10,9.943440107416487,9.803236386673996
0,79.77499999999999,10,9.942781826417201,9.8034714556307
0,79.825,10,9.942127771147986,9.803718346614936
0,79.875,10,9.941477977113722,9.803976978339888
0,79.92500000000001,10,9.940832479269298,9.804247269016887
0,79.97500000000001,10,9.940191312019847,9.804529136364808
0,80.02500000000002,10,9.939554509221052,9.804822497619439
0,80.07500000000002,10,9.938922104179467,9.805127269542838
0,80.12500000000003,10,9.938294129652903,9.805443368432686
0,80.17500000000003,10,9.93767061785084,9.805770710131611
0,80.22500000000004,10,9.937051600434891,9.806109210036515
0,80.27500000000003,10,9.936437108519304,9.80645878310787
0,80.32500000000005,10,9.935827172671496,9.806819343878994
0,80.37500000000004,10,9.935221822912654,9.80719080646533
0,80.42500000000004,10,9.934621088718346,9.807573084573697
0,80.47500000000005,10,9.934024999019194,9.807966091511512
0,80.52500000000005,10,9.93343358220157,9.808369740196008
0,80.57500000000006,10,9.932846866108354,9.808783943163428
0,80.62500000000006,10,9.932264878039712,9.809208612578189
0,80.67500000000007,10,9.931687644753923,9.809643660242045
0,80.72500000000007,10,9.931115192468239,9.81008899760321
0,80.77500000000008,10,9.930547546859788,9.810544535765464
0,80.82500000000007,10,9.929984733066526,9.811010185497253
0,80.87500000000009,10,9.929426775688196,9.811485857240728
0,80.92500000000008,10,9.928873698787362,9.811971461120793
0,80.9750000000001,10,9.928325525890456,9.812466906954125
0,81.02500000000009,10,9.927782279988874,9.812972104258153
0,81.0750000000001,10,9.9272439835401,9.813486962260017
0,81.1250000000001,10,9.926710658468876,9.814011389905517
0,81.1750000000001,10,9.926182326168403,9.814545295868015
0,81.22500000000011,10,9.925659007501578,9.815088588557314
0,81.2750000000001,10,9.925140722802272,9.815641176128509
0,81.32500000000012,10,9.924627491876635,9.816202966490819
0,81.37500000000011,10,9.924119334004445,9.816773867316382
0,81.42500000000013,10,9.923616267940487,9.817353786049015
0,81.47500000000012,10,9.923118311915966,9.817942629912956
0,81.52500000000013,10,9.922625483639955,9.818540305921566
0,81.57500000000013,10,9.922137800300884,9.819146720886
0,81.62500000000014,10,9.921655278568052,9.819761781423853
0,81.67500000000014,10,9.921177934593175,9.820385393967772
0,81.72500000000015,10,9.920705784011977,9.821017464774025
0,81.77500000000015,10,9.920238841945796,9.821657899931049
0,81.82500000000014,10,9.919777123003241,9.82230660536796
0,81.87500000000016,10,9.919320641281868,9.822963486863026
0,81.92500000000015,10,9.918869410369894,9.823628450052107
0,81.97500000000016,10,9.91842344334794,9.824301400437058
0,82.02500000000016,10,9.91798275279081,9.824982243394103
0,82.07500000000017,10,9.917547350769286,9.825670884182166
0,82.12500000000017,10,9.917117248851984,9.826367227951161
0,82.17500000000018,10,9.916692458107201,9.827071179750261
0,82.22500000000018,10,9.916272989104824,9.827782644536112
0,82.27500000000019,10,9.915858851918253,9.828501527181015
0,82.32500000000019,10,9.915450056126355,9.82922773248107
0,82.3750000000002,10,9.915046610815455,9.829961165164288
0,82.4250000000002,10,9.914648524581342,9.830701729898646
0,82.47500000000021,10,9.914255805531313,9.831449331300126
0,82.5250000000002,10,9.913868461286247,9.83220387394069
0,82.5750000000002,10,9.9134864989827,9.83296526235622
0,82.62500000000021,10,9.913109925275027,9.833733401054435
0,82.67500000000021,10,9.912738746337537,9.834508194522751
0,82.72500000000022,10,9.912372967866673,9.835289547236094
0,82.77500000000022,10,9.912012595083214,9.836077363664675
0,82.82500000000023,10,9.911657632734508,9.836871548281731
0,82.87500000000023,10,9.91130808509673,9.83767200557122
0,82.92500000000024,10,9.91096395597716,9.838478640035458
0,82.97500000000024,10,9.910625248716496,9.839291356202736
0,83.02500000000025,10,9.910291966191185,9.840110058634867
0,83.07500000000024,10,9.909964110815775,9.840934651934708
0,83.12500000000026,10,9.909641684545305,9.84176504075363
0,83.17500000000025,10,9.909324688877698,9.842601129798943
0,83.22500000000025,10,9.9090131248562,9.843442823841274
0,83.27500000000026,10,9.908706993071828,9.844290027721899
0,83.32500000000026,10,9.908406293665838,9.845142646360031
0,83.37500000000027,10,9.90811102633223,9.846000584760061
0,83.42500000000027,10,9.907821190320266,9.846863748018746
0,83.47500000000028,10,9.907536784437006,9.847732041332362
0,83.52500000000028,10,9.907257807049872,9.848605370003796
0,83.57500000000029,10,9.906984256089231,9.849483639449597
0,83.62500000000028,10,9.906716129051004,9.850366755206975
0,83.6750000000003,10,9.906453422999286,9.851254622940766
0,83.72500000000029,10,9.906196134568992,9.852147148450324
0,83.7750000000003,10,9.905944259968523,9.853044237676375
0,83.8250000000003,10,9.90569779498245,9.853945796707828
0,83.87500000000031,10,9.905456734974216,9.854851731788534
0,83.92500000000031,10,9.905221074888864,9.855761949323988
0,83.9750000000003,10,9.904990809255775,9.856676355887982
0,84.02500000000032,10,9.904765932191422,9.857594858229215
0,84.07500000000032,10,9.904546437402159,9.858517363277837
0,84.12500000000033,10,9.90433231818701,9.859443778151968
0,84.17500000000032,10,9.904123567440477,9.860374010164145
0,84.22500000000034,10,9.90392017765538,9.861307966827715
0,84.27500000000033,10,9.903722140925694,9.862245555863186
0,84.32500000000034,10,9.903529448949419,9.863186685204534
0,84.37500000000034,10,9.903342093031448,9.864131263005438
0,84.42500000000035,10,9.903160064086471,9.86507919764548
0,84.47500000000035,10,9.902983352641886,9.866030397736276
0,84.52500000000036,10,9.90281194884071,9.86698477212757
0,84.57500000000036,10,9.902645842444533,9.867942229913261
0,84.62500000000037,10,9.902485022836467,9.868902680437397
0,84.67500000000037,10,9.90232947902411,9.869866033300095
0,84.72500000000036,10,9.902179199642529,9.870832198363413
0,84.77500000000038,10,9.90203417295726,9.871801085757172
0,84.82500000000037,10,9.901894386867314,9.872772605884721
0,84.87500000000038,10,9.901759828908192,9.873746669428659
0,84.92500000000038,10,9.901630486254932,9.87472318735648
0,84.97500000000039,10,9.901506345725137,9.875702070926186
0,85.02500000000039,10,9.901387393782048,9.876683231691837
0,85.0750000000004,10,9.90127361653761,9.877666581509038
0,85.1250000000004,10,9.901164999755544,9.878652032540383
0,85.17500000000041,10,9.901061528854449,9.879639497260847
0,85.2250000000004,10,9.900963188910897,9.880628888463102
0,85.27500000000042,10,9.900869964662553,9.881620119262804
0,85.32500000000041,10,9.90078184051129,9.882613103103807
0,85.37500000000041,10,9.900698800526323,9.883607753763332
0,85.42500000000042,10,9.900620828447357,9.884603985357067
0,85.47500000000042,10,9.900547907687727,9.88560171234423
0,85.52500000000043,10,9.900480021337572,9.886600849532558
0,85.57500000000043,10,9.900417152166984,9.887601312083252
0,85.62500000000044,10,9.900359282629202,9.888603015515866
0,85.67500000000044,10,9.900306394863788,9.889605875713132
0,85.72500000000045,10,9.90025847069982,9.890609808925731
0,85.77500000000045,10,9.90021549165909,9.891614731777015
0,85.82500000000046,10,9.900177438959314,9.892620561267663
0,85.87500000000045,10,9.90014429351734,9.893627214780295
0,85.92500000000047,10,9.900116035952369,9.894634610084017
0,85.97500000000046,10,9.900092646589183,9.895642665338904
0,86.02500000000047,10,9.900074105461373,9.896651299100446
0,86.07500000000047,10,9.900060392314575,9.897660430323924
0,86.12500000000047,10,9.900051486609717,9.898669978368735
0,86.17500000000048,10,9.90004736752626,9.899679863002653
0,86.22500000000048,10,9.900048013965453,9.90069000440604
0,86.27500000000049,10,9.900053404553587,9.901700323176003
0,86.32500000000049,10,9.90006351764526,9.902710740330484
0,86.3750000000005,10,9.900078331326629,9.903721177312306
0,86.4250000000005,10,9.900097823418692,9.904731555993154
0,86.4750000000005,10,9.900121971480552,9.905741798677495
0,86.5250000000005,10,9.900150752812683,9.906751828106456
0,86.57500000000051,10,9.900184144460221,9.907761567461634
0,86.62500000000051,10,9.90022212321623,9.90877094036885
0,86.67500000000052,10,9.90026466562499,9.909779870901849
0,86.72500000000052,10,9.900311747985276,9.910788283585944
0,86.77500000000052,10,9.900363346353641,9.91179610340161
0,86.82500000000053,10,9.90041943654771,9.912803255787999
0,86.87500000000053,10,9.900479994149451,9.913809666646422
0,86.92500000000054,10,9.900544994508477,9.914815262343767
0,86.97500000000053,10,9.900614412745325,9.915819969715853
0,87.02500000000055,10,9.900688223754745,9.916823716070738
0,87.07500000000054,10,9.900766402208992,9.917826429191965
0,87.12500000000055,10,9.900848922561108,9.918828037341756
0,87.17500000000055,10,9.900935759048211,9.919828469264141
0,87.22500000000056,10,9.901026885694783,9.920827654188047
0,87.27500000000056,10,9.90112227631595,9.921825521830304
0,87.32500000000057,10,9.901221904520773,9.92282200239862
0,87.37500000000057,10,9.901325743715518,9.9238170265945
0,87.42500000000058,10,9.901433767106951,9.924810525616087
0,87.47500000000058,10,9.901545947705603,9.925802431160964
0,87.52500000000057,10,9.901662258329054,9.926792675428898
0,87.57500000000059,10,9.9017826716052,9.927781191124524
0,87.62500000000058,10,9.90190715997553,9.928767911459982
0,87.6750000000006,10,9.902035695698377,9.929752770157487
0,87.72500000000059,10,9.902168250852206,9.930735701451855
0,87.7750000000006,10,9.902304797338854,9.931716640092963
0,87.8250000000006,10,9.902445306886793,9.932695521348158
0,87.87500000000061,10,9.902589751054382,9.933672281004615
0,87.92500000000061,10,9.902738101233112,9.934646855371637
0,87.97500000000062,10,9.902890328650857,9.935619181282902
0,88.02500000000062,10,9.903046404375097,9.936589196098643
0,88.07500000000063,10,9.903206299316166,9.937556837707794
0,88.12500000000063,10,9.903369984230473,9.938522044530071
0,88.17500000000062,10,9.903537429723723,9.939484755517991
0,88.22500000000063,10,9.903708606254138,9.940444910158853
0,88.27500000000063,10,9.903883484135664,9.941402448476648
0,88.32500000000064,10,9.904062033541175,9.942357311033932
0,88.37500000000064,10,9.904244224505673,9.943309438933634
0,88.42500000000065,10,9.904430026929482,9.944258773820808
0,88.47500000000065,10,9.904619410581427,9.945205257884343
0,88.52500000000066,10,9.904812345102009,9.946148833858613
0,88.57500000000066,10,9.905008800006584,9.947089445025075
0,88.62500000000067,10,9.905208744688522,9.948027035213807
0,88.67500000000067,10,9.905412148422359,9.94896154880501
0,88.72500000000068,10,9.905618980366945,9.949892930730432
0,88.77500000000067,10,9.905829209568582,9.950821126474768
0,88.82500000000068,10,9.906042804964159,9.951746082076996
0,88.87500000000068,10,9.906259735384266,9.952667744131649
0,88.92500000000068,10,9.906479969556319,9.953586059790046
0,88.97500000000069,10,9.906703476107646,9.954500976761478
0,89.02500000000069,10,9.906930223568603,9.95541244331433
0,89.0750000000007,10,9.907160180375639,9.956320408277156
0,89.1250000000007,10,9.90739331487439,9.957224821039706
0,89.17500000000071,10,9.907629595322735,9.958125631553898
0,89.2250000000007,10,9.907868989893847,9.959022790334748
0,89.27500000000072,10,9.908111466679259,9.959916248461232
0,89.32500000000071,10,9.908356993691873,9.960805957577112
0,89.37500000000072,10,9.908605538869013,9.961691869891709
0,89.42500000000072,10,9.908857070075415,9.962573938180624
0,89.47500000000073,10,9.90911155510625,9.963452115786415
0,89.52500000000073,10,9.909368961690099,9.964326356619218
0,89.57500000000073,10,9.909629257491952,9.965196615157312
0,89.62500000000074,10,9.909892410116164,9.966062846447656
0,89.67500000000074,10,9.910158387109423,9.966925006106356
0,89.72500000000075,10,9.910427155963685,9.967783050319103
0,89.77500000000074,10,9.910698684119124,9.968636935841538
0,89.82500000000076,10,9.91097293896704,9.969486619999598
0,89.87500000000075,10,9.91124988785278,9.970332060689797
0,89.92500000000076,10,9.911529498078625,9.97117321637945
0,89.97500000000076,10,9.911811736906687,9.972010046106869
0,90.02500000000077,10,9.91209657156177,9.972842509481506
0,90.07500000000077,10,9.912383969234243,9.97367056668405
0,90.12500000000078,10,9.912673897082868,9.974494178466468
0,90.17500000000078,10,9.912966322237649,9.975313306152016
0,90.22500000000079,10,9.913261211802645,9.976127911635182
0,90.27500000000079,10,9.913558532858776,9.976937957381603
0,90.32500000000078,10,9.913858252466614,9.977743406427933
0,90.3750000000008,10,9.914160337669166,9.97854422238166
0,90.4250000000008,10,9.914464755494635,9.97934036942087
0,90.4750000000008,10,9.91477147295917,9.980131812293987
0,90.5250000000008,10,9.915080457069605,9.980918516319461
0,90.57500000000081,10,9.915391674826177,9.981700447385398
0,90.62500000000081,10,9.915705093225233,9.982477571949163
0,90.67500000000082,10,9.91602067926193,9.983249857036935
0,90.72500000000082,10,9.916338399932895,9.984017270243205
0,90.77500000000083,10,9.916658222238912,9.984779779730259
0,90.82500000000083,10,9.916980113187545,9.98553735422759
0,90.87500000000084,10,9.917304039795786,9.986289963031282
0,90.92500000000084,10,9.917629969092662,9.987037576003349
0,90.97500000000083,10,9.917957868121848,9.987780163571031
0,91.02500000000084,10,9.918287703944237,9.988517696726058
0,91.07500000000084,10,9.918619443640525,9.989250147023856
0,91.12500000000085,10,9.91895305431375,9.989977486582715
0,91.17500000000085,10,9.919288503091847,9.99069968808293
0,91.22500000000086,10,9.91962575713015,9.991416724765891
0,91.27500000000086,10,9.919964783613919,9.99212857043313
0,91.32500000000087,10,9.920305549760808,9.992835199445336
0,91.37500000000087,10,9.920648022823357,9.99353658672133
0,91.42500000000088,10,9.920992170091436,9.994232707736991
0,91.47500000000088,10,9.921337958894684,9.994923538524153
0,91.52500000000089,10,9.921685356604945,9.995609055669458
0,91.57500000000088,10,9.922034330638658,9.996289236313178
0,91.6250000000009,10,9.922384848459256,9.996964058147986
0,91.67500000000089,10,9.922736877579535,9.9976334994177
0,91.72500000000089,10,9.923090385564011,9.998297538915988
0,91.7750000000009,10,9.92344534003125,9.998956155985034
0,91.8250000000009,10,9.923801708656205,9.999609330514168
0,91.87500000000091,10,9.924159459172495,10.000257042938449
0,91.9250000000009,10,9.924518559374711,10.000899274237236
0,91.97500000000092,10,9.924878977120677,10.001536005932705
0,92.02500000000092,10,9.925240680333696,10.002167220088328
0,92.07500000000093,10,9.925603637004786,10.002792899307327
0,92.12500000000092,10,9.925967815194893,10.003413026731085
0,92.17500000000094,10,9.926333183037093,10.004027586037536
0,92.22500000000093,10,9.926699708738758,10.004636561439503
0,92.27500000000094,10,9.927067360583731,10.005239937683015
0,92.32500000000094,10,9.92743610693446,10.005837700045584
0,92.37500000000094,10,9.92780591623412,10.006429834334442
0,92.42500000000095,10,9.928176757008728,10.007016326884768
0,92.47500000000095,10,9.928548597869218,10.00759716455786
0,92.52500000000096,10,9.92892140751352,10.008172334739278
0,92.57500000000095,10,9.929295154728608,10.008741825336974
0,92.62500000000097,10,9.929669808392527,10.00930562477936
0,92.67500000000096,10,9.93004533747641,10.009863722013364
0,92.72500000000097,10,9.930421711046476,10.01041610650246
0,92.77500000000097,10,9.930798898265998,10.010962768224651
0,92.82500000000098,10,9.931176868397266,10.011503697670435
0,92.87500000000098,10,9.931555590803523,10.012038885840724
0,92.92500000000099,10,9.93193503495088,10.012568324244757
0,92.97500000000099,10,9.93231517041023,10.01309200489797
0,93.025000000001,10,9.93269596685911,10.01360992031983
0,93.075000000001,10,9.933077394083577,10.014122063531655
0,93.125000000001,10,9.933459421980048,10.0146284280544
0,93.175000000001,10,9.93384202055712,10.01512900790641
0,93.225000000001,10,9.934225159937384,10.01562379760116
0,93.27500000000101,10,9.934608810359197,10.016112792144945
0,93.32500000000101,10,9.934992942178459,10.016595987034558
0,93.37500000000102,10,9.935377525870358,10.017073378254944
0,93.42500000000102,10,9.935762532031095,10.017544962276824
0,93.47500000000103,10,9.936147931379594,10.018010736054284
0,93.52500000000103,10,9.936533694759193,10.018470697022346
0,93.57500000000104,10,9.936919793139312,10.01892484309452
0,93.62500000000104,10,9.937306197617097,10.019373172660327
0,93.67500000000105,10,9.937692879419062,10.01981568458278
0,93.72500000000105,10,9.938079809902694,10.020252378195867
0,93.77500000000104,10,9.938466960558044,10.020683253302007
0,93.82500000000105,10,9.938854303009302,10.021108310169454
0,93.87500000000105,10,9.939241809016346,10.02152754952971
0,93.92500000000106,10,9.939629450476279,10.0219409725749
0,93.97500000000106,10,9.940017199424938,10.02234858095513
0,94.02500000000107,10,9.940405028038397,10.022750376775821
0,94.07500000000107,10,9.940792908634428,10.023146362595012
0,94.12500000000108,10,9.941180813673965,10.023536541420661
0,94.17500000000108,10,9.94156871576254,10.02392091670791
0,94.22500000000109,10,9.941956587651687,10.02429949235632
0,94.27500000000109,10,9.942344402240355,10.024672272707118
0,94.3250000000011,10,9.942732132576268,10.02503926254039
0,94.3750000000011,10,9.943119751857292,10.025400467072272
0,94.4250000000011,10,9.94350723343277,10.025755891952116
0,94.4750000000011,10,9.943894550804833,10.026105543259641
0,94.5250000000011,10,9.944281677629705,10.026449427502058
0,94.57500000000111,10,9.944668587718978,10.026787551611184
0,94.62500000000111,10,9.945055255040868,10.027119922940534
0,94.67500000000112,10,9.945441653721462,10.027446549262395
0,94.72500000000112,10,9.945827758045926,10.027767438764883
0,94.77500000000113,10,9.946213542459711,10.02808260004898
0,94.82500000000113,10,9.946598981569736,10.028392042125567
0,94.87500000000114,10,9.946984050145534,10.028695774412416
0,94.92500000000113,10,9.947368723120418,10.028993806731187
0,94.97500000000115,10,9.947752975592572,10.029286149304406
0,95.02500000000114,10,9.948136782826179,10.029572812752424
0,95.07500000000115,10,9.948520120252486,10.02985380809035
0,95.12500000000115,10,9.948902963470875,10.03012914672499
0,95.17500000000115,10,9.949285288249907,10.030398840451761
0,95.22500000000116,10,9.949667070528337,10.030662901451588
0,95.27500000000116,10,9.950048286416129,10.030921342287789
0,95.32500000000117,10,9.950428912195436,10.031174175902944
0,95.37500000000117,10,9.950808924321565,10.031421415615766
0,95.42500000000118,10,9.951188299423928,10.031663075117937
0,95.47500000000117,10,9.951567014306958,10.031899168470945
0,95.52500000000119,10,9.951945045951035,10.032129710102906
0,95.57500000000118,10,9.952322371513356,10.032354714805377
0,95.6250000000012,10,9.952698968328816,10.032574197730154
0,95.67500000000119,10,9.953074813910854,10.032788174386047
0,95.7250000000012,10,9.953449885952287,10.03299666063567
0,95.7750000000012,10,9.953824162326114,10.033199672692197
0,95.82500000000121,10,9.95419762108632,10.033397227116122
0,95.87500000000121,10,9.954570240468648,10.033589340812004
0,95.9250000000012,10,9.954941998891341,10.033776031025193
0,95.97500000000122,10,9.955312874955897,10.033957315338574
0,96.02500000000121,10,9.955682847447774,10.034133211669271
0,96.07500000000122,10,9.95605189533709,10.034303738265354
0,96.12500000000122,10,9.956419997779308,10.034468913702538
0,96.17500000000123,10,9.95678713411589,10.034628756880881
0,96.22500000000123,10,9.957153283874945,10.034783287021469
0,96.27500000000124,10,9.957518426771848,10.034932523663082
0,96.32500000000124,10,9.95788254270985,10.035076486658872
0,96.37500000000125,10,9.958245611780661,10.03521519617302
0,96.42500000000125,10,9.958607614265018,10.035348672677399
0,96.47500000000126,10,9.95896853063324,10.035476936948214
0,96.52500000000126,10,9.959328341545744,10.03560001006265
0,96.57500000000125,10,9.959687027853585,10.035717913395507
0,96.62500000000126,10,9.960044570598921,10.035830668615835
0,96.67500000000126,10,9.960400951015513,10.035938297683563
0,96.72500000000127,10,9.960756150529173,10.036040822846116
0,96.77500000000127,10,9.9611101507582,10.036138266635042
0,96.82500000000128,10,9.961462933513817,10.036230651862619
0,96.87500000000128,10,9.961814480800559,10.036318001618461
0,96.92500000000129,10,9.962164774816674,10.036400339266137
0,96.97500000000129,10,9.962513797954486,10.036477688439765
0,97.0250000000013,10,9.962861532800744,10.036550073040614
0,97.0750000000013,10,9.963207962136961,10.036617517233704
0,97.12500000000131,10,9.963553068939722,10.0366800454444
0,97.1750000000013,10,9.963896836380997,10.036737682355003
0,97.22500000000132,10,9.964239247828404,10.036790452901343
0,97.27500000000131,10,9.964580286845491,10.03683838226937
0,97.32500000000131,10,9.964919937191969,10.03688149589174
0,97.37500000000132,10,9.965258182823947,10.036919819444412
0,97.42500000000132,10,9.965595007894146,10.036953378843224
0,97.47500000000133,10,9.965930396752091,10.036982200240475
0,97.52500000000133,10,9.966264333944288,10.037006310021525
0,97.57500000000134,10,9.966596804214396,10.037025734801373
0,97.62500000000134,10,9.966927792503352,10.03704050142125
0,97.67500000000135,10,9.967257283949522,10.037050636945201
0,97.72500000000134,10,9.967585263888793,10.037056168656674
0,97.77500000000136,10,9.967911717854683,10.03705712405511
0,97.82500000000135,10,9.968236631578407,10.03705353085254
0,97.87500000000136,10,9.968559990988942,10.037045416970171
0,97.92500000000136,10,9.968881782213083,10.037032810534981
0,97.97500000000136,10,9.969201991575456,10.037015739876328
0,98.02500000000137,10,9.969520605598545,10.036994233522531
0,98.07500000000137,10,9.969837611002681,10.036968320197492
0,98.12500000000138,10,9.970152994706027,10.036938028817282
0,98.17500000000138,10,9.970466743824542,10.036903388486765
0,98.22500000000139,10,9.97077884567193,10.036864428496209
0,98.27500000000138,10,9.971089287759579,10.036821178317899
0,98.3250000000014,10,9.971398057796474,10.036773667602757
0,98.37500000000139,10,9.9717051436891,10.036721926176968
0,98.4250000000014,10,9.972010533541333,10.036665984038612
0,98.4750000000014,10,9.972314215654311,10.036605871354293
0,98.52500000000141,10,9.97261617852629,10.036541618455788
0,98.57500000000141,10,9.972916410852486,10.03647325583668
0,98.62500000000142,10,9.973214901524903,10.036400814149022
0,98.67500000000142,10,9.973511639632147,10.036324324199976
0,98.72500000000142,10,9.973806614459217,10.036243816948485
0,98.77500000000143,10,9.974099815487294,10.03615932350195
0,98.82500000000142,10,9.974391232393506,10.036070875112891
0,98.87500000000144,10,9.97468085505068,10.035978503175633
0,98.92500000000143,10,9.974968673527087,10.035882239222996
0,98.97500000000144,10,9.975254678086158,10.035782114922988
0,99.02500000000144,10,9.975538859186198,10.035678162075511
0,99.07500000000145,10,9.975821207480086,10.035570412609076
0,99.12500000000145,10,9.976101713814957,10.035458898577513
0,99.17500000000146,10,9.97638036923186,10.035343652156705
0,99.22500000000146,10,9.976657164965426,10.035224705641316
0,99.27500000000147,10,9.976932092443501,10.035102091441543
0,99.32500000000147,10,9.97720514328678,10.034975842079866
0,99.37500000000146,10,9.977476309308408,10.034845990187808
0,99.42500000000148,10,9.977745582513595,10.034712568502702
0,99.47500000000147,10,9.978012955099198,10.034575609864476
0,99.52500000000148,10,9.97827841945329,10.034435147212445
0,99.57500000000148,10,9.978541968154724,10.034291213582106
0,99.62500000000149,10,9.978803593972689,10.034143842101944
0,99.67500000000149,10,9.979063289866229,10.033993065990254
0,99.7250000000015,10,9.979321048983781,10.033838918551979
0,99.7750000000015,10,9.979576864662674,10.033681433175541
0,99.82500000000151,10,9.979830730428635,10.033520643329696
0,99.8750000000015,10,9.980082639995263,10.033356582560398
0,99.92500000000152,10,9.980332587263515,10.033189284487666
0,99.97500000000151,10,9.980580566321153,10.033018782802475
0,100.02500000000153,10,9.9808265714422,10.03284511126365
0,100.07500000000152,10,9.981070597086378,10.032668303694775
0,100.12500000000152,10,9.981312637898526,10.032488393981115
0,100.17500000000153,10,9.981552688708016,10.032305416066542
0,100.22500000000153,10,9.981790744528155,10.032119403950484
0,100.27500000000154,10,9.982026800555573,10.031930391684883
0,100.32500000000154,10,9.982260852169603,10.031738413371164
0,100.37500000000155,10,9.982492894931646,10.031543503157215
0,100.42500000000155,10,9.982722924584527,10.031345695234378
0,100.47500000000156,10,9.982950937051841,10.031145023834469
0,100.52500000000155,10,9.983176928437285,10.030941523226794
0,100.57500000000157,10,9.98340089502398,10.03073522771518
0,100.62500000000156,10,9.983622833273788,10.030526171635032
0,100.67500000000157,10,9.98384273982661,10.03031438935039
0,100.72500000000157,10,9.984060611499675,10.030099915251013
0,100.77500000000157,10,9.984276445286827,10.029882783749454
0,100.82500000000158,10,9.984490238357788,10.029663029278181
0,100.87500000000158,10,9.984701988057422,10.029440686286694
0,100.92500000000159,10,9.984911691904987,10.029215789238656
0,100.97500000000159,10,9.985119347593374,10.028988372609039
0,101.0250000000016,10,9.985324952988336,10.028758470881291
0,101.0750000000016,10,9.985528506127709,10.028526118544523
0,101.1250000000016,10,9.985730005220626,10.028291350090688
0,101.1750000000016,10,9.985929448646717,10.0280542000118
0,101.22500000000161,10,9.986126834955302,10.027814702797158
0,101.27500000000161,10,9.986322162864573,10.027572892930586
0,101.32500000000162,10,9.98651543126077,10.027328804887683
0,101.37500000000162,10,9.98670663919735,10.027082473133104
0,101.42500000000163,10,9.986895785894127,10.026833932117851
0,101.47500000000163,10,9.98708287073645,10.02658321627656
0,101.52500000000163,10,9.987267893274305,10.026330360024836
0,101.57500000000164,10,9.98745085322148,10.026075397756593
0,101.62500000000163,10,9.987631750454662,10.025818363841394
0,101.67500000000165,10,9.987810585012566,10.02555929262183
0,101.72500000000164,10,9.987987357095031,10.025298218410903
0,101.77500000000165,10,9.988162067062126,10.02503517548943
0,101.82500000000165,10,9.988334715433233,10.02477019810347
0,101.87500000000166,10,9.988505302886134,10.024503320461756
0,101.92500000000166,10,9.98867383025608,10.024234576733146
0,101.97500000000167,10,9.988840298534864,10.023964001044103
0,102.02500000000167,10,9.989004708869874,10.023691627476182
0,102.07500000000168,10,9.989167062563155,10.02341749006354
0,102.12500000000168,10,9.989327361070435,10.023141622790453
0,102.17500000000167,10,9.989485606000185,10.022864059588864
0,102.22500000000169,10,9.989641799112635,10.022584834335943
0,102.27500000000168,10,9.9897959423188,10.022303980851664
0,102.3250000000017,10,9.9899480376795,10.022021532896408
0,102.37500000000169,10,9.990098087404373,10.021737524168573
0,102.4250000000017,10,9.990246093850871,10.0214519883022
0,102.4750000000017,10,9.990392059523261,10.021164958864635
0,102.52500000000171,10,9.990535987071617,10.02087646935419
0,102.57500000000171,10,9.99067787929081,10.02058655319784
0,102.62500000000172,10,9.990817739119475,10.020295243748919
0,102.67500000000172,10,9.990955569638995,10.020002574284854
0,102.72500000000173,10,9.991091374072461,10.019708578004906
0,102.77500000000173,10,9.99122515578364,10.019413288027929
0,102.82500000000174,10,9.991356918275924,10.019116737390156
0,102.87500000000173,10,9.991486665191285,10.018818959043001
0,102.92500000000173,10,9.99161440030922,10.018519985850876
0,102.97500000000174,10,9.991740127545691,10.018219850589027
0,103.02500000000174,10,9.991863850952056,10.017918585941398
0,103.07500000000175,10,9.991985574714,10.017616224498507
0,103.12500000000175,10,9.992105303150465,10.017312798755333
0,103.17500000000176,10,9.992223040712565,10.017008341109237
0,103.22500000000176,10,9.9923387919825,10.016702883857912
0,103.27500000000177,10,9.992452561672472,10.016396459197313
0,103.32500000000176,10,9.992564354623585,10.016089099219647
0,103.37500000000178,10,9.992674175804757,10.015780835911368
0,103.42500000000177,10,9.992782030311606,10.015471701151181
0,103.47500000000178,10,9.992887923365348,10.015161726708078
0,103.52500000000178,10,9.992991860311692,10.014850944239392
0,103.57500000000178,10,9.99309384661972,10.014539385288872
0,103.62500000000179,10,9.99319388788077,10.014227081284773
0,103.67500000000179,10,9.993291989807313,10.01391406353797
0,103.7250000000018,10,9.993388158231832,10.013600363240089
0,103.7750000000018,10,9.993482399105691,10.013286011461656
0,103.82500000000181,10,9.993574718498003,10.012971039150274
0,103.8750000000018,10,9.993665122594495,10.012655477128822
0,103.92500000000182,10,9.993753617696365,10.01233935609365
0,103.97500000000181,10,9.993840210219153,10.01202270661282
0,104.02500000000182,10,9.993924906691584,10.011705559124367
0,104.07500000000182,10,9.994007713754424,10.011387943934562
0,104.12500000000183,10,9.994088638159338,10.011069891216206
0,104.17500000000183,10,9.99416768676773,10.010751431006945
0,104.22500000000184,10,9.994244866549588,10.010432593207602
0,104.27500000000184,10,9.99432018458233,10.010113407580535
0,104.32500000000184,10,9.994393648049646,10.009793903748005
0,104.37500000000185,10,9.994465264240334,10.009474111190572
0,104.42500000000184,10,9.994535040547136,10.009154059245514
0,104.47500000000186,10,9.994602984465573,10.008833777105258
0,104.52500000000185,10,9.99466910359278,10.008513293815836
0,104.57500000000186,10,9.994733405626333,10.00819263827536
0,104.62500000000186,10,9.994795898363083,10.007871839232516
0,104.67500000000187,10,9.994856589697982,10.007550925285084
0,104.72500000000187,10,9.994915487622904,10.007229924878478
0,104.77500000000188,10,9.994972600225482,10.006908866304297
0,104.82500000000188,10,9.99502793568792,10.006587777698904
0,104.87500000000189,10,9.995081502285823,10.006266687042027
0,104.92500000000189,10,9.995133308387016,10.005945622155373
0,104.97500000000188,10,9.995183362450366,10.005624610701267
0,105.0250000000019,10,9.9952316730246,10.005303680181314
0,105.07500000000189,10,9.995278248747129,10.004982857935081
0,105.1250000000019,10,9.99532309834286,10.004662171138788
0,105.1750000000019,10,9.995366230623022,10.004341646804036
0,105.22500000000191,10,9.995407654483978,10.004021311776548
0,105.27500000000191,10,9.995447378906045,10.003701192734923
0,105.32500000000192,10,9.995485412952307,10.003381316189424
0,105.37500000000192,10,9.995521765767442,10.003061708480777
0,105.42500000000193,10,9.995556446576531,10.002742395778997
0,105.47500000000193,10,9.995589464683874,10.00242340408222
0,105.52500000000194,10,9.995620829471815,10.002104759215573
0,105.57500000000194,10,9.995650550399553,10.001786486830056
0,105.62500000000195,10,9.995678637001962,10.001468612401448
0,105.67500000000194,10,9.995705098888415,10.001151161229227
0,105.72500000000194,10,9.995729945741589,10.000834158435511
0,105.77500000000195,10,9.995753187316303,10.000517628964019
0,105.82500000000195,10,9.99577483343832,10.000201597579068
0,105.87500000000196,10,9.995794894003186,9.999886088864562
0,105.92500000000196,10,9.995813378975035,9.999571127223026
0,105.97500000000197,10,9.995830298385425,9.999256736874647
0,106.02500000000197,10,9.995845662332156,9.998942941856331
0,106.07500000000198,10,9.995859480978098,9.998629766020793
0,106.12500000000198,10,9.995871764550014,9.998317233035658
0,106.17500000000199,10,9.995882523337391,9.998005366382593
0,106.22500000000198,10,9.995891767691269,9.997694189356439
0,106.275000000002,10,9.99589950802307,9.997383725064381
0,106.32500000000199,10,9.995905754803438,9.997073996425126
0,106.37500000000199,10,9.99591051856106,9.996765026168113
0,106.425000000002,10,9.99591380988151,9.996456836832733
0,106.475000000002,10,9.995915639406089,9.99614945076756
0,106.52500000000201,10,9.99591601783066,9.995842890129623
0,106.575000000002,10,9.995914955904496,9.995537176883696
0,106.62500000000202,10,9.99591246442911,9.995232332801576
0,106.67500000000202,10,9.99590855425712,9.99492837946142
0,106.72500000000203,10,9.995903236291085,9.99462533824708
0,106.77500000000202,10,9.995896521482354,9.994323230347456
0,106.82500000000203,10,9.995888420829933,9.994022076755888
0,106.87500000000203,10,9.995878945379323,9.993721898269541
0,106.92500000000204,10,9.995868106221392,9.99342271548882
0,106.97500000000204,10,9.99585591449123,9.99312454881681
0,107.02500000000205,10,9.99584238136701,9.992827418458738
0,107.07500000000205,10,9.995827518068864,9.992531344421433
0,107.12500000000205,10,9.995811335857741,9.99223634651282
0,107.17500000000206,10,9.995793846034289,9.991942444341438
0,107.22500000000205,10,9.99577505993772,9.991649657315971
0,107.27500000000207,10,9.995754988944705,9.99135800464479
0,107.32500000000206,10,9.995733644468235,9.991067505335517
0,107.37500000000207,10,9.99571103795652,9.990778178194622
0,107.42500000000207,10,9.995687180891876,9.990490041827025
0,107.47500000000208,10,9.995662084789613,9.990203114635706
0,107.52500000000208,10,9.99563576119693,9.989917414821363
0,107.57500000000209,10,9.99560822169182,9.989632960382066
0,107.62500000000209,10,9.99557947788196,9.989349769112927
0,107.6750000000021,10,9.995549541403633,9.989067858605802
0,107.7250000000021,10,9.995518423920627,9.988787246249002
0,107.7750000000021,10,9.99548613712315,9.98850794922703
0,107.8250000000021,10,9.995452692726747,9.988229984520329
0,107.8750000000021,10,9.995418102471229,9.98795336890505
0,107.92500000000211,10,9.995382378119587,9.98767811895283
0,107.97500000000211,10,9.995345531456932,9.987404251030602
0,108.02500000000212,10,9.995307574289424,9.987131781300418
0,108.07500000000212,10,9.995268518443204,9.986860725719279
0,108.12500000000213,10,9.99522837576335,9.986591100038993
0,108.17500000000213,10,9.995187158112811,9.986322919806055
0,108.22500000000214,10,9.995144877371363,9.986056200361526
0,108.27500000000214,10,9.995101545434569,9.985790956840946
0,108.32500000000215,10,9.995057174212725,9.985527204174259
0,108.37500000000215,10,9.995011775629843,9.985264957085755
0,108.42500000000216,10,9.994965361622603,9.985004230094024
0,108.47500000000215,10,9.99491794413934,9.984745037511932
0,108.52500000000215,10,9.994869535139012,9.984487393446614
0,108.57500000000216,10,9.994820146590193,9.984231311799489
0,108.62500000000216,10,9.994769790470052,9.983976806266272
0,108.67500000000217,10,9.994718478763351,9.983723890337014
0,108.72500000000217,10,9.994666223461447,9.983472577296178
0,108.77500000000218,10,9.994613036561285,9.983222880222698
0,108.82500000000218,10,9.994558930064416,9.98297481199007
0,108.87500000000219,10,9.994503915976,9.982728385266464
0,108.92500000000219,10,9.99444800630384,9.982483612514843
0,108.9750000000022,10,9.994391213057385,9.982240505993097
0,109.0250000000022,10,9.994333548246779,9.981999077754198
0,109.0750000000022,10,9.994275023881881,9.981759339646377
0,109.1250000000022,10,9.994215651971311,9.981521303313302
0,109.1750000000022,10,9.994155444521496,9.981284980194278
0,109.22500000000221,10,9.994094413535715,9.981050381524467
0,109.27500000000221,10,9.994032571013161,9.980817518335112
0,109.32500000000222,10,9.993969928948,9.980586401453786
0,109.37500000000222,10,9.993906499328434,9.980357041504654
0,109.42500000000223,10,9.993842294135783,9.980129448908752
0,109.47500000000223,10,9.993777325343556,9.979903633884279
0,109.52500000000224,10,9.993711604916541,9.979679606446886
0,109.57500000000223,10,9.993645144809886,9.979457376410018
0,109.62500000000225,10,9.993577956968206,9.97923695338524
0,109.67500000000224,10,9.993510053324673,9.979018346782581
0,109.72500000000225,10,9.993441445800139,9.978801565810903
0,109.77500000000225,10,9.99337214630223,9.978586619478277
0,109.82500000000226,10,9.993302166724481,9.978373516592377
0,109.87500000000226,10,9.99323151894546,9.978162265760885
0,109.92500000000226,10,9.993160214827888,9.977952875391903
0,109.97500000000227,10,9.993088266217791,9.977745353694399
0,110.02500000000227,10,9.993015684943632,9.977539708678647
0,110.07500000000228,10,9.99294248281547,9.977335948156684
0,110.12500000000227,10,9.99286867162411,9.97713407974279
0,110.17500000000229,10,9.99279426314027,9.976934110853975
0,110.22500000000228,10,9.992719269113742,9.976736048710473
0,110.2750000000023,10,9.992643701272579,9.976539900336261
0,110.32500000000229,10,9.992567571322265,9.976345672559592
0,110.3750000000023,10,9.992490890944906,9.976153372013515
0,110.4250000000023,10,9.992413671798424,9.975963005136446
0,110.47500000000231,10,9.992335925515762,9.975774578172727
0,110.52500000000231,10,9.992257663704088,9.97558809717319
0,110.5750000000023,10,9.992178897943996,9.975403567995766
0,110.62500000000232,10,9.99209963978875,9.975220996306081
0,110.67500000000231,10,9.992019900763488,9.975040387578064
0,110.72500000000232,10,9.991939692364468,9.974861747094572
0,110.77500000000232,10,9.9918590260583,9.97468507994804
0,110.82500000000233,10,9.9917779132812,9.974510391041122
0,110.87500000000233,10,9.991696365438234,9.974337685087349
0,110.92500000000234,10,9.99161439390258,9.974166966611808
0,110.97500000000234,10,9.991532010014797,9.973998239951824
0,111.02500000000235,10,9.991449225082095,9.973831509257659
0,111.07500000000235,10,9.991366050377616,9.973666778493214
0,111.12500000000236,10,9.991282497139716,9.973504051436752
0,111.17500000000236,10,9.991198576571264,9.973343331681619
0,111.22500000000237,10,9.991114299838936,9.973184622636994
0,111.27500000000236,10,9.991029678072524,9.973027927528639
0,111.32500000000236,10,9.99094472236425,9.97287324939965
0,111.37500000000237,10,9.99085944376808,9.972720591111232
0,111.42500000000237,10,9.990773853299068,9.972569955343488
0,111.47500000000238,10,9.990687961932663,9.972421344596208
0,111.52500000000238,10,9.990601780604072,9.972274761189672
0,111.57500000000239,10,9.990515320207598,9.972130207265458
0,111.62500000000239,10,9.990428591595997,9.971987684787265
0,111.6750000000024,10,9.990341605579836,9.971847195541752
0,111.7250000000024,10,9.990254372926865,9.971708741139375
0,111.77500000000241,10,9.990166904361393,9.97157232301524
0,111.8250000000024,10,9.990079210563664,9.971437942429956
0,111.87500000000242,10,9.989991302169253,9.971305600470517
0,111.92500000000241,10,9.989903189768457,9.971175298051175
0,111.97500000000241,10,9.989814883905703,9.971047035914332
0,112.02500000000242,10,9.989726395078954,9.970920814631425
0,112.07500000000242,10,9.989637733739126,9.970796634603847
0,112.12500000000243,10,9.989548910289518,9.970674496063856
0,112.17500000000243,10,9.989459935085234,9.970554399075496
0,112.22500000000244,10,9.98937081843263,9.970436343535528
0,112.27500000000244,10,9.989281570588753,9.970320329174372
0,112.32500000000245,10,9.989192201760797,9.97020635555706
0,112.37500000000244,10,9.989102722105558,9.970094422084182
0,112.42500000000246,10,9.98901314172891,9.969984527992857
0,112.47500000000245,10,9.988923470685263,9.969876672357705
0,112.52500000000246,10,9.988833718977057,9.969770854091822
0,112.57500000000246,10,9.988743896554245,9.969667071947768
0,112.62500000000247,10,9.988654013313788,9.96956532451857
0,112.67500000000247,10,9.98856407909915,9.969465610238714
0,112.72500000000247,10,9.988474103699822,9.969367927385157
0,112.77500000000248,10,9.988384096850822,9.969272274078346
0,112.82500000000248,10,9.988294068232225,9.969178648283238
0,112.87500000000249,10,9.988204027468695,9.969087047810328
0,112.92500000000248,10,9.988113984129019,9.968997470316692
0,112.9750000000025,10,9.988023947725647,9.96890991330703
0,113.02500000000249,10,9.987933927714256,9.968824374134709
0,113.0750000000025,10,9.987843933493291,9.96874085000283
0,113.1250000000025,10,9.987753974403544,9.968659337965281
0,113.17500000000251,10,9.987664059727722,9.968579834927803
0,113.22500000000251,10,9.987574198690025,9.96850233764908
0,113.27500000000252,10,9.987484400455727,9.968426842741804
0,113.32500000000252,10,9.987394674130787,9.968353346673775
0,113.37500000000252,10,9.98730502876143,9.96828184576898
0,113.42500000000253,10,9.98721547333376,9.968212336208692
0,113.47500000000252,10,9.987126016773388,9.968144814032586
0,113.52500000000254,10,9.98703666794503,9.968079275139834
0,113.57500000000253,10,9.986947435652155,9.968015715290221
0,113.62500000000254,10,9.986858328636615,9.967954130105266
0,113.67500000000254,10,9.986769355578277,9.967894515069345
0,113.72500000000255,10,9.986680525094693,9.967836865530819
0,113.77500000000255,10,9.986591845740733,9.967781176703165
0,113.82500000000256,10,9.98650332600827,9.967727443666115
0,113.87500000000256,10,9.986414974325832,9.967675661366798
0,113.92500000000257,10,9.986326799058297,9.967625824620884
0,113.97500000000257,10,9.986238808506556,9.967577928113743
0,114.02500000000258,10,9.986151010907225,9.96753196640159
0,114.07500000000258,10,9.986063414432328,9.967487933912642
0,114.12500000000257,10,9.985976027189013,9.96744582494829
0,114.17500000000258,10,9.985888857219251,9.967405633684264
0,114.22500000000258,10,9.985801912499566,9.967367354171792
0,114.27500000000259,10,9.985715200940753,9.967330980338783
0,114.32500000000259,10,9.985628730387617,9.967296505991003
0,114.3750000000026,10,9.985542508618703,9.967263924813253
0,114.4250000000026,10,9.98545654334605,9.967233230370553
0,114.47500000000261,10,9.985370842214937,9.967204416109332
0,114.5250000000026,10,9.985285412803647,9.967177475358614
0,114.57500000000262,10,9.98520026262323,9.967152401331209
0,114.62500000000261,10,9.985115399117278,9.967129187124906
0,114.67500000000263,10,9.985030829661703,9.967107825723678
0,114.72500000000262,10,9.984946561564522,9.967088309998886
0,114.77500000000262,10,9.984862602065649,9.967070632710465
0,114.82500000000263,10,9.984778958336701,9.967054786508136
0,114.87500000000263,10,9.984695637480794,9.967040763932621
0,114.92500000000264,10,9.98461264653236,9.967028557416844
0,114.97500000000264,10,9.984529992456974,9.967018159287148
0,115.02500000000265,10,9.984447682151163,9.967009561764504
0,115.07500000000265,10,9.984365722442252,9.967002756965723
0,115.12500000000266,10,9.984284120088196,9.966997736904679
0,115.17500000000265,10,9.984202881777428,9.966994493493521
0,115.22500000000267,10,9.984122014128708,9.966993018543903
0,115.27500000000266,10,9.984041523690985,9.966993303768191
0,115.32500000000267,10,9.983961416943256,9.966995340780691
0,115.37500000000267,10,9.98388170029444,9.966999121098876
0,115.42500000000268,10,9.983802380083254,9.967004636144605
0,115.47500000000268,10,9.983723462578103,9.967011877245346
0,115.52500000000268,10,9.983644953976956,9.96702083563541
0,115.57500000000269,10,9.983566860407256,9.967031502457171
0,115.62500000000269,10,9.983489187925812,9.967043868762302
0,115.6750000000027,10,9.983411942518716,9.967057925512986
0,115.7250000000027,10,9.98333513010125,9.967073663583157
0,115.7750000000027,10,9.983258756517811,9.96709107375973
0,115.8250000000027,10,9.98318282754184,9.96711014674382
0,115.87500000000271,10,9.983107348875754,9.967130873151975
0,115.92500000000271,10,9.983032326150875,9.967153243517407
0,115.97500000000272,10,9.982957764927395,9.96717724829122
0,116.02500000000272,10,9.982883670694312,9.967202877843636
0,116.07500000000273,10,9.982810048869391,9.967230122465224
0,116.12500000000273,10,9.98273690479913,9.967258972368127
0,116.17500000000273,10,9.982664243758727,9.967289417687288
0,116.22500000000274,10,9.982592070952057,9.967321448481686
0,116.27500000000273,10,9.982520391511649,9.967355054735545
0,116.32500000000275,10,9.982449210498677,9.967390226359573
0,116.37500000000274,10,9.982378532902953,9.967426953192177
0,116.42500000000275,10,9.982308363642922,9.967465225000698
0,116.47500000000275,10,9.982238707565669,9.967505031482625
0,116.52500000000276,10,9.982169569446926,9.967546362266814
0,116.57500000000276,10,9.982100953991091,9.967589206914711
0,116.62500000000277,10,9.982032865831252,9.967633554921571
0,116.67500000000277,10,9.981965309529203,9.967679395717674
0,116.72500000000278,10,9.981898289575488,9.967726718669542
0,116.77500000000278,10,9.981831810389433,9.967775513081149
0,116.82500000000279,10,9.98176587631919,9.967825768195137
0,116.87500000000279,10,9.981700491641792,9.96787747319403
0,116.92500000000278,10,9.981635660563198,9.96793061720143
0,116.9750000000028,10,9.981571387218358,9.967985189283237
0,117.02500000000279,10,9.981507675671278,9.968041178448843
0,117.0750000000028,10,9.981444529915095,9.968098573652343
0,117.1250000000028,10,9.981381953872143,9.96815736379373
0,117.17500000000281,10,9.981319951394044,9.968217537720099
0,117.22500000000281,10,9.981258526261788,9.968279084226829
0,117.27500000000282,10,9.981197682185831,9.968341992058791
0,117.32500000000282,10,9.981137422806183,9.968406249911533
0,117.37500000000283,10,9.981077751692517,9.968471846432465
0,117.42500000000283,10,9.981018672344277,9.968538770222045
0,117.47500000000284,10,9.980960188190783,9.968607009834964
0,117.52500000000283,10,9.980902302591359,9.968676553781323
0,117.57500000000283,10,9.98084501883544,9.968747390527815
0,117.62500000000284,10,9.980788340142714,9.968819508498893
0,117.67500000000284,10,9.98073226966325,9.96889289607794
0,117.72500000000285,10,9.980676810477624,9.96896754160843
0,117.77500000000285,10,9.98062196559708,9.96904343339511
0,117.82500000000286,10,9.98056773796366,9.969120559705145
0,117.87500000000286,10,9.980514130450363,9.969198908769282
0,117.92500000000287,10,9.9804611458613,9.969278468783008
0,117.97500000000286,10,9.980408786931852,9.969359227907685
0,118.02500000000288,10,9.980357056328842,9.969441174271704
0,118.07500000000287,10,9.980305956650694,9.969524295971638
0,118.12500000000288,10,9.980255490427623,9.969608581073365
0,118.17500000000288,10,9.980205660121797,9.969694017613211
0,118.2250000000029,10,9.98015646812753,9.969780593599086
0,118.27500000000289,10,9.980107916771473,9.969868297011606
0,118.32500000000289,10,9.980060008312797,9.969957115805212
0,118.3750000000029,10,9.980012744943396,9.97004703790929
0,118.4250000000029,10,9.979966128788089,9.970138051229293
0,118.47500000000291,10,9.979920161904818,9.97023014364785
0,118.5250000000029,10,9.979874846284869,9.970323303025864
0,118.57500000000292,10,9.979830183853071,9.970417517203625
0,118.62500000000291,10,9.97978617646803,9.970512774001898
0,118.67500000000292,10,9.97974282592234,9.970609061223021
0,118.72500000000292,10,9.979700133942814,9.970706366651994
0,118.77500000000293,10,9.979658102190708,9.970804678057563
0,118.82500000000293,10,9.979616732261967,9.970903983193292
0,118.87500000000294,10,9.979576025687448,9.971004269798643
0,118.92500000000294,10,9.979535983933179,9.971105525600048
0,118.97500000000294,10,9.979496608400586,9.971207738311971
0,119.02500000000295,10,9.979457900426763,9.97131089563796
0,119.07500000000294,10,9.979419861284706,9.971414985271707
0,119.12500000000296,10,9.979382492183586,9.97151999489811
0,119.17500000000295,10,9.979345794269,9.971625912194298
0,119.22500000000295,10,9.97930976862324,9.97173272483068
0,119.27500000000295,10,9.979274416265564,9.97184042047198
0,119.32500000000296,10,9.979239738152463,9.971948986778257
0,119.37500000000296,10,9.979205735177933,9.972058411405936
0,119.42500000000297,10,9.979172408173765,9.97216868200883
0,119.47500000000296,10,9.979139757909818,9.972279786239142
0,119.52500000000298,10,9.979107785094312,9.972391711748473
0,119.57500000000297,10,9.97907649037411,9.972504446188834
0,119.62500000000298,10,9.979045874335014,9.972617977213634
0,119.67500000000298,10,9.979015937502064,9.972732292478668
0,119.72500000000299,10,9.97898668033983,9.972847379643108
0,119.77500000000299,10,9.978958103252719,9.97296322637048
0,119.82500000000299,10,9.978930206585282,9.97307982032963
0,119.875000000003,10,9.978902990622519,9.973197149195709
0,119.925000000003,10,9.978876455590191,9.973315200651111
0,119.975000000003,10,9.978850601655138,9.973433962386444
0,119.99999999999999,10,9.978837930133635,9.973493606148942
65,0,0,0,0
65,0.000125,0,0,0
65,0.000375,0,0,0
65,0.000875,0,0,0
65,0.001875,0,0,0
65,0.0038749999999999995,0,0,0
65,0.007874999999999998,0,0,0
65,0.015874999999999997,0,0,0
65,0.031874999999999994,0,0,0
65,0.063875,0,0,0
65,0.113875,0,0,0
65,0.16387500000000002,0,0,0
65,0.21387500000000004,0,0,0
65,0.263875,0,0,0
65,0.313875,0,0,0
65,0.363875,0,0,0
65,0.413875,0,0,0
65,0.463875,0,0,0
65,0.513875,0,0,0
65,0.563875,0,0,0
65,0.6138750000000001,0,0,0
65,0.663875,0,0,0
65,0.713875,0,0,0
65,0.7638750000000001,0,0,0
65,0.8138750000000001,0,0,0
65,0.8638750000000002,0,0,0
65,0.9138750000000002,0,0,0
65,0.9638750000000003,0,0,0
65,1.0138750000000003,0,0,0
65,1.0638750000000003,0,0,0
65,1.1138750000000004,0,0,0
65,1.1638750000000004,0,0,0
65,1.2138750000000005,0,0,0
65,1.2638750000000005,0,0,0
65,1.3138750000000006,0,0,0
65,1.3638750000000006,0,0,0
65,1.4138750000000007,0,0,0
65,1.4638750000000007,0,0,0
65,1.5138750000000005,0,0,0
65,1.5638750000000006,0,0,0
65,1.6138750000000006,0,0,0
65,1.6638750000000007,0,0,0
65,1.7138750000000007,0,0,0
65,1.7638750000000007,0,0,0
65,1.8138750000000008,0,0,0
65,1.8638750000000008,0,0,0
65,1.9138750000000009,0,0,0
65,1.963875000000001,0,0,0
65,2.013875000000001,0,0,0
65,2.063875000000001,0,0,0
65,2.113875000000001,0,0,0
65,2.163875000000001,0,0,0
65,2.213875000000001,0,0,0
65,2.263875000000001,0,0,0
65,2.3138750000000012,0,0,0
65,2.363875000000001,0,0,0
65,2.4138750000000013,0,0,0
65,2.463875000000001,0,0,0
65,2.5138750000000014,0,0,0
65,2.5638750000000012,0,0,0
65,2.6138750000000015,0,0,0
65,2.6638750000000013,0,0,0
65,2.7138750000000016,0,0,0
65,2.7638750000000014,0,0,0
65,2.8138750000000017,0,0,0
65,2.8638750000000015,0,0,0
65,2.9138750000000018,0,0,0
65,2.9638750000000016,0,0,0
65,3.013875000000002,0,0,0
65,3.0638750000000017,0,0,0
65,3.1138750000000015,0,0,0
65,3.1638750000000018,0,0,0
65,3.2138750000000016,0,0,0
65,3.263875000000002,0,0,0
65,3.3138750000000017,0,0,0
65,3.363875000000002,0,0,0
65,3.4138750000000018,0,0,0
65,3.463875000000002,0,0,0
65,3.513875000000002,0,0,0
65,3.563875000000002,0,0,0
65,3.613875000000002,0,0,0
65,3.663875000000002,0,0,0
65,3.713875000000002,0,0,0
65,3.7638750000000023,0,0,0
65,3.8138750000000017,0,0,0
65,3.8638750000000015,0,0,0
65,3.913875000000001,0,0,0
65,3.9638750000000007,0,0,0
65,4.0138750000000005,0,0,0
65,4.0638749999999995,0,0,0
65,4.113874999999999,0,0,0
65,4.163874999999999,0,0,0
65,4.213874999999999,0,0,0
65,4.263874999999999,0,0,0
65,4.313874999999998,0,0,0
65,4.3638749999999975,0,0,0
65,4.413874999999997,0,0,0
65,4.463874999999997,0,0,0
65,4.513874999999996,0,0,0
65,4.563874999999996,0,0,0
65,4.613874999999996,0,0,0
65,4.6638749999999956,0,0,0
65,4.713874999999995,0,0,0
65,4.763874999999994,0,0,0
65,4.813874999999994,0,0,0
65,4.863874999999994,0,0,0
65,4.913874999999994,0,0,0
65,4.963874999999993,0,0,0
65,5,0,0,0
65,5.005,0.04999999999999879,0.04996240910151014,0.0000000390287567252998
65,5.015,0.14999999999999636,0.14981210214794263,0.00000027313380329682294
65,5.035,0.3499999999999998,0.3490614173684651,0.0000026118891395330108
65,5.075,0.7499999999999984,0.7457665725216606,0.00002408176424558499
65,5.125,1.2499999999999947,1.2383031508864404,0.00010671631943772145
65,5.174999999999999,1.7499999999999907,1.7271488314683174,0.00028586557357942755
65,5.224999999999999,2.249999999999987,2.2123321459631087,0.0005995782271239586
65,5.274999999999999,2.749999999999983,2.693881696134169,0.001085564506573203
65,5.324999999999998,3.249999999999979,3.1718261507492063,0.001781195922518149
65,5.374999999999997,3.7499999999999756,3.646194242538353,0.002723505058583165
65,5.424999999999997,4.249999999999972,4.1170147651735745,0.0039491853910204764
65,5.474999999999997,4.749999999999968,4.584316570269484,0.0054945911387008365
65,5.524999999999997,5.249999999999964,5.0481285644056175,0.007395737143246045
65,5.574999999999996,5.74999999999996,5.5084797061702515,0.009688298779048657
65,5.624999999999996,6.2499999999999565,5.965399003225817,0.012407611892923892
65,5.674999999999995,6.749999999999953,6.418915509395949,0.015588672773138508
65,5.724999999999995,7.2499999999999485,6.869058321774276,0.019266138147561174
65,5.774999999999995,7.749999999999945,7.315856577854957,0.023474325210678573
65,5.824999999999994,8.249999999999941,7.759339452685037,0.028247211679221323
65,5.874999999999994,8.749999999999938,8.199536156038674,0.03361843587614363
65,5.924999999999994,9.249999999999932,8.636475929613283,0.03962129684270043
65,5.974999999999993,9.749999999999929,9.070188044247653,0.04628875447836551
65,6,9.999999999999998,9.285841967595227,0.04988090550653829
65,6.005,10,9.278898759426882,0.0506240986376889
65,6.015,10,9.265023911356296,0.05212472749079215
65,6.035,10,9.237343648676395,0.05521127800047023
65,6.075,10,9.182261090208682,0.061723922741659464
65,6.124999999999999,10,9.113929669829517,0.07049710078052729
65,6.174999999999999,10,9.046178808557947,0.07996681100693012
65,6.224999999999999,10,8.979009350271216,0.09012627196493411
65,6.274999999999999,10,8.912422081692565,0.1009687029407355
65,6.3249999999999975,10,8.846417732827334,0.11248732453223895
65,6.374999999999997,10,8.780996977400052,0.12467535921351988
65,6.424999999999997,10,8.716160433292456,0.13752603189416784
65,6.474999999999997,10,8.651908662982395,0.15103257047350827
65,6.524999999999997,10,8.588242173983593,0.16518820638970083
65,6.574999999999996,10,8.525161419286203,0.17998617516371274
65,6.624999999999996,10,8.462666797798118,0.19541971693816557
65,6.674999999999995,10,8.400758654786996,0.21148207701105523
65,6.724999999999995,10,8.339437282322951,0.22816650636434468
65,6.774999999999994,10,8.278702919721873,0.24546626218742973
65,6.824999999999994,10,8.218555753989321,0.26337460839547816
65,6.874999999999994,10,8.158995920264964,0.28188481614264355
65,6.924999999999994,10,8.100023502267511,0.3009901643301552
65,6.9749999999999925,10,8.041638532740105,0.320683940109286
65,7.024999999999992,10,7.983840993896114,0.34095943937920087
65,7.074999999999992,10,7.926630817865308,0.36180996727968745
65,7.124999999999992,10,7.8700078871403605,0.3832288386787737
65,7.174999999999992,10,7.8139720350236335,0.40520937865523465
65,7.224999999999991,10,7.758523046074218,0.4277449229759927
65,7.274999999999991,10,7.7036606565551855,0.4508288185684168
65,7.32499999999999,10,7.649384554880993,0.4744544239875229
65,7.37499999999999,10,7.59569438206504,0.49861510987808344
65,7.424999999999989,10,7.542589732167295,0.5233042594316492
65,7.474999999999989,10,7.490070152741982,0.5485152688384907
65,7.52499999999999,10,7.438135145285286,0.5742415477344659
65,7.57499999999999,10,7.386784165683019,0.6004765196428189
65,7.62499999999999,10,7.336016624658237,0.6272136224109183
65,7.674999999999991,10,7.285831888218746,0.6544463086419416
65,7.724999999999992,10,7.236229278104475,0.6821680461215153
65,7.7749999999999915,10,7.1872080722346805,0.7103723182393159
65,7.824999999999992,10,7.138767505154926,0.7390526244056426
65,7.874999999999993,10,7.090906768483827,0.7682024804629694
65,7.924999999999994,10,7.043625011359515,0.7978154190924865
65,7.974999999999993,10,6.996921340885765,0.8278849902156395
65,8.024999999999993,10,6.950794822577794,0.8584047613906777
65,8.074999999999994,10,6.90524448080766,0.8893683182042198
65,8.124999999999995,10,6.860269299249232,0.92076926465785
65,8.174999999999995,10,6.81586822132272,0.9526012235497533
65,8.224999999999996,10,6.772040150638702,0.9848578368514003
65,8.274999999999997,10,6.728783951441634,1.017532766079297
65,8.324999999999998,10,6.686098449052796,1.0506196926618079
65,8.374999999999996,10,6.643982430312668,1.0841123183010655
65,8.424999999999997,10,6.602434644022656,1.1180043653299787
65,8.474999999999998,10,6.561453801386193,1.1522895770643535
65,8.524999999999999,10,6.521038576449131,1.1869617181501382
65,8.575,10,6.481187606539434,1.2220145749058058
65,8.625,10,6.441899492706119,1.2574419556598893
65,8.675,10,6.403172800157404,1.2932376910836825
65,8.725,10,6.365006058698077,1.3293956345191216
65,8.775,10,6.327397763165996,1.365909662301859
65,8.825000000000001,10,6.290346373867743,1.4027736740795478
65,8.875000000000002,10,6.253850317013367,1.4399815931253508
65,8.925000000000002,10,6.217907985150203,1.4775273666466893
65,8.975000000000003,10,6.182517737595744,1.5154049660892461
65,9.025000000000004,10,6.14767790086952,1.5536083874362405
65,9.075000000000003,10,6.113386769123966,1.5921316515029906
65,9.125000000000004,10,6.079642604574257,1.63096880422678
65,9.175000000000004,10,6.046443637927069,1.670113916952043
65,9.225000000000005,10,6.013788068808258,1.7095610867108877
65,9.275000000000006,10,5.981674066189394,1.7493044364989754
65,9.325000000000006,10,5.9500997688131845,1.7893381155467691
65,9.375000000000005,10,5.919063285617687,1.8296562995861738
65,9.425000000000006,10,5.888562696159359,1.8702531911125826
65,9.475000000000007,10,5.858596051034853,1.9111230196423494
65,9.525000000000007,10,5.829161372301582,1.9522600419657041
65,9.575000000000008,10,5.800256653897002,1.9936585423951307
65,9.625000000000009,10,5.771879862056608,2.035312833009226
65,9.67500000000001,10,5.744028935730591,2.0772172538920595
65,9.725000000000009,10,5.716701786999164,2.1193661733680536
65,9.77500000000001,10,5.6898963014865105,2.1617539882323986
65,9.82500000000001,10,5.663610338773344,2.20437512397703
65,9.87500000000001,10,5.6378417328080515,2.2472240350121835
65,9.925000000000011,10,5.6125882923163966,2.290295204883545
65,9.975000000000012,10,5.587847801209774,2.3335831464850236
65,10.025000000000013,10,5.563618018991966,2.37708240226716
65,10.075000000000012,10,5.539896681164401,2.4207875444411977
65,10.125000000000012,10,5.516681499629906,2.46469317517883
65,10.175000000000013,10,5.493970163094882,2.5087939268076545
65,10.225000000000014,10,5.47176033746994,2.5530844620023445
65,10.275000000000015,10,5.4500496662689395,2.597559473971568
65,10.325000000000015,10,5.428835771006423,2.64221368664067
65,10.375000000000016,10,5.408116251593423,2.687041854830143
65,10.425000000000015,10,5.387888686731632,2.7320387644299062
65,10.475000000000016,10,5.368150634305897,2.777199232569416
65,10.525000000000016,10,5.348899631775041,2.822518107783629
65,10.575000000000017,10,5.330133196560979,2.8679902701748423
65,10.625000000000018,10,5.31184882643612,2.913610631570428
65,10.675000000000018,10,5.29404399990902,2.9593741356764918
65,10.725000000000017,10,5.276716176608295,3.0052757582274743
65,10.775000000000018,10,5.25986279766476,3.0513105071317206
65,10.825000000000019,10,5.243481286091772,3.0974734226130343
65,10.87500000000002,10,5.227569047163772,3.14375957734825
65,10.92500000000002,10,5.212123468793008,3.1901640766008366
65,10.975000000000021,10,5.1971419219044215,3.2366820583505644
65,11.025000000000022,10,5.18262176080868,3.283308693419255
65,11.07500000000002,10,5.168560323573332,3.3300391855926343
65,11.125000000000021,10,5.1549549323921005,3.376868771738321
65,11.175000000000022,10,5.141802893952257,3.423792721919964
65,11.225000000000023,10,5.129101499800091,3.470806339507567
65,11.275000000000023,10,5.116848026704458,3.5179049612840076
65,11.325000000000024,10,5.10503973701838,3.5650839575477904
65,11.375000000000025,10,5.093673879038692,3.612338732212049
65,11.425000000000024,10,5.082747687363726,3.659664722899821
65,11.475000000000025,10,5.072258383249006,3.7070574010356294
65,11.525000000000025,10,5.06220317496096,3.75451227193339
65,11.575000000000026,10,5.0525792581286115,3.802024874880664
65,11.625000000000027,10,5.043383816093273,3.849590783219288
65,11.675000000000027,10,5.034614020256193,3.8972056044224073
65,11.725000000000028,10,5.026267030424158,3.9448649801679325
65,11.775000000000027,10,5.018339995153061,3.992564586408446
65,11.825000000000028,10,5.010830052089388,4.040300133437585
65,11.875000000000028,10,5.003734328309639,4.088067365952925
65,11.92500000000003,10,4.9970499406576465,4.135862063115396
65,11.97500000000003,10,4.990773996079834,4.183680038605238
65,12.02500000000003,10,4.98490359195832,4.2315171406745495
65,12.07500000000003,10,4.979435816441944,4.279369252196424
65,12.12500000000003,10,4.9743677487751565,4.327232290710724
65,12.175000000000031,10,4.969696459624766,4.375102208466517
65,12.225000000000032,10,4.965419011404549,4.422974992461171
65,12.275000000000032,10,4.961532458597712,4.470846664476178
65,12.325000000000033,10,4.958033848077176,4.518713281109698
65,12.375000000000034,10,4.954920219423716,4.566570933805861
65,12.425000000000033,10,4.95218860524191,4.614415748880854
65,12.475000000000033,10,4.949836031473895,4.66224388754583
65,12.525000000000034,10,4.947859517710946,4.7100515459266274
65,12.575000000000035,10,4.946256077502856,4.757834955080379
65,12.625000000000036,10,4.9450227186650935,4.805590381008996
65,12.675000000000036,10,4.944156443583761,4.853314124669565
65,12.725000000000037,10,4.9436542495183415,4.9010025219816855
65,12.775000000000036,10,4.94351312890219,4.9486519438317895
65,12.825000000000037,10,4.943730069640821,4.996258796074436
65,12.875000000000037,10,4.944302055407954,5.043819519530632
65,12.925000000000038,10,4.945226065939312,5.091330589983205
65,12.975000000000039,10,4.946499077324159,5.138788518169238
65,13.02500000000004,10,4.948118062294614,5.18618984976961
65,13.07500000000004,10,4.950079990512687,5.233531165395661
65,13.125000000000039,10,4.9523818288550485,5.280809080573005
65,13.17500000000004,10,4.955020541695553,5.328020245722525
65,13.22500000000004,10,4.9579930911854735,5.375161346138578
65,13.275000000000041,10,4.961296437531469,5.422229101964407
65,13.325000000000042,10,4.964927539271273,5.469220268164842
65,13.375000000000043,10,4.968883353547104,5.516131634496262
65,13.425000000000043,10,4.973160836376785,5.562960025473876
65,13.475000000000042,10,4.977756942922578,5.609702300336336
65,13.525000000000043,10,4.982668627757731,5.656355353007718
65,13.575000000000044,10,4.987892845130729,5.70291611205689
65,13.625000000000044,10,4.993426549227257,5.749381540654295
65,13.675000000000045,10,4.9992666944298465,5.795748636526175
65,13.725000000000046,10,5.005410235575256,5.842014431906263
65,13.775000000000045,10,5.011854128209516,5.888175993484976
65,13.825000000000045,10,5.0185953288406955,5.93423042235612
65,13.875000000000046,10,5.025630795189352,5.980174853961146
65,13.925000000000047,10,5.0329574864366915,6.026006458030982
65,13.975000000000048,10,5.040572363470408,6.0717224385254625
65,14.025000000000048,10,5.048472389128225,6.117320033570384
65,14.075000000000049,10,5.056654528439128,6.1627965153922135
65,14.125000000000048,10,5.065115748862301,6.208149190250471
65,14.175000000000049,10,5.0738530205237335,6.253375398367824
65,14.22500000000005,10,5.08286331645056,6.298472513857911
65,14.27500000000005,10,5.092143612803042,6.343437944650919
65,14.32500000000005,10,5.101690889104292,6.388269132416939
65,14.375000000000052,10,5.111502128467663,6.4329635524871405
65,14.425000000000052,10,5.121574317821857,6.477518713772776
65,14.475000000000051,10,5.131904448133702,6.521932158682043
65,14.525000000000052,10,5.142489514628667,6.56620146303484
65,14.575000000000053,10,5.153326517009035,6.610324235975427
65,14.625000000000053,10,5.164412459669813,6.654298119883025
65,14.675000000000054,10,5.1757443519123205,6.6981207902803845
65,14.725000000000055,10,5.187319208155511,6.741789955740337
65,14.775000000000055,10,5.199134048144966,6.785303357790368
65,14.825000000000054,10,5.2111858971596385,6.828658770815222
65,14.875000000000055,10,5.223471786216279,6.871854001957587
65,14.925000000000056,10,5.235988752271594,6.914886891016852
65,14.975000000000056,10,5.24873383842212,6.957755310345996
65,15.025000000000057,10,5.261704094101814,7.00045716474661
65,15.075000000000058,10,5.274896575277378,7.042990391362094
65,15.125000000000057,10,5.2883083446413,7.0853529595690405
65,15.175000000000058,10,5.301936471802646,7.127542870866839
65,15.225000000000058,10,5.315778033475569,7.169558158765523
65,15.275000000000059,10,5.329830113665561,7.211396888671875
65,15.32500000000006,10,5.344089803853469,7.253057157773841
65,15.37500000000006,10,5.358554203177226,7.294537094923248
65,15.425000000000061,10,5.373220418611361,7.33583486051687
65,15.47500000000006,10,5.388085565144252,7.376948646375861
65,15.52500000000006,10,5.403146765953148,7.417876675623576
65,15.575000000000061,10,5.418401152576958,7.4586172025618085
65,15.625000000000062,10,5.433845865086799,7.499168512545466
65,15.675000000000063,10,5.449478052254334,7.539528921855716
65,15.725000000000064,10,5.465294871717891,7.57969677757162
65,15.775000000000064,10,5.481293490146354,7.619670457440274
65,15.825000000000063,10,5.497471083400871,7.659448369745487
65,15.875000000000064,10,5.5138248366943365,7.699028953175026
65,15.925000000000065,10,5.530351944748691,7.738410676686447
65,15.975000000000065,10,5.547049611950035,7.777592039371525
65,16.025000000000066,10,5.5639150525015415,7.816571570319323
65,16.075000000000067,10,5.580945490574209,7.855347828477919
65,16.125000000000068,10,5.598138160455429,7.8939194025148085
65,16.175000000000068,10,5.615490306695405,7.9322849106760085
65,16.22500000000007,10,5.632999184251395,7.970443000643897
65,16.27500000000007,10,5.6506620586298135,8.00839234939379
65,16.325000000000067,10,5.6684762060261855,8.046131663049296
65,16.375000000000068,10,5.686438913462965,8.083659676736476
65,16.425000000000068,10,5.70454747892522,8.120975154436806
65,16.47500000000007,10,5.7227992114941975,8.158076888839
65,16.52500000000007,10,5.741191431478763,8.19496370118967
65,16.57500000000007,10,5.759721470544748,8.2316344411429
65,16.62500000000007,10,5.7783866718421795,8.268087986608723
65,16.67500000000007,10,5.797184390130426,8.30432324360052
65,16.725000000000072,10,5.816111991901255,8.340339146081378
65,16.775000000000073,10,5.835166855499815,8.376134655809436
65,16.825000000000074,10,5.854346371243534,8.411708762182213
65,16.875000000000075,10,5.8736479415389855,8.447060482079968
65,16.925000000000075,10,5.8930689809966665,8.482188859708085
65,16.975000000000072,10,5.912606916543755,8.51709296643856
65,17.025000000000073,10,5.932259187534818,8.551771900650536
65,17.075000000000074,10,5.952023245860503,8.586224787569963
65,17.125000000000075,10,5.9718965560541895,8.620450779108378
65,17.175000000000075,10,5.9918765953966515,8.654449053700853
65,17.225000000000076,10,6.011960854018707,8.688218816143097
65,17.275000000000077,10,6.032146835001869,8.721759297427758
65,17.325000000000077,10,6.052432054477029,8.75506975457994
65,17.375000000000078,10,6.0728140417211405,8.788149470491948
65,17.42500000000008,10,6.093290339251959,8.820997753757293
65,17.47500000000008,10,6.113858502920818,8.853613938503988
65,17.52500000000008,10,6.134516102003449,8.88599738422711
65,17.57500000000008,10,6.155260719288869,8.91814747562069
65,17.62500000000008,10,6.176089951166343,8.950063622408964
65,17.67500000000008,10,6.197001407710431,8.981745259176945
65,17.72500000000008,10,6.217992712764099,9.013191845200405
65,17.77500000000008,10,6.239061504019973,9.044402864275227
65,17.82500000000008,10,6.260205433099655,9.075377824546186
65,17.87500000000008,10,6.2814221656312075,9.106116258335176
65,17.925000000000082,10,6.302709381324722,9.13661772196888
65,17.975000000000083,10,6.324064774046062,9.166881795605912
65,18.025000000000084,10,6.345486051888737,9.19690808306347
65,18.075000000000085,10,6.366970937243945,9.2266962116435
65,18.125000000000085,10,6.3885171668687795,9.256245831958372
65,18.175000000000086,10,6.410122491952621,9.28555661775614
65,18.225000000000087,10,6.4317846781817165,9.314628265745341
65,18.275000000000087,10,6.453501505801962,9.343460495419412
65,18.325000000000088,10,6.4752707696798995,9.3720530488807
65,18.375000000000085,10,6.497090279361928,9.40040569066409
65,18.425000000000086,10,6.5189578591317545,9.428518207560302
65,18.475000000000087,10,6.540871348066094,9.456390408438825
65,18.525000000000087,10,6.562828600088604,9.484022124070554
65,18.575000000000088,10,6.584827484022101,9.511413206950111
65,18.62500000000009,10,6.606865883639053,9.538563531117878
65,18.67500000000009,10,6.628941697710345,9.565472991981778
65,18.72500000000009,10,6.65105284005236,9.592141506138804
65,18.77500000000009,10,6.673197239572355,9.618569011196309
65,18.82500000000009,10,6.695372840312158,9.644755465593093
65,18.875000000000092,10,6.717577601490201,9.670700848420282
65,18.925000000000093,10,6.739809497541893,9.696405159242028
65,18.975000000000094,10,6.762066518158344,9.72186841791606
65,19.02500000000009,10,6.7843466683234555,9.747090664414074
65,19.07500000000009,10,6.80664796834938,9.772071958641991
65,19.125000000000092,10,6.828968453910377,9.796812380260109
65,19.175000000000093,10,6.8513061760750595,9.821312028503158
65,19.225000000000094,10,6.873659201337051,9.84557102200027
65,19.275000000000095,10,6.896025611644064,9.869589498594882
65,19.325000000000095,10,6.918403504425411,9.893367615164602
65,19.375000000000096,10,6.9407909926179565,9.916905547441015
65,19.425000000000097,10,6.963186204690526,9.940203489829502
65,19.475000000000097,10,6.985587284666785,9.963261655229035
65,19.525000000000098,10,7.007992392146582,9.986080274851993
65,19.5750000000001,10,7.030399702325794,10.008659598044007
65,19.6250000000001,10,7.052807406014681,10.030999892103837
65,19.6750000000001,10,7.075213709654724,10.053101442103323
65,19.725000000000097,10,7.0976168353340165,10.074964550707392
65,19.775000000000098,10,7.1200150208011745,10.096589537994173
65,19.8250000000001,10,7.142406519477807,10.117976741275191
65,19.8750000000001,10,7.164789600469529,10.139126514915688
65,19.9250000000001,10,7.187162548575569,10.160039230155073
65,19.9750000000001,10,7.209523664296925,10.18071527492752
65,20.0250000000001,10,7.231871263843162,10.201155053682728
65,20.075000000000102,10,7.254203679137766,10.221358987206829
65,20.125000000000103,10,7.276519257822156,10.241327512443512
65,20.175000000000104,10,7.2988163632582985,10.261061082315337
65,20.225000000000104,10,7.3210933745299815,10.280560165545246
65,20.275000000000105,10,7.343348686442736,10.299825246478319
65,20.325000000000106,10,7.365580709522414,10.318856824903762
65,20.375000000000103,10,7.387787870012463,10.337655415877153
65,20.425000000000104,10,7.409968609869869,10.35622154954294
65,20.475000000000104,10,7.43212138675982,10.37455577095723
65,20.525000000000105,10,7.454244674049061,10.392658639910866
65,20.575000000000106,10,7.476336960797991,10.410530730752802
65,20.625000000000107,10,7.4983967517514944,10.428172632213785
65,20.675000000000107,10,7.520422567328512,10.445584947230396
65,20.725000000000108,10,7.542412943610372,10.46276829276939
65,20.77500000000011,10,7.564366432327913,10.47972329965242
65,20.82500000000011,10,7.586281600847365,10.49645061238111
65,20.87500000000011,10,7.608157032155042,10.512950888962504
65,20.92500000000011,10,7.629991324840835,10.529224800734893
65,20.97500000000011,10,7.651783093080536,10.545273032194055
65,21.025000000000112,10,7.67353096661698,10.561096280819905
65,21.07500000000011,10,7.695233590740035,10.576695256903543
65,21.12500000000011,10,7.716889626265453,10.592070683374759
65,21.17500000000011,10,7.7384977495125815,10.607223295629968
65,21.22500000000011,10,7.760056652280955,10.62215384136059
65,21.275000000000112,10,7.781565041825782,10.63686308038191
65,21.325000000000113,10,7.803021640832325,10.651351784462415
65,21.375000000000114,10,7.8244251873892114,10.665620737153576
65,21.425000000000114,10,7.845774434960652,10.679670733620169
65,21.475000000000115,10,7.867068152357608,10.69350258047109
65,21.525000000000116,10,7.888305123707908,10.707117095590668
65,21.575000000000117,10,7.9094841484253235,10.720515107970511
65,21.625000000000117,10,7.930604041177621,10.733697457541895
65,21.675000000000118,10,7.951663631853592,10.74666499500868
65,21.725000000000115,10,7.972661765529089,10.759418581680794
65,21.775000000000116,10,7.993597302432067,10.771959089308266
65,21.825000000000117,10,8.014469117906641,10.784287399915844
65,21.875000000000117,10,8.035276102376182,10.796404405638173
65,21.925000000000118,10,8.056017161305444,10.808311008555583
65,21.97500000000012,10,8.076691215161773,10.820008120530469
65,22.02500000000012,10,8.097297199375346,10.831496663044268
65,22.07500000000012,10,8.117834064298519,10.84277756703506
65,22.12500000000012,10,8.138300775164245,10.853851772735792
65,22.17500000000012,10,8.158696312043611,10.864720229513125
65,22.225000000000122,10,8.17901966980247,10.875383895706934
65,22.275000000000123,10,8.199269858057209,10.885843738470449
65,22.325000000000124,10,8.219445901129646,10.896100733611052
65,22.375000000000124,10,8.239546838001086,10.906155865431728
65,22.42500000000012,10,8.259571722265518,10.916010126573209
65,22.475000000000122,10,8.27951962208199,10.925664517856779
65,22.525000000000123,10,8.29938962012618,10.935120048127766
65,22.575000000000124,10,8.31918081354113,10.944377734099733
65,22.625000000000124,10,8.338892313887213,10.953438600199368
65,22.675000000000125,10,8.35852324709129,10.96230367841208
65,22.725000000000126,10,8.378072753395111,10.970974008128316
65,22.775000000000126,10,8.397539987302956,10.979450635990574
65,22.825000000000127,10,8.416924117528499,10.98773461574118
65,22.875000000000128,10,8.436224326940966,10.995827008070778
65,22.92500000000013,10,8.455439812510535,11.003728880467557
65,22.97500000000013,10,8.47456978525304,11.011441307067244
65,23.02500000000013,10,8.493613470173946,11.018965368503824
65,23.075000000000127,10,8.512570106211657,11.026302151761039
65,23.125000000000128,10,8.531438946180101,11.033452750024647
65,23.17500000000013,10,8.550219256710678,11.040418262535457
65,23.22500000000013,10,8.568910318193517,11.04719979444312
65,23.27500000000013,10,8.587511424718098,11.053798456660722
65,23.32500000000013,10,8.606021884013225,11.060215365720167
65,23.37500000000013,10,8.624441017386358,11.066451643628335
65,23.425000000000132,10,8.642768159662351,11.072508417724059
65,23.475000000000133,10,8.661002659121545,11.078386820535883
65,23.525000000000134,10,8.6791438774373,11.084087989640642
65,23.575000000000134,10,8.697191189612905,11.089613067522862
65,23.625000000000135,10,8.715143983917928,11.094963201434966
65,23.675000000000136,10,8.733001661823998,11.100139543258297
65,23.725000000000136,10,8.75076363794002,11.105143249364987
65,23.775000000000134,10,8.768429339946854,11.10997548048065
65,23.825000000000134,10,8.78599820853145,11.114637401547897
65,23.875000000000135,10,8.803469697320462,11.119130181590716
65,23.925000000000136,10,8.820843272813343,11.123454993579683
65,23.975000000000136,10,8.838118414314936,11.127613014298014
65,24.025000000000137,10,8.855294613867565,11.131605424208479
65,24.075000000000138,10,8.87237137618265,11.13543340732118
65,24.12500000000014,10,8.88934821857184,11.139098151062177
65,24.17500000000014,10,8.906224670877679,11.142600846142978
65,24.22500000000014,10,8.923000275403817,11.1459426864309
65,24.27500000000014,10,8.939674586844792,11.149124868820298
65,24.32500000000014,10,8.956247172215344,11.152148593104672
65,24.375000000000142,10,8.972717610779334,11.15501506184964
65,24.42500000000014,10,8.989085493978232,11.157725480266809
65,24.47500000000014,10,9.005350425359202,11.16028105608851
65,24.52500000000014,10,9.02151202050279,11.162682999443435
65,24.57500000000014,10,9.037569906950226,11.16493252273315
65,24.625000000000142,10,9.053523724130349,11.167030840509502
65,24.675000000000143,10,9.069373123286159,11.16897916935293
65,24.725000000000144,10,9.08511776740102,11.170778727751657
65,24.775000000000144,10,9.100757331124509,11.17243073598179
65,24.825000000000145,10,9.116291500697923,11.173936415988319
65,24.875000000000146,10,9.131719973879457,11.175296991267022
65,24.925000000000146,10,9.147042459869072,11.17651368674727
65,24.975000000000147,10,9.162258679233027,11.177587728675745
65,25.025000000000148,10,9.177368363828132,11.17852034450105
65,25.07500000000015,10,9.192371256725696,11.179312762759265
65,25.125000000000146,10,9.207267112135195,11.17996621296038
65,25.175000000000146,10,9.222055695327661,11.180481925475664
65,25.225000000000147,10,9.236736782558806,11.180861131425935
65,25.275000000000148,10,9.25131016099188,11.18110506257076
65,25.32500000000015,10,9.265775628620302,11.181214951198571
65,25.37500000000015,10,9.28013299419003,11.181192030017693
65,25.42500000000015,10,9.294382077121702,11.181037532048299
65,25.47500000000015,10,9.308522707432562,11.18075269051529
65,25.52500000000015,10,9.322554725658174,11.18033873874209
65,25.575000000000152,10,9.33647798277391,11.17979691004538
65,25.625000000000153,10,9.350292340116274,11.179128437630723
65,25.675000000000153,10,9.363997669304002,11.178334554489163
65,25.725000000000154,10,9.377593852159004,11.177416493294718
65,25.77500000000015,10,9.39108078062713,11.176375486302803
65,25.825000000000152,10,9.404458356698767,11.175212765249583
65,25.875000000000153,10,9.417726492329285,11.173929561252256
65,25.925000000000153,10,9.430885109359327,11.17252710471027
65,25.975000000000154,10,9.443934139434974,11.171006625207452
65,26.025000000000155,10,9.456873523927765,11.169369351415083
65,26.075000000000156,10,9.4697032138546,11.167616510995884
65,26.125000000000156,10,9.48242316979753,11.165749330508941
65,26.175000000000157,10,9.495033361823419,11.163769035315562
65,26.225000000000158,10,9.507533769403544,11.16167684948606
65,26.27500000000016,10,9.519924381333064,11.159473995707446
65,26.32500000000016,10,9.532205195650427,11.157161695192071
65,26.37500000000016,10,9.544376219556689,11.154741167587202
65,26.42500000000016,10,9.556437469334776,11.152213630885496
65,26.475000000000158,10,9.568388970268662,11.149580301336417
65,26.52500000000016,10,9.580230756562518,11.146842393358577
65,26.57500000000016,10,9.591962871259792,11.14400111945301
65,26.62500000000016,10,9.603585366162267,11.141057690117362
65,26.67500000000016,10,9.615098301749065,11.138013313760991
65,26.72500000000016,10,9.626501747095643,11.134869196621016
65,26.775000000000162,10,9.637795779792775,11.131626542679273
65,26.825000000000163,10,9.648980485865488,11.128286553580184
65,26.875000000000163,10,9.660055959692038,11.124850428549564
65,26.925000000000164,10,9.671022303922859,11.121319364314335
65,26.975000000000165,10,9.681879629399528,11.117694555023153
65,27.025000000000166,10,9.692628055073753,11.113977192167958
65,27.075000000000166,10,9.703267707926372,11.110168464506438
65,27.125000000000163,10,9.713798722886388,11.106269557985401
65,27.175000000000164,10,9.724221242750042,11.102281655665056
65,27.225000000000165,10,9.734535418099927,11.098205937644222
65,27.275000000000166,10,9.744741407224147,11.094043580986419
65,27.325000000000166,10,9.75483937603553,11.08979575964688
65,27.375000000000167,10,9.76482949799092,11.085463644400464
65,27.425000000000168,10,9.774711954010508,11.081048402770476
65,27.47500000000017,10,9.784486932397263,11.076551198958379
65,27.52500000000017,10,9.794154628756434,11.07197319377442
65,27.57500000000017,10,9.803715245915138,11.067315544569137
65,27.62500000000017,10,9.813168993842035,11.062579405165764
65,27.67500000000017,10,9.82251608956712,11.05776592579353
65,27.725000000000172,10,9.831756757101596,11.052876253021864
65,27.775000000000173,10,9.840891227357872,11.047911529695458
65,27.82500000000017,10,9.849919738069687,11.042872894870237
65,27.87500000000017,10,9.858842533712325,11.037761483750215
65,27.92500000000017,10,9.86765986542299,11.032578427625216
65,27.975000000000172,10,9.876371990921294,11.027324853809485
65,28.025000000000173,10,9.884979174429901,11.022001885581176
65,28.075000000000173,10,9.89348168659529,11.016610642122705
65,28.125000000000174,10,9.9018798044087,11.011152238461982
65,28.175000000000175,10,9.910173811127205,11.00562778541451
65,28.225000000000176,10,9.918363996194959,11.000038389526354
65,28.275000000000176,10,9.926450655164615,10.994385153017955
65,28.325000000000177,10,9.934434089618895,10.988669173728827
65,28.375000000000178,10,9.942314607092362,10.982891545063094
65,28.42500000000018,10,9.950092520993346,10.977053355935894
65,28.475000000000176,10,9.957768150526089,10.971155690720627
65,28.525000000000176,10,9.965341820613043,10.965199629197052
65,28.575000000000177,10,9.972813861817396,10.959186246500229
65,28.625000000000178,10,9.980184610265795,10.953116613070305
65,28.67500000000018,10,9.987454407571244,10.946991794603143
65,28.72500000000018,10,9.99462360075626,10.940812852001777
65,28.77500000000018,10,10.001692542176219,10.93458084132871
65,28.82500000000018,10,10.008661589442903,10.928296813759037
65,28.87500000000018,10,10.015531105348323,10.921961815534384
65,28.925000000000182,10,10.022301457788714,10.915576887917696
65,28.975000000000183,10,10.028973019688811,10.909143067148813
65,29.025000000000183,10,10.03554616892633,10.902661384400883
65,29.075000000000184,10,10.04202128825671,10.896132865737588
65,29.125000000000185,10,10.048398765238087,10.889558532071165
65,29.175000000000182,10,10.05467899215654,10.88293939912124
65,29.225000000000183,10,10.060862365951568,10.876276477374466
65,29.275000000000183,10,10.066949288141842,10.869570772044959
65,29.325000000000184,10,10.072940164751214,10.862823283035521
65,29.375000000000185,10,10.07883540623499,10.856035004899667
65,29.425000000000185,10,10.084635427406486,10.849206926804424
65,29.475000000000186,10,10.090340647363835,10.842340032493928
65,29.525000000000187,10,10.095951489417109,10.835435300253792
65,29.575000000000188,10,10.101468381015689,10.828493702876251
65,29.62500000000019,10,10.106891753675928,10.821516207626082
65,29.67500000000019,10,10.112222042909128,10.814503776207287
65,29.72500000000019,10,10.117459688149774,10.80745736473054
65,29.77500000000019,10,10.122605132684093,10.800377923681408
65,29.825000000000188,10,10.1276588235789,10.793266397889306
65,29.875000000000185,10,10.132621211610743,10.786123726497221
65,29.925000000000182,10,10.137492751195385,10.77895084293218
65,29.97500000000018,10,10.142273900317536,10.771748674876457
65,30.025000000000176,10,10.146965120460973,10.764518144239531
65,30.075000000000173,10,10.151566876538912,10.757260167130761
65,30.12500000000017,10,10.156079636824742,10.749975653832816
65,30.175000000000168,10,10.16050387288306,10.742665508775817
65,30.225000000000165,10,10.164840059501042,10.735330630512202
65,30.275000000000162,10,10.16908867462014,10.727971911692324
65,30.32500000000016,10,10.173250199268098,10.720590239040751
65,30.375000000000156,10,10.177325117491336,10.71318649333328
65,30.425000000000153,10,10.18131391628763,10.705761549374653
65,30.47500000000015,10,10.185217085539163,10.698316275976987
65,30.525000000000148,10,10.189035117945904,10.690851535938892
65,30.575000000000145,10,10.192768508959333,10.68336818602528
65,30.625000000000142,10,10.196417756716526,10.675867076947881
65,30.67500000000014,10,10.199983361974574,10.668349053346422
65,30.725000000000136,10,10.203465828045365,10.660814953770487
65,30.775000000000134,10,10.206865660730717,10.653265610662075
65,30.82500000000013,10,10.210183368257878,10.64570185033881
65,30.875000000000128,10,10.213419461215372,10.638124492977813
65,30.925000000000125,10,10.216574452489219,10.630534352600257
65,30.975000000000122,10,10.21964885719951,10.622932237056567
65,31.02500000000012,10,10.222643192637365,10.61531894801227
65,31.075000000000117,10,10.225557978202238,10.607695280934509
65,31.125000000000114,10,10.228393735339612,10.600062025079177
65,31.17500000000011,10,10.231150987479054,10.592419963478712
65,31.225000000000108,10,10.23383025997266,10.58476987293052
65,31.275000000000105,10,10.23643208003385,10.577112523986033
65,31.325000000000102,10,10.23895697667659,10.569448680940376
65,31.3750000000001,10,10.24140548065493,10.561779101822674
65,31.425000000000097,10,10.243778124402978,10.554104538386971
65,31.475000000000094,10,10.246075441975245,10.546425736103755
65,31.52500000000009,10,10.248297968987352,10.538743434152098
65,31.575000000000088,10,10.250446242557157,10.531058365412388
65,31.625000000000085,10,10.252520801246254,10.523371256459672
65,31.675000000000082,10,10.254522185001864,10.515682827557583
65,31.72500000000008,10,10.256450935099119,10.507993792652863
65,31.775000000000077,10,10.258307594083748,10.500304859370459
65,31.825000000000074,10,10.260092705715136,10.492616729009207
65,31.87500000000007,10,10.26180681490982,10.484930096538086
65,31.925000000000068,10,10.263450467685322,10.47724565059305
65,31.975000000000065,10,10.265024211104459,10.469564073474414
65,32.02500000000006,10,10.266528593219967,10.461886041144806
65,32.07500000000006,10,10.267964163019602,10.454212223227671
65,32.12500000000006,10,10.2693314703716,10.446543283006333
65,32.175000000000054,10,10.270631065970548,10.438879877423595
65,32.22500000000005,10,10.27186350128367,10.431222657081884
65,32.27500000000005,10,10.273029328497522,10.423572266243934
65,32.325000000000045,10,10.27412910046506,10.415929342833989
65,32.37500000000004,10,10.275163370653166,10.408294518439558
65,32.42500000000004,10,10.27613269309054,10.400668418313664
65,32.47500000000004,10,10.277037622316028,10.393051661377626
65,32.525000000000034,10,10.277878713327343,10.385444860224354
65,32.57500000000003,10,10.27865652153021,10.377848621122148
65,32.62500000000003,10,10.279371602687915,10.370263544018997
65,32.675000000000026,10,10.280024512871263,10.362690222547377
65,32.72500000000002,10,10.280615808408964,10.355129244029555
65,32.77500000000002,10,10.281146045838408,10.347581189483364
65,32.82500000000002,10,10.28161578185689,10.340046633628468
65,32.875000000000014,10,10.282025573273208,10.332526144893112
65,32.92500000000001,10,10.282375976959703,10.325020285421342
65,32.97500000000001,10,10.282667549804703,10.317529611080698
65,33.025000000000006,10,10.282900848665404,10.310054671470358
65,33.075,10,10.283076430321128,10.302596009929756
65,33.125,10,10.28319485142703,10.295154163547657
65,33.175,10,10.283256668468223,10.287729663171673
65,33.224999999999994,10,10.283262437714283,10.280323033418227
65,33.27499999999999,10,10.283212715174214,10.272934792682964
65,33.32499999999999,10,10.28310805655182,10.26556545315159
65,33.374999999999986,10,10.282949017201464,10.258215520811147
65,33.42499999999998,10,10.282736152084288,10.250885495461718
65,33.47499999999998,10,10.282470015724826,10.243575870728543
65,33.52499999999998,10,10.282151162168033,10.236287134074562
65,33.574999999999974,10,10.281780144936747,10.229019766813368
65,33.62499999999997,10,10.281357516989544,10.221774244122566
65,33.67499999999997,10,10.280883830679052,10.21455103505754
65,33.724999999999966,10,10.280359637710632,10.207350602565604
65,33.77499999999996,10,10.279785489101506,10.200173403500573
65,33.82499999999996,10,10.279161935140303,10.193019888637695
65,33.87499999999996,10,10.278489525347014,10.185890502688983
65,33.924999999999955,10,10.277768808433358,10.178785684318925
65,33.97499999999995,10,10.277000332263574,10.171705866160563
65,34.02499999999995,10,10.276184643815627,10.164651474831947
65,34.074999999999946,10,10.275322289142828,10.157622930952959
65,34.12499999999994,10,10.274413813335865,10.150620649162486
65,34.17499999999994,10,10.273459760485258,10.143645038135954
65,34.22499999999994,10,10.272460673644222,10.136696500603229
65,34.274999999999935,10,10.271417094791937,10.129775433366836
65,34.32499999999993,10,10.270329564797256,10.122882227320547
65,34.37499999999993,10,10.26919862338279,10.116017267468289
65,34.424999999999926,10,10.268024809089432,10.109180932943397
65,34.47499999999992,10,10.26680865924129,10.102373597028196
65,34.52499999999992,10,10.265550709911011,10.095595627173891
65,34.57499999999992,10,10.264251495885544,10.0888473850208
65,34.624999999999915,10,10.26291155063229,10.082129226418882
65,34.67499999999991,10,10.26153140626567,10.075441501448589
65,34.72499999999991,10,10.260111593514097,10.068784554442017
65,34.774999999999906,10,10.25865264168736,10.062158724004357
65,34.8249999999999,10,10.257155078644415,10.055564343035659
65,34.8749999999999,10,10.255619430761575,10.049001738752867
65,34.9249999999999,10,10.25404622290111,10.042471232712161
65,34.974999999999895,10,10.252435978380248,10.035973140831567
65,35.02499999999989,10,10.250789218940582,10.029507773413853
65,35.07499999999989,10,10.24910646471788,10.023075435169707
65,35.124999999999886,10,10.24738823421228,10.016676425241176
65,35.17499999999988,10,10.245635044258924,10.010311037225373
65,35.22499999999988,10,10.243847409998935,10.003979559198452
65,35.27499999999988,10,10.242025844850843,9.997682273739839
65,35.324999999999875,10,10.240170860482383,9.991419457956704
65,35.37499999999987,10,10.238282966782688,9.985191383508695
65,35.42499999999987,10,10.236362671834886,9.978998316632921
65,35.474999999999866,10,10.234410481889087,9.972840518169168
65,35.524999999999864,10,10.232426901335758,9.966718243585339
65,35.57499999999986,10,10.230412432679492,9.960631743003146
65,35.62499999999986,10,10.228367576513172,9.95458126122403
65,35.674999999999855,10,10.226292831492522,9.948567037755284
65,35.72499999999985,10,10.224188694311032,9.942589306836412
65,35.77499999999985,10,10.222055659675293,9.936648297465702
65,35.82499999999985,10,10.219894220280697,9.930744233427005
65,35.874999999999844,10,10.217704866787525,9.924877333316724
65,35.92499999999984,10,10.215488087797427,9.919047810571003
65,35.97499999999984,10,10.213244369830276,9.913255873493123
65,36.024999999999835,10,10.210974197301397,9.907501725281081
65,36.07499999999983,10,10.208678052499176,9.90178556405537
65,36.12499999999983,10,10.20635641556306,9.896107582886932
65,36.17499999999983,10,10.204009764461906,9.89046796982531
65,36.224999999999824,10,10.201638574972737,9.884866907926972
65,36.27499999999982,10,10.199243320659825,9.8793045752838
65,36.32499999999982,10,10.1968244728542,9.873781145051774
65,36.374999999999815,10,10.194382500633479,9.868296785479792
65,36.42499999999981,10,10.191917870802099,9.86285165993867
65,36.47499999999981,10,10.18943104787189,9.857445926950303
65,36.52499999999981,10,10.186922494043024,9.852079740216984
65,36.574999999999804,10,10.184392669185337,9.84675324865085
65,36.6249999999998,10,10.18184203081999,9.841466596403505
65,36.6749999999998,10,10.179271034101507,9.836219922895772
65,36.724999999999795,10,10.176680131800172,9.831013362847585
65,36.77499999999979,10,10.174069774284762,9.825847046308022
65,36.82499999999979,10,10.171440409505669,9.820721098685462
65,36.87499999999979,10,10.16879248297834,9.81563564077788
65,36.924999999999784,10,10.166126437767092,9.810590788803266
65,36.97499999999978,10,10.163442714469266,9.80558665443015
65,37.02499999999978,10,10.160741751199735,9.800623344808269
65,37.074999999999775,10,10.15802398357576,9.79570096259933
65,37.12499999999977,10,10.15528984470217,9.79081960600789
65,37.17499999999977,10,10.152539765156924,9.785979368812336
65,37.22499999999977,10,10.149774172976969,9.781180340395984
65,37.274999999999764,10,10.146993493644477,9.776422605778256
65,37.32499999999976,10,10.144198150073393,9.771706245645973
65,37.37499999999976,10,10.14138856259633,9.767031336384727
65,37.424999999999756,10,10.138565148951786,9.762397950110346
65,37.47499999999975,10,10.135728324271723,9.757806154700445
65,37.52499999999975,10,10.132878501069435,9.75325601382607
65,37.57499999999975,10,10.130016089227773,9.748747586983397
65,37.624999999999744,10,10.127141495987686,9.744280929525525
65,37.67499999999974,10,10.12425512593709,9.739856092694339
65,37.72499999999974,10,10.12135738100006,9.735473123652435
65,37.774999999999736,10,10.118448660426328,9.731132065515116
65,37.82499999999973,10,10.11552936078113,9.726832957382447
65,37.87499999999973,10,10.112599875935336,9.722575834371373
65,37.92499999999973,10,10.109660597055917,9.718360727647882
65,37.974999999999724,10,10.106711912596724,9.714187664459237
65,38.02499999999972,10,10.10375420828956,9.71005666816625
65,38.07499999999972,10,10.10078786713558,9.705967758275584
65,38.124999999999716,10,10.097813269396994,9.70192095047213
65,38.17499999999971,10,10.094830792589063,9.69791625665141
65,38.22499999999971,10,10.09184081147242,9.693953684952005
65,38.27499999999971,10,10.088843698045661,9.690033239788027
65,38.324999999999704,10,10.08583982153827,9.686154921881629
65,38.3749999999997,10,10.082829548403817,9.682318728295526
65,38.4249999999997,10,10.07981324231345,9.67852465246555
65,38.474999999999696,10,10.076791264149701,9.674772684233226
65,38.52499999999969,10,10.073763972000558,9.671062809878372
65,38.57499999999969,10,10.07073172115384,9.667395012151708
65,38.62499999999969,10,10.067694864091855,9.663769270307467
65,38.674999999999685,10,10.064653750486356,9.660185560136032
65,38.72499999999968,10,10.06160872719374,9.656643853996584
65,38.77499999999968,10,10.058560138250579,9.653144120849745
65,38.824999999999676,10,10.055508324869384,9.64968632629021
65,38.87499999999967,10,10.052453625434687,9.646270432579398
65,38.92499999999967,10,10.049396375499361,9.64289639867809
65,38.97499999999967,10,10.046336907781228,9.639564180279065
65,39.024999999999665,10,10.04327555215994,9.636273729839724
65,39.07499999999966,10,10.040212635674125,9.633024996614692
65,39.12499999999966,10,10.037148482518793,9.629817926688418
65,39.174999999999656,10,10.034083414043016,9.626652463007757
65,39.22499999999965,10,10.031017748747853,9.623528545414523
65,39.27499999999965,10,10.027951802284562,9.620446110678024
65,39.32499999999965,10,10.024885887453035,9.617405092527575
65,39.374999999999645,10,10.021820314200523,9.614405421684975
65,39.42499999999964,10,10.018755389620582,9.611447025896963
65,39.47499999999964,10,10.015691417952292,9.608529829967631
65,39.524999999999636,10,10.012628700579715,9.605653755790815
65,39.57499999999963,10,10.009567536031605,9.602818722382436
65,39.62499999999963,10,10.00650821998136,9.600024645912804
65,39.67499999999963,10,10.00345104524721,9.597271439738883
65,39.724999999999625,10,10.000396301792659,9.594559014436507
65,39.77499999999962,10,9.997344276727148,9.591887277832553
65,39.82499999999962,10,9.994295254306977,9.58925613503706
65,39.874999999999616,10,9.991249515936428,9.586665488475296
65,39.92499999999961,10,9.988207340169158,9.584115237919773
65,39.97499999999961,10,9.98516900270979,9.581605280522213
65,40.02499999999961,10,9.982134776415746,9.579135510845443
65,40.074999999999605,10,9.979104931299302,9.576705820895231
65,40.1249999999996,10,9.97607973452987,9.574316100152059
65,40.1749999999996,10,9.973059450436496,9.571966235602842
65,40.224999999999596,10,9.97004434051057,9.569656111772577
65,40.274999999999594,10,9.967034663408771,9.567385610755903
65,40.32499999999959,10,9.96403067495622,9.565154612248607
65,40.37499999999959,10,9.96103262814982,9.562962993579065
65,40.424999999999585,10,9.958040773161851,9.560810629739587
65,40.47499999999958,10,9.955055357343738,9.55869739341769
65,40.52499999999958,10,9.952076625230037,9.556623155027303
65,40.57499999999958,10,9.94910481854262,9.554587782739883
65,40.624999999999574,10,9.946140176195078,9.552591142515443
65,40.67499999999957,10,9.943182934297296,9.550633098133499
65,40.72499999999957,10,9.940233326160252,9.548713511223935
65,40.774999999999565,10,9.937291582300988,9.546832241297771
65,40.82499999999956,10,9.934357930447794,9.544989145777842
65,40.87499999999956,10,9.931432595545573,9.54318408002939
65,40.92499999999956,10,9.928515799761387,9.54141689739056
65,40.974999999999554,10,9.925607762490209,9.539687449202791
65,41.02499999999955,10,9.922708700360847,9.537995584841113
65,41.07499999999955,10,9.919818827242038,9.536341151744358
65,41.124999999999545,10,9.916938354248757,9.534723995445253
65,41.17499999999954,10,9.914067489748668,9.533143959600414
65,41.22499999999954,10,9.911206439368778,9.531600886020241
65,41.27499999999954,10,9.908355406002237,9.530094614698704
65,41.324999999999534,10,9.905514589815342,9.528624983843017
65,41.37499999999953,10,9.902684188254687,9.527191829903204
65,41.42499999999953,10,9.89986439605449,9.525794987601563
65,41.474999999999525,10,9.897055405244076,9.524434289962006
65,41.52499999999952,10,9.894257405155548,9.523109568339294
65,41.57499999999952,10,9.891470582431584,9.521820652448145
65,41.62499999999952,10,9.88869512103342,9.520567370392245
65,41.674999999999514,10,9.885931202248981,9.519349548693114
65,41.72499999999951,10,9.883179004701173,9.518167012318877
65,41.77499999999951,10,9.880438704356306,9.517019584712902
65,41.824999999999505,10,9.877710474532709,9.515907087822313
65,41.8749999999995,10,9.874994485909447,9.514829342126388
65,41.9249999999995,10,9.872290906535218,9.513786166664822
65,41.9749999999995,10,9.869599901837384,9.51277737906587
65,42.024999999999494,10,9.866921634631147,9.511802795574367
65,42.07499999999949,10,9.864256265128855,9.510862231079608
65,42.12499999999949,10,9.861603950949466,9.509955499143107
65,42.174999999999486,10,9.858964847128128,9.509082412026212
65,42.22499999999948,10,9.856339106125912,9.508242780717602
65,42.27499999999948,10,9.853726877839668,9.50743641496065
65,42.32499999999948,10,9.85112830961201,9.506663123280633
65,42.374999999999474,10,9.84854354624143,9.50592271301183
65,42.42499999999947,10,9.84597272999255,9.505214990324458
65,42.47499999999947,10,9.843416000606487,9.5045397602515
65,42.524999999999466,10,9.840873495311339,9.503896826715364
65,42.57499999999946,10,9.8383453488328,9.503285992554408
65,42.62499999999946,10,9.835831693404899,9.502707059549353
65,42.67499999999946,10,9.833332658780824,9.50215982844951
65,42.724999999999454,10,9.830848372243915,9.501644098998893
65,42.77499999999945,10,9.828378958618716,9.501159669962183
65,42.82499999999945,10,9.825924540282164,9.500706339150534
65,42.874999999999446,10,9.823485237174902,9.500283903447244
65,42.92499999999944,10,9.821061166812653,9.49989215883328
65,42.97499999999944,10,9.818652444297754,9.499530900412656
65,43.02499999999944,10,9.816259182330757,9.499199922437649
65,43.074999999999434,10,9.81388149122213,9.498899018333875
65,43.12499999999943,10,9.811519478904092,9.49862798072522
65,43.17499999999943,10,9.809173250942505,9.498386601458611
65,43.224999999999426,10,9.806842910548887,9.498174671628643
65,43.27499999999942,10,9.80452855859251,9.497991981602043
65,43.32499999999942,10,9.802230293612594,9.497838321041986
65,43.37499999999942,10,9.799948211830587,9.497713478932255
65,43.424999999999415,10,9.797682407162537,9.49761724360126
65,43.47499999999941,10,9.795432971231548,9.497549402745879
65,43.52499999999941,10,9.793199993380329,9.497509743455145
65,43.574999999999406,10,9.7909835606838,9.497498052233805
65,43.6249999999994,10,9.788783757961825,9.497514115025691
65,43.6749999999994,10,9.78660066779198,9.497557717236937
65,43.7249999999994,10,9.784434370522419,9.497628643759048
65,43.774999999999395,10,9.782284944284813,9.49772667899181
65,43.82499999999939,10,9.780152465007374,9.497851606866028
65,43.87499999999938,10,9.778037006427924,9.498003210866118
65,43.92499999999938,10,9.775938640107068,9.498181274052529
65,43.974999999999376,10,9.7738574354414,9.498385579084
65,44.02499999999937,10,9.771793459676816,9.49861590823967
65,44.07499999999937,10,9.76974677792186,9.498872043441013
65,44.12499999999937,10,9.767717453161143,9.499153766273615
65,44.174999999999365,10,9.76570554626884,9.499460858008787
65,44.22499999999936,10,9.763711116022215,9.499793099625018
65,44.27499999999936,10,9.76173421911524,9.500150271829261
65,44.324999999999356,10,9.759774910172245,9.500532155078046
65,44.37499999999935,10,9.75783324176164,9.500938529598447
65,44.42499999999935,10,9.755909264409674,9.501369175408872
65,44.47499999999935,10,9.75400302661426,9.501823872339695
65,44.524999999999345,10,9.752114574858854,9.502302400053715
65,44.57499999999934,10,9.750243953626365,9.502804538066442
65,44.62499999999934,10,9.748391205413117,9.503330065766244
65,44.674999999999336,10,9.746556370742876,9.503878762434297
65,44.72499999999933,10,9.744739488180901,9.504450407264391
65,44.77499999999933,10,9.74294059434803,9.505044779382562
65,44.82499999999933,10,9.741159723934837,9.505661657866538
65,44.874999999999325,10,9.739396909715811,9.50630082176506
65,44.92499999999932,10,9.737652182563556,9.506962050117004
65,44.97499999999932,10,9.73592557146306,9.507645121970324
65,45.02499999999932,10,9.734217103525971,9.50834981640087
65,45.074999999999314,10,9.732526804004928,9.509075912531001
65,45.12499999999931,10,9.730854696307912,9.509823189548055
65,45.17499999999931,10,9.729200802012612,9.510591426722625
65,45.224999999999305,10,9.727565140880861,9.511380403426692
65,45.2749999999993,10,9.72594773087306,9.512189899151576
65,45.3249999999993,10,9.724348588162641,9.513019693525724
65,45.3749999999993,10,9.722767727150565,9.513869566332332
65,45.424999999999294,10,9.721205160479819,9.514739297526786
65,45.47499999999929,10,9.719660899049964,9.515628667253951
65,45.52499999999929,10,9.718134952031678,9.516537455865281
65,45.574999999999285,10,9.716627326881328,9.51746544393577
65,45.62499999999928,10,9.71513802935556,9.518412412280728
65,45.67499999999928,10,9.713667063525898,9.51937814197239
65,45.72499999999928,10,9.712214431793381,9.520362414356356
65,45.774999999999274,10,9.710780134903164,9.521365011067862
65,45.82499999999927,10,9.709364171959193,9.522385714047902
65,45.87499999999927,10,9.70796654043883,9.523424305559145
65,45.924999999999265,10,9.706587236207538,9.52448056820172
65,45.97499999999926,10,9.70522625353354,9.525554284928822
65,46.02499999999926,10,9.703883585102496,9.526645239062129
65,46.07499999999926,10,9.702559222032187,9.527753214307094
65,46.124999999999254,10,9.7012531538872,9.528877994768038
65,46.17499999999925,10,9.699965368693618,9.530019364963083
65,46.22499999999925,10,9.698695852953703,9.531177109838918
65,46.274999999999245,10,9.697444591660593,9.532351014785414
65,46.32499999999924,10,9.696211568312984,9.533540865650048
65,46.37499999999924,10,9.694996764929815,9.534746448752177
65,46.42499999999924,10,9.69380016206496,9.53596755089715
65,46.474999999999234,10,9.692621738821886,9.537203959390236
65,46.52499999999923,10,9.691461472868342,9.538455462050411
65,46.57499999999923,10,9.690319340451012,9.539721847223953
65,46.624999999999226,10,9.68919531641017,9.541002903797898
65,46.67499999999922,10,9.688089374194332,9.542298421213319
65,46.72499999999922,10,9.68700148587488,9.54360818947844
65,46.77499999999922,10,9.685931622160691,9.544931999181593
65,46.824999999999214,10,9.68487975241275,9.546269641504
65,46.87499999999921,10,9.683845844658727,9.54762090823241
65,46.92499999999921,10,9.682829865607584,9.548985591771558
65,46.974999999999206,10,9.681831780664112,9.55036348515647
65,47.0249999999992,10,9.68085155394349,9.5517543820646
65,47.0749999999992,10,9.679889148285813,9.553158076827813
65,47.1249999999992,10,9.678944525270587,9.554574364444205
65,47.174999999999194,10,9.678017645231234,9.556003040589749
65,47.22499999999919,10,9.677108467269539,9.557443901629808
65,47.27499999999919,10,9.676216949270097,9.558896744630463
65,47.324999999999186,10,9.675343047914739,9.56036136736969
65,47.37499999999918,10,9.674486718696913,9.561837568348391
65,47.42499999999918,10,9.673647915936064,9.563325146801242
65,47.47499999999918,10,9.672826592791962,9.564823902707401
65,47.524999999999174,10,9.672022701279017,9.566333636801058
65,47.57499999999917,10,9.67123619228057,9.567854150581825
65,47.62499999999917,10,9.670467015563137,9.569385246324952
65,47.674999999999166,10,9.669715119790643,9.570926727091422
65,47.72499999999916,10,9.668980452538603,9.572478396737868
65,47.77499999999916,10,9.668262960308281,9.57404005992633
65,47.82499999999916,10,9.66756258854083,9.57561152213388
65,47.874999999999154,10,9.666879281631362,9.577192589662072
65,47.92499999999915,10,9.666212982943017,9.578783069646247
65,47.97499999999915,10,9.66556363482098,9.580382770064684
65,48.024999999999146,10,9.664931178606466,9.581991499747607
65,48.07499999999914,10,9.66431555465065,9.583609068386021
65,48.12499999999914,10,9.663716702328594,9.58523528654042
65,48.17499999999914,10,9.663134560053102,9.586869965649333
65,48.224999999999135,10,9.662569065288537,9.588512918037713
65,48.27499999999913,10,9.662020154564622,9.590163956925194
65,48.32499999999913,10,9.661487763490179,9.591822896434183
65,48.374999999999126,10,9.660971826766813,9.593489551597814
65,48.42499999999912,10,9.660472278202587,9.595163738367754
65,48.47499999999912,10,9.659989050725624,9.596845273621856
65,48.52499999999912,10,9.659522076397675,9.598533975171677
65,48.574999999999115,10,9.659071286427636,9.600229661769834
65,48.62499999999911,10,9.658636611185031,9.601932153117229
65,48.67499999999911,10,9.658217980213427,9.603641269870126
65,48.724999999999106,10,9.657815322243819,9.605356833647088
65,48.7749999999991,10,9.657428565207956,9.607078667035758
65,48.8249999999991,10,9.657057636251622,9.608806593599517
65,48.8749999999991,10,9.656702461747866,9.610540437883985
65,48.924999999999095,10,9.656362967310182,9.612280025423384
65,48.97499999999909,10,9.65603907780563,9.614025182746781
65,49.02499999999909,10,9.655730717367918,9.615775737384155
65,49.074999999999086,10,9.655437809410417,9.61753151787235
65,49.12499999999908,10,9.655160276639139,9.619292353760894
65,49.17499999999908,10,9.654898041065636,9.62105807561766
65,49.22499999999908,10,9.654651024019872,9.62282851503441
65,49.274999999999075,10,9.654419146163024,9.624603504632196
65,49.32499999999907,10,9.654202327500231,9.626382878066623
65,49.37499999999907,10,9.65400048739328,9.628166470032982
65,49.424999999999066,10,9.653813544573241,9.629954116271241
65,49.47499999999906,10,9.65364141715305,9.631745653570924
65,49.52499999999906,10,9.653484022640024,9.633540919775836
65,49.57499999999906,10,9.65334127794831,9.635339753788664
65,49.624999999999055,10,9.653213099411309,9.637141995575446
65,49.67499999999905,10,9.653099402793986,9.638947486169918
65,49.72499999999905,10,9.653000103305176,9.640756067677732
65,49.77499999999905,10,9.652915115609785,9.642567583280526
65,49.824999999999044,10,9.652844353840953,9.64438187723989
65,49.87499999999904,10,9.652787731612154,9.6461987949012
65,49.92499999999904,10,9.652745162029222,9.648018182697307
65,49.974999999999035,10,9.652716557702318,9.649839888152139
65,50.02499999999903,10,9.652701830757854,9.651663759884139
65,50.07499999999903,10,9.65270089285031,9.653489647609598
65,50.12499999999903,10,9.652713655174036,9.65531740214588
65,50.174999999999024,10,9.652740028474952,9.657146875414492
65,50.22499999999902,10,9.652779923062196,9.658977920444055
65,50.27499999999902,10,9.652833248819721,9.660810391373154
65,50.324999999999015,10,9.652899915217796,9.662644143453061
65,50.37499999999901,10,9.652979831324464,9.664479033050343
65,50.42499999999901,10,9.653072905816927,9.666314917649355
65,50.47499999999901,10,9.653179046992861,9.66815165585462
65,50.524999999999004,10,9.653298162781672,9.669989107393068
65,50.574999999999,10,9.65343016075566,9.671827133116185
65,50.624999999999,10,9.65357494814116,9.673665595002058
65,50.674999999998995,10,9.653732431829555,9.67550435615727
65,50.72499999999899,10,9.653902518388284,9.6773432808187
65,50.77499999999899,10,9.654085114071725,9.679182234355226
65,50.82499999999899,10,9.654280124832043,9.681021083269286
65,50.874999999998984,10,9.654487456329958,9.682859695198365
65,50.92499999999898,10,9.654707013945435,9.68469793891634
65,50.97499999999898,10,9.654938702788323,9.68653568433473
65,51.024999999998975,10,9.655182427708901,9.688372802503844
65,51.07499999999897,10,9.65543809330837,9.690209165613812
65,51.12499999999897,10,9.655705603949258,9.692044646995518
65,51.17499999999897,10,9.655984863765777,9.693879121121421
65,51.224999999998964,10,9.656275776674084,9.695712463606275
65,51.27499999999896,10,9.65657824638248,9.697544551207747
65,51.32499999999896,10,9.656892176401541,9.699375261826926
65,51.374999999998956,10,9.65721747005417,9.70120447450874
65,51.42499999999895,10,9.657554030485576,9.703032069442264
65,51.47499999999895,10,9.65790176067319,9.704857927960928
65,51.52499999999895,10,9.658260563436494,9.706681932542642
65,51.574999999998944,10,9.658630341446791,9.708503966809792
65,51.62499999999894,10,9.659010997236882,9.710323915529166
65,51.67499999999894,10,9.65940243321069,9.712141664611778
65,51.724999999998936,10,9.659804551652806,9.713957101112573
65,51.77499999999893,10,9.660217254737944,9.715770113230073
65,51.82499999999893,10,9.660640444540347,9.71758059030591
65,51.87499999999893,10,9.661074023043097,9.719388422824263
65,51.924999999998924,10,9.661517892147367,9.721193502411207
65,51.97499999999892,10,9.661971953681585,9.722995721833977
65,52.02499999999892,10,9.662436109410539,9.724794975000126
65,52.074999999998916,10,9.662910261044383,9.72659115695661
65,52.12499999999891,10,9.6633943102476,9.728384163888778
65,52.17499999999891,10,9.663888158647865,9.73017389311927
65,52.22499999999891,10,9.66439170784484,9.731960243106833
65,52.274999999998904,10,9.664904859418897,9.733743113445048
65,52.3249999999989,10,9.665427514939765,9.735522404860967
65,52.3749999999989,10,9.665959575975098,9.737298019213686
65,52.424999999998896,10,9.666500944098972,9.739069859492803
65,52.47499999999889,10,9.667051520900305,9.74083782981682
65,52.52499999999889,10,9.667611207991198,9.742601835431454
65,52.57499999999889,10,9.668179907015212,9.744361782707857
65,52.624999999998884,10,9.668757519655545,9.746117579140767
65,52.67499999999888,10,9.669343947643172,9.747869133346581
65,52.72499999999888,10,9.669939092764867,9.749616355061352
65,52.774999999998876,10,9.67054285687118,9.751359155138692
65,52.82499999999887,10,9.671155141884324,9.753097445547612
65,52.87499999999887,10,9.67177584980599,9.754831139370284
65,52.92499999999887,10,9.672404882725093,9.756560150799727
65,52.974999999998865,10,9.673042142825425,9.758284395137423
65,53.02499999999886,10,9.673687532393252,9.760003788790847
65,53.07499999999886,10,9.674340953824819,9.761718249270935
65,53.124999999998856,10,9.675002309633795,9.763427695189483
65,53.17499999999885,10,9.67567150245863,9.765132046256472
65,53.22499999999885,10,9.676348435069842,9.766831223277313
65,53.27499999999885,10,9.677033010377222,9.76852514815004
65,53.324999999998845,10,9.677725131436981,9.770213743862426
65,53.37499999999884,10,9.6784247014588,9.77189693448903
65,53.42499999999884,10,9.679131623812818,9.773574645188184
65,53.474999999998836,10,9.679845802036539,9.775246802198902
65,53.52499999999883,10,9.680567139841672,9.77691333283774
65,53.57499999999883,10,9.681295541120882,9.77857416549558
65,53.62499999999883,10,9.682030909954479,9.780229229634363
65,53.674999999998825,10,9.682773150617027,9.781878455783744
65,53.72499999999882,10,9.683522167583876,9.78352177553769
65,53.77499999999882,10,9.684277865537625,9.78515912155103
65,53.824999999998816,10,9.68504014937451,9.78679042753594
65,53.87499999999881,10,9.6858089242107,9.78841562825835
65,53.92499999999881,10,9.68658409538855,9.790034659534319
65,53.97499999999881,10,9.68736556848276,9.791647458226338
65,54.024999999998805,10,9.688153249306453,9.793253962239579
65,54.0749999999988,10,9.688947043917198,9.79485411051809
65,54.1249999999988,10,9.689746858622954,9.796447843040939
65,54.174999999998796,10,9.690552599987923,9.798035100818293
65,54.22499999999879,10,9.691364174838359,9.79961582588745
65,54.27499999999879,10,9.692181490268272,9.801189961308824
65,54.32499999999879,10,9.69300445364509,9.802757451161867
65,54.374999999998785,10,9.693832972615215,9.80431824054095
65,54.42499999999878,10,9.69466695510955,9.805872275551184
65,54.47499999999878,10,9.695506309348891,9.80741950330421
65,54.524999999998776,10,9.696350943849318,9.808959871913913
65,54.574999999998774,10,9.697200767427454,9.81049333049211
65,54.62499999999877,10,9.698055689205685,9.812019829144186
65,54.67499999999877,10,9.698915618617301,9.813539318964683
65,54.724999999998765,10,9.69978046541156,9.815051752032836
65,54.77499999999876,10,9.700650139658679,9.816557081408078
65,54.82499999999876,10,9.701524551754769,9.81805526112549
65,54.87499999999876,10,9.70240361242668,9.819546246191216
65,54.924999999998754,10,9.70328723273679,9.821029992577827
65,54.97499999999875,10,9.704175324087705,9.822506457219658
65,55.02499999999875,10,9.705067798226914,9.823975598008085
65,55.074999999998745,10,9.705964567251348,9.825437373786773
65,55.12499999999874,10,9.706865543611887,9.826891744346893
65,55.17499999999874,10,9.707770640117799,9.828338670422285
65,55.22499999999874,10,9.708679769941075,9.829778113684585
65,55.274999999998734,10,9.709592846620755,9.83121003673832
65,55.32499999999873,10,9.710509784067124,9.832634403115977
65,55.37499999999873,10,9.711430496565882,9.834051177273018
65,55.424999999998725,10,9.712354898782218,9.835460324582867
65,55.47499999999872,10,9.71328290576484,9.836861811331865
65,55.52499999999872,10,9.714214432949916,9.838255604714186
65,55.57499999999872,10,9.715149396164952,9.839641672826737
65,55.624999999998714,10,9.716087711632618,9.841019984664005
65,55.67499999999871,10,9.717029295974479,9.842390510112882
65,55.72499999999871,10,9.717974066214694,9.843753219947457
65,55.774999999998705,10,9.718921939783604,9.845108085823792
65,55.8249999999987,10,9.719872834521306,9.846455080274652
65,55.8749999999987,10,9.72082666868111,9.847794176704202
65,55.9249999999987,10,9.721783360932966,9.849125349382703
65,55.974999999998694,10,9.722742830366814,9.850448573441156
65,56.02499999999869,10,9.723704996495858,9.851763824865928
65,56.07499999999869,10,9.724669779259793,9.853071080493361
65,56.124999999998685,10,9.725637099027958,9.85437031800434
65,56.17499999999868,10,9.72660687660242,9.855661515918845
65,56.22499999999868,10,9.727579033221001,9.85694465359048
65,56.27499999999868,10,9.72855349056025,9.858219711200988
65,56.324999999998674,10,9.72953017073833,9.859486669754721
65,56.37499999999867,10,9.73050899631785,9.86074551107311
65,56.42499999999867,10,9.731489890308652,9.861996217789109
65,56.474999999998666,10,9.732472776170509,9.863238773341605
65,56.52499999999866,10,9.733457577815773,9.864473161969824
65,56.57499999999866,10,9.734444219611966,9.86569936870772
65,56.62499999999866,10,9.735432626384304,9.866917379378329
65,56.674999999998654,10,9.73642272341815,9.868127180588122
65,56.72499999999865,10,9.737414436461426,9.869328759721332
65,56.77499999999865,10,9.738407691726955,9.870522104934272
65,56.824999999998646,10,9.739402415894736,9.871707205149628
65,56.87499999999864,10,9.740398536114169,9.872884050050741
65,56.92499999999864,10,9.741395980006212,9.874052630075878
65,56.97499999999864,10,9.74239467566549,9.87521293641248
65,57.024999999998634,10,9.74339455166234,9.87636496099141
65,57.07499999999863,10,9.744395537044776,9.877508696481177
65,57.12499999999863,10,9.74539756134045,9.878644136282151
65,57.174999999998626,10,9.746400554558491,9.879771274520776
65,57.22499999999862,10,9.747404447191334,9.88089010604375
65,57.27499999999862,10,9.748409170216462,9.882000626412221
65,57.32499999999862,10,9.749414655098116,9.88310283189595
65,57.374999999998614,10,9.750420833788924,9.88419671946749
65,57.42499999999861,10,9.7514276387315,9.885282286796327
65,57.47499999999861,10,9.75243500285996,9.886359532243034
65,57.524999999998606,10,9.753442859601401,9.887428454853415
65,57.5749999999986,10,9.754451142877322,9.888489054352634
65,57.6249999999986,10,9.755459787104991,9.889541331139347
65,57.6749999999986,10,9.756468727198742,9.890585286279821
65,57.724999999998595,10,9.757477898571251,9.891620921502053
65,57.77499999999859,10,9.75848723713472,9.89264823918988
65,57.82499999999859,10,9.759496679302035,9.893667242377088
65,57.874999999998586,10,9.760506161987871,9.894677934741514
65,57.92499999999858,10,9.761515622609716,9.895680320599148
65,57.97499999999858,10,9.762524999088884,9.896674404898237
65,58.02499999999858,10,9.763534229851437,9.89766019321338
65,58.074999999998575,10,9.764543253829096,9.898637691739621
65,58.12499999999857,10,9.765552010460059,9.899606907286543
65,58.17499999999857,10,9.766560439689798,9.900567847272363
65,58.224999999998566,10,9.767568481971795,9.901520519718032
65,58.27499999999856,10,9.768576078268232,9.902464933241323
65,58.32499999999856,10,9.76958317005063,9.903401097050926
65,58.37499999999856,10,9.770589699300436,9.90432902094055
65,58.424999999998555,10,9.771595608509555,9.90524871528302
65,58.47499999999855,10,9.772600840680864,9.906160191024387
65,58.52499999999855,10,9.773605339328634,9.907063459678016
65,58.574999999998546,10,9.774609048478947,9.907958533318707
65,58.62499999999854,10,9.775611912670028,9.908845424576814
65,58.67499999999854,10,9.776613876952558,9.909724146632344
65,58.72499999999854,10,9.777614886889934,9.91059471320909
65,58.774999999998535,10,9.778614888558469,9.911457138568759
65,58.82499999999853,10,9.779613828547566,9.9123114375051
65,58.87499999999853,10,9.780611653959836,9.913157625338044
65,58.924999999998526,10,9.781608312411171,9.913995717907857
65,58.97499999999852,10,9.78260375203078,9.914825731569282
65,59.02499999999852,10,9.78359792146117,9.915647683185705
65,59.07499999999852,10,9.784590769858095,9.916461590123324
65,59.124999999998515,10,9.785582246890446,9.91726747024533
65,59.17499999999851,10,9.78657230274012,9.918065341906084
65,59.22499999999851,10,9.787560888101835,9.91885522394532
65,59.274999999998506,10,9.788547954182883,9.919637135682345
65,59.324999999998504,10,9.789533452702889,9.920411096910254
65,59.3749999999985,10,9.79051733589348,9.921177127890155
65,59.4249999999985,10,9.79149955649794,9.92193524934541
65,59.474999999998495,10,9.792480067770818,9.922685482455874
65,59.52499999999849,10,9.7934588234775,9.923427848852166
65,59.57499999999849,10,9.794435777893733,9.924162370609926
65,59.62499999999849,10,9.79541088580511,9.92488907024411
65,59.67499999999849,10,9.796384102506526,9.92560797070328
65,59.724999999998495,10,9.797355383801591,9.926319095363919
65,59.77499999999849,10,9.798324686001996,9.927022468024745
65,59.8249999999985,10,9.799291965926852,9.927718112901054
65,59.8749999999985,10,9.80025718090199,9.928406054619074
65,59.924999999998505,10,9.80122028875922,9.929086318210327
65,59.97499999999851,10,9.802181247835552,9.929758929106004
65,60.02499999999851,10,9.803140016972389,9.93042391313137
65,60.07499999999852,10,9.804096555514679,9.93108129650018
65,60.12499999999852,10,9.805050823310028,9.931731105809089
65,60.174999999998526,10,9.806002780707779,9.932373368032108
65,60.22499999999853,10,9.80695238855807,9.933008110515068
65,60.274999999998535,10,9.807899608210839,9.93363536097009
65,60.32499999999854,10,9.8088444015148,9.93425514747008
65,60.37499999999854,10,9.809786730816395,9.934867498443248
65,60.42499999999855,10,9.810726558958699,9.935472442667633
65,60.474999999998545,10,9.811663849280308,9.936070009265652
65,60.52499999999855,10,9.812598565614172,9.93666022769867
65,60.57499999999855,10,9.813530672286428,9.937243127761585
65,60.62499999999856,10,9.814460134115166,9.937818739577427
65,60.67499999999856,10,9.81538691640919,9.938387093591992
65,60.724999999998566,10,9.816310984966742,9.938948220568482
65,60.77499999999857,10,9.81723230607418,9.939502151582172
65,60.824999999998575,10,9.818150846504654,9.940048918015084
65,60.87499999999858,10,9.819066573516723,9.940588551550706
65,60.92499999999858,10,9.819979454852966,9.941121084168708
65,60.97499999999859,10,9.820889458738547,9.941646548139698
65,61.02499999999859,10,9.821796553879768,9.94216497601998
65,61.074999999998596,10,9.822700709462577,9.942676400646349
65,61.1249999999986,10,9.823601895151052,9.943180855130903
65,61.1749999999986,10,9.824500081085873,9.943678372855873
65,61.2249999999986,10,9.825395237882754,9.944168987468482
65,61.274999999998606,10,9.826287336630832,9.944652732875827
65,61.32499999999861,10,9.827176348891074,9.945129643239778
65,61.374999999998614,10,9.828062246694607,9.945599752971894
65,61.42499999999862,10,9.828945002541058,9.946063096728382
65,61.47499999999862,10,9.829824589396857,9.946519709405061
65,61.52499999999863,10,9.830700980693518,9.946969626132365
65,61.57499999999863,10,9.831574150325883,9.947412882270353
65,61.624999999998636,10,9.832444072650354,9.947849513403757
65,61.67499999999864,10,9.833310722483114,9.948279555337049
65,61.724999999998644,10,9.83417407509829,9.948703044089529
65,61.77499999999865,10,9.835034106226118,9.949120015890443
65,61.82499999999865,10,9.835890792051089,9.949530507174131
65,61.87499999999865,10,9.836744109210047,9.94993455457519
65,61.924999999998654,10,9.8375940347903,9.950332194923659
65,61.97499999999866,10,9.838440546327675,9.950723465240243
65,62.02499999999866,10,9.83928362180457,9.951108402731563
65,62.07499999999867,10,9.840123239647992,9.951487044785411
65,62.12499999999867,10,9.840959378727561,9.95185942896605
65,62.174999999998676,10,9.841792018353486,9.952225593009542
65,62.22499999999868,10,9.842621138274547,9.952585574819098
65,62.274999999998684,10,9.843446718676034,9.952939412460434
65,62.32499999999869,10,9.84426874017769,9.953287144157189
65,62.37499999999869,10,9.845087183831598,9.953628808286348
65,62.4249999999987,10,9.845902031120096,9.9539644433737
65,62.4749999999987,10,9.846713263953633,9.954294088089318
65,62.524999999998705,10,9.847520864668637,9.954617781243064
65,62.5749999999987,10,9.848324816025345,9.954935561780127
65,62.62499999999871,10,9.849125101205626,9.955247468776598
65,62.67499999999871,10,9.849921703810793,9.955553541435053
65,62.724999999998715,10,9.850714607859373,9.955853819080176
65,62.77499999999872,10,9.8515037977849,9.9561483411544
65,62.824999999998724,10,9.852289258433654,9.956437147213594
65,62.87499999999873,10,9.85307097506241,9.956720276922763
65,62.92499999999873,10,9.85384893333616,9.956997770051784
65,62.97499999999874,10,9.854623119325822,9.957269666471161
65,63.02499999999874,10,9.855393519505947,9.95753600614782
65,63.074999999998745,10,9.856160120752376,9.957796829140921
65,63.12499999999875,10,9.85692291033994,9.958052175597716
65,63.174999999998754,10,9.857681875940084,9.958302085749418
65,63.22499999999876,10,9.85843700561853,9.958546599907105
65,63.274999999998755,10,9.859188287832895,9.958785758457662
65,63.32499999999876,10,9.859935711430303,9.95901960185974
65,63.374999999998764,10,9.860679265645002,9.959248170639745
65,63.42499999999877,10,9.861418940095941,9.959471505387864
65,63.47499999999877,10,9.862154724784357,9.95968964675412
65,63.524999999998776,10,9.862886610091342,9.959902635444442
65,63.57499999999878,10,9.863614586775402,9.960110512216788
65,63.624999999998785,10,9.864338645969996,9.96031331787728
65,63.67499999999879,10,9.865058779181084,9.960511093276368
65,63.72499999999879,10,9.865774978284643,9.960703879305045
65,63.7749999999988,10,9.866487235524188,9.96089171689106
65,63.8249999999988,10,9.867195543508277,9.961074646995185
65,63.874999999998806,10,9.86789989520801,9.961252710607504
65,63.92499999999881,10,9.868600283954517,9.961425948743736
65,63.97499999999881,10,9.869296703436433,9.961594402441577
65,64.02499999999881,10,9.869989147697376,9.961758112757082
65,64.07499999999882,10,9.870677611133411,9.961917120761074
65,64.12499999999882,10,9.871362088490494,9.962071467535587
65,64.17499999999883,10,9.87204257486194,9.962221194170338
65,64.22499999999883,10,9.872719065685843,9.96236634175922
65,64.27499999999884,10,9.873391556742522,9.962506951396835
65,64.32499999999884,10,9.874060044151946,9.962643064175056
65,64.37499999999883,10,9.874724524371157,9.962774721179617
65,64.42499999999885,10,9.875384994191675,9.962901963486734
65,64.47499999999884,10,9.876041450736922,9.963024832159766
65,64.52499999999885,10,9.876693891459615,9.963143368245882
65,64.57499999999885,10,9.877342314139161,9.963257612772784
65,64.62499999999886,10,9.877986716879068,9.963367606745445
65,64.67499999999886,10,9.878627098104303,9.963473391142884
65,64.72499999999887,10,9.87926345655871,9.963575006914974
65,64.77499999999887,10,9.87989579130237,9.963672494979273
65,64.82499999999888,10,9.88052410170897,9.963765896217884
65,64.87499999999888,10,9.881148387463195,9.963855251474362
65,64.92499999999889,10,9.881768648558085,9.963940601550627
65,64.97499999999889,10,9.882384885292396,9.964021987203926
65,65.02499999999888,10,9.882997098267973,9.964099449143822
65,65.0749999999989,10,9.883605288387104,9.96417302802921
65,65.12499999999889,10,9.884209456849872,9.96424276446536
65,65.1749999999989,10,9.884809605151522,9.964308699000998
65,65.2249999999989,10,9.885405735079805,9.964370872125413
65,65.27499999999891,10,9.88599784871233,9.964429324265595
65,65.32499999999891,10,9.886585948413915,9.964484095783408
65,65.37499999999892,10,9.88717003683394,9.964535226972785
65,65.42499999999892,10,9.887750116903682,9.96458275805696
65,65.47499999999893,10,9.888326191833679,9.964626729185722
65,65.52499999999893,10,9.888898265111063,9.964667180432711
65,65.57499999999894,10,9.889466340496911,9.964704151792734
65,65.62499999999893,10,9.890030422023585,9.964737683179116
65,65.67499999999895,10,9.890590513992091,9.964767814421082
65,65.72499999999894,10,9.89114662096941,9.964794585261165
65,65.77499999999894,10,9.891698747785856,9.964818035352652
65,65.82499999999895,10,9.892246899532417,9.96483820425704
65,65.87499999999895,10,9.89279108155811,9.96485513144155
65,65.92499999999896,10,9.893331299467322,9.964868856276652
65,65.97499999999896,10,9.893867559117169,9.964879418033627
65,66.02499999999897,10,9.894399866614851,9.964886855882149
65,66.07499999999897,10,9.894928228314997,9.964891208887911
65,66.12499999999898,10,9.895452650817031,9.964892516010277
65,66.17499999999897,10,9.89597314096253,9.964890816099953
65,66.22499999999899,10,9.896489705832577,9.964886147896692
65,66.27499999999898,10,9.897002352745142,9.964878550027041
65,66.324999999999,10,9.897511089252433,9.964868061002104
65,66.37499999999899,10,9.898015923138278,9.964854719215339
65,66.42499999999899,10,9.898516862415494,9.964838562940379
65,66.474999999999,10,9.899013915323268,9.96481963032889
65,66.524999999999,10,9.899507090324528,9.964797959408452
65,66.57499999999901,10,9.899996396103342,9.964773588080476
65,66.624999999999,10,9.900481841562296,9.964746554118143
65,66.67499999999902,10,9.900963435819893,9.964716895164372
65,66.72499999999901,10,9.901441188207952,9.964684648729824
65,66.77499999999903,10,9.901915108269003,9.964649852190922
65,66.82499999999902,10,9.902385205753701,9.964612542787917
65,66.87499999999903,10,9.902851490618236,9.96457275762297
65,66.92499999999903,10,9.903313973021747,9.964530533658257
65,66.97499999999904,10,9.903772663323753,9.964485907714122
65,67.02499999999904,10,9.904227572081567,9.964438916467245
65,67.07499999999905,10,9.90467871004775,9.964389596448836
65,67.12499999999905,10,9.905126088167524,9.964337984042864
65,67.17499999999905,10,9.905569717576247,9.96428411548431
65,67.22499999999906,10,9.906009609596842,9.96422802685745
65,67.27499999999905,10,9.906445775737263,9.964169754094161
65,67.32499999999906,10,9.906878227687962,9.964109332972265
65,67.37499999999906,10,9.90730697731936,9.964046799113898
65,67.42499999999907,10,9.907732036679313,9.963982187983893
65,67.47499999999907,10,9.908153417990624,9.9639155348882
65,67.52499999999908,10,9.908571133648499,9.963846874972333
65,67.57499999999908,10,9.90898519621808,9.963776243219852
65,67.62499999999909,10,9.909395618431924,9.963703674450864
65,67.67499999999909,10,9.909802413187544,9.963629203320542
65,67.7249999999991,10,9.910205593544907,9.963552864317691
65,67.7749999999991,10,9.910605172723978,9.963474691763325
65,67.8249999999991,10,9.911001164102252,9.963394719809273
65,67.8749999999991,10,9.911393581212305,9.963312982436818
65,67.9249999999991,10,9.911782437739342,9.96322951345536
65,67.97499999999911,10,9.912167747518762,9.963144346501098
65,68.02499999999911,10,9.912549524533734,9.963057515035748
65,68.07499999999912,10,9.91292778291277,9.962969052345283
65,68.12499999999912,10,9.913302536927318,9.962878991538695
65,68.17499999999913,10,9.913673800989352,9.962787365546786
65,68.22499999999913,10,9.91404158964899,9.962694207120995
65,68.27499999999914,10,9.914405917592106,9.962599548832232
65,68.32499999999914,10,9.914766799637945,9.962503423069746
65,68.37499999999915,10,9.91512425073677,9.962405862040024
65,68.42499999999914,10,9.915478285967504,9.962306897765702
65,68.47499999999916,10,9.91582892053538,9.96220656208451
65,68.52499999999915,10,9.9161761697696,9.962104886648248
65,68.57499999999915,10,9.91652004912102,9.962001902921774
65,68.62499999999916,10,9.916860574159822,9.961897642182016
65,68.67499999999916,10,9.91719776057322,9.961792135517022
65,68.72499999999917,10,9.917531624163146,9.961685413825023
65,68.77499999999917,10,9.91786218084398,9.961577507813526
65,68.82499999999918,10,9.918189446640268,9.961468447998433
65,68.87499999999918,10,9.918513437684455,9.961358264703165
65,68.92499999999919,10,9.918834170214629,9.96124698805784
65,68.97499999999918,10,9.919151660572284,9.96113464799845
65,69.0249999999992,10,9.919465925200084,9.96102127426608
65,69.07499999999919,10,9.919776980639638,9.960906896406133
65,69.1249999999992,10,9.920084843529288,9.960791543767582
65,69.1749999999992,10,9.92038953060192,9.960675245502266
65,69.2249999999992,10,9.920691058682754,9.960558030564178
65,69.27499999999921,10,9.92098944468719,9.960439927708796
65,69.3249999999992,10,9.921284705618627,9.960320965492434
65,69.37499999999922,10,9.92157685856631,9.960201172271605
65,69.42499999999922,10,9.921865920703185,9.960080576202417
65,69.47499999999923,10,9.922151909283782,9.959959205239992
65,69.52499999999922,10,9.922434841642074,9.959837087137899
65,69.57499999999924,10,9.92271473518938,9.95971424944762
65,69.62499999999923,10,9.922991607412266,9.959590719518019
65,69.67499999999924,10,9.923265475870465,9.95946652449485
65,69.72499999999924,10,9.9235363581948,9.959341691320292
65,69.77499999999925,10,9.923804272085116,9.959216246732481
65,69.82499999999925,10,9.924069235308249,9.95909021726508
65,69.87499999999926,10,9.924331265695972,9.958963629246872
65,69.92499999999926,10,9.924590381142993,9.958836508801365
65,69.97499999999926,10,9.92484659960491,9.95870888184642
65,70.02499999999927,10,9.925099939096247,9.9585807740939
65,70.07499999999926,10,9.925350417688446,9.95845221104935
65,70.12499999999928,10,9.925598053507892,9.958323218011682
65,70.17499999999927,10,9.925842864733971,9.958193820072884
65,70.22499999999928,10,9.92608486959709,9.958064042117753
65,70.27499999999928,10,9.926324086376773,9.957933908823646
65,70.32499999999929,10,9.92656053339971,9.957803444660255
65,70.37499999999929,10,9.926794229037867,9.957672673889391
65,70.4249999999993,10,9.927025191706571,9.957541620564795
65,70.4749999999993,10,9.927253439862634,9.957410308531971
65,70.52499999999931,10,9.927478992002479,9.957278761428032
65,70.5749999999993,10,9.927701866660286,9.957147002681562
65,70.6249999999993,10,9.927922082406129,9.95701505551251
65,70.67499999999932,10,9.928139657844161,9.956882942932094
65,70.72499999999931,10,9.928354611610786,9.956750687742709
65,70.77499999999932,10,9.928566962372848,9.956618312537888
65,70.82499999999932,10,9.928776728825843,9.956485839702253
65,70.87499999999933,10,9.92898392969214,9.956353291411492
65,70.92499999999933,10,9.929188583719204,9.956220689632351
65,70.97499999999934,10,9.929390709677849,9.956088056122653
65,71.02499999999934,10,9.9295903263605,9.955955412431328
65,71.07499999999935,10,9.929787452579456,9.955822779898455
65,71.12499999999935,10,9.929982107165182,9.955690179655331
65,71.17499999999936,10,9.93017430896461,9.95555763262456
65,71.22499999999935,10,9.930364076839442,9.955425159520136
65,71.27499999999937,10,9.930551429664492,9.955292780847563
65,71.32499999999936,10,9.930736386326009,9.955160516904002
65,71.37499999999936,10,9.93091896572004,9.955028387778407
65,71.42499999999937,10,9.931099186750794,9.95489641335169
65,71.47499999999937,10,9.93127706832902,9.954764613296911
65,71.52499999999938,10,9.931452629370407,9.954633007079464
65,71.57499999999938,10,9.931625888793983,9.95450161395729
65,71.62499999999939,10,9.93179686552054,9.954370452981118
65,71.67499999999939,10,9.931965578471072,9.9542395429947
65,71.7249999999994,10,9.932132046565213,9.95410890263507
65,71.7749999999994,10,9.932296288719714,9.953978550332824
65,71.8249999999994,10,9.932458323846898,9.953848504312397
65,71.8749999999994,10,9.932618170853168,9.95371878259239
65,71.92499999999941,10,9.932775848637503,9.953589402985871
65,71.97499999999941,10,9.93293137608997,9.95346038310071
65,72.02499999999941,10,9.933084772090256,9.953331740339932
65,72.07499999999942,10,9.933236055506216,9.953203491902082
65,72.12499999999942,10,9.933385245192426,9.953075654781594
65,72.17499999999943,10,9.933532359988758,9.95294824576919
65,72.22499999999943,10,9.93367741871896,9.952821281452279
65,72.27499999999944,10,9.933820440189258,9.95269477821537
65,72.32499999999943,10,9.933961443186963,9.952568752240511
65,72.37499999999945,10,9.934100446479109,9.952443219507733
65,72.42499999999944,10,9.934237468811075,9.95231819579551
65,72.47499999999945,10,9.934372528905255,9.952193696681222
65,72.52499999999945,10,9.934505645459712,9.95206973754164
65,72.57499999999946,10,9.934636837146865,9.951946333553426
65,72.62499999999946,10,9.934766122612183,9.951823499693647
65,72.67499999999947,10,9.934893520472894,9.951701250740287
65,72.72499999999947,10,9.9350190493167,9.951579601272785
65,72.77499999999947,10,9.935142727700518,9.951458565672578
65,72.82499999999948,10,9.935264574149228,9.95133815812366
65,72.87499999999947,10,9.935384607154433,9.95121839261315
65,72.92499999999949,10,9.935502845173238,9.951099282931876
65,72.97499999999948,10,9.935619306627036,9.95098084267497
65,73.0249999999995,10,9.935734009900314,9.950863085242458
65,73.07499999999949,10,9.93584697333947,9.950746023839892
65,73.1249999999995,10,9.935958215251636,9.950629671478966
65,73.1749999999995,10,9.936067753903535,9.950514040978154
65,73.22499999999951,10,9.936175607520322,9.950399144963363
65,73.27499999999951,10,9.93628179428447,9.950284995868586
65,73.32499999999952,10,9.936386332334642,9.95017160593657
65,73.37499999999952,10,9.936489239764596,9.950058987219496
65,73.42499999999951,10,9.936590534622086,9.949947151579666
65,73.47499999999953,10,9.936690234907804,9.94983611069021
65,73.52499999999952,10,9.9367883585743,9.949725876035792
65,73.57499999999953,10,9.936884923524941,9.949616458913317
65,73.62499999999953,10,9.936979947612869,9.94950787043267
65,73.67499999999954,10,9.937073448639989,9.949400121517458
65,73.72499999999954,10,9.93716544435595,9.949293222905741
65,73.77499999999955,10,9.937255952457155,9.9491871851508
65,73.82499999999955,10,9.937344990585771,9.949082018621903
65,73.87499999999956,10,9.937432576328765,9.948977733505073
65,73.92499999999956,10,9.937518727216945,9.948874339803867
65,73.97499999999957,10,9.93760346072402,9.948771847340172
65,74.02499999999957,10,9.93768679426566,9.948670265755009
65,74.07499999999958,10,9.93776874519859,9.948569604509334
65,74.12499999999957,10,9.93784933081967,9.94846987288485
65,74.17499999999957,10,9.937928568365026,9.948371079984838
65,74.22499999999958,10,9.938006475009145,9.948273234734987
65,74.27499999999958,10,9.93808306786403,9.948176345884232
65,74.32499999999959,10,9.938158363978332,9.948080422005598
65,74.37499999999959,10,9.938232380336522,9.947985471497056
65,74.4249999999996,10,9.938305133858053,9.947891502582387
65,74.4749999999996,10,9.938376641396548,9.947798523312049
65,74.52499999999961,10,9.938446919738997,9.947706541564052
65,74.5749999999996,10,9.938515985604978,9.947615565044845
65,74.62499999999962,10,9.938583855645856,9.947525601290193
65,74.67499999999961,10,9.938650546444041,9.94743665766608
65,74.72499999999962,10,9.938716074512227,9.947348741369614
65,74.77499999999962,10,9.938780456292651,9.947261859429934
65,74.82499999999962,10,9.938843708156366,9.947176018709122
65,74.87499999999963,10,9.938905846402525,9.947091225903128
65,74.92499999999963,10,9.938966887257685,9.947007487542692
65,74.97499999999964,10,9.939026846875104,9.946924809994275
65,75.02499999999964,10,9.939085741334074,9.946843199461005
65,75.07499999999965,10,9.93914358663925,9.946762661983625
65,75.12499999999964,10,9.939200398719994,9.946683203441422
65,75.17499999999966,10,9.939256193429733,9.946604829553197
65,75.22499999999965,10,9.939310986545339,9.946527545878224
65,75.27499999999966,10,9.939364793766494,9.946451357817208
65,75.32499999999966,10,9.939417630715095,9.946376270613259
65,75.37499999999967,10,9.939469512934654,9.946302289352865
65,75.42499999999967,10,9.93952045588972,9.946229418966874
65,75.47499999999968,10,9.939570474965306,9.946157664231478
65,75.52499999999968,10,9.939619585466328,9.946087029769194
65,75.57499999999968,10,9.939667802617057,9.946017520049862
65,75.62499999999969,10,9.939715141560587,9.945949139391642
65,75.67499999999968,10,9.939761617358306,9.945881891962008
65,75.7249999999997,10,9.93980724498938,9.94581578177876
65,75.7749999999997,10,9.939852039350262,9.94575081271103
65,75.8249999999997,10,9.939896015254194,9.945686988480293
65,75.8749999999997,10,9.939939187430726,9.945624312661387
65,75.92499999999971,10,9.939981570525248,9.94556278868352
65,75.97499999999971,10,9.940023179098542,9.945502419831302
65,76.02499999999972,10,9.940064027626322,9.945443209245774
65,76.07499999999972,10,9.940104130498817,9.94538515992543
65,76.12499999999973,10,9.940143502020325,9.945328274727247
65,76.17499999999973,10,9.940182156408826,9.945272556367724
65,76.22499999999972,10,9.940220107795554,9.945218007423916
65,76.27499999999974,10,9.940257370224629,9.945164630334476
65,76.32499999999973,10,9.940293957652655,9.945112427400698
65,76.37499999999974,10,9.94032988394837,9.945061400787564
65,76.42499999999974,10,9.940365162892272,9.94501155252479
65,76.47499999999975,10,9.940399808176283,9.944962884507863
65,76.52499999999975,10,9.940433833403393,9.94491539849911
65,76.57499999999976,10,9.940467252087357,9.94486909612875
65,76.62499999999976,10,9.940500077652356,9.944823978895942
65,76.67499999999977,10,9.940532323432697,9.944780048169836
65,76.72499999999977,10,9.940564002672518,9.944737305190648
65,76.77499999999978,10,9.940595128525505,9.944695751070713
65,76.82499999999978,10,9.940625714054606,9.944655386795548
65,76.87499999999979,10,9.940655772231777,9.944616213224908
65,76.92499999999978,10,9.940685315937708,9.944578231093859
65,76.97499999999978,10,9.94071435796159,9.944541441013847
65,77.02499999999979,10,9.94074291100088,9.944505843473756
65,77.07499999999979,10,9.940770987661061,9.944471438840978
65,77.1249999999998,10,9.940798600455437,9.944438227362484
65,77.1749999999998,10,9.940825761804916,9.94440620916589
65,77.22499999999981,10,9.940852484037826,9.944375384260534
65,77.2749999999998,10,9.940878779389704,9.944345752538538
65,77.32499999999982,10,9.940904660003142,9.944317313775885
65,77.37499999999982,10,9.940930137927595,9.944290067633487
65,77.42499999999983,10,9.940955225119238,9.944264013658257
65,77.47499999999982,10,9.940979933440806,9.944239151284185
65,77.52499999999984,10,9.941004274661447,9.944215479833408
65,77.57499999999983,10,9.941028260456605,9.94419299851728
65,77.62499999999983,10,9.94105190240788,9.944171706437446
65,77.67499999999984,10,9.941075212002922,9.944151602586915
65,77.72499999999984,10,9.941098200635317,9.944132685851125
65,77.77499999999985,10,9.941120879604508,9.944114955009022
65,77.82499999999985,10,9.941143260115682,9.944098408734131
65,77.87499999999986,10,9.941165353279706,9.944083045595622
65,77.92499999999986,10,9.941187170113052,9.944068864059378
65,77.97499999999987,10,9.941208721537732,9.94405586248907
65,78.02499999999986,10,9.941230018381248,9.94404403914722
65,78.07499999999987,10,9.941251071376549,9.944033392196275
65,78.12499999999987,10,9.941271891161978,9.94402391969966
65,78.17499999999988,10,9.941292488281263,9.944015619622862
65,78.22499999999988,10,9.941312873183483,9.94400848983448
65,78.27499999999989,10,9.94133305622306,9.944002528107294
65,78.32499999999989,10,9.941353047659753,9.943997732119323
65,78.37499999999989,10,9.941372857658664,9.943994099454889
65,78.4249999999999,10,9.94139249629024,9.943991627605675
65,78.4749999999999,10,9.941411973530306,9.943990313971783
65,78.5249999999999,10,9.941431299260083,9.943990155862789
65,78.5749999999999,10,9.94145048326622,9.943991150498796
65,78.62499999999991,10,9.941469535240847,9.943993295011492
65,78.67499999999991,10,9.941488464781612,9.943996586445191
65,78.72499999999992,10,9.941507281391747,9.944001021757893
65,78.77499999999992,10,9.941525994480129,9.944006597822325
65,78.82499999999993,10,9.941544613361353,9.944013311426984
65,78.87499999999993,10,9.941563147255811,9.944021159277181
65,78.92499999999994,10,9.941581605289779,9.944030137996089
65,78.97499999999994,10,9.94159999649551,9.944040244125775
65,79.02499999999993,10,9.941618329811336,9.944051474128232
65,79.07499999999995,10,9.941636614081771,9.944063824386417
65,79.12499999999994,10,9.941654858057634,9.944077291205286
65,79.17499999999995,10,9.94167307039616,9.944091870812821
65,79.22499999999995,10,9.941691259661141,9.94410755936105
65,79.27499999999996,10,9.94170943432305,9.944124352927076
65,79.32499999999996,10,9.941727602759185,9.944142247514101
65,79.37499999999997,10,9.941745773253825,9.944161239052438
65,79.42499999999997,10,9.94176395399837,9.944181323400526
65,79.47499999999998,10,9.941782153091518,9.94420249634595
65,79.52499999999998,10,9.941800378539428,9.944224753606443
65,79.57499999999999,10,9.94181863825588,9.944248090830895
65,79.62499999999999,10,9.941836940062478,9.94427250360036
65,79.675,10,9.94185529168882,9.944297987429051
65,79.725,10,9.94187370077269,9.944324537765338
65,79.77499999999999,10,9.94189217486027,9.944352149992744
65,79.825,10,9.941910721406332,9.944380819430936
65,79.875,10,9.941929347774453,9.94441054133671
65,79.92500000000001,10,9.941948061237227,9.944441310904976
65,79.97500000000001,10,9.941966868976493,9.944473123269741
65,80.02500000000002,10,9.94198577808356,9.944505973505082
65,80.07500000000002,10,9.942004795559432,9.94453985662612
65,80.12500000000003,10,9.942023928315063,9.944574767589991
65,80.17500000000003,10,9.942043183171585,9.944610701296812
65,80.22500000000004,10,9.942062566860569,9.944647652590643
65,80.27500000000003,10,9.942082086024271,9.944685616260449
65,80.32500000000005,10,9.942101747215899,9.944724587041051
65,80.37500000000004,10,9.942121556899874,9.944764559614077
65,80.42500000000004,10,9.9421415214521,9.94480552860891
65,80.47500000000005,10,9.942161647160246,9.944847488603632
65,80.52500000000005,10,9.942181940224014,9.944890434125957
65,80.57500000000006,10,9.942202406755438,9.944934359654177
65,80.62500000000006,10,9.942223052779163,9.944979259618089
65,80.67500000000007,10,9.942243884232752,9.945025128399921
65,80.72500000000007,10,9.942264906966967,9.94507196033525
65,80.77500000000008,10,9.9422861267461,9.945119749713928
65,80.82500000000007,10,9.94230754924825,9.945168490780997
65,80.87500000000009,10,9.942329180065668,9.94521817773759
65,80.92500000000008,10,9.94235102470505,9.945268804741845
65,80.9750000000001,10,9.942373088587878,9.945320365909803
65,81.02500000000009,10,9.94239537705073,9.945372855316304
65,81.0750000000001,10,9.94241789534562,9.945426266995884
65,81.1250000000001,10,9.94244064864034,9.945480594943662
65,81.1750000000001,10,9.94246364201878,9.945535833116216
65,81.22500000000011,10,9.942486880481292,9.945591975432471
65,81.2750000000001,10,9.94251036894502,9.945649015774572
65,81.32500000000012,10,9.942534112244271,9.945706947988748
65,81.37500000000011,10,9.94255811513084,9.945765765886184
65,81.42500000000013,10,9.942582382274402,9.945825463243882
65,81.47500000000012,10,9.94260691826285,9.945886033805508
65,81.52500000000013,10,9.94263172760268,9.945947471282249
65,81.57500000000013,10,9.942656814719346,9.946009769353665
65,81.62500000000014,10,9.942682183957636,9.946072921668518
65,81.67500000000014,10,9.94270783958206,9.946136921845612
65,81.72500000000015,10,9.942733785777213,9.946201763474633
65,81.77500000000015,10,9.94276002664818,9.946267440116971
65,81.82500000000014,10,9.942786566220901,9.94633394530654
65,81.87500000000016,10,9.942813408442577,9.946401272550595
65,81.92500000000015,10,9.942840557182054,9.94646941533055
65,81.97500000000016,10,9.94286801623023,9.946538367102779
65,82.02500000000016,10,9.942895789300442,9.946608121299409
65,82.07500000000017,10,9.942923880028879,9.946678671329138
65,82.12500000000017,10,9.942952291974978,9.946750010578016
65,82.17500000000018,10,9.942981028621846,9.946822132410231
65,82.22500000000018,10,9.943010093376657,9.946895030168893
65,82.27500000000019,10,9.943039489571074,9.946968697176805
65,82.32500000000019,10,9.943069220461664,9.947043126737244
65,82.3750000000002,10,9.943099289230318,9.947118312134718
65,82.4250000000002,10,9.943129698984674,9.94719424663573
65,82.47500000000021,10,9.943160452758532,9.947270923489539
65,82.5250000000002,10,9.943191553512301,9.947348335928908
65,82.5750000000002,10,9.943223004133403,9.947426477170845
65,82.62500000000021,10,9.943254807436729,9.947505340417344
65,82.67500000000021,10,9.94328696616505,9.947584918856123
65,82.72500000000022,10,9.943319482989478,9.947665205661357
65,82.77500000000022,10,9.943352360509886,9.947746193994394
65,82.82500000000023,10,9.943385601255345,9.947827877004478
65,82.87500000000023,10,9.943419207684588,9.947910247829462
65,82.92500000000024,10,9.943453182186438,9.947993299596513
65,82.97500000000024,10,9.943487527080254,9.948077025422823
65,83.02500000000025,10,9.943522244616393,9.948161418416301
65,83.07500000000024,10,9.943557336976639,9.948246471676269
65,83.12500000000026,10,9.943592806274678,9.94833217829414
65,83.17500000000025,10,9.943628654556539,9.948418531354102
65,83.22500000000025,10,9.943664883801047,9.9485055239338
65,83.27500000000026,10,9.94370149592029,9.948593149105005
65,83.32500000000026,10,9.94373849276007,9.948681399934273
65,83.37500000000027,10,9.94377587610037,9.94877026948361
65,83.42500000000027,10,9.943813647655803,9.948859750811124
65,83.47500000000028,10,9.943851809076092,9.948949836971675
65,83.52500000000028,10,9.94389036194652,9.949040521017519
65,83.57500000000029,10,9.943929307788409,9.949131795998937
65,83.62500000000028,10,9.943968648059574,9.949223654964877
65,83.6750000000003,10,9.944008384154802,9.949316090963576
65,83.72500000000029,10,9.94404851740631,9.949409097043185
65,83.7750000000003,10,9.944089049084232,9.949502666252382
65,83.8250000000003,10,9.944129980397072,9.94959679164098
65,83.87500000000031,10,9.944171312492196,9.949691466260534
65,83.92500000000031,10,9.944213046456284,9.949786683164941
65,83.9750000000003,10,9.944255183315823,9.949882435411034
65,84.02500000000032,10,9.944297724037577,9.949978716059167
65,84.07500000000032,10,9.944340669529055,9.950075518173803
65,84.12500000000033,10,9.944384020639003,9.95017283482408
65,84.17500000000032,10,9.944427778157868,9.950270659084397
65,84.22500000000034,10,9.944471942818282,9.950368984034968
65,84.27500000000033,10,9.944516515295543,9.950467802762388
65,84.32500000000034,10,9.944561496208095,9.950567108360191
65,84.37500000000034,10,9.944606886117999,9.950666893929396
65,84.42500000000035,10,9.94465268553143,9.950767152579049
65,84.47500000000035,10,9.94469889489914,9.950867877426765
65,84.52500000000036,10,9.944745514616955,9.950969061599254
65,84.57500000000036,10,9.944792545026244,9.951070698232858
65,84.62500000000037,10,9.944839986414417,9.95117278047407
65,84.67500000000037,10,9.944887839015392,9.951275301480052
65,84.72500000000036,10,9.94493610301008,9.951378254419136
65,84.77500000000038,10,9.944984778526882,9.951481632471346
65,84.82500000000037,10,9.945033865642156,9.95158542882888
65,84.87500000000038,10,9.945083364380706,9.951689636696612
65,84.92500000000038,10,9.945133274716268,9.951794249292591
65,84.97500000000039,10,9.945183596571987,9.951899259848512
65,85.02500000000039,10,9.94523432982091,9.952004661610191
65,85.0750000000004,10,9.94528547428646,9.95211044783806
65,85.1250000000004,10,9.945337029742921,9.952216611807609
65,85.17500000000041,10,9.945388995915927,9.952323146809858
65,85.2250000000004,10,9.945441372482936,9.952430046151816
65,85.27500000000042,10,9.94549415907372,9.952537303156928
65,85.32500000000041,10,9.945547355270843,9.952644911165525
65,85.37500000000041,10,9.945600960610147,9.952752863535258
65,85.42500000000042,10,9.945654974581224,9.952861153641537
65,85.47500000000042,10,9.945709396627908,9.952969774877959
65,85.52500000000043,10,9.94576422614876,9.953078720656729
65,85.57500000000043,10,9.945819462497528,9.953187984409087
65,85.62500000000044,10,9.945875104983651,9.953297559585716
65,85.67500000000044,10,9.945931152872717,9.953407439657147
65,85.72500000000045,10,9.94598760538696,9.953517618114171
65,85.77500000000045,10,9.946044461705728,9.953628088468228
65,85.82500000000046,10,9.946101720965963,9.953738844251802
65,85.87500000000045,10,9.946159382262678,9.953849879018808
65,85.92500000000047,10,9.946217444649433,9.953961186344971
65,85.97500000000046,10,9.946275907138817,9.954072759828206
65,86.02500000000047,10,9.946334768702906,9.954184593088987
65,86.07500000000047,10,9.94639402827376,9.954296679770716
65,86.12500000000047,10,9.946453684743876,9.954409013540078
65,86.17500000000048,10,9.946513736966672,9.954521588087404
65,86.22500000000048,10,9.946574183756956,9.954634397127018
65,86.27500000000049,10,9.946635023891396,9.954747434397577
65,86.32500000000049,10,9.946696256108988,9.954860693662415
65,86.3750000000005,10,9.946757879111523,9.954974168709882
65,86.4250000000005,10,9.946819891564063,9.95508785335367
65,86.4750000000005,10,9.946882292095399,9.955201741433136
65,86.5250000000005,10,9.946945079298521,9.955315826813624
65,86.57500000000051,10,9.947008251731082,9.955430103386778
65,86.62500000000051,10,9.947071807915854,9.955544565070852
65,86.67500000000052,10,9.947135746341205,9.955659205811013
65,86.72500000000052,10,9.94720006546154,9.955774019579646
65,86.77500000000052,10,9.947264763697783,9.955889000376647
65,86.82500000000053,10,9.947329839437815,9.956004142229707
65,86.87500000000053,10,9.947395291036942,9.956119439194598
65,86.92500000000054,10,9.947461116818355,9.956234885355457
65,86.97500000000053,10,9.947527315073566,9.95635047482506
65,87.02500000000055,10,9.947593884062881,9.956466201745089
65,87.07500000000054,10,9.947660822015845,9.956582060286395
65,87.12500000000055,10,9.947728127131684,9.95669804464927
65,87.17500000000055,10,9.947795797579769,9.956814149063687
65,87.22500000000056,10,9.947863831500044,9.956930367789555
65,87.27500000000056,10,9.947932227003495,9.957046695116968
65,87.32500000000057,10,9.948000982172571,9.95716312536645
65,87.37500000000057,10,9.948070095061647,9.957279652889184
65,87.42500000000058,10,9.94813956369745,9.957396272067246
65,87.47500000000058,10,9.948209386079508,9.957512977313826
65,87.52500000000057,10,9.94827956018058,9.957629763073461
65,87.57500000000059,10,9.948350083947101,9.957746623822247
65,87.62500000000058,10,9.948420955299616,9.95786355406805
65,87.6750000000006,10,9.9484921721332,9.957980548350715
65,87.72500000000059,10,9.948563732317906,9.958097601242276
65,87.7750000000006,10,9.948635633699187,9.958214707347143
65,87.8250000000006,10,9.948707874098321,9.958331861302304
65,87.87500000000061,10,9.948780451312846,9.958449057777521
65,87.92500000000061,10,9.948853363116973,9.958566291475504
65,87.97500000000062,10,9.948926607262017,9.958683557132094
65,88.02500000000062,10,9.949000181476816,9.958800849516445
65,88.07500000000063,10,9.94907408346815,9.958918163431198
65,88.12500000000063,10,9.949148310921148,9.959035493712642
65,88.17500000000062,10,9.949222861499722,9.959152835230874
65,88.22500000000063,10,9.949297732846965,9.95927018288997
65,88.27500000000063,10,9.949372922585573,9.959387531628135
65,88.32500000000064,10,9.949448428318236,9.95950487641785
65,88.37500000000064,10,9.94952424762807,9.959622212266018
65,88.42500000000065,10,9.949600378079005,9.959739534214108
65,88.47500000000065,10,9.949676817216194,9.959856837338295
65,88.52500000000066,10,9.949753562566412,9.959974116749592
65,88.57500000000066,10,9.949830611638468,9.96009136759398
65,88.62500000000067,10,9.949907961923573,9.960208585052529
65,88.67500000000067,10,9.949985610895773,9.960325764341519
65,88.72500000000068,10,9.950063556012307,9.960442900712566
65,88.77500000000067,10,9.950141794714026,9.96055998945273
65,88.82500000000068,10,9.950220324425766,9.960677025884618
65,88.87500000000068,10,9.950299142556737,9.9607940053665
65,88.92500000000068,10,9.950378246500911,9.960910923292397
65,88.97500000000069,10,9.950457633637406,9.961027775092182
65,89.02500000000069,10,9.950537301330861,9.961144556231682
65,89.0750000000007,10,9.95061724693182,9.961261262212757
65,89.1250000000007,10,9.950697467777102,9.96137788857339
65,89.17500000000071,10,9.950777961190182,9.961494430887768
65,89.2250000000007,10,9.950858724481552,9.961610884766356
65,89.27500000000072,10,9.950939754949108,9.961727245855977
65,89.32500000000071,10,9.951021049878497,9.961843509839873
65,89.37500000000072,10,9.951102606543497,9.96195967243778
65,89.42500000000072,10,9.951184422206373,9.962075729405985
65,89.47500000000073,10,9.951266494118238,9.962191676537385
65,89.52500000000073,10,9.951348819519414,9.962307509661548
65,89.57500000000073,10,9.951431395639784,9.962423224644755
65,89.62500000000074,10,9.951514219699153,9.962538817390056
65,89.67500000000074,10,9.951597288907584,9.96265428383731
65,89.72500000000075,10,9.951680600465767,9.962769619963225
65,89.77500000000074,10,9.951764151565351,9.962884821781403
65,89.82500000000076,10,9.951847939389294,9.962999885342361
65,89.87500000000075,10,9.951931961112205,9.963114806733573
65,89.92500000000076,10,9.95201621390068,9.96322958207949
65,89.97500000000076,10,9.952100694913646,9.963344207541565
65,90.02500000000077,10,9.952185401302689,9.963458679318274
65,90.07500000000077,10,9.95227033021239,9.963572993645126
65,90.12500000000078,10,9.952355478780655,9.96368714679469
65,90.17500000000078,10,9.952440844139046,9.963801135076594
65,90.22500000000079,10,9.952526423413095,9.963914954837534
65,90.27500000000079,10,9.952612213722649,9.964028602461283
65,90.32500000000078,10,9.95269821218216,9.964142074368677
65,90.3750000000008,10,9.952784415901029,9.96425536701763
65,90.4250000000008,10,9.952870821983913,9.964368476903116
65,90.4750000000008,10,9.952957427531034,9.964481400557165
65,90.5250000000008,10,9.953044229638499,9.96459413454885
65,90.57500000000081,10,9.9531312253986,9.964706675484267
65,90.62500000000081,10,9.95321841190012,9.964819020006523
65,90.67500000000082,10,9.953305786228647,9.964931164795713
65,90.72500000000082,10,9.953393345466862,9.965043106568892
65,90.77500000000083,10,9.95348108669485,9.965154842080047
65,90.82500000000083,10,9.953569006990385,9.965266368120075
65,90.87500000000084,10,9.953657103429228,9.965377681516744
65,90.92500000000084,10,9.953745373085425,9.965488779134656
65,90.97500000000083,10,9.953833813031586,9.965599657875211
65,91.02500000000084,10,9.953922420339175,9.965710314676558
65,91.07500000000084,10,9.954011192078797,9.965820746513561
65,91.12500000000085,10,9.95410012532047,9.965930950397746
65,91.17500000000085,10,9.954189217133923,9.966040923377252
65,91.22500000000086,10,9.95427846458885,9.966150662536776
65,91.27500000000086,10,9.954367864755193,9.966260164997523
65,91.32500000000087,10,9.954457414703427,9.966369427917142
65,91.37500000000087,10,9.954547111504803,9.966478448489664
65,91.42500000000088,10,9.954636952231638,9.966587223945448
65,91.47500000000088,10,9.954726933957563,9.966695751551105
65,91.52500000000089,10,9.954817053757795,9.966804028609438
65,91.57500000000088,10,9.954907308709393,9.966912052459367
65,91.6250000000009,10,9.95499769589151,9.967019820475851
65,91.67500000000089,10,9.955088212385656,9.967127330069824
65,91.72500000000089,10,9.955178855275937,9.967234578688107
65,91.7750000000009,10,9.955269621649322,9.967341563813328
65,91.8250000000009,10,9.955360508595872,9.96744828296384
65,91.87500000000091,10,9.955451513208995,9.967554733693639
65,91.9250000000009,10,9.955542632585686,9.96766091359227
65,91.97500000000092,10,9.955633863826762,9.967766820284746
65,92.02500000000092,10,9.9557252040371,9.96787245143145
65,92.07500000000093,10,9.955816650325879,9.967977804728042
65,92.12500000000092,10,9.955908199806801,9.968082877905358
65,92.17500000000094,10,9.95599984959833,9.968187668729323
65,92.22500000000093,10,9.956091596823908,9.968292175000833
65,92.27500000000094,10,9.956183438612193,9.96839639455566
65,92.32500000000094,10,9.956275372097265,9.968500325264353
65,92.37500000000094,10,9.95636739441886,9.968603965032125
65,92.42500000000095,10,9.956459502722582,9.968707311798742
65,92.47500000000095,10,9.956551694160114,9.968810363538415
65,92.52500000000096,10,9.956643965889434,9.968913118259687
65,92.57500000000095,10,9.95673631507502,9.969015574005313
65,92.62500000000097,10,9.95682873888807,9.969117728852149
65,92.67500000000096,10,9.956921234506693,9.969219580911028
65,92.72500000000097,10,9.957013799116112,9.969321128326644
65,92.77500000000097,10,9.95710642990887,9.969422369277426
65,92.82500000000098,10,9.957199124085037,9.96952330197541
65,92.87500000000098,10,9.957291878852377,9.969623924666122
65,92.92500000000099,10,9.957384691426569,9.96972423562844
65,92.97500000000099,10,9.95747755903138,9.969824233174473
65,93.025000000001,10,9.957570478898864,9.96992391564942
65,93.075000000001,10,9.957663448269535,9.970023281431448
65,93.125000000001,10,9.95775646439257,9.970122328931545
65,93.175000000001,10,9.95784952452596,9.970221056593392
65,93.225000000001,10,9.957942625936722,9.970319462893219
65,93.27500000000101,10,9.958035765901045,9.970417546339668
65,93.32500000000101,10,9.958128941704485,9.970515305473656
65,93.37500000000102,10,9.958222150642127,9.970612738868228
65,93.42500000000102,10,9.958315390018752,9.970709845128411
65,93.47500000000103,10,9.958408657149013,9.970806622891072
65,93.52500000000103,10,9.958501949357583,9.970903070824763
65,93.57500000000104,10,9.958595263979332,9.970999187629578
65,93.62500000000104,10,9.958688598359483,9.971094972037008
65,93.67500000000105,10,9.958781949853764,9.97119042280978
65,93.72500000000105,10,9.958875315828564,9.971285538741709
65,93.77500000000104,10,9.958968693661092,9.971380318657543
65,93.82500000000105,10,9.95906208073952,9.971474761412809
65,93.87500000000105,10,9.959155474463133,9.971568865893655
65,93.92500000000106,10,9.959248872242474,9.97166263101669
65,93.97500000000106,10,9.959342271499498,9.971756055728827
65,94.02500000000107,10,9.959435669667688,9.971849139007121
65,94.07500000000107,10,9.959529064192223,9.971941879858608
65,94.12500000000108,10,9.959622452530091,9.972034277320144
65,94.17500000000108,10,9.959715832150241,9.972126330458241
65,94.22500000000109,10,9.959809200533703,9.972218038368899
65,94.27500000000109,10,9.95990255517372,9.972309400177439
65,94.3250000000011,10,9.959995893575886,9.97240041503834
65,94.3750000000011,10,9.960089213258254,9.972491082135068
65,94.4250000000011,10,9.960182511751475,9.97258140067991
65,94.4750000000011,10,9.960275786598904,9.9726713699138
65,94.5250000000011,10,9.960369035356743,9.972760989106144
65,94.57500000000111,10,9.960462255594123,9.972850257554661
65,94.62500000000111,10,9.960555444893247,9.9729391745852
65,94.67500000000112,10,9.960648600849492,9.973027739551565
65,94.72500000000112,10,9.96074172107152,9.973115951835345
65,94.77500000000113,10,9.960834803181383,9.973203810845733
65,94.82500000000113,10,9.960927844814636,9.973291316019356
65,94.87500000000114,10,9.96102084362043,9.973378466820092
65,94.92500000000113,10,9.961113797261625,9.973465262738898
65,94.97500000000115,10,9.961206703414883,9.973551703293627
65,95.02500000000114,10,9.961299559770767,9.973637788028844
65,95.07500000000115,10,9.961392364033838,9.973723516515655
65,95.12500000000115,10,9.961485113922745,9.973808888351513
65,95.17500000000115,10,9.961577807170316,9.973893903160054
65,95.22500000000116,10,9.961670441523651,9.973978560590904
65,95.27500000000116,10,9.961763014744212,9.974062860319492
65,95.32500000000117,10,9.961855524607895,9.97414680204687
65,95.37500000000117,10,9.961947968905129,9.974230385499537
65,95.42500000000118,10,9.962040345440945,9.974313610429244
65,95.47500000000117,10,9.962132652035063,9.97439647661281
65,95.52500000000119,10,9.96222488652196,9.97447898385194
65,95.57500000000118,10,9.962317046750963,9.974561131973037
65,95.6250000000012,10,9.962409130586297,9.97464292082701
65,95.67500000000119,10,9.962501135907178,9.974724350289097
65,95.7250000000012,10,9.96259306060787,9.974805420258672
65,95.7750000000012,10,9.962684902597763,9.97488613065905
65,95.82500000000121,10,9.96277665980142,9.974966481437306
65,95.87500000000121,10,9.962868330158663,9.97504647256409
65,95.9250000000012,10,9.962959911624619,9.975126104033423
65,95.97500000000122,10,9.963051402169784,9.975205375862522
65,96.02500000000121,10,9.963142799780087,9.975284288091604
65,96.07500000000122,10,9.963234102456935,9.975362840783696
65,96.12500000000122,10,9.963325308217273,9.975441034024438
65,96.17500000000123,10,9.963416415093644,9.975518867921906
65,96.22500000000123,10,9.96350742113422,9.975596342606408
65,96.27500000000124,10,9.96359832440287,9.975673458230297
65,96.32500000000124,10,9.963689122979204,9.97575021496778
65,96.37500000000125,10,9.963779814958599,9.975826613014728
65,96.42500000000125,10,9.96387039845227,9.975902652588479
65,96.47500000000126,10,9.963960871587295,9.975978333927648
65,96.52500000000126,10,9.964051232506657,9.976053657291935
65,96.57500000000125,10,9.964141479369282,9.97612862296193
65,96.62500000000126,10,9.964231610350081,9.976203231238927
65,96.67500000000126,10,9.964321623639977,9.976277482444726
65,96.72500000000127,10,9.964411517445944,9.97635137692144
65,96.77500000000127,10,9.964501289991032,9.976424915031302
65,96.82500000000128,10,9.964590939514403,9.976498097156476
65,96.87500000000128,10,9.96468046427136,9.976570923698858
65,96.92500000000129,10,9.964769862533359,9.97664339507989
65,96.97500000000129,10,9.964859132588055,9.97671551174036
65,97.0250000000013,10,9.964948272739305,9.976787274140216
65,97.0750000000013,10,9.965037281307206,9.976858682758362
65,97.12500000000131,10,9.9651261566281,9.97692973809248
65,97.1750000000013,10,9.965214897054604,9.97700044065883
65,97.22500000000132,10,9.96530350095562,9.977070790992059
65,97.27500000000131,10,9.965391966716357,9.977140789644999
65,97.32500000000131,10,9.965480292738329,9.977210437188486
65,97.37500000000132,10,9.965568477439382,9.977279734211166
65,97.42500000000132,10,9.965656519253704,9.977348681319297
65,97.47500000000133,10,9.965744416631823,9.977417279136564
65,97.52500000000133,10,9.965832168040626,9.977485528303882
65,97.57500000000134,10,9.965919771963353,9.977553429479208
65,97.62500000000134,10,9.966007226899617,9.97762098333735
65,97.67500000000135,10,9.966094531365389,9.977688190569769
65,97.72500000000134,10,9.966181683893016,9.977755051884396
65,97.77500000000136,10,9.966268683031206,9.977821568005435
65,97.82500000000135,10,9.966355527345039,9.977887739673177
65,97.87500000000136,10,9.96644221541596,9.977953567643809
65,97.92500000000136,10,9.966528745841767,9.97801905268922
65,97.97500000000136,10,9.966615117236625,9.97808419559682
65,98.02500000000137,10,9.966701328231034,9.978148997169344
65,98.07500000000137,10,9.966787377471835,9.978213458224664
65,98.12500000000138,10,9.966873263622206,9.978277579595604
65,98.17500000000138,10,9.966958985361638,9.978341362129745
65,98.22500000000139,10,9.967044541385922,9.978404806689243
65,98.27500000000138,10,9.967129930407154,9.978467914150636
65,98.3250000000014,10,9.967215151153697,9.978530685404667
65,98.37500000000139,10,9.96730020237018,9.978593121356091
65,98.4250000000014,10,9.967385082817474,9.978655222923484
65,98.4750000000014,10,9.967469791272674,9.978716991039063
65,98.52500000000141,10,9.967554326529076,9.978778426648502
65,98.57500000000141,10,9.967638687396164,9.978839530710742
65,98.62500000000142,10,9.967722872699586,9.978900304197811
65,98.67500000000142,10,9.967806881281117,9.978960748094638
65,98.72500000000142,10,9.967890711998653,9.97902086339887
65,98.77500000000143,10,9.967974363726169,9.979080651120697
65,98.82500000000142,10,9.968057835353704,9.979140112282645
65,98.87500000000144,10,9.968141125787323,9.97919924791942
65,98.92500000000143,10,9.968224233949094,9.97925805907772
65,98.97500000000144,10,9.968307158777055,9.97931654681605
65,99.02500000000144,10,9.968389899225176,9.979374712204539
65,99.07500000000145,10,9.968472454263342,9.979432556324769
65,99.12500000000145,10,9.968554822877302,9.979490080269587
65,99.17500000000146,10,9.96863700406864,9.979547285142937
65,99.22500000000146,10,9.968718996854742,9.979604172059675
65,99.27500000000147,10,9.968800800268756,9.979660742145391
65,99.32500000000147,10,9.968882413359552,9.979716996536235
65,99.37500000000146,10,9.968963835191689,9.979772936378733
65,99.42500000000148,10,9.969045064845362,9.979828562829631
65,99.47500000000147,10,9.969126101416379,9.979883877055705
65,99.52500000000148,10,9.969206944016097,9.979938880233581
65,99.57500000000148,10,9.9692875917714,9.979993573549576
65,99.62500000000149,10,9.969368043824636,9.980047958199528
65,99.67500000000149,10,9.969448299333584,9.980102035388605
65,99.7250000000015,10,9.969528357471408,9.980155806331142
65,99.7750000000015,10,9.969608217426597,9.98020927225048
65,99.82500000000151,10,9.969687878402933,9.980262434378787
65,99.8750000000015,10,9.96976733961943,9.98031529395689
65,99.92500000000152,10,9.96984660031029,9.980367852234103
65,99.97500000000151,10,9.969925659724852,9.980420110468065
65,100.02500000000153,10,9.970004517127538,9.980472069924577
65,100.07500000000152,10,9.970083171797803,9.980523731877419
65,100.12500000000152,10,9.970161623030076,9.9805750976082
65,100.17500000000153,10,9.970239870133714,9.980626168406191
65,100.22500000000153,10,9.970317912432941,9.980676945568153
65,100.27500000000154,10,9.970395749266794,9.98072743039818
65,100.32500000000154,10,9.97047337998907,9.980777624207535
65,100.37500000000155,10,9.970550803968253,9.980827528314496
65,100.42500000000155,10,9.970628020587483,9.98087714404418
65,100.47500000000156,10,9.970705029244474,9.980926472728395
65,100.52500000000155,10,9.970781829351461,9.980975515705474
65,100.57500000000157,10,9.97085842033514,9.981024274320118
65,100.62500000000156,10,9.970934801636608,9.981072749923245
65,100.67500000000157,10,9.971010972711301,9.981120943871822
65,100.72500000000157,10,9.971086933028932,9.98116885752872
65,100.77500000000157,10,9.971162682073421,9.98121649226255
65,100.82500000000158,10,9.971238219342839,9.981263849447515
65,100.87500000000158,10,9.971313544349341,9.981310930463255
65,100.92500000000159,10,9.971388656619098,9.981357736694688
65,100.97500000000159,10,9.97146355569223,9.981404269531867
65,101.0250000000016,10,9.97153824112275,9.981450530369829
65,101.0750000000016,10,9.971612712478482,9.981496520608442
65,101.1250000000016,10,9.971686969340999,9.981542241652255
65,101.1750000000016,10,9.971761011305565,9.98158769491035
65,101.22500000000161,10,9.971834837981044,9.9816328817962
65,101.27500000000161,10,9.97190844898985,9.98167780372751
65,101.32500000000162,10,9.97198184396787,9.98172246212609
65,101.37500000000162,10,9.972055022564383,9.981766858417695
65,101.42500000000163,10,9.972127984442013,9.981810994031887
65,101.47500000000163,10,9.97220072927663,9.981854870401898
65,101.52500000000163,10,9.972273256757292,9.981898488964477
65,101.57500000000164,10,9.972345566586174,9.981941851159752
65,101.62500000000163,10,9.972417658478488,9.981984958431099
65,101.67500000000165,10,9.97248953216241,9.982027812224995
65,101.72500000000164,10,9.972561187379007,9.982070413990881
65,101.77500000000165,10,9.972632623882165,9.982112765181027
65,101.82500000000165,10,9.97270384143851,9.982154867250388
65,101.87500000000166,10,9.972774839827323,9.98219672165648
65,101.92500000000166,10,9.972845618840491,9.982238329859241
65,101.97500000000167,10,9.972916178282398,9.982279693320894
65,102.02500000000167,10,9.97298651796987,9.982320813505822
65,102.07500000000168,10,9.97305663773209,9.982361691880431
65,102.12500000000168,10,9.973126537410515,9.982402329913018
65,102.17500000000167,10,9.973196216858808,9.982442729073645
65,102.22500000000169,10,9.97326567594275,9.982482890834014
65,102.27500000000168,10,9.973334914540168,9.98252281666733
65,102.3250000000017,10,9.973403932540855,9.98256250804818
65,102.37500000000169,10,9.973472729846478,9.982601966452409
65,102.4250000000017,10,9.973541306370521,9.982641193356997
65,102.4750000000017,10,9.973609662038179,9.982680190239925
65,102.52500000000171,10,9.9736777967863,9.98271895858006
65,102.57500000000171,10,9.973745710563286,9.98275749985703
65,102.62500000000172,10,9.973813403329018,9.982795815551109
65,102.67500000000172,10,9.973880875054784,9.98283390714309
65,102.72500000000173,10,9.973948125723178,9.982871776114175
65,102.77500000000173,10,9.974015155328035,9.982909423945847
65,102.82500000000174,10,9.974081963874339,9.982946852119758
65,102.87500000000173,10,9.974148551378141,9.982984062117618
65,102.92500000000173,10,9.974214917866483,9.983021055421068
65,102.97500000000174,10,9.974281063377306,9.983057833511575
65,103.02500000000174,10,9.974346987959368,9.983094397870321
65,103.07500000000175,10,9.974412691672166,9.983130749978082
65,103.12500000000175,10,9.97447817458585,9.983166891315125
65,103.17500000000176,10,9.974543436781127,9.983202823361099
65,103.22500000000176,10,9.974608478349204,9.983238547594924
65,103.27500000000177,10,9.974673299391673,9.983274065494676
65,103.32500000000176,10,9.974737900020447,9.983309378537488
65,103.37500000000178,10,9.974802280357661,9.983344488199444
65,103.42500000000177,10,9.974866440535605,9.983379395955467
65,103.47500000000178,10,9.974930380696621,9.983414103279225
65,103.52500000000178,10,9.974994100993026,9.983448611643023
65,103.57500000000178,10,9.975057601587027,9.983482922517704
65,103.62500000000179,10,9.975120882650632,9.983517037372538
65,103.67500000000179,10,9.975183944365568,9.983550957675131
65,103.7250000000018,10,9.975246786923197,9.983584684891333
65,103.7750000000018,10,9.97530941052442,9.983618220485127
65,103.82500000000181,10,9.975371815379605,9.98365156591853
65,103.8750000000018,10,9.97543400170849,9.983684722651512
65,103.92500000000182,10,9.975495969740104,9.983717692141894
65,103.97500000000181,10,9.975557719712675,9.983750475845248
65,104.02500000000182,10,9.975619251873553,9.983783075214806
65,104.07500000000182,10,9.97568056647911,9.983815491701376
65,104.12500000000183,10,9.975741663794667,9.98384772675325
65,104.17500000000183,10,9.975802544094401,9.983879781816105
65,104.22500000000184,10,9.975863207661257,9.983911658332921
65,104.27500000000184,10,9.975923654786873,9.983943357743886
65,104.32500000000184,10,9.975983885771475,9.983974881486313
65,104.37500000000185,10,9.976043900923807,9.984006230994563
65,104.42500000000184,10,9.976103700561039,9.984037407699951
65,104.47500000000186,10,9.97616328500868,9.98406841303066
65,104.52500000000185,10,9.976222654600488,9.984099248411656
65,104.57500000000186,10,9.976281809678396,9.984129915264623
65,104.62500000000186,10,9.976340750592408,9.984160415007858
65,104.67500000000187,10,9.976399477700532,9.984190749056205
65,104.72500000000187,10,9.97645799136868,9.984220918820977
65,104.77500000000188,10,9.976516291970587,9.984250925709874
65,104.82500000000188,10,9.97657437988772,9.984280771126903
65,104.87500000000189,10,9.976632255509207,9.984310456472302
65,104.92500000000189,10,9.976689919231728,9.98433998314247
65,104.97500000000188,10,9.976747371459451,9.984369352529894
65,105.0250000000019,10,9.976804612603933,9.984398566023069
65,105.07500000000189,10,9.97686164308404,9.984427625006424
65,105.1250000000019,10,9.976918463325864,9.984456530860259
65,105.1750000000019,10,9.97697507376262,9.98448528496067
65,105.22500000000191,10,9.977031474834591,9.984513888679478
65,105.27500000000191,10,9.97708766698902,9.984542343384167
65,105.32500000000192,10,9.977143650680024,9.984570650437805
65,105.37500000000192,10,9.977199426368527,9.984598811198987
65,105.42500000000193,10,9.97725499452216,9.984626827021767
65,105.47500000000193,10,9.97731035561518,9.984654699255593
65,105.52500000000194,10,9.977365510128386,9.984682429245241
65,105.57500000000194,10,9.977420458549044,9.984710018330752
65,105.62500000000195,10,9.977475201370783,9.984737467847372
65,105.67500000000194,10,9.977529739093526,9.984764779125495
65,105.72500000000194,10,9.977584072223404,9.984791953490594
65,105.77500000000195,10,9.977638201272669,9.984818992263172
65,105.82500000000195,10,9.977692126759617,9.98484589675869
65,105.87500000000196,10,9.977745849208493,9.98487266828752
65,105.92500000000196,10,9.97779936914942,9.984899308154892
65,105.97500000000197,10,9.977852687118311,9.98492581766083
65,106.02500000000197,10,9.977905803656787,9.984952198100096
65,106.07500000000198,10,9.97795871931209,9.984978450762142
65,106.12500000000198,10,9.978011434637011,9.985004576931058
65,106.17500000000199,10,9.978063950189801,9.985030577885517
65,106.22500000000198,10,9.978116266534089,9.985056454898725
65,106.275000000002,10,9.9781683842388,9.985082209238367
65,106.32500000000199,10,9.978220303878082,9.985107842166569
65,106.37500000000199,10,9.978272026031213,9.985133354939835
65,106.425000000002,10,9.978323551282529,9.985158748809006
65,106.475000000002,10,9.97837488022134,9.985184025019219
65,106.52500000000201,10,9.97842601344185,9.985209184809856
65,106.575000000002,10,9.978476951543076,9.985234229414493
65,106.62500000000202,10,9.97852769512877,9.985259160060867
65,106.67500000000202,10,9.978578244807343,9.98528397797083
65,106.72500000000203,10,9.978628601191776,9.985308684360303
65,106.77500000000202,10,9.978678764899554,9.985333280439235
65,106.82500000000203,10,9.97872873655257,9.985357767411566
65,106.87500000000203,10,9.97877851677707,9.985382146475184
65,106.92500000000204,10,9.978828106203549,9.985406418821889
65,106.97500000000204,10,9.978877505466697,9.985430585637355
65,107.02500000000205,10,9.978926715205306,9.985454648101088
65,107.07500000000205,10,9.978975736062196,9.985478607386392
65,107.12500000000205,10,9.979024568684146,9.985502464660337
65,107.17500000000206,10,9.979073213721808,9.985526221083719
65,107.22500000000205,10,9.979121671829628,9.985549877811032
65,107.27500000000207,10,9.979169943665788,9.985573435990432
65,107.32500000000206,10,9.97921802989211,9.9855968967637
65,107.37500000000207,10,9.979265931173995,9.98562026126622
65,107.42500000000207,10,9.97931364818034,9.985643530626936
65,107.47500000000208,10,9.979361181583469,9.985666705968338
65,107.52500000000208,10,9.979408532059047,9.985689788406424
65,107.57500000000209,10,9.979455700286028,9.985712779050663
65,107.62500000000209,10,9.979502686946558,9.985735679003984
65,107.6750000000021,10,9.97954949272592,9.985758489362738
65,107.7250000000021,10,9.979596118312447,9.98578121121668
65,107.7750000000021,10,9.979642564397462,9.98580384564894
65,107.8250000000021,10,9.979688831675196,9.98582639373599
65,107.8750000000021,10,9.979734920842722,9.985848856547637
65,107.92500000000211,10,9.979780832599879,9.985871235146984
65,107.97500000000211,10,9.979826567649207,9.985893530590428
65,108.02500000000212,10,9.979872126695872,9.985915743927617
65,108.07500000000212,10,9.979917510447596,9.985937876201435
65,108.12500000000213,10,9.979962719614587,9.985959928447992
65,108.17500000000213,10,9.980007754909474,9.985981901696595
65,108.22500000000214,10,9.980052617047232,9.986003796969738
65,108.27500000000214,10,9.980097306745115,9.98602561528307
65,108.32500000000215,10,9.980141824722589,9.986047357645392
65,108.37500000000215,10,9.98018617170126,9.986069025058637
65,108.42500000000216,10,9.980230348404815,9.986090618517855
65,108.47500000000215,10,9.980274355558942,9.986112139011192
65,108.52500000000215,10,9.98031819389128,9.98613358751988
65,108.57500000000216,10,9.980361864131334,9.986154965018226
65,108.62500000000216,10,9.98040536701042,9.986176272473593
65,108.67500000000217,10,9.9804487032616,9.986197510846392
65,108.72500000000217,10,9.980491873619611,9.986218681090072
65,108.77500000000218,10,9.980534878820809,9.986239784151108
65,108.82500000000218,10,9.98057771960309,9.986260820968987
65,108.87500000000219,10,9.98062039670584,9.986281792476202
65,108.92500000000219,10,9.980662910869867,9.986302699598246
65,108.9750000000022,10,9.980705262837336,9.986323543253599
65,109.0250000000022,10,9.980747453351706,9.986344324353718
65,109.0750000000022,10,9.980789483157668,9.986365043803039
65,109.1250000000022,10,9.98083135300109,9.986385702498966
65,109.1750000000022,10,9.980873063628945,9.986406301331863
65,109.22500000000221,10,9.98091461578925,9.986426841185052
65,109.27500000000221,10,9.980956010231017,9.986447322934811
65,109.32500000000222,10,9.980997247704186,9.986467747450366
65,109.37500000000222,10,9.981038328959558,9.986488115593886
65,109.42500000000223,10,9.98107925474875,9.986508428220489
65,109.47500000000223,10,9.981120025824119,9.986528686178232
65,109.52500000000224,10,9.981160642938724,9.986548890308113
65,109.57500000000223,10,9.981201106846246,9.986569041444067
65,109.62500000000225,10,9.98124141830095,9.986589140412976
65,109.67500000000224,10,9.981281578057613,9.986609188034656
65,109.72500000000225,10,9.981321586871479,9.986629185121865
65,109.77500000000225,10,9.981361445498186,9.986649132480306
65,109.82500000000226,10,9.98140115469373,9.986669030908626
65,109.87500000000226,10,9.9814407152144,9.986688881198424
65,109.92500000000226,10,9.981480127816722,9.986708684134243
65,109.97500000000227,10,9.981519393257399,9.986728440493584
65,110.02500000000227,10,9.981558512293276,9.986748151046912
65,110.07500000000228,10,9.981597485681261,9.98676781655765
65,110.12500000000227,10,9.981636314178294,9.986787437782194
65,110.17500000000229,10,9.981674998541278,9.986807015469916
65,110.22500000000228,10,9.98171353952704,9.986826550363165
65,110.2750000000023,10,9.981751937892268,9.986846043197287
65,110.32500000000229,10,9.98179019439346,9.986865494700623
65,110.3750000000023,10,9.981828309786886,9.986884905594518
65,110.4250000000023,10,9.981866284828518,9.986904276593332
65,110.47500000000231,10,9.981904120273999,9.986923608404446
65,110.52500000000231,10,9.981941816878578,9.986942901728273
65,110.5750000000023,10,9.981979375397069,9.98696215725827
65,110.62500000000232,10,9.982016796583801,9.986981375680948
65,110.67500000000231,10,9.982054081192569,9.98700055767588
65,110.72500000000232,10,9.982091229976579,9.987019703915717
65,110.77500000000232,10,9.982128243688418,9.987038815066196
65,110.82500000000233,10,9.98216512307999,9.987057891786154
65,110.87500000000233,10,9.982201868902475,9.987076934727542
65,110.92500000000234,10,9.982238481906284,9.987095944535433
65,110.97500000000234,10,9.982274962841014,9.987114921848045
65,111.02500000000235,10,9.982311312455403,9.987133867296752
65,111.07500000000235,10,9.98234753149728,9.987152781506092
65,111.12500000000236,10,9.982383620713529,9.987171665093786
65,111.17500000000236,10,9.982419580850031,9.98719051867076
65,111.22500000000237,10,9.98245541265164,9.987209342841155
65,111.27500000000236,10,9.982491116862132,9.987228138202344
65,111.32500000000236,10,9.982526694224143,9.987246905344946
65,111.37500000000237,10,9.982562145479166,9.987265644852847
65,111.42500000000237,10,9.982597471367471,9.98728435730322
65,111.47500000000238,10,9.98263267262809,9.987303043266541
65,111.52500000000238,10,9.982667749998761,9.9873217033066
65,111.57500000000239,10,9.9827027042159,9.987340337980529
65,111.62500000000239,10,9.982737536014543,9.987358947838818
65,111.6750000000024,10,9.98277224612833,9.987377533425336
65,111.7250000000024,10,9.982806835289447,9.987396095277353
65,111.77500000000241,10,9.982841304228593,9.98741463392555
65,111.8250000000024,10,9.98287565367495,9.987433149894049
65,111.87500000000242,10,9.98290988435613,9.987451643700433
65,111.92500000000241,10,9.982943996998156,9.98747011585577
65,111.97500000000241,10,9.982977992325404,9.987488566864625
65,112.02500000000242,10,9.983011871060588,9.987506997225093
65,112.07500000000242,10,9.983045633924709,9.987525407428812
65,112.12500000000243,10,9.983079281637027,9.987543797960992
65,112.17500000000243,10,9.983112814915021,9.987562169300437
65,112.22500000000244,10,9.983146234474358,9.987580521919567
65,112.27500000000244,10,9.98317954102886,9.987598856284439
65,112.32500000000245,10,9.98321273529047,9.987617172854783
65,112.37500000000244,10,9.983245817969207,9.987635472084014
65,112.42500000000246,10,9.98327878977315,9.987653754419258
65,112.47500000000245,10,9.983311651408403,9.98767202030138
65,112.52500000000246,10,9.983344403579048,9.987690270165015
65,112.57500000000246,10,9.983377046987137,9.987708504438581
65,112.62500000000247,10,9.98340958233263,9.987726723544313
65,112.67500000000247,10,9.9834420103134,9.987744927898285
65,112.72500000000247,10,9.983474331625175,9.987763117910443
65,112.77500000000248,10,9.983506546961522,9.987781293984629
65,112.82500000000248,10,9.983538657013806,9.987799456518598
65,112.87500000000249,10,9.98357066247118,9.987817605904059
65,112.92500000000248,10,9.98360256402054,9.9878357425267
65,112.9750000000025,10,9.983634362346494,9.987853866766207
65,113.02500000000249,10,9.983666058131355,9.987871978996301
65,113.0750000000025,10,9.983697652055094,9.987890079584764
65,113.1250000000025,10,9.98372914479532,9.987908168893462
65,113.17500000000251,10,9.983760537027251,9.987926247278383
65,113.22500000000251,10,9.983791829423696,9.987944315089656
65,113.27500000000252,10,9.983823022655018,9.98796237267159
65,113.32500000000252,10,9.98385411738912,9.987980420362693
65,113.37500000000252,10,9.983885114291407,9.987998458495715
65,113.42500000000253,10,9.983916014024778,9.988016487397669
65,113.47500000000252,10,9.983946817249583,9.988034507389857
65,113.52500000000254,10,9.983977524623617,9.988052518787907
65,113.57500000000253,10,9.984008136802087,9.9880705219018
65,113.62500000000254,10,9.984038654437587,9.988088517035909
65,113.67500000000254,10,9.984069078180086,9.988106504489012
65,113.72500000000255,10,9.9840994086769,9.988124484554342
65,113.77500000000255,10,9.984129646572665,9.988142457519608
65,113.82500000000256,10,9.984159792509322,9.988160423667033
65,113.87500000000256,10,9.9841898471261,9.988178383273379
65,113.92500000000257,10,9.984219811059488,9.988196336609978
65,113.97500000000257,10,9.984249684943212,9.988214283942769
65,114.02500000000258,10,9.984279469408232,9.988232225532329
65,114.07500000000258,10,9.984309165082706,9.988250161633902
65,114.12500000000257,10,9.984338772591974,9.988268092497433
65,114.17500000000258,10,9.984368292558546,9.988286018367603
65,114.22500000000258,10,9.984397725602083,9.988303939483858
65,114.27500000000259,10,9.98442707233937,9.988321856080448
65,114.32500000000259,10,9.984456333384308,9.988339768386451
65,114.3750000000026,10,9.9844855093479,9.988357676625807
65,114.4250000000026,10,9.984514600838217,9.98837558101736
65,114.47500000000261,10,9.984543608460406,9.988393481774887
65,114.5250000000026,10,9.984572532816653,9.988411379107127
65,114.57500000000262,10,9.984601374506177,9.988429273217822
65,114.62500000000261,10,9.984630134125219,9.988447164305738
65,114.67500000000263,10,9.984658812267016,9.988465052564717
65,114.72500000000262,10,9.984687409521799,9.988482938183703
65,114.77500000000262,10,9.984715926476765,9.988500821346763
65,114.82500000000263,10,9.98474436371608,9.98851870223314
65,114.87500000000263,10,9.984772721820853,9.98853658101728
65,114.92500000000264,10,9.984801001369124,9.988554457868865
65,114.97500000000264,10,9.984829202935858,9.988572332952847
65,115.02500000000265,10,9.98485732709293,9.988590206429487
65,115.07500000000265,10,9.984885374409107,9.988608078454384
65,115.12500000000266,10,9.984913345450048,9.988625949178509
65,115.17500000000265,10,9.98494124077828,9.988643818748251
65,115.22500000000267,10,9.9849690609532,9.98866168730544
65,115.27500000000266,10,9.984996806531056,9.988679554987376
65,115.32500000000267,10,9.985024478064938,9.988697421926886
65,115.37500000000267,10,9.985052076104768,9.988715288252347
65,115.42500000000268,10,9.985079601197292,9.988733154087711
65,115.47500000000268,10,9.985107053886075,9.988751019552556
65,115.52500000000268,10,9.985134434711483,9.98876888476211
65,115.57500000000269,10,9.98516174421068,9.988786749827293
65,115.62500000000269,10,9.985188982917618,9.988804614854754
65,115.6750000000027,10,9.985216151363035,9.988822479946895
65,115.7250000000027,10,9.985243250074435,9.98884034520192
65,115.7750000000027,10,9.985270279576095,9.98885821071386
65,115.8250000000027,10,9.985297240389052,9.988876076572609
65,115.87500000000271,10,9.985324133031089,9.988893942863967
65,115.92500000000271,10,9.985350958016742,9.988911809669672
65,115.97500000000272,10,9.985377715857283,9.988929677067432
65,116.02500000000272,10,9.985404407060726,9.988947545130964
65,116.07500000000273,10,9.985431032131808,9.988965413930027
65,116.12500000000273,10,9.985457591571997,9.988983283530459
65,116.17500000000273,10,9.985484085879472,9.989001153994215
65,116.22500000000274,10,9.985510515549139,9.989019025379397
65,116.27500000000273,10,9.985536881072605,9.989036897740293
65,116.32500000000275,10,9.985563182938199,9.989054771127408
65,116.37500000000274,10,9.985589421630934,9.989072645587507
65,116.42500000000275,10,9.985615597632542,9.98909052116365
65,116.47500000000275,10,9.985641711421446,9.989108397895215
65,116.52500000000276,10,9.985667763472765,9.98912627581795
65,116.57500000000276,10,9.985693754258307,9.989144154964002
65,116.62500000000277,10,9.98571968424658,9.989162035361943
65,116.67500000000277,10,9.985745553902774,9.989179917036822
65,116.72500000000278,10,9.98577136368877,9.989197800010187
65,116.77500000000278,10,9.985797114063132,9.989215684300127
65,116.82500000000279,10,9.985822805481117,9.989233569921307
65,116.87500000000279,10,9.985848438394656,9.989251456885
65,116.92500000000278,10,9.985874013252376,9.989269345199128
65,116.9750000000028,10,9.985899530499575,9.989287234868288
65,117.02500000000279,10,9.98592499057825,9.989305125893797
65,117.0750000000028,10,9.985950393927071,9.989323018273723
65,117.1250000000028,10,9.9859757409814,9.989340912002916
65,117.17500000000281,10,9.98600103217328,9.98935880707305
65,117.22500000000281,10,9.986026267931448,9.98937670347265
65,117.27500000000282,10,9.986051448681323,9.989394601187142
65,117.32500000000282,10,9.98607657484502,9.98941250019887
65,117.37500000000283,10,9.986101646841343,9.989430400487139
65,117.42500000000283,10,9.986126665085786,9.989448302028247
65,117.47500000000284,10,9.986151629990554,9.98946620479553
65,117.52500000000283,10,9.986176541964534,9.98948410875938
65,117.57500000000283,10,9.986201401413329,9.989502013887288
65,117.62500000000284,10,9.986226208739238,9.989519920143886
65,117.67500000000284,10,9.986250964341274,9.98953782749097
65,117.72500000000285,10,9.986275668615162,9.989555735887539
65,117.77500000000285,10,9.986300321953344,9.989573645289825
65,117.82500000000286,10,9.986324924744974,9.989591555651335
65,117.87500000000286,10,9.98634947737594,9.98960946692288
65,117.92500000000287,10,9.986373980228858,9.989627379052605
65,117.97500000000286,10,9.986398433683073,9.98964529198603
65,118.02500000000288,10,9.986422838114668,9.989663205666087
65,118.07500000000287,10,9.986447193896476,9.989681120033145
65,118.12500000000288,10,9.986471501398075,9.989699035025046
65,118.17500000000288,10,9.986495760985791,9.989716950577138
65,118.2250000000029,10,9.986519973022725,9.989734866622312
65,118.27500000000289,10,9.986544137868732,9.989752783091033
65,118.32500000000289,10,9.986568255880444,9.989770699911375
65,118.3750000000029,10,9.986592327411273,9.98978861700905
65,118.4250000000029,10,9.986616352811414,9.989806534307448
65,118.47500000000291,10,9.986640332427854,9.98982445172766
65,118.5250000000029,10,9.98666426660438,9.989842369188525
65,118.57500000000292,10,9.986688155681586,9.989860286606648
65,118.62500000000291,10,9.986711999996881,9.98987820389644
65,118.67500000000292,10,9.986735799884492,9.989896120970151
65,118.72500000000292,10,9.98675955567548,9.989914037737899
65,118.77500000000293,10,9.986783267697733,9.989931954107705
65,118.82500000000293,10,9.986806936275993,9.989949869985526
65,118.87500000000294,10,9.986830561731857,9.989967785275285
65,118.92500000000294,10,9.986854144383775,9.989985699878904
65,118.97500000000294,10,9.986877684547073,9.990003613696336
65,119.02500000000295,10,9.986901182533957,9.990021526625592
65,119.07500000000294,10,9.98692463865352,9.990039438562775
65,119.12500000000296,10,9.986948053211746,9.99005734940212
65,119.17500000000295,10,9.986971426511541,9.990075259036015
65,119.22500000000295,10,9.986994758852711,9.990093167355038
65,119.27500000000295,10,9.987018050531997,9.990111074247983
65,119.32500000000296,10,9.987041301843071,9.990128979601888
65,119.37500000000296,10,9.987064513076556,9.990146883302081
65,119.42500000000297,10,9.987087684520027,9.990164785232194
65,119.47500000000296,10,9.987110816458026,9.9901826852742
65,119.52500000000298,10,9.98713390917207,9.990200583308452
65,119.57500000000297,10,9.987156962940661,9.990218479213695
65,119.62500000000298,10,9.987179978039308,9.99023637286711
65,119.67500000000298,10,9.987202954740514,9.99025426414434
65,119.72500000000299,10,9.987225893313818,9.990272152919522
65,119.77500000000299,10,9.98724879402578,9.99029003906531
65,119.82500000000299,10,9.987271657139996,9.990307922452912
65,119.875000000003,10,9.98729448291713,9.990325802952112
65,119.925000000003,10,9.987317271614906,9.990343680431309
65,119.975000000003,10,9.987340023488116,9.990361554757536
65,119.99999999999999,10,9.987351385686555,9.990370490700606
127,0,0,0,0
127,0.000125,0,0,0
127,0.000375,0,0,0
127,0.000875,0,0,0
127,0.001875,0,0,0
127,0.0038749999999999995,0,0,0
127,0.007874999999999998,0,0,0
127,0.015874999999999997,0,0,0
127,0.031874999999999994,0,0,0
127,0.063875,0,0,0
127,0.113875,0,0,0
127,0.16387500000000002,0,0,0
127,0.21387500000000004,0,0,0
127,0.263875,0,0,0
127,0.313875,0,0,0
127,0.363875,0,0,0
127,0.413875,0,0,0
127,0.463875,0,0,0
127,0.513875,0,0,0
127,0.563875,0,0,0
127,0.6138750000000001,0,0,0
127,0.663875,0,0,0
127,0.713875,0,0,0
127,0.7638750000000001,0,0,0
127,0.8138750000000001,0,0,0
127,0.8638750000000002,0,0,0
127,0.9138750000000002,0,0,0
127,0.9638750000000003,0,0,0
127,1.0138750000000003,0,0,0
127,1.0638750000000003,0,0,0
127,1.1138750000000004,0,0,0
127,1.1638750000000004,0,0,0
127,1.2138750000000005,0,0,0
127,1.2638750000000005,0,0,0
127,1.3138750000000006,0,0,0
127,1.3638750000000006,0,0,0
127,1.4138750000000007,0,0,0
127,1.4638750000000007,0,0,0
127,1.5138750000000005,0,0,0
127,1.5638750000000006,0,0,0
127,1.6138750000000006,0,0,0
127,1.6638750000000007,0,0,0
127,1.7138750000000007,0,0,0
127,1.7638750000000007,0,0,0
127,1.8138750000000008,0,0,0
127,1.8638750000000008,0,0,0
127,1.9138750000000009,0,0,0
127,1.963875000000001,0,0,0
127,2.013875000000001,0,0,0
127,2.063875000000001,0,0,0
127,2.113875000000001,0,0,0
127,2.163875000000001,0,0,0
127,2.213875000000001,0,0,0
127,2.263875000000001,0,0,0
127,2.3138750000000012,0,0,0
127,2.363875000000001,0,0,0
127,2.4138750000000013,0,0,0
127,2.463875000000001,0,0,0
127,2.5138750000000014,0,0,0
127,2.5638750000000012,0,0,0
127,2.6138750000000015,0,0,0
127,2.6638750000000013,0,0,0
127,2.7138750000000016,0,0,0
127,2.7638750000000014,0,0,0
127,2.8138750000000017,0,0,0
127,2.8638750000000015,0,0,0
127,2.9138750000000018,0,0,0
127,2.9638750000000016,0,0,0
127,3.013875000000002,0,0,0
127,3.0638750000000017,0,0,0
127,3.1138750000000015,0,0,0
127,3.1638750000000018,0,0,0
127,3.2138750000000016,0,0,0
127,3.263875000000002,0,0,0
127,3.3138750000000017,0,0,0
127,3.363875000000002,0,0,0
127,3.4138750000000018,0,0,0
127,3.463875000000002,0,0,0
127,3.513875000000002,0,0,0
127,3.563875000000002,0,0,0
127,3.613875000000002,0,0,0
127,3.663875000000002,0,0,0
127,3.713875000000002,0,0,0
127,3.7638750000000023,0,0,0
127,3.8138750000000017,0,0,0
127,3.8638750000000015,0,0,0
127,3.913875000000001,0,0,0
127,3.9638750000000007,0,0,0
127,4.0138750000000005,0,0,0
127,4.0638749999999995,0,0,0
127,4.113874999999999,0,0,0
127,4.163874999999999,0,0,0
127,4.213874999999999,0,0,0
127,4.263874999999999,0,0,0
127,4.313874999999998,0,0,0
127,4.3638749999999975,0,0,0
127,4.413874999999997,0,0,0
127,4.463874999999997,0,0,0
127,4.513874999999996,0,0,0
127,4.563874999999996,0,0,0
127,4.613874999999996,0,0,0
127,4.6638749999999956,0,0,0
127,4.713874999999995,0,0,0
127,4.763874999999994,0,0,0
127,4.813874999999994,0,0,0
127,4.863874999999994,0,0,0
127,4.913874999999994,0,0,0
127,4.963874999999993,0,0,0
127,5,0,0,0
127,5.005,0.04999999999999879,0.04994944002634446,0.000000039018131701119304
127,5.015,0.14999999999999636,0.1497473025419728,0.00000027303821781923635
127,5.035,0.3499999999999998,0.34873815067647335,0.000002610224704502173
127,5.075,0.7499999999999984,0.7443126105436875,0.00002405113294900812
127,5.125,1.2499999999999947,1.2342992808558513,0.00010650867241377369
127,5.174999999999999,1.7499999999999907,1.7193524795880857,0.00028512779403952926
127,5.224999999999999,2.249999999999987,2.199523051555373,0.0005976474953253168
127,5.274999999999999,2.749999999999983,2.6748617073747427,0.0010813687407715883
127,5.324999999999998,3.249999999999979,3.145419020413846,0.0017731561651970287
127,5.374999999999997,3.7499999999999756,3.6112454237875165,0.002709439796675036
127,5.424999999999997,4.249999999999972,4.072391207402019,0.003926216798705823
127,5.474999999999997,4.749999999999968,4.5289065150467245,0.0054590532312428506
127,5.524999999999997,5.249999999999964,4.980841341532886,0.007343085830195039
127,5.574999999999996,5.74999999999996,5.428245529879261,0.00961302380502892
127,5.624999999999996,6.2499999999999565,5.871168768544253,0.01230315065409768
127,5.674999999999995,6.749999999999953,6.309660588704314,0.01544732599732671
127,5.724999999999995,7.2499999999999485,6.743770361578295,0.019078987425888146
127,5.774999999999995,7.749999999999945,7.173547295797457,0.023231152368499472
127,5.824999999999994,8.249999999999941,7.599040434820839,0.027936419973984144
127,5.874999999999994,8.749999999999938,8.020298654395713,0.033226973009734866
127,5.924999999999994,9.249999999999932,8.437370660062788,0.03913457977572287
127,5.974999999999993,9.749999999999929,8.850304984705936,0.045690596033699474
127,6,9.999999999999998,9.055234129714979,0.04922048981737328
127,6.005,10,9.0461279846342,0.049950585715278814
127,6.015,10,9.027935601308226,0.05142463894067718
127,6.035,10,8.99167020197381,0.05445570967632042
127,6.075,10,8.919616130362492,0.06084766886090674
127,6.124999999999999,10,8.83044043526607,0.06945068640921721
127,6.174999999999999,10,8.742252887542456,0.07872728639972455
127,6.224999999999999,10,8.655050276742184,0.08866905235958276
127,6.274999999999999,10,8.568829340172709,0.09926760518559945
127,6.3249999999999975,10,8.483586763802563,0.11051460346678658
127,6.374999999999997,10,8.39931918315959,0.12240174379975197
127,6.424999999999997,10,8.316023184223289,0.13492076109698603
127,6.474999999999997,10,8.233695304311226,0.14806342888809895
127,6.524999999999997,10,8.152332032959542,0.1618215596140631
127,6.574999999999996,10,8.07192981279749,0.17618700491451536
127,6.624999999999996,10,7.9924850404160495,0.1911516559081744
127,6.674999999999995,10,7.913994067230567,0.20670744346642786
127,6.724999999999995,10,7.836453200337437,0.22284633848014387
127,6.774999999999994,10,7.759858703364807,0.2395603521197621
127,6.824999999999994,10,7.6842067973173,0.2568415360887185
127,6.874999999999994,10,7.6094936614147475,0.27468198287025963
127,6.924999999999994,10,7.5357154339249295,0.2930738259677
127,6.9749999999999925,10,7.462868212990317,0.31200924013817743
127,7.024999999999992,10,7.3909480574488065,0.3314804416199615
127,7.074999999999992,10,7.319950987648443,0.3514796883533688
127,7.124999999999992,10,7.249872986256144,0.37199928019534073
127,7.174999999999992,10,7.180709999060387,0.3930315591277367
127,7.224999999999991,10,7.112457935767896,0.414568909459398
127,7.274999999999991,10,7.0451126707943095,0.43660375802203694
127,7.32499999999999,10,6.978670044048807,0.4591285743600042
127,7.37499999999999,10,6.913125861712747,0.4821358709139899
127,7.424999999999989,10,6.84847589701224,0.5056182031987118
127,7.474999999999989,10,6.7847158909847485,0.5295681699746441
127,7.52499999999999,10,6.721841553239629,0.5539784134138417
127,7.57499999999999,10,6.659848562712665,0.5788416192599132
127,7.62499999999999,10,6.598732568414597,0.6041505169821962
127,7.674999999999991,10,6.538489190173619,0.6298978799241888
127,7.724999999999992,10,6.479114019371875,0.6560765254462894
127,7.7749999999999915,10,6.420602619675931,0.6826793150629018
127,7.824999999999992,10,6.3629505277612735,0.709699154573954
127,7.874999999999993,10,6.306153254030779,0.7371289941908874
127,7.924999999999994,10,6.250206283327201,0.7649618286571676
127,7.974999999999993,10,6.195105075639665,0.7931906973633706
127,8.024999999999993,10,6.140845066804182,0.8218086844568976
127,8.074999999999994,10,6.087421669198187,0.8508089189463692
127,8.124999999999995,10,6.034830272429104,0.8801845748007529
127,8.174999999999995,10,5.983066244016944,0.9099288710432755
127,8.224999999999996,10,5.932124930070966,0.9400350718401752
127,8.274999999999997,10,5.882001655960366,0.9704964865843412
127,8.324999999999998,10,5.832691726979044,1.001306469973895
127,8.374999999999996,10,5.784190429004448,1.0324584220857662
127,8.424999999999997,10,5.736493029150477,1.0639457884443133
127,8.474999999999998,10,5.689594776414501,1.0957620600850395
127,8.524999999999999,10,5.643490902318452,1.1279007736134592
127,8.575,10,5.598176621544063,1.1603555112591606
127,8.625,10,5.553647132562193,1.1931199009251194
127,8.675,10,5.50989761825632,1.2261876162323153
127,8.725,10,5.466923246540152,1.2595523765596963
127,8.775,10,5.424719170969421,1.2932079470795483
127,8.825000000000001,10,5.383280531347827,1.3271481387883162
127,8.875000000000002,10,5.3426024543271895,1.361366808532927
127,8.925000000000002,10,5.3026800540017796,1.3958578590326658
127,8.975000000000003,10,5.263508432496873,1.4306152388966542
127,9.025000000000004,10,5.225082680551525,1.465632942636981
127,9.075000000000003,10,5.187397878095595,1.500905010677534
127,9.125000000000004,10,5.1504490948210195,1.5364255293585807
127,9.175000000000004,10,5.114231390747355,1.5721886309371529
127,9.225000000000005,10,5.078739816781616,1.608188493583277
127,9.275000000000006,10,5.043969415272416,1.6444193413721004
127,9.325000000000006,10,5.009915220558417,1.6808754442719651
127,9.375000000000005,10,4.976572259511123,1.7175511181284764
127,9.425000000000006,10,4.94393555207203,1.7544407246446125
127,9.475000000000007,10,4.91200011178414,1.7915386713569244
127,9.525000000000007,10,4.880760946317863,1.8288394116078712
127,9.575000000000008,10,4.8502130579913265,1.8663374445143437
127,9.625000000000009,10,4.820351444285115,1.9040273149324185
127,9.67500000000001,10,4.791171098351435,1.9419036134183925
127,9.725000000000009,10,4.762667009517761,1.979960976186143
127,9.77500000000001,10,4.734834163784948,2.018194085060859
127,9.82500000000001,10,4.707667544319845,2.0565976674291937
127,9.87500000000001,10,4.681162131942435,2.095166496185884
127,9.925000000000011,10,4.655312905607504,2.1338953896768764
127,9.975000000000012,10,4.630114842880877,2.1727792116390137
127,10.025000000000013,10,4.605562920410227,2.211812871136324
127,10.075000000000012,10,4.581652114390491,2.250991322492958
127,10.125000000000012,10,4.558377401023894,2.2903095652228163
127,10.175000000000013,10,4.53573375697463,2.3297626439559176
127,10.225000000000014,10,4.513716159818193,2.3693456483615494
127,10.275000000000015,10,4.4923195884854055,2.4090537130682437
127,10.325000000000015,10,4.471539023701142,2.448882017580624
127,10.375000000000016,10,4.451369448417784,2.4888257861931686
127,10.425000000000015,10,4.43180584824343,2.528880287900932
127,10.475000000000016,10,4.412843211864876,2.5690408363072677
127,10.525000000000016,10,4.394476531465389,2.609302789528597
127,10.575000000000017,10,4.376700803137305,2.649661550096267
127,10.625000000000018,10,4.359511027289465,2.690112564855538
127,10.675000000000018,10,4.342902209049516,2.7306513248617463
127,10.725000000000017,10,4.326869358661097,2.7712733652736805
127,10.775000000000018,10,4.311407491875949,2.8119742652442175
127,10.825000000000019,10,4.296511630340947,2.8527496478082583
127,10.87500000000002,10,4.282176801980104,2.8935951797680057
127,10.92500000000002,10,4.268398041371552,2.9345065715756222
127,10.975000000000021,10,4.255170390119525,2.9754795772133127
127,11.025000000000022,10,4.2424888972213965,3.0165099940708733
127,11.07500000000002,10,4.2303486194297495,3.057593662820743
127,11.125000000000021,10,4.218744621609553,3.0987264672906014
127,11.175000000000022,10,4.207671977090423,3.1399043343335524
127,11.225000000000023,10,4.1971257680140335,3.181123233695931
127,11.275000000000023,10,4.187101085676679,3.22237917788278
127,11.325000000000024,10,4.177593030867023,3.2636682220210265
127,11.375000000000025,10,4.168596714199046,3.3049864637203994
127,11.425000000000024,10,4.160107256440249,3.3463300429321383
127,11.475000000000025,10,4.152119788835094,3.387695141805513
127,11.525000000000025,10,4.144629453423745,3.4290779845422055
127,11.575000000000026,10,4.137631403356118,3.4704748372485925
127,11.625000000000027,10,4.131120803201277,3.511882007785959
127,11.675000000000027,10,4.12509282925218,3.5532958456186843
127,11.725000000000028,10,4.1195426698258375,3.594712741660441
127,11.775000000000027,10,4.114465525558861,3.6361291281184362
127,11.825000000000028,10,4.109856609698489,3.677541478335739
127,11.875000000000028,10,4.1057111483890605,3.71894630663173
127,11.92500000000003,10,4.102024380953996,3.7603401681407016
127,11.97500000000003,10,4.098791560173305,3.8017196586486555
127,12.02500000000003,10,4.096007952556649,3.8430814144283296
127,12.07500000000003,10,4.0936688386119675,3.884422112072485
127,12.12500000000003,10,4.091769513109739,3.92573846832549
127,12.175000000000031,10,4.090305285342847,3.967027239913246
127,12.225000000000032,10,4.089271479382129,4.008285223371477
127,12.275000000000032,10,4.088663434327597,4.049509254872418
127,12.325000000000033,10,4.0884765045553975,4.090696210049951
127,12.375000000000034,10,4.088706059960494,4.131843003823207
127,12.425000000000033,10,4.089347486195126,4.172946590218669
127,12.475000000000033,10,4.090396184903081,4.214003962190825
127,12.525000000000034,10,4.091847573949775,4.255012151441379
127,12.575000000000035,10,4.093697087648195,4.295968228237084
127,12.625000000000036,10,4.095940176980729,4.336869301226191
127,12.675000000000036,10,4.098572309816913,4.377712517253584
127,12.725000000000037,10,4.101588971127086,4.418495061174615
127,12.775000000000036,10,4.104985663192052,4.459214155667665
127,12.825000000000037,10,4.108757905808708,4.499867061045482
127,12.875000000000037,10,4.112901236491706,4.540451075065309
127,12.925000000000038,10,4.117411210671164,4.5809635327378375
127,12.975000000000039,10,4.12228340188646,4.621401806135026
127,13.02500000000004,10,4.1275134019761195,4.66176330419681
127,13.07500000000004,10,4.133096821263867,4.702045472536725
127,13.125000000000039,10,4.139029288740798,4.742245793246482
127,13.17500000000004,10,4.145306452243789,4.782361784699527
127,13.22500000000004,10,4.151923978630085,4.822391001353609
127,13.275000000000041,10,4.158877553948177,4.8623310335523815
127,13.325000000000042,10,4.166162883604917,4.9021795073260765
127,13.375000000000043,10,4.17377569252897,4.9419340841912796
127,13.425000000000043,10,4.1817117253305724,4.981592460949824
127,13.475000000000042,10,4.189966746457672,5.021152369486841
127,13.525000000000043,10,4.198536540348439,5.060611576567991
127,13.575000000000044,10,4.207416911580219,5.099967883635909
127,13.625000000000044,10,4.216603685014911,5.1392191266058775
127,13.675000000000045,10,4.226092705940825,5.178363175660779
127,13.725000000000046,10,4.235879840211048,5.21739793504533
127,13.775000000000045,10,4.245960974378334,5.256321342859634
127,13.825000000000045,10,4.256332015826557,5.295131370852082
127,13.875000000000046,10,4.2669888928987545,5.333826024211625
127,13.925000000000047,10,4.277927555021771,5.3724033413594405
127,13.975000000000048,10,4.289143972827567,5.410861393740029
127,14.025000000000048,10,4.300634138271184,5.449198285611753
127,14.075000000000049,10,4.312394064745415,5.487412153836855
127,14.125000000000048,10,4.3244197871921966,5.525501167670973
127,14.175000000000049,10,4.336707362210769,5.563463528552176
127,14.22500000000005,10,4.349252868162608,5.601297469889556
127,14.27500000000005,10,4.362052405273179,5.639001256851392
127,14.32500000000005,10,4.3751020957305204,5.6765731861529005
127,14.375000000000052,10,4.3883980837807,5.714011585843624
127,14.425000000000052,10,4.401936535820168,5.7513148150944495
127,14.475000000000051,10,4.415713640485032,5.788481263984308
127,14.525000000000052,10,4.429725608737282,5.825509353286552
127,14.575000000000053,10,4.443968673947999,5.862397534255052
127,14.625000000000053,10,4.4584390919775565,5.899144288410037
127,14.675000000000054,10,4.473133141252872,5.935748127323688
127,14.725000000000055,10,4.488047122841723,5.97220759240551
127,14.775000000000055,10,4.503177360524123,6.008521254687509
127,14.825000000000054,10,4.518520200860849,6.044687714609201
127,14.875000000000055,10,4.534072013259093,6.080705601802453
127,14.925000000000056,10,4.549829190035289,6.116573574876209
127,14.975000000000056,10,4.565788146475136,6.152290321201087
127,15.025000000000057,10,4.581945320890861,6.1878545566939005
127,15.075000000000058,10,4.598297174675712,6.2232650256021
127,15.125000000000057,10,4.614840192355744,6.258520500288166
127,15.175000000000058,10,4.631570881638919,6.293619781013981
127,15.225000000000058,10,4.648485773461524,6.328561695725173
127,15.275000000000059,10,4.665581422031951,6.363345099835487
127,15.32500000000006,10,4.68285440487189,6.39796887601118
127,15.37500000000006,10,4.700301322854892,6.432431933955453
127,15.425000000000061,10,4.717918800242417,6.466733210192965
127,15.47500000000006,10,4.73570348471732,6.500871667854428
127,15.52500000000006,10,4.7536520474148425,6.534846296461304
127,15.575000000000061,10,4.77176118295112,6.568656111710622
127,15.625000000000062,10,4.790027609449241,6.602300155259932
127,15.675000000000063,10,4.808448068562873,6.635777494512436
127,15.725000000000064,10,4.827019325497496,6.669087222402279
127,15.775000000000064,10,4.84573816902924,6.702228457180025
127,15.825000000000063,10,4.864601411521408,6.735200342198365
127,15.875000000000064,10,4.883605888938635,6.768002045698033
127,15.925000000000065,10,4.90274846085879,6.80063276059398
127,15.975000000000065,10,4.922026010482568,6.833091704261795
127,16.025000000000066,10,4.941435444640867,6.865378118324413
127,16.075000000000067,10,4.960973693799921,6.897491268439112
127,16.125000000000068,10,4.980637712064256,6.929430444084813
127,16.175000000000068,10,5.000424477177464,6.96119495834971
127,16.22500000000007,10,5.020330990520829,6.992784147719235
127,16.27500000000007,10,5.040354277109851,7.024197371864388
127,16.325000000000067,10,5.0604913855886515,7.055434013430423
127,16.375000000000068,10,5.080739388222332,7.086493477825922
127,16.425000000000068,10,5.101095380887269,7.117375193012271
127,16.47500000000007,10,5.121556483059398,7.148078609293549
127,16.52500000000007,10,5.142119837800496,7.17860319910684
127,16.57500000000007,10,5.1627826117425055,7.2089484568129905
127,16.62500000000007,10,5.183541995069891,7.239113898487821
127,16.67500000000007,10,5.204395201500089,7.26909906171381
127,16.725000000000072,10,5.225339468262056,7.298903505372246
127,16.775000000000073,10,5.246372056072926,7.328526809435891
127,16.825000000000074,10,5.267490249112856,7.357968574762143
127,16.875000000000075,10,5.2886913549979955,7.387228422886725
127,16.925000000000075,10,5.309972704751689,7.416305995817898
127,16.975000000000072,10,5.331331652773884,7.445200955831229
127,17.025000000000073,10,5.352765576808787,7.473912985264915
127,17.075000000000074,10,5.374271877910783,7.502441786315676
127,17.125000000000075,10,5.395847980408652,7.530787080835223
127,17.175000000000075,10,5.4174913318680895,7.5589486101273335
127,17.225000000000076,10,5.43919940305258,7.586926134745517
127,17.275000000000077,10,5.460969687882601,7.6147194342913025
127,17.325000000000077,10,5.4827997033932485,7.642328307213165
127,17.375000000000078,10,5.504686989690232,7.669752570606069
127,17.42500000000008,10,5.52662910990432,7.696992060011664
127,17.47500000000008,10,5.548623650144223,7.724046629219158
127,17.52500000000008,10,5.570668219447952,7.7509161500668435
127,17.57500000000008,10,5.592760449732679,7.7776005122443
127,17.62500000000008,10,5.614897995743102,7.804099623095299
127,17.67500000000008,10,5.637078534998353,7.830413407421399
127,17.72500000000008,10,5.6592997677374735,7.856541807286255
127,17.77500000000008,10,5.681559416863456,7.882484781820641
127,17.82500000000008,10,5.70385522788591,7.908242307028204
127,17.87500000000008,10,5.726184968862332,7.933814375591952
127,17.925000000000082,10,5.7485464303380365,7.95920099668148
127,17.975000000000083,10,5.770937425284749,7.984402195760963
127,18.025000000000084,10,5.793355789037881,8.009418014397916
127,18.075000000000085,10,5.815799379232532,8.034248510072706
127,18.125000000000085,10,5.838266075738202,8.058893755988855
127,18.175000000000086,10,5.860753780592272,8.083353840884126
127,18.225000000000087,10,5.883260417932231,8.107628868842408
127,18.275000000000087,10,5.9057839339267355,8.131718959106408
127,18.325000000000088,10,5.92832229670544,8.15562424589114
127,18.375000000000085,10,5.95087349628768,8.179344878198243
127,18.425000000000086,10,5.973435544510008,8.202881019631125
127,18.475000000000087,10,5.996006474952593,8.226232848210925
127,18.525000000000087,10,6.018584342864525,8.249400556193336
127,18.575000000000088,10,6.041167225088015,8.272384349886257
127,18.62500000000009,10,6.063753219981537,8.295184449468303
127,18.67500000000009,10,6.086340447341923,8.317801088808174
127,18.72500000000009,10,6.108927048325417,8.34023451528489
127,18.77500000000009,10,6.131511185367725,8.362484989608895
127,18.82500000000009,10,6.1540910421030715,8.384552785644045
127,18.875000000000092,10,6.176664823282287,8.406438190230471
127,18.925000000000093,10,6.199230754689935,8.428141503008337
127,18.975000000000094,10,6.2217870830605,8.449663036242482
127,19.02500000000009,10,6.244332075993668,8.471003114647981
127,19.07500000000009,10,6.266864021868708,8.492162075216603
127,19.125000000000092,10,6.289381229757957,8.51314026704416
127,19.175000000000093,10,6.311882029339464,8.5339380511588
127,19.225000000000094,10,6.334364770808768,8.554555800350219
127,19.275000000000095,10,6.356827824789865,8.57499389899977
127,19.325000000000095,10,6.37926958224536,8.595252742911534
127,19.375000000000096,10,6.401688454385826,8.615332739144291
127,19.425000000000097,10,6.424082872578382,8.635234305844465
127,19.475000000000097,10,6.446451288254535,8.654957872079994
127,19.525000000000098,10,6.468792172817256,8.674503877675143
127,19.5750000000001,10,6.49110401754735,8.693872773046277
127,19.6250000000001,10,6.513385333509112,8.713065019038574
127,19.6750000000001,10,6.535634651455303,8.732081086763712
127,19.725000000000097,10,6.5578505217314325,8.75092145743851
127,19.775000000000098,10,6.580031514179417,8.769586622224534
127,19.8250000000001,10,6.602176218040568,8.788077082068668
127,19.8750000000001,10,6.624283241857961,8.80639334754466
127,19.9250000000001,10,6.646351213378225,8.82453593869564
127,19.9750000000001,10,6.6683787794527,8.842505384877619
127,20.0250000000001,10,6.690364605938053,8.860302224603966
127,20.075000000000102,10,6.712307377596302,8.877927005390863
127,20.125000000000103,10,6.7342057979943215,8.895380283603732
127,20.175000000000104,10,6.756058589402811,8.912662624304692
127,20.225000000000104,10,6.777864492694741,8.92977460110097
127,20.275000000000105,10,6.799622267243308,8.9467167959943
127,20.325000000000106,10,6.821330690819404,8.963489799231342
127,20.375000000000103,10,6.842988559488618,8.980094209155073
127,20.425000000000104,10,6.8645946875077835,8.99653063205719
127,20.475000000000104,10,6.886147907221078,9.012799682031506
127,20.525000000000105,10,6.907647068955715,9.02890198082835
127,20.575000000000106,10,6.929091040917206,9.044838157709965
127,20.625000000000107,10,6.950478709084239,9.060608849306908
127,20.675000000000107,10,6.97180897710317,9.076214699475466
127,20.725000000000108,10,6.993080766182144,9.091656359156072
127,20.77500000000011,10,7.014293014984869,9.106934486232726
127,20.82500000000011,10,7.035444679524035,9.12204974539342
127,20.87500000000011,10,7.056534733054429,9.137002807991584
127,20.92500000000011,10,7.077562165965706,9.151794351908535
127,20.97500000000011,10,7.098525985674891,9.166425061416936
127,21.025000000000112,10,7.119425216518563,9.180895627045267
127,21.07500000000011,10,7.140258899644793,9.19520674544331
127,21.12500000000011,10,7.161026092904802,9.209359119248637
127,21.17500000000011,10,7.181725870744379,9.223353456954124
127,21.22500000000011,10,7.202357324095054,9.237190472776469
127,21.275000000000112,10,7.2229195602650655,9.250870886525723
127,21.325000000000113,10,7.2434117028301035,9.264395423475833
127,21.375000000000114,10,7.263832891523848,9.277764814236198
127,21.425000000000114,10,7.2841822821283415,9.290979794624244
127,21.475000000000115,10,7.304459046364176,9.304041105538992
127,21.525000000000116,10,7.32466237178051,9.316949492835665
127,21.575000000000117,10,7.3447914616449514,9.32970570720128
127,21.625000000000117,10,7.364845534833289,9.342310504031262
127,21.675000000000118,10,7.384823825719103,9.354764643307078
127,21.725000000000115,10,7.4047255840632635,9.36706888947486
127,21.775000000000116,10,7.424550074903314,9.379224011325048
127,21.825000000000117,10,7.444296578442768,9.391230781873041
127,21.875000000000117,10,7.463964389940324,9.40308997824085
127,21.925000000000118,10,7.483552819599011,9.414802381539758
127,21.97500000000012,10,7.503061192455269,9.42636877675399
127,22.02500000000012,10,7.522488848267983,9.437789952625376
127,22.07500000000012,10,7.541835141407475,9.449066701539028
127,22.12500000000012,10,7.561099440744476,9.460199819410004
127,22.17500000000012,10,7.58028112953907,9.471190105570988
127,22.225000000000122,10,7.599379605329632,9.482038362660948
127,22.275000000000123,10,7.618394279821776,9.492745396514804
127,22.325000000000124,10,7.637324578777304,9.50331201605409
127,22.375000000000124,10,7.656169941903188,9.513739033178606
127,22.42500000000012,10,7.674929822740572,9.524027262659056
127,22.475000000000122,10,7.693603688553832,9.534177522030676
127,22.525000000000123,10,7.712191020219669,9.544190631487872
127,22.575000000000124,10,7.730691312116277,9.554067413779812
127,22.625000000000124,10,7.749104072012566,9.563808694107006
127,22.675000000000125,10,7.767428820957485,9.573415300018894
127,22.725000000000126,10,7.7856650931694125,9.58288806131238
127,22.775000000000126,10,7.803812435925656,9.592227809931364
127,22.825000000000127,10,7.821870409452049,9.60143537986724
127,22.875000000000128,10,7.839838586812675,9.610511607060365
127,22.92500000000013,10,7.857716553799706,9.619457329302508
127,22.97500000000013,10,7.875503908823366,9.628273386140249
127,23.02500000000013,10,7.893200262802053,9.63696061877936
127,23.075000000000127,10,7.9108052390525945,9.64551986999014
127,23.125000000000128,10,7.928318473180665,9.653951984013704
127,23.17500000000013,10,7.945739612971368,9.662257806469237
127,23.22500000000013,10,7.963068318279991,9.670438184262206
127,23.27500000000013,10,7.980304260922937,9.67849396549351
127,23.32500000000013,10,7.997447124568853,9.686425999369586
127,23.37500000000013,10,8.014496604629947,9.69423513611346
127,23.425000000000132,10,8.031452408153509,9.701922226876748
127,23.475000000000133,10,8.048314253713649,9.70948812365257
127,23.525000000000134,10,8.065081871303239,9.716933679189431
127,23.575000000000134,10,8.081755002226105,9.724259746906029
127,23.625000000000135,10,8.098333398989421,9.731467180806975
127,23.675000000000136,10,8.114816825196373,9.738556835399457
127,23.725000000000136,10,8.13120505543904,9.745529565610822
127,23.775000000000134,10,8.147497875191558,9.752386226707072
127,23.825000000000134,10,8.163695080703516,9.75912767421229
127,23.875000000000135,10,8.179796478893637,9.765754763828975
127,23.925000000000136,10,8.195801887243734,9.772268351359276
127,23.975000000000136,10,8.211711133692921,9.77866929262715
127,24.025000000000137,10,8.22752405653214,9.78495844340141
127,24.075000000000138,10,8.243240504298965,9.791136659319678
127,24.12500000000014,10,8.2588603356727,9.79720479581323
127,24.17500000000014,10,8.274383419369798,9.803163708032738
127,24.22500000000014,10,8.289809634039559,9.8090142507749
127,24.27500000000014,10,8.305138868160187,9.814757278409957
127,24.32500000000014,10,8.320371019935129,9.820393644810075
127,24.375000000000142,10,8.335505997189763,9.825924203278623
127,24.42500000000014,10,8.35054371726841,9.831349806480324
127,24.47500000000014,10,8.36548410693169,9.836671306372267
127,24.52500000000014,10,8.380327102254219,9.841889554135781
127,24.57500000000014,10,8.395072648522648,9.84700540010918
127,24.625000000000142,10,8.409720700134065,9.852019693721369
127,24.675000000000143,10,8.424271220494752,9.856933283426288
127,24.725000000000144,10,8.438724181919307,9.86174701663823
127,24.775000000000144,10,8.453079565530137,9.866461739667974
127,24.825000000000145,10,8.467337361157313,9.871078297659787
127,24.875000000000146,10,8.481497567238817,9.875597534529252
127,24.925000000000146,10,8.495560190721164,9.880020292901923
127,24.975000000000147,10,8.509525246960415,9.884347414052824
127,25.025000000000148,10,8.523392759623581,9.888579737846761
127,25.07500000000015,10,8.53716276059042,9.892718102679465
127,25.125000000000146,10,8.550835289855634,9.89676334541954
127,25.175000000000146,10,8.564410395431482,9.900716301351231
127,25.225000000000147,10,8.577888133250783,9.904577804118002
127,25.275000000000148,10,8.591268567070342,9.908348685666914
127,25.32500000000015,10,8.604551768374801,9.912029776193794
127,25.37500000000015,10,8.617737816280888,9.915621904089218
127,25.42500000000015,10,8.630826797442108,9.919125895885276
127,25.47500000000015,10,8.643818805953863,9.922542576203112
127,25.52500000000015,10,8.65671394325899,9.925872767701259
127,25.575000000000152,10,8.669512318053737,9.92911729102476
127,25.625000000000153,10,8.682214046194192,9.93227696475503
127,25.675000000000153,10,8.694819250603135,9.935352605360519
127,25.725000000000154,10,8.707328061177343,9.938345027148134
127,25.77500000000015,10,8.719740614695345,9.9412550422154
127,25.825000000000152,10,8.732057054725626,9.944083460403386
127,25.875000000000153,10,8.744277531535284,9.946831089250406
127,25.925000000000153,10,8.756402201999142,9.94949873394643
127,25.975000000000154,10,8.768431229509329,9.952087197288247
127,26.025000000000155,10,8.780364783885314,9.954597279635381
127,26.075000000000156,10,8.792203041284415,9.957029778866723
127,26.125000000000156,10,8.803946184112759,9.95938549033789
127,26.175000000000157,10,8.815594400936744,9.961665206839319
127,26.225000000000158,10,8.827147886394936,9.963869718555062
127,26.27500000000016,10,8.838606841110474,9.965999813022318
127,26.32500000000016,10,8.849971471603933,9.968056275091657
127,26.37500000000016,10,8.86124199020668,9.970039886887946
127,26.42500000000016,10,8.872418614974707,9.971951427771984
127,26.475000000000158,10,8.883501569602943,9.97379167430283
127,26.52500000000016,10,8.894491083340068,9.975561400200826
127,26.57500000000016,10,8.905387390903797,9.97726137631129
127,26.62500000000016,10,8.916190732396684,9.978892370568905
127,26.67500000000016,10,8.926901353222378,9.980455147962779
127,26.72500000000016,10,8.93751950400241,9.981950470502177
127,26.775000000000162,10,8.948045440493459,9.983379097182919
127,26.825000000000163,10,8.958479423505114,9.984741783954442
127,26.875000000000163,10,8.968821718818154,9.98603928368752
127,26.925000000000164,10,8.979072597103302,9.987272346142621
127,26.975000000000165,10,8.989232333840507,9.988441717938947
127,27.025000000000166,10,8.999301209238718,9.989548142524086
127,27.075000000000166,10,9.009279508156153,9.990592360144303
127,27.125000000000163,10,9.01916752002111,9.991575107815486
127,27.175000000000164,10,9.028965538753242,9.992497119294702
127,27.225000000000165,10,9.038673862685375,9.99335912505239
127,27.275000000000166,10,9.048292794485821,9.994161852245162
127,27.325000000000166,10,9.057822641081202,9.994906024689225
127,27.375000000000167,10,9.0672637135798,9.995592362834408
127,27.425000000000168,10,9.076616327195401,9.996221583738802
127,27.47500000000017,10,9.085880801171667,9.996794401043996
127,27.52500000000017,10,9.095057458707025,9.997311524950911
127,27.57500000000017,10,9.104146626880059,9.997773662196218
127,27.62500000000017,10,9.113148636575431,9.998181516029351
127,27.67500000000017,10,9.122063822410317,9.998535786190091
127,27.725000000000172,10,9.130892522661352,9.998837168886734
127,27.775000000000173,10,9.139635079192105,9.999086356774841
127,27.82500000000017,10,9.148291837381082,9.999284038936532
127,27.87500000000017,10,9.15686314605021,9.999430900860348
127,27.92500000000017,10,9.165349357393884,9.999527624421695
127,27.975000000000172,10,9.17375082690852,9.999574887863815
127,28.025000000000173,10,9.182067913322612,9.99957336577931
127,28.075000000000173,10,9.19030097852734,9.999523729092216
127,28.125000000000174,10,9.198450387507666,9.999426645040609
127,28.175000000000175,10,9.206516508273987,9.999282777159754
127,28.225000000000176,10,9.214499711794275,9.999092785265779
127,28.275000000000176,10,9.222400371926762,9.998857325439868
127,28.325000000000177,10,9.23021886535314,9.998577050012976
127,28.375000000000178,10,9.237955571512275,9.99825260755107
127,28.42500000000018,10,9.245610872534458,9.997884642840873
127,28.475000000000176,10,9.25318515317616,9.997473796876113
127,28.525000000000176,10,9.26067880075532,9.997020706844273
127,28.575000000000177,10,9.268092205087145,9.996526006113841
127,28.625000000000178,10,9.275425758420445,9.995990324222047
127,28.67500000000018,10,9.282679855374466,9.995414286863094
127,28.72500000000018,10,9.289854892876269,9.994798515876871
127,28.77500000000018,10,9.296951270098605,9.994143629238147
127,28.82500000000018,10,9.303969388398324,9.993450241046224
127,28.87500000000018,10,9.310909651255296,9.992718961515072
127,28.925000000000182,10,9.317772464211854,9.991950396963931
127,28.975000000000183,10,9.32455823481275,9.991145149808366
127,29.025000000000183,10,9.331267372545632,9.99030381855178
127,29.075000000000184,10,9.337900288782038,9.989426997777379
127,29.125000000000185,10,9.344457396718894,9.988515278140577
127,29.175000000000182,10,9.350939111320553,9.987569246361849
127,29.225000000000183,10,9.357345849261309,9.986589485220026
127,29.275000000000183,10,9.363678028868467,9.985576573546016
127,29.325000000000184,10,9.369936070065895,9.984531086216949
127,29.375000000000185,10,9.376120394318097,9.983453594150758
127,29.425000000000185,10,9.382231424574806,9.982344664301174
127,29.475000000000186,10,9.388269585216063,9.981204859653129
127,29.525000000000187,10,9.39423530199784,9.980034739218583
127,29.575000000000188,10,9.40012900199813,9.978834858032746
127,29.62500000000019,10,9.405951113563583,9.977605767150711
127,29.67500000000019,10,9.411702066256614,9.976348013644483
127,29.72500000000019,10,9.417382290803044,9.975062140600388
127,29.77500000000019,10,9.422992219040221,9.973748687116888
127,29.825000000000188,10,9.42853228386566,9.972408188302776
127,29.875000000000185,10,9.434002919186176,9.971041175275746
127,29.925000000000182,10,9.439404559867514,9.969648175161343
127,29.97500000000018,10,9.44473764168449,9.968229711092283
127,30.025000000000176,10,9.450002601271613,9.966786302208144
127,30.075000000000173,10,9.455199876074218,9.96531846365541
127,30.12500000000017,10,9.46032990430008,9.963826706587893
127,30.175000000000168,10,9.465393124871532,9.962311538167485
127,30.225000000000165,10,9.470389977378074,9.960773461565282
127,30.275000000000162,10,9.475320902029459,9.959212975963046
127,30.32500000000016,10,9.480186339609283,9.957630576555008
127,30.375000000000156,10,9.484986731429059,9.95602675455
127,30.425000000000153,10,9.489722519282775,9.954401997173951
127,30.47500000000015,10,9.494394145401932,9.952756787672676
127,30.525000000000148,10,9.499002052411067,9.95109160531501
127,30.575000000000145,10,9.503546683283764,9.949406925396268
127,30.625000000000142,10,9.508028481299142,9.947703219242012
127,30.67500000000014,10,9.51244788999881,9.945980954212136
127,30.725000000000136,10,9.516805353144308,9.944240593705253
127,30.775000000000134,10,9.521101314675025,9.942482597163403
127,30.82500000000013,10,9.525336218666585,9.940707420077057
127,30.875000000000128,10,9.529510509289695,9.938915513990404
127,30.925000000000125,10,9.533624630769483,9.937107326506942
127,30.975000000000122,10,9.537679027345288,9.935283301295373
127,31.02500000000012,10,9.541674143230914,9.933443878095765
127,31.075000000000117,10,9.545610422575367,9.931589492726
127,31.125000000000114,10,9.549488309424019,9.929720577088494
127,31.17500000000011,10,9.55330824768028,9.92783755917722
127,31.225000000000108,10,9.557070681067673,9.92594086308496
127,31.275000000000105,10,9.560776053092416,9.924030909010852
127,31.325000000000102,10,9.564424807006427,9.922108113268193
127,31.3750000000001,10,9.568017385770787,9.920172888292491
127,31.425000000000097,10,9.571554232019661,9.918225642649798
127,31.475000000000094,10,9.57503578802467,9.91626678104526
127,31.52500000000009,10,9.578462495659686,9.914296704331944
127,31.575000000000088,10,9.5818347963661,9.912315809519896
127,31.625000000000085,10,9.585153131118522,9.91032448978544
127,31.675000000000082,10,9.588417940390915,9.908323134480712
127,31.72500000000008,10,9.591629664123168,9.906312129143439
127,31.775000000000077,10,9.594788741688115,9.904291855506932
127,31.825000000000074,10,9.597895611858982,9.90226269151032
127,31.87500000000007,10,9.60095071277727,9.900225011308992
127,31.925000000000068,10,9.603954481921047,9.898179185285265
127,31.975000000000065,10,9.606907356073709,9.896125580059277
127,32.02500000000006,10,9.609809771293122,9.894064558500073
127,32.07500000000006,10,9.61266216288122,9.891996479736918
127,32.12500000000006,10,9.615464965354008,9.889921699170797
127,32.175000000000054,10,9.618218612411981,9.887840568486135
127,32.22500000000005,10,9.620923536910983,9.885753435662703
127,32.27500000000005,10,9.623580170833444,9.883660644987724
127,32.325000000000045,10,9.626188945260068,9.881562537068167
127,32.37500000000004,10,9.628750290341898,9.879459448843226
127,32.42500000000004,10,9.631264635272816,9.87735171359701
127,32.47500000000004,10,9.633732408262425,9.875239660971372
127,32.525000000000034,10,9.636154036509351,9.873123616978948
127,32.57500000000003,10,9.638529946174945,9.871003904016357
127,32.62500000000003,10,9.640860562357368,9.868880840877583
127,32.675000000000026,10,9.643146309066093,9.866754742767519
127,32.72500000000002,10,9.64538760919679,9.864625921315671
127,32.77500000000002,10,9.6475848845066,9.862494684590041
127,32.82500000000002,10,9.64973855558981,9.86036133711115
127,32.875000000000014,10,9.6518490418539,9.858226179866232
127,32.92500000000001,10,9.653916761495994,9.856089510323574
127,32.97500000000001,10,9.655942131479673,9.853951622447001
127,33.025000000000006,10,9.657925567512184,9.851812806710518
127,33.075,10,9.659867484022014,9.849673350113099
127,33.125,10,9.661768294136849,9.847533536193597
127,33.175,10,9.663628409661909,9.84539364504581
127,33.224999999999994,10,9.665448241058638,9.843253953333681
127,33.27499999999999,10,9.667228197423771,9.841114734306613
127,33.32499999999999,10,9.668968686468784,9.838976257814934
127,33.374999999999986,10,9.670670114499666,9.836838790325478
127,33.42499999999998,10,9.672332886397095,9.834702594937289
127,33.47499999999998,10,9.673957405596951,9.83256793139745
127,33.52499999999998,10,9.675544074071185,9.83043505611702
127,33.574999999999974,10,9.677093292309042,9.828304222187091
127,33.62499999999997,10,9.678605459298655,9.826175679394971
127,33.67499999999997,10,9.680080972508955,9.824049674240456
127,33.724999999999966,10,9.681520227871948,9.821926449952207
127,33.77499999999996,10,9.68292361976534,9.819806246504248
127,33.82499999999996,10,9.684291540995487,9.81768930063256
127,33.87499999999996,10,9.685624382780698,9.815575845851765
127,33.924999999999955,10,9.686922534734872,9.813466112471907
127,33.97499999999995,10,9.68818638485146,9.811360327615338
127,34.02499999999995,10,9.689416319487776,9.809258715233678
127,34.074999999999946,10,9.690612723349613,9.807161496124882
127,34.12499999999994,10,9.691775979476223,9.805068887950373
127,34.17499999999994,10,9.692906469225573,9.802981105252261
127,34.22499999999994,10,9.69400457225997,9.80089835947066
127,34.274999999999935,10,9.69507066653198,9.798820858961072
127,34.32499999999993,10,9.69610512827066,9.796748809011833
127,34.37499999999993,10,9.697108331968124,9.794682411861642
127,34.424999999999926,10,9.698080650366407,9.792621866717178
127,34.47499999999992,10,9.699022454444647,9.79056736977076
127,34.52499999999992,10,9.699934113406561,9.788519114218074
127,34.57499999999992,10,9.700815994668247,9.786477290275993
127,34.624999999999915,10,9.701668463846271,9.784442085200414
127,34.67499999999991,10,9.702491884746063,9.782413683304181
127,34.72499999999991,10,9.703286619350601,9.780392265975069
127,34.774999999999906,10,9.704053027809406,9.778378011693801
127,34.8249999999999,10,9.704791468427814,9.776371096052136
127,34.8749999999999,10,9.70550229765655,9.774371691770993
127,34.9249999999999,10,9.706185870081578,9.77237996871863
127,34.974999999999895,10,9.706842538414252,9.770396093928865
127,35.02499999999989,10,9.707472653481734,9.76842023161934
127,35.07499999999989,10,9.708076564217702,9.766452543209832
127,35.124999999999886,10,9.708654617653341,9.764493187340596
127,35.17499999999988,10,9.709207158908589,9.762542319890743
127,35.22499999999988,10,9.709734531183681,9.760600093996656
127,35.27499999999988,10,9.710237075750952,9.758666660070439
127,35.324999999999875,10,9.710715131946904,9.7567421658184
127,35.37499999999987,10,9.711169037164549,9.75482675625955
127,35.42499999999987,10,9.711599126846012,9.752920573744142
127,35.474999999999866,10,9.712005734475392,9.751023757972227
127,35.524999999999864,10,9.712389191571884,9.749136446012242
127,35.57499999999986,10,9.712749827683158,9.7472587723196
127,35.62499999999986,10,9.713087970379,9.745390868755313
127,35.674999999999855,10,9.713403945245187,9.743532864604632
127,35.72499999999985,10,9.713698075877616,9.74168488659569
127,35.77499999999985,10,9.71397068387671,9.739847058918178
127,35.82499999999985,10,9.714222088842012,9.738019503242013
127,35.874999999999844,10,9.714452608367077,9.736202338736021
127,35.92499999999984,10,9.71466255803457,9.734395682086632
127,35.97499999999984,10,9.714852251411612,9.732599647516574
127,36.024999999999835,10,9.71502200004536,9.730814346803587
127,36.07499999999983,10,9.715172113458824,9.729039889299115
127,36.12499999999983,10,9.715302899146907,9.727276381947014
127,36.17499999999983,10,9.715414662572686,9.725523929302264
127,36.224999999999824,10,9.715507707163892,9.723782633549654
127,36.27499999999982,10,9.715582334309653,9.72205259452249
127,36.32499999999982,10,9.715638843357429,9.720333909721283
127,36.374999999999815,10,9.71567753161016,9.718626674332432
127,36.42499999999981,10,9.71569869432367,9.7169309812469
127,36.47499999999981,10,9.715702624704244,9.715246921078872
127,36.52499999999981,10,9.715689613906434,9.713574582184405
127,36.574999999999804,10,9.715659951031084,9.711914050680068
127,36.6249999999998,10,9.715613923123534,9.71026541046156
127,36.6749999999998,10,9.715551815172073,9.708628743222315
127,36.724999999999795,10,9.715473910106551,9.707004128472091
127,36.77499999999979,10,9.715380488797212,9.705391643555528
127,36.82499999999979,10,9.715271830053744,9.703791363670696
127,36.87499999999979,10,9.715148210624477,9.702203361887618
127,36.924999999999784,10,9.715009905195831,9.70062770916676
127,36.97499999999978,10,9.714857186391912,9.699064474377511
127,37.02499999999978,10,9.71469032477432,9.697513724316627
127,37.074999999999775,10,9.714509588842144,9.695975523726643
127,37.12499999999977,10,9.714315245032136,9.694449935314264
127,37.17499999999977,10,9.714107557719064,9.692937019768713
127,37.22499999999977,10,9.713886789216263,9.69143683578006
127,37.274999999999764,10,9.713653199776342,9.689949440057509
127,37.32499999999976,10,9.713407047592094,9.688474887347663
127,37.37499999999976,10,9.71314858879756,9.687013230452735
127,37.424999999999756,10,9.712878077469266,9.685564520248725
127,37.47499999999975,10,9.71259576562765,9.684128805703573
127,37.52499999999975,10,9.712301903238632,9.682706133895259
127,37.57499999999975,10,9.711996738215369,9.681296550029868
127,37.624999999999744,10,9.711680516420166,9.679900097459608
127,37.67499999999974,10,9.711353481666555,9.67851681770079
127,37.72499999999974,10,9.711015875721511,9.677146750451763
127,37.774999999999736,10,9.710667938307871,9.6757899336108
127,37.82499999999973,10,9.710309907106861,9.674446403293937
127,37.87499999999973,10,9.70994201776081,9.673116193852776
127,37.92499999999973,10,9.709564503875992,9.671799337892228
127,37.974999999999724,10,9.709177597025644,9.670495866288206
127,38.02499999999972,10,9.708781526753103,9.669205808205279
127,38.07499999999972,10,9.708376520575111,9.667929191114254
127,38.124999999999716,10,9.707962803985254,9.666666040809726
127,38.17499999999971,10,9.707540600457545,9.665416381427567
127,38.22499999999971,10,9.707110131450142,9.664180235462355
127,38.27499999999971,10,9.706671616409208,9.662957623784761
127,38.324999999999704,10,9.706225272772915,9.661748565658861
127,38.3749999999997,10,9.705771315975563,9.660553078759404
127,38.4249999999997,10,9.70530995945185,9.659371179189025
127,38.474999999999696,10,9.704841414641255,9.65820288149538
127,38.52499999999969,10,9.70436589099257,9.657048198688251
127,38.57499999999969,10,9.70388359596853,9.655907142256552
127,38.62499999999969,10,9.703394735050601,9.65477972218531
127,38.674999999999685,10,9.702899511743858,9.65366594697257
127,38.72499999999968,10,9.70239812758201,9.652565823646219
127,38.77499999999968,10,9.701890782132521,9.651479357780776
127,38.824999999999676,10,9.701377673001874,9.650406553514097
127,38.87499999999967,10,9.700858995840921,9.649347413564023
127,38.92499999999967,10,9.70033494435037,9.648301939244963
127,38.97499999999967,10,9.69980571028637,9.647270130484397
127,39.024999999999665,10,9.699271483466212,9.646251985839333
127,39.07499999999966,10,9.698732451774134,9.645247502512673
127,39.12499999999966,10,9.698188801167236,9.644256676369519
127,39.174999999999656,10,9.697640715681498,9.643279501953426
127,39.22499999999965,10,9.69708837743789,9.64231597250256
127,39.27499999999965,10,9.696531966648609,9.64136607996579
127,39.32499999999965,10,9.695971661623387,9.64042981501872
127,39.374999999999645,10,9.695407638775912,9.639507167079644
127,39.42499999999964,10,9.694840072630337,9.638598124325414
127,39.47499999999964,10,9.694269135827895,9.637702673707258
127,39.524999999999636,10,9.693694999133589,9.636820800966515
127,39.57499999999963,10,9.693117831442988,9.635952490650277
127,39.62499999999963,10,9.692537799789102,9.635097726126984
127,39.67499999999963,10,9.69195506934935,9.634256489601931
127,39.724999999999625,10,9.691369803452607,9.633428762132697
127,39.77499999999962,10,9.690782163586348,9.6326145236445
127,39.82499999999962,10,9.690192309403859,9.631813752945478
127,39.874999999999616,10,9.689600398731535,9.631026427741876
127,39.92499999999961,10,9.689006587576266,9.630252524653185
127,39.97499999999961,10,9.688411030132883,9.629492019227179
127,40.02499999999961,10,9.687813878791692,9.62874488595487
127,40.074999999999605,10,9.687215284146083,9.628011098285405
127,40.1249999999996,10,9.686615395000212,9.62729062864087
127,40.1749999999996,10,9.68601435837674,9.626583448431003
127,40.224999999999596,10,9.685412319524662,9.625889528067855
127,40.274999999999594,10,9.684809421927191,9.625208836980342
127,40.32499999999959,10,9.68420580730972,9.624541343628724
127,40.37499999999959,10,9.683601615647829,9.623887015519019
127,40.424999999999585,10,9.68299698517539,9.623245819217312
127,40.47499999999958,10,9.682392052392688,9.62261772036399
127,40.52499999999958,10,9.681786952074653,9.622002683687898
127,40.57499999999958,10,9.681181817279109,9.621400673020403
127,40.624999999999574,10,9.680576779355112,9.620811651309394
127,40.67499999999957,10,9.679971967951321,9.620235580633167
127,40.72499999999957,10,9.679367511024445,9.619672422214258
127,40.774999999999565,10,9.678763534847725,9.619122136433168
127,40.82499999999956,10,9.678160164019479,9.618584682842023
127,40.87499999999956,10,9.677557521471707,9.618060020178136
127,40.92499999999956,10,9.67695572847871,9.617548106377482
127,40.974999999999554,10,9.676354904665814,9.617048898588095
127,41.02499999999955,10,9.675755168018078,9.616562353183385
127,41.07499999999955,10,9.675156634889104,9.61608842577536
127,41.124999999999545,10,9.67455942000985,9.615627071227761
127,41.17499999999954,10,9.6739636364975,9.61517824366912
127,41.22499999999954,10,9.673369395864396,9.614741896505722
127,41.27499999999954,10,9.672776808026972,9.61431798243448
127,41.324999999999534,10,9.672185981314758,9.613906453455742
127,41.37499999999953,10,9.671597022479403,9.613507260885994
127,41.42499999999953,10,9.671010036703752,9.613120355370478
127,41.474999999999525,10,9.670425127610942,9.612745686895728
127,41.52499999999952,10,9.66984239727354,9.612383204802008
127,41.57499999999952,10,9.669261946222711,9.612032857795679
127,41.62499999999952,10,9.668683873457427,9.61169459396148
127,41.674999999999514,10,9.668108276453689,9.611368360774698
127,41.72499999999951,10,9.667535251173792,9.611054105113265
127,41.77499999999951,10,9.66696489207562,9.610751773269786
127,41.824999999999505,10,9.666397292121959,9.610461310963444
127,41.8749999999995,10,9.665832542789826,9.610182663351841
127,41.9249999999995,10,9.665270734079861,9.609915775042749
127,41.9749999999995,10,9.664711954525693,9.609660590105763
127,42.024999999999494,10,9.664156291203371,9.609417052083876
127,42.07499999999949,10,9.663603829740786,9.609185104004965
127,42.12499999999949,10,9.663054654327132,9.608964688393188
127,42.174999999999486,10,9.662508847722377,9.608755747280291
127,42.22499999999948,10,9.661966491266751,9.608558222216834
127,42.27499999999948,10,9.661427664890265,9.608372054283311
127,42.32499999999948,10,9.66089244712222,9.608197184101208
127,42.374999999999474,10,9.66036091510076,9.608033551843956
127,42.42499999999947,10,9.65983314458242,9.60788109724781
127,42.47499999999947,10,9.659309209951685,9.60773975962262
127,42.524999999999466,10,9.65878918423058,9.607609477862525
127,42.57499999999946,10,9.65827313908825,9.607490190456573
127,42.62499999999946,10,9.657761144850562,9.607381835499238
127,42.67499999999946,10,9.65725327050971,9.607284350700846
127,42.724999999999454,10,9.656749583733832,9.607197673397922
127,42.77499999999945,10,9.656250150876629,9.607121740563453
127,42.82499999999945,10,9.655755036986998,9.607056488817062
127,42.874999999999446,10,9.655264305818656,9.60700185443508
127,42.92499999999944,10,9.654778019839794,9.60695777336055
127,42.97499999999944,10,9.654296240242696,9.60692418121314
127,43.02499999999944,10,9.653819026953391,9.60690101329896
127,43.074999999999434,10,9.653346438641309,9.606888204620311
127,43.12499999999943,10,9.6528785327289,9.606885689885326
127,43.17499999999943,10,9.652415365401305,9.606893403517534
127,43.224999999999426,10,9.651956991615977,9.606911279665344
127,43.27499999999942,10,9.651503465112334,9.606939252211433
127,43.32499999999942,10,9.651054838421395,9.60697725478205
127,43.37499999999942,10,9.650611162875409,9.607025220756245
127,43.424999999999415,10,9.650172488617493,9.607083083274997
127,43.47499999999941,10,9.649738864611242,9.607150775250263
127,43.52499999999941,10,9.64931033865037,9.60722822937395
127,43.574999999999406,10,9.648886957368294,9.60731537812679
127,43.6249999999994,10,9.648468766247756,9.60741215378713
127,43.6749999999994,10,9.64805580963041,9.607518488439652
127,43.7249999999994,10,9.647648130726408,9.607634313983992
127,43.774999999999395,10,9.647245771623973,9.607759562143283
127,43.82499999999939,10,9.64684877329897,9.60789416447261
127,43.87499999999938,10,9.646457175624452,9.608038052367386
127,43.92499999999938,10,9.646071017380203,9.60819115707165
127,43.974999999999376,10,9.645690336262263,9.60835340968626
127,44.02499999999937,10,9.645315168892445,9.608524741177021
127,44.07499999999937,10,9.644945550827835,9.608705082382732
127,44.12499999999937,10,9.644581516570268,9.608894364023136
127,44.174999999999365,10,9.644223099575807,9.6090925167068
127,44.22499999999936,10,9.643870332264187,9.60929947093891
127,44.27499999999936,10,9.643523246028256,9.60951515712898
127,44.324999999999356,10,9.643181871243383,9.609739505598485
127,44.37499999999935,10,9.64284623727687,9.609972446588403
127,44.42499999999935,10,9.642516372497317,9.610213910266689
127,44.47499999999935,10,9.642192304283991,9.610463826735662
127,44.524999999999345,10,9.641874059036164,9.610722126039311
127,44.57499999999934,10,9.64156166218243,9.610988738170516
127,44.62499999999934,10,9.641255138190001,9.611263593078194
127,44.674999999999336,10,9.64095451057399,9.611546620674368
127,44.72499999999933,10,9.640659801906653,9.61183775084116
127,44.77499999999933,10,9.640371033826622,9.612136913437695
127,44.82499999999933,10,9.64008822704812,9.612444038306922
127,44.874999999999325,10,9.639811401370121,9.61275905528237
127,44.92499999999932,10,9.639540575685531,9.613081894194822
127,44.97499999999932,10,9.639275767990299,9.613412484878909
127,45.02499999999932,10,9.639016995392536,9.613750757179623
127,45.074999999999314,10,9.638764274121586,9.614096640958765
127,45.12499999999931,10,9.638517619537073,9.61445006610129
127,45.17499999999931,10,9.63827704613794,9.61481096252161
127,45.224999999999305,10,9.638042567571429,9.6151792601698
127,45.2749999999993,10,9.637814196642061,9.615554889037725
127,45.3249999999993,10,9.637591945320569,9.615937779165103
127,45.3749999999993,10,9.637375824752805,9.616327860645486
127,45.424999999999294,10,9.637165845268626,9.616725063632169
127,45.47499999999929,10,9.636962016390736,9.617129318344022
127,45.52499999999929,10,9.636764346843512,9.617540555071248
127,45.574999999999285,10,9.636572844561787,9.617958704181067
127,45.62499999999928,10,9.636387516699601,9.61838369612333
127,45.67499999999928,10,9.636208369638936,9.618815461436053
127,45.72499999999928,10,9.636035408998398,9.619253930750885
127,45.774999999999274,10,9.635868639641874,9.619699034798497
127,45.82499999999927,10,9.63570806568717,9.620150704413911
127,45.87499999999927,10,9.63555369051459,9.620608870541735
127,45.924999999999265,10,9.63540551677549,9.62107346424135
127,45.97499999999926,10,9.635263546400816,9.621544416692016
127,46.02499999999926,10,9.63512778060958,9.622021659197905
127,46.07499999999926,10,9.63499821991732,9.62250512319306
127,46.124999999999254,10,9.63487486414451,9.622994740246293
127,46.17499999999925,10,9.634757712424951,9.623490442066018
127,46.22499999999925,10,9.63464676321411,9.623992160504999
127,46.274999999999245,10,9.634542014297429,9.624499827565039
127,46.32499999999924,10,9.634443462798602,9.625013375401597
127,46.37499999999924,10,9.634351105187807,9.625532736328344
127,46.42499999999924,10,9.634264937289903,9.62605784282164
127,46.474999999999234,10,9.634184954292587,9.62658862752495
127,46.52499999999923,10,9.63411115075453,9.627125023253198
127,46.57499999999923,10,9.63404352061344,9.627666962997049
127,46.624999999999226,10,9.633982057194123,9.62821437992711
127,46.67499999999922,10,9.633926753216482,9.6287672073981
127,46.72499999999922,10,9.633877600803483,9.629325378952926
127,46.77499999999922,10,9.633834591489087,9.6298888283267
127,46.824999999999214,10,9.633797716226134,9.630457489450704
127,46.87499999999921,10,9.633766965394194,9.63103129645626
127,46.92499999999921,10,9.633742328807367,9.631610183678585
127,46.974999999999206,10,9.633723795722064,9.632194085660535
127,47.0249999999992,10,9.633711354844719,9.632782937156314
127,47.0749999999992,10,9.633704994339485,9.63337667313511
127,47.1249999999992,10,9.633704701835875,9.63397522878467
127,47.174999999999194,10,9.63371046443636,9.634578539514816
127,47.22499999999919,10,9.633722268723941,9.635186540960895
127,47.27499999999919,10,9.633740100769668,9.635799168987175
127,47.324999999999186,10,9.633763946140107,9.636416359690173
127,47.37499999999918,10,9.633793789904786,9.637038049401928
127,47.42499999999918,10,9.63382961664359,9.63766417469321
127,47.47499999999918,10,9.633871410454107,9.638294672376675
127,47.524999999999174,10,9.63391915495894,9.638929479509953
127,47.57499999999917,10,9.633972833312972,9.639568533398686
127,47.62499999999917,10,9.634032428210594,9.640211771599507
127,47.674999999999166,10,9.634097921892874,9.640859131922948
127,47.72499999999916,10,9.634169296154704,9.641510552436316
127,47.77499999999916,10,9.634246532351897,9.642165971466486
127,47.82499999999916,10,9.634329611408221,9.642825327602653
127,47.874999999999154,10,9.634418513822425,9.64348855969902
127,47.92499999999915,10,9.634513219675187,9.644155606877439
127,47.97499999999915,10,9.634613708636037,9.64482640852999
127,48.024999999999146,10,9.63471995997024,9.64550090432151
127,48.07499999999914,10,9.634831952545614,9.646179034192055
127,48.12499999999914,10,9.634949664839327,9.646860738359324
127,48.17499999999914,10,9.635073074944637,9.647545957321023
127,48.224999999999135,10,9.635202160577585,9.648234631857173
127,48.27499999999913,10,9.63533689908365,9.648926703032371
127,48.32499999999913,10,9.635477267444372,9.649622112197994
127,48.374999999999126,10,9.635623242283893,9.650320800994349
127,48.42499999999912,10,9.635774799875495,9.651022711352779
127,48.47499999999912,10,9.635931916148069,9.65172778549771
127,48.52499999999912,10,9.636094566692543,9.652435965948657
127,48.574999999999115,10,9.636262726768273,9.653147195522166
127,48.62499999999911,10,9.636436371309374,9.65386141733372
127,48.67499999999911,10,9.63661547493103,9.654578574799586
127,48.724999999999106,10,9.636800011935732,9.655298611638612
127,48.7749999999991,10,9.636989956319484,9.656021471873983
127,48.8249999999991,10,9.63718528177797,9.65674709983493
127,48.8749999999991,10,9.637385961712672,9.657475440158382
127,48.924999999999095,10,9.637591969236924,9.65820643779057
127,48.97499999999909,10,9.637803277181952,9.658940037988597
127,49.02499999999909,10,9.63801985810285,9.659676186321951
127,49.074999999999086,10,9.63824168428451,9.66041482867397
127,49.12499999999908,10,9.638468727747517,9.66115591124326
127,49.17499999999908,10,9.638700960253987,9.66189938054508
127,49.22499999999908,10,9.638938353313376,9.662645183412682
127,49.274999999999075,10,9.63918087818822,9.663393266998586
127,49.32499999999907,10,9.639428505899854,9.664143578775827
127,49.37499999999907,10,9.639681207234073,9.664896066539157
127,49.424999999999066,10,9.639938952746745,9.665650678406202
127,49.47499999999906,10,9.640201712769393,9.666407362818564
127,49.52499999999906,10,9.640469457414714,9.66716606854291
127,49.57499999999906,10,9.640742156582066,9.667926744671991
127,49.624999999999055,10,9.641019779962905,9.66868934062563
127,49.67499999999905,10,9.641302297046181,9.669453806151665
127,49.72499999999905,10,9.641589677123678,9.670220091326856
127,49.77499999999905,10,9.641881889295322,9.67098814655775
127,49.824999999999044,10,9.64217890247444,9.6717579225815
127,49.87499999999904,10,9.642480685392968,9.67252937046665
127,49.92499999999904,10,9.642787206606625,9.673302441613883
127,49.974999999999035,10,9.64309843450003,9.674077087756725
127,50.02499999999903,10,9.643414337291787,9.674853260962209
127,50.07499999999903,10,9.64373488303951,9.675630913631503
127,50.12499999999903,10,9.644060039644826,9.676409998500501
127,50.174999999999024,10,9.644389774858306,9.677190468640381
127,50.22499999999902,10,9.644724056284375,9.677972277458116
127,50.27499999999902,10,9.645062851386163,9.67875537869695
127,50.324999999999015,10,9.645406127490324,9.679539726436849
127,50.37499999999901,10,9.645753851791792,9.680325275094905
127,50.42499999999901,10,9.646105991358514,9.681111979425706
127,50.47499999999901,10,9.64646251313613,9.681899794521668
127,50.524999999999004,10,9.6468233839526,9.68268867581334
127,50.574999999999,10,9.647188570522808,9.683478579069677
127,50.624999999999,10,9.6475580394531,9.684269460398266
127,50.674999999998995,10,9.647931757245793,9.685061276245527
127,50.72499999999899,10,9.648309690303638,9.685853983396878
127,50.77499999999899,10,9.648691804934227,9.68664753897687
127,50.82499999999899,10,9.649078067354386,9.687441900449286
127,50.874999999998984,10,9.649468443694488,9.688237025617214
127,50.92499999999898,10,9.649862900002754,9.68903287262307
127,50.97499999999898,10,9.650261402249487,9.68982939994862
127,51.024999999998975,10,9.650663916331283,9.690626566414947
127,51.07499999999897,10,9.651070408075185,9.69142433118239
127,51.12499999999897,10,9.651480843242803,9.692222653750461
127,51.17499999999897,10,9.651895187534388,9.693021493957737
127,51.224999999998964,10,9.65231340659286,9.693820811981697
127,51.27499999999896,10,9.652735466007805,9.69462056833855
127,51.32499999999896,10,9.653161331319414,9.69542072388304
127,51.374999999998956,10,9.653590968022398,9.696221239808205
127,51.42499999999895,10,9.654024341569842,9.697022077645117
127,51.47499999999895,10,9.654461417377036,9.697823199262597
127,51.52499999999895,10,9.654902160825248,9.698624566866894
127,51.574999999998944,10,9.655346537265473,9.699426143001332
127,51.62499999999894,10,9.655794512022117,9.700227890545955
127,51.67499999999894,10,9.656246050396668,9.701029772717122
127,51.724999999998936,10,9.6567011176713,9.701831753067088
127,51.77499999999893,10,9.657159679112462,9.702633795483553
127,51.82499999999893,10,9.657621699974396,9.703435864189181
127,51.87499999999893,10,9.65808714550264,9.704237923741106
127,51.924999999998924,10,9.658555980937486,9.705039939030412
127,51.97499999999892,10,9.659028171517383,9.70584187528158
127,52.02499999999892,10,9.659503682482315,9.706643698051913
127,52.074999999998916,10,9.659982479077138,9.70744537323094
127,52.12499999999891,10,9.660464526554868,9.708246867039803
127,52.17499999999891,10,9.660949790179941,9.709048146030607
127,52.22499999999891,10,9.66143823523142,9.709849177085756
127,52.274999999998904,10,9.66192982700618,9.710649927417263
127,52.3249999999989,10,9.662424530822035,9.711450364566046
127,52.3749999999989,10,9.662922312020848,9.712250456401192
127,52.424999999998896,10,9.663423135971577,9.7130501711192
127,52.47499999999889,10,9.663926968073305,9.71384947724321
127,52.52499999999889,10,9.664433773758214,9.714648343622208
127,52.57499999999889,10,9.664943518494546,9.715446739430211
127,52.624999999998884,10,9.665456167789483,9.716244634165431
127,52.67499999999888,10,9.665971687192037,9.717041997649417
127,52.72499999999888,10,9.666490042295878,9.717838800026176
127,52.774999999998876,10,9.667011198742113,9.718635011761283
127,52.82499999999887,10,9.667535122222061,9.719430603640967
127,52.87499999999887,10,9.668061778479958,9.72022554677118
127,52.92499999999887,10,9.668591133315646,9.721019812576644
127,52.974999999998865,10,9.669123152587217,9.721813372799877
127,53.02499999999886,10,9.669657802213623,9.722606199500218
127,53.07499999999886,10,9.670195048177245,9.723398265052811
127,53.124999999998856,10,9.670734856526435,9.72418954214759
127,53.17499999999885,10,9.671277193378016,9.724980003788243
127,53.22499999999885,10,9.671822024919736,9.725769623291152
127,53.27499999999885,10,9.67236931741272,9.726558374284325
127,53.324999999998845,10,9.67291903719384,9.727346230706306
127,53.37499999999884,10,9.673471150678086,9.728133166805078
127,53.42499999999884,10,9.674025624360894,9.728919157136943
127,53.474999999998836,10,9.674582424820429,9.729704176565383
127,53.52499999999883,10,9.675141518719833,9.730488200259918
127,53.57499999999883,10,9.675702872809463,9.73127120369494
127,53.62499999999883,10,9.676266453929061,9.732053162648532
127,53.674999999998825,10,9.67683222900992,9.732834053201293
127,53.72499999999882,10,9.677400165076982,9.733613851735122
127,53.77499999999882,10,9.67797022925095,9.73439253493199
127,53.824999999998816,10,9.678542388750323,9.73517007977272
127,53.87499999999881,10,9.67911661089341,9.735946463535743
127,53.92499999999881,10,9.679692863100332,9.736721663795839
127,53.97499999999881,10,9.680271112894962,9.737495658422867
127,54.024999999998805,10,9.680851327906849,9.73826842558048
127,54.0749999999988,10,9.681433475873112,9.73903994372483
127,54.1249999999988,10,9.682017524640283,9.73981019160327
127,54.174999999998796,10,9.682603442166146,9.740579148253037
127,54.22499999999879,10,9.683191196521516,9.74134679299991
127,54.27499999999879,10,9.683780755892009,9.742113105456882
127,54.32499999999879,10,9.684372088579773,9.742878065522818
127,54.374999999998785,10,9.684965163005172,9.74364165338108
127,54.42499999999878,10,9.685559947708471,9.744403849498154
127,54.47499999999878,10,9.686156411351469,9.74516463462229
127,54.524999999998776,10,9.686754522719092,9.745923989782094
127,54.574999999998774,10,9.687354250720992,9.746681896285136
127,54.62499999999877,10,9.687955564393073,9.747438335716542
127,54.67499999999877,10,9.688558432899018,9.74819328993757
127,54.724999999998765,10,9.68916282553178,9.748946741084188
127,54.77499999999876,10,9.689768711715022,9.749698671565648
127,54.82499999999876,10,9.69037606100457,9.750449064063025
127,54.87499999999876,10,9.690984843089788,9.751197901527776
127,54.924999999998754,10,9.69159502779497,9.751945167180281
127,54.97499999999875,10,9.692206585080664,9.752690844508374
127,55.02499999999875,10,9.692819485044998,9.753434917265874
127,55.074999999998745,10,9.693433697924965,9.754177369471094
127,55.12499999999874,10,9.694049194097673,9.75491818540536
127,55.17499999999874,10,9.694665944081583,9.75565734961152
127,55.22499999999874,10,9.695283918537704,9.75639484689243
127,55.274999999998734,10,9.695903088270782,9.75713066230946
127,55.32499999999873,10,9.696523424230431,9.75786478118097
127,55.37499999999873,10,9.697144897512265,9.758597189080792
127,55.424999999998725,10,9.697767479358992,9.759327871836712
127,55.47499999999872,10,9.698391141161482,9.76005681552893
127,55.52499999999872,10,9.699015854459809,9.76078400648853
127,55.57499999999872,10,9.69964159094426,9.761509431295938
127,55.624999999998714,10,9.700268322456344,9.762233076779369
127,55.67499999999871,10,9.700896020989735,9.762954930013283
127,55.72499999999871,10,9.701524658691223,9.76367497831683
127,55.774999999998705,10,9.702154207861636,9.76439320925229
127,55.8249999999987,10,9.702784640956711,9.765109610623508
127,55.8749999999987,10,9.70341593058797,9.765824170474323
127,55.9249999999987,10,9.704048049523564,9.766536877087002
127,55.974999999998694,10,9.704680970689076,9.767247718980665
127,56.02499999999869,10,9.705314667168327,9.7679566849097
127,56.07499999999869,10,9.705949112204133,9.768663763862193
127,56.124999999998685,10,9.706584279199056,9.769368945058337
127,56.17499999999868,10,9.707220141716121,9.770072217948844
127,56.22499999999868,10,9.707856673479514,9.770773572213352
127,56.27499999999868,10,9.70849384837526,9.771472997758844
127,56.324999999998674,10,9.709131640451872,9.772170484718044
127,56.37499999999867,10,9.709770023920976,9.772866023447826
127,56.42499999999867,10,9.710408973157929,9.773559604527604
127,56.474999999998666,10,9.711048462702388,9.77425121875775
127,56.52499999999866,10,9.711688467258885,9.774940857157974
127,56.57499999999866,10,9.712328961697361,9.775628510965735
127,56.62499999999866,10,9.712969921053693,9.776314171634628
127,56.674999999998654,10,9.713611320530177,9.776997830832778
127,56.72499999999865,10,9.714253135496017,9.777679480441243
127,56.77499999999865,10,9.714895341487775,9.77835911255239
127,56.824999999998646,10,9.715537914209811,9.7790367194683
127,56.87499999999864,10,9.71618082953469,9.779712293699152
127,56.92499999999864,10,9.716824063503575,9.780385827961616
127,56.97499999999864,10,9.717467592326612,9.781057315177247
127,57.024999999998634,10,9.718111392383268,9.781726748470872
127,57.07499999999863,10,9.71875544022268,9.78239412116898
127,57.12499999999863,10,9.719399712563954,9.783059426798113
127,57.174999999998626,10,9.720044186296471,9.783722659083264
127,57.22499999999862,10,9.720688838480164,9.784383811946261
127,57.27499999999862,10,9.72133364634576,9.78504287950416
127,57.32499999999862,10,9.721978587295036,9.785699856067643
127,57.374999999998614,10,9.722623638901023,9.786354736139403
127,57.42499999999861,10,9.72326877890822,9.78700751441255
127,57.47499999999861,10,9.723913985232771,9.78765818576901
127,57.524999999998606,10,9.724559235962621,9.78830674527791
127,57.5749999999986,10,9.725204509357683,9.788953188193982
127,57.6249999999986,10,9.725849783849949,9.789597509955971
127,57.6749999999986,10,9.72649503804361,9.790239706185028
127,57.724999999998595,10,9.72714025071515,9.790879772683118
127,57.77499999999859,10,9.727785400813426,9.79151770543143
127,57.82499999999859,10,9.728430467459724,9.79215350058878
127,57.874999999998586,10,9.729075429947809,9.792787154490025
127,57.92499999999858,10,9.729720267743943,9.793418663644477
127,57.97499999999858,10,9.730364960486913,9.794048024734314
127,58.02499999999858,10,9.73100948798801,9.794675234613004
127,58.074999999998575,10,9.731653830231018,9.795300290303723
127,58.12499999999857,10,9.732297967372176,9.795923188997774
127,58.17499999999857,10,9.73294187974013,9.79654392805302
127,58.224999999998566,10,9.733585547835855,9.797162504992315
127,58.27499999999856,10,9.734228952332586,9.797778917501928
127,58.32499999999856,10,9.734872074075716,9.798393163429983
127,58.37499999999856,10,9.735514894082684,9.7990052407849
127,58.424999999998555,10,9.736157393542845,9.799615147733842
127,58.47499999999855,10,9.736799553817336,9.800222882601146
127,58.52499999999855,10,9.737441356438923,9.800828443866783
127,58.574999999998546,10,9.738082783111823,9.801431830164814
127,58.62499999999854,10,9.738723815711527,9.802033040281845
127,58.67499999999854,10,9.7393644362846,9.802632073155483
127,58.72499999999854,10,9.74000462704848,9.803228927872802
127,58.774999999998535,10,9.740644370391243,9.80382360366882
127,58.82499999999853,10,9.741283648871377,9.804416099924968
127,58.87499999999853,10,9.741922445217522,9.805006416167563
127,58.924999999998526,10,9.742560742328221,9.805594552066298
127,58.97499999999852,10,9.743198523271632,9.806180507432721
127,59.02499999999852,10,9.743835771285251,9.806764282218733
127,59.07499999999852,10,9.744472469775607,9.807345876515079
127,59.124999999998515,10,9.745108602317949,9.807925290549848
127,59.17499999999851,10,9.745744152655929,9.808502524686984
127,59.22499999999851,10,9.74637910470126,9.809077579424791
127,59.274999999998506,10,9.74701344253338,9.809650455394449
127,59.324999999998504,10,9.747647150399073,9.810221153358537
127,59.3749999999985,10,9.748280212712123,9.810789674209554
127,59.4249999999985,10,9.748912614052914,9.811356018968446
127,59.474999999998495,10,9.749544339168056,9.811920188783153
127,59.52499999999849,10,9.750175372969963,9.812482184927145
127,59.57499999999849,10,9.750805700536459,9.81304200879796
127,59.62499999999849,10,9.75143530711034,9.81359966191577
127,59.67499999999849,10,9.75206417809895,9.814155145921927
127,59.724999999998495,10,9.75269229907373,9.814708462577526
127,59.77499999999849,10,9.75331965576977,9.815259613761985
127,59.8249999999985,10,9.753946234085339,9.815808601471604
127,59.8749999999985,10,9.754572020081417,9.816355427818158
127,59.924999999998505,10,9.755196999981212,9.81690009502748
127,59.97499999999851,10,9.75582116016966,9.817442605438046
127,60.02499999999851,10,9.756444487192939,9.817982961499581
127,60.07499999999852,10,9.757066967757936,9.818521165771653
127,60.12499999999852,10,9.757688588731755,9.819057220922293
127,60.174999999998526,10,9.758309337141165,9.819591129726607
127,60.22499999999853,10,9.758929200172076,9.820122895065397
127,60.274999999998535,10,9.759548165168992,9.820652519923796
127,60.32499999999854,10,9.760166219634451,9.82118000738989
127,60.37499999999854,10,9.760783351228476,9.82170536065337
127,60.42499999999855,10,9.761399547767995,9.822228583004174
127,60.474999999998545,10,9.762014797226263,9.822749677831146
127,60.52499999999855,10,9.762629087732291,9.823268648620694
127,60.57499999999855,10,9.763242407570232,9.823785498955452
127,60.62499999999856,10,9.763854745178797,9.824300232512963
127,60.67499999999856,10,9.764466089150643,9.824812853064351
127,60.724999999998566,10,9.765076428231756,9.825323364473011
127,60.77499999999857,10,9.765685751320836,9.8258317706933
127,60.824999999998575,10,9.766294047468659,9.826338075769245
127,60.87499999999858,10,9.766901305877445,9.826842283833244
127,60.92499999999858,10,9.76750751590023,9.827344399104785
127,60.97499999999859,10,9.768112667040192,9.82784442588915
127,61.02499999999859,10,9.768716748950018,9.828342368576164
127,61.074999999998596,10,9.769319751431238,9.828838231638922
127,61.1249999999986,10,9.769921664433548,9.829332019632526
127,61.1749999999986,10,9.770522478054156,9.829823737192834
127,61.2249999999986,10,9.771122182537082,9.83031338903522
127,61.274999999998606,10,9.771720768272496,9.830800979953342
127,61.32499999999861,10,9.77231822579601,9.831286514817902
127,61.374999999998614,10,9.772914545787991,9.831769998575425
127,61.42499999999862,10,9.77350971907286,9.83225143624704
127,61.47499999999862,10,9.774103736618395,9.832730832927279
127,61.52499999999863,10,9.774696589534997,9.83320819378287
127,61.57499999999863,10,9.775288269075,9.833683524051544
127,61.624999999998636,10,9.775878766631937,9.834156829040852
127,61.67499999999864,10,9.776468073739823,9.83462811412698
127,61.724999999998644,10,9.777056182072409,9.835097384753574
127,61.77499999999865,10,9.777643083442472,9.83556464643058
127,61.82499999999865,10,9.778228769801062,9.836029904733088
127,61.87499999999865,10,9.778813233236761,9.836493165300174
127,61.924999999998654,10,9.779396465974935,9.836954433833762
127,61.97499999999866,10,9.779978460376995,9.83741371609749
127,62.02499999999866,10,9.780559208939628,9.837871017915576
127,62.07499999999867,10,9.781138704294044,9.838326345171703
127,62.12499999999867,10,9.781716939205223,9.838779703807901
127,62.174999999998676,10,9.782293906571137,9.839231099823444
127,62.22499999999868,10,9.782869599421991,9.839680539273749
127,62.274999999998684,10,9.783444010919446,9.840128028269287
127,62.32499999999869,10,9.784017134355844,9.840573572974499
127,62.37499999999869,10,9.784588963153434,9.841017179606716
127,62.4249999999987,10,9.78515949086359,9.841458854435098
127,62.4749999999987,10,9.785728711166021,9.84189860377957
127,62.524999999998705,10,9.786296617867995,9.842336434009766
127,62.5749999999987,10,9.78686320490354,9.842772351543987
127,62.62499999999871,10,9.787428466332658,9.843206362848157
127,62.67499999999871,10,9.78799239634053,9.843638474434796
127,62.724999999998715,10,9.788554989236712,9.844068692862
127,62.77499999999872,10,9.789116239454351,9.844497024732425
127,62.824999999998724,10,9.789676141549371,9.844923476692268
127,62.87499999999873,10,9.79023469019968,9.845348055430277
127,62.92499999999873,10,9.790791880204349,9.84577076767676
127,62.97499999999874,10,9.791347706482828,9.84619162020259
127,63.02499999999874,10,9.791902164074116,9.846610619818232
127,63.074999999998745,10,9.792455248135965,9.847027773372778
127,63.12499999999875,10,9.793006953944063,9.847443087752978
127,63.174999999998754,10,9.79355727689122,9.847856569882282
127,63.22499999999876,10,9.79410621248655,9.848268226719904
127,63.274999999998755,10,9.79465375635467,9.848678065259875
127,63.32499999999876,10,9.79519990423486,9.849086092530108
127,63.374999999998764,10,9.795744651980263,9.849492315591474
127,63.42499999999877,10,9.796287995557062,9.849896741536895
127,63.47499999999877,10,9.796829931043652,9.850299377490424
127,63.524999999998776,10,9.797370454629824,9.85070023060634
127,63.57499999999878,10,9.797909562615946,9.851099308068259
127,63.624999999998785,10,9.798447251412137,9.851496617088257
127,63.67499999999879,10,9.798983517537442,9.85189216490598
127,63.72499999999879,10,9.799518357619013,9.852285958787766
127,63.7749999999988,10,9.800051768391281,9.85267800602579
127,63.8249999999988,10,9.800583746695132,9.853068313937207
127,63.874999999998806,10,9.801114289477084,9.853456889863297
127,63.92499999999881,10,9.80164339378846,9.85384374116863
127,63.97499999999881,10,9.802171056784562,9.854228875240228
127,64.02499999999881,10,9.802697275723853,9.854612299486737
127,64.07499999999882,10,9.803222047967116,9.854994021337609
127,64.12499999999882,10,9.80374537097665,9.85537404824229
127,64.17499999999883,10,9.804267242315428,9.855752387669417
127,64.22499999999883,10,9.804787659646275,9.856129047106023
127,64.27499999999884,10,9.805306620731054,9.856504034056735
127,64.32499999999884,10,9.805824123429831,9.856877356043004
127,64.37499999999883,10,9.806340165700055,9.857249020602328
127,64.42499999999885,10,9.806854745595736,9.857619035287486
127,64.47499999999884,10,9.80736786126662,9.85798740766577
127,64.52499999999885,10,9.807879510957374,9.858354145318234
127,64.57499999999885,10,9.808389693006752,9.858719255838956
127,64.62499999999886,10,9.808898405846792,9.859082746834291
127,64.67499999999886,10,9.809405648001977,9.859444625922148
127,64.72499999999887,10,9.809911418088435,9.859804900731257
127,64.77499999999887,10,9.810415714813105,9.86016357890046
127,64.82499999999888,10,9.810918536972942,9.860520668077996
127,64.87499999999888,10,9.811419883454073,9.860876175920804
127,64.92499999999889,10,9.811919753231011,9.861230110093828
127,64.97499999999889,10,9.812418145365822,9.861582478269323
127,65.02499999999888,10,9.812915059007324,9.861933288126178
127,65.0749999999989,10,9.813410493390274,9.862282547349244
127,65.12499999999889,10,9.813904447834554,9.862630263628667
127,65.1749999999989,10,9.814396921744375,9.862976444659228
127,65.2249999999989,10,9.814887914607462,9.863321098139691
127,65.27499999999891,10,9.815377425994253,9.863664231772157
127,65.32499999999891,10,9.815865455557091,9.864005853261425
127,65.37499999999892,10,9.816352003029435,9.864345970314359
127,65.42499999999892,10,9.816837068225052,9.864684590639273
127,65.47499999999893,10,9.817320651037214,9.865021721945302
127,65.52499999999893,10,9.81780275143792,9.865357371941796
127,65.57499999999894,10,9.818283369477085,9.86569154833772
127,65.62499999999893,10,9.818762505281759,9.866024258841056
127,65.67499999999895,10,9.819240159055331,9.866355511158204
127,65.72499999999894,10,9.819716331076748,9.866685312993408
127,65.77499999999894,10,9.820191021699717,9.86701367204818
127,65.82499999999895,10,9.820664231351943,9.867340596020728
127,65.87499999999895,10,9.821135960534319,9.867666092605392
127,65.92499999999896,10,9.82160620982018,9.867990169492089
127,65.97499999999896,10,9.822074979854493,9.868312834365762
127,66.02499999999897,10,9.82254227135311,9.868634094905843
127,66.07499999999897,10,9.823008085101979,9.868953958785712
127,66.12499999999898,10,9.823472421956382,9.869272433672162
127,66.17499999999897,10,9.823935282840166,9.86958952722489
127,66.22499999999899,10,9.824396668744974,9.869905247095968
127,66.27499999999898,10,9.824856580729493,9.870219600929333
127,66.324999999999,10,9.825315019918689,9.870532596360295
127,66.37499999999899,10,9.82577198750304,9.870844241015027
127,66.42499999999899,10,9.826227484737801,9.871154542510082
127,66.474999999999,10,9.826681512942239,9.87146350845191
127,66.524999999999,10,9.827134073498884,9.871771146436373
127,66.57499999999901,10,9.827585167852794,9.872077464048274
127,66.624999999999,10,9.828034797510798,9.872382468860902
127,66.67499999999902,10,9.828482964040761,9.872686168435562
127,66.72499999999901,10,9.828929669070853,9.872988570321125
127,66.77499999999903,10,9.829374914288803,9.87328968205358
127,66.82499999999902,10,9.829818701441175,9.873589511155599
127,66.87499999999903,10,9.830261032332633,9.8738880651361
127,66.92499999999903,10,9.83070190882522,9.874185351489816
127,66.97499999999904,10,9.831141332837639,9.874481377696872
127,67.02499999999904,10,9.83157930634452,9.87477615122238
127,67.07499999999905,10,9.832015831375715,9.875069679516013
127,67.12499999999905,10,9.832450910015583,9.875361970011618
127,67.17499999999905,10,9.832884544402274,9.875653030126797
127,67.22499999999906,10,9.833316736727024,9.875942867262529
127,67.27499999999905,10,9.833747489233456,9.876231488802787
127,67.32499999999906,10,9.834176804216874,9.876518902114148
127,67.37499999999906,10,9.834604684023565,9.876805114545418
127,67.42499999999907,10,9.835031131050107,9.87709013342727
127,67.47499999999907,10,9.83545614774268,9.877373966071879
127,67.52499999999908,10,9.83587973659637,9.877656619772557
127,67.57499999999908,10,9.836301900154496,9.87793810180341
127,67.62499999999909,10,9.836722641007922,9.878218419418994
127,67.67499999999909,10,9.83714196179438,9.878497579853963
127,67.7249999999991,10,9.8375598651978,9.878775590322743
127,67.7749999999991,10,9.837976353947631,9.879052458019197
127,67.8249999999991,10,9.838391430818183,9.879328190116308
127,67.8749999999991,10,9.83880509862796,9.879602793765853
127,67.9249999999991,10,9.839217360238994,9.879876276098097
127,67.97499999999911,10,9.839628218556202,9.880148644221476
127,68.02499999999911,10,9.840037676526716,9.88041990522231
127,68.07499999999912,10,9.840445737139248,9.880690066164485
127,68.12499999999912,10,9.840852403423435,9.880959134089178
127,68.17499999999913,10,9.8412576784492,9.881227116014568
127,68.22499999999913,10,9.841661565326111,9.881494018935552
127,68.27499999999914,10,9.84206406720275,9.881759849823469
127,68.32499999999914,10,9.842465187266082,9.882024615625829
127,68.37499999999915,10,9.842864928740815,9.882288323266048
127,68.42499999999914,10,9.843263294888791,9.882550979643188
127,68.47499999999916,10,9.843660289008362,9.8828125916317
127,68.52499999999915,10,9.844055914433765,9.883073166081175
127,68.57499999999915,10,9.844450174534519,9.8833327098161
127,68.62499999999916,10,9.844843072714806,9.883591229635615
127,68.67499999999916,10,9.845234612412877,9.883848732313275
127,68.72499999999917,10,9.84562479710044,9.884105224596826
127,68.77499999999917,10,9.846013630282068,9.88436071320797
127,68.82499999999918,10,9.846401115494599,9.88461520484215
127,68.87499999999918,10,9.84678725630655,9.884868706168337
127,68.92499999999919,10,9.847172056317532,9.885121223828808
127,68.97499999999918,10,9.847555519157662,9.88537276443895
127,69.0249999999992,10,9.847937648486985,9.885623334587054
127,69.07499999999919,10,9.8483184479949,9.88587294083411
127,69.1249999999992,10,9.848697921399589,9.886121589713621
127,69.1749999999992,10,9.84907607244745,9.886369287731416
127,69.2249999999992,10,9.849452904912528,9.886616041365459
127,69.27499999999921,10,9.84982842259596,9.886861857065677
127,69.3249999999992,10,9.85020262932542,9.887106741253787
127,69.37499999999922,10,9.850575528954561,9.887350700323116
127,69.42499999999922,10,9.850947125362474,9.887593740638437
127,69.47499999999923,10,9.851317422453134,9.887835868535806
127,69.52499999999922,10,9.851686424154869,9.888077090322414
127,69.57499999999924,10,9.852054134419816,9.888317412276423
127,69.62499999999923,10,9.852420557223395,9.888556840646828
127,69.67499999999924,10,9.852785696563775,9.888795381653296
127,69.72499999999924,10,9.853149556461343,9.889033041486035
127,69.77499999999925,10,9.8535121409582,9.889269826305664
127,69.82499999999925,10,9.853873454117629,9.889505742243069
127,69.87499999999926,10,9.854233500023586,9.889740795399275
127,69.92499999999926,10,9.85459228278019,9.88997499184533
127,69.97499999999926,10,9.854949806511218,9.890208337622177
127,70.02499999999927,10,9.855306075359604,9.89044083874054
127,70.07499999999926,10,9.855661093486939,9.890672501180815
127,70.12499999999928,10,9.856014865072982,9.890903330892954
127,70.17499999999927,10,9.856367394315159,9.891133333796367
127,70.22499999999928,10,9.856718685428094,9.891362515779814
127,70.27499999999928,10,9.857068742643106,9.891590882701317
127,70.32499999999929,10,9.857417570207751,9.891818440388061
127,70.37499999999929,10,9.857765172385333,9.892045194636298
127,70.4249999999993,10,9.85811155345444,9.892271151211268
127,70.4749999999993,10,9.858456717708478,9.89249631584712
127,70.52499999999931,10,9.858800669455201,9.892720694246828
127,70.5749999999993,10,9.859143413016263,9.892944292082118
127,70.6249999999993,10,9.859484952726751,9.893167114993393
127,70.67499999999932,10,9.859825292934747,9.893389168589657
127,70.72499999999931,10,9.860164438000867,9.893610458448471
127,70.77499999999932,10,9.86050239229783,9.89383099011588
127,70.82499999999932,10,9.860839160210011,9.894050769106348
127,70.87499999999933,10,9.861174746133003,9.894269800902714
127,70.92499999999933,10,9.861509154473197,9.894488090956138
127,70.97499999999934,10,9.861842389647341,9.894705644686047
127,71.02499999999934,10,9.862174456082125,9.894922467480102
127,71.07499999999935,10,9.862505358213753,9.895138564694145
127,71.12499999999935,10,9.86283510048753,9.895353941652164
127,71.17499999999936,10,9.863163687357455,9.895568603646264
127,71.22499999999935,10,9.863491123285804,9.89578255593663
127,71.27499999999937,10,9.863817412742728,9.895995803751497
127,71.32499999999936,10,9.864142560205853,9.89620835228712
127,71.37499999999936,10,9.864466570159877,9.896420206707761
127,71.42499999999937,10,9.86478944709619,9.896631372145665
127,71.47499999999937,10,9.865111195512464,9.896841853701044
127,71.52499999999938,10,9.865431819912287,9.897051656442063
127,71.57499999999938,10,9.865751324804764,9.897260785404816
127,71.62499999999939,10,9.866069714704155,9.897469245593337
127,71.67499999999939,10,9.866386994129481,9.89767704197959
127,71.7249999999994,10,9.866703167604172,9.89788417950346
127,71.7749999999994,10,9.867018239655682,9.898090663072761
127,71.8249999999994,10,9.867332214815145,9.898296497563226
127,71.8749999999994,10,9.867645097616993,9.898501687818527
127,71.92499999999941,10,9.867956892598619,9.898706238650275
127,71.97499999999941,10,9.86826760430001,9.898910154838038
127,72.02499999999941,10,9.868577237263414,9.89911344112935
127,72.07499999999942,10,9.868885796032973,9.89931610223972
127,72.12499999999942,10,9.869193285154404,9.89951814285266
127,72.17499999999943,10,9.869499709174645,9.899719567619709
127,72.22499999999943,10,9.86980507264153,9.899920381160449
127,72.27499999999944,10,9.87010938010345,9.900120588062535
127,72.32499999999943,10,9.870412636109036,9.900320192881722
127,72.37499999999945,10,9.87071484520683,9.900519200141899
127,72.42499999999944,10,9.87101601194496,9.900717614335115
127,72.47499999999945,10,9.871316140870833,9.90091543992162
127,72.52499999999945,10,9.871615236530822,9.90111268132991
127,72.57499999999946,10,9.871913303469944,9.901309342956749
127,72.62499999999946,10,9.872210346231572,9.901505429167228
127,72.67499999999947,10,9.872506369357119,9.901700944294806
127,72.72499999999947,10,9.872801377385745,9.901895892641353
127,72.77499999999947,10,9.873095374854065,9.9020902784772
127,72.82499999999948,10,9.87338836629585,9.902284106041195
127,72.87499999999947,10,9.873680356241746,9.902477379540752
127,72.92499999999949,10,9.873971349218978,9.902670103151902
127,72.97499999999948,10,9.874261349751087,9.902862281019358
127,73.0249999999995,10,9.874550362357633,9.903053917256571
127,73.07499999999949,10,9.874838391553933,9.903245015945794
127,73.1249999999995,10,9.875125441850782,9.903435581138144
127,73.1749999999995,10,9.875411517754197,9.903625616853665
127,73.22499999999951,10,9.875696623765132,9.9038151270814
127,73.27499999999951,10,9.875980764379241,9.904004115779452
127,73.32499999999952,10,9.876263944086602,9.90419258687506
127,73.37499999999952,10,9.876546167371476,9.904380544264676
127,73.42499999999951,10,9.876827438712041,9.904567991814032
127,73.47499999999953,10,9.877107762580156,9.904754933358223
127,73.52499999999952,10,9.87738714344112,9.904941372701778
127,73.57499999999953,10,9.87766558575341,9.90512731361874
127,73.62499999999953,10,9.877943093968469,9.905312759852759
127,73.67499999999954,10,9.878219672530454,9.905497715117162
127,73.72499999999954,10,9.878495325876006,9.905682183095044
127,73.77499999999955,10,9.878770058434034,9.905866167439344
127,73.82499999999955,10,9.879043874625472,9.906049671772946
127,73.87499999999956,10,9.87931677886307,9.906232699688768
127,73.92499999999956,10,9.879588775551168,9.906415254749847
127,73.97499999999957,10,9.879859869085488,9.906597340489428
127,74.02499999999957,10,9.88013006385291,9.906778960411065
127,74.07499999999958,10,9.880399364231275,9.906960117988719
127,74.12499999999957,10,9.880667774589165,9.907140816666844
127,74.17499999999957,10,9.880935299285715,9.907321059860493
127,74.22499999999958,10,9.881201942670398,9.907500850955415
127,74.27499999999958,10,9.881467709082836,9.907680193308154
127,74.32499999999959,10,9.881732602852603,9.90785909024616
127,74.37499999999959,10,9.881996628299039,9.90803754506788
127,74.4249999999996,10,9.882259789731048,9.908215561042875
127,74.4749999999996,10,9.88252209144693,9.908393141411906
127,74.52499999999961,10,9.882783537734186,9.908570289387068
127,74.5749999999996,10,9.883044132869339,9.908747008151886
127,74.62499999999962,10,9.883303881117769,9.908923300861419
127,74.67499999999961,10,9.883562786733526,9.909099170642373
127,74.72499999999962,10,9.883820853959161,9.909274620593221
127,74.77499999999962,10,9.88407808702557,9.90944965378431
127,74.82499999999962,10,9.88433449015181,9.909624273257972
127,74.87499999999963,10,9.884590067544952,9.909798482028648
127,74.92499999999963,10,9.884844823399913,9.909972283082999
127,74.97499999999964,10,9.885098761899307,9.910145679380015
127,75.02499999999964,10,9.885351887213279,9.910318673851155
127,75.07499999999965,10,9.885604203499367,9.910491269400442
127,75.12499999999964,10,9.885855714902341,9.910663468904598
127,75.17499999999966,10,9.88610642555407,9.910835275213161
127,75.22499999999965,10,9.886356339573366,9.911006691148605
127,75.27499999999966,10,9.886605461065855,9.911177719506469
127,75.32499999999966,10,9.886853794123825,9.911348363055474
127,75.37499999999967,10,9.88710134282611,9.911518624537651
127,75.42499999999967,10,9.887348111237943,9.911688506668463
127,75.47499999999968,10,9.887594103410827,9.911858012136939
127,75.52499999999968,10,9.887839323382412,9.91202714360579
127,75.57499999999968,10,9.888083775176373,9.912195903711545
127,75.62499999999969,10,9.888327462802277,9.912364295064682
127,75.67499999999968,10,9.888570390255476,9.912532320249746
127,75.7249999999997,10,9.888812561516977,9.912699981825483
127,75.7749999999997,10,9.88905398055334,9.912867282324981
127,75.8249999999997,10,9.889294651316556,9.91303422425579
127,75.8749999999997,10,9.889534577743943,9.913200810100058
127,75.92499999999971,10,9.889773763758033,9.91336704231466
127,75.97499999999971,10,9.890012213266472,9.913532923331335
127,76.02499999999972,10,9.890249930161918,9.91369845555682
127,76.07499999999972,10,9.890486918321935,9.913863641372984
127,76.12499999999973,10,9.890723181608903,9.91402848313696
127,76.17499999999973,10,9.890958723869915,9.914192983181282
127,76.22499999999972,10,9.891193548936686,9.914357143814023
127,76.27499999999974,10,9.89142766062547,9.91452096731893
127,76.32499999999973,10,9.891661062736958,9.914684455955562
127,76.37499999999974,10,9.891893759056202,9.914847611959425
127,76.42499999999974,10,9.892125753352529,9.915010437542108
127,76.47499999999975,10,9.892357049379454,9.915172934891425
127,76.52499999999975,10,9.892587650874608,9.915335106171556
127,76.57499999999976,10,9.892817561559653,9.91549695352318
127,76.62499999999976,10,9.893046785140218,9.915658479063616
127,76.67499999999977,10,9.89327532530581,9.91581968488697
127,76.72499999999977,10,9.893503185729756,9.915980573064262
127,76.77499999999978,10,9.893730370069132,9.916141145643579
127,76.82499999999978,10,9.893956881964696,9.91630140465021
127,76.87499999999979,10,9.894182725040814,9.916461352086786
127,76.92499999999978,10,9.894407902905415,9.916620989933424
127,76.97499999999978,10,9.894632419149914,9.916780320147861
127,77.02499999999979,10,9.894856277349167,9.916939344665614
127,77.07499999999979,10,9.895079481061401,9.917098065400104
127,77.1249999999998,10,9.895302033828177,9.917256484242802
127,77.1749999999998,10,9.89552393917432,9.91741460306338
127,77.22499999999981,10,9.895745200607879,9.917572423709842
127,77.2749999999998,10,9.895965821620074,9.91772994800868
127,77.32499999999982,10,9.896185805685255,9.917887177765003
127,77.37499999999982,10,9.896405156260851,9.91804411476269
127,77.42499999999983,10,9.896623876787332,9.918200760764531
127,77.47499999999982,10,9.896841970688167,9.91835711751237
127,77.52499999999984,10,9.897059441369777,9.918513186727244
127,77.57499999999983,10,9.897276292221513,9.918668970109536
127,77.62499999999983,10,9.897492526615611,9.918824469339109
127,77.67499999999984,10,9.897708147907156,9.918979686075454
127,77.72499999999984,10,9.897923159434063,9.91913462195784
127,77.77499999999985,10,9.898137564517025,9.919289278605444
127,77.82499999999985,10,9.898351366459512,9.919443657617505
127,77.87499999999986,10,9.89856456854772,9.91959776057347
127,77.92499999999986,10,9.898777174050565,9.91975158903313
127,77.97499999999987,10,9.898989186219644,9.91990514453676
127,78.02499999999986,10,9.89920060828923,9.920058428605278
127,78.07499999999987,10,9.899411443476234,9.920211442740381
127,78.12499999999987,10,9.899621694980205,9.920364188424685
127,78.17499999999988,10,9.8998313659833,9.920516667121872
127,78.22499999999988,10,9.900040459650276,9.920668880276828
127,78.27499999999989,10,9.900248979128472,9.9208208293158
127,78.32499999999989,10,9.900456927547808,9.920972515646529
127,78.37499999999989,10,9.900664308020755,9.921123940658392
127,78.4249999999999,10,9.900871123642348,9.921275105722549
127,78.4749999999999,10,9.90107737749017,9.92142601219209
127,78.5249999999999,10,9.901283072624336,9.921576661402163
127,78.5749999999999,10,9.901488212087509,9.921727054670132
127,78.62499999999991,10,9.901692798904884,9.921877193295716
127,78.67499999999991,10,9.901896836084186,9.922027078561129
127,78.72499999999992,10,9.902100326615681,9.92217671173122
127,78.77499999999992,10,9.902303273472167,9.922326094053616
127,78.82499999999993,10,9.902505679608984,9.922475226758872
127,78.87499999999993,10,9.902707547964013,9.922624111060598
127,78.92499999999994,10,9.902908881457686,9.922772748155609
127,78.97499999999994,10,9.90310968299299,9.922921139224062
127,79.02499999999993,10,9.903309955455486,9.923069285429607
127,79.07499999999995,10,9.903509701713302,9.923217187919514
127,79.12499999999994,10,9.903708924617154,9.923364847824818
127,79.17499999999995,10,9.903907627000361,9.923512266260465
127,79.22499999999995,10,9.904105811678855,9.923659444325445
127,79.27499999999996,10,9.904303481451194,9.923806383102928
127,79.32499999999996,10,9.904500639098583,9.923953083660415
127,79.37499999999997,10,9.904697287384888,9.924099547049865
127,79.42499999999997,10,9.90489342905666,9.924245774307835
127,79.47499999999998,10,9.905089066843146,9.924391766455624
127,79.52499999999998,10,9.90528420345632,9.924537524499415
127,79.57499999999999,10,9.905478841590899,9.924683049430397
127,79.62499999999999,10,9.90567298392437,9.924828342224908
127,79.675,10,9.905866633117009,9.924973403844575
127,79.725,10,9.906059791811918,9.925118235236454
127,79.77499999999999,10,9.906252462635038,9.925262837333158
127,79.825,10,9.906444648195192,9.925407211052992
127,79.875,10,9.906636351084096,9.925551357300096
127,79.92500000000001,10,9.906827573876406,9.925695276964575
127,79.97500000000001,10,9.907018319129742,9.92583897092263
127,80.02500000000002,10,9.907208589384721,9.925982440036696
127,80.07500000000002,10,9.907398387164983,9.92612568515558
127,80.12500000000003,10,9.907587714977245,9.92626870711458
127,80.17500000000003,10,9.907776575311312,9.926411506735635
127,80.22500000000004,10,9.907964970640128,9.926554084827437
127,80.27500000000003,10,9.908152903419815,9.926696442185582
127,80.32500000000005,10,9.908340376089697,9.926838579592696
127,80.37500000000004,10,9.908527391072358,9.926980497818558
127,80.42500000000004,10,9.908713950773665,9.927122197620239
127,80.47500000000005,10,9.90890005758282,9.92726367974222
127,80.52500000000005,10,9.909085713872395,9.927404944916535
127,80.57500000000006,10,9.90927092199838,9.927545993862896
127,80.62500000000006,10,9.909455684300223,9.927686827288818
127,80.67500000000007,10,9.909640003100876,9.92782744588975
127,80.72500000000007,10,9.909823880706842,9.9279678503492
127,80.77500000000008,10,9.910007319408212,9.928108041338858
127,80.82500000000007,10,9.910190321478726,9.92824801951873
127,80.87500000000009,10,9.910372889175813,9.928387785537264
127,80.92500000000008,10,9.910555024740635,9.92852734003147
127,80.9750000000001,10,9.910736730398146,9.928666683627043
127,81.02500000000009,10,9.910918008357132,9.928805816938494
127,81.0750000000001,10,9.911098860810275,9.928944740569275
127,81.1250000000001,10,9.911279289934187,9.929083455111888
127,81.1750000000001,10,9.911459297889479,9.929221961148022
127,81.22500000000011,10,9.911638886820802,9.929360259248671
127,81.2750000000001,10,9.911818058856907,9.929498349974256
127,81.32500000000012,10,9.911996816110696,9.92963623387474
127,81.37500000000011,10,9.912175160679277,9.92977391148976
127,81.42500000000013,10,9.912353094644027,9.929911383348735
127,81.47500000000012,10,9.912530620070635,9.930048649970988
127,81.52500000000013,10,9.91270773900917,9.93018571186587
127,81.57500000000013,10,9.912884453494131,9.930322569532873
127,81.62500000000014,10,9.913060765544515,9.930459223461751
127,81.67500000000014,10,9.913236677163859,9.930595674132631
127,81.72500000000015,10,9.913412190340317,9.930731922016133
127,81.77500000000015,10,9.913587307046713,9.930867967573487
127,81.82500000000014,10,9.913762029240594,9.931003811256652
127,81.87500000000016,10,9.913936358864305,9.931139453508417
127,81.92500000000015,10,9.914110297845038,9.931274894762524
127,81.97500000000016,10,9.9142838480949,9.931410135443786
127,82.02500000000016,10,9.914457011510976,9.93154517596819
127,82.07500000000017,10,9.914629789975391,9.93168001674301
127,82.12500000000017,10,9.914802185355372,9.931814658166928
127,82.17500000000018,10,9.914974199503312,9.931949100630133
127,82.22500000000018,10,9.915145834256835,9.932083344514439
127,82.27500000000019,10,9.915317091438869,9.93221739019339
127,82.32500000000019,10,9.915487972857692,9.93235123803237
127,82.3750000000002,10,9.91565848030702,9.93248488838871
127,82.4250000000002,10,9.915828615566054,9.932618341611807
127,82.47500000000021,10,9.915998380399566,9.93275159804321
127,82.5250000000002,10,9.916167776557945,9.932884658016738
127,82.5750000000002,10,9.91633680577728,9.933017521858595
127,82.62500000000021,10,9.916505469779427,9.933150189887462
127,82.67500000000021,10,9.916673770272062,9.933282662414598
127,82.72500000000022,10,9.916841708948768,9.933414939743958
127,82.77500000000022,10,9.917009287489098,9.933547022172286
127,82.82500000000023,10,9.917176507558636,9.933678909989224
127,82.87500000000023,10,9.917343370809082,9.933810603477411
127,82.92500000000024,10,9.917509878878302,9.933942102912578
127,82.97500000000024,10,9.91767603339042,9.934073408563656
127,83.02500000000025,10,9.91784183595587,9.934204520692873
127,83.07500000000024,10,9.918007288171479,9.934335439555861
127,83.12500000000026,10,9.918172391620534,9.93446616540174
127,83.17500000000025,10,9.918337147872847,9.934596698473229
127,83.22500000000025,10,9.918501558484843,9.934727039006736
127,83.27500000000026,10,9.91866562499961,9.934857187232456
127,83.32500000000026,10,9.918829348946991,9.93498714337447
127,83.37500000000027,10,9.918992731843646,9.935116907650833
127,83.42500000000027,10,9.919155775193124,9.93524648027368
127,83.47500000000028,10,9.919318480485941,9.935375861449305
127,83.52500000000028,10,9.919480849199651,9.935505051378271
127,83.57500000000029,10,9.919642882798914,9.935634050255496
127,83.62500000000028,10,9.91980458273558,9.935762858270337
127,83.6750000000003,10,9.919965950448754,9.935891475606692
127,83.72500000000029,10,9.920126987364872,9.936019902443086
127,83.7750000000003,10,9.920287694897777,9.936148138952758
127,83.8250000000003,10,9.920448074448789,9.936276185303756
127,83.87500000000031,10,9.920608127406782,9.936404041659024
127,83.92500000000031,10,9.920767855148258,9.936531708176492
127,83.9750000000003,10,9.920927259037425,9.936659185009159
127,84.02500000000032,10,9.921086340426267,9.936786472305181
127,84.07500000000032,10,9.921245100654614,9.936913570207956
127,84.12500000000033,10,9.921403541050234,9.937040478856217
127,84.17500000000032,10,9.921561662928884,9.937167198384106
127,84.22500000000034,10,9.921719467594409,9.937293728921263
127,84.27500000000033,10,9.921876956338798,9.93742007059291
127,84.32500000000034,10,9.922034130442274,9.937546223519933
127,84.37500000000034,10,9.922190991173357,9.937672187818963
127,84.42500000000035,10,9.92234753978895,9.93779796360246
127,84.47500000000035,10,9.922503777534406,9.937923550978791
127,84.52500000000036,10,9.922659705643603,9.93804895005231
127,84.57500000000036,10,9.922815325339034,9.938174160923442
127,84.62500000000037,10,9.922970637831865,9.938299183688754
127,84.67500000000037,10,9.923125644322017,9.938424018441038
127,84.72500000000036,10,9.923280345998243,9.938548665269389
127,84.77500000000038,10,9.923434744038207,9.938673124259278
127,84.82500000000037,10,9.923588839608552,9.938797395492637
127,84.87500000000038,10,9.923742633864975,9.938921479047922
127,84.92500000000038,10,9.923896127952315,9.939045375000193
127,84.97500000000039,10,9.924049323004613,9.939169083421195
127,85.02500000000039,10,9.9242022201452,9.939292604379423
127,85.0750000000004,10,9.924354820486766,9.939415937940193
127,85.1250000000004,10,9.924507125131434,9.939539084165723
127,85.17500000000041,10,9.924659135170844,9.939662043115199
127,85.2250000000004,10,9.92481085168622,9.939784814844847
127,85.27500000000042,10,9.924962275748445,9.939907399408005
127,85.32500000000041,10,9.925113408418147,9.940029796855187
127,85.37500000000041,10,9.925264250745764,9.94015200723416
127,85.42500000000042,10,9.925414803771618,9.940274030590007
127,85.47500000000042,10,9.925565068526003,9.940395866965197
127,85.52500000000043,10,9.925715046029241,9.940517516399646
127,85.57500000000043,10,9.925864737291779,9.940638978930792
127,85.62500000000044,10,9.926014143314243,9.940760254593656
127,85.67500000000044,10,9.926163265087528,9.94088134342091
127,85.72500000000045,10,9.926312103592863,9.94100224544294
127,85.77500000000045,10,9.926460659801894,9.941122960687904
127,85.82500000000046,10,9.92660893467675,9.941243489181812
127,85.87500000000045,10,9.926756929170125,9.94136383094857
127,85.92500000000047,10,9.926904644225344,9.941483986010049
127,85.97500000000046,10,9.927052080776447,9.941603954386148
127,86.02500000000047,10,9.927199239748255,9.941723736094854
127,86.07500000000047,10,9.927346122056445,9.941843331152306
127,86.12500000000047,10,9.927492728607632,9.941962739572848
127,86.17500000000048,10,9.927639060299429,9.942081961369084
127,86.22500000000048,10,9.92778511802053,9.942200996551952
127,86.27500000000049,10,9.927930902650782,9.942319845130767
127,86.32500000000049,10,9.928076415061254,9.942438507113284
127,86.3750000000005,10,9.928221656114316,9.942556982505755
127,86.4250000000005,10,9.928366626663706,9.942675271312979
127,86.4750000000005,10,9.928511327554608,9.942793373538372
127,86.5250000000005,10,9.928655759623714,9.942911289184005
127,86.57500000000051,10,9.928799923699316,9.943029018250664
127,86.62500000000051,10,9.928943820601356,9.943146560737906
127,86.67500000000052,10,9.92908745114151,9.943263916644113
127,86.72500000000052,10,9.929230816123262,9.943381085966537
127,86.77500000000052,10,9.929373916341964,9.943498068701354
127,86.82500000000053,10,9.929516752584917,9.94361486484372
127,86.87500000000053,10,9.929659325631441,9.943731474387825
127,86.92500000000054,10,9.929801636252943,9.943847897326929
127,86.97500000000053,10,9.929943685212988,9.94396413365342
127,87.02500000000055,10,9.93008547326737,9.944080183358862
127,87.07500000000054,10,9.930227001164182,9.944196046434044
127,87.12500000000055,10,9.930368269643889,9.944311722869028
127,87.17500000000055,10,9.930509279439391,9.944427212653192
127,87.22500000000056,10,9.9306500312761,9.944542515775284
127,87.27500000000056,10,9.930790525872004,9.944657632223455
127,87.32500000000057,10,9.93093076393774,9.944772561985316
127,87.37500000000057,10,9.931070746176657,9.944887305047981
127,87.42500000000058,10,9.931210473284892,9.945001861398111
127,87.47500000000058,10,9.931349945951432,9.945116231021956
127,87.52500000000057,10,9.931489164858187,9.945230413905394
127,87.57500000000059,10,9.931628130680055,9.94534441003398
127,87.62500000000058,10,9.931766844084986,9.945458219392991
127,87.6750000000006,10,9.93190530573406,9.945571841967459
127,87.72500000000059,10,9.932043516281544,9.94568527774221
127,87.7750000000006,10,9.932181476374959,9.945798526701921
127,87.8250000000006,10,9.932319186655155,9.945911588831141
127,87.87500000000061,10,9.93245664775637,9.946024464114341
127,87.92500000000061,10,9.932593860306298,9.946137152535954
127,87.97500000000062,10,9.93273082492615,9.946249654080404
127,88.02500000000062,10,9.932867542230733,9.946361968732154
127,88.07500000000063,10,9.933004012828498,9.946474096475734
127,88.12500000000063,10,9.933140237321616,9.946586037295786
127,88.17500000000062,10,9.93327621630604,9.946697791177094
127,88.22500000000063,10,9.933411950371568,9.946809358104622
127,88.27500000000063,10,9.933547440101906,9.946920738063554
127,88.32500000000064,10,9.933682686074736,9.947031931039323
127,88.37500000000064,10,9.933817688861776,9.94714293701764
127,88.42500000000065,10,9.933952449028842,9.947253755984542
127,88.47500000000065,10,9.934086967135915,9.947364387926417
127,88.52500000000066,10,9.9342212437372,9.94747483283003
127,88.57500000000066,10,9.93435527938119,9.947585090682574
127,88.62500000000067,10,9.934489074610726,9.947695161471682
127,88.67500000000067,10,9.93462262996306,9.947805045185468
127,88.72500000000068,10,9.934755945969918,9.94791474181256
127,88.77500000000067,10,9.934889023157558,9.948024251342119
127,88.82500000000068,10,9.935021862046828,9.948133573763881
127,88.87500000000068,10,9.935154463153236,9.948242709068184
127,88.92500000000068,10,9.935286826987001,9.948351657245988
127,88.97500000000069,10,9.935418954053114,9.948460418288914
127,89.02500000000069,10,9.935550844851402,9.94856899218927
127,89.0750000000007,10,9.935682499876584,9.94867737894007
127,89.1250000000007,10,9.935813919618331,9.948785578535075
127,89.17500000000071,10,9.93594510456132,9.948893590968812
127,89.2250000000007,10,9.936076055185296,9.949001416236595
127,89.27500000000072,10,9.936206771965132,9.949109054334555
127,89.32500000000071,10,9.936337255370882,9.949216505259669
127,89.37500000000072,10,9.93646750586784,9.94932376900978
127,89.42500000000072,10,9.936597523916596,9.949430845583624
127,89.47500000000073,10,9.936727309973096,9.949537734980852
127,89.52500000000073,10,9.936856864488693,9.94964443720206
127,89.57500000000073,10,9.936986187910202,9.949750952248802
127,89.62500000000074,10,9.937115280679967,9.949857280123618
127,89.67500000000074,10,9.9372441432359,9.949963420830056
127,89.72500000000075,10,9.937372776011543,9.95006937437269
127,89.77500000000074,10,9.937501179436133,9.950175140757144
127,89.82500000000076,10,9.937629353934636,9.950280719990115
127,89.87500000000075,10,9.937757299927812,9.950386112079396
127,89.92500000000076,10,9.937885017832276,9.950491317033892
127,89.97500000000076,10,9.93801250806053,9.950596334863633
127,90.02500000000077,10,9.938139771021039,9.950701165579801
127,90.07500000000077,10,9.938266807118268,9.950805809194751
127,90.12500000000078,10,9.938393616752736,9.950910265722024
127,90.17500000000078,10,9.938520200321078,9.951014535176371
127,90.22500000000079,10,9.938646558216087,9.951118617573766
127,90.27500000000079,10,9.93877269082676,9.951222512931423
127,90.32500000000078,10,9.938898598538364,9.951326221267818
127,90.3750000000008,10,9.939024281732479,9.951429742602697
127,90.4250000000008,10,9.93914974078704,9.951533076957102
127,90.4750000000008,10,9.939274976076401,9.951636224353377
127,90.5250000000008,10,9.939399987971374,9.951739184815192
127,90.57500000000081,10,9.939524776839281,9.951841958367554
127,90.62500000000081,10,9.939649343044008,9.951944545036822
127,90.67500000000082,10,9.939773686946046,9.952046944850723
127,90.72500000000082,10,9.939897808902536,9.952149157838361
127,90.77500000000083,10,9.94002170926733,9.952251184030239
127,90.82500000000083,10,9.94014538839103,9.952353023458263
127,90.87500000000084,10,9.94026884662103,9.952454676155766
127,90.92500000000084,10,9.940392084301575,9.952556142157508
127,90.97500000000083,10,9.940515101773792,9.952657421499696
127,91.02500000000084,10,9.940637899375755,9.952758514219992
127,91.07500000000084,10,9.94076047744251,9.952859420357534
127,91.12500000000085,10,9.940882836306134,9.95296013995293
127,91.17500000000085,10,9.94100497629578,9.953060673048283
127,91.22500000000086,10,9.941126897737712,9.953161019687201
127,91.27500000000086,10,9.941248600955356,9.953261179914803
127,91.32500000000087,10,9.941370086269348,9.953361153777724
127,91.37500000000087,10,9.941491353997563,9.953460941324133
127,91.42500000000088,10,9.941612404455174,9.95356054260374
127,91.47500000000088,10,9.941733237954686,9.953659957667805
127,91.52500000000089,10,9.941853854805986,9.953759186569147
127,91.57500000000088,10,9.94197425531637,9.953858229362151
127,91.6250000000009,10,9.942094439790603,9.95395708610277
127,91.67500000000089,10,9.942214408530946,9.954055756848543
127,91.72500000000089,10,9.942334161837211,9.954154241658603
127,91.7750000000009,10,9.942453700006787,9.954252540593675
127,91.8250000000009,10,9.94257302333469,9.95435065371609
127,91.87500000000091,10,9.942692132113603,9.95444858108979
127,91.9250000000009,10,9.94281102663391,9.954546322780327
127,91.97500000000092,10,9.942929707183739,9.95464387885488
127,92.02500000000092,10,9.943048174049006,9.954741249382252
127,92.07500000000093,10,9.943166427513438,9.954838434432888
127,92.12500000000092,10,9.943284467858636,9.954935434078866
127,92.17500000000094,10,9.94340229536409,9.955032248393906
127,92.22500000000093,10,9.943519910307224,9.95512887745338
127,92.27500000000094,10,9.943637312963444,9.955225321334309
127,92.32500000000094,10,9.943754503606163,9.955321580115372
127,92.37500000000094,10,9.943871482506836,9.95541765387691
127,92.42500000000095,10,9.943988249935007,9.955513542700924
127,92.47500000000095,10,9.944104806158338,9.955609246671083
127,92.52500000000096,10,9.944221151442648,9.955704765872728
127,92.57500000000095,10,9.944337286051942,9.95580010039287
127,92.62500000000097,10,9.944453210248458,9.955895250320198
127,92.67500000000096,10,9.944568924292687,9.955990215745084
127,92.72500000000097,10,9.944684428443423,9.956084996759568
127,92.77500000000097,10,9.944799722957784,9.956179593457383
127,92.82500000000098,10,9.94491480809125,9.95627400593394
127,92.87500000000098,10,9.945029684097697,9.95636823428633
127,92.92500000000099,10,9.945144351229441,9.956462278613339
127,92.97500000000099,10,9.945258809737243,9.956556139015433
127,93.025000000001,10,9.945373059870375,9.956649815594767
127,93.075000000001,10,9.945487101876626,9.956743308455186
127,93.125000000001,10,9.945600936002345,9.95683661770222
127,93.175000000001,10,9.945714562492475,9.956929743443085
127,93.225000000001,10,9.945827981590575,9.957022685786693
127,93.27500000000101,10,9.945941193538864,9.95711544484364
127,93.32500000000101,10,9.946054198578238,9.957208020726203
127,93.37500000000102,10,9.946166996948307,9.957300413548348
127,93.42500000000102,10,9.946279588887425,9.957392623425728
127,93.47500000000103,10,9.946391974632718,9.957484650475678
127,93.52500000000103,10,9.946504154420115,9.957576494817216
127,93.57500000000104,10,9.946616128484376,9.957668156571039
127,93.62500000000104,10,9.946727897059121,9.95775963585952
127,93.67500000000105,10,9.946839460376854,9.957850932806718
127,93.72500000000105,10,9.946950818669,9.95794204753836
127,93.77500000000104,10,9.94706197216593,9.958032980181844
127,93.82500000000105,10,9.947172921096978,9.958123730866236
127,93.87500000000105,10,9.947283665690485,9.958214299722272
127,93.92500000000106,10,9.94739420617381,9.958304686882355
127,93.97500000000106,10,9.94750454277337,9.958394892480548
127,94.02500000000107,10,9.947614675714657,9.958484916652564
127,94.07500000000107,10,9.94772460522227,9.958574759535773
127,94.12500000000108,10,9.947834331519934,9.958664421269198
127,94.17500000000108,10,9.94794385483053,9.958753901993505
127,94.22500000000109,10,9.948053175376126,9.958843201851009
127,94.27500000000109,10,9.948162293377981,9.958932320985657
127,94.3250000000011,10,9.948271209056601,9.959021259543029
127,94.3750000000011,10,9.94837992263173,9.959110017670337
127,94.4250000000011,10,9.9484884343224,9.959198595516424
127,94.4750000000011,10,9.948596744346938,9.959286993231748
127,94.5250000000011,10,9.948704852923,9.95937521096838
127,94.57500000000111,10,9.948812760267588,9.959463248880002
127,94.62500000000111,10,9.948920466597073,9.959551107121904
127,94.67500000000112,10,9.94902797212722,9.959638785850974
127,94.72500000000112,10,9.94913527707321,9.959726285225695
127,94.77500000000113,10,9.949242381649661,9.959813605406142
127,94.82500000000113,10,9.949349286070646,9.959900746553966
127,94.87500000000114,10,9.949455990549724,9.959987708832402
127,94.92500000000113,10,9.949562495299949,9.960074492406251
127,94.97500000000115,10,9.949668800533901,9.96016109744188
127,95.02500000000114,10,9.9497749064637,9.960247524107219
127,95.07500000000115,10,9.949880813301032,9.960333772571746
127,95.12500000000115,10,9.949986521257165,9.96041984300648
127,95.17500000000115,10,9.950092030542963,9.960505735583991
127,95.22500000000116,10,9.950197341368922,9.960591450478377
127,95.27500000000116,10,9.95030245394517,9.960676987865257
127,95.32500000000117,10,9.950407368481502,9.960762347921772
127,95.37500000000117,10,9.950512085187388,9.960847530826573
127,95.42500000000118,10,9.950616604271996,9.960932536759817
127,95.47500000000117,10,9.95072092594421,9.961017365903155
127,95.52500000000119,10,9.95082505041265,9.96110201843973
127,95.57500000000118,10,9.950928977885678,9.961186494554168
127,95.6250000000012,10,9.951032708571434,9.961270794432567
127,95.67500000000119,10,9.951136242677837,9.961354918262494
127,95.7250000000012,10,9.951239580412611,9.961438866232971
127,95.7750000000012,10,9.9513427219833,9.96152263853447
127,95.82500000000121,10,9.951445667597284,9.96160623535891
127,95.87500000000121,10,9.951548417461789,9.96168965689965
127,95.9250000000012,10,9.951650971783913,9.961772903351461
127,95.97500000000122,10,9.951753330770638,9.961855974910542
127,96.02500000000121,10,9.951855494628841,9.9619388717745
127,96.07500000000122,10,9.951957463565314,9.96202159414234
127,96.12500000000122,10,9.95205923778678,9.962104142214468
127,96.17500000000123,10,9.952160817499902,9.962186516192666
127,96.22500000000123,10,9.9522622029113,9.962268716280096
127,96.27500000000124,10,9.95236339422757,9.962350742681286
127,96.32500000000124,10,9.952464391655294,9.962432595602118
127,96.37500000000125,10,9.95256519540105,9.962514275249827
127,96.42500000000125,10,9.95266580567143,9.962595781832986
127,96.47500000000126,10,9.952766222673054,9.962677115561503
127,96.52500000000126,10,9.952866446612585,9.962758276646598
127,96.57500000000125,10,9.952966477696732,9.96283926530081
127,96.62500000000126,10,9.953066316132274,9.962920081737982
127,96.67500000000126,10,9.953165962126064,9.963000726173252
127,96.72500000000127,10,9.953265415885049,9.963081198823035
127,96.77500000000127,10,9.953364677616277,9.963161499905025
127,96.82500000000128,10,9.953463747526904,9.963241629638189
127,96.87500000000128,10,9.953562625824219,9.963321588242739
127,96.92500000000129,10,9.95366131271564,9.963401375940135
127,96.97500000000129,10,9.953759808408744,9.963480992953079
127,97.0250000000013,10,9.953858113111254,9.963560439505493
127,97.0750000000013,10,9.953956227031068,9.963639715822522
127,97.12500000000131,10,9.954054150376264,9.963718822130517
127,97.1750000000013,10,9.95415188335511,9.963797758657021
127,97.22500000000132,10,9.95424942617607,9.963876525630768
127,97.27500000000131,10,9.954346779047825,9.96395512328167
127,97.32500000000131,10,9.954443942179271,9.964033551840807
127,97.37500000000132,10,9.954540915779535,9.964111811540416
127,97.42500000000132,10,9.954637700057983,9.964189902613883
127,97.47500000000133,10,9.954734295224224,9.964267825295725
127,97.52500000000133,10,9.954830701488131,9.964345579821584
127,97.57500000000134,10,9.954926919059835,9.964423166428233
127,97.62500000000134,10,9.955022948149749,9.964500585353539
127,97.67500000000135,10,9.955118788968557,9.964577836836469
127,97.72500000000134,10,9.955214441727243,9.964654921117075
127,97.77500000000136,10,9.955309906637085,9.964731838436483
127,97.82500000000135,10,9.955405183909667,9.964808589036888
127,97.87500000000136,10,9.95550027375689,9.964885173161539
127,97.92500000000136,10,9.95559517639097,9.964961591054728
127,97.97500000000136,10,9.955689892024457,9.965037842961781
127,98.02500000000137,10,9.95578442087023,9.96511392912905
127,98.07500000000137,10,9.955878763141518,9.965189849803894
127,98.12500000000138,10,9.955972919051893,9.965265605234679
127,98.17500000000138,10,9.956066888815284,9.965341195670767
127,98.22500000000139,10,9.956160672645984,9.965416621362495
127,98.27500000000138,10,9.956254270758647,9.96549188256117
127,98.3250000000014,10,9.95634768336831,9.965566979519064
127,98.37500000000139,10,9.956440910690386,9.9656419124894
127,98.4250000000014,10,9.95653395294067,9.965716681726335
127,98.4750000000014,10,9.956626810335353,9.965791287484956
127,98.52500000000141,10,9.95671948309102,9.965865730021266
127,98.57500000000141,10,9.956811971424658,9.965940009592181
127,98.62500000000142,10,9.956904275553661,9.966014126455514
127,98.67500000000142,10,9.956996395695834,9.966088080869957
127,98.72500000000142,10,9.957088332069398,9.966161873095082
127,98.77500000000143,10,9.957180084892997,9.96623550339133
127,98.82500000000142,10,9.957271654385698,9.966308972019988
127,98.87500000000144,10,9.957363040766996,9.966382279243186
127,98.92500000000143,10,9.957454244256825,9.966455425323895
127,98.97500000000144,10,9.957545265075549,9.966528410525903
127,99.02500000000144,10,9.95763610344398,9.96660123511381
127,99.07500000000145,10,9.957726759583371,9.966673899353019
127,99.12500000000145,10,9.957817233715428,9.966746403509722
127,99.17500000000146,10,9.957907526062304,9.96681874785089
127,99.22500000000146,10,9.957997636846608,9.966890932644262
127,99.27500000000147,10,9.958087566291413,9.966962958158334
127,99.32500000000147,10,9.958177314620245,9.967034824662354
127,99.37500000000146,10,9.958266882057101,9.967106532426309
127,99.42500000000148,10,9.95835626882644,9.967178081720908
127,99.47500000000147,10,9.958445475153193,9.967249472817576
127,99.52500000000148,10,9.958534501262761,9.967320705988442
127,99.57500000000148,10,9.958623347381025,9.967391781506334
127,99.62500000000149,10,9.958712013734331,9.967462699644765
127,99.67500000000149,10,9.958800500549513,9.967533460677913
127,99.7250000000015,10,9.958888808053883,9.967604064880629
127,99.7750000000015,10,9.958976936475237,9.96767451252841
127,99.82500000000151,10,9.959064886041844,9.967744803897398
127,99.8750000000015,10,9.959152656982472,9.96781493926437
127,99.92500000000152,10,9.959240249526367,9.96788491890672
127,99.97500000000151,10,9.95932766390327,9.967954743102451
127,100.02500000000153,10,9.959414900343402,9.968024412130172
127,100.07500000000152,10,9.959501959077482,9.968093926269075
127,100.12500000000152,10,9.959588840336716,9.968163285798937
127,100.17500000000153,10,9.959675544352804,9.968232491000103
127,100.22500000000153,10,9.959762071357938,9.968301542153476
127,100.27500000000154,10,9.959848421584802,9.968370439540507
127,100.32500000000154,10,9.959934595266578,9.96843918344319
127,100.37500000000155,10,9.960020592636937,9.968507774144038
127,100.42500000000155,10,9.960106413930049,9.968576211926088
127,100.47500000000156,10,9.960192059380576,9.968644497072885
127,100.52500000000155,10,9.960277529223674,9.968712629868472
127,100.57500000000157,10,9.960362823694998,9.968780610597372
127,100.62500000000156,10,9.960447943030694,9.968848439544592
127,100.67500000000157,10,9.960532887467402,9.968916116995606
127,100.72500000000157,10,9.960617657242258,9.968983643236342
127,100.77500000000157,10,9.960702252592892,9.969051018553175
127,100.82500000000158,10,9.960786673757426,9.969118243232918
127,100.87500000000158,10,9.960870920974475,9.969185317562813
127,100.92500000000159,10,9.960954994483144,9.969252241830516
127,100.97500000000159,10,9.961038894523034,9.969319016324091
127,101.0250000000016,10,9.96112262133423,9.969385641332
127,101.0750000000016,10,9.961206175157308,9.969452117143089
127,101.1250000000016,10,9.961289556233336,9.969518444046585
127,101.1750000000016,10,9.961372764803864,9.969584622332082
127,101.22500000000161,10,9.961455801110928,9.969650652289532
127,101.27500000000161,10,9.961538665397054,9.969716534209239
127,101.32500000000162,10,9.961621357905244,9.96978226838184
127,101.37500000000162,10,9.961703878878982,9.969847855098303
127,101.42500000000163,10,9.96178622856224,9.969913294649917
127,101.47500000000163,10,9.961868407199455,9.96997858732828
127,101.52500000000163,10,9.961950415035552,9.970043733425289
127,101.57500000000164,10,9.962032252315925,9.970108733233133
127,101.62500000000163,10,9.962113919286443,9.970173587044286
127,101.67500000000165,10,9.962195416193442,9.970238295151496
127,101.72500000000164,10,9.962276743283729,9.970302857847765
127,101.77500000000165,10,9.96235790080458,9.970367275426348
127,101.82500000000165,10,9.962438889003733,9.970431548180755
127,101.87500000000166,10,9.962519708129388,9.970495676404726
127,101.92500000000166,10,9.962600358430203,9.970559660392222
127,101.97500000000167,10,9.962680840155297,9.970623500437432
127,102.02500000000167,10,9.962761153554244,9.970687196834744
127,102.07500000000168,10,9.962841298877066,9.970750749878748
127,102.12500000000168,10,9.962921276374237,9.970814159864224
127,102.17500000000167,10,9.963001086296682,9.97087742708613
127,102.22500000000169,10,9.963080728895763,9.970940551839595
127,102.27500000000168,10,9.963160204423291,9.971003534419918
127,102.3250000000017,10,9.963239513131509,9.971066375122549
127,102.37500000000169,10,9.963318655273103,9.971129074243079
127,102.4250000000017,10,9.963397631101184,9.97119163207724
127,102.4750000000017,10,9.9634764408693,9.97125404892089
127,102.52500000000171,10,9.963555084831421,9.971316325070012
127,102.57500000000171,10,9.963633563241943,9.971378460820695
127,102.62500000000172,10,9.96371187635568,9.971440456469132
127,102.67500000000172,10,9.963790024427867,9.971502312311609
127,102.72500000000173,10,9.96386800771415,9.971564028644496
127,102.77500000000173,10,9.963945826470587,9.971625605764244
127,102.82500000000174,10,9.96402348095364,9.971687043967371
127,102.87500000000173,10,9.96410097142018,9.971748343550454
127,102.92500000000173,10,9.964178298127475,9.971809504810123
127,102.97500000000174,10,9.964255461333188,9.971870528043056
127,103.02500000000174,10,9.96433246129538,9.97193141354596
127,103.07500000000175,10,9.964409298272495,9.971992161615574
127,103.12500000000175,10,9.964485972523368,9.97205277254866
127,103.17500000000176,10,9.964562484307216,9.972113246641985
127,103.22500000000176,10,9.964638833883628,9.972173584192324
127,103.27500000000177,10,9.964715021512577,9.972233785496448
127,103.32500000000176,10,9.964791047454398,9.972293850851116
127,103.37500000000178,10,9.964866911969796,9.97235378055307
127,103.42500000000177,10,9.964942615319842,9.972413574899017
127,103.47500000000178,10,9.965018157765961,9.972473234185635
127,103.52500000000178,10,9.965093539569935,9.97253275870956
127,103.57500000000178,10,9.965168760993894,9.972592148767378
127,103.62500000000179,10,9.965243822300321,9.972651404655613
127,103.67500000000179,10,9.965318723752036,9.972710526670731
127,103.7250000000018,10,9.965393465612197,9.972769515109121
127,103.7750000000018,10,9.9654680481443,9.97282837026709
127,103.82500000000181,10,9.965542471612173,9.97288709244086
127,103.8750000000018,10,9.965616736279959,9.972945681926559
127,103.92500000000182,10,9.965690842412133,9.973004139020215
127,103.97500000000181,10,9.965764790273486,9.973062464017751
127,104.02500000000182,10,9.965838580129118,9.973120657214967
127,104.07500000000182,10,9.965912212244438,9.97317871890754
127,104.12500000000183,10,9.965985686885166,9.973236649391024
127,104.17500000000183,10,9.96605900431731,9.97329444896083
127,104.22500000000184,10,9.966132164807183,9.973352117912226
127,104.27500000000184,10,9.966205168621388,9.973409656540333
127,104.32500000000184,10,9.966278016026806,9.973467065140115
127,104.37500000000185,10,9.966350707290612,9.973524344006368
127,104.42500000000184,10,9.96642324268025,9.973581493433722
127,104.47500000000186,10,9.96649562246344,9.97363851371663
127,104.52500000000185,10,9.966567846908168,9.973695405149359
127,104.57500000000186,10,9.966639916282688,9.973752168025985
127,104.62500000000186,10,9.966711830855509,9.973808802640388
127,104.67500000000187,10,9.966783590895394,9.973865309286246
127,104.72500000000187,10,9.966855196671364,9.97392168825703
127,104.77500000000188,10,9.966926648452674,9.973977939845994
127,104.82500000000188,10,9.966997946508824,9.974034064346167
127,104.87500000000189,10,9.967069091109552,9.974090062050353
127,104.92500000000189,10,9.967140082524828,9.974145933251119
127,104.97500000000188,10,9.967210921024842,9.974201678240798
127,105.0250000000019,10,9.967281606880015,9.974257297311473
127,105.07500000000189,10,9.96735214036097,9.974312790754976
127,105.1250000000019,10,9.967422521738563,9.97436815886288
127,105.1750000000019,10,9.967492751283837,9.974423401926495
127,105.22500000000191,10,9.967562829268052,9.974478520236863
127,105.27500000000191,10,9.967632755962661,9.974533514084747
127,105.32500000000192,10,9.967702531639308,9.974588383760633
127,105.37500000000192,10,9.967772156569827,9.97464312955472
127,105.42500000000193,10,9.967841631026237,9.974697751756912
127,105.47500000000193,10,9.967910955280733,9.97475225065682
127,105.52500000000194,10,9.967980129605687,9.974806626543751
127,105.57500000000194,10,9.968049154273636,9.974860879706698
127,105.62500000000195,10,9.968118029557285,9.974915010434346
127,105.67500000000194,10,9.968186755729498,9.97496901901506
127,105.72500000000194,10,9.968255333063286,9.97502290573688
127,105.77500000000195,10,9.968323761831824,9.975076670887518
127,105.82500000000195,10,9.968392042308418,9.975130314754345
127,105.87500000000196,10,9.968460174766522,9.9751838376244
127,105.92500000000196,10,9.968528159479721,9.975237239784372
127,105.97500000000197,10,9.968595996721733,9.975290521520604
127,106.02500000000197,10,9.9686636867664,9.975343683119085
127,106.07500000000198,10,9.968731229887684,9.975396724865446
127,106.12500000000198,10,9.968798626359662,9.975449647044943
127,106.17500000000199,10,9.968865876456528,9.975502449942473
127,106.22500000000198,10,9.968932980452573,9.975555133842562
127,106.275000000002,10,9.968999938622193,9.975607699029348
127,106.32500000000199,10,9.969066751239883,9.975660145786588
127,106.37500000000199,10,9.969133418580224,9.975712474397657
127,106.425000000002,10,9.969199940917887,9.975764685145537
127,106.475000000002,10,9.969266318527627,9.975816778312808
127,106.52500000000201,10,9.969332551684268,9.975868754181654
127,106.575000000002,10,9.969398640662716,9.975920613033853
127,106.62500000000202,10,9.969464585737933,9.975972355150772
127,106.67500000000202,10,9.969530387184953,9.976023980813364
127,106.72500000000203,10,9.969596045278866,9.97607549030217
127,106.77500000000202,10,9.969661560294808,9.976126883897305
127,106.82500000000203,10,9.969726932507973,9.976178161878456
127,106.87500000000203,10,9.969792162193588,9.97622932452488
127,106.92500000000204,10,9.969857249626925,9.976280372115397
127,106.97500000000204,10,9.969922195083289,9.976331304928397
127,107.02500000000205,10,9.969986998838012,9.976382123241825
127,107.07500000000205,10,9.970051661166448,9.976432827333177
127,107.12500000000205,10,9.970116182343977,9.976483417479505
127,107.17500000000206,10,9.970180562645988,9.976533893957406
127,107.22500000000205,10,9.970244802347878,9.976584257043017
127,107.27500000000207,10,9.970308901725058,9.976634507012017
127,107.32500000000206,10,9.970372861052931,9.976684644139619
127,107.37500000000207,10,9.9704366806069,9.97673466870057
127,107.42500000000207,10,9.970500360662356,9.976784580969147
127,107.47500000000208,10,9.97056390149468,9.97683438121915
127,107.52500000000208,10,9.97062730337923,9.976884069723905
127,107.57500000000209,10,9.970690566591344,9.976933646756253
127,107.62500000000209,10,9.970753691406337,9.97698311258855
127,107.6750000000021,10,9.970816678099482,9.97703246749267
127,107.7250000000021,10,9.970879526946021,9.977081711739988
127,107.7750000000021,10,9.970942238221156,9.977130845601389
127,107.8250000000021,10,9.971004812200038,9.97717986934726
127,107.8750000000021,10,9.971067249157773,9.977228783247496
127,107.92500000000211,10,9.971129549369408,9.97727758757148
127,107.97500000000211,10,9.971191713109931,9.977326282588088
127,108.02500000000212,10,9.97125374065427,9.977374868565688
127,108.07500000000212,10,9.971315632277276,9.977423345772142
127,108.12500000000213,10,9.971377388253735,9.977471714474788
127,108.17500000000213,10,9.971439008858352,9.977519974940455
127,108.22500000000214,10,9.971500494365753,9.977568127435449
127,108.27500000000214,10,9.971561845050468,9.977616172225552
127,108.32500000000215,10,9.971623061186952,9.97766410957602
127,108.37500000000215,10,9.971684143049549,9.97771193975158
127,108.42500000000216,10,9.971745090912513,9.977759663016435
127,108.47500000000215,10,9.971805905049992,9.977807279634252
127,108.52500000000215,10,9.971866585736025,9.97785478986816
127,108.57500000000216,10,9.971927133244542,9.977902193980752
127,108.62500000000216,10,9.971987547849345,9.977949492234078
127,108.67500000000217,10,9.97204782982413,9.977996684889648
127,108.72500000000217,10,9.972107979442455,9.978043772208427
127,108.77500000000218,10,9.972167996977756,9.97809075445083
127,108.82500000000218,10,9.972227882703335,9.978137631876733
127,108.87500000000219,10,9.97228763689235,9.978184404745454
127,108.92500000000219,10,9.972347259817822,9.978231073315754
127,108.9750000000022,10,9.972406751752624,9.97827763784584
127,109.0250000000022,10,9.97246611296948,9.978324098593363
127,109.0750000000022,10,9.972525343740957,9.978370455815416
127,109.1250000000022,10,9.972584444339464,9.97841670976853
127,109.1750000000022,10,9.972643415037247,9.978462860708671
127,109.22500000000221,10,9.97270225610639,9.978508908891243
127,109.27500000000221,10,9.972760967818795,9.978554854571081
127,109.32500000000222,10,9.972819550446202,9.978600698002449
127,109.37500000000222,10,9.972878004260163,9.978646439439045
127,109.42500000000223,10,9.972936329532054,9.978692079133994
127,109.47500000000223,10,9.972994526533057,9.978737617339847
127,109.52500000000224,10,9.973052595534169,9.978783054308579
127,109.57500000000223,10,9.973110536806194,9.978828390291588
127,109.62500000000225,10,9.973168350619728,9.978873625539695
127,109.67500000000224,10,9.973226037245178,9.978918760303138
127,109.72500000000225,10,9.973283596952736,9.978963794831577
127,109.77500000000225,10,9.973341030012385,9.979008729374089
127,109.82500000000226,10,9.973398336693899,9.979053564179162
127,109.87500000000226,10,9.97345551726683,9.979098299494707
127,109.92500000000226,10,9.97351257200051,9.979142935568046
127,109.97500000000227,10,9.973569501164052,9.979187472645911
127,110.02500000000227,10,9.97362630502633,9.979231910974445
127,110.07500000000228,10,9.973682983856,9.979276250799197
127,110.12500000000227,10,9.973739537921466,9.979320492365131
127,110.17500000000229,10,9.973795967490906,9.97936463591662
127,110.22500000000228,10,9.973852272832248,9.979408681697432
127,110.2750000000023,10,9.973908454213179,9.97945262995075
127,110.32500000000229,10,9.973964511901132,9.97949648091916
127,110.3750000000023,10,9.974020446163289,9.979540234844652
127,110.4250000000023,10,9.974076257266574,9.979583891968618
127,110.47500000000231,10,9.974131945477652,9.979627452531847
127,110.52500000000231,10,9.974187511062922,9.979670916774532
127,110.5750000000023,10,9.974242954288522,9.979714284936268
127,110.62500000000232,10,9.97429827542031,9.979757557256049
127,110.67500000000231,10,9.97435347472388,9.979800733972265
127,110.72500000000232,10,9.974408552464542,9.979843815322704
127,110.77500000000232,10,9.974463508907332,9.979886801544552
127,110.82500000000233,10,9.974518344316996,9.979929692874391
127,110.87500000000233,10,9.974573058957999,9.979972489548196
127,110.92500000000234,10,9.974627653094512,9.980015191801337
127,110.97500000000234,10,9.974682126990412,9.980057799868586
127,111.02500000000235,10,9.974736480909286,9.980100313984106
127,111.07500000000235,10,9.974790715114418,9.980142734381447
127,111.12500000000236,10,9.974844829868784,9.980185061293554
127,111.17500000000236,10,9.974898825435067,9.980227294952773
127,111.22500000000237,10,9.97495270207563,9.980269435590834
127,111.27500000000236,10,9.975006460052528,9.980311483438863
127,111.32500000000236,10,9.975060099627505,9.980353438727374
127,111.37500000000237,10,9.975113621061983,9.980395301686272
127,111.42500000000237,10,9.975167024617063,9.98043707254486
127,111.47500000000238,10,9.975220310553528,9.980478751531827
127,111.52500000000238,10,9.97527347913183,9.980520338875252
127,111.57500000000239,10,9.975326530612092,9.980561834802602
127,111.62500000000239,10,9.975379465254107,9.980603239540736
127,111.6750000000024,10,9.975432283317334,9.980644553315903
127,111.7250000000024,10,9.975484985060891,9.980685776353745
127,111.77500000000241,10,9.97553757074356,9.980726908879292
127,111.8250000000024,10,9.975590040623775,9.980767951116963
127,111.87500000000242,10,9.975642394959628,9.980808903290564
127,111.92500000000241,10,9.975694634008864,9.980849765623297
127,111.97500000000241,10,9.975746758028873,9.980890538337754
127,112.02500000000242,10,9.975798767276691,9.980931221655908
127,112.07500000000242,10,9.975850662009005,9.98097181579913
127,112.12500000000243,10,9.975902442482134,9.981012320988178
127,112.17500000000243,10,9.975954108952044,9.9810527374432
127,112.22500000000244,10,9.97600566167433,9.981093065383735
127,112.27500000000244,10,9.976057100904224,9.981133305028715
127,112.32500000000245,10,9.976108426896591,9.981173456596458
127,112.37500000000244,10,9.976159639905925,9.981213520304676
127,112.42500000000246,10,9.97621074018634,9.981253496370472
127,112.47500000000245,10,9.976261727991583,9.981293385010341
127,112.52500000000246,10,9.976312603575016,9.981333186440166
127,112.57500000000246,10,9.976363367189627,9.981372900875227
127,112.62500000000247,10,9.976414019088015,9.9814125285302
127,112.67500000000247,10,9.976464559522395,9.981452069619147
127,112.72500000000247,10,9.976514988744597,9.981491524355521
127,112.77500000000248,10,9.976565307006064,9.981530892952176
127,112.82500000000248,10,9.976615514557839,9.98157017562136
127,112.87500000000249,10,9.976665611650576,9.981609372574713
127,112.92500000000248,10,9.976715598534538,9.981648484023268
127,112.9750000000025,10,9.976765475459581,9.981687510177457
127,113.02500000000249,10,9.976815242675167,9.981726451247109
127,113.0750000000025,10,9.976864900430353,9.98176530744145
127,113.1250000000025,10,9.976914448973792,9.981804078969098
127,113.17500000000251,10,9.976963888553732,9.981842766038076
127,113.22500000000251,10,9.97701321941801,9.9818813688558
127,113.27500000000252,10,9.97706244181406,9.981919887629093
127,113.32500000000252,10,9.977111555988891,9.981958322564173
127,113.37500000000252,10,9.977160562189114,9.981996673866657
127,113.42500000000253,10,9.977209460660914,9.982034941741565
127,113.47500000000252,10,9.977258251650058,9.98207312639332
127,113.52500000000254,10,9.977306935401899,9.98211122802575
127,113.57500000000253,10,9.977355512161365,9.98214924684208
127,113.62500000000254,10,9.977403982172962,9.98218718304495
127,113.67500000000254,10,9.977452345680772,9.982225036836395
127,113.72500000000255,10,9.977500602928453,9.98226280841786
127,113.77500000000255,10,9.977548754159224,9.982300497990195
127,113.82500000000256,10,9.97759679961589,9.982338105753666
127,113.87500000000256,10,9.977644739540814,9.982375631907939
127,113.92500000000257,10,9.977692574175926,9.982413076652092
127,113.97500000000257,10,9.97774030376273,9.982450440184614
127,114.02500000000258,10,9.977787928542282,9.982487722703404
127,114.07500000000258,10,9.977835448755211,9.982524924405773
127,114.12500000000257,10,9.9778828646417,9.982562045488448
127,114.17500000000258,10,9.977930176441495,9.982599086147573
127,114.22500000000258,10,9.977977384393895,9.982636046578703
127,114.27500000000259,10,9.978024488737766,9.982672926976804
127,114.32500000000259,10,9.978071489711516,9.982709727536264
127,114.3750000000026,10,9.978118387553113,9.982746448450895
127,114.4250000000026,10,9.97816518250008,9.982783089913925
127,114.47500000000261,10,9.978211874789487,9.982819652117996
127,114.5250000000026,10,9.978258464657957,9.982856135255178
127,114.57500000000262,10,9.978304952341652,9.982892539516964
127,114.62500000000261,10,9.978351338076296,9.982928865094271
127,114.67500000000263,10,9.978397622097148,9.982965112177439
127,114.72500000000262,10,9.978443804639015,9.98300128095623
127,114.77500000000262,10,9.978489885936247,9.98303737161984
127,114.82500000000263,10,9.978535866222737,9.983073384356896
127,114.87500000000263,10,9.978581745731919,9.983109319355446
127,114.92500000000264,10,9.978627524696767,9.983145176802969
127,114.97500000000264,10,9.978673203349796,9.98318095688638
127,115.02500000000265,10,9.978718781923051,9.983216659792028
127,115.07500000000265,10,9.978764260648129,9.983252285705694
127,115.12500000000266,10,9.978809639756145,9.983287834812597
127,115.17500000000265,10,9.978854919477762,9.983323307297388
127,115.22500000000267,10,9.97890010004317,9.98335870334416
127,115.27500000000266,10,9.978945181682095,9.983394023136448
127,115.32500000000267,10,9.978990164623793,9.983429266857224
127,115.37500000000267,10,9.979035049097055,9.983464434688903
127,115.42500000000268,10,9.979079835330198,9.983499526813347
127,115.47500000000268,10,9.97912452355107,9.983534543411853
127,115.52500000000268,10,9.979169113987044,9.983569484665173
127,115.57500000000269,10,9.979213606865027,9.983604350753506
127,115.62500000000269,10,9.97925800241145,9.983639141856495
127,115.6750000000027,10,9.979302300852266,9.983673858153235
127,115.7250000000027,10,9.979346502412962,9.983708499822276
127,115.7750000000027,10,9.979390607318539,9.983743067041619
127,115.8250000000027,10,9.97943461579353,9.983777559988717
127,115.87500000000271,10,9.979478528061989,9.983811978840478
127,115.92500000000271,10,9.979522344347492,9.983846323773271
127,115.97500000000272,10,9.979566064873133,9.983880594962923
127,116.02500000000272,10,9.979609689861535,9.983914792584718
127,116.07500000000273,10,9.979653219534837,9.983948916813405
127,116.12500000000273,10,9.979696654114695,9.983982967823192
127,116.17500000000273,10,9.979739993822292,9.984016945787753
127,116.22500000000274,10,9.979783238878326,9.98405085088023
127,116.27500000000273,10,9.979826389503009,9.984084683273231
127,116.32500000000275,10,9.979869445916078,9.984118443138833
127,116.37500000000274,10,9.979912408336785,9.984152130648582
127,116.42500000000275,10,9.979955276983896,9.984185745973498
127,116.47500000000275,10,9.979998052075697,9.984219289284072
127,116.52500000000276,10,9.980040733829988,9.98425276075027
127,116.57500000000276,10,9.980083322464086,9.984286160541535
127,116.62500000000277,10,9.980125818194821,9.984319488826788
127,116.67500000000277,10,9.980168221238543,9.98435274577443
127,116.72500000000278,10,9.98021053181111,9.98438593155234
127,116.77500000000278,10,9.980252750127898,9.984419046327885
127,116.82500000000279,10,9.980294876403793,9.984452090267908
127,116.87500000000279,10,9.980336910853202,9.984485063538745
127,116.92500000000278,10,9.980378853690041,9.984517966306216
127,116.9750000000028,10,9.980420705127734,9.984550798735627
127,117.02500000000279,10,9.980462465379228,9.98458356099178
127,117.0750000000028,10,9.980504134656973,9.984616253238963
127,117.1250000000028,10,9.980545713172937,9.984648875640962
127,117.17500000000281,10,9.9805872011386,9.984681428361057
127,117.22500000000281,10,9.980628598764953,9.984713911562023
127,117.27500000000282,10,9.980669906262497,9.984746325406135
127,117.32500000000282,10,9.980711123841248,9.984778670055166
127,117.37500000000283,10,9.980752251710731,9.98481094567039
127,117.42500000000283,10,9.980793290079983,9.984843152412587
127,117.47500000000284,10,9.980834239157558,9.98487529044204
127,117.52500000000283,10,9.98087509915151,9.98490735991854
127,117.57500000000283,10,9.980915870269413,9.984939361001379
127,117.62500000000284,10,9.980956552718354,9.984971293849366
127,117.67500000000284,10,9.980997146704924,9.985003158620819
127,117.72500000000285,10,9.98103765243523,9.985034955473566
127,117.77500000000285,10,9.981078070114888,9.985066684564954
127,117.82500000000286,10,9.981118399949029,9.985098346051844
127,117.87500000000286,10,9.981158642142292,9.985129940090614
127,117.92500000000287,10,9.981198796898827,9.98516146683716
127,117.97500000000286,10,9.9812388644223,9.985192926446903
127,118.02500000000288,10,9.981278844915886,9.985224319074783
127,118.07500000000287,10,9.98131873858227,9.985255644875267
127,118.12500000000288,10,9.981358545623651,9.985286904002345
127,118.17500000000288,10,9.981398266241742,9.985318096609538
127,118.2250000000029,10,9.981437900637763,9.98534922284989
127,118.27500000000289,10,9.981477449012454,9.985380282875987
127,118.32500000000289,10,9.98151691156606,9.985411276839937
127,118.3750000000029,10,9.981556288498341,9.985442204893385
127,118.4250000000029,10,9.981595580008575,9.985473067187513
127,118.47500000000291,10,9.981634786295546,9.985503863873042
127,118.5250000000029,10,9.981673907557557,9.98553459510023
127,118.57500000000292,10,9.981712943992422,9.985565261018877
127,118.62500000000291,10,9.981751895797473,9.985595861778325
127,118.67500000000292,10,9.981790763169549,9.985626397527458
127,118.72500000000292,10,9.981829546305013,9.985656868414708
127,118.77500000000293,10,9.981868245399733,9.985687274588054
127,118.82500000000293,10,9.981906860649103,9.985717616195027
127,118.87500000000294,10,9.981945392248022,9.985747893382708
127,118.92500000000294,10,9.981983840390916,9.98577810629773
127,118.97500000000294,10,9.982022205271718,9.985808255086276
127,119.02500000000295,10,9.982060487083885,9.98583833989409
127,119.07500000000294,10,9.982098686020382,9.985868360866474
127,119.12500000000296,10,9.982136802273706,9.985898318148289
127,119.17500000000295,10,9.982174836035858,9.985928211883952
127,119.22500000000295,10,9.982212787498362,9.985958042217446
127,119.27500000000295,10,9.982250656852269,9.98598780929232
127,119.32500000000296,10,9.98228844428814,9.986017513251685
127,119.37500000000296,10,9.982326149996055,9.986047154238223
127,119.42500000000297,10,9.982363774165623,9.986076732394185
127,119.47500000000296,10,9.982401316985968,9.98610624786139
127,119.52500000000298,10,9.982438778645733,9.986135700781233
127,119.57500000000297,10,9.982476159333093,9.986165091294685
127,119.62500000000298,10,9.982513459235733,9.986194419542288
127,119.67500000000298,10,9.982550678540871,9.986223685664164
127,119.72500000000299,10,9.982587817435242,9.986252889800012
127,119.77500000000299,10,9.982624876105108,9.986282032089115
127,119.82500000000299,10,9.982661854736259,9.98631111267034
127,119.875000000003,10,9.982698753514002,9.98634013168213
127,119.925000000003,10,9.982735572623179,9.986369089262523
127,119.975000000003,10,9.982772312248152,9.986397985549141
127,119.99999999999999,10,9.982790652305813,9.986412410745903
