niche_id,grid_x,grid_y,quality_train,quality_validation,descriptor_centroid_x_train,descriptor_centroid_y_train,descriptor_centroid_x_validation,descriptor_centroid_y_validation,visit_count,decision_source_1_x_m,decision_source_1_y_m,decision_source_1_log10_emission_g_s,decision_source_1_height_m,decision_source_2_x_m,decision_source_2_y_m,decision_source_2_log10_emission_g_s,decision_source_2_height_m,decision_wind_direction_bias_deg,decision_wind_speed_scale,decision_lateral_dispersion_scale,decision_vertical_dispersion_scale
208,8,10,0.10941467216571718,0.1382232907858538,-201.26528331013807,32.786502973873,-201.26528331013807,32.786502973873,1019,-803.3361311938204,398.75803451322525,0.23261572878417763,48.27077085925723,910.470224187928,-642.9870339377674,-0.033738148654319886,66.47457716883828,3.3785260697588795,0.9364894217555769,1.1179245674889058,0.8440630647371892
209,9,10,0.12133800188140194,0.1297296827785322,-166.67114251533044,14.823229968655674,-166.67114251533044,14.823229968655674,753,-816.9851104236591,409.37963613593877,0.17069095219848643,41.590563670261034,886.2808450608729,-624.0204249216359,-0.03859453431661968,71.80390634567802,2.915328359403651,0.9159859141149786,1.0841839395204869,0.9168549386687926
189,9,9,0.12483004921798921,0.1312663513587807,-59.921472555456546,-47.887031053503065,-59.921472555456546,-47.887031053503065,921,-803.5323049154277,392.82218872170506,0.12198916360168637,43.50472166116488,915.189844069463,-625.7975843195064,0.004280674562087846,73.93846810118359,2.8929884945977458,0.9192613542501342,1.1154450791445056,0.9115154549974719
207,7,10,0.12824185537945915,0.16046445808043586,-380.15663563713184,138.08066786743373,-380.15663563713184,138.08066786743373,888,-813.1222070806072,377.68804792507433,0.4416845446925458,53.05557823740121,929.2479024571704,-586.5566047045279,-0.03893593356309486,67.56978905153721,3.3373302264397546,1.1993447297298183,1.0826434926360817,0.8748124106601061
227,7,11,0.14438361375735156,0.1091444377953869,-407.7537389546264,189.1807381655636,-407.7537389546264,189.1807381655636,947,-795.285726459827,407.421575579864,0.45085343501258157,51.66260130186333,918.1085238541308,-557.4861173737338,-0.08333741904293104,63.00370287264779,3.309111143360889,1.2,1.053346633766993,0.8430096254065922
171,11,8,0.16185399555325727,0.22367504221143827,195.29468867170254,-239.98902084302586,195.29468867170254,-239.98902084302586,734,-824.721089788794,422.31222186672903,0.25480246263825446,42.38344689227353,862.227270194908,-673.0316137851805,0.4393274180459765,83.31204906346571,3.1256274554896213,1.1080505840460677,1.086982083135165,0.801103492514727
190,10,9,0.1646235624152526,0.13518422675312344,129.06988446254488,-146.96528438527312,129.06988446254488,-146.96528438527312,774,-823.8351644620822,420.121385524339,0.2657142320292273,42.29268606871333,945.5424942432887,-632.8591663365645,0.33282224003974104,78.50283146323224,3.0325365524740593,1.0718218847659629,1.0555795794827214,0.7917328295199341
228,8,11,0.1730739969667383,0.2292802335589153,-350.57496556485944,227.69456259760378,-350.57496556485944,227.69456259760378,698,-760.5388260754911,479.22952110861615,0.3755444723403907,63.00533485066839,957.7797258635436,-575.0516663412692,-0.12843544956883204,68.52814897884288,3.3439420163001348,0.8202924102511189,1.1128932933808011,0.9616748203577696
188,8,9,0.18523089895296002,0.3324223147518284,-207.3000976488871,-1.2714491311925016,-207.3000976488871,-1.2714491311925016,665,-791.9510340760779,367.11463811591113,0.3358518603113799,44.48702235459204,876.5880343170306,-684.2247860206512,0.06776404892695184,71.70830986250492,3.091664602717664,1.2,1.151993369955433,0.8639415072153654
170,10,8,0.18606856679793604,0.2289272688953324,131.71294920574286,-188.4065311023515,131.71294920574286,-188.4065311023515,644,-802.7247783496791,420.5110634539616,0.3457747624700085,44.30773302563577,901.0953927362995,-689.76739549521,0.4301828551043011,79.19996928752174,3.0137123932898486,1.1938338525144168,1.1195788768622434,0.7613631539242658
191,11,9,0.22646216123748295,0.2309660016950398,219.76814282289283,-149.67403044065935,219.76814282289283,-149.67403044065935,654,-825.4374735615485,421.55446075551106,0.23596251782171626,41.983456792893676,1072.285039359433,-615.5937814389079,0.32446125726405545,107.20578781140232,2.7985209356127068,1.0999182999937362,1.137766382581915,0.8626644932541813
172,12,8,0.23570315116173862,0.29314090484372657,385.5035072636714,-356.05107429426147,385.5035072636714,-356.05107429426147,689,-829.1502862833133,420.44152042932916,0.1474044549779305,42.24696624565124,942.4083199570543,-712.0640100951432,0.48607599483442154,88.44216758330259,3.014229120200187,1.0811127503148423,1.0808127225805897,0.7374695895381161
226,6,11,0.24237876683846496,0.22726590969982935,-576.5611349603643,266.5939225309483,-576.5611349603643,266.5939225309483,834,-805.5243038744912,403.8258205425184,0.6505898727012192,59.66013891321404,898.4982725103138,-617.5011182873543,-0.15845401180034277,61.61637460439199,3.4342567096743437,1.1384485378181668,1.016562711242727,0.791845259828216
153,13,7,0.26858459253455036,0.3355635506752972,573.8158542223612,-459.856112233352,573.8158542223612,-459.856112233352,680,-835.3611593577215,398.86374424664865,0.05851476321973665,35.13088570844181,876.8026607044376,-644.4892594322412,0.7260565959765729,94.70203575859618,2.8695983290238205,0.9491624561391198,1.1212378743197018,0.7172208233846258
246,6,12,0.2686484190380888,0.432628155853872,-600.1212068550848,360.55645985124534,-600.1212068550848,360.55645985124534,655,-809.8184822879665,499.44680093121707,0.669628419405182,72.0300154585394,888.9897908734401,-625.7373961538136,-0.18170586391265756,58.105965855254944,3.126783802659935,1.1056067092958664,0.9879124321454198,0.7880795736857281
152,12,7,0.2727244277895546,0.28028833837344796,485.69665268978207,-363.1237581169801,485.69665268978207,-363.1237581169801,712,-830.1254473983232,426.0778948190178,0.12864565465871441,40.121007516799835,918.2458313675211,-622.5574055422077,0.6118073393214714,86.23503144726719,2.959516193005008,1.1449209704016823,1.0794200537039724,0.7984121557878028
210,10,10,0.27710029660617885,0.2146249716060985,1.3214460116207352,34.85422733590512,1.3214460116207352,34.85422733590512,590,-832.9760224028159,410.53762044286975,0.15884363635148124,37.95670616206192,1051.3909524773892,-437.99111874544144,0.058946515166264174,95.50867928203252,3.0080564910134737,1.170666546899732,1.14966700462215,0.8211275628777781
169,9,8,0.29049902740258393,0.25670277103937744,-0.006963790365842603,-180.76125392687774,-0.006963790365842603,-180.76125392687774,639,-783.8239428078323,389.2738413643153,0.11730862359924335,33.655254099489234,780.6139004195023,-748.4719576092099,0.11908313571760228,104.88609605073961,2.9761964937428416,1.05019547174437,1.137658472846806,0.7665609653842645
192,12,9,0.30258617274186905,0.30796535597762104,364.4685624509703,-98.17489032107548,364.4685624509703,-98.17489032107548,646,-814.0448200451135,421.7135695898933,0.18068967571674985,51.52127960052575,1163.7820108076987,-450.78339169605766,0.34930707420857965,110.33793320378419,2.8799664849237163,1.0886306807850328,1.1566152400239162,0.8688566196165338
173,13,8,0.31202980704261457,0.30383276045584257,549.7123409587853,-230.68072698965045,549.7123409587853,-230.68072698965045,658,-829.3290802756113,408.6256676704935,-0.014156555861802296,27.439575433711656,1140.7924293939407,-504.6980802571341,0.35377442546069376,120,2.5841987727823237,0.9071323331202431,1.1218891860332694,0.8044302864322515
225,5,11,0.3211840119199065,0.7351853505414274,-747.8514179274524,293.0314956652949,-747.8514179274524,293.0314956652949,537,-904.0930793235533,368.23770787832353,0.4505191598051569,98.50695369346904,920.0393961970481,-509.80015240074704,-0.5778516086391492,30.016499420144594,1.4561645603221143,0.9097911204172141,1.0496307385693195,1.0257964285603893
245,5,12,0.32326594428973837,0.811536782902818,-734.2669747309201,421.4498122062657,-734.2669747309201,421.4498122062657,527,-857.0324679001178,479.47763349776403,0.5190476697464245,84.35402099938322,881.5260427396158,-342.29043793558895,-0.6002617444840592,30.173215958438394,1.4737899751068475,0.8894687881489318,1.04314437952387,0.8999141015469199
211,11,10,0.3245359147891737,0.42261598953054585,261.3062659451835,60.04382894036502,261.3062659451835,60.04382894036502,612,-792.124975352083,440.6599957875415,0.0590494371095862,43.01461138001875,1357.5152379195297,-336.02839734233794,0.04176227880990248,105.52707844350539,3.1289356313920993,1.025327557999465,1.1942839999572028,0.7259627701073181
151,11,7,0.3260665630558411,0.35021059891684675,350.50151692833447,-368.18358035430947,350.50151692833447,-368.18358035430947,577,-776.795849539542,445.2677200014336,0.1518118070635195,52.20299603753683,864.6557820994481,-739.1943429336186,0.49275685664144464,114.91303021472007,3.0172092605694107,1.0695529632124596,1.1835424114517838,0.9926504218765589
247,7,12,0.33552268932304624,0.642895383858902,-498.59282044363533,395.1646379664681,-498.59282044363533,395.1646379664681,948,-736.6325537909465,563.2701682552618,0.5999736416218687,108.45703074253865,918.8591373642752,-605.8510734674028,-0.17488525140333602,53.03395076465949,4.6320033579722235,0.8813677108683479,1.1388395532930204,0.9289716698522111
133,13,6,0.3396030148730721,0.4243048354237636,679.3882107043703,-545.5891361953646,679.3882107043703,-545.5891361953646,623,-803.9162902932652,436.59358685887867,0.011503230686161364,29.362031923380894,908.5282125101103,-697.3161422031314,0.8226326330740806,111.21870743331677,2.8214243717540466,0.9077975895555366,1.095970563821164,0.8676606450920853
212,12,10,0.3478699514478433,0.4004412790689736,404.0151055616687,24.35168701611452,404.0151055616687,24.35168701611452,534,-794.1027811453855,438.8624045437393,-0.06168807470084196,42.01869219449961,1352.5044914673174,-303.79550140426494,0.0397790018297648,107.42941683813513,3.03990277497341,0.8422814177322565,1.2340676909481727,0.7
193,13,9,0.3527998095187352,0.30609937042726887,561.0845877873164,-171.7874939630701,561.0845877873164,-171.7874939630701,554,-827.0841492492035,410.57744172955876,-0.03484922304966523,29.403566759442235,1150.9763733350567,-419.25906034447183,0.33682068786936353,119.9863247379979,2.6093372289039594,0.9023501629580272,1.1340887116311062,0.7969975905470469
134,14,6,0.3672556023255215,0.4493481701735145,721.329819406145,-590.3131631069589,721.329819406145,-590.3131631069589,630,-801.2360817680673,433.3461768920551,-0.0041832849908333605,29.580263007737457,933.7283903704613,-733.1140630892762,0.8512412238269456,111.07611023860564,2.813753461102212,0.8776275699179512,1.0906734019413884,0.8768448403341157
154,14,7,0.3677658810300281,0.33276647780723445,725.0734518460127,-488.44078243885474,725.0734518460127,-488.44078243885474,661,-804.7675435068217,400.09324096127335,-0.0398840802879134,27.677151697250196,1269.3297776585314,-804.5457007958343,0.40895872881696127,117.33135908783416,3.156268590612066,0.9312965359896568,1.1264274527791946,0.7533288868942927
174,14,8,0.36862934128858577,0.4297909892138791,755.4675544243144,-355.0266945267223,755.4675544243144,-355.0266945267223,577,-819.2909652300671,404.8607704035758,-0.23261810997882415,27.809147735937533,1155.7596232932603,-548.1845162804262,0.36221887128349256,116.34285135473276,2.6993902844558595,0.8,1.1373208380328732,0.7845789123687966
168,8,8,0.38049613936156623,0.336281127214823,-209.36359248886637,-182.2475584844735,-209.36359248886637,-182.2475584844735,555,-802.2620133089671,421.21082132253696,0.16284967358432953,40.61145886699447,379.7538779321785,-781.8576463719526,0.16562806515633144,119.83633456426236,2.820608353805443,0.9972181588951121,1.0944891271853538,0.727004411736936
206,6,10,0.3902706463155457,0.4855871755960374,-563.3063306634454,179.5147738339198,-563.3063306634454,179.5147738339198,486,-775.0319603231883,289.0732956871103,0.36749543849439825,79.95339031498072,911.1768719696628,-583.464183590605,-0.4753709578157427,27.734641425735663,1.8593966513701672,0.939798328276012,1.2371301790128326,0.8344686076409049
132,12,6,0.39398590273307127,0.38585625069694274,525.9625599782322,-540.795114102322,525.9625599782322,-540.795114102322,624,-834.1376736630024,422.71556762870193,0.0834664058234368,41.74903460282289,884.7904073483542,-794.9928969510671,0.6621511812908476,83.60491455669376,2.938467096430929,1.0954326641585568,1.0929026077877046,0.8173142354837221
149,9,7,0.3979116236172378,0.367540878560561,-33.75704469385732,-377.3610720771598,-33.75704469385732,-377.3610720771598,542,-821.8864112073413,385.6663761859452,-0.12373282597163195,32.472537745043745,387.2503391750343,-784.9593718772345,0.14857497128804636,120,2.752115148651695,0.9067455790113518,1.1090623438397726,0.7
150,10,7,0.40052363435413485,0.3091545066114906,10.645013444873205,-364.5904390098281,10.645013444873205,-364.5904390098281,566,-817.6515134373493,405.256191007168,-0.10899946919541077,25.257825175504145,429.96494937849076,-754.3204802458208,0.18664086036340713,117.47759088154916,2.6995109519001472,0.9448770486484805,1.1065691908320838,0.7327835600673167
248,8,12,0.40452040206441064,0.6125246604993074,-352.16454800085256,420.2281147713998,-352.16454800085256,420.2281147713998,789,-563.0735143343021,589.5449410105858,0.7491637793317837,98.9089703214074,917.11438419474,-598.743644218898,-0.03029824904013662,48.03698154907045,5.301953113979307,1.1603028475316381,1.12702122759578,1.001938021173765
229,9,11,0.42143985214408536,0.30672364181079614,-173.101067753744,180.12654356090673,-173.101067753744,180.12654356090673,574,-773.4021627574524,455.74130395158033,0.47862267239657064,56.71420133835182,950.664472437335,-335.8251557994732,0.2063160974446598,108.69475359007758,2.321391680831427,1.1515908124697078,1.1582352965653695,1.2001743616983418
205,5,10,0.4231161152293983,0.6771185419984994,-750.1739338807987,177.68919912364626,-750.1739338807987,177.68919912364626,488,-915.4514143209079,246.44982127957434,0.45007130773454207,98.39232600667376,910.5321075568886,-513.2166661115317,-0.552007774184617,28.58250972152402,1.3206030310220753,0.8947100790355467,1.0228393505342221,0.985458209320182
155,15,7,0.43275767061814213,0.665761646035696,927.6341130553844,-393.35448685827873,927.6341130553844,-393.35448685827873,615,-798.1261719178505,442.759549729816,-0.06728430421899387,45.12198854669872,1442.0448581723729,-642.5814787580983,0.4583861344607477,117.14890855228091,3.100580047121368,0.8288608255214015,1.2907624346827586,0.7057298145637904
135,15,6,0.43635239451110036,0.4584782266082771,923.9689331218822,-575.1083925508278,923.9689331218822,-575.1083925508278,603,-791.6630776373241,432.34744944181836,-0.16340679200498942,33.4726336732596,1369.4984148987257,-836.7328413726999,0.422140901176767,115.61391188049677,3.214846060333176,0.8142081793037964,1.2608387864875021,0.773866075169412
194,14,9,0.43760894719428384,0.3744881747352687,814.607233179513,-44.77594146141655,814.607233179513,-44.77594146141655,621,-786.7193291071852,412.8716713481402,-0.15509403302078067,21.74619496153606,1391.6533681072576,-209.69157600478633,0.2881753381694047,120,2.3506247968231797,0.9779190913087488,1.1660198471206102,0.7066717696686481
187,7,9,0.4410876354525096,0.40345985181683724,-371.9284371080506,-2.62343574796668,-371.9284371080506,-2.62343574796668,498,-779.3572534609227,243.30511497443752,0.4000327864011193,49.77652321632313,822.3206319282215,-723.4854144826733,-0.0670103827647728,66.07649427453029,3.703861385120862,0.9716474229028046,1.08853711003131,0.8459478269300813
267,7,13,0.4438141990266873,0.5159973842934799,-539.1862778342152,544.0530938208743,-539.1862778342152,544.0530938208743,905,-640.0071662136077,618.5220385304706,0.7979308434154145,98.363971489579,961.4304009704625,-564.3416275555818,-0.37478840586146467,46.48536337162202,4.255359132938185,1.0337147175130101,1.141483704407459,0.8223309400103374
266,6,13,0.4445177819400023,0.9759505418457189,-560.0045607088193,545.1439218016992,-560.0045607088193,545.1439218016992,687,-726.4350962557658,654.7689300788668,0.4947048459377935,119.80061619464588,1000.5042396769672,-482.7371073417138,-0.4773283655712564,24.255012687739736,4.20175402137549,0.9670710450316545,1.1076288724554642,0.8721032234781062
213,13,10,0.44871817292921795,0.42472114813807454,571.5212208600628,82.61118203244371,571.5212208600628,82.61118203244371,566,-817.1651135443911,401.8897176090975,-0.17843294993719852,32.62239899669968,1266.1180280066217,-77.08640114934795,0.12243842918255134,120,2.325189054112796,0.8994585612038457,1.1945988942630954,0.7
175,15,8,0.4506029973879559,0.6724536934994216,988.0220561441577,-297.865393404273,988.0220561441577,-297.865393404273,620,-787.898965703139,451.78929096183805,-0.09374714415782479,46.825905659328114,1534.6060397269246,-528.5903179091326,0.4180196024006839,117.74643641007953,2.890558402153099,0.8,1.3,0.7726527131260257
244,4,12,0.4515314242790964,0.9013061617888414,-903.2332605642306,419.2571974211545,-903.2332605642306,419.2571974211545,526,-989.6249654529524,460.62098893183366,0.7201387898043418,111.3226099485969,902.8466705308525,-445.48223349603313,-0.6001261323971762,46.79293355550874,0.9579741026585684,0.872352954344762,1.163223974388861,0.9949854092683382
148,8,7,0.45395240659862357,0.38619098044380706,-182.54121052480517,-361.7436093729194,-182.54121052480517,-361.7436093729194,448,-803.2906370921323,411.8342464074189,-0.08763267622081108,28.914535927063113,215.23496549628567,-857.4522289176903,0.10564488241543887,120,3.399591488177116,0.9078716300217047,1.0521244259161657,0.703161841791085
131,11,6,0.46438262032697786,0.39312227547624506,329.4603464432742,-550.767104806242,329.4603464432742,-550.767104806242,558,-809.6419201452749,408.07103655650815,-0.24568231338775726,22.743524067381884,740.037490097384,-896.3699859999917,0.19748563358749038,118.70211678621884,3.477324242362078,0.8134249216259127,1.0436049574837667,0.7544167011829558
156,16,7,0.4735575073908458,0.5264160629371409,1186.6496149274246,-513.1119902141019,1186.6496149274246,-513.1119902141019,701,-808.3573866853872,409.7404904069506,-0.2894479000106158,22.902813405579753,1479.6494206288864,-648.6481548964745,0.5436291918426914,120,3.094657171213016,0.8321897832938544,1.1968487280720927,0.7503284393022496
231,11,11,0.4770676862767802,0.5410736106357221,230.25160414005197,223.87773414793415,230.25160414005197,223.87773414793415,517,-817.1864145679954,419.09833592629354,0.03339502551446638,38.907370997105836,1059.4446548835508,69.3334427766476,0.1348677051655063,119.73569920097562,2.510470987716634,1.0157186999874646,1.1791621451653866,0.7132858999963939
230,10,11,0.4899642477927125,0.35889124474923234,101.49266633716238,188.65631880147032,101.49266633716238,188.65631880147032,545,-809.3159495419184,419.0506495304947,0.14944226617877707,37.48142929630181,1075.4833863457998,-57.72029222354248,0.12031457736427245,120,2.3791705418358564,0.937420095740634,1.140728428776846,0.7
176,16,8,0.4910764359357682,0.4834619782498134,1084.3530689908043,-314.2518277567599,1084.3530689908043,-314.2518277567599,550,-807.9023745480278,410.2128691759602,-0.19363084613139267,22.965186275433748,1510.9740354922374,-477.58697907416837,0.4533067218766239,120,2.5973427814956307,0.826126806968059,1.1925993464474336,0.7760747322662702
232,12,11,0.4916837970930829,0.4931011265266209,364.649478514019,188.6264913040359,364.649478514019,188.6264913040359,511,-812.6414294345952,418.75663315024065,-0.04884259943851379,34.46127373155139,1120.6687721194792,40.84413258434555,0.1435083117642024,119.8609894999064,2.3322104846632814,0.8900620502535702,1.2034161113189694,0.7
136,16,6,0.4991486800409045,0.5584676500255176,1157.2308345615766,-553.3779339481835,1157.2308345615766,-553.3779339481835,640,-794.4651702110021,444.89313375484136,-0.22968467896699704,38.926190237490474,1455.6083031346668,-705.9947315450473,0.5859614690444417,115.6215195372461,3.2593531753762948,0.8,1.2458451515270403,0.7520961530168713
233,13,11,0.5076638537304494,0.5924833831653487,546.3888684778731,185.42967584518632,546.3888684778731,185.42967584518632,511,-809.2081542906142,420.0583125948672,-0.15177801357156234,34.366477285239675,1196.165853197699,72.96536266399104,0.1675882683241219,120,2.2976099425020555,0.9035177907737694,1.1807228692186171,0.7
195,15,9,0.5081886322594691,0.4650017946228407,901.2605596288867,-63.91977389226346,901.2605596288867,-63.91977389226346,613,-785.8289250481497,416.16679768285525,-0.20813404541379532,21.103499190512817,1361.8689716377478,-194.99279365109726,0.3556722079961283,120,2.3607724107437007,1.010303960791756,1.1655780386332135,0.7366689700080884
114,14,5,0.5121408307720545,0.5292542321801593,799.2462160809207,-727.7087075663918,799.2462160809207,-727.7087075663918,603,-810.6442236997412,397.83724260319065,-0.2977077577197311,28.559641901294047,1025.467064292576,-885.8697558320408,0.554555937208674,116.4194866472218,2.964543599890031,0.8308039071203722,1.2220113480334347,0.7784999062523817
214,14,10,0.5148895053716634,0.44971013808019933,856.3039641998673,2.692279578270555,856.3039641998673,2.692279578270555,531,-798.917552507719,419.7749060828492,-0.19116120913251355,21.04077190028884,1345.556547636261,-120.5895594167278,0.3381617865093993,119.90940826370094,2.366360073766513,1.0368349822415837,1.251379518711417,0.7148538902193885
157,17,7,0.5205918452199063,0.5339017849692309,1263.5735006421592,-494.2037290383204,1263.5735006421592,-494.2037290383204,646,-794.2033772767236,438.25476127464526,-0.16960469671186373,38.15234408656707,1666.3951083160011,-676.7378182233768,0.5386808278688099,114.07779530797025,3.175023385787589,0.8,1.294871379076731,0.7460858202960682
115,15,5,0.5212312190125808,0.524595806199033,1034.81589886707,-721.9859848869227,1034.81589886707,-721.9859848869227,555,-826.4144225199364,369.71329278207645,-0.18764671561985233,34.526757493244595,1235.8329604776104,-839.8919626897317,0.7789204830599155,117.94558498555661,2.6349920203424806,0.8850708281083218,1.0986294886219907,0.7221436760156946
224,4,11,0.5227692211313418,1.0631966501636527,-928.8652425988112,348.5909126048074,-928.8652425988112,348.5909126048074,513,-1003.8284344204294,379.8527858677182,0.7241619389489693,110.48210000828493,898.1569694616959,-413.3315116413689,-0.6627338184909971,47.146586505241984,0.9286092655956497,0.8988482284394017,1.1593607962440617,1.0011293593504689
137,17,6,0.5339764897898128,0.5267530053769964,1278.8577434712743,-574.8375040202494,1278.8577434712743,-574.8375040202494,654,-792.631082442932,438.27910929513575,-0.20671760275191792,37.3989236520474,1641.1923173198213,-752.0468482137945,0.5504552159530698,114.90789984599927,3.1587396395393688,0.8,1.2664629510819547,0.7665529659001036
265,5,13,0.5461832682175909,0.6000193895247629,-744.5907871325232,597.6503559689529,-744.5907871325232,597.6503559689529,511,-868.6767881117801,680.9806225053875,0.5923024191185137,100.8515770293821,994.5054189986422,-570.2440821283628,-0.5542984001264903,48.478092319507326,0.8185904918193252,0.8,1.1580136821232514,0.8790264797072849
215,15,10,0.5552469334178434,0.4557066305410232,910.8601501474574,9.883870559451111,910.8601501474574,9.883870559451111,581,-788.1402251117331,421.82411221196486,-0.2353610036173854,20.32499831343922,1349.5640526077127,-96.48443531323521,0.3526609735158557,119.76617429116662,2.3709983207032903,0.9650498448084938,1.223753773193084,0.7257270708240888
116,16,5,0.5591615973628963,0.5165526958141555,1188.7740028305457,-720.9809033322002,1188.7740028305457,-720.9809033322002,588,-801.7386939477174,434.2948577005134,-0.10108564706739734,42.087575873946264,1418.7692000144284,-854.4680581192758,0.8361605380044459,118.17998546097702,2.7444082662673153,0.9203159764913824,1.1060538744848876,0.7889714891055407
130,10,6,0.560112291623023,0.53275028478624,177.93005168030697,-554.9500039600729,177.93005168030697,-554.9500039600729,498,-807.6828134366585,387.81328647950187,-0.2568537764371216,37.19275957581958,410.04684969390934,-776.9755111409603,0.371146016264691,115.81019287200381,2.566725950712329,0.8832535309988813,1.1040914592714108,0.7
249,9,12,0.5645522289642791,1.1647847334481796,-143.72554421672692,386.7524805647773,-143.72554421672692,386.7524805647773,632,-475.5096045678964,670.9261865932065,0.3537825129369596,117.37914064716774,959.2167899429137,-557.9198171400947,-0.16791477588968654,68.1127056626815,4.903608690550043,1.091944800620641,1.1086040785524895,0.973101519651319
186,6,9,0.5683663833299987,1.1023505319981635,-716.5675210801921,-4.1397152939284,-716.5675210801921,-4.1397152939284,500,-957.0174001030227,72.41485719918221,0.17775591576424318,105.71647776954624,975.1430377810391,-542.7475080780785,-0.6695455813100377,36.699251584530636,0.7547735394770918,0.9417886093961257,1.253786775360389,0.9343198461483925
167,7,8,0.5742487865724237,0.6916620534971994,-369.97774538862757,-236.2870027511184,-369.97774538862757,-236.2870027511184,441,-861.6275220810192,317.0283210771629,0.2076844170564393,45.534000018689014,188.75973310332157,-865.104554396626,0.15213245974447714,119.78629936199954,2.131035446222934,0.888994734403694,1.051393550149362,0.7205899632705447
264,4,13,0.5817788060006182,0.9242774442544683,-900.6200952515411,579.1314213231393,-900.6200952515411,579.1314213231393,577,-986.6411061232968,630.3772573970823,0.6507685704869832,113.93161533686168,942.8970834298378,-519.1186245760899,-0.6802740765770042,40.464085647242435,0.7687868236406696,0.9065630797046468,1.1809646234858544,0.9150073272536335
268,8,13,0.5817794768652645,0.6772370574591249,-358.3246850552127,541.7769731955563,-358.3246850552127,541.7769731955563,717,-534.4692076458858,705.2290500936718,0.7086322531120226,104.99428600540071,849.1068161273844,-578.6506374836931,-0.12736110618404123,69.15661184017029,5.58129446469937,1.1235856557181116,1.0915951753388922,0.9652689809376426
204,4,10,0.5820955031043155,1.2356868133147092,-914.7724798044143,149.57183537163314,-914.7724798044143,149.57183537163314,588,-1043.3147740467177,201.33372022872487,0.41162430621513046,97.45152319332513,818.221743582023,-548.2766663817487,-0.7181267618642738,37.379712188081896,-1.4277958618268807,0.9137181545575005,1.1946360644494682,0.8443428260169094
177,17,8,0.5846877555661828,0.5380704654849117,1292.573282529983,-318.8740699794877,1292.573282529983,-318.8740699794877,546,-805.6976247519999,416.6029187478733,-0.20340378560335964,25.179683936848697,1793.0095475884195,-494.28485988169143,0.419108999405401,118.91728246246159,2.597136311025293,0.935502901524282,1.227202244198978,0.8451133831181881
196,16,9,0.5874027297635794,0.6016441409821986,1107.414108440627,-162.8322990482589,1107.414108440627,-162.8322990482589,524,-781.5541040502733,421.2074471487826,-0.207789790232322,20,1474.689789547222,-276.3882573536583,0.5034426866519893,119.94849014917058,2.2985573032532662,1.0294434383033262,1.1604677142751714,0.7421308419255079
158,18,7,0.5879793017746383,0.6584027296541146,1467.2798649559397,-478.43421982231166,1467.2798649559397,-478.43421982231166,632,-786.5405828646194,366.74001771868166,-0.1471450283916113,42.83848099277421,1784.0868315192454,-597.2356472704198,0.7049795631953483,119.1427657856708,1.9183683390417616,0.9316996324076838,1.2656822869665127,0.7483928695934927
185,5,9,0.5968460349845292,1.0883933024642574,-724.6705350978898,-1.5905823326453865,-724.6705350978898,-1.5905823326453865,516,-957.0393082605308,72.38702607974409,0.18430436977718903,105.66915172784687,975.1033743169645,-542.7356206647802,-0.6799090239483516,36.71290092960138,0.7038307631694598,0.8940053998618238,1.2562769109519623,0.9746449804019517
138,18,6,0.5974658830736881,0.8791782106402284,1458.7066497065236,-547.995575057763,1458.7066497065236,-547.995575057763,684,-789.6476545650545,410.494778897655,-0.11615865809286931,47.160737336031865,1768.2298940814276,-679.947662633412,0.7450128230379519,118.1932551085627,2.4070058649086854,0.9818563143564907,1.3,0.7128242490964596
129,9,6,0.6011886183963285,0.49889581678391465,-19.490869174520352,-577.5393132087079,-19.490869174520352,-577.5393132087079,517,-776.4001114666137,434.2657183230558,-0.34284887856309426,20,227.88369544809063,-908.2194201131864,0.1428398868289307,120,3.970295095443279,0.9404239702657782,1.0689026069409315,0.7053537158500075
113,13,5,0.6051255283897715,0.6591087578571762,716.5570846406221,-722.1694926207917,716.5570846406221,-722.1694926207917,519,-800.3929787334412,446.7438486151797,-0.29283725471029615,44.96997028366327,1044.8653806465472,-975.1533953250052,0.37185217269611104,116.13902610461464,2.7992963430014766,0.8,1.262940583422192,0.7508091098602996
117,17,5,0.6146806160968834,0.6634037811528604,1264.1255454240857,-741.1518164085139,1264.1255454240857,-741.1518164085139,556,-804.0148781218589,416.72567810449925,-0.07551538935216642,42.35397003515728,1437.9314930926143,-838.4595199506398,1,119.60842928127992,3.0473827167324825,0.9469021097051871,1.114065530557854,0.721467211544322
287,7,14,0.6263385703952857,0.8816520974771646,-516.7807134160976,742.2290812127677,-516.7807134160976,742.2290812127677,871,-607.5985097925122,824.4140617639654,0.869330679681396,111.54640362287654,928.6834510843189,-565.8344150049286,-0.3325056896914488,43.492413512563445,5.478827689188216,0.9968540016137614,1.1056433722476804,0.9028805626276872
112,12,5,0.6291364021911551,0.5271851465279583,470.92241403386936,-726.7264182504174,470.92241403386936,-726.7264182504174,531,-809.7064572549734,406.6505375547234,-0.3720840783793379,23.08562364724385,814.4869460062804,-1030.7865031816773,0.1993308873208867,118.33631107868962,3.373329567201251,0.845524357699695,1.0292136553260078,0.7136285934355839
234,14,11,0.6395652369292544,0.901173730795433,722.9691227965709,225.25182248652422,722.9691227965709,225.25182248652422,560,-794.7263579325615,422.8291708859262,-0.23733007803805223,47.05916521154465,1154.795684334042,169.03557352199826,0.3085452107267054,120,2.7247709547125516,0.9953771111951342,1.2129197603550115,0.7154474915976199
286,6,14,0.6531124902724121,0.9235969173477354,-559.7115781878015,753.3399376891067,-559.7115781878015,753.3399376891067,651,-664.6093827130463,850.025014937765,0.8445108733776994,120,955.9900466991726,-643.6933877590556,-0.3153364441581152,52.36021951309614,5.847247997412285,0.971898813078632,1.1115454243842229,0.891905820097075
147,7,7,0.6538118981973304,0.7263153199827,-429.17084743314194,-439.8271750684645,-429.17084743314194,-439.8271750684645,524,-767.1530231055128,431.3405028751095,-0.08770436084393554,20,-232.66555948066284,-946.3303806550806,0.1478151947193044,119.7667780637191,3.7115288604877508,0.8687817176120216,1.1140111016857246,0.7
127,7,6,0.6559903019563876,0.6466887111612838,-395.45422702436645,-602.8478332840288,-395.45422702436645,-602.8478332840288,645,-781.2131145213842,430.7128986971426,-0.2751634522605976,26.01018293695274,-257.9275288005884,-971.3220265953117,0.172765471835711,119.87772945336305,4.01968022705077,0.9395042979995182,1.1509065266487113,0.7
178,18,8,0.6567135656814026,0.7155057466707011,1449.1199711408117,-356.7335775070852,1449.1199711408117,-356.7335775070852,501,-784.502666397461,378.2143356714373,-0.2956763211501161,36.78298223212969,1800,-472.18662702949445,0.5081748312923505,120,1.7556152174646193,0.9605643752643287,1.2877083155328592,0.7
94,14,4,0.6691561632582715,0.6400001072610828,897.2639157382896,-902.8363229211357,897.2639157382896,-902.8363229211357,487,-800.9019604194903,440.9311399719084,-0.21760406087764714,37.448178313085705,1123.2392825501668,-1081.651802374868,0.6583149487830178,112.88679003911177,3.461708117741012,1.0765002459148343,1.1987800743239974,0.7723745050085569
111,11,5,0.6914387620555861,0.3382563376352354,342.3928604595333,-729.5884815331633,342.3928604595333,-729.5884815331633,550,-800.5873207390424,403.76019960736096,-0.39647963800619,20,545.6840812782388,-931.1666372984893,0.3534404380393699,119.0589645963115,3.1879680881384096,0.8589196288801745,1.0559962012761797,0.7
95,15,4,0.6942790859908377,0.6615843907957231,912.7238859860599,-901.6450775736224,912.7238859860599,-901.6450775736224,498,-804.4392757677948,444.5733331976256,-0.2267094897947691,36.13109371536068,1117.4538655137274,-1062.1489096005487,0.6969206302020167,112.50246957329391,3.044933473139196,1.1160084415975362,1.2028653664349485,0.7914867088074615
243,3,12,0.6961822776085823,1.201588180659584,-1087.9403077732736,449.32667842471136,-1087.9403077732736,449.32667842471136,483,-1155.9384381934785,480.8451042133695,0.7265890938619853,109.68379034318018,924.4393007394301,-483.44951641416947,-0.7446238419708313,41.57013645457832,-0.5181412480739769,0.865713480165344,1.247612154709743,0.9302299176210456
203,3,10,0.705362682270673,1.301377034937111,-1101.4009929572694,172.09156128039336,-1101.4009929572694,172.09156128039336,497,-1237.5859597914173,215.19858393975778,0.4684743687534848,95.63600214942448,946.356542487345,-476.09107248121575,-0.7086749946055477,37.46692065966584,-1.1393386742895113,0.9015378558893572,1.209748774602619,0.8584057229698802
223,3,11,0.7073606450203652,1.0657384576160998,-1084.5908741218698,252.1998810509223,-1084.5908741218698,252.1998810509223,518,-1221.3088112791286,304.5946619585738,0.45004460159919274,90.24463604095106,943.0395628707874,-524.8543571630248,-0.7211187032533477,37.53839691232469,0.8468034964240998,0.9162120110482316,1.1650333193410394,0.8050859046449399
128,8,6,0.7079717014727753,0.5871559722204022,-336.12253429955445,-595.1697058353126,-336.12253429955445,-595.1697058353126,548,-783.5799899168577,431.4244674361653,-0.3397796098151529,20.1563629111047,-179.361324852558,-954.824332645051,0.11573353346047659,119.86127355740581,3.845121182254947,0.9596826797176942,1.089999645381172,0.7
139,19,6,0.7096058632440001,0.8862614591478173,1623.0627709645705,-629.5319371050928,1623.0627709645705,-629.5319371050928,340,-782.5583203037866,379.26907974534896,-0.28871676352989606,41.261427359714844,1800,-703.7308444964185,0.8446912376294933,119.99977494907039,1.9973867956690212,0.9664936044502205,1.2710714072735183,0.7
118,18,5,0.7096184496640365,0.8266821133944701,1441.337405701245,-720.9500574037527,1441.337405701245,-720.9500574037527,575,-787.306869039166,423.21313758200637,-0.3307665119341351,46.002880498055156,1673.4702159596338,-840.1246699054259,0.651537713012237,115.23532033487814,3.1015441515258306,0.81155021032679,1.2818567439564648,0.7878886033631545
285,5,14,0.7101385465343955,0.9570615314024327,-773.5506989794075,779.7357026106224,-773.5506989794075,779.7357026106224,475,-886.4453822783181,866.2466584332359,0.6101723042844329,102.14112843403936,991.9639414051039,-573.1744132190354,-0.5840255293880962,48.56029141544217,0.9631965615931503,0.8,1.1697884591030399,0.8844053152425004
197,17,9,0.7145928337114799,0.627504938523139,1277.4748385105486,-58.23018379095431,1277.4748385105486,-58.23018379095431,541,-803.5393031439959,395.5480156270792,-0.2490262104641102,37.67764421848429,1541.8905115508728,-115.88768145444871,0.6469616269757246,120,2.5739233662774,1.0077631519252788,1.2813651431137858,0.7756664732196714
263,3,13,0.7264150573336078,1.4806784972742169,-1081.01532921425,638.4033417849403,-1081.01532921425,638.4033417849403,488,-1170.9684268967849,689.9530564388732,0.6495845410461114,111.96749376604548,887.1016616114798,-489.47187203687304,-0.6904502460116179,41.19460098931857,0.20928385270501276,0.9307055036470006,1.2843375487373967,0.8062526060861146
159,19,7,0.7299611290148694,0.986423876051067,1634.3329839162868,-526.0680654681688,1634.3329839162868,-526.0680654681688,286,-786.7976745235716,383.484902493457,-0.3419540297429199,43.90606564042423,1800,-588.3046596176914,0.8228281474058801,119.97163831941577,2.056928122459116,0.9483119276492523,1.2677845933229708,0.7
307,7,15,0.7311359256533563,1.0429948486029208,-483.66087132929795,912.1028843721776,-483.66087132929795,912.1028843721776,631,-641.5852686177906,1061.259372176739,0.44246420367239636,120,1010.0424216380418,-498.6705035681194,-0.5333509066507808,20,5.34798684918984,0.8828276119537476,1.0156700968146444,1.0539872547739624
253,13,12,0.7323576470931357,0.5457250335554764,692.6682479839961,399.1325267995901,692.6682479839961,399.1325267995901,537,-811.9143322459505,393.57663347216214,-0.2685948945765418,34.44023472624247,1524.2263529214442,402.2031778806923,-0.011071466088956676,119.87974834716108,1.8117144726412566,0.8346098127872604,1.2981832001668279,0.7
254,14,12,0.7383862659017514,0.5674451710008506,770.8531363740656,398.7617114185489,770.8531363740656,398.7617114185489,573,-814.1107585570574,387.52897604787796,-0.31825549115548735,28.19846460094716,1543.0828533250783,404.23455031640646,-0.005982627739180609,119.81109572358692,2.0593777263630573,0.835741018725074,1.2978376626830788,0.7096846140438976
250,10,12,0.7402455803440405,0.6867075567828743,24.345548102587376,408.93183801205043,24.345548102587376,408.93183801205043,532,-799.587840772711,415.2456418310937,-0.36048356314481267,32.09182469129445,1436.0583485633585,398.11387894971847,-0.5943378133081525,119.81059628434325,1.7934383183054656,1.1169964968928234,1.289583484743532,0.7101829963423646
92,12,4,0.7431575748615287,0.8365890861845449,466.4385272926351,-933.5435083072932,466.4385272926351,-933.5435083072932,487,-804.2247002528189,403.3688403664006,-0.4499867171359063,24.114023748447842,758.6002655099285,-1240.9378100902952,0.18842040497151963,118.69051859944689,3.319100212845454,0.8153754681191676,1.0237221578976774,0.7
165,5,8,0.7433399676782864,1.3127806900861245,-739.7359539303949,-215.12308815126937,-739.7359539303949,-215.12308815126937,582,-1090.7900507002557,-150.57161286476315,0.06400679565270732,114.30087087828707,984.2107712739918,-532.1206832547892,-0.6271429995461572,30.864030009664706,0.44631254451275615,0.8253350290604191,1.1873503140154458,1.0630303622133979
107,7,5,0.7450568191968828,0.9182148241127892,-389.13362124164854,-745.000083954244,-389.13362124164854,-745.000083954244,635,-793.086744944644,398.7299346271085,-0.4144966976186182,20,-264.4801322129013,-1097.9369198330116,0.0961298343548963,119.89220763312558,3.968798716084868,0.8840224693277784,1.1243538942751752,0.7
166,6,8,0.747460724489308,1.011063541087235,-613.6634598224085,-233.9614294917519,-613.6634598224085,-233.9614294917519,543,-862.5590418102395,310.69903917295943,0.32473926576856443,45.4171487988324,-264.74219420068533,-997.5090125497097,0.17802901441918065,119.85337810988241,2.323229693491335,0.9069355560192714,1.0865810811383625,0.7
235,15,11,0.7498955597305149,0.5591825801930376,938.3016531085312,190.24611846074936,938.3016531085312,190.24611846074936,520,-813.1892824635878,357.33903119189887,-0.3856258767550934,28.367044244487577,1464.3966795863016,140.05644944095087,0.13671782117061268,119.42139078453795,1.5811448321526034,0.8083726274022451,1.3,0.713142503822784
216,16,10,0.7502651860981683,0.6329356995635427,1082.9368310070795,3.609065329567335,1082.9368310070795,3.609065329567335,579,-808.6154829294588,379.32712108025123,-0.20659031982377563,41.846882861689345,1344.2003658676167,-48.28557519034868,0.6531492385879772,119.75479883241862,1.688720463843162,0.9707936464357899,1.1891801231077572,0.7895077485459321
251,11,12,0.751020017926261,0.4531655434485446,212.02739912049475,379.01137609997346,212.02739912049475,379.01137609997346,527,-808.5300615584102,374.6531042134349,-0.2024971255161347,29.288664930496427,1494.9593362775092,384.4901133680685,-0.3018632801400798,119.94381657897165,1.898099383146356,0.8,1.2951369808163409,0.7
184,4,9,0.7526909632956059,0.652091303514031,-1025.5564043568088,-23.820198317050085,-1025.5564043568088,-23.820198317050085,614,-1447.8259412067314,-847.5394039990227,-0.4814298092049677,113.85839398607133,-793.7011176901801,428.45882230782246,-0.22105706024207414,33.09818343745487,2.2852135080424816,1.0550291116921913,1.2770403922975049,0.7
96,16,4,0.7549801986608746,0.7334599064299119,1108.633120581455,-921.8556915304532,1108.633120581455,-921.8556915304532,523,-805.127258571405,429.158058147703,-0.28615255354060715,43.30069468267909,1270.0577862597204,-1035.8129796236856,0.7877651099148358,113.17438876158194,3.423938524570756,1.0541890144533297,1.1731676753655138,0.8012166739998944
305,5,15,0.7568746098063176,1.42105060329014,-788.6498827955169,944.6066951717576,-788.6498827955169,944.6066951717576,456,-922.2122667800504,1066.6229975836814,0.5566936326540708,102.63389829207989,880.4602028228798,-580.2136538659621,-0.5401071864527809,47.51637366869511,0.6609517474339655,0.8106634412246884,1.1235513216198505,0.8788367988907679
252,12,12,0.7607841901225247,0.467058816277012,432.99640831063675,369.299830162338,432.99640831063675,369.299830162338,539,-807.1337529012093,379.3234150635583,-0.2167869443988545,28.65598124680054,1529.21002897281,360.4394777249423,-0.1632148682545632,119.91472759906341,1.851240817192474,0.8052128634578289,1.3,0.7
108,8,5,0.7620185844351822,1.0023170399933161,-355.2734854864472,-803.2049696914052,-355.2734854864472,-803.2049696914052,521,-828.073596974153,351.16603018269166,-0.44938942160426976,38.13359823136401,-201.58601834327192,-1178.4425189295846,0.038649695441863724,119.77015420945196,1.5585268056254116,0.9099094045284197,1.1492827058675588,0.7
284,4,14,0.7632356214178521,0.9994935459450446,-904.7598123735626,746.6223517509746,-904.7598123735626,746.6223517509746,638,-970.856904574894,790.4228072069956,0.7597453351334557,116.90409607751796,986.617041632993,-506.73335400568885,-0.6968503807996916,44.026909216338005,-0.295172253810983,0.87360318718602,1.2659060729850053,0.9078208511838814
183,3,9,0.7642002911666907,0.7014028453701271,-1098.9009915719134,-166.7062804306152,-1098.9009915719134,-166.7062804306152,665,-1469.530194315417,-866.8863845443518,-0.5147531355107892,112.99345980825198,-790.4428003865677,416.02245983100454,-0.4350098076327096,20.0417255191991,2.3104501803779454,1.0892155940302763,1.2342001270690255,0.7
236,16,11,0.7643331181017479,0.646242820298307,1086.5204020430767,214.43112293066963,1086.5204020430767,214.43112293066963,596,-817.7363192620327,366.72480511606966,-0.34867092475361544,31.490392634697688,1429.0242735182992,187.03924075106139,0.39638908752762847,119.71000368739355,2.088325404829429,0.8283846850235268,1.2956311613113636,0.7370805833602382
255,15,12,0.7665145558928853,0.6210702826034955,951.2314544328558,386.9838559307216,951.2314544328558,386.9838559307216,534,-761.3662106002452,411.443622979553,-0.39503884334126765,32.66745382192115,1612.4399079743987,377.5403041412055,0.01827810684070283,120,3.481490635915588,0.8166114329936608,1.3,0.7
306,6,15,0.767180799232305,1.1925753520348978,-555.5870245282125,1012.2072067508051,-555.5870245282125,1012.2072067508051,602,-634.28194384018,1087.2745681914835,0.44766545862733076,120,1011.4145871162884,-482.5611644209614,-0.851457290091278,20,5.329044241107282,0.8720956908524468,0.9759619719272825,1.0309061066544363
288,8,14,0.7686169335821751,1.3963448190926424,-329.5484453880362,742.8427063589874,-329.5484453880362,742.8427063589874,688,-451.50117716071713,877.6998126128386,0.7599067926128381,120,829.6875252512841,-539.0573068132767,-0.2180735229802382,61.04918276430661,6.53258647558256,1.144673223580001,1.0228368364915168,0.7510573286851927
164,4,8,0.7727717546714287,0.7477669432787818,-1065.5857802005391,-194.80183336781266,-1065.5857802005391,-194.80183336781266,614,-1381.631917638917,-868.7640423891905,-0.49767780206803763,113.14045426486769,-777.0898660179755,420.4100631991347,-0.4580669819556495,20.002155040379705,2.2749095239643586,1.1289366634405043,1.2084122018123027,0.7
222,2,11,0.7742128749321574,1.3584732336184837,-1265.2475063642637,289.6742258379819,-1265.2475063642637,289.6742258379819,554,-1357.6881269806358,323.0023289214795,0.7471028223462424,115.08319069583415,1007.9409439214671,-529.8903605330532,-0.6436697659205723,39.16360102177397,-0.07796800877050471,0.894246502409236,1.2892676800661704,0.8779493024530708
110,10,5,0.7750083861285847,0.4279708739545219,171.95200540033474,-756.4123891874036,171.95200540033474,-756.4123891874036,491,-778.2821697863303,412.8828136882108,-0.42581025352378754,21.352286910194135,308.40576202390764,-924.3233391413529,0.4170348957859924,120,3.883569965662726,0.8768338160121988,1.075199853453169,0.7
163,3,8,0.7768579118269802,0.7245709975585917,-1140.3955625504066,-221.10144957874914,-1140.3955625504066,-221.10144957874914,719,-1461.313779849372,-806.2111191927563,-0.4513524678807732,112.10383806446771,-783.485667721696,429.6295447625624,-0.4975166851808661,20.308950666953002,2.227618245661643,1.0537944198705516,1.235387379697425,0.724136215933203
217,17,10,0.7826018016707774,0.6652337108876841,1270.4263869334336,8.623650983707716,1270.4263869334336,8.623650983707716,517,-804.0455983223446,426.1919949901151,-0.3430476363358783,37.59775406703303,1539.2263688860871,-45.48282243732641,0.5444307027080058,115.70457168706027,2.539206655725141,0.8113096043105603,1.2954404145713174,0.7178073086443134
146,6,7,0.7836387561313569,1.0072775570940176,-540.9902061067297,-403.4681737793923,-540.9902061067297,-403.4681737793923,579,-857.8692990547133,294.33374878662624,0.1394104163458015,43.75897839042273,-267.5101807769171,-1005.7006709857405,0.20337839114307651,119.8412078210939,2.2435059718335406,0.8852068839354326,1.042542212086937,0.7022082543936939
269,9,13,0.7849238108037833,1.330828493399801,-156.74070441127125,561.3512236173171,-156.74070441127125,561.3512236173171,486,-353.33849418404316,805.9922779886607,0.5917374307468076,114.63829241826161,820.533569471666,-654.7428588697833,-0.10470040463129918,62.90325087831413,5.9770671383969045,1.1735180276543893,0.9874032830763984,0.7731906888745576
202,2,10,0.79227032440123,1.4065805431705038,-1287.499845953765,146.43284212814845,-1287.499845953765,146.43284212814845,481,-1376.4011035537133,173.652919921999,0.7644477655556935,115.79521980239696,985.9741205341411,-549.6668520805742,-0.6433343153582278,41.438688315490815,0.15041158921787565,0.8458940217497815,1.2843088719672564,0.8722277501090266
270,10,13,0.7926449282772892,0.6651175441505551,136.15601757682415,542.3598417072783,136.15601757682415,542.3598417072783,463,-799.2530853954233,418.0965675270725,-0.34477739448168176,36.24303534502215,1415.9048558647103,712.3665053891534,-0.48090054651880043,119.05748792215954,2.126547257311359,1.0489287620411032,1.295661828278826,0.7
237,17,11,0.793504939635984,0.6284705539817167,1278.2945495894346,209.53825774266122,1278.2945495894346,209.53825774266122,555,-820.2438600870478,409.1554044881102,-0.2620145270257684,35.5155460583563,1696.0011798161386,169.80517241144477,0.4390310266685832,119.98495268916037,2.573563951812167,1.0292603290978037,1.2983427508611938,0.7
198,18,9,0.7955295338828506,0.785229118224991,1520.2144677092297,-141.95642602867534,1520.2144677092297,-141.95642602867534,484,-791.7641005901655,469.7478799050474,-0.29309252437952366,34.70386574328873,1759.2933195341311,-205.2120137422567,0.6923501180724055,118.08852934959727,3.4166461784309687,1.0779173057275675,1.0161528626115037,0.7
93,13,4,0.8031388753491193,0.6976117371249344,580.9749978551446,-903.5417442232578,580.9749978551446,-903.5417442232578,510,-800.0380947069253,437.9254613807567,-0.5080341367311482,31.90242428541959,823.6679847185889,-1139.285115999267,0.2471064325153085,118.18981855235131,3.087968988782949,0.8698772797082597,1.1334354715236654,0.7
271,11,13,0.8038885321363054,0.7139695083934322,234.47697115439675,553.4043076161486,234.47697115439675,553.4043076161486,509,-798.9980349215401,417.17133297935163,-0.38771973434565815,36.19795888725376,1432.329646587069,711.3055942379251,-0.4518231636039406,119.12983469794366,1.972830937794482,1.0679572015563754,1.2883833689474822,0.7129953600826971
238,18,11,0.8146594276729545,0.7697943992311027,1515.5739607667836,223.8016573313231,1515.5739607667836,223.8016573313231,520,-795.5120003728541,403.9299483651593,-0.42325444065147605,38.08590694013447,1800,201.63321477484712,0.4865923051847467,115.55563355464425,2.4617259971693812,0.8417951042861125,1.3,0.7
218,18,10,0.8158104763249265,0.789913615147493,1451.4049780939317,170.4146226952982,1451.4049780939317,170.4146226952982,543,-788.8817583487049,427.94169456485014,-0.2931303043763495,43.732296659148844,1791.2492173590817,131.34860029467393,0.5258933907315817,119.02376001914203,3.6120314738419834,1.012372971940356,1.3,0.7
272,12,13,0.817101246463072,0.7585351235632039,366.39421504141023,543.4695300939542,366.39421504141023,543.4695300939542,526,-800.389197110705,417.0228396347004,-0.43661960634952335,36.47451200220658,1485.9277932424786,664.7956599884677,-0.418666484021106,119.27129185080415,1.6564670546593612,1.0846446649951953,1.2229069678568425,0.7033178518317652
256,16,12,0.8228500945603403,0.6991026574715513,1123.19986334154,377.1221556765384,1123.19986334154,377.1221556765384,581,-756.2338486866796,419.0388189261344,-0.48694571777703755,33.626133498275166,1635.0059928988485,365.70743801747227,0.07797581206205131,119.73965290192545,3.49409777482121,0.8,1.299908489986441,0.7001087240190756
126,6,6,0.828812704127581,0.9982208122548074,-570.6828163421301,-560.782361899764,-570.6828163421301,-560.782361899764,599,-852.0919105993108,352.4059430391197,-0.11629229523874426,38.28040808243872,-350.94290002556164,-1273.8507232411775,-0.008863121668658686,119.75016343515773,1.7433348683568548,0.8872085269573575,1.1767285573333317,0.704130429491672
109,9,5,0.830320695943447,0.6102752138663688,-32.98250970855297,-732.4847489594436,-32.98250970855297,-732.4847489594436,492,-781.923372041398,416.0136585764187,-0.4000633145064687,21.283178385436344,139.96661201152762,-997.7016717769924,0.23646585100522008,119.73653313166604,4.08592195949952,0.9952723387157798,1.1205525034323311,0.7
119,19,5,0.8304569125605158,1.0571626214244148,1626.8097382969127,-748.3900220269811,1626.8097382969127,-748.3900220269811,304,-787.4382941385883,377.36459168531854,-0.38992902479011515,46.242399231946166,1800,-829.1479779382489,0.754329392876559,120,2.0665611899822753,0.9239477950713526,1.2929974372506716,0.7081349080497683
289,9,14,0.8329075759911719,0.7231845853163883,-171.77990614939765,861.878758329061,-171.77990614939765,861.878758329061,682,-780.8762422769341,468.1108556755144,-0.4584534827316687,21.39719243333172,1279.3444930069522,1800,-0.8354721399985293,118.85086591303737,3.3870768524384296,1.1992949938576443,1.2436985601582433,0.7
257,17,12,0.8423060017556456,0.7204587326666245,1287.3404344326543,391.0343354959206,1287.3404344326543,391.0343354959206,544,-755.3877499771497,414.4550834149871,-0.4936714111056286,35.90503978036908,1800,385.1564754139537,0.1067101048223609,119.846950654838,3.494748816473087,0.8,1.2577218447057887,0.7
144,4,7,0.8435182043150109,0.9727786892685384,-1069.082909635353,-381.22699006348813,-1069.082909635353,-381.22699006348813,530,-1335.2744802870066,-1052.9122584655765,-0.48811328609506477,120,-748.3962490123884,427.9665737529457,-0.5689998825760456,20,3.0472813539963792,1.0530867841921332,1.291054587311672,0.7
106,6,5,0.8450151608944495,0.9833477349846708,-547.2816029979464,-757.8525939590332,-547.2816029979464,-757.8525939590332,616,-777.8171661230904,429.9931317568681,-0.35049982905267457,22.021089475774307,-456.44650425306037,-1225.8848677064175,0.05398440880531016,119.85374848274226,3.968930071466286,0.9509270521276041,1.104810034265314,0.7
143,3,7,0.8470823146477842,0.8339152163118619,-1162.6807505890117,-363.36776196446004,-1162.6807505890117,-363.36776196446004,635,-1389.4813604981487,-851.8120394704695,-0.330713269352346,114.90414896911027,-795.1615931904239,428.1320024192811,-0.5403490333877188,20.303840943378297,2.35012189809393,1.0669150284693287,1.224303017543547,0.7058576136133246
283,3,14,0.8477308929980043,1.4367432506681406,-1088.6346866990173,731.3689881947412,-1088.6346866990173,731.3689881947412,608,-1171.2232960486463,781.9746089898102,0.6305282563772773,113.7071908623418,880.8594165899773,-475.42541764441125,-0.7469062750808834,41.32217387566581,-0.11550586057472303,0.9594788724018508,1.3,0.8742828140684125
162,2,8,0.8512393800580794,0.7311961808789906,-1263.419787903606,-221.1696345132013,-1263.419787903606,-221.1696345132013,760,-1582.440909526283,-650.4006885833088,-0.3248776721812164,114.97869205597469,-794.889036962114,409.2210652246567,-0.49179633465869427,24.022799097930413,2.883920090520694,1.0540632304976676,1.2624216423486543,0.701722348426435
91,11,4,0.8519389952988021,0.6491077677040772,216.0607576451999,-906.3096833300601,216.0607576451999,-906.3096833300601,527,-822.5094140543379,385.5519548258409,-0.42060108481918634,32.47773716136384,479.7118699085487,-1234.2612912919844,0.17480515261828197,119.9363022770871,2.7427640504743387,0.9316523753244567,1.1032189996087787,0.7
275,15,13,0.8537759225229008,0.8136834529887707,1008.9996648106967,555.1350192223163,1008.9996648106967,555.1350192223163,576,-794.9673049789833,413.42285589944026,-0.4327907815903345,41.46520285369294,1468.4052289085369,591.2240149861697,0.1612415490032863,120,2.200852687366202,1.0569689501088948,1.3,0.7
124,4,6,0.8541258818021851,0.9481451086719527,-1048.530982948752,-556.1237887137057,-1048.530982948752,-556.1237887137057,469,-1307.3071065338195,-1516.589890179116,-0.48162184929637153,119.17931423002942,-774.8446672590236,459.6825577652908,-0.5059507296007538,20.883587840997663,2.7594846313692876,1.046089865664682,1.2149391768102809,0.7
90,10,4,0.8567911186127277,0.5967118963102797,90.68450939194888,-901.645594256164,90.68450939194888,-901.645594256164,486,-814.8712128817012,381.57879993017104,-0.37454576377573856,31.68395223714653,337.7783166702488,-1251.7916905734417,0.18950755433056482,120,2.7872963409097866,0.9295057245187031,1.0694927680127495,0.7
309,9,15,0.8573426851827467,0.7368415041517327,-68.28067302914368,908.2433336996992,-68.28067302914368,908.2433336996992,508,-774.6705057360596,464.18783987989264,-0.5007693136416652,20.87385903202152,1350.2984259578964,1800,-0.8035784307317368,118.67587641077621,3.4264147279999273,1.1519731714641879,1.195014004448767,0.7062259737874486
123,3,6,0.8577779306286886,0.9878908720121353,-1096.7431845337615,-575.5256779872385,-1096.7431845337615,-575.5256779872385,555,-1358.5350028117955,-1470.2705094521912,-0.454227471987948,119.37148378348456,-795.7931899415405,453.0528847882233,-0.5147657423277504,21.93124769532734,2.7303600646886452,1.0755940370833483,1.2054465908729708,0.7172033938589588
179,19,8,0.8583546145167672,0.9121547388023868,1634.5108889898702,-321.7646656477643,1634.5108889898702,-321.7646656477643,216,-794.6978146969207,403.69183510908425,-0.26613690671553414,40.776348827790656,1799.9821538226042,-371.1808416145215,0.9006053352023995,119.84508984071483,1.6173941256068598,0.9455880454795877,1.289892088101712,0.7207672636939761
87,7,4,0.858363781162418,0.9766546537911778,-485.73377653491593,-925.5746008807387,-485.73377653491593,-925.5746008807387,658,-819.539218838067,348.3656457029441,-0.40136217189484996,43.04218340760529,-270.4924228172026,-1747.0250282261552,-0.21079447362761514,119.81635157168031,1.1306533645959436,0.8480417300486841,1.17086812801606,0.7799360082476705
273,13,13,0.8590405747602775,0.8052752413606953,548.1699913547952,548.4602141626885,548.1699913547952,548.4602141626885,499,-791.8023659927776,392.7949471904907,-0.46940081619478236,45.1220073319901,1479.8779138179318,656.697195093718,-0.3115847652968201,119.18997830731787,2.0059238252106852,0.9855985177248465,1.207973228245549,0.7
364,4,18,0.8596610684794171,1.3429162522318394,-900.5836355655078,1444.8019961261632,-900.5836355655078,1444.8019961261632,460,-1234.1236017844635,1800,0.1535591183439802,110.20769099840567,917.2593191799992,-491.08051954768354,-0.5828493625951102,44.638958085946776,3.2849950028731136,0.8845769089044603,0.8946939764200614,0.9440631332627907
142,2,7,0.8598813013589188,0.8079147306680234,-1285.732802008451,-375.72149864309364,-1285.732802008451,-375.72149864309364,650,-1538.3780978296165,-808.5565288319498,-0.2882290638727415,107.03698790331549,-812.44912719647,435.1139179013015,-0.5608393720650429,20,2.361058980833824,1.0810361013686154,1.1978055910382739,0.7349131583796983
86,6,4,0.8604342024033411,0.9912848806474017,-579.1472940799911,-920.7746496852261,-579.1472940799911,-920.7746496852261,664,-807.4688112844333,432.57972936896385,-0.31576944497727033,35.888716743406796,-430.8150693091439,-1800,-0.128458113864026,119.31675207602389,2.937296304346709,1.0630090409080848,1.2288554909572655,0.7559340851757743
145,5,7,0.8606168504483991,0.9936620071474865,-721.4243583531644,-389.31281131449623,-721.4243583531644,-389.31281131449623,519,-819.2838502048382,350.38141424147466,-0.3293573244976714,43.36218888780853,-586.5213763783726,-1409.0090603843612,-0.46877591787776535,119.49030310291273,1.625054473285186,0.9106072259073793,1.1006991847744765,0.8627247219132285
97,17,4,0.8628724165004558,0.8063656311196448,1323.0687535664558,-907.4703246028221,1323.0687535664558,-907.4703246028221,447,-801.3815035265126,425.2036364550583,-0.32615399481566615,42.56088142691048,1475.0295588779263,-1002.7957894678349,0.8193609855289969,115.46068184187435,2.993664994594851,1.1645409620433047,1.127477875652412,0.8415056139156385
310,10,15,0.8631788450985094,0.7236957499817731,23.241418621629077,901.5877541446829,23.241418621629077,901.5877541446829,643,-781.2190389568001,409.580954729303,-0.49212327663398203,21.09739728487643,1492.1990168776183,1800,-0.7536278349475852,118.31820040496498,3.409904953112883,1.0770794871256513,1.2542880026839809,0.7
308,8,15,0.8641466986608295,0.6175503510053563,-341.9254003795435,901.2411236294511,-341.9254003795435,901.2411236294511,569,-780.9239231832729,431.2469578587933,-0.2817941381414228,27.01321524526412,497.5612311969442,1800,-0.5633448638613867,118.93131238612216,2.059325032563476,1.119249518696025,1.2067791167632966,0.7057150961087713
182,2,9,0.8644310253093476,0.7416313982360364,-1264.9626532054906,-135.95049166449397,-1264.9626532054906,-135.95049166449397,499,-1774.9164040528258,-729.6818404764431,-0.5400782309837338,114.13699078290568,-794.6387199331181,411.64046695940846,-0.5049445196565672,24.259574016157437,2.850209956195712,1.0813761880455197,1.2242885612526373,0.7082213263515202
219,19,10,0.8661303223899856,0.9516281883973913,1624.3973123311166,127.0324558817695,1624.3973123311166,127.0324558817695,259,-782.2417774738209,435.1751056044738,-0.366039787923134,45.94141158438859,1798.809011329657,104.70102974491363,0.7737955658148324,117.90126031973973,3.4420675484102743,0.9901286402902268,1.249279231826071,0.7257722572188746
290,10,14,0.86655206781668,0.728197930677898,10.406592847952897,870.4435766249733,10.406592847952897,870.4435766249733,511,-785.147185582152,402.53512849995144,-0.4818753633760756,24.26629099850003,1492.2485592971336,1741.9954360806748,-0.7520077106839373,118.30074248861767,3.135227833902472,1.0848682265511052,1.250269832099381,0.7
88,8,4,0.8679627099137592,0.9771733801043746,-349.15878960766617,-910.7845120342248,-349.15878960766617,-910.7845120342248,529,-797.2763761845218,436.13992576164225,-0.5668107566042055,20.000018964352197,-262.84820402290933,-1170.2115919947257,0.14851716858199662,117.91580370668422,3.78609796038865,0.9777197605496989,1.12449166556051,0.7248561391027791
125,5,6,0.8696616007121508,0.9953944405009862,-731.0105372042477,-564.846145476994,-731.0105372042477,-564.846145476994,515,-794.5237983765497,449.76922970847437,-0.5638144107065033,22.102821185606196,-677.5276528114736,-1419.2276685256058,-0.4891648191878253,119.82016035156465,2.5525010035908067,1.0977497018992737,1.1980089001393914,0.7140518412686295
67,7,3,0.869798527502835,0.991969378493257,-511.79559883127223,-1116.2504502204995,-511.79559883127223,-1116.2504502204995,655,-844.7637943049541,434.30391075604075,-0.4730305701749591,32.765768947382995,-365.08652941179025,-1799.439987466161,-0.11708478007733142,117.58368172339155,2.060846500323384,0.9932017414520643,1.261231384010512,0.7532663535885585
274,14,13,0.8728492836400125,0.7826484628045246,880.8987123978964,541.1189252160224,880.8987123978964,541.1189252160224,486,-801.0011371622959,418.64433778516724,-0.3841873057086239,42.185742388147176,1474.3362922904025,584.3325700607529,0.06823778113114397,120,2.331025755758534,1.0497500183615704,1.3,0.7
122,2,6,0.8735240758315481,0.97572840536922,-1285.643434785714,-685.6971250804897,-1285.643434785714,-685.6971250804897,652,-1605.1207948478725,-1437.160979566922,-0.49999040278235046,117.62224999065889,-817.2484838791819,416.04565619741544,-0.666162520633745,20,3.6113719660145547,1.044080020066533,1.2456017580869467,0.7
311,11,15,0.8758498176398769,0.6252093323483445,221.3962589817527,980.961741536552,221.3962589817527,980.961741536552,720,-812.9298874344266,421.570907533538,-0.31042315160739775,20.314405128657278,1603.4154748148958,1728.394149033701,-0.436279729971855,119.98390082592299,3.4804614943257364,1.140486689382721,1.1880309769022313,0.7
66,6,3,0.8761792691430541,0.9985096604766208,-546.6643458828531,-1084.9515959303355,-546.6643458828531,-1084.9515959303355,617,-828.749494339347,434.50381886444154,-0.4341861567497837,34.52786497504064,-417.1355701392784,-1782.660074211558,-0.09617219598813623,117.00955725296168,2.103954827526427,0.9727553289559849,1.2639067049509347,0.7667079005952149
329,9,16,0.8783151796885068,0.7027990157162133,-165.06065165405832,1087.915355626832,-165.06065165405832,1087.915355626832,740,-778.5158945116311,441.3080010566856,-0.4176242748007907,26.475247103743992,510.51480439606416,1800,-0.4595152553948244,119.11446149980492,2.3951508975742875,1.123418301537975,1.183830485582408,0.7141367392733382
89,9,4,0.8830907795957201,0.8467513642629745,-36.43746949477717,-909.7896555576003,-36.43746949477717,-909.7896555576003,492,-794.0229236103385,438.68058091465804,-0.4160585838679238,34.74288498352077,157.54980570988982,-1255.0788443174788,0.17559980074337334,118.53733088181994,2.6766709874616197,1.0663683104117518,1.0890853352134144,0.7175766887789036
312,12,15,0.8844992238310772,0.7116074626920408,360.550882903088,1043.391602261964,360.550882903088,1043.391602261964,496,-812.8332997803228,420.5420388120248,-0.4231913821125025,20.344918998359944,1624.1873172041012,1714.148386850544,-0.45537329190088793,119.95681774918766,3.6336383356044903,1.15845214665703,1.1768047670989903,0.7145530149652255
239,19,11,0.8847251518657425,0.8874284234214249,1640.9144024958962,216.2886756018371,1640.9144024958962,216.2886756018371,260,-772.824713112412,368.66594012717104,-0.3356436783030514,40.63054866833208,1790.8086978914323,206.82597826531574,0.8712615451096709,119.4974039101393,2.1358035621821276,1.0790399934237933,1.2817053241868186,0.7
325,5,16,0.8848545425691109,1.2064812624310264,-767.1490884786543,1252.1836093169434,-767.1490884786543,1252.1836093169434,495,-1299.156235692355,1800,0.09569162679669442,116.03540959523623,933.8134910321929,-499.3251549445942,-0.4090856657841164,42.618570610349785,2.441345761195956,0.8,0.7890294712866768,1.0311614075444344
276,16,13,0.8849697189756752,0.975771969996091,1103.2506798893019,558.2928350098334,1103.2506798893019,558.2928350098334,562,-792.1457218220327,413.45837406248404,-0.4526380487473074,41.71788886549293,1513.3244812909668,589.6281366496462,0.21219997888580647,120,2.1468972822239505,1.0990638001949076,1.273616588036579,0.7
332,12,16,0.8850782677407096,0.7179083670502758,442.8889801993073,1128.189437372357,442.8889801993073,1128.189437372357,802,-798.0187827362861,420.2075479984461,-0.4673405163691332,20,1601.3391430993045,1789.126341445882,-0.43747836988026645,119.81787289115312,3.254029481080295,1.125351349789406,1.214992154970359,0.7
328,8,16,0.8855205851068655,0.9793298692680275,-202.88029360545374,1080.5498545636779,-202.88029360545374,1080.5498545636779,469,-797.3294216019893,435.2358689745545,-0.39754315746728763,41.94041159468462,459.8606593160451,1799.9991490462803,-0.44477227103841155,119.4663541680633,2.249887672709785,1.1532255298477958,1.2168823129382305,0.7189106890271068
141,1,7,0.8859946907983957,0.8482816326449083,-1448.492702989803,-376.18764904758024,-1448.492702989803,-376.18764904758024,630,-1800,-817.7175714108863,-0.3486360556349586,119.97439959124104,-815.9011082015531,418.4135444702698,-0.6038251277493861,25.61535094634843,3.0738366312503222,1.0902018207573556,1.1825954483892414,0.7074106513509275
365,5,18,0.8863646573586207,1.248507493398971,-896.4010278618717,1454.5923395062482,-896.4010278618717,1454.5923395062482,441,-1213.665291772832,1790.221272676497,0.17128431384611773,113.00378763355243,976.5780738672742,-526.8031382395419,-0.5998274611098809,46.63896159495347,3.129787265445683,0.8877531300565074,0.938137153082273,1.0030774053403748
291,11,14,0.8877216581563008,0.7909926456975875,265.5052524474397,820.5489777512511,265.5052524474397,820.5489777512511,500,-800.2945210238001,475.4603286592119,-0.30141826952500994,42.897469583302765,1565.8065037167867,1241.565395076785,-0.38778662639289013,119.51419315401786,2.3725027761192936,1.1518924547484712,1.3,0.7
293,13,14,0.8879741876632095,0.7435229227842957,600.9850640905148,732.6207525476643,600.9850640905148,732.6207525476643,517,-798.3884139740173,431.11890787530194,-0.5363607058838157,34.24961844345511,1511.7874222444677,928.857565249849,-0.3498512136662448,119.48307677974407,2.0163677981626966,0.9645845163459852,1.2432605734902968,0.7
331,11,16,0.8885359825771043,0.6794480704122563,343.67853370425985,1083.6327115738075,343.67853370425985,1083.6327115738075,521,-794.7899536540788,430.83598934223676,-0.4309629868035483,20.01053221717444,1579.3715914758645,1792.177907821924,-0.4665525796736283,119.8384795787877,3.326757632192861,1.127217151964362,1.1813640340892828,0.7
292,12,14,0.8891629310934969,0.6887616326631963,385.54166913495715,721.7345034548649,385.54166913495715,721.7345034548649,467,-792.5221036088104,425.17615151465486,-0.48374844410145973,20.215052706278055,1501.6231318389287,1002.6898191757047,-0.46027553800396903,119.96601875709626,3.211714325197042,1.1303333233293995,1.1439294509037237,0.7230173294912476
71,11,3,0.8902536537365593,0.8280679461563222,315.5672145492015,-1099.1885162425997,315.5672145492015,-1099.1885162425997,472,-801.550074297884,420.87892267168917,-0.5289240982419805,46.08248976250225,489.53392216867695,-1335.9059409459644,0.2787085305246122,120,3.2357200829417754,0.8086039860407167,1.1471663136994121,0.8162650809246333
103,3,5,0.8908245732426383,0.9923127341653527,-1207.7033037687027,-754.3849066488763,-1207.7033037687027,-754.3849066488763,518,-1457.2992190739033,-1505.214913315835,-0.3908073775465254,119.56010926857427,-806.9003406870396,451.30345998470864,-0.5965008273584351,20.605452197356357,3.1291785405268624,1.0518542922199483,1.2011120174401566,0.7
326,6,16,0.8926795706299527,1.2711678364670695,-673.2787224512049,1155.478989404228,-673.2787224512049,1155.478989404228,529,-1299.8784754102373,1800,0.04594987383627751,120,931.6633366443517,-495.36570530084384,-0.3625192651590418,40.70476399608412,2.3804396599748907,0.8197842244092324,0.7796019796121185,1.0270076248677538
98,18,4,0.8926956286985791,0.9570952276261838,1455.0387737799042,-900.7960892523732,1455.0387737799042,-900.7960892523732,534,-804.337698137814,467.3470152942944,-0.2953699489345841,35.99355805898247,1581.3868499555015,-977.3049187196722,0.9570500193988305,112.60251227218264,3.5397687151431168,1.1453679537102597,1.2086972039322432,0.8035819701788982
102,2,5,0.8951088030443964,0.9929949501285927,-1312.2275854372917,-737.4195583320417,-1312.2275854372917,-737.4195583320417,727,-1635.7747582219579,-1491.2577016229973,-0.34682872506405676,119.60843871800854,-808.9584301396542,435.1559345704233,-0.5386914297122767,22.240322513677103,2.4806836673145063,1.2,1.1149372341767068,0.7
199,19,9,0.896727859120517,1.0054895908498596,1621.0600076943163,-119.88250420565893,1621.0600076943163,-119.88250420565893,231,-793.1186286828676,482.66715655451156,-0.2855979602281641,39.531131993742854,1800,-164.54375256382377,0.8444640278707704,118.08462155421961,3.3876464457324014,1.151994517361622,1.0225681393404065,0.7117625559542232
242,2,12,0.9040015513426857,1.3047535044409238,-1281.1461448209334,456.5534655662344,-1281.1461448209334,456.5534655662344,521,-1363.568276532332,494.3550641341516,0.681212132235021,113.9770334977242,1024.1075527421658,-600.7144437086163,-0.7654627524177486,40.155095922728776,1.9403301707459994,0.8619621370477517,1.1896549619323133,0.9406122968699714
76,16,3,0.9042828450848419,0.9083942749369672,1130.9467406779108,-1087.5581039500892,1130.9467406779108,-1087.5581039500892,499,-812.1874973432342,432.40774683392584,-0.4896912213280413,36.893040210409765,1287.8887554498074,-1210.321883383802,0.6030723591367235,118.58633573717955,2.996338545902718,1.095977633102734,1.2025767399829876,0.7
69,9,3,0.9043024560642328,0.9822358698079406,-160.29041189359583,-1109.7286817337506,-160.29041189359583,-1109.7286817337506,545,-857.5639076613506,361.8850442255083,-0.3203347880596484,43.47080943151992,166.7708859357564,-1800,0.008439213624127877,119.79151260412418,2.5121201460893445,0.9251350651914197,1.1336379437823925,0.7402940200559693
105,5,5,0.9093124787568558,0.9995492484688494,-736.9741490688185,-743.0293099724487,-736.9741490688185,-743.0293099724487,540,-798.4296058843378,444.6349406531641,-0.5924050584626326,21.955236519602327,-698.3053715197588,-1490.3270617127841,-0.39120504998157773,119.88279197486368,2.6833993942982355,1.147340128558759,1.1433319885133977,0.7
72,12,3,0.9097874661315286,0.8313226979617109,391.3501297469511,-1114.7740802263247,391.3501297469511,-1114.7740802263247,507,-798.054239015493,422.9132863587893,-0.583917160947143,37.99288559919055,547.2623760657675,-1316.3407616315733,0.2985321396900479,120,3.162026770755808,0.822372704750657,1.1433710376970436,0.835391158807184
345,5,17,0.9126231596932735,1.6025557581895313,-877.8861629478364,1340.0167692452444,-877.8861629478364,1340.0167692452444,572,-1151.2010795937476,1620.1053781148128,0.2063488593163548,115.8531012314242,936.4221109415186,-519.2563605582226,-0.6156988870644537,41.023479196917904,2.422860521968923,0.8686848362690207,0.8749802708535218,0.9294597551202946
49,9,2,0.9166429432943297,0.9587086439721284,-46.46980950363239,-1268.086914007327,-46.46980950363239,-1268.086914007327,567,-866.5025204854144,378.68515517410594,-0.411761380593114,40.36166976120045,218.40359834453068,-1800,0.07903143689164452,119.94849352410601,2.0077504096876306,0.9313055437885815,1.1570568863990491,0.7252428182468188
47,7,2,0.9173721547660996,1.0147761936864426,-497.8744871751218,-1266.3605788655786,-497.8744871751218,-1266.3605788655786,569,-835.7538482615334,426.49030057564937,-0.5389499155666757,38.38577347785878,-391.3686568852303,-1799.978518393262,-0.03756163364610644,118.11409506356628,2.1202847726001375,1.017202191844367,1.2876665083466927,0.7
333,13,16,0.9187736655121516,0.7916394247719116,595.6522196447153,1223.260313551098,595.6522196447153,1223.260313551098,758,-798.3190446400148,415.1990283769871,-0.5558114689471096,20,1590.5749620566703,1800,-0.40934700604788815,119.83615754247661,3.223671156976819,1.1067651162973295,1.2120751876440334,0.7
304,4,15,0.9211103746380833,1.408165941902664,-949.6122219182095,934.377485928221,-949.6122219182095,934.377485928221,564,-1040.0882942780681,1013.8823628806052,0.6976303513390123,107.45058503546846,760.0031266596266,-567.928641861791,-0.5787343175930644,48.56660647475737,1.1217349133173258,0.8,1.1688776491736006,0.8806728146221173
313,13,15,0.9240873588981551,0.8009093300244076,573.4529457822109,900.1731934241301,573.4529457822109,900.1731934241301,486,-798.3614966380649,433.40469621592155,-0.5165747228093712,36.089329141064326,1588.556112782058,1245.5684342964016,-0.385789534747858,120,2.3065421027638897,1.1524992871427713,1.1613189924093137,0.7
161,1,8,0.928470629040955,0.9006126542150049,-1448.2704991550004,-332.07675691652145,-1448.2704991550004,-332.07675691652145,561,-1800,-755.9572239748215,-0.432990322347688,119.97802272182719,-822.3900778943799,422.19174956144246,-0.6832728928317385,20,3.248514561973742,1.1068058574485855,1.2102795844479686,0.7156617297385347
262,2,13,0.9290121888012854,1.4729692732327166,-1268.7020969875691,556.1754855286931,-1268.7020969875691,556.1754855286931,481,-1333.3190393819873,586.8434167552456,0.8640252217243116,115.63607221871177,1026.3785712186277,-533.0957409293693,-0.6864263293233487,39.124257317196744,-0.24082168331636822,0.8764621155609685,1.2414498317397482,0.9204327890676582
75,15,3,0.9313424097800711,1.0158670848163718,1058.8135415477645,-1087.3877397880042,1058.8135415477645,-1087.3877397880042,465,-801.1120766635661,431.9352328898681,-0.4352598764055402,43.654382456512586,1220.936068243852,-1219.8212504543217,0.6243923362918944,118.219161369074,3.056732032603687,1.0076651182081782,1.2113207432825246,0.7006209596249452
81,1,4,0.9341852494691475,1.0061001147287025,-1449.7341637289303,-910.7879455254226,-1449.7341637289303,-910.7879455254226,708,-1778.0789805912361,-1598.865001048828,-0.33161469654357706,119.96527483259553,-808.8714820350921,432.19931776873506,-0.6220495142499195,20,2.5043182292908837,1.2,1.1165643233330114,0.7
99,19,4,0.9344100006763669,1.255578142085518,1659.2161746270117,-933.6840020381105,1659.2161746270117,-933.6840020381105,351,-789.3699722824687,484.72611119215134,-0.28298912556696076,39.363560378343934,1800,-1015.2368614056809,0.9573735008764072,116.40964045411884,3.433357789324333,1.1298232967577646,1.0063279700922045,0.7129183113325461
294,14,14,0.9360486010433171,0.789460759393846,747.295972439781,761.491799637036,747.295972439781,761.491799637036,544,-798.0368370654709,428.1974272491852,-0.6019212719537375,34.24933528567756,1510.7877781217146,926.1602261616088,-0.295703626867481,119.39176670505526,1.9799336275233992,0.956351057890143,1.21956518013316,0.7
121,1,6,0.9376253265740079,0.9604739421274368,-1442.9210385628046,-604.9219737983204,-1442.9210385628046,-604.9219737983204,523,-1612.119988855531,-867.0246590881917,-0.10911597492132673,114.48542086621988,-797.8729203909866,394.30907120231717,-0.690310423149368,21.621217660383355,0.565072420427168,1.0575006949723114,1.1688998697000181,0.722483522207508
327,7,16,0.9387028854909705,1.3220911477538917,-499.72487481905864,1082.218397345434,-499.72487481905864,1082.218397345434,537,-565.8853963988425,1152.4984473886616,0.5120850877342842,119.97512125640432,1018.3713114353319,-530.403048084537,-0.8486152811635052,36.858754654554744,5.436194386210637,0.9329916731984805,1.0992899062236112,1.083051542138678
330,10,16,0.9392657053188009,0.8307635365955268,23.950062538274867,1253.4619900155283,23.950062538274867,1253.4619900155283,568,-798.4738648676231,413.7260732262358,-0.599223231078098,20,559.2206489943485,1800,-0.41270087319518756,119.78021238563551,3.3631126659523325,1.1241283144241512,1.194234344020777,0.7050080011032851
73,13,3,0.9395084531165041,0.9956769603566269,703.5405021483632,-1109.7614255006256,703.5405021483632,-1109.7614255006256,531,-833.3636174763677,422.7387791863531,-0.5445199349250892,40.79443583549867,882.8868931347904,-1288.593909184566,0.38843419805687895,120,1.4208071170577785,0.9430700730996541,1.1366509936080826,0.7027573876117819
101,1,5,0.9397323300858982,1.006411513193302,-1443.5491998468412,-873.4580950594476,-1443.5491998468412,-873.4580950594476,428,-1800,-1614.7994902267624,-0.3548750517640652,119.64041021200555,-814.367565169152,435.1050801815448,-0.6016514952372483,20,2.499203679882552,1.2,1.1091586843365482,0.7159713697262562
83,3,4,0.9399877235594446,0.9974894636265839,-1214.2308533576136,-927.0952240657905,-1214.2308533576136,-927.0952240657905,502,-1394.329143323226,-1543.0010701620802,-0.312869231845021,117.63433795412243,-821.7027815412516,415.2847298736001,-0.6512303635860498,20.2761458946812,3.582123173615175,1.0585865285236757,1.271074763621342,0.7
50,10,2,0.9435101628406967,0.9925624199094547,69.74143557157913,-1438.3512885713287,69.74143557157913,-1438.3512885713287,653,-839.5998076747903,398.94919041559376,-0.542862836633499,39.65224338278419,248.71369250333976,-1799.9601079537847,0.16307833755688123,119.41522698527714,1.2738249731362106,0.9742110925072138,1.1413423980349522,0.7
82,2,4,0.9435801939589687,0.9975274443767141,-1264.3815604764789,-911.5822926002455,-1264.3815604764789,-911.5822926002455,618,-1470.7605920642209,-1519.3375863082765,-0.2812317255998021,119.90900678436581,-810.5150183632097,424.98659952107204,-0.6234943241980199,20,3.9038980194908537,1.0740781753083362,1.2365070648766359,0.7501005992407799
353,13,17,0.945725221310098,0.8142758401547546,692.1086410340213,1263.1164700247837,692.1086410340213,1263.1164700247837,549,-798.4805886754702,415.8838100935546,-0.5951220539379181,20.008662296685518,1588.4475694800517,1772.5845376930588,-0.374236333496462,119.98051678809773,3.096909322553311,1.089106192613466,1.187669882819406,0.7
46,6,2,0.9480385768786638,1.0263419058873255,-543.9245304689435,-1263.7682785648008,-543.9245304689435,-1263.7682785648008,527,-836.0099679278081,438.28764308216444,-0.499039725423694,42.2408546549735,-451.9031844351632,-1800,0.002581597836044005,117.87389451930623,2.14971117310947,0.9746599287617119,1.2367294607734067,0.7277887039032076
77,17,3,0.9563619350511445,0.9081836212356051,1264.812380677469,-1098.3581141675502,1264.812380677469,-1098.3581141675502,454,-812.0278976008581,430.8978198247969,-0.538797515801034,35.21200594427966,1412.5195132049844,-1207.1204543788783,0.6092041149520163,118.68256706032348,2.9940037363028513,1.1623877396151414,1.2332015901977214,0.7
70,10,3,0.9569932274346743,0.6755081979771859,107.45489897947864,-1108.561547017739,107.45489897947864,-1108.561547017739,442,-773.2236685608281,413.5964749996897,-0.39894375315523756,22.53274868484033,238.8221129208111,-1335.6156231596876,0.4273866847781338,119.9856760867414,3.6822909951293035,0.9085155291235444,1.074821751814764,0.7
30,10,1,0.9585500454329255,1.003798752183587,85.3793712993584,-1466.900424553716,85.3793712993584,-1466.900424553716,568,-862.9689550577949,398.417400939429,-0.5426167862637288,41.79237941987324,254.73089979893032,-1800,0.20556197506371518,119.4421840573418,1.386035319032469,1.022121672915704,1.1728337291365285,0.7
74,14,3,0.960710908711072,1.0034790184135767,722.51745394751,-1090.7881851312734,722.51745394751,-1090.7881851312734,459,-819.9432268105172,433.01051490091623,-0.5547389523515691,39.62017901691839,933.034612610743,-1298.758330955579,0.310187650048432,120,1.4665396941079798,0.9479009506455914,1.1086463723580795,0.7
68,8,3,0.9615867067194325,1.1824350603347848,-283.1590542135328,-1094.1529631915282,-283.1590542135328,-1094.1529631915282,516,-831.8424626216362,430.12935957118003,-0.46133327725796786,43.979385999049875,-214.88390529511315,-1283.8262811478317,0.4437258944672787,119.53794058408293,1.4644545754351346,1.0605279022417688,1.0663342366616682,0.7
354,14,17,0.9622499326827472,0.8319280611466335,726.6084759300546,1263.797128364847,726.6084759300546,1263.797128364847,805,-799.0322120518251,420.9832703259197,-0.6380954919997665,20.358699415099252,1564.6777031366173,1726.774003752202,-0.377923123646369,119.99309389815095,2.846832909401345,1.0581187714935427,1.1556878186843502,0.7
350,10,17,0.9654461943428784,0.876276570588143,4.415873109191565,1262.0195986448832,4.415873109191565,1262.0195986448832,581,-797.4101889219457,405.0045810774728,-0.5458462623934561,34.405367498317226,507.7521015604906,1800,-0.3436242848054816,119.25479063276634,3.004694926623782,1.120738878913206,1.1370503965411718,0.7695315379261689
334,14,16,0.9711617720551721,0.8498499707464695,727.1381097085733,1252.052066669327,727.1381097085733,1252.052066669327,568,-799.1280572143336,416.2519153441512,-0.6337537096160213,20.362723878117258,1564.6744266428984,1710.6961718749935,-0.3731270802199962,120,3.0848596289766768,1.0728588956774645,1.2133222840808233,0.7
349,9,17,0.9721433875486508,0.995585968303815,-35.80331862767373,1267.8670201142515,-35.80331862767373,1267.8670201142515,512,-804.9885745922018,403.00350544322373,-0.6391157533103994,36.04076913284411,415.553734388255,1775.3679689635826,-0.4076050356267398,119.21616053667469,1.985725445995719,1.0397197775288582,1.1910307736963601,0.7
346,6,17,0.9726646120405049,1.3175727684553462,-708.2494190198458,1271.3669086019202,-708.2494190198458,1271.3669086019202,445,-1185.8192820546465,1800,0.023490659130883232,120,900.9338420753081,-509.87514158328224,-0.5040779343055136,43.742369329706655,3.3438658864246444,0.8667252477902524,0.955780974278435,1.022039583634936
314,14,15,0.9774807989539269,0.8219959295492145,742.9117264856598,1058.9654634108558,742.9117264856598,1058.9654634108558,484,-785.2610017024232,384.7048656139454,-0.5925114849455447,26.075559040401682,1607.0105444329606,1440.2232720327636,-0.34490245099837463,120,2.4055932204384853,1.1294226594303736,1.2086129745421763,0.7
85,5,4,0.9813865034415693,1.0316032918229192,-753.8510376393705,-918.3864011458352,-753.8510376393705,-918.3864011458352,529,-819.3739865585432,431.68974738101133,-0.39155478520235243,48.273233849127166,-720.3783471108285,-1608.0788196807641,-0.09985197246611276,119.94145737264675,3.344237635572127,1.1923889719063485,1.1957037354816253,0.8293642293493885
303,3,15,0.9936385864935369,0.7993298481779423,-1158.1580773704354,915.5566121140874,-1158.1580773704354,915.5566121140874,733,-1783.908548470629,1800,-0.5038916644569332,118.04821548435545,-680.1891198564422,239.98942741070385,-0.3868901707684135,46.920373885408665,0.8707644561196561,1.0804881326982878,1.2675952654154197,0.7
258,18,12,0.9985633954982659,0.96689907147864,1451.2696825869216,411.47398670666155,1451.2696825869216,411.47398670666155,515,-776.9070029866771,401.00480098426823,-0.5372293732694667,48.78730089046573,1800,413.11251137288957,0.2682305473433759,119.7226034807455,2.4041389213317053,1.061303273607142,1.2852559331819773,0.7197000841256678
48,8,2,1.0017594813145898,1.000147689949872,-359.72152716343277,-1348.6812568511268,-359.72152716343277,-1348.6812568511268,540,-774.2614811855944,422.13769046802463,-0.6034574301249496,23.996130463102418,-254.0700423984265,-1800,-0.009766639981561137,119.89610152066078,1.1130313992309915,1.0827398267477515,1.18153722239491,0.7469458553557916
324,4,16,1.0042419790024846,1.0159491954798179,-954.5497366975092,1095.3889494235384,-954.5497366975092,1095.3889494235384,583,-1150.7144152020883,1722.3269675940583,-0.19876101035725274,118.38622291054826,-723.4917865151427,356.9327988352756,-0.2698611157272967,46.574443078750626,-3.1341522852308743,1.1763714405787022,1.2315600279897627,0.7778582155381811
104,4,5,1.0073792946569444,1.0108014048507588,-1077.152171972328,-794.2321943533634,-1077.152171972328,-794.2321943533634,490,-1221.9847063976044,-1395.981847420612,-0.384401851401155,113.09045476989462,-785.0621233513674,419.34240833883547,-0.6890524819375389,24.396785045402883,2.2737261800025634,1.2,1.1955574228834258,0.7147618836920798
355,15,17,1.0160018328028038,0.8872652578010131,914.0558329216988,1262.1065897002727,914.0558329216988,1262.1065897002727,753,-788.8838828098416,437.3263056799873,-0.7046637742635298,20,1583.9267529714434,1586.5433989376565,-0.2994556250285515,120,3.3917432580578666,1.0087391508090646,1.2234964545740852,0.7055146871569485
62,2,3,1.0165480855490299,1.0244025468857323,-1299.2234085294283,-1085.0096824376647,-1299.2234085294283,-1085.0096824376647,468,-1453.083675456462,-1526.692027349183,-0.24508140865824035,118.91339586248704,-787.4016201856316,384.2627435597665,-0.7670736970502647,23.47369584188017,1.6229637682165454,0.9860724377235608,1.1948004780714105,0.7557431554898832
63,3,3,1.0171458253224266,1.0165919339097809,-1252.1183191254986,-1086.281268197275,-1252.1183191254986,-1086.281268197275,439,-1389.1691725240437,-1532.8120081380346,-0.23425317082627461,119.01903477308149,-796.9112526834379,396.8466596058635,-0.7555804218881296,23.440702874718053,1.6534369701481437,0.9805169409382374,1.2494095452818428,0.7496219609541073
51,11,2,1.0176280166762834,0.9946525337253234,189.5956178218365,-1346.3055536265747,189.5956178218365,-1346.3055536265747,543,-851.2724991769373,410.9059274156471,-0.46246040593145654,38.15445697865153,399.905995787497,-1701.3551556925615,0.2320745959738802,120,0.2515508126415073,1.1625621243532063,1.1503702996877754,0.7
29,9,1,1.0188436062135668,0.9366729618432128,-7.950883576818398,-1445.5237356572668,-7.950883576818398,-1445.5237356572668,471,-880.9586242223622,406.51430031739477,-0.594043255276298,35.74378792751513,159.14099933014572,-1800,0.12401948619992377,120,0.972225573181014,1.0237761906872742,1.1139326689804332,0.7129125767748602
315,15,15,1.0198231646035358,0.8317548724630165,948.5988177342265,1068.5535334143503,948.5988177342265,1068.5535334143503,470,-804.9931694614428,433.86783160810745,-0.6616048303155452,20,1597.381856412246,1303.3705953250005,-0.22977576542304864,119.91538077602134,3.1479429964655115,1.1270542017317013,1.1848496340740393,0.7
27,7,1,1.0200325545668159,0.9955078300598382,-513.020446376661,-1452.9894567444635,-513.020446376661,-1452.9894567444635,503,-778.5999928890019,407.63644854549824,-0.6983863431610225,20,-463.48931685148955,-1800,0.03093004993299521,118.79338918074981,2.1242877754033156,1.0631409004275436,1.2936034539821515,0.7
295,15,14,1.0226591845051183,0.8765959168811446,914.171467072821,746.0522739014694,914.171467072821,746.0522739014694,457,-779.9481891824229,386.2773367797941,-0.5503744024543468,45.45913990551069,1539.707121308625,878.8953407055684,-0.11768238962766303,119.81356451188752,2.5090889758952337,1.1541694821635209,1.172108036215453,0.7079194209882509
31,11,1,1.0241128814883436,1.0201867496155543,185.37284489641812,-1481.9571211665223,185.37284489641812,-1481.9571211665223,603,-865.6199458624134,406.70435645398885,-0.516411553022814,38.65907168735105,362.341830330683,-1799.975007171201,0.25729102291133377,120,0.7468917484465136,1.115946575601634,1.1346056090672054,0.7
344,4,17,1.0306233480482063,0.9958498197826827,-938.2216592101986,1270.0555571169637,-938.2216592101986,1270.0555571169637,536,-1052.5414380886004,1800,-0.22404188946506035,120,-726.6329541012863,289.20815214992973,-0.4914129944654003,38.46118786392316,-1.4300973873492986,1.0212179241553727,1.2802144347320108,0.7267644454277213
65,5,3,1.0318832729263936,1.1096426015192544,-737.0656973809258,-1124.7223755954367,-737.0656973809258,-1124.7223755954367,525,-777.024921282536,432.24866698565904,-0.652808568153912,24.436328188805668,-727.8303617964254,-1484.5679549037604,-0.01664420452470382,119.94844075934252,1.2649870101427385,1.1133921645022484,1.1607340131184825,0.7510105369404207
28,8,1,1.0319196799374257,0.9061426303886932,-294.0241047235755,-1445.325040094866,-294.0241047235755,-1445.325040094866,482,-786.2671384889529,390.34938562500366,-0.6564537025400904,21.398591716614117,-204.22283128453384,-1780.212259906082,0.08244338088584793,101.35195547448296,2.6198695756580452,1.0831839947987485,1.3,0.7116945532756818
61,1,3,1.0363324001372802,1.0161788891512222,-1474.177269075359,-1081.1449724970987,-1474.177269075359,-1081.1449724970987,747,-1800,-1800,-0.43062351169481605,109.20056899899092,-809.619729381639,385.0526961495391,-0.740174721869044,24.87682883951927,1.7071241810781097,1.1743627432140735,1.1936393072179643,0.7
26,6,1,1.0385741696619362,1.0492764728245758,-555.6544152119483,-1455.1071888854726,-555.6544152119483,-1455.1071888854726,496,-828.2551301810845,359.19111050488885,-0.6255069532736212,41.882591474160265,-503.83381496714435,-1800,0.09551759811247915,119.84792945998737,2.6344357616037923,1.0633613786729867,1.254369076477977,0.7
335,15,16,1.0432096586931785,0.9607001512237815,924.5621029769527,1202.2776615945754,924.5621029769527,1202.2776615945754,513,-804.2338645545806,409.67324395744504,-0.6215672563412371,42.17198687132543,1558.0141581123469,1492.6976456130046,-0.18553726495268,119.33167291485023,2.2341995955006513,1.1840872290383653,1.115942930726638,0.7086613716332443
351,11,17,1.0480139532338513,0.9656301687167568,192.39104737853398,1260.337715919435,192.39104737853398,1260.337715919435,440,-759.6768868714365,439.35622461242775,-0.6535788312450411,31.88192017176927,818.221424113629,1800,-0.47136753215890437,118.98358996583896,2.231959676413632,1.193844022187863,1.3,0.7
302,2,15,1.048853166997587,0.8286272051035924,-1278.7146355233474,1071.8097746276583,-1278.7146355233474,1071.8097746276583,543,-1799.9907766400759,1800,-0.4143240625830695,118.35791840549976,-689.3512404024908,248.50590616389496,-0.46763937359743546,47.807782454608926,1.0832988818980973,1.093800507653009,1.2941808601852967,0.7063894657274283
375,15,18,1.050488514180638,0.9875760497194316,999.2519746392943,1445.928106902249,999.2519746392943,1445.928106902249,656,-782.5990262077313,393.80210616408806,-0.623005013380876,39.76464162705381,1598.8981735217412,1800,-0.1500287131160334,119.17491567194806,1.9092737458014668,1.1503718543996428,1.1971281691070912,0.7
348,8,17,1.0535404978299736,1.0035898925303006,-313.6051814397955,1267.4593197442332,-313.6051814397955,1267.4593197442332,460,-868.901892138526,377.0648279071405,-0.5374395457585983,43.1703924875457,18.515121156816235,1800,-0.3142098697621724,118.4923140831897,-0.47763236305807916,1.1083316219957389,1.2712948253803718,0.7156632498407594
52,12,2,1.0540243311559545,1.0426219529408258,458.3970423208394,-1269.3649746494486,458.3970423208394,-1269.3649746494486,507,-820.5178384502449,445.1039284641895,-0.6373710446785865,39.42328010637121,508.9011586983344,-1337.0690402681407,0.7661438188638279,119.9382955576557,2.361823336130823,0.9491116260870248,1.1197469822853756,0.7
322,2,16,1.0552335166068114,0.7583647162145181,-1292.4253167375532,1090.3384201770527,-1292.4253167375532,1090.3384201770527,851,-1800,1800,-0.4155049559013052,118.2693268871486,-704.4217957068499,268.22588888607874,-0.4793849303043223,46.69538514082635,0.5770307406584927,1.0744478850647352,1.286821711691158,0.7042933336542876
374,14,18,1.055239401387467,0.9700937785717306,894.1879571101305,1440.4946850986344,894.1879571101305,1440.4946850986344,426,-792.0523707586276,402.1541124219745,-0.6871213969148184,30.370789374519692,1478.0160150922345,1800,-0.22648688805939668,119.49819858322563,1.852836886531728,1.082102477403567,1.2545455537482166,0.7
370,10,18,1.062812159494736,1.0161017825861203,86.53029849115354,1444.6219095565841,86.53029849115354,1444.6219095565841,454,-809.696037513229,404.5988640339926,-0.7103544448745384,37.47334514796498,367.3597201983078,1770.5095326969006,-0.20637934882640432,119.20961105653443,2.018485504991491,1.070080195906284,1.1862400852653354,0.7299702461958996
79,19,3,1.065057524252508,0.9805563195962155,1650.605972761592,-1103.3413496946334,1650.605972761592,-1103.3413496946334,317,-799.1833377227138,417.77240634844793,-0.5017065172370607,34.53203888887365,1800,-1196.102514473368,0.7130889832877126,117.27253887911121,4.4975633368503205,1.0762531493890892,1.1369432120757224,0.8341446450704831
84,4,4,1.0662382249157156,1.0263256843670359,-1050.5069098507233,-909.7405262723577,-1050.5069098507233,-909.7405262723577,465,-1118.945809423409,-1234.9724894158853,-0.25908573551728326,118.77650974594695,-778.6321762542792,382.24917386573753,-0.8581515663460744,20,1.6619511404740634,1.0098314294922206,1.2359599530475602,0.7178562047336752
277,17,13,1.0726902805409733,1.045311125526176,1281.3241852565113,576.3078040967721,1281.3241852565113,576.3078040967721,574,-802.9269794521123,397.8393765560546,-0.5934302792790017,49.13466282152545,1800,620.72052106105,0.010623775766290392,119.98038812762036,2.0619117960027054,1.1412421476066978,1.2834342269780592,0.7694128370140828
64,4,3,1.0726992732960656,0.9990760610245047,-935.7941679229452,-1085.159251550092,-935.7941679229452,-1085.159251550092,445,-982.0296642387262,-1582.380582387951,-0.2213361832068551,119.15605439389847,-799.2404572523694,383.35353972056464,-0.6916641653022381,23.03496887352166,2.0211186770082055,0.955153733818106,1.163068190107146,0.7
352,12,17,1.0731003984836396,0.9833134940442478,535.0255547777895,1262.9393619983907,535.0255547777895,1262.9393619983907,422,-761.2798196603409,445.16944297418286,-0.6689086606422008,36.063993243784665,1386.3336392569195,1799.984225837593,-0.4862880967431574,118.18307087382054,1.9454125351235179,1.1148499743401952,1.2985076485068268,0.7
376,16,18,1.0770678003767264,1.0778374737572176,1080.7591223391312,1468.018432268548,1080.7591223391312,1468.018432268548,896,-803.1052337434825,464.39145016197864,-0.5960729055333256,36.599780462490216,1603.5013652822086,1746.5088756014925,-0.039310873435002135,117.96974843282909,2.1316306230801683,1.169767780876653,1.0495975359944394,0.7037974643448476
78,18,3,1.0775274033441975,1.116664906952408,1570.9504081601901,-1083.250478806482,1570.9504081601901,-1083.250478806482,495,-808.3536041296891,438.01218935965505,-0.47921615919351224,38.87604122935898,1652.5071900292808,-1135.3956804925037,0.9857736970530377,118.81689407166469,2.7580948131866405,1.0906235470282926,1.2996745970693284,0.7374800331021222
371,11,18,1.0789102290992454,1.019698989116432,193.5165548561064,1476.2504748453057,193.5165548561064,1476.2504748453057,519,-788.9172409426117,449.6741148937906,-0.6169176010334235,39.98293689258616,503.3449195973137,1800,-0.1157354820547353,119.19333894274622,3.0107648143666816,1.1164544011615394,1.108760464800538,0.7467537338966724
32,12,1,1.0828217430924987,0.9790834769225102,370.7203694262296,-1472.2511168036071,370.7203694262296,-1472.2511168036071,536,-790.2725287160625,403.86865441573076,-0.8178356494934718,29.472484996839803,476.6888850005404,-1643.4921532594242,0.22181706294566106,119.1115094214449,1.7537039393176252,0.8908337657977843,1.285181519076872,0.7
120,0,6,1.083012007786517,0.982874954890864,-1623.2279862086725,-565.532438076041,-1623.2279862086725,-565.532438076041,283,-1800,-765.0307921393212,-0.2441762408602783,116.64208511637649,-781.5580690173189,384.3450880263971,-0.9219045363978262,20.190212910597314,2.351333349185719,1.0804469257446934,1.1803134674777511,0.7
8,8,0,1.0841199810228919,0.985800006498184,-257.7450457571433,-1648.6754174020316,-257.7450457571433,-1648.6754174020316,263,-785.4451348559604,422.2621892873721,-0.714627474408788,22.9969363512433,-219.18570168909886,-1800,0.421630055574231,119.00403782820409,3.2597060078500864,1.0718526187498225,1.2867986643891325,0.7065379072021101
347,7,17,1.0853433097848986,1.0311380318676362,-369.4702333415065,1287.0594103141186,-369.4702333415065,1287.0594103141186,493,-858.1966281291411,372.3102670116473,-0.5536559954244027,43.060182644841845,-95.41957478348961,1800,-0.3024210507369998,118.31562002396014,-0.9096332172149078,1.092326903424399,1.2825641200448328,0.7217094829925563
221,1,11,1.0891347922973154,0.7383605720380404,-1452.131395686781,237.78795026438786,-1452.131395686781,237.78795026438786,640,-1800,148.42413270684293,-0.26723128335610724,119.13800902456383,-816.9659850007383,400.95532201232356,-0.5287028882099397,20,2.4952929303373947,1.0466697933702214,1.1204519795112893,0.7
10,10,0,1.0893200212828615,0.9814663706295128,110.76855980773635,-1623.7324154581909,110.76855980773635,-1623.7324154581909,231,-764.1918336504363,391.2109780016315,-0.8160547400351343,27.005388187111265,187.29948968206753,-1799.9752405032682,0.24209666419488748,118.96394500953511,2.4253832629776557,0.9272566340402139,1.2064818566309667,0.708507424106921
45,5,2,1.0894760389013627,1.0212131167468197,-733.2011388812186,-1264.6618400471,-733.2011388812186,-1264.6618400471,462,-772.1046372828619,401.5001990045361,-0.7235116210409189,29.035900186389995,-724.8295026888611,-1623.2029225084084,-0.056333310843351525,119.46201732901395,2.1344639637626255,1.0513515325068628,1.2586525877651822,0.7214094638588964
259,19,12,1.090849946308065,1.0519324041028748,1654.0817749488358,397.04662842304907,1654.0817749488358,397.04662842304907,248,-828.1510335562167,401.7245634377119,-0.6944310195851195,39.88434103804579,1800,396.7716356939604,0.5363019536883175,119.98003763021016,1.9141752771880594,1.1311539381451272,1.1810466556279247,0.7040251559539548
11,11,0,1.0934832218771062,0.9876391547030565,208.1823505618067,-1620.819030030941,208.1823505618067,-1620.819030030941,284,-765.7088423606154,394.9143040803693,-0.8416123899204423,26.811767940569293,294.75271462690165,-1800,0.2095288046123186,118.80162738769975,2.3244596555426367,0.9102610008740953,1.2306362519099028,0.7
297,17,14,1.0953668450489775,1.0595190425331944,1285.8300548209431,726.6069091041763,1285.8300548209431,726.6069091041763,501,-842.4853561699692,395.3828947321157,-0.6495245649322602,42.78438863349434,1790.456466448287,805.1405629762576,-0.02445855249267943,119.9508395060747,1.6700500167934578,1.1124715379238712,1.2253706037094518,0.713039056456627
181,1,9,1.0959662748467045,0.6955033207502404,-1443.3054961995801,-145.68903111845952,-1443.3054961995801,-145.68903111845952,437,-1799.9900729248086,-459.56485359774285,-0.25175275264178215,112.61205067853355,-808.3446805166818,413.0647285601258,-0.5022153472763405,24.977679471583585,1.835122897822586,0.9171149341269862,1.3,0.7
282,2,14,1.1021244077966141,0.6441078345272437,-1271.611758800769,744.1567145162251,-1271.611758800769,744.1567145162251,420,-1399.3023978478407,844.9726646685542,-0.08760927693789812,117.69729564490586,-830.2319482150046,395.6728686028602,-0.6262626804332692,20,2.927198858130488,1.0809862587248509,1.1809287216083544,0.7
323,3,16,1.1032744813269904,0.9936878221405174,-1094.5081720151827,1140.7898066160342,-1094.5081720151827,1140.7898066160342,572,-1282.259403435622,1591.7087178530883,-0.21423571154437407,118.3567875409936,-750.0640014682731,313.544151874329,-0.47777175646333425,39.52688770332176,-3.353651768318218,0.9753192278565573,1.281118688642915,0.7248431890568384
241,1,12,1.1034709101642708,0.7757326137452134,-1448.747917388729,382.0148220276362,-1448.747917388729,382.0148220276362,547,-1800,369.08105642485054,-0.2899335095469311,120,-817.0545956510456,405.2749641325935,-0.5448208872046166,23.182013118924555,2.486726390694515,1.045356131290066,1.1304457938492931,0.7
369,9,18,1.1038798105404601,1.0180058064539381,-54.80480222357167,1450.823674712004,-54.80480222357167,1450.823674712004,511,-826.7507631507107,387.9052316605666,-0.7408703960397504,26.263365249677786,198.78497761281525,1800,-0.25741524350641654,119.7618683889509,2.169502577149778,1.2,1.2095191377514976,0.7225155794891425
201,1,10,1.1042110661151152,0.9781448395223407,-1522.5874462297008,163.7086493409809,-1522.5874462297008,163.7086493409809,530,-1800,70.03684945973629,-0.46688681324834513,116.60605448387525,-812.3934476679997,403.51448799533443,-0.8751377009167581,23.760017276928338,2.1804931754417876,1.0295750632738885,1.178971680959691,0.7
42,2,2,1.1045453973322068,1.0790037670407204,-1360.8980559556649,-1261.5475467261572,-1360.8980559556649,-1261.5475467261572,535,-1462.5387981522997,-1553.1235885391561,-0.15782209482897833,118.75219818570812,-787.6633492433192,382.88659651994396,-0.9090867441978484,25.320463218568143,1.701019589002581,0.9623294275934391,1.237233360333647,0.7
343,3,17,1.1090241459918946,0.7293251323367995,-1137.547484409284,1280.6195491382819,-1137.547484409284,1280.6195491382819,517,-1345.3563602193083,1800,0.08784129570864425,119.39039710047014,-745.7200713264123,301.31826725749363,-0.18758942823589014,39.82468366070498,0.684956621088802,1.0670627161125246,1.3,0.7049347905556159
261,1,13,1.1093873775735723,0.8511286026480345,-1447.000090596474,557.7276470825723,-1447.000090596474,557.7276470825723,504,-1692.897173425738,621.8649940939631,-0.18686232663737162,118.17220045231625,-824.6921085256629,395.41102854119936,-0.5901143215934442,24.64878564382275,2.4329316544531245,1.0920289596496608,1.1755689509100533,0.7
356,16,17,1.112188683400157,1.009989245744131,1100.6932291461494,1278.0327382437786,1100.6932291461494,1278.0327382437786,577,-795.9802716299052,411.5355478495679,-0.7403330323249893,38.22743744119574,1572.6371414602104,1493.6407877454253,-0.1362308442158213,119.27900755668578,2.570255951816618,1.1324420523015508,1.098295701397626,0.7073429601293688
9,9,0,1.1128296739395807,0.93792644955316,-177.9343309638622,-1635.8801185762668,-177.9343309638622,-1635.8801185762668,222,-773.947857973343,417.6847082953336,-0.6957496445840364,20,-130.3012257899913,-1800,0.4015975780988019,119.346906944124,2.4786490851527723,1.0743601876218234,1.3,0.7
342,2,17,1.1129133471904171,0.8177413999293834,-1436.4832364302476,1269.950508875825,-1436.4832364302476,1269.950508875825,494,-1799.3894682019736,1800,-0.3397165230741774,119.84500034426044,-803.8044426246566,345.87965160641477,-0.581105375144412,30.20633481660277,0.835600645067423,0.9637475201197218,1.1300759777792846,0.7
160,0,8,1.113370993581225,0.8063890667935365,-1620.986695551062,-279.01444967006813,-1620.986695551062,-279.01444967006813,254,-1800,-438.3487444672797,0.06154238456620848,117.23668925782918,-862.0194775901053,396.5191751645308,-0.5657953238887927,22.704229054905436,1.8538293611141088,0.990971938889132,1.2053420272342306,0.7002469536340625
43,3,2,1.1134471545978994,1.0207224657770178,-1097.111502387254,-1275.939971420431,-1097.111502387254,-1275.939971420431,471,-1164.7959240624966,-1632.8224470555647,-0.17303800816973514,119.08607987415334,-783.0853490995598,379.8388359573832,-0.839515104972496,20.985285242954685,1.6815299942270074,0.9601223308578974,1.2278117328581886,0.7
296,16,14,1.1137313723810873,0.9993871697730521,1119.0530223376177,727.297383825416,1119.0530223376177,727.297383825416,482,-840.3458368029233,389.67797645634823,-0.5520713915687128,42.87419549626464,1791.617547434117,843.1853947432849,-0.08768249712901784,120,1.2696584952595382,1.1071363213383445,1.2451503163243565,0.7042544877394097
341,1,17,1.1148376770570616,0.9045777475910444,-1441.1102306345522,1273.7011683884175,-1441.1102306345522,1273.7011683884175,726,-1800,1800,-0.3198295070832252,119.85765042293164,-805.291126155184,341.29550969417727,-0.5682020017572496,35.5983623727432,0.9541344077998357,1.0329340501850202,1.1351409014591962,0.7030727144289693
41,1,2,1.1168584481486392,1.0434553011645644,-1470.7102811494212,-1272.9251923076354,-1470.7102811494212,-1272.9251923076354,656,-1673.6556701376949,-1800,-0.23321074662053184,119.85239994618762,-826.0661051013174,401.2971529962535,-0.735151621665811,20,3.2103261242229917,1.1365938380273737,1.3,0.7
140,0,7,1.1173051094034496,0.8893655100610933,-1620.1622492728748,-393.72025245819225,-1620.1622492728748,-393.72025245819225,247,-1800,-574.1463443520444,-0.11270273323161215,117.65719573514095,-842.6590332332589,386.32657384906327,-0.7485240652359901,20.423123099021915,1.6950382040027687,0.9975637276295669,1.1531617782653898,0.7
220,0,11,1.1186988072390556,0.9278629090444628,-1630.8550222621468,269.84550595902857,-1630.8550222621468,269.84550595902857,359,-1800,247.46918223825244,0.0073297975762980664,117.90672422721728,-842.5050109807578,374.1369563682126,-0.6611301733777725,20.67872952604691,1.9802636146394128,1.0186475416007819,1.1554095613300306,0.7
321,1,16,1.1190207579534828,0.9182293626776451,-1442.4833978485797,1237.7082161869446,-1442.4833978485797,1237.7082161869446,440,-1800,1731.0608941792334,-0.32656424675890594,120,-790.1461893782694,337.51978628982175,-0.5877401834591529,39.34770575883784,1.075417432301048,1.053106458061264,1.1050788433363525,0.7
44,4,2,1.1191379204947443,1.0206873086959327,-1035.4840273062641,-1267.590927666722,-1035.4840273062641,-1267.590927666722,459,-1089.0952852803277,-1620.2044957035678,-0.2080289747004729,118.84691205835666,-784.6124653828274,382.4490063261629,-0.8782244104849053,20,1.6891795303594006,0.9720065815532826,1.2243257896326627,0.7
200,0,10,1.1200385016085979,1.013381628870519,-1625.1170364827337,141.0082525483152,-1625.1170364827337,141.0082525483152,305,-1787.9484477800531,91.8844655783547,-0.25359984271404956,119.56824806845334,-833.6736295189709,379.77482106670584,-0.9402815212927946,20,1.4060035621998035,1.1849324365916782,1.0458186505986804,0.7
363,3,18,1.1208270606820117,0.8894663734912669,-1139.1948393803239,1466.0829632256625,-1139.1948393803239,1466.0829632256625,474,-1270.585893339517,1800,0.04690250627734029,119.68391127687754,-692.1976567317811,330.0849620007455,-0.4848364832127368,28.41329403880615,-0.13226119252192756,1.1284758941681832,1.2217873049690309,0.7
22,2,1,1.1247443394364174,1.069329316949509,-1428.7848800516188,-1454.7462308389952,-1428.7848800516188,-1454.7462308389952,435,-1542.5098958636768,-1800,0.02008173072903329,120,-817.2076342329462,401.919584894536,-0.7105135821808739,20,2.603639027123882,1.1852333928506875,1.3,0.7096193335729329
60,0,3,1.1249925326075614,1.0886451742400514,-1623.7265659259851,-1199.5334596426112,-1623.7265659259851,-1199.5334596426112,234,-1800,-1548.845541668349,-0.14539283844420123,120,-804.6620239881871,423.56500644624816,-0.8125240984647487,20.03155908312703,3.5879641459836757,1.1443496932806831,1.2861664688063483,0.7
361,1,18,1.1261073718272046,0.9623586853868829,-1529.612326431282,1444.5585717181436,-1529.612326431282,1444.5585717181436,616,-1787.5132286903636,1800,-0.3503884585660514,117.29264268273575,-785.8890480525156,419.5522146335404,-0.810346972082542,20.02054834559499,1.3383240887677386,1.049540232003591,1.152485781746164,0.7
362,2,18,1.1264415915011445,0.8989890107246874,-1274.8133280591417,1459.3844172293045,-1274.8133280591417,1459.3844172293045,437,-1455.4768625033714,1800,0.029413293439669995,119.69899380245235,-680.0305594616882,338.0054960705966,-0.48807458230351536,28.56612380280083,0.023998402497164284,1.182014527108149,1.250386967388262,0.7
40,0,2,1.1265704485681494,1.0891132506301435,-1624.2380605378546,-1271.3604230617727,-1624.2380605378546,-1271.3604230617727,408,-1800,-1634.500307620358,-0.13974515416030536,120,-808.2191522130802,414.6076145775861,-0.8065205400513966,20,3.432357562193708,1.1291129871441647,1.3,0.7
336,16,16,1.1297662634749375,1.0101488550408275,1080.3763922932958,1253.9212061447388,1080.3763922932958,1253.9212061447388,459,-795.579232645402,410.67904736142566,-0.752627428624974,38.3833019407717,1570.8254047844073,1474.3780648082607,-0.16999873196951348,119.30300242841396,2.6194892195963306,1.1094503835120206,1.1185340143568099,0.7298653769553916
25,5,1,1.130950498508541,1.0422829020478053,-726.4898027333937,-1446.865893248992,-726.4898027333937,-1446.865893248992,490,-780.5610621028156,424.9449490268744,-0.8325918418340114,22.057682592965183,-720.2823010621278,-1661.753969968949,0.10745779782467686,120,1.7788248212447744,0.978595791632183,1.3,0.7149664056883288
21,1,1,1.1314454520947799,1.0863088582290195,-1440.0844443222695,-1444.5467846555218,-1440.0844443222695,-1444.5467846555218,439,-1560.2529621752624,-1800,0.016715281147023198,120,-817.2221083452736,397.8527389105579,-0.6978860843974325,20.754592274991758,2.6774853862169983,1.2,1.3,0.7771824630790237
281,1,14,1.1336157495145813,0.9580311731603158,-1442.726307584321,739.9229091410489,-1442.726307584321,739.9229091410489,464,-1696.0655166092608,882.845179897737,-0.5204012669553973,117.72438119484366,-832.6078056327724,395.72225395940296,-0.9021130519426519,20,2.076402530764102,1.101469861457862,1.1754794260130863,0.7066270035915505
180,0,9,1.1338191373636213,0.9699411945268648,-1653.1932248451865,-169.50210798496659,-1653.1932248451865,-169.50210798496659,217,-1800,-267.0010538425141,-0.05078143608770163,108.4916932892982,-784.6490484186954,407.32509595704585,-0.8228272499864566,22.6402597486039,2.322792748504945,0.9927422375239867,1.2715937744539478,0.7
53,13,2,1.1341285552181153,0.7617450824630259,661.0265023905974,-1260.1940908425458,661.0265023905974,-1260.1940908425458,467,-817.5415645470584,421.20084166693306,-0.6699101245229202,20.60157828915343,790.3680482391771,-1407.2784386082644,0.38819315066611965,116.07204269742329,2.0698532108484087,0.8,1.2091991707808205,0.7
80,0,4,1.1346627055698746,1.0814936095805547,-1620.7059329686317,-1011.97483640875,-1620.7059329686317,-1011.97483640875,238,-1800,-1325.5484739400783,-0.16228848856133046,118.86742534713396,-807.5748566147904,410.1384193379072,-0.8188831291828669,20.146333665291174,3.554304499642028,1.0125990362244255,1.2867685010068353,0.7536538994386524
240,0,12,1.1347479720589717,1.0166488554279018,-1625.2109531381097,367.60818325117805,-1625.2109531381097,367.60818325117805,298,-1800,366.82861701345195,-0.23054698830364379,118.73975429746723,-829.4389164441961,371.157358808061,-0.8888214482104659,21.80542118087735,2.1572861604139058,1.1517989143736749,1.1211258029749827,0.7112188320319006
301,1,15,1.1373010385293731,0.8264207049656203,-1460.6490610341414,1065.2763733759043,-1460.6490610341414,1065.2763733759043,381,-1800,1418.0715434220815,-0.4783363881836089,105.16699512026175,-814.0222413974883,393.0318247522059,-0.7583410465277697,20,1.4657375502056151,1.1399972760698538,1.275643898080424,0.7022238704468199
278,18,13,1.139026479034007,1.1303400839716322,1441.2639087467742,546.029865420682,1441.2639087467742,546.029865420682,458,-818.3304032470129,400.1568524638256,-0.7903885809809486,39.33323473246181,1800,569.1888520625362,0.008866820041424186,118.7015193791949,2.1424619526067534,1.1696958327420268,1.1593561063922688,0.7
260,0,13,1.1409264914100499,1.0282255719870987,-1630.6652485533718,544.0483995494573,-1630.6652485533718,544.0483995494573,296,-1800,583.8954183751857,-0.18943989325497101,118.55141076422122,-837.61955731326,357.4327975035435,-0.8599920084937078,21.630373020024397,2.1323296557718434,1.170662168628679,1.1960297450179938,0.7
54,14,2,1.1413648871070052,0.815555444502166,738.813086358713,-1267.0931688607693,738.813086358713,-1267.0931688607693,443,-805.196522039676,421.3163130033144,-0.7431298496903515,20.523965866469144,877.3244964338782,-1418.558533354104,0.30403459843772224,116.9041930230545,2.0476170211159648,0.8,1.1834749323226934,0.7
20,0,1,1.14185024735688,1.095541676333062,-1647.8600326392639,-1463.1465292986377,-1647.8600326392639,-1463.1465292986377,592,-1800,-1800,-0.04922111131366522,119.76095206877403,-796.7359556444991,421.32935371099353,-0.7969706687798819,26.299102660125595,4.6003745493525035,0.9956343638132954,1.2805195237388798,0.7
7,7,0,1.1424605914081902,0.9818737856706625,-416.0044510318109,-1639.034008240948,-416.0044510318109,-1639.034008240948,231,-774.4885914022432,414.7215515279522,-0.7143808842932731,22.761825181177233,-387.9077503752288,-1800,0.3914337380907901,118.82222846019135,3.5397299978481405,1.0500161901691543,1.2950963554532198,0.7
384,4,19,1.1474379710424405,1.1420805996611045,-1004.709205153761,1623.7833333457959,-1004.709205153761,1623.7833333457959,210,-1032.9176867838958,1799.9702336676266,-0.07005363372633536,115.79940553771374,-806.7336514390734,387.25101636967736,-0.9162854898972129,25.920908679663434,1.763590011843233,1.1069596178865502,0.855572728382563,0.7161575534097551
23,3,1,1.1483332608712233,1.154529786608286,-1244.1645088812725,-1445.4595793119925,-1244.1645088812725,-1445.4595793119925,378,-1324.4518350884769,-1800,-0.10070978299959102,119.77862866708597,-832.5440463940378,372.21325683883737,-0.8105597443513922,39.78786057015061,1.5149048168984676,1.1128476951938286,1.1300714206303213,0.7011832532019593
368,8,18,1.1501899549867458,0.9938970710276064,-188.35980584368454,1451.0352599969522,-188.35980584368454,1451.0352599969522,425,-834.3099908765803,424.5701375156041,-0.687839682204993,20.00317948145867,31.21248455496352,1799.9527201662381,-0.21921818733733597,120,1.806954975790066,1.2,1.2135093202432796,0.7200588897805315
298,18,14,1.152306305848236,1.131199497955209,1440.517039838157,733.3490530421607,1440.517039838157,733.3490530421607,456,-819.5938987440152,401.0083998427125,-0.7681036402936591,40.981645327205,1800,786.209644863023,0.030347807690289275,119.9409213770409,1.9167084082017554,1.1808521734742634,1.151613194400772,0.7
360,0,18,1.152319206533819,0.8399572031270236,-1620.5654219153064,1474.4534153995523,-1620.5654219153064,1474.4534153995523,483,-1800,1715.5084664323847,-0.12086034547852022,117.19912774586413,-804.5588880381415,378.2182372833215,-0.7786478438618448,25.724038519605102,2.270930486228024,1.0972508089078379,0.9374133663752402,0.7
100,0,5,1.1526877121673982,1.0043908801239354,-1625.8919479152398,-725.2366518027944,-1625.8919479152398,-725.2366518027944,234,-1740.2287902779121,-881.2811363561308,0.03671786107531438,114.41297056593548,-800.8898636222134,400.70860205146295,-0.8215509905361621,20,1.0337028436619928,1.2,1.1516535247262596,0.7
56,16,2,1.153229412266897,0.964296863683733,1159.6223405167193,-1265.113409064499,1159.6223405167193,-1265.113409064499,516,-797.6736268804201,377.76457006707875,-0.8477254412320409,27.981740257413307,1796.8768297431595,-1800,-0.36038184350172897,118.57352656174452,1.4191479851630602,0.8,1.2665948911532923,0.712178103999917
377,17,18,1.1533556225729806,1.0355489776656674,1276.7854926279815,1601.369982550398,1276.7854926279815,1601.369982550398,821,-795.7771403555076,434.2496615576477,-0.7450705724538044,33.18967080294429,1629.5110381867596,1800,0.024000177516222118,118.88549485555289,2.376480508223133,1.2,1.076161332936131,0.7096766451585982
33,13,1,1.154253605796097,0.8845582704538343,594.5367387664513,-1441.1370143664499,594.5367387664513,-1441.1370143664499,541,-774.5855991126406,410.81852662256836,-0.8154141927586245,25.138024039333644,711.9131665091139,-1599.9072861861753,0.2514471755028142,118.80974179869852,2.1130385422328013,0.8417139804745929,1.204212558783919,0.7
12,12,0,1.154626077591035,1.0203640362353168,377.86400226280205,-1639.5639357394116,377.86400226280205,-1639.5639357394116,278,-759.9006899433107,398.1287652667702,-0.8825122566989112,29.933210156942096,467.44497253475413,-1800,0.22132443357916237,118.65136012167132,2.2853591242270532,0.9187998652345633,1.241832184543413,0.7
57,17,2,1.1555025398919878,1.013402348000909,1397.7523759247983,-1273.983082389889,1397.7523759247983,-1273.983082389889,544,-781.2387783840112,468.77707493047194,-0.7308068672304516,24.96943921158631,1762.047184835253,-1565.3465774790475,0.04599561726312246,119.9711485018606,3.557928156753913,1.1323427384362938,1.3,0.7028676322254556
6,6,0,1.1567521210380636,1.028330545662401,-557.8669811545393,-1630.7468100429135,-557.8669811545393,-1630.7468100429135,221,-773.6228861108656,416.93586067919375,-0.6063928509791983,21.246183237124065,-540.0334683314521,-1800,0.4763329412547893,119.24039995230572,2.626514010705399,1.0670837767156776,1.3,0.7293876965858138
58,18,2,1.1585554841798722,1.0022457998509864,1465.6679260162766,-1279.4093132500684,1465.6679260162766,-1279.4093132500684,410,-780.7581191998348,459.27455769186037,-0.7460145770093858,25.027480228040723,1800,-1538.174913752239,0.08129950628967912,119.86641593001663,3.731606730515462,1.1212353031629767,1.3,0.7
340,0,17,1.1591815498669888,0.901792021279759,-1625.1755467745963,1429.1296668860161,-1625.1755467745963,1429.1296668860161,219,-1799.9915465145227,1650.8763028174471,-0.1363474280555823,117.77977606170195,-803.8225155612124,387.27839552292835,-0.8082961141164162,26.18202152389466,2.1201801253594845,1.1557193162761386,1.0345601023014515,0.7255113620848235
55,15,2,1.1619437168432463,1.0625116353040136,1070.5478844651202,-1271.0532467990024,1070.5478844651202,-1271.0532467990024,454,-803.3782616528466,382.17594708609676,-0.5367151152120511,46.36086112723665,1251.1869636392437,-1430.418011448795,0.4792256448363146,119.98328981752873,3.466300998174872,1.103774942854948,1.2909051396963158,0.700454666164985
316,16,15,1.1632524796549926,0.9746093252097263,1084.7591298171587,948.0326779566169,1084.7591298171587,948.0326779566169,437,-812.7463761815301,380.33893535761723,-0.7202219856602857,41.38537071728249,1664.276991711277,1121.4122348968167,-0.20510576722341428,119.73986938993154,2.129533973616157,1.2,1.125561162886394,0.7638932929358903
372,12,18,1.1644760379071304,1.0272708041221914,431.83692319631035,1466.3140149065189,431.83692319631035,1466.3140149065189,426,-769.342590507502,439.1211895776801,-0.7607953760315,32.41267237661203,822.0428898083242,1800,-0.272481365274386,119.44363082093669,2.207790405629423,1.1921812161039045,1.263763412061395,0.719027136681131
24,4,1,1.1746794306324273,1.1042134818394682,-901.0320211199223,-1461.8442127490575,-901.0320211199223,-1461.8442127490575,467,-920.6803462999881,-1720.7671129711114,0.00860213623007173,120,-757.7853846469535,425.8400668385447,-0.8541567599030635,20,1.597702184018365,1.0239652508229105,1.2908042778992412,0.7284760051062782
382,2,19,1.1798328980538582,1.0212839745597444,-1273.6126154616393,1631.5612661449272,-1273.6126154616393,1631.5612661449272,203,-1360.9476777779194,1799.940156706861,0.27331730502285856,120,-629.1847893320626,389.12736235975837,-0.5946683453206958,20,0.10707882270948593,1.0591626421449551,1.2280088798313094,0.7244005344928821
397,17,19,1.1882762963597577,1.0927579961673455,1313.1807046943072,1626.289841878507,1313.1807046943072,1626.289841878507,323,-796.6041621339599,438.9779578513777,-0.7416487565101535,34.868825727106824,1621.8536555419018,1800,0.0930908426397923,117.44747803317354,2.294904483132811,1.2,1.023017207538422,0.7071253263591822
367,7,18,1.1907935524826305,1.0506283114818344,-430.20269720528125,1449.9686937034974,-430.20269720528125,1449.9686937034974,424,-821.4686018975169,332.0538868889935,-0.6923649944580134,38.22983048067868,-307.6998397826053,1799.9806843920721,-0.1880392086619291,119.60318258768653,-1.7486297859190387,1.0527876688359006,1.3,0.7056008683613464
383,3,19,1.196410132127604,1.0671849176286934,-1096.2763457313563,1625.713423043428,-1096.2763457313563,1625.713423043428,234,-1174.3011406566568,1799.982431279221,0.1490075578293402,119.747578968205,-553.2153797052337,412.7823791163116,-0.6936083941252567,20,0.3983052118607503,1.0820163601246717,1.1972070358381153,0.7
396,16,19,1.2039343066123698,1.0605747160944858,1183.8319029754323,1625.0217003864427,1183.8319029754323,1625.0217003864427,218,-791.8345310933539,448.4369584471299,-0.8088210251902221,27.223218548480798,1477.6473341250287,1800,0.018817995054111938,119.73647842760133,2.765543222319486,1.1845062305640544,1.0610350099009345,0.7423700289643248
391,11,19,1.2046878861450687,1.183546764072329,188.1183269314509,1621.4552468253573,188.1183269314509,1621.4552468253573,254,-839.2654172124293,359.62647054597215,-0.9086989413125738,39.44080001260064,333.48985471882685,1800,-0.059445606222616396,117.27656588102806,1.4366905379638635,1.0191968824016415,1.1338145652895197,0.7
373,13,18,1.2050977298328591,1.084319613532589,569.044583884693,1458.6315959702838,569.044583884693,1458.6315959702838,439,-779.6792894171803,407.7886721248395,-0.8288185467434013,42.09501136564698,1007.1802040219172,1800,-0.3405040643409728,118.36244310949077,2.5982643241700876,1.107588704259462,1.299231188968753,0.7
366,6,18,1.2088118670122947,1.1984880341943895,-700.1528296422172,1609.5031901171994,-700.1528296422172,1609.5031901171994,440,-804.6503788103996,376.08357137832246,-0.9473852868348677,27.268358261597033,-684.013594093602,1800,-0.13616214205921218,116.73110741464485,1.6685544808861477,1.1238269153939926,0.8286255016474506,0.7143455346336296
357,17,17,1.2098275028774619,0.9584420915937935,1275.274555090384,1298.4558927333105,1275.274555090384,1298.4558927333105,462,-816.6792883071595,406.33525873353335,-1,20.109102865171625,1800,1522.226793829441,-0.39938002637058123,120,2.9258308642533577,1.1285664011624794,1.2008043652049143,0.7
385,5,19,1.2138011896502825,1.231296915922691,-739.0093133165399,1634.2994007932284,-739.0093133165399,1634.2994007932284,249,-804.5054679242572,391.78140505162355,-0.9578069944866576,26.254294437857883,-730.2748305151374,1800,-0.08282838594378306,115.5846770214926,1.6717387626453188,1.0845889429898525,0.8096742904371348,0.7
1,1,0,1.2138587477001939,1.1902068768494172,-1537.6331836300315,-1623.203958201104,-1537.6331836300315,-1623.203958201104,147,-1608.5235024676624,-1800,0.04878104759005498,120,-744.4600830878657,354.9203743808824,-1,21.463399073338145,1.8783676763144113,1.0176612682089392,1.3,0.7
38,18,1,1.2174093379705249,1.0130146881042477,1476.4358369937866,-1451.9637767480665,1476.4358369937866,-1451.9637767480665,746,-779.5347056656187,456.511368177465,-0.8059415688271201,26.11438313558902,1800,-1725.6881677403564,0.03743144126715352,119.98199693768264,3.9345889587123954,1.1248923001310003,1.3,0.7
279,19,13,1.221452182528876,1.1282326553331772,1629.3894383446238,541.933378743101,1629.3894383446238,541.933378743101,212,-772.6853897805627,357.3914244505886,-0.9564342010871196,38.57702683620363,1800,555.0407166587146,0.19214641840999064,119.76347940253804,0.9656212279181625,0.9411749699035843,1.2337818909772447,0.7
280,0,14,1.2237671730893307,1.004046453368325,-1626.399937637771,729.218084792275,-1626.399937637771,729.218084792275,257,-1800,806.1931443406952,-0.33893679867577786,118.74026939933948,-830.949585968896,376.5117703223931,-1,23.87510933720023,1.9559673852404207,1.2,1.1324048667215285,0.7
34,14,1,1.2239726090280125,0.949989352878709,744.3511046556678,-1452.295332402399,744.3511046556678,-1452.295332402399,504,-786.4210890523229,411.16993774645334,-0.8172745408795644,23.807556230023785,873.2340427161829,-1609.1892712769709,0.2574405959848846,118.82728713422289,2.0918865456626627,0.8,1.1554728724607635,0.7
5,5,0,1.2262725583718204,1.1852800197724962,-817.8925155476328,-1620.2870107238814,-817.8925155476328,-1620.2870107238814,203,-825.1288316729486,-1799.958330138233,0.07930804890617196,118.86203872014838,-739.0066819592498,338.378359676456,-0.9581734390192883,21.6927585315136,2.030208666424058,0.9029646879423844,1.3,0.7466601958053624
2,2,0,1.2275832548788648,1.2038197934465533,-1395.506959448782,-1621.32029447289,-1395.506959448782,-1621.32029447289,155,-1452.0051938572778,-1799.959761247298,0.07201994594609477,120,-755.1516912824816,403.39295274690545,-0.9823661646818894,20.00115437624191,1.8149111415897843,1.0030258684969073,1.3,0.7452827419111058
37,17,1,1.2290650480023275,1.0475945367705317,1414.5080032994235,-1450.7610947379424,1414.5080032994235,-1450.7610947379424,565,-781.8467894489658,445.33789295943427,-0.7904486638710672,28.944705162171545,1800,-1783.5538598789326,-0.034761533742042675,119.76582922433525,4.894457994924231,1.1360812249643069,1.3,0.7
317,17,15,1.2295578493072832,0.984832028088456,1270.3759958993523,927.3331969232479,1270.3759958993523,927.3331969232479,439,-813.7815769998799,375.79662892468195,-0.8317847325789491,39.83510893081457,1528.6506184686614,995.6811475702063,0.07506408259925854,119.73850653159538,1.4904632225046566,1.1002926978371423,1.1759988204765774,0.7
337,17,16,1.2320038181393274,0.9918023748991291,1265.3830902578577,1255.6222761591434,1265.3830902578577,1255.6222761591434,420,-786.1144429245918,406.26906431035536,-0.8665489607256607,36.626768633393795,1799.9945913170272,1476.9600980045889,-0.28251625910591105,117.77466788180138,2.320541612176981,1.191288244446047,1.2169815109412516,0.7135064065189151
392,12,19,1.2325579837630467,1.1819845621877374,387.87130040853475,1657.6163634575234,387.87130040853475,1657.6163634575234,231,-817.3465114118476,343.31033933010985,-0.8944004298578144,38.05723302204027,518.4370071180372,1800,0.07083598781511435,112.48102162176173,1.097083312783845,1.052940105629146,1.0692391696739076,0.701378071081644
320,0,16,1.2383121036950764,0.9692306112888684,-1621.6310085051466,1235.7597641182888,-1621.6310085051466,1235.7597641182888,198,-1800,1427.9686654426932,-0.2950418790812071,118.04982788816662,-828.9957621355744,381.62279457619303,-0.9427959026180872,26.359913006890864,2.0092427861249256,1.2,1.1195659735354138,0.7
390,10,19,1.2397557848295546,1.1234761051691182,66.23770191707375,1624.4711751298687,66.23770191707375,1624.4711751298687,220,-826.7073253174224,338.77587416265305,-0.8800110640013885,35.609757243117016,188.1465174709506,1800,-0.015221452705477792,117.32457011132622,0.826192257895578,0.973757625161769,1.3,0.7507026114464479
36,16,1,1.2462188977232334,0.9879680861851473,1259.2787485896886,-1440.3217524396964,1259.2787485896886,-1440.3217524396964,439,-801.3928611492007,357.52704009202824,-1,28.545969120778306,1671.5374193227417,-1800,-0.30116101082826674,119.6595041415394,1.8031948064972685,0.8794947355225814,1.2738495012301936,0.7048986625148553
386,6,19,1.2537643696392673,1.2329310420379906,-715.8446926392404,1653.1041825556465,-715.8446926392404,1653.1041825556465,253,-805.0994925212101,379.6738615187037,-1,28.22957429353957,-705.5487568719674,1800,-0.06203424389803631,115.95494238401896,1.7379458747515368,1.1279465285085544,0.8704992555493172,0.7
380,0,19,1.259433641811026,0.9380557549216274,-1677.4871006169008,1621.4216711550423,-1677.4871006169008,1621.4216711550423,226,-1799.9581007323038,1800,-0.06670662758911786,118.43460246252977,-811.9593101857695,359.37182883795674,-0.9159543800171723,26.314044259891034,1.9637746624389085,1.1970841084973705,1.2824783784293017,0.7
4,4,0,1.2606468256867205,1.1976453157021965,-936.5964326108354,-1631.148721965581,-936.5964326108354,-1631.148721965581,198,-952.3017853959823,-1799.9929366072474,0.09931667078047794,117.59767609365817,-750.52572208052,369.2497037877237,-0.9743136489659985,21.734284460515763,1.8606558684954215,0.9774284156304148,1.3,0.7008251514673927
389,9,19,1.2650117130385852,1.0692792425394988,-129.26789153445975,1620.8125684883364,-129.26789153445975,1620.8125684883364,242,-805.4556618818091,386.4355540495239,-0.9391075029353512,33.03894329081568,-31.112008306608686,1799.995587468642,-0.10095652644619751,119.61243431355658,0.672413755412888,1.078286054803935,1.3,0.7
3,3,0,1.2718666819600757,1.212030566429536,-1080.2359234084263,-1624.730599520875,-1080.2359234084263,-1624.730599520875,154,-1109.6785868087154,-1800,0.09675847398358818,118.10746014038936,-747.1934993071266,357.8395644873219,-0.9567639910153729,22.42748513425486,1.8549546294278767,0.9635901613865355,1.3,0.700722286122355
59,19,2,1.2736565924328698,1.166090027195004,1623.405732522892,-1274.6713229573688,1623.405732522892,-1274.6713229573688,236,-794.8739389070272,457.83039430137336,-0.9100938019310443,27.967445653700715,1800,-1401.18682704761,0.2264361215854069,118.52016813933761,3.9505816662346906,1.1618085276140622,1.2822087416061578,0.7415534563078001
318,18,15,1.274785278531067,0.9692223225314476,1441.8991813301132,911.8440851381112,1441.8991813301132,911.8440851381112,417,-807.3275741612899,399.71774401891867,-0.9900421905210169,24.505441916314084,1800,993.3800448048944,-0.1920142634113048,120,2.423521290979824,1.163480904956795,1.1450702629648817,0.7
14,14,0,1.2776870773764346,1.0328331960609054,767.1791196499352,-1648.2932069189885,767.1791196499352,-1648.2932069189885,291,-794.9058618561149,441.92752712510054,-0.9538670499189814,20.635790805828915,880.5541805727091,-1800,0.1853200735810202,117.2004204213102,2.0081126850798685,1.1212297530065134,1.3,0.7
0,0,0,1.2816217614926013,1.202758893887649,-1644.5754195625411,-1622.5453390500293,-1644.5754195625411,-1622.5453390500293,214,-1728.3158289650814,-1800,0.05134745388570932,114.36566996548918,-731.2073358401211,312.97688702795136,-0.9863632980774968,29.133984700747448,2.951622687129857,0.9333452700535735,1.2826115559155487,0.7237366071575739
381,1,19,1.2834428294396552,0.983847385521154,-1442.888310833154,1620.6745186712567,-1442.888310833154,1620.6745186712567,184,-1531.846688439763,1799.9879196968793,-0.15456845140313136,118.33762090529517,-822.5444593203365,370.2474221699698,-0.9980140797227994,25.71345994616287,1.3828458075235357,1.183509089004818,1.3,0.7
388,8,19,1.2917736742631765,1.1771204113976583,-308.9642143465539,1621.6463558757764,-308.9642143465539,1621.6463558757764,195,-801.686630295226,365.9169755675324,-0.9687116546208928,31.628252408455428,-239.77604826361562,1797.97609064685,-0.1161411533214832,116.57252221240569,-0.04326902027277224,1.016874596797065,1.2875124755846892,0.7009759085534414
300,0,15,1.293366280729105,0.95236256279178,-1626.8373518385943,1062.1236350743275,-1626.8373518385943,1062.1236350743275,202,-1800,1208.4690232088776,-0.23147414790394746,117.40539018576109,-814.7828088963544,375.8299191077344,-0.9026051293884508,22.963099926557852,1.2502885168615165,1.2,1.276004760572101,0.7
393,13,19,1.2934067056317944,0.9920353774741715,595.5397648236619,1627.3306994770212,595.5397648236619,1627.3306994770212,173,-788.9040191667848,402.02368651227835,-1,20,790.6344939533112,1800,-0.14897021052568596,118.55673906773305,2.432774493050616,1.182510736830057,1.2831767774265952,0.7
13,13,0,1.2941342503290179,1.0181551265857869,543.8622662674458,-1654.5323347045653,543.8622662674458,-1654.5323347045653,277,-804.1268124963946,413.0106013331816,-0.9449407190480578,21.367464506729334,638.7037424533312,-1800,0.20774734951377183,117.31327662307079,1.5954460765895058,1.0674869429872231,1.1820701292110198,0.7
338,18,16,1.2951692388544391,0.9266403565264193,1441.9086505721484,1206.6180932285984,1441.9086505721484,1206.6180932285984,358,-810.5685575288942,404.0776301099786,-0.977889497281207,21.730597395601983,1800,1334.2033120157305,-0.17922292175023502,119.61159180196103,2.4234326113901137,1.2,1.2360457083360428,0.7
358,18,17,1.296845409464265,0.9498867510512251,1441.9764197394418,1317.5220785225372,1441.9764197394418,1317.5220785225372,381,-811.2372075719165,404.025530212719,-0.9950601502363084,21.4444328484514,1799.997290482159,1462.6706901242699,-0.19616612555288024,119.94877631071923,2.4136550825949805,1.1951436331084722,1.2431110910103125,0.7
299,19,14,1.2976107840154667,1.1377947683138256,1624.2181856822806,767.702897172828,1624.2181856822806,767.702897172828,198,-735.0078897887525,320.44309217441855,-0.9612943604518605,35.18757180988673,1800,801.0274440704003,0.16650125648659655,119.29093932967213,1.7368396866248383,1.0081275240125478,1.2461667767314988,0.712400447758334
378,18,18,1.3004490434866582,1.0540157333177564,1440.4692841037588,1593.040734968306,1440.4692841037588,1593.040734968306,386,-801.7139312618501,376.31876748554924,-1,30.45696350286869,1800,1788.140277689853,-0.20506490233097244,120,2.4726973303782356,1.1684049273754638,1.2989578668150563,0.7043831866947974
387,7,19,1.3037840289101548,1.1731629183623098,-454.0899870786279,1620.8551613825093,-454.0899870786279,1620.8551613825093,202,-806.3654079512006,376.4216641598336,-0.9522437757086175,31.819081325032894,-403.3774953609342,1800,-0.11047638305439836,119.90149368787701,0.3672972262111199,1.0843953912285018,1.3,0.7125823849925187
394,14,19,1.3085132331570875,1.0672604914440966,736.0436261289751,1626.8685996062231,736.0436261289751,1626.8685996062231,180,-796.6988722151481,403.65287152890704,-1,28.581333941779626,952.9847993744204,1800,-0.15087278529695594,119.76030426785485,2.586054828459169,1.2,1.3,0.7086330338443791
35,15,1,1.3090757485926434,1.0996026815428914,920.9495367175285,-1463.8648135748963,920.9495367175285,-1463.8648135748963,421,-810.8064532498217,440.79332335452096,-0.9528902782926463,20,1064.512839708131,-1621.76177757539,0.12855297852003905,117.91177382692193,1.4859551863173728,1.1760444704189978,1.3,0.7191327277678575
398,18,19,1.3096687403571616,1.0060123218263204,1454.806245533738,1624.24078735033,1454.806245533738,1624.24078735033,527,-814.0902205825834,408.1281701403206,-1,21.3069240836885,1782.7195085201042,1800,-0.15994430408494092,120,2.439043267140234,1.2,1.2237272517449018,0.7
18,18,0,1.30995406919767,1.1659147428108527,1596.36302018027,-1624.2188286646128,1596.36302018027,-1624.2188286646128,342,-809.3441291830532,452.4080245687918,-0.8797039227351557,24.293724599730208,1800,-1800,0.19268218880809393,118.66448167864826,5.210379518341497,1.091722844748722,1.261629526065811,0.7261213009271044
395,15,19,1.3128925769008417,1.0184518596255607,1028.0868274903446,1620.4328747331429,1028.0868274903446,1620.4328747331429,172,-796.8412867336804,398.77696397621963,-1,21.144528410524124,1296.3269206331329,1800,-0.1672779293960254,118.51866417955073,2.76261187130266,1.1805093143740983,1.3,0.7015651449550592
39,19,1,1.3208451984607807,1.179771928576217,1646.39234036311,-1450.5551469793813,1646.39234036311,-1450.5551469793813,206,-770.826155413056,470.36545409118014,-1,24.776442622914036,1800,-1572.6244255300533,0.19690303636622905,118.58464309747512,4.014126851875334,1.1085041303231502,1.3,0.7020537504808849
19,19,0,1.3380485404228004,1.0823383060655691,1620.1849787232413,-1644.3385798985223,1620.1849787232413,-1644.3385798985223,351,-782.7852956543042,435.8534013683549,-1,25.956204318588753,1800,-1800,0.12592242971708612,117.46467033493424,3.9824721043580738,1.1251770765863824,1.2797357872141626,0.7069471915325144
319,19,15,1.3428406274141345,1.0030117516493158,1623.63784366659,929.6311713077703,1623.63784366659,929.6311713077703,166,-741.365941842722,298.97034136161733,-1,29.45951814100553,1800,976.6605691319132,0.12742644003116854,119.9172856429865,1.4298351570370125,0.8,1.3,0.7082093056808403
17,17,0,1.3530505818540952,1.039973591137683,1289.068982649649,-1621.9535714842973,1289.068982649649,-1621.9535714842973,264,-862.2035128091131,344.75230769622027,-0.8153026882753951,33.32777926168181,1483.8122833133737,-1799.9890342882275,0.22793020992150462,119.32181609305225,1.3573134338416848,0.8109407587360328,1.2514414438418804,0.7
339,19,16,1.3531446044808892,1.0510154885686323,1628.079339686179,1149.4365917491475,1628.079339686179,1149.4365917491475,163,-727.3125915211925,373.23562273885057,-0.9380989691337199,31.140589641546658,1800,1206.0916992751695,0.19863614331067506,117.7399107733054,-1.5516086992228182,0.9527245514496981,1.0829876011886301,0.7016928445870438
15,15,0,1.360797285271868,1.0395828523352084,907.0962226171738,-1643.9207378558006,907.0962226171738,-1643.9207378558006,265,-798.213141625032,429.67425864843466,-0.9895504448182091,20.005123351211278,1035.4455424885496,-1799.9889053511888,0.13385916038794948,117.35528362040276,1.956036105225839,0.9969200291655694,1.2535964515493667,0.7
16,16,0,1.3669085811056398,1.086492316322459,1256.0156429304614,-1636.4232845024746,1256.0156429304614,-1636.4232845024746,243,-803.3260772919302,425.7554902877952,-0.9962173150471652,23.39585013635823,1419.3673168003772,-1800,0.10438751384891855,115.55004580460331,1.9144663138010263,1.0996380054778774,1.2866476635254225,0.7268276176026274
359,19,17,1.3726854603463945,1.072956413335607,1643.5233734205672,1417.5878833477193,1643.5233734205672,1417.5878833477193,169,-886.6468362231649,414.0444427293347,-0.8578825630423665,42.362898558355056,1800,1479.651333314587,0.35081770022678205,119.99284466242074,-1.4658248966949716,0.8391473010273174,1.276600464281344,0.7
399,19,19,1.3764597275708175,1.1700357124874874,1623.919192825452,1707.5207549207046,1623.919192825452,1707.5207549207046,255,-804.2622698994976,432.2177154148697,-1,30.254571318157797,1800,1800,0.1395691188822041,119.94994027099311,2.761992239423725,1.0422738506847022,0.9355026234919491,0.7196769375283572
379,19,18,1.3790460251393528,1.1434340146986417,1630.1566183749328,1451.9546509972602,1630.1566183749328,1451.9546509972602,169,-812.669673317184,356.2459662363387,-0.9453565030857661,43.52793175429821,1795.2141480137295,1525.989783714428,0.22490074161445092,119.98743505884669,-1.6759674488960161,0.887786830821523,1.3,0.7
