problem	seed	arm	call	best_score	overhead_seconds
optical-lens	0	de	1	1.000000000000e99	0.000017811
optical-lens	0	de	2	7.071067843243e14	0.000020891
optical-lens	0	de	3	7.071067843243e14	0.000020961
optical-lens	0	de	4	7.071067833406e14	0.000021021
optical-lens	0	de	5	7.071067833406e14	0.000021201
optical-lens	0	de	6	7.071067833406e14	0.000021631
optical-lens	0	de	7	7.071067833406e14	0.000022101
optical-lens	0	de	8	2.516453349199e5	0.000022461
optical-lens	0	de	9	2.516453349199e5	0.000022581
optical-lens	0	de	10	2.516453349199e5	0.000023661
optical-lens	0	de	11	2.516453349199e5	0.000023821
optical-lens	0	de	12	2.516453349199e5	0.000023891
optical-lens	0	de	13	2.516453349199e5	0.000023961
optical-lens	0	de	14	2.516453349199e5	0.000024031
optical-lens	0	de	15	2.516453349199e5	0.000024141
optical-lens	0	de	16	2.516453349199e5	0.000024201
optical-lens	0	de	17	2.516453349199e5	0.000030811
optical-lens	0	de	18	2.516453349199e5	0.000031441
optical-lens	0	de	19	2.516453349199e5	0.000031511
optical-lens	0	de	20	2.516453349199e5	0.000031581
optical-lens	0	de	21	2.516453349199e5	0.000031651
optical-lens	0	de	22	2.516453349199e5	0.000031721
optical-lens	0	de	23	2.516453349199e5	0.000031791
optical-lens	0	de	24	2.516453349199e5	0.000031861
optical-lens	0	de	25	2.516453349199e5	0.000031931
optical-lens	0	de	26	2.516453349199e5	0.000032001
optical-lens	0	de	27	2.394104108656e5	0.000032071
optical-lens	0	de	28	2.394104108656e5	0.000032141
optical-lens	0	de	29	2.136187951159e5	0.000032211
optical-lens	0	de	30	2.136187951159e5	0.000032281
optical-lens	0	de	31	2.136187951159e5	0.000032351
optical-lens	0	de	32	2.136187951159e5	0.000032411
optical-lens	0	de	33	2.136187951159e5	0.000036981
optical-lens	0	de	34	2.136187951159e5	0.000037201
optical-lens	0	de	35	2.136187951159e5	0.000037261
optical-lens	0	de	36	2.136187951159e5	0.000037331
optical-lens	0	de	37	2.136187951159e5	0.000037391
optical-lens	0	de	38	2.136187951159e5	0.000037461
optical-lens	0	de	39	2.136187951159e5	0.000037531
optical-lens	0	de	40	2.136187951159e5	0.000037591
optical-lens	0	de	41	2.136187951159e5	0.000037651
optical-lens	0	de	42	2.136187951159e5	0.000037721
optical-lens	0	de	43	1.916379413759e5	0.000037781
optical-lens	0	de	44	1.895603654461e5	0.000037851
optical-lens	0	de	45	1.895603654461e5	0.000037951
optical-lens	0	de	46	1.895603654461e5	0.000038041
optical-lens	0	de	47	1.895603654461e5	0.000038111
optical-lens	0	de	48	1.832766176794e5	0.000038171
optical-lens	0	de	49	1.832766176794e5	0.000042821
optical-lens	0	de	50	1.832766176794e5	0.000042891
optical-lens	0	de	51	1.832766176794e5	0.000042951
optical-lens	0	de	52	1.832766176794e5	0.000043021
optical-lens	0	de	53	1.832766176794e5	0.000043351
optical-lens	0	de	54	1.832766176794e5	0.000043421
optical-lens	0	de	55	1.832766176794e5	0.000043481
optical-lens	0	de	56	1.832766176794e5	0.000043551
optical-lens	0	de	57	1.440623821277e5	0.000043741
optical-lens	0	de	58	1.440623821277e5	0.000043941
optical-lens	0	de	59	5.950745047270e4	0.000044001
optical-lens	0	de	60	5.950745047270e4	0.000044071
optical-lens	0	de	61	5.950745047270e4	0.000044221
optical-lens	0	de	62	5.950745047270e4	0.000044291
optical-lens	0	de	63	5.950745047270e4	0.000044441
optical-lens	0	de	64	5.950745047270e4	0.000044501
optical-lens	0	de	65	4.008832436667e4	0.000048241
optical-lens	0	de	66	4.008832436667e4	0.000048851
optical-lens	0	de	67	3.728830244543e4	0.000048951
optical-lens	0	de	68	3.728830244543e4	0.000049031
optical-lens	0	de	69	3.728830244543e4	0.000049311
optical-lens	0	de	70	3.728830244543e4	0.000049781
optical-lens	0	de	71	3.728830244543e4	0.000050001
optical-lens	0	de	72	3.728830244543e4	0.000050071
optical-lens	0	de	73	3.728830244543e4	0.000050141
optical-lens	0	de	74	3.728830244543e4	0.000050371
optical-lens	0	de	75	3.728830244543e4	0.000050441
optical-lens	0	de	76	3.728830244543e4	0.000050711
optical-lens	0	de	77	3.728830244543e4	0.000050781
optical-lens	0	de	78	3.728830244543e4	0.000050851
optical-lens	0	de	79	3.728830244543e4	0.000050921
optical-lens	0	de	80	3.728830244543e4	0.000050991
optical-lens	0	de	81	3.728830244543e4	0.000055392
optical-lens	0	de	82	3.728830244543e4	0.000055512
optical-lens	0	de	83	3.728830244543e4	0.000055642
optical-lens	0	de	84	3.728830244543e4	0.000055792
optical-lens	0	de	85	3.728830244543e4	0.000055862
optical-lens	0	de	86	3.728830244543e4	0.000055932
optical-lens	0	de	87	3.728830244543e4	0.000056092
optical-lens	0	de	88	3.728830244543e4	0.000056152
optical-lens	0	de	89	3.728830244543e4	0.000056222
optical-lens	0	de	90	3.728830244543e4	0.000056372
optical-lens	0	de	91	1.424659735215e4	0.000056442
optical-lens	0	de	92	1.424659735215e4	0.000056602
optical-lens	0	de	93	9.283135568480e2	0.000056672
optical-lens	0	de	94	9.283135568480e2	0.000056742
optical-lens	0	de	95	9.283135568480e2	0.000056822
optical-lens	0	de	96	9.283135568480e2	0.000056892
optical-lens	0	de	97	9.283135568480e2	0.000061172
optical-lens	0	de	98	9.283135568480e2	0.000061232
optical-lens	0	de	99	9.283135568480e2	0.000061302
optical-lens	0	de	100	9.283135568480e2	0.000061372
optical-lens	0	de	101	9.283135568480e2	0.000061442
optical-lens	0	de	102	9.283135568480e2	0.000061512
optical-lens	0	de	103	9.283135568480e2	0.000061582
optical-lens	0	de	104	9.283135568480e2	0.000061642
optical-lens	0	de	105	9.283135568480e2	0.000061712
optical-lens	0	de	106	9.283135568480e2	0.000061782
optical-lens	0	de	107	9.283135568480e2	0.000061852
optical-lens	0	de	108	9.283135568480e2	0.000061922
optical-lens	0	de	109	9.283135568480e2	0.000061992
optical-lens	0	de	110	9.283135568480e2	0.000062062
optical-lens	0	de	111	9.283135568480e2	0.000062132
optical-lens	0	de	112	9.283135568480e2	0.000062202
optical-lens	0	de	113	9.283135568480e2	0.000064092
optical-lens	0	de	114	9.283135568480e2	0.000064162
optical-lens	0	de	115	9.283135568480e2	0.000064232
optical-lens	0	de	116	9.283135568480e2	0.000064302
optical-lens	0	de	117	9.283135568480e2	0.000064372
optical-lens	0	de	118	9.283135568480e2	0.000064442
optical-lens	0	de	119	9.283135568480e2	0.000064502
optical-lens	0	de	120	9.283135568480e2	0.000064572
optical-lens	0	de	121	9.283135568480e2	0.000064632
optical-lens	0	de	122	9.283135568480e2	0.000064712
optical-lens	0	de	123	9.283135568480e2	0.000064782
optical-lens	0	de	124	9.283135568480e2	0.000064852
optical-lens	0	de	125	9.283135568480e2	0.000064922
optical-lens	0	de	126	9.283135568480e2	0.000064992
optical-lens	0	de	127	9.283135568480e2	0.000065062
optical-lens	0	de	128	9.283135568480e2	0.000065132
optical-lens	0	de	129	9.283135568480e2	0.000067442
optical-lens	0	de	130	9.283135568480e2	0.000068432
optical-lens	0	de	131	9.283135568480e2	0.000068492
optical-lens	0	de	132	9.283135568480e2	0.000068572
optical-lens	0	de	133	9.283135568480e2	0.000068632
optical-lens	0	de	134	9.283135568480e2	0.000068692
optical-lens	0	de	135	9.283135568480e2	0.000068752
optical-lens	0	de	136	9.283135568480e2	0.000068822
optical-lens	0	de	137	9.283135568480e2	0.000068892
optical-lens	0	de	138	9.283135568480e2	0.000068962
optical-lens	0	de	139	9.283135568480e2	0.000069022
optical-lens	0	de	140	6.225239882464e2	0.000069082
optical-lens	0	de	141	6.225239882464e2	0.000069152
optical-lens	0	de	142	6.225239882464e2	0.000069212
optical-lens	0	de	143	6.225239882464e2	0.000069282
optical-lens	0	de	144	6.225239882464e2	0.000069352
optical-lens	0	de	145	6.225239882464e2	0.000071622
optical-lens	0	de	146	6.225239882464e2	0.000071693
optical-lens	0	de	147	6.225239882464e2	0.000071763
optical-lens	0	de	148	6.225239882464e2	0.000071833
optical-lens	0	de	149	6.225239882464e2	0.000071903
optical-lens	0	de	150	6.225239882464e2	0.000071973
optical-lens	0	de	151	6.225239882464e2	0.000072033
optical-lens	0	de	152	5.925633930759e2	0.000072103
optical-lens	0	de	153	5.925633930759e2	0.000072173
optical-lens	0	de	154	5.925633930759e2	0.000072243
optical-lens	0	de	155	5.925633930759e2	0.000072313
optical-lens	0	de	156	5.925633930759e2	0.000072383
optical-lens	0	de	157	5.925633930759e2	0.000072453
optical-lens	0	de	158	5.925633930759e2	0.000072523
optical-lens	0	de	159	5.925633930759e2	0.000072593
optical-lens	0	de	160	5.925633930759e2	0.000072663
optical-lens	0	bo	1	9.128709368413e14	0.030229878
optical-lens	0	bo	2	9.128709368413e14	0.030230618
optical-lens	0	bo	3	7.071067815224e14	0.030230718
optical-lens	0	bo	4	7.071067815224e14	0.030230798
optical-lens	0	bo	5	5.773502694075e14	0.030230868
optical-lens	0	bo	6	1.408850952296e5	0.030231038
optical-lens	0	bo	7	1.408850952296e5	0.030231118
optical-lens	0	bo	8	1.408850952296e5	0.030231198
optical-lens	0	bo	9	1.408850952296e5	0.030231278
optical-lens	0	bo	10	1.408850952296e5	0.030231408
optical-lens	0	bo	11	1.408850952296e5	0.030231488
optical-lens	0	bo	12	1.408850952296e5	0.030231568
optical-lens	0	bo	13	1.408850952296e5	0.030231648
optical-lens	0	bo	14	1.408850952296e5	0.030231718
optical-lens	0	bo	15	1.408850952296e5	0.030231798
optical-lens	0	bo	16	1.408850952296e5	0.030231878
optical-lens	0	bo	17	1.408850952296e5	0.048067235
optical-lens	0	bo	18	1.252631768888e5	0.060583759
optical-lens	0	bo	19	1.044422724547e5	0.072806355
optical-lens	0	bo	20	1.044422724547e5	0.083968325
optical-lens	0	bo	21	1.044422724547e5	0.095405512
optical-lens	0	bo	22	1.044422724547e5	0.106805748
optical-lens	0	bo	23	1.044422724547e5	0.119145268
optical-lens	0	bo	24	1.044422724547e5	0.130884683
optical-lens	0	bo	25	1.044422724547e5	0.145530890
optical-lens	0	bo	26	1.044422724547e5	0.158346781
optical-lens	0	bo	27	1.044422724547e5	0.171009279
optical-lens	0	bo	28	1.044422724547e5	0.182450236
optical-lens	0	bo	29	1.044422724547e5	0.194186910
optical-lens	0	bo	30	1.044422724547e5	0.206866618
optical-lens	0	bo	31	1.044422724547e5	0.218994232
optical-lens	0	bo	32	1.044422724547e5	0.230241444
optical-lens	0	bo	33	1.044422724547e5	0.241634289
optical-lens	0	bo	34	1.044422724547e5	0.253852196
optical-lens	0	bo	35	1.044422724547e5	0.266508833
optical-lens	0	bo	36	1.044422724547e5	0.278799751
optical-lens	0	bo	37	1.044422724547e5	0.291187861
optical-lens	0	bo	38	1.044422724547e5	0.303874129
optical-lens	0	bo	39	1.044422724547e5	0.317266304
optical-lens	0	bo	40	1.044422724547e5	0.330297881
optical-lens	0	bo	41	1.044422724547e5	0.343515662
optical-lens	0	bo	42	1.044422724547e5	0.355834701
optical-lens	0	bo	43	1.044422724547e5	0.369563205
optical-lens	0	bo	44	1.044422724547e5	0.383185836
optical-lens	0	bo	45	1.044422724547e5	0.397687250
optical-lens	0	bo	46	1.044422724547e5	0.414511541
optical-lens	0	bo	47	1.044422724547e5	0.428072511
optical-lens	0	bo	48	1.044422724547e5	0.441854267
optical-lens	0	bo	49	1.044422724547e5	0.455764505
optical-lens	0	bo	50	1.044422724547e5	0.471111670
optical-lens	0	bo	51	1.044422724547e5	0.486880415
optical-lens	0	bo	52	1.044422724547e5	0.501715677
optical-lens	0	bo	53	1.044422724547e5	0.516339794
optical-lens	0	bo	54	1.044422724547e5	0.530809987
optical-lens	0	bo	55	1.044422724547e5	0.545357392
optical-lens	0	bo	56	1.044422724547e5	0.561874936
optical-lens	0	bo	57	1.044422724547e5	0.577458907
optical-lens	0	bo	58	1.044422724547e5	0.593432137
optical-lens	0	bo	59	1.044422724547e5	0.611624423
optical-lens	0	bo	60	1.044422724547e5	0.627939812
optical-lens	0	bo	61	1.044422724547e5	0.644566629
optical-lens	0	bo	62	1.044422724547e5	0.660980260
optical-lens	0	bo	63	1.044422724547e5	0.678361256
optical-lens	0	bo	64	1.044422724547e5	0.695085205
optical-lens	0	bo	65	1.044422724547e5	0.712721258
optical-lens	0	bo	66	1.044422724547e5	0.731825656
optical-lens	0	bo	67	1.044422724547e5	0.750080484
optical-lens	0	bo	68	1.044422724547e5	0.769356567
optical-lens	0	bo	69	4.905610583868e4	0.789614355
optical-lens	0	bo	70	4.905610583868e4	0.808830967
optical-lens	0	bo	71	4.905610583868e4	0.829511305
optical-lens	0	bo	72	4.905610583868e4	0.849106836
optical-lens	0	bo	73	4.905610583868e4	0.868214625
optical-lens	0	bo	74	4.905610583868e4	0.887952359
optical-lens	0	bo	75	4.905610583868e4	0.908979475
optical-lens	0	bo	76	4.905610583868e4	0.928437012
optical-lens	0	bo	77	4.905610583868e4	0.948468524
optical-lens	0	bo	78	4.905610583868e4	0.969386397
optical-lens	0	bo	79	4.905610583868e4	0.991532092
optical-lens	0	bo	80	4.905610583868e4	1.012795154
optical-lens	0	bo	81	4.905610583868e4	1.034100177
optical-lens	0	bo	82	4.905610583868e4	1.056105718
optical-lens	0	bo	83	4.905610583868e4	1.078623352
optical-lens	0	bo	84	4.905610583868e4	1.100359616
optical-lens	0	bo	85	4.905610583868e4	1.124623473
optical-lens	0	bo	86	4.905610583868e4	1.147911226
optical-lens	0	bo	87	4.905610583868e4	1.173323062
optical-lens	0	bo	88	4.905610583868e4	1.196087192
optical-lens	0	bo	89	4.905610583868e4	1.220598706
optical-lens	0	bo	90	4.905610583868e4	1.244404992
optical-lens	0	bo	91	4.905610583868e4	1.267744637
optical-lens	0	bo	92	4.905610583868e4	1.292653821
optical-lens	0	bo	93	4.905610583868e4	1.319489543
optical-lens	0	bo	94	4.905610583868e4	1.347774541
optical-lens	0	bo	95	4.905610583868e4	1.374416948
optical-lens	0	bo	96	4.905610583868e4	1.400750597
optical-lens	0	bo	97	4.905610583868e4	1.428296867
optical-lens	0	bo	98	4.905610583868e4	1.457673283
optical-lens	0	bo	99	4.905610583868e4	1.486128745
optical-lens	0	bo	100	4.905610583868e4	1.515225884
optical-lens	0	bo	101	4.905610583868e4	1.542716063
optical-lens	0	bo	102	4.905610583868e4	1.571557276
optical-lens	0	bo	103	4.905610583868e4	1.599676940
optical-lens	0	bo	104	6.867813397720e2	1.631264622
optical-lens	0	bo	105	6.867813397720e2	1.667840578
optical-lens	0	bo	106	6.867813397720e2	1.702797454
optical-lens	0	bo	107	6.867813397720e2	1.734181891
optical-lens	0	bo	108	6.867813397720e2	1.764490360
optical-lens	0	bo	109	6.867813397720e2	1.796362138
optical-lens	0	bo	110	6.867813397720e2	1.828894843
optical-lens	0	bo	111	6.867813397720e2	1.859200182
optical-lens	0	bo	112	6.867813397720e2	1.889097680
optical-lens	0	bo	113	6.867813397720e2	1.921667076
optical-lens	0	bo	114	6.867813397720e2	1.952118159
optical-lens	0	bo	115	6.867813397720e2	1.986794187
optical-lens	0	bo	116	6.867813397720e2	2.019673020
optical-lens	0	bo	117	6.867813397720e2	2.055980139
optical-lens	0	bo	118	6.867813397720e2	2.093897638
optical-lens	0	bo	119	6.867813397720e2	2.130513835
optical-lens	0	bo	120	6.867813397720e2	2.163425429
optical-lens	0	bo	121	6.867813397720e2	2.199669476
optical-lens	0	bo	122	6.867813397720e2	2.239301488
optical-lens	0	bo	123	6.867813397720e2	2.278148810
optical-lens	0	bo	124	6.867813397720e2	2.317227939
optical-lens	0	bo	125	6.867813397720e2	2.358206165
optical-lens	0	bo	126	6.867813397720e2	2.396660308
optical-lens	0	bo	127	6.867813397720e2	2.438683571
optical-lens	0	bo	128	6.867813397720e2	2.479986485
optical-lens	0	bo	129	6.867813397720e2	2.525494184
optical-lens	0	bo	130	6.867813397720e2	2.568138293
optical-lens	0	bo	131	6.867813397720e2	2.610889903
optical-lens	0	bo	132	6.867813397720e2	2.651439278
optical-lens	0	bo	133	6.867813397720e2	2.692874535
optical-lens	0	bo	134	6.867813397720e2	2.734315333
optical-lens	0	bo	135	6.867813397720e2	2.779007652
optical-lens	0	bo	136	6.867813397720e2	2.822433059
optical-lens	0	bo	137	6.867813397720e2	2.868136333
optical-lens	0	bo	138	6.867813397720e2	2.914883373
optical-lens	0	bo	139	6.867813397720e2	2.960768911
optical-lens	0	bo	140	6.867813397720e2	3.008789613
optical-lens	0	bo	141	6.867813397720e2	3.059034870
optical-lens	0	bo	142	6.867813397720e2	3.105330088
optical-lens	0	bo	143	6.867813397720e2	3.152052947
optical-lens	0	bo	144	6.867813397720e2	3.203387381
optical-lens	0	bo	145	6.867813397720e2	3.253870735
optical-lens	0	bo	146	6.867813397720e2	3.302790659
optical-lens	0	bo	147	6.867813397720e2	3.352408461
optical-lens	0	bo	148	6.867813397720e2	3.404721839
optical-lens	0	bo	149	6.867813397720e2	3.456206487
optical-lens	0	bo	150	6.867813397720e2	3.509857439
optical-lens	0	bo	151	6.867813397720e2	3.559972213
optical-lens	0	bo	152	6.867813397720e2	3.609858792
optical-lens	0	bo	153	6.867813397720e2	3.665300379
optical-lens	0	bo	154	6.867813397720e2	3.723214149
optical-lens	0	bo	155	6.867813397720e2	3.779251031
optical-lens	0	bo	156	6.867813397720e2	3.830988215
optical-lens	0	bo	157	6.867813397720e2	3.883874128
optical-lens	0	bo	158	6.867813397720e2	3.943456548
optical-lens	0	bo	159	6.867813397720e2	3.999432178
optical-lens	0	bo	160	6.867813397720e2	4.061046869
optical-lens	1	de	1	1.000000000000e99	0.000016790
optical-lens	1	de	2	1.000000008115e15	0.000017000
optical-lens	1	de	3	9.128709339231e14	0.000017070
optical-lens	1	de	4	9.128709337133e14	0.000017140
optical-lens	1	de	5	9.128709305665e14	0.000017210
optical-lens	1	de	6	9.128709305665e14	0.000017440
optical-lens	1	de	7	9.128709305665e14	0.000017510
optical-lens	1	de	8	9.128709305665e14	0.000017580
optical-lens	1	de	9	9.128709305665e14	0.000017650
optical-lens	1	de	10	9.128709305665e14	0.000017890
optical-lens	1	de	11	9.128709305665e14	0.000017960
optical-lens	1	de	12	9.128709305665e14	0.000018030
optical-lens	1	de	13	9.128709305665e14	0.000018100
optical-lens	1	de	14	9.128709305665e14	0.000018170
optical-lens	1	de	15	9.128709305665e14	0.000018240
optical-lens	1	de	16	9.128709305665e14	0.000018310
optical-lens	1	de	17	9.128709305665e14	0.000022810
optical-lens	1	de	18	9.128709305665e14	0.000023380
optical-lens	1	de	19	9.128709305665e14	0.000023450
optical-lens	1	de	20	9.128709305665e14	0.000023520
optical-lens	1	de	21	9.128709305665e14	0.000023590
optical-lens	1	de	22	9.128709305665e14	0.000023710
optical-lens	1	de	23	9.128709305665e14	0.000023790
optical-lens	1	de	24	7.071067820653e14	0.000023860
optical-lens	1	de	25	7.071067820653e14	0.000023990
optical-lens	1	de	26	7.071067820653e14	0.000024060
optical-lens	1	de	27	4.082482905226e14	0.000024130
optical-lens	1	de	28	4.082482905226e14	0.000024200
optical-lens	1	de	29	4.082482905226e14	0.000024270
optical-lens	1	de	30	4.082482905226e14	0.000024440
optical-lens	1	de	31	4.082482905226e14	0.000024610
optical-lens	1	de	32	4.082482905226e14	0.000024700
optical-lens	1	de	33	4.082482905226e14	0.000032760
optical-lens	1	de	34	4.082482905226e14	0.000033280
optical-lens	1	de	35	4.082482905226e14	0.000033360
optical-lens	1	de	36	4.082482905226e14	0.000033440
optical-lens	1	de	37	4.082482905226e14	0.000033620
optical-lens	1	de	38	4.082482905226e14	0.000033750
optical-lens	1	de	39	4.082482905226e14	0.000033820
optical-lens	1	de	40	4.082482905226e14	0.000033920
optical-lens	1	de	41	4.082482905226e14	0.000034010
optical-lens	1	de	42	4.082482905226e14	0.000034110
optical-lens	1	de	43	4.082482905226e14	0.000034180
optical-lens	1	de	44	4.082482905226e14	0.000034240
optical-lens	1	de	45	4.082482905226e14	0.000034310
optical-lens	1	de	46	4.082482905226e14	0.000034370
optical-lens	1	de	47	4.082482905226e14	0.000034450
optical-lens	1	de	48	4.082482905226e14	0.000034520
optical-lens	1	de	49	2.352978754418e5	0.000038920
optical-lens	1	de	50	8.234949778440e4	0.000038990
optical-lens	1	de	51	5.817008111014e4	0.000039130
optical-lens	1	de	52	5.817008111014e4	0.000039200
optical-lens	1	de	53	5.817008111014e4	0.000039270
optical-lens	1	de	54	5.817008111014e4	0.000039340
optical-lens	1	de	55	5.817008111014e4	0.000039410
optical-lens	1	de	56	5.817008111014e4	0.000039480
optical-lens	1	de	57	3.348778627997e2	0.000039550
optical-lens	1	de	58	3.348778627997e2	0.000039620
optical-lens	1	de	59	3.348778627997e2	0.000039690
optical-lens	1	de	60	3.348778627997e2	0.000039760
optical-lens	1	de	61	3.348778627997e2	0.000039830
optical-lens	1	de	62	3.348778627997e2	0.000039890
optical-lens	1	de	63	3.348778627997e2	0.000039960
optical-lens	1	de	64	3.348778627997e2	0.000040030
optical-lens	1	de	65	3.348778627997e2	0.000042020
optical-lens	1	de	66	3.348778627997e2	0.000042610
optical-lens	1	de	67	3.348778627997e2	0.000042690
optical-lens	1	de	68	3.348778627997e2	0.000042760
optical-lens	1	de	69	3.348778627997e2	0.000042830
optical-lens	1	de	70	3.348778627997e2	0.000042900
optical-lens	1	de	71	3.348778627997e2	0.000042970
optical-lens	1	de	72	3.348778627997e2	0.000043040
optical-lens	1	de	73	3.348778627997e2	0.000043110
optical-lens	1	de	74	3.348778627997e2	0.000043180
optical-lens	1	de	75	3.348778627997e2	0.000043250
optical-lens	1	de	76	3.348778627997e2	0.000043370
optical-lens	1	de	77	3.348778627997e2	0.000043520
optical-lens	1	de	78	3.348778627997e2	0.000043590
optical-lens	1	de	79	3.348778627997e2	0.000043650
optical-lens	1	de	80	3.348778627997e2	0.000043790
optical-lens	1	de	81	3.348778627997e2	0.000049080
optical-lens	1	de	82	3.348778627997e2	0.000049150
optical-lens	1	de	83	3.348778627997e2	0.000049220
optical-lens	1	de	84	3.348778627997e2	0.000049290
optical-lens	1	de	85	3.348778627997e2	0.000049430
optical-lens	1	de	86	3.348778627997e2	0.000049500
optical-lens	1	de	87	3.348778627997e2	0.000049570
optical-lens	1	de	88	3.348778627997e2	0.000049640
optical-lens	1	de	89	3.348778627997e2	0.000049710
optical-lens	1	de	90	3.348778627997e2	0.000049780
optical-lens	1	de	91	3.348778627997e2	0.000049850
optical-lens	1	de	92	3.348778627997e2	0.000049940
optical-lens	1	de	93	3.348778627997e2	0.000050020
optical-lens	1	de	94	3.348778627997e2	0.000050090
optical-lens	1	de	95	3.348778627997e2	0.000050160
optical-lens	1	de	96	3.348778627997e2	0.000050230
optical-lens	1	de	97	3.348778627997e2	0.000053210
optical-lens	1	de	98	3.348778627997e2	0.000053350
optical-lens	1	de	99	3.348778627997e2	0.000053420
optical-lens	1	de	100	3.348778627997e2	0.000053490
optical-lens	1	de	101	3.348778627997e2	0.000053640
optical-lens	1	de	102	3.348778627997e2	0.000053820
optical-lens	1	de	103	3.348778627997e2	0.000053880
optical-lens	1	de	104	3.348778627997e2	0.000053950
optical-lens	1	de	105	3.348778627997e2	0.000054020
optical-lens	1	de	106	3.348778627997e2	0.000054090
optical-lens	1	de	107	3.348778627997e2	0.000054160
optical-lens	1	de	108	3.348778627997e2	0.000054230
optical-lens	1	de	109	3.348778627997e2	0.000054310
optical-lens	1	de	110	3.348778627997e2	0.000054430
optical-lens	1	de	111	3.348778627997e2	0.000054750
optical-lens	1	de	112	3.348778627997e2	0.000054860
optical-lens	1	de	113	3.348778627997e2	0.000060280
optical-lens	1	de	114	3.348778627997e2	0.000060350
optical-lens	1	de	115	3.348778627997e2	0.000060420
optical-lens	1	de	116	3.348778627997e2	0.000060490
optical-lens	1	de	117	3.348778627997e2	0.000060550
optical-lens	1	de	118	3.348778627997e2	0.000060620
optical-lens	1	de	119	3.348778627997e2	0.000060690
optical-lens	1	de	120	3.348778627997e2	0.000060840
optical-lens	1	de	121	3.348778627997e2	0.000060910
optical-lens	1	de	122	3.348778627997e2	0.000060980
optical-lens	1	de	123	3.348778627997e2	0.000061050
optical-lens	1	de	124	3.348778627997e2	0.000061190
optical-lens	1	de	125	3.348778627997e2	0.000061330
optical-lens	1	de	126	3.348778627997e2	0.000061390
optical-lens	1	de	127	3.348778627997e2	0.000061470
optical-lens	1	de	128	3.348778627997e2	0.000061620
optical-lens	1	de	129	3.348778627997e2	0.000064260
optical-lens	1	de	130	3.348778627997e2	0.000064810
optical-lens	1	de	131	3.348778627997e2	0.000064880
optical-lens	1	de	132	3.348778627997e2	0.000064950
optical-lens	1	de	133	3.348778627997e2	0.000065020
optical-lens	1	de	134	3.348778627997e2	0.000065080
optical-lens	1	de	135	3.348778627997e2	0.000065150
optical-lens	1	de	136	3.348778627997e2	0.000065210
optical-lens	1	de	137	3.348778627997e2	0.000065270
optical-lens	1	de	138	3.348778627997e2	0.000065340
optical-lens	1	de	139	3.348778627997e2	0.000065410
optical-lens	1	de	140	3.348778627997e2	0.000065480
optical-lens	1	de	141	3.348778627997e2	0.000065540
optical-lens	1	de	142	3.348778627997e2	0.000065610
optical-lens	1	de	143	3.348778627997e2	0.000065680
optical-lens	1	de	144	3.348778627997e2	0.000065750
optical-lens	1	de	145	3.348778627997e2	0.000068940
optical-lens	1	de	146	3.348778627997e2	0.000069000
optical-lens	1	de	147	3.348778627997e2	0.000069080
optical-lens	1	de	148	3.348778627997e2	0.000069150
optical-lens	1	de	149	3.348778627997e2	0.000069220
optical-lens	1	de	150	3.348778627997e2	0.000069290
optical-lens	1	de	151	3.348778627997e2	0.000069360
optical-lens	1	de	152	3.348778627997e2	0.000069430
optical-lens	1	de	153	3.348778627997e2	0.000069500
optical-lens	1	de	154	3.348778627997e2	0.000069570
optical-lens	1	de	155	3.348778627997e2	0.000069640
optical-lens	1	de	156	3.348778627997e2	0.000069710
optical-lens	1	de	157	3.348778627997e2	0.000069780
optical-lens	1	de	158	3.348778627997e2	0.000069850
optical-lens	1	de	159	3.348778627997e2	0.000069920
optical-lens	1	de	160	3.348778627997e2	0.000069980
optical-lens	1	bo	1	9.128709339686e14	0.027529258
optical-lens	1	bo	2	9.128709339686e14	0.027529468
optical-lens	1	bo	3	7.071067822590e14	0.027529568
optical-lens	1	bo	4	7.071067822590e14	0.027529638
optical-lens	1	bo	5	7.071067822590e14	0.027529718
optical-lens	1	bo	6	7.071067822590e14	0.027529918
optical-lens	1	bo	7	7.071067822590e14	0.027529998
optical-lens	1	bo	8	7.071067815853e14	0.027530068
optical-lens	1	bo	9	7.071067815853e14	0.027530148
optical-lens	1	bo	10	7.071067815853e14	0.027530288
optical-lens	1	bo	11	7.071067815853e14	0.027530368
optical-lens	1	bo	12	2.435435456247e5	0.027530438
optical-lens	1	bo	13	2.435435456247e5	0.027530508
optical-lens	1	bo	14	1.828316135188e5	0.027530588
optical-lens	1	bo	15	1.828316135188e5	0.027530648
optical-lens	1	bo	16	1.828316135188e5	0.027530728
optical-lens	1	bo	17	1.828316135188e5	0.042685677
optical-lens	1	bo	18	1.828316135188e5	0.053787364
optical-lens	1	bo	19	1.828316135188e5	0.064788530
optical-lens	1	bo	20	1.828316135188e5	0.077908188
optical-lens	1	bo	21	1.828316135188e5	0.089095748
optical-lens	1	bo	22	1.828316135188e5	0.100741649
optical-lens	1	bo	23	1.828316135188e5	0.110896983
optical-lens	1	bo	24	1.207371682774e5	0.121549860
optical-lens	1	bo	25	1.207371682774e5	0.132141904
optical-lens	1	bo	26	1.207371682774e5	0.143228061
optical-lens	1	bo	27	1.207371682774e5	0.153972880
optical-lens	1	bo	28	1.207371682774e5	0.165383656
optical-lens	1	bo	29	1.207371682774e5	0.176829222
optical-lens	1	bo	30	1.207371682774e5	0.187598811
optical-lens	1	bo	31	1.207371682774e5	0.199302084
optical-lens	1	bo	32	1.207371682774e5	0.210877444
optical-lens	1	bo	33	1.207371682774e5	0.223813487
optical-lens	1	bo	34	1.207371682774e5	0.236509034
optical-lens	1	bo	35	3.135710363125e4	0.249232273
optical-lens	1	bo	36	3.135710363125e4	0.262696529
optical-lens	1	bo	37	3.135710363125e4	0.274823512
optical-lens	1	bo	38	3.135710363125e4	0.286933815
optical-lens	1	bo	39	3.135710363125e4	0.299790627
optical-lens	1	bo	40	3.135710363125e4	0.312306130
optical-lens	1	bo	41	3.135710363125e4	0.324307240
optical-lens	1	bo	42	3.135710363125e4	0.336982937
optical-lens	1	bo	43	3.135710363125e4	0.350486485
optical-lens	1	bo	44	3.135710363125e4	0.364193878
optical-lens	1	bo	45	3.135710363125e4	0.378760953
optical-lens	1	bo	46	3.135710363125e4	0.393069560
optical-lens	1	bo	47	3.135710363125e4	0.406889376
optical-lens	1	bo	48	3.135710363125e4	0.420723292
optical-lens	1	bo	49	3.135710363125e4	0.434611689
optical-lens	1	bo	50	3.135710363125e4	0.448850575
optical-lens	1	bo	51	3.135710363125e4	0.463198554
optical-lens	1	bo	52	3.135710363125e4	0.478146228
optical-lens	1	bo	53	3.135710363125e4	0.493143353
optical-lens	1	bo	54	3.135710363125e4	0.507817120
optical-lens	1	bo	55	3.135710363125e4	0.523344319
optical-lens	1	bo	56	3.135710363125e4	0.539019901
optical-lens	1	bo	57	3.135710363125e4	0.554755914
optical-lens	1	bo	58	3.135710363125e4	0.571140294
optical-lens	1	bo	59	3.135710363125e4	0.587508543
optical-lens	1	bo	60	3.135710363125e4	0.604069887
optical-lens	1	bo	61	3.135710363125e4	0.620580300
optical-lens	1	bo	62	3.135710363125e4	0.637129944
optical-lens	1	bo	63	3.135710363125e4	0.654363556
optical-lens	1	bo	64	3.135710363125e4	0.670813507
optical-lens	1	bo	65	3.135710363125e4	0.688781206
optical-lens	1	bo	66	3.135710363125e4	0.707347100
optical-lens	1	bo	67	3.135710363125e4	0.726214961
optical-lens	1	bo	68	3.135710363125e4	0.744104829
optical-lens	1	bo	69	3.135710363125e4	0.762304874
optical-lens	1	bo	70	3.135710363125e4	0.781126264
optical-lens	1	bo	71	3.135710363125e4	0.799462052
optical-lens	1	bo	72	3.135710363125e4	0.817684097
optical-lens	1	bo	73	3.135710363125e4	0.837410050
optical-lens	1	bo	74	3.135710363125e4	0.855924863
optical-lens	1	bo	75	3.135710363125e4	0.875900652
optical-lens	1	bo	76	3.135710363125e4	0.895995324
optical-lens	1	bo	77	3.135710363125e4	0.916049795
optical-lens	1	bo	78	3.135710363125e4	0.937178173
optical-lens	1	bo	79	3.135710363125e4	0.956892836
optical-lens	1	bo	80	3.135710363125e4	0.978757923
optical-lens	1	bo	81	3.135710363125e4	0.999448440
optical-lens	1	bo	82	3.135710363125e4	1.020406053
optical-lens	1	bo	83	3.135710363125e4	1.043222193
optical-lens	1	bo	84	3.135710363125e4	1.066237518
optical-lens	1	bo	85	3.135710363125e4	1.087182641
optical-lens	1	bo	86	3.135710363125e4	1.112782191
optical-lens	1	bo	87	3.135710363125e4	1.136409292
optical-lens	1	bo	88	3.135710363125e4	1.159444588
optical-lens	1	bo	89	3.135710363125e4	1.183571351
optical-lens	1	bo	90	3.135710363125e4	1.206280808
optical-lens	1	bo	91	3.135710363125e4	1.228395511
optical-lens	1	bo	92	3.135710363125e4	1.252171935
optical-lens	1	bo	93	3.135710363125e4	1.275910328
optical-lens	1	bo	94	3.135710363125e4	1.298701678
optical-lens	1	bo	95	3.135710363125e4	1.323873117
optical-lens	1	bo	96	3.135710363125e4	1.349048806
optical-lens	1	bo	97	3.135710363125e4	1.373744703
optical-lens	1	bo	98	3.135710363125e4	1.398391389
optical-lens	1	bo	99	3.135710363125e4	1.425937887
optical-lens	1	bo	100	3.135710363125e4	1.451905746
optical-lens	1	bo	101	3.135710363125e4	1.479406594
optical-lens	1	bo	102	3.135710363125e4	1.506235985
optical-lens	1	bo	103	3.135710363125e4	1.532336187
optical-lens	1	bo	104	3.135710363125e4	1.560160853
optical-lens	1	bo	105	3.135710363125e4	1.588237404
optical-lens	1	bo	106	3.135710363125e4	1.615014062
optical-lens	1	bo	107	3.135710363125e4	1.645277019
optical-lens	1	bo	108	3.135710363125e4	1.674627922
optical-lens	1	bo	109	3.135710363125e4	1.707181595
optical-lens	1	bo	110	3.135710363125e4	1.739256437
optical-lens	1	bo	111	3.135710363125e4	1.770503378
optical-lens	1	bo	112	3.135710363125e4	1.801796200
optical-lens	1	bo	113	3.135710363125e4	1.835449191
optical-lens	1	bo	114	3.135710363125e4	1.869801569
optical-lens	1	bo	115	3.135710363125e4	1.905149252
optical-lens	1	bo	116	3.135710363125e4	1.939546561
optical-lens	1	bo	117	3.135710363125e4	1.971751376
optical-lens	1	bo	118	3.135710363125e4	2.006286539
optical-lens	1	bo	119	3.135710363125e4	2.040448792
optical-lens	1	bo	120	3.135710363125e4	2.076143014
optical-lens	1	bo	121	3.135710363125e4	2.111579329
optical-lens	1	bo	122	3.135710363125e4	2.147049386
optical-lens	1	bo	123	3.135710363125e4	2.185867286
optical-lens	1	bo	124	3.135710363125e4	2.222632205
optical-lens	1	bo	125	3.135710363125e4	2.261420394
optical-lens	1	bo	126	3.135710363125e4	2.301295711
optical-lens	1	bo	127	3.135710363125e4	2.345623798
optical-lens	1	bo	128	3.135710363125e4	2.386956460
optical-lens	1	bo	129	3.135710363125e4	2.431629486
optical-lens	1	bo	130	3.135710363125e4	2.473995515
optical-lens	1	bo	131	3.135710363125e4	2.520181839
optical-lens	1	bo	132	3.135710363125e4	2.566624119
optical-lens	1	bo	133	3.135710363125e4	2.608398922
optical-lens	1	bo	134	3.135710363125e4	2.651687833
optical-lens	1	bo	135	3.135710363125e4	2.696016129
optical-lens	1	bo	136	3.135710363125e4	2.742257073
optical-lens	1	bo	137	3.135710363125e4	2.787601215
optical-lens	1	bo	138	3.135710363125e4	2.832501986
optical-lens	1	bo	139	3.135710363125e4	2.879029287
optical-lens	1	bo	140	3.135710363125e4	2.925057276
optical-lens	1	bo	141	3.135710363125e4	2.972898311
optical-lens	1	bo	142	3.135710363125e4	3.019042144
optical-lens	1	bo	143	3.135710363125e4	3.065730920
optical-lens	1	bo	144	3.135710363125e4	3.112891147
optical-lens	1	bo	145	3.135710363125e4	3.163763727
optical-lens	1	bo	146	3.135710363125e4	3.217192851
optical-lens	1	bo	147	3.135710363125e4	3.267105197
optical-lens	1	bo	148	3.135710363125e4	3.316479540
optical-lens	1	bo	149	3.135710363125e4	3.372448668
optical-lens	1	bo	150	3.135710363125e4	3.425008040
optical-lens	1	bo	151	3.135710363125e4	3.477130071
optical-lens	1	bo	152	3.135710363125e4	3.526592056
optical-lens	1	bo	153	3.135710363125e4	3.578362748
optical-lens	1	bo	154	3.135710363125e4	3.627599917
optical-lens	1	bo	155	3.135710363125e4	3.677431011
optical-lens	1	bo	156	3.135710363125e4	3.727680435
optical-lens	1	bo	157	3.135710363125e4	3.779047667
optical-lens	1	bo	158	3.135710363125e4	3.831250039
optical-lens	1	bo	159	3.135710363125e4	3.884405346
optical-lens	1	bo	160	3.135710363125e4	3.941632524
optical-lens	2	de	1	7.071067864360e14	0.000012030
optical-lens	2	de	2	7.071067864360e14	0.000012160
optical-lens	2	de	3	7.071067844422e14	0.000012230
optical-lens	2	de	4	7.071067844422e14	0.000012300
optical-lens	2	de	5	1.245672067326e5	0.000012370
optical-lens	2	de	6	1.245672067326e5	0.000012530
optical-lens	2	de	7	1.245672067326e5	0.000012600
optical-lens	2	de	8	1.245672067326e5	0.000012670
optical-lens	2	de	9	1.245672067326e5	0.000012730
optical-lens	2	de	10	1.245672067326e5	0.000013320
optical-lens	2	de	11	1.245672067326e5	0.000013390
optical-lens	2	de	12	1.245672067326e5	0.000013450
optical-lens	2	de	13	1.145989804933e2	0.000013520
optical-lens	2	de	14	1.145989804933e2	0.000013590
optical-lens	2	de	15	1.145989804933e2	0.000013650
optical-lens	2	de	16	1.145989804933e2	0.000013720
optical-lens	2	de	17	1.145989804933e2	0.000017570
optical-lens	2	de	18	1.145989804933e2	0.000017840
optical-lens	2	de	19	1.145989804933e2	0.000017920
optical-lens	2	de	20	1.145989804933e2	0.000018020
optical-lens	2	de	21	1.145989804933e2	0.000018090
optical-lens	2	de	22	1.145989804933e2	0.000018180
optical-lens	2	de	23	1.145989804933e2	0.000018250
optical-lens	2	de	24	1.145989804933e2	0.000018320
optical-lens	2	de	25	1.145989804933e2	0.000018390
optical-lens	2	de	26	1.145989804933e2	0.000018460
optical-lens	2	de	27	1.145989804933e2	0.000018530
optical-lens	2	de	28	1.145989804933e2	0.000018600
optical-lens	2	de	29	1.145989804933e2	0.000018670
optical-lens	2	de	30	1.145989804933e2	0.000018750
optical-lens	2	de	31	1.145989804933e2	0.000018820
optical-lens	2	de	32	1.145989804933e2	0.000018890
optical-lens	2	de	33	1.145989804933e2	0.000030281
optical-lens	2	de	34	1.145989804933e2	0.000030661
optical-lens	2	de	35	1.145989804933e2	0.000030721
optical-lens	2	de	36	1.145989804933e2	0.000030781
optical-lens	2	de	37	1.145989804933e2	0.000030841
optical-lens	2	de	38	1.145989804933e2	0.000030911
optical-lens	2	de	39	1.145989804933e2	0.000030981
optical-lens	2	de	40	1.145989804933e2	0.000031051
optical-lens	2	de	41	1.145989804933e2	0.000031121
optical-lens	2	de	42	1.145989804933e2	0.000031191
optical-lens	2	de	43	1.145989804933e2	0.000031251
optical-lens	2	de	44	1.145989804933e2	0.000031311
optical-lens	2	de	45	1.145989804933e2	0.000031381
optical-lens	2	de	46	1.145989804933e2	0.000031451
optical-lens	2	de	47	1.145989804933e2	0.000031521
optical-lens	2	de	48	1.145989804933e2	0.000031591
optical-lens	2	de	49	1.145989804933e2	0.000036432
optical-lens	2	de	50	1.145989804933e2	0.000036502
optical-lens	2	de	51	1.145989804933e2	0.000036562
optical-lens	2	de	52	1.145989804933e2	0.000036632
optical-lens	2	de	53	1.145989804933e2	0.000036692
optical-lens	2	de	54	1.145989804933e2	0.000036762
optical-lens	2	de	55	1.145989804933e2	0.000036832
optical-lens	2	de	56	1.145989804933e2	0.000036922
optical-lens	2	de	57	1.145989804933e2	0.000037112
optical-lens	2	de	58	1.145989804933e2	0.000037242
optical-lens	2	de	59	1.145989804933e2	0.000037392
optical-lens	2	de	60	1.145989804933e2	0.000037462
optical-lens	2	de	61	1.145989804933e2	0.000037532
optical-lens	2	de	62	1.145989804933e2	0.000037602
optical-lens	2	de	63	1.145989804933e2	0.000037672
optical-lens	2	de	64	1.145989804933e2	0.000037742
optical-lens	2	de	65	1.145989804933e2	0.000042743
optical-lens	2	de	66	1.145989804933e2	0.000043073
optical-lens	2	de	67	1.145989804933e2	0.000043153
optical-lens	2	de	68	1.145989804933e2	0.000043223
optical-lens	2	de	69	1.145989804933e2	0.000043303
optical-lens	2	de	70	1.145989804933e2	0.000043373
optical-lens	2	de	71	1.145989804933e2	0.000043443
optical-lens	2	de	72	1.145989804933e2	0.000043513
optical-lens	2	de	73	1.145989804933e2	0.000043583
optical-lens	2	de	74	1.145989804933e2	0.000043653
optical-lens	2	de	75	1.145989804933e2	0.000043733
optical-lens	2	de	76	1.145989804933e2	0.000043793
optical-lens	2	de	77	1.145989804933e2	0.000043863
optical-lens	2	de	78	1.145989804933e2	0.000043933
optical-lens	2	de	79	1.145989804933e2	0.000044003
optical-lens	2	de	80	1.145989804933e2	0.000044073
optical-lens	2	de	81	1.145989804933e2	0.000048034
optical-lens	2	de	82	1.145989804933e2	0.000048104
optical-lens	2	de	83	1.145989804933e2	0.000048174
optical-lens	2	de	84	1.145989804933e2	0.000048244
optical-lens	2	de	85	1.145989804933e2	0.000048314
optical-lens	2	de	86	1.145989804933e2	0.000048384
optical-lens	2	de	87	1.145989804933e2	0.000048454
optical-lens	2	de	88	1.145989804933e2	0.000048524
optical-lens	2	de	89	1.145989804933e2	0.000048594
optical-lens	2	de	90	1.145989804933e2	0.000048784
optical-lens	2	de	91	1.145989804933e2	0.000049004
optical-lens	2	de	92	1.145989804933e2	0.000049134
optical-lens	2	de	93	1.145989804933e2	0.000049274
optical-lens	2	de	94	1.145989804933e2	0.000049344
optical-lens	2	de	95	1.145989804933e2	0.000049414
optical-lens	2	de	96	1.145989804933e2	0.000049484
optical-lens	2	de	97	1.145989804933e2	0.000053705
optical-lens	2	de	98	1.145989804933e2	0.000053775
optical-lens	2	de	99	1.145989804933e2	0.000053845
optical-lens	2	de	100	1.145989804933e2	0.000053925
optical-lens	2	de	101	1.145989804933e2	0.000053995
optical-lens	2	de	102	1.145989804933e2	0.000054065
optical-lens	2	de	103	1.145989804933e2	0.000054135
optical-lens	2	de	104	1.145989804933e2	0.000054205
optical-lens	2	de	105	1.145989804933e2	0.000054265
optical-lens	2	de	106	1.145989804933e2	0.000054335
optical-lens	2	de	107	1.145989804933e2	0.000054405
optical-lens	2	de	108	1.145989804933e2	0.000054475
optical-lens	2	de	109	1.145989804933e2	0.000054545
optical-lens	2	de	110	1.145989804933e2	0.000054615
optical-lens	2	de	111	1.145989804933e2	0.000054685
optical-lens	2	de	112	1.145989804933e2	0.000054755
optical-lens	2	de	113	1.145989804933e2	0.000057875
optical-lens	2	de	114	1.145989804933e2	0.000057945
optical-lens	2	de	115	1.145989804933e2	0.000058015
optical-lens	2	de	116	1.145989804933e2	0.000058075
optical-lens	2	de	117	1.145989804933e2	0.000058155
optical-lens	2	de	118	1.145989804933e2	0.000058225
optical-lens	2	de	119	1.145989804933e2	0.000058295
optical-lens	2	de	120	1.145989804933e2	0.000058365
optical-lens	2	de	121	1.145989804933e2	0.000058435
optical-lens	2	de	122	1.145989804933e2	0.000058505
optical-lens	2	de	123	1.145989804933e2	0.000058565
optical-lens	2	de	124	1.145989804933e2	0.000058635
optical-lens	2	de	125	1.145989804933e2	0.000058705
optical-lens	2	de	126	1.145989804933e2	0.000058775
optical-lens	2	de	127	1.145989804933e2	0.000058845
optical-lens	2	de	128	1.145989804933e2	0.000058915
optical-lens	2	de	129	1.145989804933e2	0.000061425
optical-lens	2	de	130	1.145989804933e2	0.000062215
optical-lens	2	de	131	1.145989804933e2	0.000062285
optical-lens	2	de	132	1.145989804933e2	0.000062345
optical-lens	2	de	133	1.145989804933e2	0.000062425
optical-lens	2	de	134	1.145989804933e2	0.000062495
optical-lens	2	de	135	1.145989804933e2	0.000062565
optical-lens	2	de	136	1.145989804933e2	0.000062635
optical-lens	2	de	137	1.145989804933e2	0.000062895
optical-lens	2	de	138	1.145989804933e2	0.000063265
optical-lens	2	de	139	1.145989804933e2	0.000063445
optical-lens	2	de	140	1.145989804933e2	0.000063515
optical-lens	2	de	141	1.145989804933e2	0.000063675
optical-lens	2	de	142	1.145989804933e2	0.000063865
optical-lens	2	de	143	1.145989804933e2	0.000064005
optical-lens	2	de	144	1.145989804933e2	0.000064235
optical-lens	2	de	145	1.145989804933e2	0.000074465
optical-lens	2	de	146	1.145989804933e2	0.000074535
optical-lens	2	de	147	1.145989804933e2	0.000074745
optical-lens	2	de	148	1.145989804933e2	0.000074825
optical-lens	2	de	149	1.145989804933e2	0.000074905
optical-lens	2	de	150	1.145989804933e2	0.000075035
optical-lens	2	de	151	1.145989804933e2	0.000075105
optical-lens	2	de	152	1.145989804933e2	0.000075255
optical-lens	2	de	153	1.014863677396e2	0.000075325
optical-lens	2	de	154	1.014863677396e2	0.000075395
optical-lens	2	de	155	1.014863677396e2	0.000075525
optical-lens	2	de	156	1.014863677396e2	0.000075595
optical-lens	2	de	157	1.014863677396e2	0.000075675
optical-lens	2	de	158	1.014863677396e2	0.000075885
optical-lens	2	de	159	1.014863677396e2	0.000076055
optical-lens	2	de	160	1.014863677396e2	0.000076255
optical-lens	2	bo	1	7.071067835080e14	0.028683656
optical-lens	2	bo	2	7.071067817883e14	0.028684146
optical-lens	2	bo	3	7.071067817883e14	0.028684306
optical-lens	2	bo	4	7.071067817883e14	0.028684376
optical-lens	2	bo	5	7.071067817883e14	0.028684456
optical-lens	2	bo	6	7.071067817883e14	0.028684996
optical-lens	2	bo	7	5.503695139288e4	0.028685156
optical-lens	2	bo	8	5.503695139288e4	0.028685236
optical-lens	2	bo	9	5.503695139288e4	0.028685306
optical-lens	2	bo	10	5.503695139288e4	0.028685876
optical-lens	2	bo	11	5.503695139288e4	0.028685946
optical-lens	2	bo	12	5.503695139288e4	0.028686026
optical-lens	2	bo	13	5.503695139288e4	0.028686096
optical-lens	2	bo	14	5.503695139288e4	0.028686236
optical-lens	2	bo	15	5.503695139288e4	0.028686316
optical-lens	2	bo	16	5.503695139288e4	0.028686386
optical-lens	2	bo	17	5.503695139288e4	0.042786118
optical-lens	2	bo	18	5.503695139288e4	0.053907595
optical-lens	2	bo	19	5.503695139288e4	0.066407837
optical-lens	2	bo	20	5.503695139288e4	0.077842112
optical-lens	2	bo	21	5.503695139288e4	0.089545684
optical-lens	2	bo	22	5.503695139288e4	0.100901617
optical-lens	2	bo	23	5.503695139288e4	0.111582203
optical-lens	2	bo	24	5.503695139288e4	0.124407103
optical-lens	2	bo	25	5.503695139288e4	0.135825748
optical-lens	2	bo	26	5.503695139288e4	0.146737841
optical-lens	2	bo	27	5.503695139288e4	0.157976451
optical-lens	2	bo	28	5.503695139288e4	0.169464147
optical-lens	2	bo	29	5.503695139288e4	0.181483727
optical-lens	2	bo	30	5.503695139288e4	0.192737558
optical-lens	2	bo	31	5.503695139288e4	0.204204304
optical-lens	2	bo	32	5.503695139288e4	0.216494041
optical-lens	2	bo	33	5.503695139288e4	0.230543391
optical-lens	2	bo	34	5.503695139288e4	0.242257444
optical-lens	2	bo	35	5.503695139288e4	0.255630958
optical-lens	2	bo	36	5.503695139288e4	0.268021097
optical-lens	2	bo	37	5.503695139288e4	0.281493293
optical-lens	2	bo	38	5.503695139288e4	0.294560559
optical-lens	2	bo	39	5.503695139288e4	0.307240505
optical-lens	2	bo	40	5.503695139288e4	0.320099476
optical-lens	2	bo	41	5.503695139288e4	0.333475060
optical-lens	2	bo	42	5.503695139288e4	0.346863255
optical-lens	2	bo	43	5.503695139288e4	0.359658004
optical-lens	2	bo	44	5.503695139288e4	0.373293754
optical-lens	2	bo	45	5.503695139288e4	0.386421242
optical-lens	2	bo	46	5.503695139288e4	0.400280058
optical-lens	2	bo	47	5.503695139288e4	0.414858662
optical-lens	2	bo	48	5.503695139288e4	0.428925603
optical-lens	2	bo	49	5.503695139288e4	0.443129077
optical-lens	2	bo	50	5.503695139288e4	0.458500211
optical-lens	2	bo	51	5.503695139288e4	0.474508690
optical-lens	2	bo	52	5.503695139288e4	0.489713650
optical-lens	2	bo	53	5.503695139288e4	0.505279468
optical-lens	2	bo	54	5.503695139288e4	0.523631566
optical-lens	2	bo	55	5.503695139288e4	0.538261951
optical-lens	2	bo	56	5.503695139288e4	0.553254325
optical-lens	2	bo	57	1.362530676286e4	0.569462200
optical-lens	2	bo	58	1.362530676286e4	0.586297410
optical-lens	2	bo	59	1.362530676286e4	0.605942680
optical-lens	2	bo	60	1.362530676286e4	0.622226676
optical-lens	2	bo	61	1.362530676286e4	0.638313847
optical-lens	2	bo	62	1.362530676286e4	0.654823369
optical-lens	2	bo	63	1.362530676286e4	0.671891194
optical-lens	2	bo	64	1.362530676286e4	0.689854913
optical-lens	2	bo	65	1.362530676286e4	0.707100783
optical-lens	2	bo	66	1.362530676286e4	0.726815954
optical-lens	2	bo	67	1.362530676286e4	0.745383587
optical-lens	2	bo	68	1.362530676286e4	0.764073393
optical-lens	2	bo	69	1.362530676286e4	0.782223265
optical-lens	2	bo	70	1.362530676286e4	0.802769048
optical-lens	2	bo	71	1.362530676286e4	0.824499540
optical-lens	2	bo	72	1.362530676286e4	0.842984931
optical-lens	2	bo	73	1.362530676286e4	0.861785590
optical-lens	2	bo	74	1.362530676286e4	0.881696006
optical-lens	2	bo	75	1.362530676286e4	0.902414563
optical-lens	2	bo	76	1.362530676286e4	0.922284488
optical-lens	2	bo	77	1.362530676286e4	0.942268326
optical-lens	2	bo	78	1.362530676286e4	0.961974568
optical-lens	2	bo	79	1.362530676286e4	0.983103105
optical-lens	2	bo	80	1.362530676286e4	1.003698949
optical-lens	2	bo	81	1.362530676286e4	1.026716653
optical-lens	2	bo	82	1.362530676286e4	1.047106671
optical-lens	2	bo	83	1.362530676286e4	1.069146951
optical-lens	2	bo	84	1.362530676286e4	1.090607036
optical-lens	2	bo	85	1.362530676286e4	1.112045491
optical-lens	2	bo	86	1.362530676286e4	1.133290411
optical-lens	2	bo	87	1.362530676286e4	1.156485369
optical-lens	2	bo	88	1.362530676286e4	1.179532104
optical-lens	2	bo	89	1.362530676286e4	1.201794999
optical-lens	2	bo	90	1.362530676286e4	1.225138541
optical-lens	2	bo	91	1.362530676286e4	1.249101009
optical-lens	2	bo	92	1.362530676286e4	1.273072067
optical-lens	2	bo	93	1.362530676286e4	1.299364383
optical-lens	2	bo	94	1.362530676286e4	1.323090015
optical-lens	2	bo	95	1.362530676286e4	1.346938440
optical-lens	2	bo	96	1.362530676286e4	1.374342983
optical-lens	2	bo	97	1.362530676286e4	1.401269155
optical-lens	2	bo	98	1.362530676286e4	1.427789446
optical-lens	2	bo	99	1.362530676286e4	1.456470391
optical-lens	2	bo	100	1.362530676286e4	1.483284750
optical-lens	2	bo	101	1.362530676286e4	1.509693978
optical-lens	2	bo	102	1.362530676286e4	1.537553202
optical-lens	2	bo	103	1.362530676286e4	1.565939670
optical-lens	2	bo	104	1.362530676286e4	1.593494147
optical-lens	2	bo	105	1.362530676286e4	1.623340981
optical-lens	2	bo	106	1.362530676286e4	1.652954729
optical-lens	2	bo	107	1.362530676286e4	1.683606093
optical-lens	2	bo	108	1.362530676286e4	1.713056887
optical-lens	2	bo	109	1.362530676286e4	1.742037370
optical-lens	2	bo	110	1.362530676286e4	1.773788861
optical-lens	2	bo	111	1.362530676286e4	1.805704687
optical-lens	2	bo	112	1.362530676286e4	1.836118015
optical-lens	2	bo	113	1.362530676286e4	1.868469462
optical-lens	2	bo	114	1.362530676286e4	1.901173807
optical-lens	2	bo	115	1.362530676286e4	1.937995375
optical-lens	2	bo	116	1.362530676286e4	1.969565472
optical-lens	2	bo	117	1.362530676286e4	2.003176190
optical-lens	2	bo	118	1.362530676286e4	2.037655179
optical-lens	2	bo	119	1.362530676286e4	2.073205695
optical-lens	2	bo	120	1.362530676286e4	2.106843173
optical-lens	2	bo	121	1.362530676286e4	2.142422120
optical-lens	2	bo	122	1.362530676286e4	2.175166506
optical-lens	2	bo	123	1.362530676286e4	2.211325248
optical-lens	2	bo	124	1.362530676286e4	2.249014827
optical-lens	2	bo	125	1.362530676286e4	2.286224014
optical-lens	2	bo	126	1.362530676286e4	2.325485493
optical-lens	2	bo	127	1.362530676286e4	2.365547692
optical-lens	2	bo	128	1.362530676286e4	2.402674278
optical-lens	2	bo	129	1.362530676286e4	2.446818738
optical-lens	2	bo	130	1.362530676286e4	2.487288536
optical-lens	2	bo	131	1.362530676286e4	2.528842781
optical-lens	2	bo	132	1.362530676286e4	2.572899348
optical-lens	2	bo	133	1.362530676286e4	2.617882829
optical-lens	2	bo	134	1.362530676286e4	2.664525241
optical-lens	2	bo	135	1.362530676286e4	2.707375449
optical-lens	2	bo	136	1.362530676286e4	2.749241412
optical-lens	2	bo	137	1.362530676286e4	2.791841893
optical-lens	2	bo	138	1.362530676286e4	2.839229183
optical-lens	2	bo	139	1.362530676286e4	2.884681446
optical-lens	2	bo	140	1.362530676286e4	2.931483962
optical-lens	2	bo	141	1.362530676286e4	2.976598206
optical-lens	2	bo	142	1.362530676286e4	3.026065749
optical-lens	2	bo	143	1.362530676286e4	3.072567718
optical-lens	2	bo	144	1.362530676286e4	3.118419881
optical-lens	2	bo	145	1.362530676286e4	3.165339040
optical-lens	2	bo	146	1.362530676286e4	3.217106180
optical-lens	2	bo	147	1.362530676286e4	3.273235519
optical-lens	2	bo	148	1.362530676286e4	3.325286666
optical-lens	2	bo	149	1.362530676286e4	3.378281946
optical-lens	2	bo	150	1.362530676286e4	3.433236906
optical-lens	2	bo	151	1.362530676286e4	3.484924644
optical-lens	2	bo	152	1.362530676286e4	3.537857552
optical-lens	2	bo	153	1.362530676286e4	3.594695677
optical-lens	2	bo	154	1.362530676286e4	3.645606215
optical-lens	2	bo	155	1.362530676286e4	3.702575944
optical-lens	2	bo	156	1.362530676286e4	3.760432645
optical-lens	2	bo	157	1.362530676286e4	3.813518287
optical-lens	2	bo	158	1.362530676286e4	3.865860700
optical-lens	2	bo	159	1.362530676286e4	3.922329976
optical-lens	2	bo	160	1.362530676286e4	3.980267249
optical-lens	3	de	1	3.339695683222e5	0.000014211
optical-lens	3	de	2	3.131235681698e5	0.000014441
optical-lens	3	de	3	3.131235681698e5	0.000014511
optical-lens	3	de	4	3.131235681698e5	0.000014631
optical-lens	3	de	5	2.948595544512e5	0.000014701
optical-lens	3	de	6	2.948595544512e5	0.000014971
optical-lens	3	de	7	2.948595544512e5	0.000015111
optical-lens	3	de	8	2.948595544512e5	0.000015201
optical-lens	3	de	9	2.882679423676e5	0.000015261
optical-lens	3	de	10	2.882679423676e5	0.000015641
optical-lens	3	de	11	2.882679423676e5	0.000015791
optical-lens	3	de	12	2.882679423676e5	0.000016021
optical-lens	3	de	13	2.882679423676e5	0.000016091
optical-lens	3	de	14	2.882679423676e5	0.000016161
optical-lens	3	de	15	2.882679423676e5	0.000016221
optical-lens	3	de	16	2.866597018663e5	0.000016301
optical-lens	3	de	17	2.866597018663e5	0.000021251
optical-lens	3	de	18	2.866597018663e5	0.000021621
optical-lens	3	de	19	2.866597018663e5	0.000021691
optical-lens	3	de	20	2.866597018663e5	0.000021761
optical-lens	3	de	21	2.440327587878e5	0.000021831
optical-lens	3	de	22	2.440327587878e5	0.000021901
optical-lens	3	de	23	2.440327587878e5	0.000021961
optical-lens	3	de	24	2.440327587878e5	0.000022031
optical-lens	3	de	25	2.440327587878e5	0.000022101
optical-lens	3	de	26	2.440327587878e5	0.000022171
optical-lens	3	de	27	2.440327587878e5	0.000022341
optical-lens	3	de	28	2.440327587878e5	0.000022471
optical-lens	3	de	29	2.440327587878e5	0.000022631
optical-lens	3	de	30	2.440327587878e5	0.000022701
optical-lens	3	de	31	2.440327587878e5	0.000022871
optical-lens	3	de	32	2.440327587878e5	0.000022941
optical-lens	3	de	33	2.440327587878e5	0.000029191
optical-lens	3	de	34	2.440327587878e5	0.000029591
optical-lens	3	de	35	2.440327587878e5	0.000029661
optical-lens	3	de	36	1.941946530842e5	0.000029801
optical-lens	3	de	37	1.941946530842e5	0.000029861
optical-lens	3	de	38	1.941946530842e5	0.000029931
optical-lens	3	de	39	1.941946530842e5	0.000030171
optical-lens	3	de	40	1.941946530842e5	0.000030241
optical-lens	3	de	41	1.941946530842e5	0.000030311
optical-lens	3	de	42	1.941946530842e5	0.000030381
optical-lens	3	de	43	1.941946530842e5	0.000030451
optical-lens	3	de	44	1.941946530842e5	0.000030521
optical-lens	3	de	45	1.941946530842e5	0.000030581
optical-lens	3	de	46	1.941946530842e5	0.000030661
optical-lens	3	de	47	1.941946530842e5	0.000030731
optical-lens	3	de	48	1.941946530842e5	0.000030801
optical-lens	3	de	49	1.890514691117e5	0.000034081
optical-lens	3	de	50	1.890514691117e5	0.000034161
optical-lens	3	de	51	1.890514691117e5	0.000034251
optical-lens	3	de	52	1.718411274382e5	0.000034361
optical-lens	3	de	53	1.718411274382e5	0.000034751
optical-lens	3	de	54	1.718411274382e5	0.000035181
optical-lens	3	de	55	1.394193956280e5	0.000035401
optical-lens	3	de	56	1.394193956280e5	0.000035471
optical-lens	3	de	57	1.394193956280e5	0.000035541
optical-lens	3	de	58	1.394193956280e5	0.000035671
optical-lens	3	de	59	1.222030731438e5	0.000035741
optical-lens	3	de	60	1.222030731438e5	0.000035891
optical-lens	3	de	61	1.222030731438e5	0.000035961
optical-lens	3	de	62	1.222030731438e5	0.000036031
optical-lens	3	de	63	1.222030731438e5	0.000036101
optical-lens	3	de	64	1.222030731438e5	0.000036171
optical-lens	3	de	65	1.222030731438e5	0.000043811
optical-lens	3	de	66	1.222030731438e5	0.000044581
optical-lens	3	de	67	1.222030731438e5	0.000044651
optical-lens	3	de	68	1.222030731438e5	0.000044721
optical-lens	3	de	69	5.228679636280e4	0.000044791
optical-lens	3	de	70	5.228679636280e4	0.000044861
optical-lens	3	de	71	3.675497954557e4	0.000044931
optical-lens	3	de	72	3.675497954557e4	0.000045001
optical-lens	3	de	73	3.675497954557e4	0.000045071
optical-lens	3	de	74	3.675497954557e4	0.000045221
optical-lens	3	de	75	3.675497954557e4	0.000045301
optical-lens	3	de	76	5.568210474582e2	0.000045381
optical-lens	3	de	77	5.568210474582e2	0.000045451
optical-lens	3	de	78	5.568210474582e2	0.000045531
optical-lens	3	de	79	5.568210474582e2	0.000045611
optical-lens	3	de	80	5.568210474582e2	0.000045681
optical-lens	3	de	81	5.568210474582e2	0.000050261
optical-lens	3	de	82	5.568210474582e2	0.000050331
optical-lens	3	de	83	5.568210474582e2	0.000050401
optical-lens	3	de	84	5.568210474582e2	0.000050521
optical-lens	3	de	85	5.568210474582e2	0.000050641
optical-lens	3	de	86	5.568210474582e2	0.000050711
optical-lens	3	de	87	5.568210474582e2	0.000050791
optical-lens	3	de	88	5.568210474582e2	0.000050861
optical-lens	3	de	89	5.568210474582e2	0.000050931
optical-lens	3	de	90	5.568210474582e2	0.000051001
optical-lens	3	de	91	5.568210474582e2	0.000051071
optical-lens	3	de	92	5.568210474582e2	0.000051171
optical-lens	3	de	93	5.568210474582e2	0.000051261
optical-lens	3	de	94	5.568210474582e2	0.000051341
optical-lens	3	de	95	5.568210474582e2	0.000051411
optical-lens	3	de	96	5.568210474582e2	0.000051481
optical-lens	3	de	97	5.568210474582e2	0.000055471
optical-lens	3	de	98	5.568210474582e2	0.000055681
optical-lens	3	de	99	5.568210474582e2	0.000055891
optical-lens	3	de	100	5.568210474582e2	0.000056121
optical-lens	3	de	101	5.568210474582e2	0.000056191
optical-lens	3	de	102	5.568210474582e2	0.000056331
optical-lens	3	de	103	5.568210474582e2	0.000056461
optical-lens	3	de	104	5.568210474582e2	0.000056531
optical-lens	3	de	105	5.568210474582e2	0.000056601
optical-lens	3	de	106	5.568210474582e2	0.000056671
optical-lens	3	de	107	5.290423704392e2	0.000056741
optical-lens	3	de	108	5.290423704392e2	0.000056891
optical-lens	3	de	109	5.290423704392e2	0.000056961
optical-lens	3	de	110	5.290423704392e2	0.000057031
optical-lens	3	de	111	5.290423704392e2	0.000057101
optical-lens	3	de	112	5.290423704392e2	0.000057171
optical-lens	3	de	113	5.290423704392e2	0.000065231
optical-lens	3	de	114	5.290423704392e2	0.000065341
optical-lens	3	de	115	5.290423704392e2	0.000065411
optical-lens	3	de	116	5.290423704392e2	0.000065571
optical-lens	3	de	117	5.290423704392e2	0.000065641
optical-lens	3	de	118	5.290423704392e2	0.000065791
optical-lens	3	de	119	5.290423704392e2	0.000065861
optical-lens	3	de	120	5.290423704392e2	0.000065941
optical-lens	3	de	121	5.290423704392e2	0.000066101
optical-lens	3	de	122	5.290423704392e2	0.000066171
optical-lens	3	de	123	5.290423704392e2	0.000066241
optical-lens	3	de	124	5.290423704392e2	0.000066401
optical-lens	3	de	125	5.290423704392e2	0.000066471
optical-lens	3	de	126	5.290423704392e2	0.000066621
optical-lens	3	de	127	5.290423704392e2	0.000066691
optical-lens	3	de	128	5.290423704392e2	0.000066761
optical-lens	3	de	129	5.290423704392e2	0.000074051
optical-lens	3	de	130	5.290423704392e2	0.000074751
optical-lens	3	de	131	5.290423704392e2	0.000074821
optical-lens	3	de	132	5.290423704392e2	0.000074881
optical-lens	3	de	133	5.290423704392e2	0.000074961
optical-lens	3	de	134	5.290423704392e2	0.000075031
optical-lens	3	de	135	5.290423704392e2	0.000075101
optical-lens	3	de	136	5.290423704392e2	0.000075241
optical-lens	3	de	137	5.290423704392e2	0.000075311
optical-lens	3	de	138	5.290423704392e2	0.000075441
optical-lens	3	de	139	5.290423704392e2	0.000075501
optical-lens	3	de	140	5.290423704392e2	0.000075571
optical-lens	3	de	141	5.290423704392e2	0.000075701
optical-lens	3	de	142	5.290423704392e2	0.000075771
optical-lens	3	de	143	5.290423704392e2	0.000075831
optical-lens	3	de	144	5.290423704392e2	0.000075971
optical-lens	3	de	145	5.290423704392e2	0.000079351
optical-lens	3	de	146	5.290423704392e2	0.000079481
optical-lens	3	de	147	5.290423704392e2	0.000079551
optical-lens	3	de	148	5.290423704392e2	0.000079621
optical-lens	3	de	149	5.290423704392e2	0.000079761
optical-lens	3	de	150	5.290423704392e2	0.000079831
optical-lens	3	de	151	5.290423704392e2	0.000079901
optical-lens	3	de	152	5.290423704392e2	0.000080051
optical-lens	3	de	153	5.290423704392e2	0.000080121
optical-lens	3	de	154	5.290423704392e2	0.000080261
optical-lens	3	de	155	5.290423704392e2	0.000080331
optical-lens	3	de	156	5.290423704392e2	0.000080401
optical-lens	3	de	157	5.290423704392e2	0.000080541
optical-lens	3	de	158	5.290423704392e2	0.000080611
optical-lens	3	de	159	5.290423704392e2	0.000080681
optical-lens	3	de	160	5.290423704392e2	0.000080811
optical-lens	3	bo	1	2.427952590624e5	0.027728461
optical-lens	3	bo	2	2.427952590624e5	0.027728861
optical-lens	3	bo	3	2.427952590624e5	0.027728931
optical-lens	3	bo	4	2.427952590624e5	0.027729011
optical-lens	3	bo	5	2.427952590624e5	0.027729091
optical-lens	3	bo	6	2.427952590624e5	0.027729321
optical-lens	3	bo	7	2.427952590624e5	0.027729401
optical-lens	3	bo	8	2.427952590624e5	0.027729481
optical-lens	3	bo	9	1.687165847371e5	0.027729561
optical-lens	3	bo	10	1.687165847371e5	0.027729791
optical-lens	3	bo	11	1.687165847371e5	0.027729861
optical-lens	3	bo	12	1.687165847371e5	0.027729941
optical-lens	3	bo	13	1.687165847371e5	0.027730001
optical-lens	3	bo	14	1.687165847371e5	0.027730081
optical-lens	3	bo	15	1.687165847371e5	0.027730161
optical-lens	3	bo	16	1.687165847371e5	0.027730241
optical-lens	3	bo	17	1.687165847371e5	0.041930085
optical-lens	3	bo	18	1.687165847371e5	0.053570515
optical-lens	3	bo	19	1.687165847371e5	0.068177789
optical-lens	3	bo	20	1.687165847371e5	0.080316832
optical-lens	3	bo	21	1.687165847371e5	0.092019843
optical-lens	3	bo	22	1.687165847371e5	0.103764906
optical-lens	3	bo	23	1.687165847371e5	0.116544834
optical-lens	3	bo	24	1.687165847371e5	0.130128643
optical-lens	3	bo	25	1.687165847371e5	0.143902156
optical-lens	3	bo	26	1.687165847371e5	0.155625528
optical-lens	3	bo	27	1.687165847371e5	0.167268209
optical-lens	3	bo	28	1.687165847371e5	0.179014021
optical-lens	3	bo	29	1.687165847371e5	0.191919462
optical-lens	3	bo	30	1.687165847371e5	0.203422109
optical-lens	3	bo	31	1.687165847371e5	0.215030518
optical-lens	3	bo	32	1.687165847371e5	0.227339645
optical-lens	3	bo	33	1.687165847371e5	0.239631981
optical-lens	3	bo	34	1.687165847371e5	0.251871976
optical-lens	3	bo	35	1.687165847371e5	0.264037478
optical-lens	3	bo	36	1.687165847371e5	0.275773231
optical-lens	3	bo	37	1.687165847371e5	0.288866907
optical-lens	3	bo	38	1.687165847371e5	0.302013034
optical-lens	3	bo	39	1.687165847371e5	0.315161302
optical-lens	3	bo	40	1.687165847371e5	0.328690448
optical-lens	3	bo	41	1.687165847371e5	0.342193575
optical-lens	3	bo	42	1.687165847371e5	0.354934732
optical-lens	3	bo	43	1.687165847371e5	0.367244298
optical-lens	3	bo	44	1.687165847371e5	0.380263022
optical-lens	3	bo	45	1.687165847371e5	0.393785649
optical-lens	3	bo	46	1.687165847371e5	0.407050029
optical-lens	3	bo	47	1.687165847371e5	0.421802076
optical-lens	3	bo	48	1.687165847371e5	0.435132298
optical-lens	3	bo	49	1.687165847371e5	0.449676211
optical-lens	3	bo	50	1.687165847371e5	0.464238923
optical-lens	3	bo	51	1.687165847371e5	0.478161669
optical-lens	3	bo	52	1.687165847371e5	0.492981208
optical-lens	3	bo	53	1.687165847371e5	0.507521130
optical-lens	3	bo	54	1.687165847371e5	0.522392200
optical-lens	3	bo	55	1.687165847371e5	0.538537292
optical-lens	3	bo	56	1.687165847371e5	0.555069674
optical-lens	3	bo	57	1.687165847371e5	0.571948164
optical-lens	3	bo	58	1.687165847371e5	0.588345172
optical-lens	3	bo	59	1.687165847371e5	0.607896628
optical-lens	3	bo	60	1.687165847371e5	0.624377458
optical-lens	3	bo	61	1.687165847371e5	0.640335845
optical-lens	3	bo	62	1.687165847371e5	0.656408665
optical-lens	3	bo	63	1.687165847371e5	0.672841954
optical-lens	3	bo	64	1.687165847371e5	0.691088449
optical-lens	3	bo	65	1.687165847371e5	0.708769128
optical-lens	3	bo	66	1.687165847371e5	0.725686969
optical-lens	3	bo	67	1.687165847371e5	0.743899882
optical-lens	3	bo	68	1.687165847371e5	0.764509475
optical-lens	3	bo	69	1.687165847371e5	0.781923688
optical-lens	3	bo	70	1.687165847371e5	0.800579942
optical-lens	3	bo	71	1.687165847371e5	0.819309198
optical-lens	3	bo	72	1.687165847371e5	0.837674685
optical-lens	3	bo	73	1.687165847371e5	0.856413901
optical-lens	3	bo	74	1.458749202555e3	0.874972123
optical-lens	3	bo	75	1.458749202555e3	0.894262223
optical-lens	3	bo	76	1.458749202555e3	0.913480501
optical-lens	3	bo	77	1.458749202555e3	0.933103380
optical-lens	3	bo	78	1.458749202555e3	0.954286717
optical-lens	3	bo	79	1.458749202555e3	0.974660314
optical-lens	3	bo	80	1.458749202555e3	0.996365814
optical-lens	3	bo	81	1.458749202555e3	1.019239373
optical-lens	3	bo	82	1.458749202555e3	1.040945743
optical-lens	3	bo	83	1.458749202555e3	1.063453104
optical-lens	3	bo	84	1.458749202555e3	1.084373515
optical-lens	3	bo	85	1.458749202555e3	1.107234844
optical-lens	3	bo	86	1.458749202555e3	1.127975280
optical-lens	3	bo	87	1.458749202555e3	1.150681546
optical-lens	3	bo	88	1.458749202555e3	1.174761466
optical-lens	3	bo	89	1.458749202555e3	1.198310412
optical-lens	3	bo	90	1.458749202555e3	1.221114240
optical-lens	3	bo	91	1.458749202555e3	1.244205335
optical-lens	3	bo	92	1.458749202555e3	1.267760991
optical-lens	3	bo	93	1.458749202555e3	1.293071131
optical-lens	3	bo	94	1.458749202555e3	1.317039717
optical-lens	3	bo	95	1.458749202555e3	1.342465840
optical-lens	3	bo	96	1.458749202555e3	1.368818726
optical-lens	3	bo	97	1.458749202555e3	1.393208003
optical-lens	3	bo	98	1.458749202555e3	1.419525058
optical-lens	3	bo	99	1.458749202555e3	1.444373576
optical-lens	3	bo	100	1.458749202555e3	1.472859535
optical-lens	3	bo	101	1.458749202555e3	1.499390025
optical-lens	3	bo	102	1.458749202555e3	1.525975526
optical-lens	3	bo	103	1.458749202555e3	1.553778098
optical-lens	3	bo	104	1.458749202555e3	1.582575444
optical-lens	3	bo	105	1.458749202555e3	1.610616492
optical-lens	3	bo	106	1.458749202555e3	1.640011523
optical-lens	3	bo	107	1.458749202555e3	1.670337188
optical-lens	3	bo	108	1.458749202555e3	1.700161720
optical-lens	3	bo	109	1.458749202555e3	1.729730205
optical-lens	3	bo	110	1.458749202555e3	1.759968468
optical-lens	3	bo	111	1.458749202555e3	1.790552549
optical-lens	3	bo	112	1.458749202555e3	1.820392121
optical-lens	3	bo	113	1.458749202555e3	1.851541326
optical-lens	3	bo	114	1.458749202555e3	1.882559218
optical-lens	3	bo	115	1.458749202555e3	1.914592185
optical-lens	3	bo	116	1.458749202555e3	1.948226832
optical-lens	3	bo	117	1.458749202555e3	1.983277704
optical-lens	3	bo	118	1.458749202555e3	2.016493240
optical-lens	3	bo	119	1.458749202555e3	2.052418104
optical-lens	3	bo	120	1.458749202555e3	2.087895587
optical-lens	3	bo	121	1.458749202555e3	2.126388144
optical-lens	3	bo	122	1.458749202555e3	2.165593889
optical-lens	3	bo	123	1.458749202555e3	2.205326218
optical-lens	3	bo	124	1.458749202555e3	2.243430806
optical-lens	3	bo	125	1.458749202555e3	2.279985936
optical-lens	3	bo	126	1.458749202555e3	2.317535240
optical-lens	3	bo	127	1.458749202555e3	2.353292059
optical-lens	3	bo	128	1.458749202555e3	2.388675029
optical-lens	3	bo	129	1.458749202555e3	2.427518675
optical-lens	3	bo	130	1.458749202555e3	2.466619218
optical-lens	3	bo	131	1.458749202555e3	2.504248643
optical-lens	3	bo	132	1.458749202555e3	2.542358600
optical-lens	3	bo	133	1.458749202555e3	2.585626246
optical-lens	3	bo	134	1.458749202555e3	2.625789584
optical-lens	3	bo	135	1.458749202555e3	2.665197174
optical-lens	3	bo	136	1.458749202555e3	2.710593112
optical-lens	3	bo	137	1.458749202555e3	2.757500208
optical-lens	3	bo	138	1.458749202555e3	2.804394464
optical-lens	3	bo	139	1.458749202555e3	2.851637668
optical-lens	3	bo	140	1.458749202555e3	2.899472537
optical-lens	3	bo	141	1.458749202555e3	2.943417069
optical-lens	3	bo	142	1.458749202555e3	2.988467599
optical-lens	3	bo	143	1.458749202555e3	3.034462132
optical-lens	3	bo	144	1.458749202555e3	3.082051375
optical-lens	3	bo	145	1.458749202555e3	3.131080074
optical-lens	3	bo	146	1.458749202555e3	3.182108753
optical-lens	3	bo	147	1.458749202555e3	3.233517231
optical-lens	3	bo	148	1.458749202555e3	3.284768875
optical-lens	3	bo	149	1.458749202555e3	3.334338737
optical-lens	3	bo	150	1.458749202555e3	3.386068742
optical-lens	3	bo	151	1.458749202555e3	3.439479369
optical-lens	3	bo	152	1.458749202555e3	3.492143748
optical-lens	3	bo	153	1.458749202555e3	3.544638022
optical-lens	3	bo	154	1.458749202555e3	3.602111490
optical-lens	3	bo	155	1.458749202555e3	3.653709742
optical-lens	3	bo	156	1.458749202555e3	3.708907094
optical-lens	3	bo	157	1.458749202555e3	3.765881900
optical-lens	3	bo	158	1.458749202555e3	3.822614699
optical-lens	3	bo	159	1.458749202555e3	3.878695412
optical-lens	3	bo	160	1.458749202555e3	3.934122259
optical-lens	4	de	1	9.128709408064e14	0.000013810
optical-lens	4	de	2	9.128709408064e14	0.000014420
optical-lens	4	de	3	9.128709392361e14	0.000014500
optical-lens	4	de	4	9.128709392361e14	0.000014570
optical-lens	4	de	5	9.128709392361e14	0.000014650
optical-lens	4	de	6	9.128709392361e14	0.000014890
optical-lens	4	de	7	9.128709358585e14	0.000014960
optical-lens	4	de	8	9.128709358585e14	0.000015030
optical-lens	4	de	9	9.128709358585e14	0.000015100
optical-lens	4	de	10	9.128709358585e14	0.000015360
optical-lens	4	de	11	9.128709358585e14	0.000015420
optical-lens	4	de	12	9.128709358585e14	0.000015500
optical-lens	4	de	13	9.128709358585e14	0.000015570
optical-lens	4	de	14	9.128709358585e14	0.000015640
optical-lens	4	de	15	9.128709358585e14	0.000015710
optical-lens	4	de	16	9.128709358585e14	0.000015780
optical-lens	4	de	17	9.128709358585e14	0.000021960
optical-lens	4	de	18	9.128709358585e14	0.000022230
optical-lens	4	de	19	9.128709353911e14	0.000022300
optical-lens	4	de	20	9.128709353911e14	0.000022370
optical-lens	4	de	21	9.128709353911e14	0.000022440
optical-lens	4	de	22	9.128709353911e14	0.000022510
optical-lens	4	de	23	9.128709353911e14	0.000022580
optical-lens	4	de	24	9.128709353911e14	0.000022650
optical-lens	4	de	25	9.128709353911e14	0.000022720
optical-lens	4	de	26	9.128709353911e14	0.000022790
optical-lens	4	de	27	9.128709353911e14	0.000022860
optical-lens	4	de	28	9.128709353911e14	0.000022930
optical-lens	4	de	29	9.128709353911e14	0.000023000
optical-lens	4	de	30	9.128709353911e14	0.000023070
optical-lens	4	de	31	9.128709353911e14	0.000023140
optical-lens	4	de	32	9.128709353911e14	0.000023210
optical-lens	4	de	33	9.128709338895e14	0.000027660
optical-lens	4	de	34	9.128709338895e14	0.000028000
optical-lens	4	de	35	9.128709338895e14	0.000028060
optical-lens	4	de	36	9.128709338895e14	0.000028120
optical-lens	4	de	37	9.128709338895e14	0.000028190
optical-lens	4	de	38	9.128709338895e14	0.000028260
optical-lens	4	de	39	9.128709338895e14	0.000028330
optical-lens	4	de	40	9.128709338895e14	0.000028390
optical-lens	4	de	41	9.128709338895e14	0.000028460
optical-lens	4	de	42	9.128709338895e14	0.000028530
optical-lens	4	de	43	9.128709338895e14	0.000028600
optical-lens	4	de	44	9.128709338895e14	0.000028670
optical-lens	4	de	45	9.128709338895e14	0.000028740
optical-lens	4	de	46	9.128709338895e14	0.000028810
optical-lens	4	de	47	9.128709338895e14	0.000028880
optical-lens	4	de	48	9.128709338895e14	0.000028940
optical-lens	4	de	49	9.128709317059e14	0.000031040
optical-lens	4	de	50	9.128709317059e14	0.000031110
optical-lens	4	de	51	7.071067827160e14	0.000031180
optical-lens	4	de	52	7.071067827160e14	0.000031250
optical-lens	4	de	53	7.071067827160e14	0.000031320
optical-lens	4	de	54	7.071067827160e14	0.000031390
optical-lens	4	de	55	7.071067827160e14	0.000031460
optical-lens	4	de	56	7.071067827160e14	0.000031530
optical-lens	4	de	57	7.071067819122e14	0.000031590
optical-lens	4	de	58	7.071067819122e14	0.000031660
optical-lens	4	de	59	7.071067819122e14	0.000031720
optical-lens	4	de	60	7.071067819122e14	0.000031800
optical-lens	4	de	61	7.071067819122e14	0.000031870
optical-lens	4	de	62	7.071067819122e14	0.000031930
optical-lens	4	de	63	7.071067819122e14	0.000032000
optical-lens	4	de	64	7.071067819122e14	0.000032070
optical-lens	4	de	65	7.071067819122e14	0.000033940
optical-lens	4	de	66	7.071067819122e14	0.000034540
optical-lens	4	de	67	7.071067819122e14	0.000034760
optical-lens	4	de	68	7.071067819122e14	0.000034820
optical-lens	4	de	69	7.071067819122e14	0.000034900
optical-lens	4	de	70	7.071067819122e14	0.000035100
optical-lens	4	de	71	7.071067819122e14	0.000035170
optical-lens	4	de	72	7.071067819122e14	0.000035320
optical-lens	4	de	73	7.071067814009e14	0.000035390
optical-lens	4	de	74	7.071067814009e14	0.000035450
optical-lens	4	de	75	7.071067813999e14	0.000035600
optical-lens	4	de	76	7.071067813999e14	0.000035670
optical-lens	4	de	77	7.071067813999e14	0.000035740
optical-lens	4	de	78	7.071067813999e14	0.000035870
optical-lens	4	de	79	7.071067813999e14	0.000035940
optical-lens	4	de	80	7.071067813999e14	0.000036080
optical-lens	4	de	81	7.071067812850e14	0.000038380
optical-lens	4	de	82	7.071067812210e14	0.000038450
optical-lens	4	de	83	2.358671733057e4	0.000038600
optical-lens	4	de	84	2.358671733057e4	0.000038660
optical-lens	4	de	85	2.358671733057e4	0.000038730
optical-lens	4	de	86	2.358671733057e4	0.000038860
optical-lens	4	de	87	2.358671733057e4	0.000038930
optical-lens	4	de	88	2.358671733057e4	0.000039070
optical-lens	4	de	89	2.358671733057e4	0.000039140
optical-lens	4	de	90	2.358671733057e4	0.000039210
optical-lens	4	de	91	2.358671733057e4	0.000039340
optical-lens	4	de	92	2.358671733057e4	0.000039420
optical-lens	4	de	93	2.358671733057e4	0.000039490
optical-lens	4	de	94	2.358671733057e4	0.000039630
optical-lens	4	de	95	2.358671733057e4	0.000039690
optical-lens	4	de	96	2.358671733057e4	0.000039840
optical-lens	4	de	97	2.358671733057e4	0.000042090
optical-lens	4	de	98	2.358671733057e4	0.000042160
optical-lens	4	de	99	2.358671733057e4	0.000042310
optical-lens	4	de	100	2.358671733057e4	0.000042370
optical-lens	4	de	101	2.358671733057e4	0.000042440
optical-lens	4	de	102	5.556376752061e3	0.000042580
optical-lens	4	de	103	5.556376752061e3	0.000042650
optical-lens	4	de	104	5.556376752061e3	0.000042800
optical-lens	4	de	105	5.556376752061e3	0.000042870
optical-lens	4	de	106	5.556376752061e3	0.000042940
optical-lens	4	de	107	5.556376752061e3	0.000043070
optical-lens	4	de	108	5.556376752061e3	0.000043140
optical-lens	4	de	109	5.556376752061e3	0.000043210
optical-lens	4	de	110	5.556376752061e3	0.000043360
optical-lens	4	de	111	5.556376752061e3	0.000043430
optical-lens	4	de	112	5.556376752061e3	0.000043580
optical-lens	4	de	113	5.556376752061e3	0.000047270
optical-lens	4	de	114	5.556376752061e3	0.000047370
optical-lens	4	de	115	5.556376752061e3	0.000047610
optical-lens	4	de	116	5.556376752061e3	0.000047710
optical-lens	4	de	117	5.556376752061e3	0.000047800
optical-lens	4	de	118	5.556376752061e3	0.000048120
optical-lens	4	de	119	5.556376752061e3	0.000048310
optical-lens	4	de	120	5.556376752061e3	0.000048570
optical-lens	4	de	121	4.950363548871e3	0.000048670
optical-lens	4	de	122	4.950363548871e3	0.000048740
optical-lens	4	de	123	4.950363548871e3	0.000048860
optical-lens	4	de	124	4.950363548871e3	0.000048940
optical-lens	4	de	125	4.950363548871e3	0.000049010
optical-lens	4	de	126	4.950363548871e3	0.000049160
optical-lens	4	de	127	4.950363548871e3	0.000049230
optical-lens	4	de	128	4.950363548871e3	0.000049300
optical-lens	4	de	129	4.950363548871e3	0.000056610
optical-lens	4	de	130	4.950363548871e3	0.000057210
optical-lens	4	de	131	4.950363548871e3	0.000057270
optical-lens	4	de	132	4.950363548871e3	0.000057340
optical-lens	4	de	133	4.950363548871e3	0.000057400
optical-lens	4	de	134	4.950363548871e3	0.000057520
optical-lens	4	de	135	4.950363548871e3	0.000057590
optical-lens	4	de	136	4.950363548871e3	0.000057660
optical-lens	4	de	137	4.950363548871e3	0.000057730
optical-lens	4	de	138	4.950363548871e3	0.000057800
optical-lens	4	de	139	4.950363548871e3	0.000057870
optical-lens	4	de	140	4.950363548871e3	0.000057930
optical-lens	4	de	141	4.950363548871e3	0.000058000
optical-lens	4	de	142	4.950363548871e3	0.000058070
optical-lens	4	de	143	4.950363548871e3	0.000058140
optical-lens	4	de	144	4.950363548871e3	0.000058210
optical-lens	4	de	145	4.950363548871e3	0.000060740
optical-lens	4	de	146	4.950363548871e3	0.000060810
optical-lens	4	de	147	4.950363548871e3	0.000060880
optical-lens	4	de	148	4.950363548871e3	0.000060950
optical-lens	4	de	149	4.950363548871e3	0.000061020
optical-lens	4	de	150	4.950363548871e3	0.000061090
optical-lens	4	de	151	4.950363548871e3	0.000061160
optical-lens	4	de	152	4.950363548871e3	0.000061220
optical-lens	4	de	153	4.950363548871e3	0.000061290
optical-lens	4	de	154	4.950363548871e3	0.000061360
optical-lens	4	de	155	4.950363548871e3	0.000061430
optical-lens	4	de	156	4.950363548871e3	0.000061500
optical-lens	4	de	157	4.950363548871e3	0.000061560
optical-lens	4	de	158	4.950363548871e3	0.000061640
optical-lens	4	de	159	4.950363548871e3	0.000061710
optical-lens	4	de	160	4.950363548871e3	0.000061780
optical-lens	4	bo	1	4.082482907716e14	0.028693853
optical-lens	4	bo	2	4.082482907716e14	0.028694983
optical-lens	4	bo	3	4.082482907716e14	0.028695233
optical-lens	4	bo	4	4.082482907716e14	0.028695953
optical-lens	4	bo	5	3.141304480810e4	0.028696163
optical-lens	4	bo	6	3.141304480810e4	0.028696783
optical-lens	4	bo	7	3.141304480810e4	0.028696923
optical-lens	4	bo	8	3.141304480810e4	0.028697043
optical-lens	4	bo	9	3.141304480810e4	0.028697163
optical-lens	4	bo	10	3.141304480810e4	0.028697713
optical-lens	4	bo	11	3.141304480810e4	0.028697853
optical-lens	4	bo	12	3.141304480810e4	0.028698153
optical-lens	4	bo	13	3.141304480810e4	0.028698403
optical-lens	4	bo	14	3.141304480810e4	0.028698483
optical-lens	4	bo	15	3.141304480810e4	0.028698563
optical-lens	4	bo	16	3.141304480810e4	0.028698633
optical-lens	4	bo	17	3.141304480810e4	0.045634473
optical-lens	4	bo	18	3.141304480810e4	0.059286083
optical-lens	4	bo	19	3.141304480810e4	0.071056616
optical-lens	4	bo	20	3.141304480810e4	0.084120131
optical-lens	4	bo	21	3.141304480810e4	0.096172860
optical-lens	4	bo	22	3.141304480810e4	0.107578503
optical-lens	4	bo	23	3.141304480810e4	0.119494839
optical-lens	4	bo	24	3.141304480810e4	0.131675902
optical-lens	4	bo	25	3.141304480810e4	0.144519971
optical-lens	4	bo	26	3.141304480810e4	0.156726034
optical-lens	4	bo	27	3.141304480810e4	0.168325752
optical-lens	4	bo	28	3.141304480810e4	0.181184122
optical-lens	4	bo	29	3.141304480810e4	0.194380040
optical-lens	4	bo	30	3.141304480810e4	0.206569283
optical-lens	4	bo	31	3.141304480810e4	0.219593246
optical-lens	4	bo	32	3.141304480810e4	0.232383424
optical-lens	4	bo	33	3.141304480810e4	0.244478205
optical-lens	4	bo	34	3.141304480810e4	0.257237913
optical-lens	4	bo	35	3.141304480810e4	0.270212155
optical-lens	4	bo	36	3.141304480810e4	0.282972912
optical-lens	4	bo	37	3.141304480810e4	0.295623106
optical-lens	4	bo	38	3.141304480810e4	0.308445885
optical-lens	4	bo	39	3.141304480810e4	0.321983181
optical-lens	4	bo	40	3.141304480810e4	0.336579464
optical-lens	4	bo	41	3.141304480810e4	0.350993362
optical-lens	4	bo	42	3.141304480810e4	0.364101958
optical-lens	4	bo	43	3.141304480810e4	0.377101330
optical-lens	4	bo	44	3.141304480810e4	0.391454617
optical-lens	4	bo	45	3.141304480810e4	0.406146712
optical-lens	4	bo	46	3.141304480810e4	0.421750810
optical-lens	4	bo	47	3.141304480810e4	0.436515447
optical-lens	4	bo	48	3.141304480810e4	0.450966046
optical-lens	4	bo	49	3.141304480810e4	0.468545462
optical-lens	4	bo	50	3.141304480810e4	0.485842891
optical-lens	4	bo	51	3.141304480810e4	0.502991067
optical-lens	4	bo	52	3.141304480810e4	0.520756478
optical-lens	4	bo	53	3.141304480810e4	0.538312354
optical-lens	4	bo	54	3.141304480810e4	0.555938322
optical-lens	4	bo	55	3.141304480810e4	0.573229491
optical-lens	4	bo	56	3.141304480810e4	0.590625354
optical-lens	4	bo	57	3.141304480810e4	0.607136574
optical-lens	4	bo	58	3.141304480810e4	0.623438929
optical-lens	4	bo	59	3.141304480810e4	0.640161524
optical-lens	4	bo	60	3.141304480810e4	0.656035198
optical-lens	4	bo	61	3.141304480810e4	0.673777979
optical-lens	4	bo	62	3.141304480810e4	0.690905844
optical-lens	4	bo	63	3.141304480810e4	0.708167373
optical-lens	4	bo	64	3.141304480810e4	0.725415991
optical-lens	4	bo	65	3.141304480810e4	0.744184737
optical-lens	4	bo	66	3.141304480810e4	0.761891707
optical-lens	4	bo	67	3.141304480810e4	0.782523930
optical-lens	4	bo	68	3.141304480810e4	0.801397438
optical-lens	4	bo	69	3.141304480810e4	0.818851931
optical-lens	4	bo	70	3.141304480810e4	0.838489319
optical-lens	4	bo	71	3.141304480810e4	0.858883665
optical-lens	4	bo	72	3.141304480810e4	0.878506423
optical-lens	4	bo	73	3.141304480810e4	0.896985472
optical-lens	4	bo	74	3.141304480810e4	0.917304187
optical-lens	4	bo	75	3.141304480810e4	0.938373850
optical-lens	4	bo	76	3.141304480810e4	0.959083844
optical-lens	4	bo	77	3.141304480810e4	0.980158927
optical-lens	4	bo	78	3.141304480810e4	1.001278191
optical-lens	4	bo	79	3.141304480810e4	1.022992971
optical-lens	4	bo	80	3.141304480810e4	1.044151326
optical-lens	4	bo	81	3.141304480810e4	1.065087196
optical-lens	4	bo	82	3.141304480810e4	1.087297457
optical-lens	4	bo	83	3.141304480810e4	1.110807261
optical-lens	4	bo	84	3.141304480810e4	1.132807807
optical-lens	4	bo	85	3.141304480810e4	1.155908391
optical-lens	4	bo	86	3.141304480810e4	1.180584204
optical-lens	4	bo	87	3.141304480810e4	1.205400761
optical-lens	4	bo	88	3.141304480810e4	1.229813017
optical-lens	4	bo	89	3.141304480810e4	1.257020803
optical-lens	4	bo	90	3.141304480810e4	1.281837159
optical-lens	4	bo	91	3.141304480810e4	1.306579343
optical-lens	4	bo	92	3.141304480810e4	1.330732702
optical-lens	4	bo	93	3.141304480810e4	1.355569989
optical-lens	4	bo	94	3.141304480810e4	1.381906663
optical-lens	4	bo	95	3.141304480810e4	1.407776716
optical-lens	4	bo	96	3.141304480810e4	1.433093584
optical-lens	4	bo	97	3.141304480810e4	1.459775886
optical-lens	4	bo	98	3.141304480810e4	1.487690839
optical-lens	4	bo	99	3.141304480810e4	1.516854383
optical-lens	4	bo	100	3.141304480810e4	1.547180116
optical-lens	4	bo	101	3.141304480810e4	1.577668673
optical-lens	4	bo	102	3.141304480810e4	1.607421051
optical-lens	4	bo	103	3.141304480810e4	1.635855287
optical-lens	4	bo	104	3.141304480810e4	1.665558074
optical-lens	4	bo	105	3.141304480810e4	1.695168589
optical-lens	4	bo	106	3.141304480810e4	1.726408974
optical-lens	4	bo	107	3.141304480810e4	1.757470685
optical-lens	4	bo	108	3.141304480810e4	1.788014944
optical-lens	4	bo	109	3.141304480810e4	1.819932436
optical-lens	4	bo	110	3.141304480810e4	1.850930885
optical-lens	4	bo	111	3.141304480810e4	1.883927824
optical-lens	4	bo	112	3.141304480810e4	1.916402990
optical-lens	4	bo	113	3.141304480810e4	1.948883806
optical-lens	4	bo	114	3.141304480810e4	1.981965417
optical-lens	4	bo	115	3.141304480810e4	2.015325935
optical-lens	4	bo	116	3.141304480810e4	2.051043651
optical-lens	4	bo	117	3.141304480810e4	2.084660855
optical-lens	4	bo	118	2.416906685659e4	2.119601712
optical-lens	4	bo	119	2.416906685659e4	2.155997776
optical-lens	4	bo	120	2.416906685659e4	2.190990234
optical-lens	4	bo	121	2.416906685659e4	2.227613573
optical-lens	4	bo	122	2.416906685659e4	2.263962125
optical-lens	4	bo	123	2.416906685659e4	2.299491646
optical-lens	4	bo	124	2.416906685659e4	2.336905524
optical-lens	4	bo	125	2.416906685659e4	2.371437911
optical-lens	4	bo	126	2.416906685659e4	2.409635539
optical-lens	4	bo	127	2.416906685659e4	2.448428301
optical-lens	4	bo	128	2.416906685659e4	2.488439904
optical-lens	4	bo	129	2.416906685659e4	2.531915662
optical-lens	4	bo	130	2.416906685659e4	2.571818392
optical-lens	4	bo	131	2.416906685659e4	2.614836689
optical-lens	4	bo	132	2.416906685659e4	2.656485712
optical-lens	4	bo	133	2.416906685659e4	2.699451928
optical-lens	4	bo	134	2.416906685659e4	2.743854869
optical-lens	4	bo	135	2.416906685659e4	2.788567999
optical-lens	4	bo	136	2.416906685659e4	2.831087554
optical-lens	4	bo	137	2.416906685659e4	2.874479981
optical-lens	4	bo	138	2.416906685659e4	2.919755884
optical-lens	4	bo	139	2.416906685659e4	2.965418736
optical-lens	4	bo	140	2.416906685659e4	3.014041102
optical-lens	4	bo	141	2.416906685659e4	3.057718846
optical-lens	4	bo	142	2.416906685659e4	3.101926673
optical-lens	4	bo	143	2.416906685659e4	3.145535345
optical-lens	4	bo	144	2.416906685659e4	3.193977056
optical-lens	4	bo	145	2.416906685659e4	3.243922245
optical-lens	4	bo	146	2.416906685659e4	3.293209268
optical-lens	4	bo	147	2.416906685659e4	3.346054478
optical-lens	4	bo	148	2.416906685659e4	3.399101443
optical-lens	4	bo	149	2.416906685659e4	3.449326078
optical-lens	4	bo	150	2.416906685659e4	3.500718282
optical-lens	4	bo	151	2.416906685659e4	3.550500587
optical-lens	4	bo	152	2.416906685659e4	3.602114957
optical-lens	4	bo	153	2.416906685659e4	3.658704271
optical-lens	4	bo	154	2.416906685659e4	3.716375271
optical-lens	4	bo	155	2.416906685659e4	3.770144834
optical-lens	4	bo	156	2.416906685659e4	3.822356398
optical-lens	4	bo	157	2.416906685659e4	3.877024084
optical-lens	4	bo	158	2.416906685659e4	3.931651719
optical-lens	4	bo	159	2.416906685659e4	3.990506698
optical-lens	4	bo	160	2.416906685659e4	4.049406519
optical-lens	5	de	1	7.071067825090e14	0.000018810
optical-lens	5	de	2	7.071067825090e14	0.000019080
optical-lens	5	de	3	2.073157842715e5	0.000019170
optical-lens	5	de	4	2.073157842715e5	0.000019240
optical-lens	5	de	5	2.073157842715e5	0.000019310
optical-lens	5	de	6	2.073157842715e5	0.000019470
optical-lens	5	de	7	2.073157842715e5	0.000019540
optical-lens	5	de	8	2.073157842715e5	0.000019610
optical-lens	5	de	9	2.073157842715e5	0.000019680
optical-lens	5	de	10	2.073157842715e5	0.000020020
optical-lens	5	de	11	2.073157842715e5	0.000020090
optical-lens	5	de	12	2.073157842715e5	0.000020160
optical-lens	5	de	13	2.073157842715e5	0.000020230
optical-lens	5	de	14	2.073157842715e5	0.000020300
optical-lens	5	de	15	2.073157842715e5	0.000020370
optical-lens	5	de	16	2.073157842715e5	0.000020440
optical-lens	5	de	17	2.073157842715e5	0.000026390
optical-lens	5	de	18	2.073157842715e5	0.000026660
optical-lens	5	de	19	1.898467254260e5	0.000026730
optical-lens	5	de	20	1.898467254260e5	0.000026800
optical-lens	5	de	21	1.898467254260e5	0.000026870
optical-lens	5	de	22	1.898467254260e5	0.000026930
optical-lens	5	de	23	1.475071191055e5	0.000027000
optical-lens	5	de	24	1.475071191055e5	0.000027060
optical-lens	5	de	25	1.475071191055e5	0.000027130
optical-lens	5	de	26	1.475071191055e5	0.000027200
optical-lens	5	de	27	1.475071191055e5	0.000027270
optical-lens	5	de	28	1.475071191055e5	0.000027340
optical-lens	5	de	29	1.475071191055e5	0.000027410
optical-lens	5	de	30	1.475071191055e5	0.000027480
optical-lens	5	de	31	1.475071191055e5	0.000027550
optical-lens	5	de	32	1.475071191055e5	0.000027620
optical-lens	5	de	33	1.475071191055e5	0.000032490
optical-lens	5	de	34	1.475071191055e5	0.000032880
optical-lens	5	de	35	1.475071191055e5	0.000032950
optical-lens	5	de	36	1.475071191055e5	0.000033020
optical-lens	5	de	37	1.475071191055e5	0.000033140
optical-lens	5	de	38	1.475071191055e5	0.000033200
optical-lens	5	de	39	1.475071191055e5	0.000033270
optical-lens	5	de	40	1.475071191055e5	0.000033420
optical-lens	5	de	41	1.475071191055e5	0.000033490
optical-lens	5	de	42	1.475071191055e5	0.000033560
optical-lens	5	de	43	1.475071191055e5	0.000033620
optical-lens	5	de	44	1.475071191055e5	0.000033700
optical-lens	5	de	45	1.475071191055e5	0.000033770
optical-lens	5	de	46	1.475071191055e5	0.000033840
optical-lens	5	de	47	1.475071191055e5	0.000033910
optical-lens	5	de	48	1.475071191055e5	0.000033980
optical-lens	5	de	49	1.475071191055e5	0.000037101
optical-lens	5	de	50	1.243727374078e5	0.000037171
optical-lens	5	de	51	1.243727374078e5	0.000037241
optical-lens	5	de	52	8.938259793958e4	0.000037311
optical-lens	5	de	53	8.938259793958e4	0.000037381
optical-lens	5	de	54	8.938259793958e4	0.000037451
optical-lens	5	de	55	8.938259793958e4	0.000037511
optical-lens	5	de	56	8.938259793958e4	0.000037581
optical-lens	5	de	57	8.938259793958e4	0.000037651
optical-lens	5	de	58	3.373888103425e4	0.000037721
optical-lens	5	de	59	3.373888103425e4	0.000037791
optical-lens	5	de	60	2.069248931738e4	0.000037851
optical-lens	5	de	61	2.069248931738e4	0.000037921
optical-lens	5	de	62	2.069248931738e4	0.000037991
optical-lens	5	de	63	2.069248931738e4	0.000038051
optical-lens	5	de	64	2.069248931738e4	0.000038131
optical-lens	5	de	65	2.069248931738e4	0.000040181
optical-lens	5	de	66	9.805480801012e3	0.000040481
optical-lens	5	de	67	9.805480801012e3	0.000040631
optical-lens	5	de	68	9.805480801012e3	0.000040701
optical-lens	5	de	69	9.805480801012e3	0.000040771
optical-lens	5	de	70	9.805480801012e3	0.000040831
optical-lens	5	de	71	9.805480801012e3	0.000040911
optical-lens	5	de	72	9.805480801012e3	0.000040981
optical-lens	5	de	73	9.805480801012e3	0.000041051
optical-lens	5	de	74	9.805480801012e3	0.000041121
optical-lens	5	de	75	9.805480801012e3	0.000041181
optical-lens	5	de	76	9.805480801012e3	0.000041261
optical-lens	5	de	77	9.805480801012e3	0.000041331
optical-lens	5	de	78	9.805480801012e3	0.000041401
optical-lens	5	de	79	9.805480801012e3	0.000041471
optical-lens	5	de	80	9.805480801012e3	0.000041541
optical-lens	5	de	81	9.805480801012e3	0.000044091
optical-lens	5	de	82	9.805480801012e3	0.000044161
optical-lens	5	de	83	9.805480801012e3	0.000044231
optical-lens	5	de	84	9.805480801012e3	0.000044301
optical-lens	5	de	85	9.805480801012e3	0.000044371
optical-lens	5	de	86	9.805480801012e3	0.000044441
optical-lens	5	de	87	9.805480801012e3	0.000044511
optical-lens	5	de	88	9.805480801012e3	0.000044581
optical-lens	5	de	89	9.805480801012e3	0.000044651
optical-lens	5	de	90	9.805480801012e3	0.000044721
optical-lens	5	de	91	9.805480801012e3	0.000044791
optical-lens	5	de	92	9.805480801012e3	0.000044851
optical-lens	5	de	93	9.805480801012e3	0.000044921
optical-lens	5	de	94	9.805480801012e3	0.000045081
optical-lens	5	de	95	9.805480801012e3	0.000045151
optical-lens	5	de	96	9.805480801012e3	0.000045221
optical-lens	5	de	97	9.805480801012e3	0.000047771
optical-lens	5	de	98	9.805480801012e3	0.000047841
optical-lens	5	de	99	9.805480801012e3	0.000047901
optical-lens	5	de	100	9.805480801012e3	0.000047981
optical-lens	5	de	101	9.805480801012e3	0.000048051
optical-lens	5	de	102	9.805480801012e3	0.000048121
optical-lens	5	de	103	9.805480801012e3	0.000048191
optical-lens	5	de	104	9.805480801012e3	0.000048261
optical-lens	5	de	105	2.010288102880e2	0.000048331
optical-lens	5	de	106	2.010288102880e2	0.000048401
optical-lens	5	de	107	2.010288102880e2	0.000048471
optical-lens	5	de	108	2.010288102880e2	0.000048541
optical-lens	5	de	109	2.010288102880e2	0.000048611
optical-lens	5	de	110	2.010288102880e2	0.000048751
optical-lens	5	de	111	2.010288102880e2	0.000048821
optical-lens	5	de	112	2.010288102880e2	0.000048891
optical-lens	5	de	113	2.010288102880e2	0.000050981
optical-lens	5	de	114	2.010288102880e2	0.000051051
optical-lens	5	de	115	2.010288102880e2	0.000051111
optical-lens	5	de	116	2.010288102880e2	0.000051181
optical-lens	5	de	117	2.010288102880e2	0.000051251
optical-lens	5	de	118	2.010288102880e2	0.000051311
optical-lens	5	de	119	2.010288102880e2	0.000051371
optical-lens	5	de	120	2.010288102880e2	0.000051441
optical-lens	5	de	121	2.010288102880e2	0.000051511
optical-lens	5	de	122	2.010288102880e2	0.000051581
optical-lens	5	de	123	2.010288102880e2	0.000051651
optical-lens	5	de	124	2.010288102880e2	0.000051721
optical-lens	5	de	125	2.010288102880e2	0.000051791
optical-lens	5	de	126	2.010288102880e2	0.000051861
optical-lens	5	de	127	2.010288102880e2	0.000051921
optical-lens	5	de	128	2.010288102880e2	0.000051991
optical-lens	5	de	129	2.010288102880e2	0.000054381
optical-lens	5	de	130	2.010288102880e2	0.000054691
optical-lens	5	de	131	2.010288102880e2	0.000054751
optical-lens	5	de	132	2.010288102880e2	0.000054821
optical-lens	5	de	133	2.010288102880e2	0.000054891
optical-lens	5	de	134	2.010288102880e2	0.000054961
optical-lens	5	de	135	2.010288102880e2	0.000055031
optical-lens	5	de	136	2.010288102880e2	0.000055101
optical-lens	5	de	137	2.010288102880e2	0.000055171
optical-lens	5	de	138	2.010288102880e2	0.000055241
optical-lens	5	de	139	2.010288102880e2	0.000055311
optical-lens	5	de	140	2.010288102880e2	0.000055381
optical-lens	5	de	141	2.010288102880e2	0.000055451
optical-lens	5	de	142	2.010288102880e2	0.000055521
optical-lens	5	de	143	2.010288102880e2	0.000055591
optical-lens	5	de	144	2.010288102880e2	0.000055651
optical-lens	5	de	145	2.010288102880e2	0.000058061
optical-lens	5	de	146	2.010288102880e2	0.000058131
optical-lens	5	de	147	2.010288102880e2	0.000058201
optical-lens	5	de	148	2.010288102880e2	0.000058271
optical-lens	5	de	149	2.010288102880e2	0.000058341
optical-lens	5	de	150	2.010288102880e2	0.000058411
optical-lens	5	de	151	2.010288102880e2	0.000058481
optical-lens	5	de	152	2.010288102880e2	0.000058551
optical-lens	5	de	153	2.010288102880e2	0.000058621
optical-lens	5	de	154	2.010288102880e2	0.000058691
optical-lens	5	de	155	2.010288102880e2	0.000058751
optical-lens	5	de	156	2.010288102880e2	0.000058821
optical-lens	5	de	157	2.010288102880e2	0.000058891
optical-lens	5	de	158	2.010288102880e2	0.000058961
optical-lens	5	de	159	2.010288102880e2	0.000059031
optical-lens	5	de	160	2.010288102880e2	0.000059101
optical-lens	5	bo	1	9.128709374552e14	0.028377423
optical-lens	5	bo	2	9.128709374552e14	0.028377733
optical-lens	5	bo	3	9.128709374552e14	0.028377793
optical-lens	5	bo	4	9.128709374552e14	0.028377873
optical-lens	5	bo	5	7.071067918634e14	0.028377953
optical-lens	5	bo	6	7.071067814620e14	0.028378193
optical-lens	5	bo	7	7.071067814620e14	0.028378273
optical-lens	5	bo	8	6.729835647191e4	0.028378343
optical-lens	5	bo	9	6.729835647191e4	0.028378423
optical-lens	5	bo	10	6.729835647191e4	0.028378713
optical-lens	5	bo	11	6.729835647191e4	0.028378783
optical-lens	5	bo	12	6.729835647191e4	0.028378863
optical-lens	5	bo	13	6.729835647191e4	0.028378943
optical-lens	5	bo	14	6.729835647191e4	0.028379023
optical-lens	5	bo	15	6.729835647191e4	0.028379093
optical-lens	5	bo	16	6.729835647191e4	0.028379163
optical-lens	5	bo	17	6.729835647191e4	0.041983871
optical-lens	5	bo	18	6.729835647191e4	0.053125997
optical-lens	5	bo	19	6.729835647191e4	0.065699709
optical-lens	5	bo	20	6.729835647191e4	0.078159148
optical-lens	5	bo	21	1.969545381017e4	0.089618202
optical-lens	5	bo	22	1.969545381017e4	0.101987038
optical-lens	5	bo	23	1.969545381017e4	0.113167885
optical-lens	5	bo	24	1.969545381017e4	0.124568667
optical-lens	5	bo	25	1.969545381017e4	0.135711143
optical-lens	5	bo	26	1.969545381017e4	0.148024428
optical-lens	5	bo	27	1.969545381017e4	0.159430240
optical-lens	5	bo	28	1.969545381017e4	0.171348825
optical-lens	5	bo	29	1.969545381017e4	0.183246040
optical-lens	5	bo	30	1.969545381017e4	0.195663488
optical-lens	5	bo	31	1.969545381017e4	0.207700567
optical-lens	5	bo	32	1.969545381017e4	0.220152665
optical-lens	5	bo	33	1.969545381017e4	0.232833129
optical-lens	5	bo	34	1.969545381017e4	0.245281687
optical-lens	5	bo	35	1.969545381017e4	0.257332835
optical-lens	5	bo	36	1.969545381017e4	0.269408995
optical-lens	5	bo	37	1.969545381017e4	0.280941610
optical-lens	5	bo	38	1.969545381017e4	0.293438229
optical-lens	5	bo	39	1.969545381017e4	0.307698753
optical-lens	5	bo	40	1.969545381017e4	0.320987983
optical-lens	5	bo	41	1.969545381017e4	0.334575930
optical-lens	5	bo	42	1.969545381017e4	0.348504445
optical-lens	5	bo	43	1.969545381017e4	0.362405090
optical-lens	5	bo	44	1.969545381017e4	0.376460649
optical-lens	5	bo	45	1.969545381017e4	0.389540613
optical-lens	5	bo	46	1.969545381017e4	0.403742935
optical-lens	5	bo	47	1.969545381017e4	0.416908201
optical-lens	5	bo	48	1.969545381017e4	0.430633471
optical-lens	5	bo	49	1.969545381017e4	0.445275064
optical-lens	5	bo	50	1.969545381017e4	0.460023599
optical-lens	5	bo	51	1.969545381017e4	0.474614390
optical-lens	5	bo	52	1.969545381017e4	0.492840862
optical-lens	5	bo	53	1.969545381017e4	0.508367457
optical-lens	5	bo	54	1.969545381017e4	0.524810304
optical-lens	5	bo	55	1.969545381017e4	0.540799330
optical-lens	5	bo	56	1.969545381017e4	0.555434953
optical-lens	5	bo	57	1.969545381017e4	0.571161372
optical-lens	5	bo	58	1.969545381017e4	0.587734362
optical-lens	5	bo	59	1.969545381017e4	0.604068367
optical-lens	5	bo	60	1.969545381017e4	0.622211597
optical-lens	5	bo	61	1.969545381017e4	0.638363488
optical-lens	5	bo	62	1.969545381017e4	0.655987814
optical-lens	5	bo	63	1.969545381017e4	0.672722168
optical-lens	5	bo	64	1.969545381017e4	0.690009246
optical-lens	5	bo	65	1.969545381017e4	0.706967566
optical-lens	5	bo	66	1.969545381017e4	0.725081115
optical-lens	5	bo	67	1.969545381017e4	0.742716442
optical-lens	5	bo	68	1.969545381017e4	0.760999395
optical-lens	5	bo	69	1.969545381017e4	0.778944430
optical-lens	5	bo	70	1.969545381017e4	0.798313050
optical-lens	5	bo	71	1.969545381017e4	0.818888690
optical-lens	5	bo	72	1.969545381017e4	0.841457400
optical-lens	5	bo	73	1.969545381017e4	0.861891056
optical-lens	5	bo	74	1.969545381017e4	0.882300812
optical-lens	5	bo	75	1.969545381017e4	0.902369519
optical-lens	5	bo	76	1.969545381017e4	0.923134233
optical-lens	5	bo	77	1.969545381017e4	0.943001955
optical-lens	5	bo	78	1.969545381017e4	0.965239066
optical-lens	5	bo	79	1.969545381017e4	0.987359994
optical-lens	5	bo	80	1.969545381017e4	1.008537689
optical-lens	5	bo	81	1.969545381017e4	1.030172365
optical-lens	5	bo	82	1.969545381017e4	1.053007891
optical-lens	5	bo	83	1.969545381017e4	1.075633092
optical-lens	5	bo	84	1.969545381017e4	1.099621776
optical-lens	5	bo	85	1.969545381017e4	1.124465371
optical-lens	5	bo	86	1.969545381017e4	1.147703627
optical-lens	5	bo	87	1.969545381017e4	1.172909961
optical-lens	5	bo	88	1.969545381017e4	1.196815773
optical-lens	5	bo	89	1.969545381017e4	1.219941726
optical-lens	5	bo	90	1.969545381017e4	1.243258124
optical-lens	5	bo	91	1.969545381017e4	1.267529515
optical-lens	5	bo	92	1.969545381017e4	1.295531259
optical-lens	5	bo	93	1.969545381017e4	1.323783109
optical-lens	5	bo	94	1.969545381017e4	1.349339312
optical-lens	5	bo	95	1.969545381017e4	1.376514176
optical-lens	5	bo	96	1.969545381017e4	1.402282534
optical-lens	5	bo	97	1.969545381017e4	1.430810071
optical-lens	5	bo	98	1.969545381017e4	1.462592428
optical-lens	5	bo	99	1.969545381017e4	1.490794487
optical-lens	5	bo	100	1.969545381017e4	1.517783326
optical-lens	5	bo	101	1.969545381017e4	1.545183875
optical-lens	5	bo	102	1.969545381017e4	1.573927777
optical-lens	5	bo	103	1.969545381017e4	1.602762151
optical-lens	5	bo	104	1.969545381017e4	1.632489687
optical-lens	5	bo	105	1.969545381017e4	1.661866765
optical-lens	5	bo	106	1.969545381017e4	1.689360586
optical-lens	5	bo	107	1.969545381017e4	1.716897758
optical-lens	5	bo	108	1.969545381017e4	1.745600739
optical-lens	5	bo	109	1.969545381017e4	1.775712525
optical-lens	5	bo	110	1.969545381017e4	1.808592919
optical-lens	5	bo	111	1.969545381017e4	1.838528160
optical-lens	5	bo	112	1.969545381017e4	1.869026785
optical-lens	5	bo	113	1.969545381017e4	1.900379712
optical-lens	5	bo	114	1.969545381017e4	1.932835906
optical-lens	5	bo	115	1.969545381017e4	1.962885191
optical-lens	5	bo	116	1.969545381017e4	1.994811562
optical-lens	5	bo	117	1.969545381017e4	2.026478366
optical-lens	5	bo	118	1.969545381017e4	2.058489259
optical-lens	5	bo	119	1.969545381017e4	2.093462295
optical-lens	5	bo	120	1.969545381017e4	2.125145970
optical-lens	5	bo	121	1.969545381017e4	2.158021823
optical-lens	5	bo	122	1.969545381017e4	2.191254846
optical-lens	5	bo	123	1.969545381017e4	2.227139754
optical-lens	5	bo	124	1.969545381017e4	2.263440613
optical-lens	5	bo	125	1.969545381017e4	2.299317181
optical-lens	5	bo	126	1.969545381017e4	2.334985394
optical-lens	5	bo	127	1.969545381017e4	2.370960495
optical-lens	5	bo	128	1.969545381017e4	2.407535321
optical-lens	5	bo	129	1.969545381017e4	2.446789962
optical-lens	5	bo	130	1.969545381017e4	2.486887925
optical-lens	5	bo	131	1.969545381017e4	2.524467885
optical-lens	5	bo	132	1.969545381017e4	2.563359217
optical-lens	5	bo	133	1.969545381017e4	2.602382703
optical-lens	5	bo	134	1.969545381017e4	2.639979204
optical-lens	5	bo	135	1.969545381017e4	2.679616935
optical-lens	5	bo	136	1.969545381017e4	2.725220104
optical-lens	5	bo	137	1.969545381017e4	2.770680809
optical-lens	5	bo	138	1.969545381017e4	2.811728186
optical-lens	5	bo	139	1.969545381017e4	2.856377021
optical-lens	5	bo	140	1.969545381017e4	2.898744190
optical-lens	5	bo	141	1.969545381017e4	2.944322508
optical-lens	5	bo	142	1.969545381017e4	2.993756222
optical-lens	5	bo	143	1.969545381017e4	3.040501740
optical-lens	5	bo	144	1.969545381017e4	3.088658082
optical-lens	5	bo	145	1.969545381017e4	3.137901990
optical-lens	5	bo	146	1.969545381017e4	3.183137129
optical-lens	5	bo	147	1.969545381017e4	3.231187248
optical-lens	5	bo	148	1.969545381017e4	3.282272942
optical-lens	5	bo	149	1.969545381017e4	3.330769112
optical-lens	5	bo	150	1.969545381017e4	3.383357224
optical-lens	5	bo	151	1.969545381017e4	3.438643732
optical-lens	5	bo	152	1.969545381017e4	3.491203623
optical-lens	5	bo	153	1.969545381017e4	3.544510192
optical-lens	5	bo	154	1.969545381017e4	3.599505683
optical-lens	5	bo	155	1.969545381017e4	3.654842382
optical-lens	5	bo	156	1.969545381017e4	3.710833037
optical-lens	5	bo	157	1.969545381017e4	3.763216963
optical-lens	5	bo	158	1.969545381017e4	3.818239034
optical-lens	5	bo	159	1.969545381017e4	3.874547167
optical-lens	5	bo	160	1.969545381017e4	3.929583089
optical-lens	6	de	1	9.128709368960e14	0.000012851
optical-lens	6	de	2	9.128709346743e14	0.000013071
optical-lens	6	de	3	2.411971354193e5	0.000013151
optical-lens	6	de	4	2.411971354193e5	0.000013221
optical-lens	6	de	5	2.411971354193e5	0.000013291
optical-lens	6	de	6	2.411971354193e5	0.000013601
optical-lens	6	de	7	2.411971354193e5	0.000013671
optical-lens	6	de	8	2.411971354193e5	0.000013741
optical-lens	6	de	9	2.411971354193e5	0.000013811
optical-lens	6	de	10	2.411971354193e5	0.000014071
optical-lens	6	de	11	2.411971354193e5	0.000014141
optical-lens	6	de	12	2.411971354193e5	0.000014211
optical-lens	6	de	13	2.411971354193e5	0.000014281
optical-lens	6	de	14	2.411971354193e5	0.000014351
optical-lens	6	de	15	1.942378690675e3	0.000014421
optical-lens	6	de	16	1.942378690675e3	0.000014491
optical-lens	6	de	17	1.942378690675e3	0.000018621
optical-lens	6	de	18	1.942378690675e3	0.000018841
optical-lens	6	de	19	1.942378690675e3	0.000018911
optical-lens	6	de	20	1.942378690675e3	0.000018981
optical-lens	6	de	21	1.942378690675e3	0.000019041
optical-lens	6	de	22	1.942378690675e3	0.000019121
optical-lens	6	de	23	1.942378690675e3	0.000019201
optical-lens	6	de	24	1.942378690675e3	0.000019271
optical-lens	6	de	25	1.942378690675e3	0.000019341
optical-lens	6	de	26	1.942378690675e3	0.000019411
optical-lens	6	de	27	1.942378690675e3	0.000019481
optical-lens	6	de	28	1.942378690675e3	0.000019551
optical-lens	6	de	29	1.942378690675e3	0.000019621
optical-lens	6	de	30	1.942378690675e3	0.000019681
optical-lens	6	de	31	1.942378690675e3	0.000019751
optical-lens	6	de	32	1.942378690675e3	0.000019821
optical-lens	6	de	33	1.942378690675e3	0.000025261
optical-lens	6	de	34	1.942378690675e3	0.000025801
optical-lens	6	de	35	1.942378690675e3	0.000025871
optical-lens	6	de	36	1.942378690675e3	0.000025941
optical-lens	6	de	37	1.942378690675e3	0.000026011
optical-lens	6	de	38	1.942378690675e3	0.000026081
optical-lens	6	de	39	1.942378690675e3	0.000026151
optical-lens	6	de	40	1.942378690675e3	0.000026211
optical-lens	6	de	41	1.942378690675e3	0.000026281
optical-lens	6	de	42	1.942378690675e3	0.000026351
optical-lens	6	de	43	1.942378690675e3	0.000026421
optical-lens	6	de	44	1.942378690675e3	0.000026491
optical-lens	6	de	45	1.942378690675e3	0.000026561
optical-lens	6	de	46	1.942378690675e3	0.000026621
optical-lens	6	de	47	6.333201527777e2	0.000026691
optical-lens	6	de	48	6.161401735846e2	0.000026761
optical-lens	6	de	49	6.161401735846e2	0.000029332
optical-lens	6	de	50	6.161401735846e2	0.000029402
optical-lens	6	de	51	6.161401735846e2	0.000029472
optical-lens	6	de	52	6.161401735846e2	0.000029542
optical-lens	6	de	53	6.161401735846e2	0.000029612
optical-lens	6	de	54	6.161401735846e2	0.000029682
optical-lens	6	de	55	6.161401735846e2	0.000029752
optical-lens	6	de	56	6.161401735846e2	0.000029822
optical-lens	6	de	57	6.161401735846e2	0.000029892
optical-lens	6	de	58	6.161401735846e2	0.000029962
optical-lens	6	de	59	6.161401735846e2	0.000030032
optical-lens	6	de	60	6.161401735846e2	0.000030102
optical-lens	6	de	61	6.161401735846e2	0.000030172
optical-lens	6	de	62	5.500355056401e2	0.000030232
optical-lens	6	de	63	5.500355056401e2	0.000030312
optical-lens	6	de	64	5.500355056401e2	0.000030382
optical-lens	6	de	65	5.500355056401e2	0.000033102
optical-lens	6	de	66	5.500355056401e2	0.000033262
optical-lens	6	de	67	5.500355056401e2	0.000033332
optical-lens	6	de	68	5.500355056401e2	0.000033402
optical-lens	6	de	69	5.500355056401e2	0.000033472
optical-lens	6	de	70	5.500355056401e2	0.000033542
optical-lens	6	de	71	5.500355056401e2	0.000033612
optical-lens	6	de	72	5.500355056401e2	0.000033682
optical-lens	6	de	73	5.500355056401e2	0.000033752
optical-lens	6	de	74	5.500355056401e2	0.000033822
optical-lens	6	de	75	5.500355056401e2	0.000033892
optical-lens	6	de	76	5.500355056401e2	0.000033962
optical-lens	6	de	77	5.500355056401e2	0.000034022
optical-lens	6	de	78	5.500355056401e2	0.000034102
optical-lens	6	de	79	5.500355056401e2	0.000034172
optical-lens	6	de	80	5.500355056401e2	0.000034242
optical-lens	6	de	81	5.500355056401e2	0.000036412
optical-lens	6	de	82	5.500355056401e2	0.000036482
optical-lens	6	de	83	5.500355056401e2	0.000036552
optical-lens	6	de	84	5.500355056401e2	0.000036622
optical-lens	6	de	85	5.500355056401e2	0.000036692
optical-lens	6	de	86	5.500355056401e2	0.000036762
optical-lens	6	de	87	5.500355056401e2	0.000036832
optical-lens	6	de	88	5.500355056401e2	0.000036892
optical-lens	6	de	89	5.500355056401e2	0.000036972
optical-lens	6	de	90	5.500355056401e2	0.000037042
optical-lens	6	de	91	5.500355056401e2	0.000037112
optical-lens	6	de	92	5.500355056401e2	0.000037182
optical-lens	6	de	93	5.104160852092e2	0.000037252
optical-lens	6	de	94	5.104160852092e2	0.000037312
optical-lens	6	de	95	5.104160852092e2	0.000037392
optical-lens	6	de	96	5.104160852092e2	0.000037462
optical-lens	6	de	97	5.104160852092e2	0.000040352
optical-lens	6	de	98	5.104160852092e2	0.000040412
optical-lens	6	de	99	5.104160852092e2	0.000040492
optical-lens	6	de	100	5.104160852092e2	0.000040562
optical-lens	6	de	101	5.104160852092e2	0.000040632
optical-lens	6	de	102	5.104160852092e2	0.000040692
optical-lens	6	de	103	5.104160852092e2	0.000040762
optical-lens	6	de	104	5.104160852092e2	0.000040832
optical-lens	6	de	105	5.104160852092e2	0.000040902
optical-lens	6	de	106	5.104160852092e2	0.000040972
optical-lens	6	de	107	5.104160852092e2	0.000041032
optical-lens	6	de	108	5.104160852092e2	0.000041112
optical-lens	6	de	109	5.104160852092e2	0.000041182
optical-lens	6	de	110	5.104160852092e2	0.000041252
optical-lens	6	de	111	5.104160852092e2	0.000041312
optical-lens	6	de	112	5.104160852092e2	0.000041382
optical-lens	6	de	113	5.104160852092e2	0.000043712
optical-lens	6	de	114	5.104160852092e2	0.000043772
optical-lens	6	de	115	5.104160852092e2	0.000043842
optical-lens	6	de	116	5.104160852092e2	0.000043912
optical-lens	6	de	117	5.104160852092e2	0.000043972
optical-lens	6	de	118	5.104160852092e2	0.000044042
optical-lens	6	de	119	5.104160852092e2	0.000044112
optical-lens	6	de	120	5.104160852092e2	0.000044182
optical-lens	6	de	121	5.104160852092e2	0.000044252
optical-lens	6	de	122	5.104160852092e2	0.000044322
optical-lens	6	de	123	3.162767955531e2	0.000044392
optical-lens	6	de	124	3.162767955531e2	0.000044452
optical-lens	6	de	125	3.162767955531e2	0.000044602
optical-lens	6	de	126	3.162767955531e2	0.000044672
optical-lens	6	de	127	3.162767955531e2	0.000044742
optical-lens	6	de	128	3.162767955531e2	0.000044812
optical-lens	6	de	129	3.162767955531e2	0.000048612
optical-lens	6	de	130	3.162767955531e2	0.000049412
optical-lens	6	de	131	3.162767955531e2	0.000049472
optical-lens	6	de	132	3.162767955531e2	0.000049542
optical-lens	6	de	133	3.162767955531e2	0.000049612
optical-lens	6	de	134	3.162767955531e2	0.000049682
optical-lens	6	de	135	3.162767955531e2	0.000049752
optical-lens	6	de	136	3.162767955531e2	0.000049822
optical-lens	6	de	137	3.162767955531e2	0.000049892
optical-lens	6	de	138	3.162767955531e2	0.000049952
optical-lens	6	de	139	3.162767955531e2	0.000050022
optical-lens	6	de	140	3.162767955531e2	0.000050092
optical-lens	6	de	141	3.162767955531e2	0.000050162
optical-lens	6	de	142	3.162767955531e2	0.000050232
optical-lens	6	de	143	3.162767955531e2	0.000050302
optical-lens	6	de	144	3.162767955531e2	0.000050362
optical-lens	6	de	145	3.162767955531e2	0.000053192
optical-lens	6	de	146	3.162767955531e2	0.000053262
optical-lens	6	de	147	3.162767955531e2	0.000053392
optical-lens	6	de	148	3.162767955531e2	0.000053462
optical-lens	6	de	149	3.162767955531e2	0.000053532
optical-lens	6	de	150	3.162767955531e2	0.000053592
optical-lens	6	de	151	3.162767955531e2	0.000053652
optical-lens	6	de	152	3.162767955531e2	0.000053722
optical-lens	6	de	153	3.162767955531e2	0.000053792
optical-lens	6	de	154	3.162767955531e2	0.000053862
optical-lens	6	de	155	3.162767955531e2	0.000053932
optical-lens	6	de	156	2.744153302104e2	0.000054002
optical-lens	6	de	157	2.744153302104e2	0.000054072
optical-lens	6	de	158	2.744153302104e2	0.000054142
optical-lens	6	de	159	2.744153302104e2	0.000054212
optical-lens	6	de	160	2.744153302104e2	0.000054282
optical-lens	6	bo	1	9.128709328186e14	0.034491733
optical-lens	6	bo	2	2.133222026409e5	0.034492283
optical-lens	6	bo	3	2.133222026409e5	0.034492363
optical-lens	6	bo	4	2.133222026409e5	0.034492463
optical-lens	6	bo	5	2.133222026409e5	0.034492943
optical-lens	6	bo	6	2.133222026409e5	0.034493373
optical-lens	6	bo	7	2.133222026409e5	0.034493453
optical-lens	6	bo	8	2.133222026409e5	0.034493533
optical-lens	6	bo	9	2.133222026409e5	0.034493603
optical-lens	6	bo	10	2.133222026409e5	0.034493903
optical-lens	6	bo	11	2.133222026409e5	0.034493983
optical-lens	6	bo	12	2.133222026409e5	0.034494103
optical-lens	6	bo	13	2.133222026409e5	0.034494393
optical-lens	6	bo	14	2.133222026409e5	0.034494893
optical-lens	6	bo	15	1.683349795850e5	0.034495073
optical-lens	6	bo	16	1.683349795850e5	0.034495513
optical-lens	6	bo	17	1.683349795850e5	0.050884018
optical-lens	6	bo	18	1.683349795850e5	0.063997452
optical-lens	6	bo	19	1.683349795850e5	0.078118861
optical-lens	6	bo	20	1.683349795850e5	0.089759089
optical-lens	6	bo	21	1.683349795850e5	0.101080959
optical-lens	6	bo	22	1.683349795850e5	0.111628020
optical-lens	6	bo	23	1.683349795850e5	0.122522479
optical-lens	6	bo	24	1.683349795850e5	0.135847649
optical-lens	6	bo	25	1.683349795850e5	0.148027420
optical-lens	6	bo	26	1.683349795850e5	0.160424917
optical-lens	6	bo	27	1.683349795850e5	0.173181913
optical-lens	6	bo	28	1.683349795850e5	0.186361709
optical-lens	6	bo	29	1.683349795850e5	0.198257063
optical-lens	6	bo	30	1.683349795850e5	0.210123826
optical-lens	6	bo	31	1.683349795850e5	0.222433591
optical-lens	6	bo	32	1.683349795850e5	0.235788881
optical-lens	6	bo	33	1.683349795850e5	0.248502726
optical-lens	6	bo	34	1.683349795850e5	0.263004975
optical-lens	6	bo	35	1.683349795850e5	0.276305074
optical-lens	6	bo	36	1.683349795850e5	0.290436263
optical-lens	6	bo	37	1.683349795850e5	0.304114661
optical-lens	6	bo	38	1.683349795850e5	0.320339073
optical-lens	6	bo	39	1.683349795850e5	0.335161430
optical-lens	6	bo	40	1.683349795850e5	0.348081389
optical-lens	6	bo	41	1.683349795850e5	0.361729366
optical-lens	6	bo	42	1.683349795850e5	0.376219384
optical-lens	6	bo	43	1.683349795850e5	0.389974095
optical-lens	6	bo	44	1.683349795850e5	0.404039743
optical-lens	6	bo	45	1.683349795850e5	0.418225784
optical-lens	6	bo	46	1.683349795850e5	0.433732487
optical-lens	6	bo	47	1.683349795850e5	0.448273127
optical-lens	6	bo	48	1.683349795850e5	0.462629942
optical-lens	6	bo	49	1.683349795850e5	0.476373652
optical-lens	6	bo	50	1.683349795850e5	0.491297931
optical-lens	6	bo	51	1.683349795850e5	0.505968694
optical-lens	6	bo	52	1.683349795850e5	0.521399556
optical-lens	6	bo	53	1.683349795850e5	0.536914760
optical-lens	6	bo	54	1.683349795850e5	0.553603633
optical-lens	6	bo	55	8.001760545772e4	0.569473285
optical-lens	6	bo	56	8.001760545772e4	0.586293531
optical-lens	6	bo	57	8.001760545772e4	0.602487491
optical-lens	6	bo	58	8.001760545772e4	0.618942808
optical-lens	6	bo	59	8.001760545772e4	0.635421116
optical-lens	6	bo	60	8.001760545772e4	0.652705773
optical-lens	6	bo	61	8.001760545772e4	0.669365755
optical-lens	6	bo	62	8.001760545772e4	0.686087089
optical-lens	6	bo	63	8.001760545772e4	0.703603502
optical-lens	6	bo	64	8.001760545772e4	0.721178697
optical-lens	6	bo	65	8.001760545772e4	0.738366112
optical-lens	6	bo	66	8.001760545772e4	0.755771383
optical-lens	6	bo	67	8.001760545772e4	0.775225334
optical-lens	6	bo	68	8.001760545772e4	0.794577203
optical-lens	6	bo	69	8.001760545772e4	0.813523921
optical-lens	6	bo	70	8.001760545772e4	0.831696150
optical-lens	6	bo	71	8.001760545772e4	0.851505040
optical-lens	6	bo	72	8.001760545772e4	0.871265359
optical-lens	6	bo	73	2.731400018253e4	0.890371951
optical-lens	6	bo	74	2.731400018253e4	0.909619347
optical-lens	6	bo	75	2.731400018253e4	0.929114559
optical-lens	6	bo	76	2.731400018253e4	0.949981364
optical-lens	6	bo	77	2.731400018253e4	0.970645634
optical-lens	6	bo	78	2.731400018253e4	0.990427453
optical-lens	6	bo	79	2.731400018253e4	1.010942671
optical-lens	6	bo	80	2.731400018253e4	1.032513024
optical-lens	6	bo	81	2.731400018253e4	1.053441581
optical-lens	6	bo	82	2.731400018253e4	1.075215709
optical-lens	6	bo	83	2.731400018253e4	1.096829473
optical-lens	6	bo	84	2.731400018253e4	1.118525039
optical-lens	6	bo	85	2.731400018253e4	1.141680141
optical-lens	6	bo	86	2.731400018253e4	1.165994191
optical-lens	6	bo	87	2.731400018253e4	1.190698752
optical-lens	6	bo	88	2.731400018253e4	1.213817844
optical-lens	6	bo	89	2.731400018253e4	1.238823552
optical-lens	6	bo	90	2.731400018253e4	1.262990720
optical-lens	6	bo	91	2.731400018253e4	1.287841964
optical-lens	6	bo	92	2.731400018253e4	1.312228427
optical-lens	6	bo	93	2.731400018253e4	1.338913967
optical-lens	6	bo	94	2.731400018253e4	1.365676829
optical-lens	6	bo	95	2.731400018253e4	1.393423535
optical-lens	6	bo	96	2.731400018253e4	1.419658154
optical-lens	6	bo	97	2.731400018253e4	1.448367483
optical-lens	6	bo	98	2.731400018253e4	1.479245956
optical-lens	6	bo	99	2.731400018253e4	1.508764906
optical-lens	6	bo	100	2.731400018253e4	1.538320547
optical-lens	6	bo	101	2.731400018253e4	1.567376105
optical-lens	6	bo	102	2.731400018253e4	1.599225152
optical-lens	6	bo	103	2.731400018253e4	1.631276305
optical-lens	6	bo	104	2.731400018253e4	1.665812748
optical-lens	6	bo	105	2.731400018253e4	1.697250215
optical-lens	6	bo	106	2.731400018253e4	1.732125087
optical-lens	6	bo	107	2.731400018253e4	1.765508412
optical-lens	6	bo	108	2.731400018253e4	1.796925379
optical-lens	6	bo	109	2.731400018253e4	1.831339700
optical-lens	6	bo	110	2.731400018253e4	1.865220157
optical-lens	6	bo	111	2.731400018253e4	1.900947850
optical-lens	6	bo	112	2.731400018253e4	1.935597786
optical-lens	6	bo	113	2.731400018253e4	1.972091648
optical-lens	6	bo	114	2.731400018253e4	2.006937730
optical-lens	6	bo	115	2.731400018253e4	2.043569615
optical-lens	6	bo	116	2.731400018253e4	2.082764904
optical-lens	6	bo	117	2.731400018253e4	2.122126616
optical-lens	6	bo	118	2.731400018253e4	2.164276497
optical-lens	6	bo	119	2.731400018253e4	2.206180132
optical-lens	6	bo	120	2.731400018253e4	2.247056072
optical-lens	6	bo	121	2.731400018253e4	2.288152187
optical-lens	6	bo	122	2.731400018253e4	2.325155551
optical-lens	6	bo	123	2.731400018253e4	2.363495588
optical-lens	6	bo	124	2.731400018253e4	2.402946683
optical-lens	6	bo	125	2.731400018253e4	2.442907080
optical-lens	6	bo	126	2.731400018253e4	2.483552505
optical-lens	6	bo	127	2.731400018253e4	2.523004431
optical-lens	6	bo	128	2.731400018253e4	2.563862520
optical-lens	6	bo	129	2.731400018253e4	2.605750685
optical-lens	6	bo	130	2.731400018253e4	2.647162938
optical-lens	6	bo	131	2.731400018253e4	2.689234817
optical-lens	6	bo	132	2.731400018253e4	2.730955848
optical-lens	6	bo	133	2.731400018253e4	2.776272378
optical-lens	6	bo	134	2.731400018253e4	2.821243709
optical-lens	6	bo	135	2.731400018253e4	2.864005105
optical-lens	6	bo	136	2.731400018253e4	2.907288184
optical-lens	6	bo	137	2.731400018253e4	2.954164892
optical-lens	6	bo	138	2.731400018253e4	3.002483646
optical-lens	6	bo	139	2.731400018253e4	3.049460686
optical-lens	6	bo	140	2.731400018253e4	3.097552494
optical-lens	6	bo	141	2.731400018253e4	3.145838336
optical-lens	6	bo	142	2.731400018253e4	3.197134532
optical-lens	6	bo	143	2.731400018253e4	3.246557973
optical-lens	6	bo	144	2.731400018253e4	3.295638015
optical-lens	6	bo	145	2.731400018253e4	3.344644545
optical-lens	6	bo	146	2.731400018253e4	3.394943117
optical-lens	6	bo	147	2.731400018253e4	3.443324312
optical-lens	6	bo	148	2.731400018253e4	3.498343961
optical-lens	6	bo	149	2.731400018253e4	3.556257031
optical-lens	6	bo	150	2.731400018253e4	3.608061640
optical-lens	6	bo	151	2.731400018253e4	3.663017037
optical-lens	6	bo	152	2.731400018253e4	3.718874376
optical-lens	6	bo	153	2.731400018253e4	3.777758690
optical-lens	6	bo	154	2.731400018253e4	3.833148698
optical-lens	6	bo	155	2.731400018253e4	3.889709765
optical-lens	6	bo	156	2.731400018253e4	3.947471992
optical-lens	6	bo	157	2.731400018253e4	4.002036349
optical-lens	6	bo	158	2.731400018253e4	4.061962238
optical-lens	6	bo	159	2.731400018253e4	4.126347277
optical-lens	6	bo	160	2.731400018253e4	4.183305392
optical-lens	7	de	1	1.000000000000e99	0.000013850
optical-lens	7	de	2	1.000000000000e99	0.000014460
optical-lens	7	de	3	1.000000000000e99	0.000014530
optical-lens	7	de	4	1.000000000000e99	0.000014600
optical-lens	7	de	5	1.000000000000e99	0.000014660
optical-lens	7	de	6	1.000000000000e99	0.000014930
optical-lens	7	de	7	1.000000000000e99	0.000015000
optical-lens	7	de	8	1.000000000000e99	0.000015060
optical-lens	7	de	9	1.000000000000e99	0.000015130
optical-lens	7	de	10	1.000000000000e99	0.000015450
optical-lens	7	de	11	1.000000000000e99	0.000015520
optical-lens	7	de	12	1.000000000000e99	0.000015580
optical-lens	7	de	13	1.000000000000e99	0.000015650
optical-lens	7	de	14	1.000000000000e99	0.000015770
optical-lens	7	de	15	1.000000000000e99	0.000015830
optical-lens	7	de	16	1.000000000000e99	0.000015900
optical-lens	7	de	17	9.128709364965e14	0.000019571
optical-lens	7	de	18	9.128709364965e14	0.000019771
optical-lens	7	de	19	9.128709364965e14	0.000019841
optical-lens	7	de	20	9.128709364965e14	0.000019901
optical-lens	7	de	21	9.128709364965e14	0.000019961
optical-lens	7	de	22	9.128709364965e14	0.000020031
optical-lens	7	de	23	7.071067824255e14	0.000020091
optical-lens	7	de	24	7.071067824255e14	0.000020171
optical-lens	7	de	25	7.071067824255e14	0.000020241
optical-lens	7	de	26	7.071067824255e14	0.000020311
optical-lens	7	de	27	7.071067824255e14	0.000020371
optical-lens	7	de	28	7.071067824255e14	0.000020441
optical-lens	7	de	29	7.071067824255e14	0.000020511
optical-lens	7	de	30	7.071067824255e14	0.000020581
optical-lens	7	de	31	7.071067824255e14	0.000020651
optical-lens	7	de	32	7.071067824255e14	0.000020711
optical-lens	7	de	33	7.071067824255e14	0.000025361
optical-lens	7	de	34	7.071067824255e14	0.000026021
optical-lens	7	de	35	7.071067824255e14	0.000026101
optical-lens	7	de	36	7.071067824255e14	0.000026241
optical-lens	7	de	37	7.071067824255e14	0.000026311
optical-lens	7	de	38	7.071067817876e14	0.000026381
optical-lens	7	de	39	7.071067817876e14	0.000026531
optical-lens	7	de	40	7.071067817876e14	0.000026591
optical-lens	7	de	41	7.071067817876e14	0.000026691
optical-lens	7	de	42	7.071067817876e14	0.000026781
optical-lens	7	de	43	7.071067817876e14	0.000026871
optical-lens	7	de	44	7.071067817876e14	0.000026961
optical-lens	7	de	45	7.071067817876e14	0.000027031
optical-lens	7	de	46	7.071067817876e14	0.000027101
optical-lens	7	de	47	7.071067817876e14	0.000027171
optical-lens	7	de	48	7.071067813671e14	0.000027241
optical-lens	7	de	49	7.071067813671e14	0.000035451
optical-lens	7	de	50	1.170509224463e5	0.000035511
optical-lens	7	de	51	7.816811439950e4	0.000035581
optical-lens	7	de	52	7.816811439950e4	0.000035651
optical-lens	7	de	53	7.816811439950e4	0.000035721
optical-lens	7	de	54	7.816811439950e4	0.000035791
optical-lens	7	de	55	7.816811439950e4	0.000035871
optical-lens	7	de	56	7.816811439950e4	0.000035941
optical-lens	7	de	57	4.980853539291e4	0.000036011
optical-lens	7	de	58	4.980853539291e4	0.000036081
optical-lens	7	de	59	4.980853539291e4	0.000036151
optical-lens	7	de	60	4.980853539291e4	0.000036221
optical-lens	7	de	61	4.980853539291e4	0.000036281
optical-lens	7	de	62	4.980853539291e4	0.000036361
optical-lens	7	de	63	4.980853539291e4	0.000036431
optical-lens	7	de	64	4.980853539291e4	0.000036501
optical-lens	7	de	65	1.873116896311e3	0.000039111
optical-lens	7	de	66	1.873116896311e3	0.000039961
optical-lens	7	de	67	1.873116896311e3	0.000040031
optical-lens	7	de	68	1.873116896311e3	0.000040101
optical-lens	7	de	69	1.873116896311e3	0.000040171
optical-lens	7	de	70	1.873116896311e3	0.000040241
optical-lens	7	de	71	1.873116896311e3	0.000040311
optical-lens	7	de	72	1.873116896311e3	0.000040391
optical-lens	7	de	73	1.873116896311e3	0.000040451
optical-lens	7	de	74	1.873116896311e3	0.000040521
optical-lens	7	de	75	1.873116896311e3	0.000040591
optical-lens	7	de	76	1.873116896311e3	0.000040661
optical-lens	7	de	77	1.873116896311e3	0.000040731
optical-lens	7	de	78	1.873116896311e3	0.000040801
optical-lens	7	de	79	1.873116896311e3	0.000040871
optical-lens	7	de	80	1.873116896311e3	0.000040941
optical-lens	7	de	81	1.873116896311e3	0.000043351
optical-lens	7	de	82	1.873116896311e3	0.000043441
optical-lens	7	de	83	1.873116896311e3	0.000043751
optical-lens	7	de	84	1.873116896311e3	0.000043841
optical-lens	7	de	85	1.873116896311e3	0.000043911
optical-lens	7	de	86	1.873116896311e3	0.000043981
optical-lens	7	de	87	1.873116896311e3	0.000044151
optical-lens	7	de	88	1.873116896311e3	0.000044221
optical-lens	7	de	89	1.873116896311e3	0.000044281
optical-lens	7	de	90	1.873116896311e3	0.000044351
optical-lens	7	de	91	1.873116896311e3	0.000044431
optical-lens	7	de	92	1.873116896311e3	0.000044501
optical-lens	7	de	93	1.873116896311e3	0.000044571
optical-lens	7	de	94	1.873116896311e3	0.000044641
optical-lens	7	de	95	1.873116896311e3	0.000044701
optical-lens	7	de	96	1.873116896311e3	0.000044781
optical-lens	7	de	97	1.873116896311e3	0.000051571
optical-lens	7	de	98	1.873116896311e3	0.000051641
optical-lens	7	de	99	1.873116896311e3	0.000051711
optical-lens	7	de	100	1.873116896311e3	0.000051771
optical-lens	7	de	101	1.873116896311e3	0.000051851
optical-lens	7	de	102	1.873116896311e3	0.000051921
optical-lens	7	de	103	1.873116896311e3	0.000051991
optical-lens	7	de	104	1.873116896311e3	0.000052061
optical-lens	7	de	105	1.873116896311e3	0.000052131
optical-lens	7	de	106	1.873116896311e3	0.000052201
optical-lens	7	de	107	1.873116896311e3	0.000052271
optical-lens	7	de	108	1.873116896311e3	0.000052341
optical-lens	7	de	109	1.873116896311e3	0.000052411
optical-lens	7	de	110	1.873116896311e3	0.000052481
optical-lens	7	de	111	1.873116896311e3	0.000052631
optical-lens	7	de	112	1.873116896311e3	0.000052701
optical-lens	7	de	113	1.873116896311e3	0.000056801
optical-lens	7	de	114	1.873116896311e3	0.000056871
optical-lens	7	de	115	1.873116896311e3	0.000056941
optical-lens	7	de	116	1.873116896311e3	0.000057401
optical-lens	7	de	117	1.873116896311e3	0.000057471
optical-lens	7	de	118	1.873116896311e3	0.000057531
optical-lens	7	de	119	1.873116896311e3	0.000057601
optical-lens	7	de	120	1.873116896311e3	0.000057671
optical-lens	7	de	121	1.873116896311e3	0.000057741
optical-lens	7	de	122	1.873116896311e3	0.000057891
optical-lens	7	de	123	1.873116896311e3	0.000057961
optical-lens	7	de	124	1.873116896311e3	0.000058021
optical-lens	7	de	125	2.692619023432e2	0.000058101
optical-lens	7	de	126	2.692619023432e2	0.000058171
optical-lens	7	de	127	2.692619023432e2	0.000058231
optical-lens	7	de	128	2.692619023432e2	0.000058311
optical-lens	7	de	129	2.692619023432e2	0.000060821
optical-lens	7	de	130	2.692619023432e2	0.000061381
optical-lens	7	de	131	2.692619023432e2	0.000061451
optical-lens	7	de	132	2.692619023432e2	0.000061521
optical-lens	7	de	133	2.692619023432e2	0.000061591
optical-lens	7	de	134	2.692619023432e2	0.000061721
optical-lens	7	de	135	2.692619023432e2	0.000061791
optical-lens	7	de	136	2.692619023432e2	0.000061921
optical-lens	7	de	137	2.692619023432e2	0.000061991
optical-lens	7	de	138	2.692619023432e2	0.000062061
optical-lens	7	de	139	2.692619023432e2	0.000062131
optical-lens	7	de	140	2.692619023432e2	0.000062201
optical-lens	7	de	141	2.692619023432e2	0.000062261
optical-lens	7	de	142	2.692619023432e2	0.000062331
optical-lens	7	de	143	2.692619023432e2	0.000062401
optical-lens	7	de	144	2.692619023432e2	0.000062471
optical-lens	7	de	145	2.692619023432e2	0.000065161
optical-lens	7	de	146	2.692619023432e2	0.000065221
optical-lens	7	de	147	2.692619023432e2	0.000065361
optical-lens	7	de	148	2.692619023432e2	0.000065431
optical-lens	7	de	149	2.692619023432e2	0.000065501
optical-lens	7	de	150	2.692619023432e2	0.000065851
optical-lens	7	de	151	2.692619023432e2	0.000066091
optical-lens	7	de	152	2.692619023432e2	0.000066251
optical-lens	7	de	153	2.692619023432e2	0.000066321
optical-lens	7	de	154	2.692619023432e2	0.000066391
optical-lens	7	de	155	2.692619023432e2	0.000066461
optical-lens	7	de	156	2.692619023432e2	0.000066601
optical-lens	7	de	157	2.692619023432e2	0.000066731
optical-lens	7	de	158	2.605276228485e2	0.000066891
optical-lens	7	de	159	2.605276228485e2	0.000066961
optical-lens	7	de	160	2.605276228485e2	0.000067101
optical-lens	7	bo	1	4.082482907170e14	0.028044932
optical-lens	7	bo	2	4.082482907170e14	0.028045872
optical-lens	7	bo	3	4.082482907170e14	0.028045962
optical-lens	7	bo	4	4.082482907170e14	0.028046042
optical-lens	7	bo	5	4.049672352465e4	0.028046312
optical-lens	7	bo	6	4.049672352465e4	0.028046972
optical-lens	7	bo	7	4.049672352465e4	0.028047462
optical-lens	7	bo	8	4.049672352465e4	0.028047542
optical-lens	7	bo	9	4.049672352465e4	0.028047612
optical-lens	7	bo	10	4.049672352465e4	0.028047912
optical-lens	7	bo	11	4.049672352465e4	0.028047982
optical-lens	7	bo	12	4.049672352465e4	0.028048142
optical-lens	7	bo	13	4.049672352465e4	0.028048212
optical-lens	7	bo	14	4.049672352465e4	0.028048282
optical-lens	7	bo	15	4.049672352465e4	0.028048362
optical-lens	7	bo	16	4.049672352465e4	0.028048442
optical-lens	7	bo	17	4.049672352465e4	0.041946975
optical-lens	7	bo	18	4.049672352465e4	0.053167812
optical-lens	7	bo	19	4.049672352465e4	0.064602405
optical-lens	7	bo	20	4.049672352465e4	0.076805887
optical-lens	7	bo	21	4.049672352465e4	0.087884821
optical-lens	7	bo	22	4.049672352465e4	0.099764944
optical-lens	7	bo	23	4.049672352465e4	0.114098438
optical-lens	7	bo	24	4.049672352465e4	0.125922490
optical-lens	7	bo	25	4.049672352465e4	0.138724536
optical-lens	7	bo	26	4.049672352465e4	0.150914977
optical-lens	7	bo	27	4.049672352465e4	0.162861242
optical-lens	7	bo	28	4.049672352465e4	0.175033672
optical-lens	7	bo	29	4.049672352465e4	0.187135490
optical-lens	7	bo	30	4.049672352465e4	0.199666099
optical-lens	7	bo	31	4.049672352465e4	0.211843869
optical-lens	7	bo	32	4.049672352465e4	0.223629390
optical-lens	7	bo	33	4.049672352465e4	0.237410010
optical-lens	7	bo	34	4.049672352465e4	0.249935319
optical-lens	7	bo	35	4.049672352465e4	0.262533510
optical-lens	7	bo	36	4.049672352465e4	0.275982582
optical-lens	7	bo	37	4.049672352465e4	0.289105686
optical-lens	7	bo	38	4.049672352465e4	0.301938733
optical-lens	7	bo	39	4.049672352465e4	0.316227375
optical-lens	7	bo	40	4.049672352465e4	0.329803770
optical-lens	7	bo	41	4.049672352465e4	0.343693352
optical-lens	7	bo	42	4.049672352465e4	0.358369375
optical-lens	7	bo	43	4.049672352465e4	0.371906879
optical-lens	7	bo	44	4.049672352465e4	0.387129365
optical-lens	7	bo	45	4.049672352465e4	0.400559456
optical-lens	7	bo	46	4.049672352465e4	0.415286149
optical-lens	7	bo	47	4.049672352465e4	0.429261094
optical-lens	7	bo	48	4.049672352465e4	0.443147036
optical-lens	7	bo	49	4.049672352465e4	0.457755497
optical-lens	7	bo	50	4.049672352465e4	0.472899631
optical-lens	7	bo	51	4.049672352465e4	0.488047034
optical-lens	7	bo	52	4.049672352465e4	0.502736537
optical-lens	7	bo	53	4.049672352465e4	0.518255240
optical-lens	7	bo	54	4.049672352465e4	0.533350502
optical-lens	7	bo	55	4.049672352465e4	0.549697305
optical-lens	7	bo	56	4.049672352465e4	0.566270493
optical-lens	7	bo	57	4.049672352465e4	0.582203606
optical-lens	7	bo	58	4.049672352465e4	0.598903188
optical-lens	7	bo	59	4.049672352465e4	0.616174195
optical-lens	7	bo	60	4.049672352465e4	0.632599891
optical-lens	7	bo	61	4.049672352465e4	0.649098158
optical-lens	7	bo	62	4.049672352465e4	0.666097608
optical-lens	7	bo	63	4.049672352465e4	0.683210890
optical-lens	7	bo	64	4.049672352465e4	0.700156998
optical-lens	7	bo	65	4.049672352465e4	0.716428059
optical-lens	7	bo	66	4.049672352465e4	0.734160347
optical-lens	7	bo	67	4.049672352465e4	0.751147536
optical-lens	7	bo	68	4.049672352465e4	0.771110888
optical-lens	7	bo	69	4.049672352465e4	0.790890536
optical-lens	7	bo	70	4.049672352465e4	0.810912610
optical-lens	7	bo	71	4.049672352465e4	0.831958850
optical-lens	7	bo	72	4.049672352465e4	0.851865161
optical-lens	7	bo	73	4.049672352465e4	0.873119695
optical-lens	7	bo	74	4.049672352465e4	0.896001300
optical-lens	7	bo	75	4.049672352465e4	0.916965157
optical-lens	7	bo	76	4.049672352465e4	0.939635906
optical-lens	7	bo	77	4.049672352465e4	0.963865434
optical-lens	7	bo	78	4.049672352465e4	0.985563310
optical-lens	7	bo	79	4.049672352465e4	1.006274791
optical-lens	7	bo	80	4.049672352465e4	1.028761366
optical-lens	7	bo	81	4.049672352465e4	1.052276766
optical-lens	7	bo	82	4.049672352465e4	1.074185767
optical-lens	7	bo	83	4.049672352465e4	1.098318562
optical-lens	7	bo	84	4.049672352465e4	1.120755906
optical-lens	7	bo	85	4.049672352465e4	1.143130458
optical-lens	7	bo	86	4.049672352465e4	1.167867008
optical-lens	7	bo	87	4.049672352465e4	1.197455098
optical-lens	7	bo	88	4.049672352465e4	1.224540586
optical-lens	7	bo	89	4.049672352465e4	1.247933663
optical-lens	7	bo	90	4.049672352465e4	1.272640752
optical-lens	7	bo	91	4.049672352465e4	1.297549746
optical-lens	7	bo	92	4.049672352465e4	1.322058621
optical-lens	7	bo	93	4.049672352465e4	1.346224237
optical-lens	7	bo	94	4.049672352465e4	1.372922226
optical-lens	7	bo	95	4.049672352465e4	1.400035575
optical-lens	7	bo	96	4.049672352465e4	1.425312919
optical-lens	7	bo	97	4.049672352465e4	1.452864158
optical-lens	7	bo	98	4.049672352465e4	1.481698639
optical-lens	7	bo	99	4.049672352465e4	1.508589332
optical-lens	7	bo	100	4.049672352465e4	1.537936806
optical-lens	7	bo	101	4.049672352465e4	1.566099231
optical-lens	7	bo	102	4.049672352465e4	1.592031661
optical-lens	7	bo	103	4.049672352465e4	1.619565920
optical-lens	7	bo	104	4.049672352465e4	1.649347374
optical-lens	7	bo	105	4.049672352465e4	1.680542844
optical-lens	7	bo	106	4.049672352465e4	1.710564354
optical-lens	7	bo	107	4.049672352465e4	1.740237046
optical-lens	7	bo	108	4.049672352465e4	1.770829870
optical-lens	7	bo	109	4.049672352465e4	1.801255890
optical-lens	7	bo	110	4.049672352465e4	1.833310031
optical-lens	7	bo	111	4.049672352465e4	1.865082204
optical-lens	7	bo	112	4.049672352465e4	1.899084932
optical-lens	7	bo	113	4.049672352465e4	1.934055354
optical-lens	7	bo	114	4.049672352465e4	1.967774436
optical-lens	7	bo	115	4.049672352465e4	2.001598200
optical-lens	7	bo	116	4.049672352465e4	2.036698685
optical-lens	7	bo	117	4.049672352465e4	2.070901188
optical-lens	7	bo	118	4.049672352465e4	2.103786548
optical-lens	7	bo	119	4.049672352465e4	2.141654982
optical-lens	7	bo	120	4.049672352465e4	2.176929961
optical-lens	7	bo	121	4.049672352465e4	2.211415951
optical-lens	7	bo	122	4.049672352465e4	2.244822165
optical-lens	7	bo	123	4.049672352465e4	2.280376572
optical-lens	7	bo	124	4.049672352465e4	2.314732619
optical-lens	7	bo	125	4.049672352465e4	2.352979972
optical-lens	7	bo	126	4.049672352465e4	2.391612215
optical-lens	7	bo	127	4.049672352465e4	2.427604392
optical-lens	7	bo	128	4.049672352465e4	2.463400045
optical-lens	7	bo	129	4.049672352465e4	2.503967395
optical-lens	7	bo	130	4.049672352465e4	2.544936875
optical-lens	7	bo	131	4.049672352465e4	2.587122435
optical-lens	7	bo	132	4.049672352465e4	2.627128461
optical-lens	7	bo	133	4.049672352465e4	2.669793643
optical-lens	7	bo	134	4.049672352465e4	2.714482395
optical-lens	7	bo	135	4.049672352465e4	2.755733322
optical-lens	7	bo	136	4.049672352465e4	2.797512372
optical-lens	7	bo	137	4.049672352465e4	2.841036274
optical-lens	7	bo	138	4.049672352465e4	2.888152915
optical-lens	7	bo	139	4.049672352465e4	2.940946026
optical-lens	7	bo	140	4.049672352465e4	2.986549800
optical-lens	7	bo	141	4.049672352465e4	3.034284296
optical-lens	7	bo	142	4.049672352465e4	3.079528291
optical-lens	7	bo	143	4.049672352465e4	3.128320673
optical-lens	7	bo	144	4.049672352465e4	3.178475469
optical-lens	7	bo	145	4.049672352465e4	3.229355793
optical-lens	7	bo	146	4.049672352465e4	3.281030856
optical-lens	7	bo	147	4.049672352465e4	3.334377391
optical-lens	7	bo	148	4.049672352465e4	3.385261945
optical-lens	7	bo	149	4.049672352465e4	3.434938049
optical-lens	7	bo	150	4.049672352465e4	3.489344229
optical-lens	7	bo	151	4.049672352465e4	3.546212941
optical-lens	7	bo	152	4.049672352465e4	3.599592417
optical-lens	7	bo	153	4.049672352465e4	3.655388232
optical-lens	7	bo	154	4.049672352465e4	3.708920151
optical-lens	7	bo	155	4.049672352465e4	3.766590451
optical-lens	7	bo	156	4.049672352465e4	3.822292082
optical-lens	7	bo	157	4.049672352465e4	3.879833539
optical-lens	7	bo	158	4.049672352465e4	3.935172432
optical-lens	7	bo	159	4.049672352465e4	3.995275102
optical-lens	7	bo	160	4.049672352465e4	4.051133067
optical-lens	8	de	1	9.128709557097e14	0.000012931
optical-lens	8	de	2	9.128709381499e14	0.000013171
optical-lens	8	de	3	9.128709322608e14	0.000013421
optical-lens	8	de	4	7.071067838889e14	0.000013551
optical-lens	8	de	5	7.071067838889e14	0.000013621
optical-lens	8	de	6	7.071067838889e14	0.000013751
optical-lens	8	de	7	7.071067822308e14	0.000013821
optical-lens	8	de	8	7.071067822308e14	0.000013891
optical-lens	8	de	9	7.071067822308e14	0.000013961
optical-lens	8	de	10	7.071067822308e14	0.000014211
optical-lens	8	de	11	7.071067822308e14	0.000014281
optical-lens	8	de	12	7.071067822308e14	0.000014401
optical-lens	8	de	13	7.071067822308e14	0.000014471
optical-lens	8	de	14	7.071067822308e14	0.000014531
optical-lens	8	de	15	7.071067822308e14	0.000014601
optical-lens	8	de	16	7.071067822308e14	0.000014671
optical-lens	8	de	17	7.071067822308e14	0.000021751
optical-lens	8	de	18	7.071067822308e14	0.000021961
optical-lens	8	de	19	7.071067822308e14	0.000022031
optical-lens	8	de	20	7.071067822308e14	0.000022101
optical-lens	8	de	21	7.071067822308e14	0.000022231
optical-lens	8	de	22	7.071067822308e14	0.000022291
optical-lens	8	de	23	7.071067822308e14	0.000022381
optical-lens	8	de	24	7.071067822308e14	0.000022621
optical-lens	8	de	25	7.071067822308e14	0.000022781
optical-lens	8	de	26	7.071067822308e14	0.000022921
optical-lens	8	de	27	7.071067822308e14	0.000022991
optical-lens	8	de	28	7.071067822308e14	0.000023061
optical-lens	8	de	29	7.071067814643e14	0.000023131
optical-lens	8	de	30	7.071067814643e14	0.000023201
optical-lens	8	de	31	7.071067814643e14	0.000023261
optical-lens	8	de	32	7.071067814643e14	0.000023341
optical-lens	8	de	33	7.071067814643e14	0.000032282
optical-lens	8	de	34	7.071067814643e14	0.000032622
optical-lens	8	de	35	8.684586534692e3	0.000032682
optical-lens	8	de	36	5.254395109269e2	0.000032752
optical-lens	8	de	37	5.254395109269e2	0.000032822
optical-lens	8	de	38	5.254395109269e2	0.000032892
optical-lens	8	de	39	5.254395109269e2	0.000032962
optical-lens	8	de	40	5.254395109269e2	0.000033032
optical-lens	8	de	41	5.254395109269e2	0.000033102
optical-lens	8	de	42	5.254395109269e2	0.000033172
optical-lens	8	de	43	5.254395109269e2	0.000033242
optical-lens	8	de	44	5.254395109269e2	0.000033312
optical-lens	8	de	45	5.254395109269e2	0.000033372
optical-lens	8	de	46	5.254395109269e2	0.000033452
optical-lens	8	de	47	5.254395109269e2	0.000033522
optical-lens	8	de	48	5.254395109269e2	0.000033592
optical-lens	8	de	49	5.254395109269e2	0.000035582
optical-lens	8	de	50	5.254395109269e2	0.000035652
optical-lens	8	de	51	5.254395109269e2	0.000035722
optical-lens	8	de	52	5.254395109269e2	0.000035792
optical-lens	8	de	53	5.254395109269e2	0.000035862
optical-lens	8	de	54	5.254395109269e2	0.000035932
optical-lens	8	de	55	5.254395109269e2	0.000035992
optical-lens	8	de	56	5.254395109269e2	0.000036062
optical-lens	8	de	57	5.254395109269e2	0.000036122
optical-lens	8	de	58	5.254395109269e2	0.000036192
optical-lens	8	de	59	5.254395109269e2	0.000036252
optical-lens	8	de	60	5.254395109269e2	0.000036322
optical-lens	8	de	61	5.254395109269e2	0.000036392
optical-lens	8	de	62	5.254395109269e2	0.000036462
optical-lens	8	de	63	5.254395109269e2	0.000036602
optical-lens	8	de	64	5.254395109269e2	0.000036672
optical-lens	8	de	65	5.254395109269e2	0.000038582
optical-lens	8	de	66	5.254395109269e2	0.000038822
optical-lens	8	de	67	5.254395109269e2	0.000038892
optical-lens	8	de	68	5.254395109269e2	0.000038962
optical-lens	8	de	69	5.254395109269e2	0.000039032
optical-lens	8	de	70	5.254395109269e2	0.000039102
optical-lens	8	de	71	5.254395109269e2	0.000039172
optical-lens	8	de	72	5.254395109269e2	0.000039232
optical-lens	8	de	73	5.254395109269e2	0.000039312
optical-lens	8	de	74	5.254395109269e2	0.000039382
optical-lens	8	de	75	5.254395109269e2	0.000039452
optical-lens	8	de	76	5.254395109269e2	0.000039522
optical-lens	8	de	77	5.254395109269e2	0.000039582
optical-lens	8	de	78	5.254395109269e2	0.000039652
optical-lens	8	de	79	5.254395109269e2	0.000039722
optical-lens	8	de	80	5.254395109269e2	0.000039792
optical-lens	8	de	81	5.254395109269e2	0.000042332
optical-lens	8	de	82	5.254395109269e2	0.000042402
optical-lens	8	de	83	5.254395109269e2	0.000042482
optical-lens	8	de	84	5.254395109269e2	0.000042552
optical-lens	8	de	85	5.254395109269e2	0.000042622
optical-lens	8	de	86	5.254395109269e2	0.000042692
optical-lens	8	de	87	5.254395109269e2	0.000042762
optical-lens	8	de	88	5.254395109269e2	0.000042832
optical-lens	8	de	89	5.254395109269e2	0.000042902
optical-lens	8	de	90	5.254395109269e2	0.000042972
optical-lens	8	de	91	5.254395109269e2	0.000043042
optical-lens	8	de	92	5.254395109269e2	0.000043112
optical-lens	8	de	93	5.254395109269e2	0.000043172
optical-lens	8	de	94	5.254395109269e2	0.000043242
optical-lens	8	de	95	5.254395109269e2	0.000043302
optical-lens	8	de	96	5.254395109269e2	0.000043372
optical-lens	8	de	97	5.254395109269e2	0.000045402
optical-lens	8	de	98	5.254395109269e2	0.000045472
optical-lens	8	de	99	5.254395109269e2	0.000045542
optical-lens	8	de	100	5.254395109269e2	0.000045612
optical-lens	8	de	101	5.254395109269e2	0.000045682
optical-lens	8	de	102	5.254395109269e2	0.000045752
optical-lens	8	de	103	5.254395109269e2	0.000045822
optical-lens	8	de	104	5.254395109269e2	0.000045892
optical-lens	8	de	105	5.254395109269e2	0.000045962
optical-lens	8	de	106	5.254395109269e2	0.000046032
optical-lens	8	de	107	5.254395109269e2	0.000046102
optical-lens	8	de	108	5.254395109269e2	0.000046172
optical-lens	8	de	109	5.254395109269e2	0.000046242
optical-lens	8	de	110	5.254395109269e2	0.000046372
optical-lens	8	de	111	5.254395109269e2	0.000046442
optical-lens	8	de	112	5.254395109269e2	0.000046563
optical-lens	8	de	113	5.254395109269e2	0.000049433
optical-lens	8	de	114	5.254395109269e2	0.000049503
optical-lens	8	de	115	5.254395109269e2	0.000049703
optical-lens	8	de	116	5.254395109269e2	0.000049773
optical-lens	8	de	117	5.254395109269e2	0.000049843
optical-lens	8	de	118	5.254395109269e2	0.000049973
optical-lens	8	de	119	5.254395109269e2	0.000050043
optical-lens	8	de	120	5.254395109269e2	0.000050173
optical-lens	8	de	121	5.254395109269e2	0.000050253
optical-lens	8	de	122	5.254395109269e2	0.000050323
optical-lens	8	de	123	5.254395109269e2	0.000050453
optical-lens	8	de	124	5.254395109269e2	0.000050513
optical-lens	8	de	125	5.254395109269e2	0.000050593
optical-lens	8	de	126	5.254395109269e2	0.000051033
optical-lens	8	de	127	5.254395109269e2	0.000051103
optical-lens	8	de	128	5.254395109269e2	0.000051173
optical-lens	8	de	129	5.254395109269e2	0.000054724
optical-lens	8	de	130	5.254395109269e2	0.000054974
optical-lens	8	de	131	5.254395109269e2	0.000055054
optical-lens	8	de	132	5.254395109269e2	0.000055124
optical-lens	8	de	133	5.254395109269e2	0.000055194
optical-lens	8	de	134	5.254395109269e2	0.000055264
optical-lens	8	de	135	5.254395109269e2	0.000055324
optical-lens	8	de	136	5.254395109269e2	0.000055394
optical-lens	8	de	137	5.254395109269e2	0.000055464
optical-lens	8	de	138	5.254395109269e2	0.000055534
optical-lens	8	de	139	5.254395109269e2	0.000055594
optical-lens	8	de	140	5.254395109269e2	0.000055724
optical-lens	8	de	141	5.254395109269e2	0.000055794
optical-lens	8	de	142	5.254395109269e2	0.000055864
optical-lens	8	de	143	5.254395109269e2	0.000055934
optical-lens	8	de	144	5.254395109269e2	0.000056004
optical-lens	8	de	145	5.254395109269e2	0.000058534
optical-lens	8	de	146	5.254395109269e2	0.000058604
optical-lens	8	de	147	5.254395109269e2	0.000058664
optical-lens	8	de	148	5.254395109269e2	0.000058734
optical-lens	8	de	149	5.254395109269e2	0.000058804
optical-lens	8	de	150	5.254395109269e2	0.000058874
optical-lens	8	de	151	5.254395109269e2	0.000058944
optical-lens	8	de	152	5.254395109269e2	0.000059014
optical-lens	8	de	153	5.015670998452e2	0.000059084
optical-lens	8	de	154	5.015670998452e2	0.000059214
optical-lens	8	de	155	5.015670998452e2	0.000059284
optical-lens	8	de	156	5.015670998452e2	0.000059414
optical-lens	8	de	157	5.015670998452e2	0.000059484
optical-lens	8	de	158	5.015670998452e2	0.000059544
optical-lens	8	de	159	5.015670998452e2	0.000059614
optical-lens	8	de	160	5.015670998452e2	0.000059684
optical-lens	8	bo	1	9.128709344415e14	0.027515278
optical-lens	8	bo	2	9.128709344415e14	0.027515568
optical-lens	8	bo	3	9.128709336017e14	0.027515648
optical-lens	8	bo	4	9.128709336017e14	0.027515728
optical-lens	8	bo	5	2.756626857369e5	0.027515808
optical-lens	8	bo	6	2.756626857369e5	0.027515938
optical-lens	8	bo	7	2.756626857369e5	0.027516008
optical-lens	8	bo	8	2.756626857369e5	0.027516088
optical-lens	8	bo	9	2.756626857369e5	0.027516158
optical-lens	8	bo	10	2.756626857369e5	0.027516288
optical-lens	8	bo	11	2.756626857369e5	0.027516368
optical-lens	8	bo	12	2.756626857369e5	0.027516448
optical-lens	8	bo	13	2.756626857369e5	0.027516528
optical-lens	8	bo	14	2.756626857369e5	0.027516598
optical-lens	8	bo	15	2.756626857369e5	0.027516668
optical-lens	8	bo	16	2.756626857369e5	0.027516738
optical-lens	8	bo	17	2.756626857369e5	0.042225450
optical-lens	8	bo	18	2.756626857369e5	0.053365174
optical-lens	8	bo	19	2.756626857369e5	0.064330804
optical-lens	8	bo	20	2.756626857369e5	0.075498549
optical-lens	8	bo	21	2.756626857369e5	0.088191632
optical-lens	8	bo	22	2.441907306415e5	0.100199518
optical-lens	8	bo	23	2.441907306415e5	0.111236329
optical-lens	8	bo	24	2.441907306415e5	0.122465096
optical-lens	8	bo	25	2.441907306415e5	0.134694397
optical-lens	8	bo	26	2.441907306415e5	0.146367555
optical-lens	8	bo	27	2.441907306415e5	0.157818386
optical-lens	8	bo	28	2.441907306415e5	0.169827732
optical-lens	8	bo	29	2.441907306415e5	0.181903060
optical-lens	8	bo	30	2.441907306415e5	0.193952137
optical-lens	8	bo	31	2.441907306415e5	0.205157173
optical-lens	8	bo	32	2.441907306415e5	0.217609850
optical-lens	8	bo	33	2.441907306415e5	0.230079417
optical-lens	8	bo	34	2.441907306415e5	0.242575135
optical-lens	8	bo	35	2.441907306415e5	0.254739255
optical-lens	8	bo	36	1.070598675808e5	0.266982307
optical-lens	8	bo	37	1.070598675808e5	0.279328771
optical-lens	8	bo	38	1.070598675808e5	0.292234689
optical-lens	8	bo	39	1.070598675808e5	0.304732957
optical-lens	8	bo	40	2.685520175647e4	0.316816064
optical-lens	8	bo	41	2.685520175647e4	0.330784848
optical-lens	8	bo	42	2.685520175647e4	0.344167458
optical-lens	8	bo	43	2.685520175647e4	0.358195594
optical-lens	8	bo	44	2.685520175647e4	0.371482372
optical-lens	8	bo	45	2.685520175647e4	0.385110367
optical-lens	8	bo	46	2.685520175647e4	0.399003939
optical-lens	8	bo	47	2.685520175647e4	0.412930552
optical-lens	8	bo	48	2.685520175647e4	0.426877666
optical-lens	8	bo	49	2.685520175647e4	0.441390714
optical-lens	8	bo	50	2.685520175647e4	0.455233965
optical-lens	8	bo	51	2.685520175647e4	0.470022639
optical-lens	8	bo	52	2.685520175647e4	0.484489256
optical-lens	8	bo	53	2.685520175647e4	0.498993023
optical-lens	8	bo	54	2.685520175647e4	0.513881550
optical-lens	8	bo	55	2.685520175647e4	0.528931541
optical-lens	8	bo	56	2.685520175647e4	0.545530170
optical-lens	8	bo	57	2.685520175647e4	0.562399755
optical-lens	8	bo	58	2.685520175647e4	0.578656956
optical-lens	8	bo	59	2.685520175647e4	0.596193898
optical-lens	8	bo	60	2.685520175647e4	0.613990776
optical-lens	8	bo	61	2.685520175647e4	0.630907813
optical-lens	8	bo	62	2.685520175647e4	0.649439679
optical-lens	8	bo	63	2.685520175647e4	0.666809556
optical-lens	8	bo	64	2.685520175647e4	0.684935102
optical-lens	8	bo	65	2.685520175647e4	0.704361150
optical-lens	8	bo	66	2.685520175647e4	0.722943267
optical-lens	8	bo	67	2.685520175647e4	0.741833942
optical-lens	8	bo	68	2.685520175647e4	0.761153127
optical-lens	8	bo	69	2.685520175647e4	0.781098858
optical-lens	8	bo	70	2.685520175647e4	0.800470875
optical-lens	8	bo	71	2.685520175647e4	0.820687263
optical-lens	8	bo	72	2.685520175647e4	0.841484505
optical-lens	8	bo	73	2.685520175647e4	0.861117809
optical-lens	8	bo	74	2.685520175647e4	0.882646108
optical-lens	8	bo	75	2.685520175647e4	0.903634215
optical-lens	8	bo	76	2.685520175647e4	0.923725079
optical-lens	8	bo	77	2.685520175647e4	0.946313605
optical-lens	8	bo	78	2.685520175647e4	0.966365568
optical-lens	8	bo	79	2.685520175647e4	0.986577916
optical-lens	8	bo	80	2.685520175647e4	1.007184643
optical-lens	8	bo	81	2.685520175647e4	1.029446401
optical-lens	8	bo	82	2.685520175647e4	1.050131990
optical-lens	8	bo	83	2.685520175647e4	1.073355952
optical-lens	8	bo	84	2.685520175647e4	1.097308492
optical-lens	8	bo	85	2.685520175647e4	1.121438666
optical-lens	8	bo	86	2.685520175647e4	1.145539009
optical-lens	8	bo	87	2.685520175647e4	1.169300264
optical-lens	8	bo	88	2.685520175647e4	1.196288069
optical-lens	8	bo	89	2.685520175647e4	1.223066538
optical-lens	8	bo	90	2.685520175647e4	1.249982420
optical-lens	8	bo	91	2.685520175647e4	1.276938024
optical-lens	8	bo	92	2.685520175647e4	1.303631501
optical-lens	8	bo	93	2.685520175647e4	1.330013871
optical-lens	8	bo	94	2.685520175647e4	1.356634906
optical-lens	8	bo	95	2.685520175647e4	1.382768810
optical-lens	8	bo	96	2.685520175647e4	1.409639602
optical-lens	8	bo	97	2.685520175647e4	1.435094498
optical-lens	8	bo	98	2.685520175647e4	1.461648202
optical-lens	8	bo	99	2.685520175647e4	1.488514933
optical-lens	8	bo	100	2.685520175647e4	1.516141713
optical-lens	8	bo	101	2.685520175647e4	1.544795708
optical-lens	8	bo	102	2.685520175647e4	1.576796045
optical-lens	8	bo	103	2.685520175647e4	1.606380733
optical-lens	8	bo	104	2.685520175647e4	1.635760126
optical-lens	8	bo	105	2.685520175647e4	1.663799606
optical-lens	8	bo	106	2.685520175647e4	1.692735228
optical-lens	8	bo	107	2.685520175647e4	1.721906416
optical-lens	8	bo	108	2.685520175647e4	1.756894006
optical-lens	8	bo	109	2.685520175647e4	1.788268248
optical-lens	8	bo	110	2.685520175647e4	1.821373433
optical-lens	8	bo	111	2.685520175647e4	1.852081779
optical-lens	8	bo	112	2.685520175647e4	1.882608960
optical-lens	8	bo	113	2.685520175647e4	1.913039149
optical-lens	8	bo	114	2.685520175647e4	1.943875048
optical-lens	8	bo	115	2.685520175647e4	1.976188993
optical-lens	8	bo	116	2.685520175647e4	2.007388681
optical-lens	8	bo	117	2.685520175647e4	2.041312856
optical-lens	8	bo	118	2.685520175647e4	2.073745554
optical-lens	8	bo	119	2.685520175647e4	2.110532499
optical-lens	8	bo	120	2.685520175647e4	2.145377806
optical-lens	8	bo	121	2.685520175647e4	2.182388667
optical-lens	8	bo	122	2.685520175647e4	2.218711291
optical-lens	8	bo	123	2.685520175647e4	2.255711132
optical-lens	8	bo	124	2.685520175647e4	2.293674836
optical-lens	8	bo	125	2.685520175647e4	2.333819634
optical-lens	8	bo	126	2.685520175647e4	2.370207689
optical-lens	8	bo	127	2.685520175647e4	2.407769953
optical-lens	8	bo	128	2.685520175647e4	2.447315906
optical-lens	8	bo	129	2.685520175647e4	2.487401703
optical-lens	8	bo	130	2.685520175647e4	2.530074062
optical-lens	8	bo	131	2.685520175647e4	2.571714806
optical-lens	8	bo	132	2.685520175647e4	2.611824582
optical-lens	8	bo	133	2.685520175647e4	2.652776139
optical-lens	8	bo	134	2.685520175647e4	2.695861559
optical-lens	8	bo	135	2.685520175647e4	2.738693712
optical-lens	8	bo	136	2.685520175647e4	2.781377352
optical-lens	8	bo	137	2.685520175647e4	2.825038775
optical-lens	8	bo	138	2.685520175647e4	2.871750704
optical-lens	8	bo	139	2.685520175647e4	2.919016186
optical-lens	8	bo	140	2.685520175647e4	2.966205027
optical-lens	8	bo	141	2.685520175647e4	3.011261775
optical-lens	8	bo	142	2.685520175647e4	3.061533571
optical-lens	8	bo	143	2.685520175647e4	3.110782472
optical-lens	8	bo	144	2.685520175647e4	3.160200187
optical-lens	8	bo	145	2.685520175647e4	3.208449564
optical-lens	8	bo	146	2.685520175647e4	3.259062329
optical-lens	8	bo	147	2.685520175647e4	3.306293220
optical-lens	8	bo	148	2.685520175647e4	3.357434287
optical-lens	8	bo	149	2.685520175647e4	3.408923373
optical-lens	8	bo	150	2.685520175647e4	3.463783783
optical-lens	8	bo	151	2.685520175647e4	3.516362865
optical-lens	8	bo	152	2.685520175647e4	3.568494177
optical-lens	8	bo	153	2.685520175647e4	3.625286943
optical-lens	8	bo	154	2.685520175647e4	3.678273385
optical-lens	8	bo	155	2.685520175647e4	3.734219000
optical-lens	8	bo	156	2.685520175647e4	3.788263649
optical-lens	8	bo	157	2.685520175647e4	3.845157147
optical-lens	8	bo	158	2.685520175647e4	3.900564779
optical-lens	8	bo	159	2.685520175647e4	3.955935130
optical-lens	8	bo	160	2.685520175647e4	4.014709144
optical-lens	9	de	1	9.128709372914e14	0.000015620
optical-lens	9	de	2	9.128709372914e14	0.000015930
optical-lens	9	de	3	7.071067862955e14	0.000016000
optical-lens	9	de	4	7.071067862955e14	0.000016070
optical-lens	9	de	5	7.071067862955e14	0.000016140
optical-lens	9	de	6	7.071067862955e14	0.000016450
optical-lens	9	de	7	7.071067862955e14	0.000016510
optical-lens	9	de	8	7.071067862955e14	0.000016660
optical-lens	9	de	9	7.071067862955e14	0.000016730
optical-lens	9	de	10	7.071067862955e14	0.000017370
optical-lens	9	de	11	7.071067862955e14	0.000017510
optical-lens	9	de	12	7.071067862955e14	0.000017580
optical-lens	9	de	13	7.071067862955e14	0.000017640
optical-lens	9	de	14	7.071067862955e14	0.000017720
optical-lens	9	de	15	7.071067862955e14	0.000017780
optical-lens	9	de	16	7.071067862955e14	0.000017910
optical-lens	9	de	17	7.071067857054e14	0.000025350
optical-lens	9	de	18	7.071067857054e14	0.000025630
optical-lens	9	de	19	7.071067832967e14	0.000025700
optical-lens	9	de	20	7.071067832967e14	0.000025770
optical-lens	9	de	21	7.071067832967e14	0.000025840
optical-lens	9	de	22	7.071067832967e14	0.000025910
optical-lens	9	de	23	7.071067832967e14	0.000025980
optical-lens	9	de	24	7.071067832967e14	0.000026040
optical-lens	9	de	25	7.071067832967e14	0.000026120
optical-lens	9	de	26	7.071067832967e14	0.000026180
optical-lens	9	de	27	7.071067832967e14	0.000026250
optical-lens	9	de	28	7.071067832967e14	0.000026320
optical-lens	9	de	29	7.071067832967e14	0.000026390
optical-lens	9	de	30	7.071067832967e14	0.000026460
optical-lens	9	de	31	7.071067832967e14	0.000026530
optical-lens	9	de	32	7.071067832967e14	0.000026600
optical-lens	9	de	33	7.071067813602e14	0.000032611
optical-lens	9	de	34	7.071067813602e14	0.000033051
optical-lens	9	de	35	7.071067813602e14	0.000033111
optical-lens	9	de	36	7.071067813602e14	0.000033191
optical-lens	9	de	37	7.071067813602e14	0.000033261
optical-lens	9	de	38	7.071067813602e14	0.000033331
optical-lens	9	de	39	7.071067813602e14	0.000033401
optical-lens	9	de	40	7.071067813602e14	0.000033471
optical-lens	9	de	41	7.071067813602e14	0.000033541
optical-lens	9	de	42	7.071067813602e14	0.000033621
optical-lens	9	de	43	7.071067813602e14	0.000033691
optical-lens	9	de	44	7.071067813602e14	0.000033761
optical-lens	9	de	45	7.071067813602e14	0.000033831
optical-lens	9	de	46	7.071067813602e14	0.000033901
optical-lens	9	de	47	7.071067813602e14	0.000033971
optical-lens	9	de	48	7.071067813602e14	0.000034041
optical-lens	9	de	49	9.677943285346e4	0.000035952
optical-lens	9	de	50	3.431870398305e4	0.000036022
optical-lens	9	de	51	3.431870398305e4	0.000036082
optical-lens	9	de	52	3.431870398305e4	0.000036162
optical-lens	9	de	53	3.431870398305e4	0.000036232
optical-lens	9	de	54	3.431870398305e4	0.000036302
optical-lens	9	de	55	3.431870398305e4	0.000036372
optical-lens	9	de	56	3.431870398305e4	0.000036442
optical-lens	9	de	57	3.431870398305e4	0.000036572
optical-lens	9	de	58	3.431870398305e4	0.000036642
optical-lens	9	de	59	3.431870398305e4	0.000036712
optical-lens	9	de	60	3.431870398305e4	0.000036852
optical-lens	9	de	61	3.431870398305e4	0.000036922
optical-lens	9	de	62	3.431870398305e4	0.000036992
optical-lens	9	de	63	3.431870398305e4	0.000037072
optical-lens	9	de	64	3.431870398305e4	0.000037142
optical-lens	9	de	65	3.228041333953e3	0.000039093
optical-lens	9	de	66	3.228041333953e3	0.000039283
optical-lens	9	de	67	3.228041333953e3	0.000039353
optical-lens	9	de	68	3.228041333953e3	0.000039423
optical-lens	9	de	69	3.228041333953e3	0.000039493
optical-lens	9	de	70	3.228041333953e3	0.000039563
optical-lens	9	de	71	3.228041333953e3	0.000039633
optical-lens	9	de	72	3.228041333953e3	0.000039693
optical-lens	9	de	73	3.228041333953e3	0.000039763
optical-lens	9	de	74	3.228041333953e3	0.000039843
optical-lens	9	de	75	3.228041333953e3	0.000039913
optical-lens	9	de	76	3.228041333953e3	0.000039983
optical-lens	9	de	77	3.228041333953e3	0.000040053
optical-lens	9	de	78	3.228041333953e3	0.000040123
optical-lens	9	de	79	3.228041333953e3	0.000040193
optical-lens	9	de	80	3.228041333953e3	0.000040263
optical-lens	9	de	81	3.228041333953e3	0.000042493
optical-lens	9	de	82	3.228041333953e3	0.000042563
optical-lens	9	de	83	3.228041333953e3	0.000042633
optical-lens	9	de	84	3.228041333953e3	0.000042703
optical-lens	9	de	85	3.228041333953e3	0.000042773
optical-lens	9	de	86	3.228041333953e3	0.000042843
optical-lens	9	de	87	3.228041333953e3	0.000042913
optical-lens	9	de	88	3.228041333953e3	0.000042973
optical-lens	9	de	89	3.228041333953e3	0.000043043
optical-lens	9	de	90	3.228041333953e3	0.000043113
optical-lens	9	de	91	3.228041333953e3	0.000043183
optical-lens	9	de	92	3.228041333953e3	0.000043253
optical-lens	9	de	93	3.228041333953e3	0.000043323
optical-lens	9	de	94	3.228041333953e3	0.000043383
optical-lens	9	de	95	3.228041333953e3	0.000043463
optical-lens	9	de	96	3.228041333953e3	0.000043533
optical-lens	9	de	97	3.228041333953e3	0.000045913
optical-lens	9	de	98	3.228041333953e3	0.000045983
optical-lens	9	de	99	3.228041333953e3	0.000046053
optical-lens	9	de	100	3.228041333953e3	0.000046123
optical-lens	9	de	101	3.228041333953e3	0.000046193
optical-lens	9	de	102	3.228041333953e3	0.000046263
optical-lens	9	de	103	3.228041333953e3	0.000046333
optical-lens	9	de	104	3.228041333953e3	0.000046393
optical-lens	9	de	105	3.228041333953e3	0.000046473
optical-lens	9	de	106	3.228041333953e3	0.000046534
optical-lens	9	de	107	3.228041333953e3	0.000046614
optical-lens	9	de	108	3.228041333953e3	0.000046684
optical-lens	9	de	109	3.228041333953e3	0.000046754
optical-lens	9	de	110	3.228041333953e3	0.000046824
optical-lens	9	de	111	3.228041333953e3	0.000046894
optical-lens	9	de	112	3.228041333953e3	0.000046964
optical-lens	9	de	113	3.228041333953e3	0.000050024
optical-lens	9	de	114	3.228041333953e3	0.000050094
optical-lens	9	de	115	3.228041333953e3	0.000050154
optical-lens	9	de	116	3.228041333953e3	0.000050224
optical-lens	9	de	117	3.228041333953e3	0.000050294
optical-lens	9	de	118	1.429967106701e3	0.000050364
optical-lens	9	de	119	1.429967106701e3	0.000050434
optical-lens	9	de	120	1.429967106701e3	0.000050514
optical-lens	9	de	121	1.429967106701e3	0.000050584
optical-lens	9	de	122	1.429967106701e3	0.000050654
optical-lens	9	de	123	1.429967106701e3	0.000050724
optical-lens	9	de	124	1.429967106701e3	0.000050794
optical-lens	9	de	125	1.429967106701e3	0.000050864
optical-lens	9	de	126	1.429967106701e3	0.000050934
optical-lens	9	de	127	1.429967106701e3	0.000051004
optical-lens	9	de	128	1.429967106701e3	0.000051074
optical-lens	9	de	129	1.429967106701e3	0.000053664
optical-lens	9	de	130	1.429967106701e3	0.000053894
optical-lens	9	de	131	1.227429746407e3	0.000053964
optical-lens	9	de	132	1.227429746407e3	0.000054034
optical-lens	9	de	133	1.227429746407e3	0.000054094
optical-lens	9	de	134	1.227429746407e3	0.000054164
optical-lens	9	de	135	1.227429746407e3	0.000054234
optical-lens	9	de	136	1.227429746407e3	0.000054304
optical-lens	9	de	137	1.227429746407e3	0.000054374
optical-lens	9	de	138	1.227429746407e3	0.000054444
optical-lens	9	de	139	1.227429746407e3	0.000054514
optical-lens	9	de	140	1.227429746407e3	0.000054584
optical-lens	9	de	141	1.227429746407e3	0.000054654
optical-lens	9	de	142	1.227429746407e3	0.000054724
optical-lens	9	de	143	1.227429746407e3	0.000054784
optical-lens	9	de	144	1.227429746407e3	0.000054864
optical-lens	9	de	145	1.227429746407e3	0.000057994
optical-lens	9	de	146	1.227429746407e3	0.000058064
optical-lens	9	de	147	1.227429746407e3	0.000058134
optical-lens	9	de	148	1.227429746407e3	0.000058204
optical-lens	9	de	149	1.227429746407e3	0.000058274
optical-lens	9	de	150	1.227429746407e3	0.000058334
optical-lens	9	de	151	1.227429746407e3	0.000058414
optical-lens	9	de	152	1.227429746407e3	0.000058474
optical-lens	9	de	153	1.227429746407e3	0.000058544
optical-lens	9	de	154	1.227429746407e3	0.000058614
optical-lens	9	de	155	1.227429746407e3	0.000058674
optical-lens	9	de	156	1.227429746407e3	0.000058754
optical-lens	9	de	157	1.227429746407e3	0.000058824
optical-lens	9	de	158	1.227429746407e3	0.000058894
optical-lens	9	de	159	1.227429746407e3	0.000058964
optical-lens	9	de	160	1.227429746407e3	0.000059034
optical-lens	9	bo	1	2.068590248438e5	0.028722966
optical-lens	9	bo	2	2.068590248438e5	0.028723856
optical-lens	9	bo	3	1.075731289389e5	0.028723946
optical-lens	9	bo	4	1.075731289389e5	0.028724026
optical-lens	9	bo	5	1.075731289389e5	0.028724106
optical-lens	9	bo	6	1.075731289389e5	0.028724756
optical-lens	9	bo	7	1.075731289389e5	0.028724836
optical-lens	9	bo	8	1.075731289389e5	0.028724906
optical-lens	9	bo	9	1.075731289389e5	0.028724986
optical-lens	9	bo	10	1.075731289389e5	0.028725406
optical-lens	9	bo	11	1.075731289389e5	0.028726296
optical-lens	9	bo	12	1.075731289389e5	0.028726376
optical-lens	9	bo	13	1.075731289389e5	0.028726466
optical-lens	9	bo	14	1.075731289389e5	0.028726566
optical-lens	9	bo	15	1.075731289389e5	0.028726646
optical-lens	9	bo	16	7.842889241169e4	0.028726726
optical-lens	9	bo	17	7.842889241169e4	0.044620687
optical-lens	9	bo	18	7.842889241169e4	0.056906419
optical-lens	9	bo	19	7.842889241169e4	0.067932280
optical-lens	9	bo	20	7.842889241169e4	0.079304969
optical-lens	9	bo	21	7.842889241169e4	0.093887838
optical-lens	9	bo	22	7.842889241169e4	0.105865782
optical-lens	9	bo	23	7.842889241169e4	0.117869017
optical-lens	9	bo	24	7.842889241169e4	0.131841070
optical-lens	9	bo	25	7.842889241169e4	0.144507261
optical-lens	9	bo	26	7.842889241169e4	0.155719427
optical-lens	9	bo	27	7.842889241169e4	0.166983074
optical-lens	9	bo	28	7.842889241169e4	0.178629191
optical-lens	9	bo	29	7.842889241169e4	0.191308762
optical-lens	9	bo	30	7.842889241169e4	0.203813269
optical-lens	9	bo	31	7.842889241169e4	0.215514476
optical-lens	9	bo	32	7.842889241169e4	0.227979102
optical-lens	9	bo	33	7.842889241169e4	0.241595697
optical-lens	9	bo	34	7.842889241169e4	0.253588891
optical-lens	9	bo	35	7.842889241169e4	0.266705214
optical-lens	9	bo	36	7.842889241169e4	0.278684758
optical-lens	9	bo	37	7.842889241169e4	0.291145704
optical-lens	9	bo	38	7.842889241169e4	0.303920438
optical-lens	9	bo	39	7.842889241169e4	0.317294236
optical-lens	9	bo	40	7.842889241169e4	0.330192433
optical-lens	9	bo	41	7.842889241169e4	0.343923430
optical-lens	9	bo	42	7.842889241169e4	0.357077933
optical-lens	9	bo	43	7.842889241169e4	0.369934258
optical-lens	9	bo	44	7.842889241169e4	0.386042523
optical-lens	9	bo	45	7.842889241169e4	0.400987370
optical-lens	9	bo	46	7.842889241169e4	0.414839270
optical-lens	9	bo	47	7.842889241169e4	0.428493616
optical-lens	9	bo	48	7.842889241169e4	0.442654814
optical-lens	9	bo	49	7.842889241169e4	0.457337325
optical-lens	9	bo	50	7.842889241169e4	0.472409085
optical-lens	9	bo	51	7.842889241169e4	0.488054559
optical-lens	9	bo	52	7.842889241169e4	0.503859398
optical-lens	9	bo	53	7.842889241169e4	0.518753203
optical-lens	9	bo	54	7.842889241169e4	0.534544371
optical-lens	9	bo	55	7.842889241169e4	0.553340753
optical-lens	9	bo	56	7.842889241169e4	0.570117605
optical-lens	9	bo	57	7.842889241169e4	0.587572564
optical-lens	9	bo	58	7.842889241169e4	0.605338441
optical-lens	9	bo	59	7.842889241169e4	0.623564929
optical-lens	9	bo	60	7.842889241169e4	0.638735562
optical-lens	9	bo	61	7.842889241169e4	0.654652203
optical-lens	9	bo	62	7.842889241169e4	0.670972514
optical-lens	9	bo	63	7.842889241169e4	0.687258574
optical-lens	9	bo	64	7.842889241169e4	0.704477647
optical-lens	9	bo	65	7.842889241169e4	0.721872094
optical-lens	9	bo	66	7.842889241169e4	0.739316373
optical-lens	9	bo	67	7.842889241169e4	0.755963312
optical-lens	9	bo	68	7.842889241169e4	0.773695568
optical-lens	9	bo	69	7.842889241169e4	0.791822263
optical-lens	9	bo	70	7.842889241169e4	0.810258676
optical-lens	9	bo	71	7.842889241169e4	0.828751870
optical-lens	9	bo	72	7.842889241169e4	0.848597297
optical-lens	9	bo	73	7.842889241169e4	0.868481306
optical-lens	9	bo	74	7.842889241169e4	0.887338599
optical-lens	9	bo	75	7.842889241169e4	0.906102140
optical-lens	9	bo	76	7.842889241169e4	0.925324202
optical-lens	9	bo	77	7.842889241169e4	0.944919414
optical-lens	9	bo	78	7.842889241169e4	0.965961860
optical-lens	9	bo	79	7.842889241169e4	0.986585267
optical-lens	9	bo	80	7.842889241169e4	1.006983628
optical-lens	9	bo	81	7.842889241169e4	1.029116672
optical-lens	9	bo	82	7.842889241169e4	1.051756038
optical-lens	9	bo	83	7.842889241169e4	1.073679886
optical-lens	9	bo	84	7.842889241169e4	1.099289685
optical-lens	9	bo	85	7.842889241169e4	1.121756467
optical-lens	9	bo	86	7.842889241169e4	1.143743737
optical-lens	9	bo	87	7.842889241169e4	1.167553182
optical-lens	9	bo	88	7.842889241169e4	1.190825254
optical-lens	9	bo	89	7.842889241169e4	1.214258660
optical-lens	9	bo	90	7.842889241169e4	1.239051649
optical-lens	9	bo	91	7.842889241169e4	1.262489655
optical-lens	9	bo	92	7.842889241169e4	1.286749561
optical-lens	9	bo	93	7.842889241169e4	1.311092399
optical-lens	9	bo	94	7.842889241169e4	1.335641201
optical-lens	9	bo	95	7.842889241169e4	1.361741562
optical-lens	9	bo	96	7.842889241169e4	1.387051023
optical-lens	9	bo	97	7.842889241169e4	1.411828512
optical-lens	9	bo	98	7.842889241169e4	1.439373398
optical-lens	9	bo	99	7.842889241169e4	1.466399521
optical-lens	9	bo	100	7.842889241169e4	1.493642050
optical-lens	9	bo	101	7.842889241169e4	1.521823292
optical-lens	9	bo	102	7.842889241169e4	1.551753647
optical-lens	9	bo	103	7.842889241169e4	1.579907198
optical-lens	9	bo	104	7.842889241169e4	1.610412697
optical-lens	9	bo	105	7.842889241169e4	1.638477806
optical-lens	9	bo	106	7.842889241169e4	1.671635850
optical-lens	9	bo	107	7.842889241169e4	1.702187200
optical-lens	9	bo	108	7.842889241169e4	1.736432761
optical-lens	9	bo	109	7.842889241169e4	1.769023901
optical-lens	9	bo	110	7.842889241169e4	1.799035088
optical-lens	9	bo	111	7.842889241169e4	1.830844439
optical-lens	9	bo	112	7.842889241169e4	1.860553168
optical-lens	9	bo	113	7.842889241169e4	1.893941428
optical-lens	9	bo	114	7.842889241169e4	1.926045866
optical-lens	9	bo	115	7.842889241169e4	1.959924317
optical-lens	9	bo	116	7.842889241169e4	1.993887811
optical-lens	9	bo	117	7.842889241169e4	2.025809675
optical-lens	9	bo	118	7.842889241169e4	2.061133532
optical-lens	9	bo	119	7.842889241169e4	2.093199169
optical-lens	9	bo	120	7.842889241169e4	2.127463720
optical-lens	9	bo	121	7.842889241169e4	2.161437274
optical-lens	9	bo	122	7.842889241169e4	2.200420421
optical-lens	9	bo	123	7.842889241169e4	2.237846940
optical-lens	9	bo	124	7.842889241169e4	2.274118050
optical-lens	9	bo	125	7.842889241169e4	2.315487416
optical-lens	9	bo	126	7.842889241169e4	2.352061624
optical-lens	9	bo	127	7.842889241169e4	2.390653801
optical-lens	9	bo	128	7.842889241169e4	2.426491351
optical-lens	9	bo	129	7.842889241169e4	2.470874540
optical-lens	9	bo	130	7.842889241169e4	2.511532247
optical-lens	9	bo	131	7.842889241169e4	2.554500841
optical-lens	9	bo	132	7.842889241169e4	2.595927308
optical-lens	9	bo	133	7.842889241169e4	2.640548093
optical-lens	9	bo	134	7.842889241169e4	2.682606195
optical-lens	9	bo	135	7.842889241169e4	2.724830401
optical-lens	9	bo	136	7.842889241169e4	2.767202081
optical-lens	9	bo	137	7.842889241169e4	2.811086048
optical-lens	9	bo	138	7.842889241169e4	2.855086738
optical-lens	9	bo	139	7.842889241169e4	2.900957833
optical-lens	9	bo	140	7.842889241169e4	2.947371202
optical-lens	9	bo	141	7.842889241169e4	2.996705393
optical-lens	9	bo	142	7.842889241169e4	3.043251165
optical-lens	9	bo	143	7.842889241169e4	3.091817557
optical-lens	9	bo	144	7.842889241169e4	3.140373678
optical-lens	9	bo	145	7.842889241169e4	3.195204674
optical-lens	9	bo	146	7.842889241169e4	3.247777444
optical-lens	9	bo	147	7.842889241169e4	3.302243821
optical-lens	9	bo	148	7.842889241169e4	3.357323902
optical-lens	9	bo	149	7.842889241169e4	3.408246361
optical-lens	9	bo	150	7.842889241169e4	3.462734657
optical-lens	9	bo	151	7.842889241169e4	3.513025990
optical-lens	9	bo	152	7.842889241169e4	3.568115252
optical-lens	9	bo	153	7.842889241169e4	3.619382259
optical-lens	9	bo	154	7.842889241169e4	3.677447324
optical-lens	9	bo	155	7.842889241169e4	3.732231767
optical-lens	9	bo	156	7.842889241169e4	3.782706525
optical-lens	9	bo	157	7.842889241169e4	3.835943270
optical-lens	9	bo	158	7.842889241169e4	3.893630035
optical-lens	9	bo	159	7.842889241169e4	3.949719291
optical-lens	9	bo	160	7.842889241169e4	4.012744337
optical-lens	10	de	1	9.128709397657e14	0.000016090
optical-lens	10	de	2	9.128709395588e14	0.000016450
optical-lens	10	de	3	9.128709384077e14	0.000016550
optical-lens	10	de	4	9.128709384077e14	0.000016710
optical-lens	10	de	5	9.128709384077e14	0.000016780
optical-lens	10	de	6	7.071067871868e14	0.000017110
optical-lens	10	de	7	7.071067871868e14	0.000017270
optical-lens	10	de	8	7.071067871868e14	0.000017350
optical-lens	10	de	9	7.071067871868e14	0.000017450
optical-lens	10	de	10	7.071067871868e14	0.000018070
optical-lens	10	de	11	7.071067871868e14	0.000018140
optical-lens	10	de	12	7.071067871868e14	0.000018300
optical-lens	10	de	13	7.071067871868e14	0.000018450
optical-lens	10	de	14	7.071067871868e14	0.000018520
optical-lens	10	de	15	7.071067871868e14	0.000018590
optical-lens	10	de	16	7.071067871868e14	0.000018660
optical-lens	10	de	17	7.071067871868e14	0.000028520
optical-lens	10	de	18	7.071067871868e14	0.000029270
optical-lens	10	de	19	7.071067871831e14	0.000029340
optical-lens	10	de	20	7.071067871831e14	0.000029410
optical-lens	10	de	21	7.071067871831e14	0.000029480
optical-lens	10	de	22	7.071067871420e14	0.000029550
optical-lens	10	de	23	7.071067871420e14	0.000029621
optical-lens	10	de	24	7.071067871420e14	0.000029681
optical-lens	10	de	25	7.071067871420e14	0.000029751
optical-lens	10	de	26	7.071067871420e14	0.000029891
optical-lens	10	de	27	7.071067871420e14	0.000029961
optical-lens	10	de	28	7.071067871420e14	0.000030041
optical-lens	10	de	29	7.071067871420e14	0.000030171
optical-lens	10	de	30	7.071067871420e14	0.000030241
optical-lens	10	de	31	7.071067871420e14	0.000030311
optical-lens	10	de	32	7.071067871420e14	0.000030591
optical-lens	10	de	33	7.071067871420e14	0.000041132
optical-lens	10	de	34	7.071067871420e14	0.000041862
optical-lens	10	de	35	7.071067871420e14	0.000041932
optical-lens	10	de	36	7.071067871420e14	0.000042002
optical-lens	10	de	37	7.071067871420e14	0.000042072
optical-lens	10	de	38	7.071067871420e14	0.000042142
optical-lens	10	de	39	7.071067871420e14	0.000042212
optical-lens	10	de	40	7.071067871420e14	0.000042272
optical-lens	10	de	41	7.071067871420e14	0.000042342
optical-lens	10	de	42	7.071067871420e14	0.000042412
optical-lens	10	de	43	7.071067871420e14	0.000042482
optical-lens	10	de	44	7.071067871420e14	0.000042552
optical-lens	10	de	45	7.071067871420e14	0.000042612
optical-lens	10	de	46	7.071067871420e14	0.000042692
optical-lens	10	de	47	7.071067871420e14	0.000042762
optical-lens	10	de	48	7.071067855580e14	0.000042832
optical-lens	10	de	49	7.071067855580e14	0.000045562
optical-lens	10	de	50	7.071067855580e14	0.000045632
optical-lens	10	de	51	7.071067855580e14	0.000045702
optical-lens	10	de	52	7.071067855580e14	0.000045872
optical-lens	10	de	53	7.071067855580e14	0.000045942
optical-lens	10	de	54	7.071067855580e14	0.000046012
optical-lens	10	de	55	7.071067855580e14	0.000046282
optical-lens	10	de	56	7.071067855580e14	0.000046522
optical-lens	10	de	57	7.071067855580e14	0.000046842
optical-lens	10	de	58	7.071067850968e14	0.000047202
optical-lens	10	de	59	7.071067850968e14	0.000047272
optical-lens	10	de	60	7.071067850968e14	0.000047432
optical-lens	10	de	61	7.071067850968e14	0.000047502
optical-lens	10	de	62	7.071067850968e14	0.000047572
optical-lens	10	de	63	7.071067850968e14	0.000047802
optical-lens	10	de	64	7.071067850968e14	0.000048112
optical-lens	10	de	65	7.071067850968e14	0.000061332
optical-lens	10	de	66	7.071067850968e14	0.000062222
optical-lens	10	de	67	7.071067845161e14	0.000062292
optical-lens	10	de	68	7.071067845161e14	0.000062362
optical-lens	10	de	69	7.071067845161e14	0.000062422
optical-lens	10	de	70	7.071067834792e14	0.000062502
optical-lens	10	de	71	7.071067832355e14	0.000062572
optical-lens	10	de	72	7.071067832355e14	0.000062642
optical-lens	10	de	73	7.071067832355e14	0.000062712
optical-lens	10	de	74	7.071067832355e14	0.000062782
optical-lens	10	de	75	7.071067832355e14	0.000062852
optical-lens	10	de	76	7.071067832355e14	0.000062922
optical-lens	10	de	77	7.071067830141e14	0.000063152
optical-lens	10	de	78	7.071067830141e14	0.000063442
optical-lens	10	de	79	7.071067830141e14	0.000063602
optical-lens	10	de	80	1.909075546426e5	0.000063822
optical-lens	10	de	81	1.909075546426e5	0.000076172
optical-lens	10	de	82	1.909075546426e5	0.000076402
optical-lens	10	de	83	1.909075546426e5	0.000076472
optical-lens	10	de	84	1.909075546426e5	0.000076672
optical-lens	10	de	85	1.909075546426e5	0.000076742
optical-lens	10	de	86	1.909075546426e5	0.000076952
optical-lens	10	de	87	1.909075546426e5	0.000077142
optical-lens	10	de	88	1.909075546426e5	0.000077212
optical-lens	10	de	89	1.909075546426e5	0.000077282
optical-lens	10	de	90	1.909075546426e5	0.000077462
optical-lens	10	de	91	1.909075546426e5	0.000077522
optical-lens	10	de	92	1.909075546426e5	0.000077602
optical-lens	10	de	93	1.909075546426e5	0.000077672
optical-lens	10	de	94	1.909075546426e5	0.000077912
optical-lens	10	de	95	1.834846269134e5	0.000078142
optical-lens	10	de	96	1.834846269134e5	0.000078222
optical-lens	10	de	97	1.834846269134e5	0.000084042
optical-lens	10	de	98	1.834846269134e5	0.000084172
optical-lens	10	de	99	1.834846269134e5	0.000084252
optical-lens	10	de	100	1.590681296604e5	0.000084422
optical-lens	10	de	101	1.590681296604e5	0.000084492
optical-lens	10	de	102	1.590681296604e5	0.000084562
optical-lens	10	de	103	1.590681296604e5	0.000084632
optical-lens	10	de	104	1.590681296604e5	0.000084872
optical-lens	10	de	105	1.590681296604e5	0.000085022
optical-lens	10	de	106	1.590681296604e5	0.000085162
optical-lens	10	de	107	1.590681296604e5	0.000085232
optical-lens	10	de	108	1.590681296604e5	0.000085382
optical-lens	10	de	109	1.590681296604e5	0.000085452
optical-lens	10	de	110	1.590681296604e5	0.000085532
optical-lens	10	de	111	1.590681296604e5	0.000085662
optical-lens	10	de	112	1.590681296604e5	0.000085812
optical-lens	10	de	113	1.590681296604e5	0.000090492
optical-lens	10	de	114	1.590681296604e5	0.000090632
optical-lens	10	de	115	1.590681296604e5	0.000090702
optical-lens	10	de	116	1.590681296604e5	0.000090852
optical-lens	10	de	117	1.590681296604e5	0.000090922
optical-lens	10	de	118	1.590681296604e5	0.000090992
optical-lens	10	de	119	1.590681296604e5	0.000091112
optical-lens	10	de	120	1.590681296604e5	0.000091182
optical-lens	10	de	121	1.590681296604e5	0.000091252
optical-lens	10	de	122	1.590681296604e5	0.000091322
optical-lens	10	de	123	1.590681296604e5	0.000091392
optical-lens	10	de	124	1.590681296604e5	0.000091542
optical-lens	10	de	125	1.590681296604e5	0.000091622
optical-lens	10	de	126	1.590681296604e5	0.000091692
optical-lens	10	de	127	1.590681296604e5	0.000091762
optical-lens	10	de	128	1.562237722277e5	0.000091832
optical-lens	10	de	129	1.562237722277e5	0.000094982
optical-lens	10	de	130	1.562237722277e5	0.000095802
optical-lens	10	de	131	1.562237722277e5	0.000095872
optical-lens	10	de	132	1.562237722277e5	0.000095942
optical-lens	10	de	133	1.546655024104e5	0.000096012
optical-lens	10	de	134	1.546655024104e5	0.000096082
optical-lens	10	de	135	1.124955389756e5	0.000096142
optical-lens	10	de	136	1.124955389756e5	0.000096292
optical-lens	10	de	137	1.124955389756e5	0.000096362
optical-lens	10	de	138	1.124955389756e5	0.000096502
optical-lens	10	de	139	1.124955389756e5	0.000096572
optical-lens	10	de	140	1.124955389756e5	0.000096642
optical-lens	10	de	141	1.124955389756e5	0.000096792
optical-lens	10	de	142	1.124955389756e5	0.000096862
optical-lens	10	de	143	1.124955389756e5	0.000096932
optical-lens	10	de	144	1.124955389756e5	0.000097072
optical-lens	10	de	145	1.124955389756e5	0.000100962
optical-lens	10	de	146	1.124955389756e5	0.000101122
optical-lens	10	de	147	9.903391629935e4	0.000101202
optical-lens	10	de	148	9.903391629935e4	0.000101272
optical-lens	10	de	149	6.229882876315e4	0.000101412
optical-lens	10	de	150	6.229882876315e4	0.000101482
optical-lens	10	de	151	6.229882876315e4	0.000101552
optical-lens	10	de	152	6.229882876315e4	0.000101752
optical-lens	10	de	153	6.229882876315e4	0.000101822
optical-lens	10	de	154	6.229882876315e4	0.000101962
optical-lens	10	de	155	6.229882876315e4	0.000102032
optical-lens	10	de	156	6.229882876315e4	0.000102102
optical-lens	10	de	157	6.229882876315e4	0.000102242
optical-lens	10	de	158	6.229882876315e4	0.000102312
optical-lens	10	de	159	6.229882876315e4	0.000102382
optical-lens	10	de	160	6.229882876315e4	0.000102522
optical-lens	10	bo	1	1.326932647339e5	0.028036397
optical-lens	10	bo	2	1.326932647339e5	0.028036867
optical-lens	10	bo	3	1.326932647339e5	0.028036947
optical-lens	10	bo	4	1.326932647339e5	0.028037107
optical-lens	10	bo	5	1.326932647339e5	0.028037187
optical-lens	10	bo	6	1.326932647339e5	0.028037427
optical-lens	10	bo	7	1.326932647339e5	0.028037507
optical-lens	10	bo	8	1.326932647339e5	0.028037587
optical-lens	10	bo	9	1.326932647339e5	0.028037657
optical-lens	10	bo	10	1.326932647339e5	0.028038297
optical-lens	10	bo	11	1.326932647339e5	0.028038377
optical-lens	10	bo	12	1.326932647339e5	0.028038587
optical-lens	10	bo	13	1.326932647339e5	0.028038667
optical-lens	10	bo	14	1.326932647339e5	0.028038727
optical-lens	10	bo	15	1.326932647339e5	0.028038807
optical-lens	10	bo	16	1.326932647339e5	0.028038887
optical-lens	10	bo	17	1.326932647339e5	0.044408349
optical-lens	10	bo	18	1.326932647339e5	0.056682290
optical-lens	10	bo	19	1.326932647339e5	0.067647978
optical-lens	10	bo	20	1.326932647339e5	0.078313630
optical-lens	10	bo	21	1.326932647339e5	0.091676318
optical-lens	10	bo	22	1.326932647339e5	0.106446780
optical-lens	10	bo	23	1.326932647339e5	0.116989649
optical-lens	10	bo	24	1.326932647339e5	0.127899706
optical-lens	10	bo	25	1.326932647339e5	0.140071695
optical-lens	10	bo	26	1.326932647339e5	0.153377261
optical-lens	10	bo	27	1.326932647339e5	0.165081648
optical-lens	10	bo	28	1.326932647339e5	0.176699503
optical-lens	10	bo	29	1.326932647339e5	0.187925628
optical-lens	10	bo	30	1.326932647339e5	0.199785009
optical-lens	10	bo	31	1.326932647339e5	0.211241960
optical-lens	10	bo	32	1.326932647339e5	0.223429249
optical-lens	10	bo	33	1.326932647339e5	0.236558161
optical-lens	10	bo	34	1.326932647339e5	0.249315404
optical-lens	10	bo	35	1.326932647339e5	0.261311958
optical-lens	10	bo	36	1.326932647339e5	0.273719793
optical-lens	10	bo	37	1.326932647339e5	0.286840664
optical-lens	10	bo	38	1.326932647339e5	0.300894299
optical-lens	10	bo	39	1.326932647339e5	0.313949379
optical-lens	10	bo	40	1.326932647339e5	0.326692541
optical-lens	10	bo	41	1.326932647339e5	0.339678859
optical-lens	10	bo	42	1.326932647339e5	0.353342584
optical-lens	10	bo	43	1.326932647339e5	0.367829059
optical-lens	10	bo	44	1.326932647339e5	0.381513104
optical-lens	10	bo	45	1.326932647339e5	0.397182038
optical-lens	10	bo	46	1.326932647339e5	0.412374711
optical-lens	10	bo	47	1.326932647339e5	0.426904798
optical-lens	10	bo	48	1.326932647339e5	0.443177897
optical-lens	10	bo	49	1.326932647339e5	0.458903823
optical-lens	10	bo	50	1.326932647339e5	0.476239948
optical-lens	10	bo	51	1.326932647339e5	0.494347022
optical-lens	10	bo	52	1.326932647339e5	0.511177254
optical-lens	10	bo	53	1.326932647339e5	0.529040712
optical-lens	10	bo	54	1.326932647339e5	0.544091141
optical-lens	10	bo	55	1.326932647339e5	0.559649533
optical-lens	10	bo	56	1.326932647339e5	0.576545257
optical-lens	10	bo	57	1.326932647339e5	0.593363609
optical-lens	10	bo	58	1.326932647339e5	0.609852313
optical-lens	10	bo	59	1.326932647339e5	0.626258166
optical-lens	10	bo	60	1.326932647339e5	0.644787440
optical-lens	10	bo	61	1.326932647339e5	0.662005912
optical-lens	10	bo	62	1.326932647339e5	0.679390518
optical-lens	10	bo	63	1.326932647339e5	0.696224741
optical-lens	10	bo	64	1.326932647339e5	0.714878758
optical-lens	10	bo	65	1.326932647339e5	0.737532673
optical-lens	10	bo	66	1.326932647339e5	0.755308499
optical-lens	10	bo	67	1.326932647339e5	0.774708865
optical-lens	10	bo	68	1.326932647339e5	0.796245344
optical-lens	10	bo	69	1.326932647339e5	0.814871210
optical-lens	10	bo	70	1.326932647339e5	0.833572509
optical-lens	10	bo	71	1.326932647339e5	0.853361364
optical-lens	10	bo	72	1.326932647339e5	0.874111702
optical-lens	10	bo	73	1.326932647339e5	0.892981064
optical-lens	10	bo	74	1.326932647339e5	0.916274105
optical-lens	10	bo	75	1.326932647339e5	0.936249915
optical-lens	10	bo	76	1.326932647339e5	0.956085051
optical-lens	10	bo	77	1.326932647339e5	0.980715595
optical-lens	10	bo	78	8.115188806678e4	1.006814465
optical-lens	10	bo	79	8.115188806678e4	1.029751567
optical-lens	10	bo	80	8.115188806678e4	1.051389777
optical-lens	10	bo	81	8.115188806678e4	1.073526249
optical-lens	10	bo	82	8.115188806678e4	1.094559585
optical-lens	10	bo	83	8.115188806678e4	1.116629626
optical-lens	10	bo	84	8.115188806678e4	1.138491102
optical-lens	10	bo	85	8.115188806678e4	1.161650320
optical-lens	10	bo	86	8.115188806678e4	1.184959882
optical-lens	10	bo	87	8.115188806678e4	1.206851108
optical-lens	10	bo	88	8.115188806678e4	1.232105027
optical-lens	10	bo	89	8.115188806678e4	1.256746791
optical-lens	10	bo	90	8.115188806678e4	1.282133153
optical-lens	10	bo	91	8.115188806678e4	1.305801083
optical-lens	10	bo	92	8.115188806678e4	1.330556059
optical-lens	10	bo	93	8.115188806678e4	1.353893711
optical-lens	10	bo	94	8.115188806678e4	1.381384714
optical-lens	10	bo	95	8.115188806678e4	1.406042778
optical-lens	10	bo	96	8.115188806678e4	1.431928183
optical-lens	10	bo	97	8.115188806678e4	1.458199747
optical-lens	10	bo	98	8.115188806678e4	1.484374658
optical-lens	10	bo	99	8.115188806678e4	1.511341228
optical-lens	10	bo	100	8.115188806678e4	1.537608292
optical-lens	10	bo	101	8.115188806678e4	1.567159786
optical-lens	10	bo	102	8.115188806678e4	1.593923762
optical-lens	10	bo	103	8.115188806678e4	1.622528013
optical-lens	10	bo	104	8.115188806678e4	1.650975540
optical-lens	10	bo	105	8.115188806678e4	1.682608615
optical-lens	10	bo	106	8.115188806678e4	1.713152264
optical-lens	10	bo	107	8.115188806678e4	1.742125104
optical-lens	10	bo	108	8.115188806678e4	1.773233036
optical-lens	10	bo	109	8.115188806678e4	1.804005260
optical-lens	10	bo	110	8.115188806678e4	1.836504386
optical-lens	10	bo	111	8.115188806678e4	1.868291654
optical-lens	10	bo	112	8.115188806678e4	1.902814040
optical-lens	10	bo	113	8.115188806678e4	1.933939382
optical-lens	10	bo	114	8.115188806678e4	1.967855933
optical-lens	10	bo	115	8.115188806678e4	2.003272801
optical-lens	10	bo	116	8.115188806678e4	2.038280549
optical-lens	10	bo	117	8.115188806678e4	2.074222340
optical-lens	10	bo	118	8.115188806678e4	2.109814722
optical-lens	10	bo	119	8.115188806678e4	2.146143222
optical-lens	10	bo	120	8.115188806678e4	2.183487046
optical-lens	10	bo	121	8.115188806678e4	2.221747823
optical-lens	10	bo	122	8.115188806678e4	2.259366624
optical-lens	10	bo	123	2.467735123021e4	2.301048435
optical-lens	10	bo	124	2.467735123021e4	2.338915932
optical-lens	10	bo	125	2.467735123021e4	2.379191918
optical-lens	10	bo	126	2.467735123021e4	2.421833522
optical-lens	10	bo	127	2.467735123021e4	2.462346754
optical-lens	10	bo	128	2.467735123021e4	2.500667073
optical-lens	10	bo	129	2.467735123021e4	2.543508292
optical-lens	10	bo	130	2.467735123021e4	2.586783522
optical-lens	10	bo	131	2.467735123021e4	2.626839333
optical-lens	10	bo	132	2.467735123021e4	2.671321062
optical-lens	10	bo	133	2.467735123021e4	2.715559605
optical-lens	10	bo	134	2.467735123021e4	2.761879309
optical-lens	10	bo	135	2.467735123021e4	2.806512982
optical-lens	10	bo	136	2.467735123021e4	2.852506978
optical-lens	10	bo	137	2.467735123021e4	2.897869989
optical-lens	10	bo	138	2.467735123021e4	2.945480985
optical-lens	10	bo	139	2.467735123021e4	2.990095687
optical-lens	10	bo	140	2.467735123021e4	3.037731594
optical-lens	10	bo	141	2.467735123021e4	3.085814691
optical-lens	10	bo	142	2.467735123021e4	3.133134110
optical-lens	10	bo	143	2.467735123021e4	3.181454323
optical-lens	10	bo	144	2.467735123021e4	3.229071998
optical-lens	10	bo	145	2.467735123021e4	3.281394649
optical-lens	10	bo	146	2.467735123021e4	3.332121641
optical-lens	10	bo	147	2.467735123021e4	3.385840006
optical-lens	10	bo	148	2.467735123021e4	3.440647437
optical-lens	10	bo	149	2.467735123021e4	3.494961046
optical-lens	10	bo	150	2.467735123021e4	3.547269567
optical-lens	10	bo	151	2.467735123021e4	3.601692589
optical-lens	10	bo	152	2.467735123021e4	3.653731962
optical-lens	10	bo	153	2.467735123021e4	3.706934434
optical-lens	10	bo	154	2.467735123021e4	3.762011672
optical-lens	10	bo	155	2.467735123021e4	3.816187428
optical-lens	10	bo	156	2.467735123021e4	3.871634945
optical-lens	10	bo	157	2.467735123021e4	3.928898946
optical-lens	10	bo	158	2.467735123021e4	3.988608638
optical-lens	10	bo	159	2.467735123021e4	4.046659769
optical-lens	10	bo	160	2.467735123021e4	4.106334169
optical-lens	11	de	1	3.012845760224e5	0.000019291
optical-lens	11	de	2	2.936407457493e5	0.000019591
optical-lens	11	de	3	2.936407457493e5	0.000019681
optical-lens	11	de	4	2.914193922498e5	0.000019741
optical-lens	11	de	5	2.605810513156e5	0.000019821
optical-lens	11	de	6	2.605810513156e5	0.000020111
optical-lens	11	de	7	2.605810513156e5	0.000020171
optical-lens	11	de	8	2.605810513156e5	0.000020381
optical-lens	11	de	9	2.605810513156e5	0.000020481
optical-lens	11	de	10	2.605810513156e5	0.000020611
optical-lens	11	de	11	2.605810513156e5	0.000020691
optical-lens	11	de	12	2.605810513156e5	0.000020771
optical-lens	11	de	13	2.605810513156e5	0.000020871
optical-lens	11	de	14	2.605810513156e5	0.000021011
optical-lens	11	de	15	2.605810513156e5	0.000021131
optical-lens	11	de	16	2.605810513156e5	0.000021311
optical-lens	11	de	17	2.605810513156e5	0.000027711
optical-lens	11	de	18	2.605810513156e5	0.000027881
optical-lens	11	de	19	2.605810513156e5	0.000027961
optical-lens	11	de	20	2.587715038127e5	0.000028051
optical-lens	11	de	21	2.587715038127e5	0.000028201
optical-lens	11	de	22	2.587715038127e5	0.000028291
optical-lens	11	de	23	2.587715038127e5	0.000028411
optical-lens	11	de	24	2.587715038127e5	0.000028501
optical-lens	11	de	25	2.587715038127e5	0.000028561
optical-lens	11	de	26	2.587715038127e5	0.000028641
optical-lens	11	de	27	2.399239382092e5	0.000028711
optical-lens	11	de	28	2.399239382092e5	0.000028781
optical-lens	11	de	29	2.399239382092e5	0.000028851
optical-lens	11	de	30	2.399239382092e5	0.000028921
optical-lens	11	de	31	2.399239382092e5	0.000028991
optical-lens	11	de	32	2.399239382092e5	0.000029191
optical-lens	11	de	33	2.197625307844e5	0.000039421
optical-lens	11	de	34	1.331999854203e5	0.000039961
optical-lens	11	de	35	1.331999854203e5	0.000040031
optical-lens	11	de	36	1.331999854203e5	0.000040101
optical-lens	11	de	37	1.331999854203e5	0.000040171
optical-lens	11	de	38	1.331999854203e5	0.000040241
optical-lens	11	de	39	1.331999854203e5	0.000040311
optical-lens	11	de	40	1.331999854203e5	0.000040381
optical-lens	11	de	41	1.331999854203e5	0.000040451
optical-lens	11	de	42	1.331999854203e5	0.000040521
optical-lens	11	de	43	1.331999854203e5	0.000040591
optical-lens	11	de	44	1.149441677222e5	0.000040681
optical-lens	11	de	45	1.149441677222e5	0.000040761
optical-lens	11	de	46	1.149441677222e5	0.000041211
optical-lens	11	de	47	1.149441677222e5	0.000041351
optical-lens	11	de	48	1.149441677222e5	0.000041421
optical-lens	11	de	49	1.149441677222e5	0.000050021
optical-lens	11	de	50	9.002035898474e4	0.000050091
optical-lens	11	de	51	1.873376592987e4	0.000050161
optical-lens	11	de	52	1.873376592987e4	0.000050231
optical-lens	11	de	53	1.873376592987e4	0.000050301
optical-lens	11	de	54	1.873376592987e4	0.000050371
optical-lens	11	de	55	1.873376592987e4	0.000050441
optical-lens	11	de	56	1.873376592987e4	0.000050511
optical-lens	11	de	57	3.193464273532e2	0.000050571
optical-lens	11	de	58	3.193464273532e2	0.000050711
optical-lens	11	de	59	3.193464273532e2	0.000050771
optical-lens	11	de	60	3.193464273532e2	0.000050851
optical-lens	11	de	61	3.193464273532e2	0.000050921
optical-lens	11	de	62	3.193464273532e2	0.000050991
optical-lens	11	de	63	3.193464273532e2	0.000051061
optical-lens	11	de	64	3.193464273532e2	0.000051201
optical-lens	11	de	65	3.193464273532e2	0.000057261
optical-lens	11	de	66	3.193464273532e2	0.000057961
optical-lens	11	de	67	3.193464273532e2	0.000058031
optical-lens	11	de	68	3.193464273532e2	0.000058091
optical-lens	11	de	69	3.193464273532e2	0.000058161
optical-lens	11	de	70	3.193464273532e2	0.000058241
optical-lens	11	de	71	3.193464273532e2	0.000058311
optical-lens	11	de	72	3.193464273532e2	0.000058381
optical-lens	11	de	73	3.193464273532e2	0.000058451
optical-lens	11	de	74	3.193464273532e2	0.000058511
optical-lens	11	de	75	3.193464273532e2	0.000058591
optical-lens	11	de	76	3.193464273532e2	0.000058661
optical-lens	11	de	77	3.193464273532e2	0.000058731
optical-lens	11	de	78	3.193464273532e2	0.000058801
optical-lens	11	de	79	3.193464273532e2	0.000058871
optical-lens	11	de	80	3.193464273532e2	0.000058941
optical-lens	11	de	81	3.193464273532e2	0.000063671
optical-lens	11	de	82	3.193464273532e2	0.000063741
optical-lens	11	de	83	3.193464273532e2	0.000064011
optical-lens	11	de	84	3.193464273532e2	0.000064161
optical-lens	11	de	85	3.193464273532e2	0.000064311
optical-lens	11	de	86	3.193464273532e2	0.000064371
optical-lens	11	de	87	3.193464273532e2	0.000064531
optical-lens	11	de	88	3.193464273532e2	0.000064601
optical-lens	11	de	89	3.193464273532e2	0.000064751
optical-lens	11	de	90	3.193464273532e2	0.000064911
optical-lens	11	de	91	3.193464273532e2	0.000064991
optical-lens	11	de	92	3.193464273532e2	0.000065061
optical-lens	11	de	93	1.872072744597e2	0.000065221
optical-lens	11	de	94	1.872072744597e2	0.000065381
optical-lens	11	de	95	1.872072744597e2	0.000065441
optical-lens	11	de	96	1.872072744597e2	0.000065521
optical-lens	11	de	97	1.872072744597e2	0.000070171
optical-lens	11	de	98	1.872072744597e2	0.000070241
optical-lens	11	de	99	1.872072744597e2	0.000070301
optical-lens	11	de	100	1.872072744597e2	0.000070381
optical-lens	11	de	101	1.872072744597e2	0.000070461
optical-lens	11	de	102	1.872072744597e2	0.000070531
optical-lens	11	de	103	1.872072744597e2	0.000070601
optical-lens	11	de	104	1.872072744597e2	0.000070671
optical-lens	11	de	105	1.872072744597e2	0.000070741
optical-lens	11	de	106	1.872072744597e2	0.000070811
optical-lens	11	de	107	1.872072744597e2	0.000070881
optical-lens	11	de	108	1.872072744597e2	0.000070951
optical-lens	11	de	109	1.872072744597e2	0.000071021
optical-lens	11	de	110	1.872072744597e2	0.000071091
optical-lens	11	de	111	1.872072744597e2	0.000071151
optical-lens	11	de	112	1.872072744597e2	0.000071221
optical-lens	11	de	113	1.872072744597e2	0.000075631
optical-lens	11	de	114	1.872072744597e2	0.000075701
optical-lens	11	de	115	1.872072744597e2	0.000075781
optical-lens	11	de	116	1.872072744597e2	0.000075851
optical-lens	11	de	117	1.872072744597e2	0.000075911
optical-lens	11	de	118	1.872072744597e2	0.000075971
optical-lens	11	de	119	1.872072744597e2	0.000076041
optical-lens	11	de	120	1.872072744597e2	0.000076111
optical-lens	11	de	121	1.872072744597e2	0.000076181
optical-lens	11	de	122	1.872072744597e2	0.000076251
optical-lens	11	de	123	1.872072744597e2	0.000076321
optical-lens	11	de	124	1.872072744597e2	0.000076391
optical-lens	11	de	125	1.872072744597e2	0.000076461
optical-lens	11	de	126	1.872072744597e2	0.000076611
optical-lens	11	de	127	1.872072744597e2	0.000076691
optical-lens	11	de	128	1.872072744597e2	0.000076761
optical-lens	11	de	129	1.872072744597e2	0.000079752
optical-lens	11	de	130	1.872072744597e2	0.000080732
optical-lens	11	de	131	1.872072744597e2	0.000080792
optical-lens	11	de	132	1.872072744597e2	0.000080852
optical-lens	11	de	133	1.872072744597e2	0.000080922
optical-lens	11	de	134	1.872072744597e2	0.000080992
optical-lens	11	de	135	1.872072744597e2	0.000081062
optical-lens	11	de	136	1.872072744597e2	0.000081142
optical-lens	11	de	137	1.872072744597e2	0.000081292
optical-lens	11	de	138	1.872072744597e2	0.000081362
optical-lens	11	de	139	1.872072744597e2	0.000081432
optical-lens	11	de	140	1.872072744597e2	0.000081562
optical-lens	11	de	141	1.872072744597e2	0.000081622
optical-lens	11	de	142	1.872072744597e2	0.000081762
optical-lens	11	de	143	1.872072744597e2	0.000081832
optical-lens	11	de	144	1.872072744597e2	0.000081902
optical-lens	11	de	145	1.872072744597e2	0.000086253
optical-lens	11	de	146	1.872072744597e2	0.000086323
optical-lens	11	de	147	1.872072744597e2	0.000086393
optical-lens	11	de	148	1.872072744597e2	0.000086523
optical-lens	11	de	149	1.872072744597e2	0.000086593
optical-lens	11	de	150	1.872072744597e2	0.000086723
optical-lens	11	de	151	1.872072744597e2	0.000086793
optical-lens	11	de	152	1.872072744597e2	0.000086863
optical-lens	11	de	153	1.872072744597e2	0.000087003
optical-lens	11	de	154	1.872072744597e2	0.000087063
optical-lens	11	de	155	1.872072744597e2	0.000087133
optical-lens	11	de	156	1.872072744597e2	0.000087333
optical-lens	11	de	157	1.872072744597e2	0.000087403
optical-lens	11	de	158	1.872072744597e2	0.000087533
optical-lens	11	de	159	1.872072744597e2	0.000087603
optical-lens	11	de	160	1.872072744597e2	0.000087673
optical-lens	11	bo	1	7.071067839877e14	0.027756209
optical-lens	11	bo	2	7.071067839877e14	0.027757059
optical-lens	11	bo	3	7.071067831055e14	0.027757139
optical-lens	11	bo	4	7.071067827266e14	0.027757219
optical-lens	11	bo	5	7.071067827266e14	0.027757299
optical-lens	11	bo	6	7.071067820317e14	0.027757609
optical-lens	11	bo	7	7.071067820317e14	0.027757689
optical-lens	11	bo	8	7.071067820317e14	0.027757759
optical-lens	11	bo	9	7.071067820317e14	0.027757839
optical-lens	11	bo	10	7.071067820317e14	0.027758429
optical-lens	11	bo	11	7.071067820317e14	0.027758509
optical-lens	11	bo	12	7.071067820317e14	0.027758579
optical-lens	11	bo	13	7.071067820317e14	0.027758659
optical-lens	11	bo	14	7.071067820317e14	0.027758769
optical-lens	11	bo	15	2.953195201779e2	0.027758829
optical-lens	11	bo	16	2.953195201779e2	0.027758909
optical-lens	11	bo	17	2.953195201779e2	0.042090110
optical-lens	11	bo	18	2.953195201779e2	0.053890779
optical-lens	11	bo	19	2.953195201779e2	0.066208670
optical-lens	11	bo	20	2.953195201779e2	0.077193599
optical-lens	11	bo	21	2.953195201779e2	0.097165447
optical-lens	11	bo	22	2.953195201779e2	0.112545213
optical-lens	11	bo	23	2.953195201779e2	0.127322505
optical-lens	11	bo	24	2.953195201779e2	0.141376379
optical-lens	11	bo	25	2.953195201779e2	0.153674879
optical-lens	11	bo	26	2.953195201779e2	0.166798980
optical-lens	11	bo	27	2.953195201779e2	0.179069501
optical-lens	11	bo	28	2.953195201779e2	0.191484805
optical-lens	11	bo	29	2.953195201779e2	0.205234452
optical-lens	11	bo	30	2.953195201779e2	0.218080276
optical-lens	11	bo	31	2.953195201779e2	0.231290859
optical-lens	11	bo	32	2.953195201779e2	0.243228731
optical-lens	11	bo	33	2.953195201779e2	0.255174023
optical-lens	11	bo	34	2.953195201779e2	0.266870570
optical-lens	11	bo	35	2.953195201779e2	0.279178861
optical-lens	11	bo	36	2.953195201779e2	0.291244186
optical-lens	11	bo	37	2.953195201779e2	0.303654410
optical-lens	11	bo	38	2.953195201779e2	0.317030787
optical-lens	11	bo	39	2.953195201779e2	0.330566769
optical-lens	11	bo	40	2.953195201779e2	0.343826493
optical-lens	11	bo	41	2.953195201779e2	0.356724309
optical-lens	11	bo	42	2.953195201779e2	0.369491031
optical-lens	11	bo	43	2.953195201779e2	0.383400641
optical-lens	11	bo	44	2.953195201779e2	0.396429820
optical-lens	11	bo	45	2.953195201779e2	0.409946550
optical-lens	11	bo	46	2.953195201779e2	0.423447671
optical-lens	11	bo	47	2.953195201779e2	0.437530075
optical-lens	11	bo	48	2.953195201779e2	0.452254245
optical-lens	11	bo	49	2.953195201779e2	0.466873663
optical-lens	11	bo	50	2.953195201779e2	0.481691095
optical-lens	11	bo	51	2.953195201779e2	0.496845446
optical-lens	11	bo	52	2.953195201779e2	0.511444123
optical-lens	11	bo	53	2.953195201779e2	0.527118006
optical-lens	11	bo	54	2.953195201779e2	0.543495947
optical-lens	11	bo	55	2.953195201779e2	0.559044967
optical-lens	11	bo	56	2.953195201779e2	0.575960320
optical-lens	11	bo	57	2.953195201779e2	0.592315120
optical-lens	11	bo	58	2.953195201779e2	0.609292106
optical-lens	11	bo	59	2.953195201779e2	0.625861951
optical-lens	11	bo	60	2.953195201779e2	0.643088952
optical-lens	11	bo	61	2.953195201779e2	0.661388200
optical-lens	11	bo	62	2.953195201779e2	0.678037498
optical-lens	11	bo	63	2.953195201779e2	0.695640708
optical-lens	11	bo	64	2.953195201779e2	0.713659859
optical-lens	11	bo	65	2.953195201779e2	0.731619369
optical-lens	11	bo	66	2.953195201779e2	0.748528623
optical-lens	11	bo	67	2.953195201779e2	0.767028796
optical-lens	11	bo	68	2.953195201779e2	0.786976584
optical-lens	11	bo	69	2.953195201779e2	0.806708957
optical-lens	11	bo	70	2.953195201779e2	0.826441430
optical-lens	11	bo	71	2.953195201779e2	0.845702742
optical-lens	11	bo	72	2.953195201779e2	0.864431830
optical-lens	11	bo	73	2.953195201779e2	0.883527287
optical-lens	11	bo	74	2.953195201779e2	0.902993744
optical-lens	11	bo	75	2.953195201779e2	0.921454556
optical-lens	11	bo	76	2.953195201779e2	0.941224600
optical-lens	11	bo	77	2.953195201779e2	0.959807324
optical-lens	11	bo	78	2.953195201779e2	0.979436114
optical-lens	11	bo	79	2.953195201779e2	1.000894229
optical-lens	11	bo	80	2.953195201779e2	1.023409069
optical-lens	11	bo	81	2.953195201779e2	1.044083875
optical-lens	11	bo	82	2.953195201779e2	1.069195019
optical-lens	11	bo	83	2.953195201779e2	1.089903485
optical-lens	11	bo	84	2.953195201779e2	1.111687198
optical-lens	11	bo	85	2.953195201779e2	1.135246164
optical-lens	11	bo	86	2.953195201779e2	1.156700579
optical-lens	11	bo	87	2.953195201779e2	1.181294050
optical-lens	11	bo	88	2.953195201779e2	1.205639195
optical-lens	11	bo	89	2.953195201779e2	1.229631672
optical-lens	11	bo	90	2.953195201779e2	1.255256859
optical-lens	11	bo	91	2.953195201779e2	1.281045169
optical-lens	11	bo	92	2.953195201779e2	1.306694606
optical-lens	11	bo	93	2.953195201779e2	1.333821120
optical-lens	11	bo	94	2.953195201779e2	1.360418700
optical-lens	11	bo	95	2.953195201779e2	1.385844262
optical-lens	11	bo	96	2.953195201779e2	1.412485144
optical-lens	11	bo	97	2.953195201779e2	1.438990832
optical-lens	11	bo	98	2.953195201779e2	1.465392227
optical-lens	11	bo	99	2.953195201779e2	1.494127310
optical-lens	11	bo	100	2.953195201779e2	1.522440042
optical-lens	11	bo	101	2.953195201779e2	1.550990570
optical-lens	11	bo	102	2.953195201779e2	1.580134073
optical-lens	11	bo	103	2.953195201779e2	1.608149778
optical-lens	11	bo	104	2.953195201779e2	1.637821414
optical-lens	11	bo	105	2.953195201779e2	1.666445923
optical-lens	11	bo	106	2.953195201779e2	1.697067602
optical-lens	11	bo	107	2.953195201779e2	1.730092020
optical-lens	11	bo	108	2.953195201779e2	1.762967154
optical-lens	11	bo	109	2.953195201779e2	1.795573571
optical-lens	11	bo	110	2.953195201779e2	1.826900027
optical-lens	11	bo	111	2.953195201779e2	1.858494410
optical-lens	11	bo	112	2.953195201779e2	1.891409175
optical-lens	11	bo	113	2.953195201779e2	1.925589460
optical-lens	11	bo	114	2.953195201779e2	1.957854289
optical-lens	11	bo	115	2.953195201779e2	1.992184748
optical-lens	11	bo	116	2.953195201779e2	2.025360078
optical-lens	11	bo	117	2.953195201779e2	2.057724098
optical-lens	11	bo	118	2.953195201779e2	2.091164895
optical-lens	11	bo	119	2.953195201779e2	2.126341375
optical-lens	11	bo	120	2.953195201779e2	2.160304695
optical-lens	11	bo	121	2.953195201779e2	2.193242130
optical-lens	11	bo	122	2.953195201779e2	2.233506764
optical-lens	11	bo	123	2.953195201779e2	2.268537350
optical-lens	11	bo	124	2.953195201779e2	2.306309004
optical-lens	11	bo	125	2.953195201779e2	2.342877067
optical-lens	11	bo	126	2.953195201779e2	2.379607995
optical-lens	11	bo	127	2.953195201779e2	2.417919542
optical-lens	11	bo	128	2.953195201779e2	2.457342975
optical-lens	11	bo	129	2.953195201779e2	2.497322922
optical-lens	11	bo	130	2.953195201779e2	2.533820514
optical-lens	11	bo	131	2.953195201779e2	2.572099509
optical-lens	11	bo	132	2.953195201779e2	2.612388104
optical-lens	11	bo	133	2.953195201779e2	2.652144345
optical-lens	11	bo	134	2.953195201779e2	2.697457423
optical-lens	11	bo	135	2.953195201779e2	2.740017953
optical-lens	11	bo	136	2.953195201779e2	2.781783643
optical-lens	11	bo	137	2.953195201779e2	2.822879737
optical-lens	11	bo	138	2.953195201779e2	2.868176934
optical-lens	11	bo	139	2.953195201779e2	2.912109818
optical-lens	11	bo	140	2.953195201779e2	2.953915629
optical-lens	11	bo	141	2.953195201779e2	2.998754154
optical-lens	11	bo	142	2.953195201779e2	3.044680615
optical-lens	11	bo	143	2.953195201779e2	3.091035817
optical-lens	11	bo	144	2.953195201779e2	3.135839532
optical-lens	11	bo	145	2.953195201779e2	3.183487176
optical-lens	11	bo	146	2.953195201779e2	3.233827136
optical-lens	11	bo	147	2.953195201779e2	3.284320459
optical-lens	11	bo	148	2.953195201779e2	3.332170228
optical-lens	11	bo	149	2.953195201779e2	3.379342100
optical-lens	11	bo	150	2.953195201779e2	3.427845294
optical-lens	11	bo	151	2.953195201779e2	3.476365690
optical-lens	11	bo	152	2.953195201779e2	3.530307948
optical-lens	11	bo	153	2.953195201779e2	3.580735520
optical-lens	11	bo	154	2.953195201779e2	3.631111410
optical-lens	11	bo	155	2.953195201779e2	3.686046562
optical-lens	11	bo	156	2.953195201779e2	3.742847159
optical-lens	11	bo	157	2.953195201779e2	3.796480540
optical-lens	11	bo	158	2.953195201779e2	3.854505898
optical-lens	11	bo	159	2.953195201779e2	3.910633729
optical-lens	11	bo	160	2.953195201779e2	3.969070846
optical-lens	12	de	1	7.071067820253e14	0.000015471
optical-lens	12	de	2	2.110874842311e5	0.000015681
optical-lens	12	de	3	2.110874842311e5	0.000015751
optical-lens	12	de	4	1.295792882943e5	0.000015831
optical-lens	12	de	5	1.295792882943e5	0.000015901
optical-lens	12	de	6	1.295792882943e5	0.000016121
optical-lens	12	de	7	1.295792882943e5	0.000016191
optical-lens	12	de	8	1.295792882943e5	0.000016261
optical-lens	12	de	9	1.295792882943e5	0.000016341
optical-lens	12	de	10	1.295792882943e5	0.000016631
optical-lens	12	de	11	1.286920469155e5	0.000016701
optical-lens	12	de	12	1.286920469155e5	0.000016771
optical-lens	12	de	13	1.286920469155e5	0.000016841
optical-lens	12	de	14	1.286920469155e5	0.000016911
optical-lens	12	de	15	1.286920469155e5	0.000016971
optical-lens	12	de	16	1.286920469155e5	0.000017041
optical-lens	12	de	17	1.286920469155e5	0.000023671
optical-lens	12	de	18	1.286920469155e5	0.000023891
optical-lens	12	de	19	3.301958349984e3	0.000023951
optical-lens	12	de	20	3.301958349984e3	0.000024021
optical-lens	12	de	21	3.301958349984e3	0.000024101
optical-lens	12	de	22	3.301958349984e3	0.000024171
optical-lens	12	de	23	3.301958349984e3	0.000024241
optical-lens	12	de	24	3.301958349984e3	0.000024311
optical-lens	12	de	25	3.301958349984e3	0.000024371
optical-lens	12	de	26	3.301958349984e3	0.000024441
optical-lens	12	de	27	3.301958349984e3	0.000024511
optical-lens	12	de	28	3.301958349984e3	0.000024591
optical-lens	12	de	29	3.301958349984e3	0.000024691
optical-lens	12	de	30	3.301958349984e3	0.000024941
optical-lens	12	de	31	3.301958349984e3	0.000025021
optical-lens	12	de	32	3.301958349984e3	0.000025091
optical-lens	12	de	33	3.301958349984e3	0.000032031
optical-lens	12	de	34	3.301958349984e3	0.000032381
optical-lens	12	de	35	3.272340955619e3	0.000032451
optical-lens	12	de	36	3.272340955619e3	0.000032521
optical-lens	12	de	37	3.272340955619e3	0.000032591
optical-lens	12	de	38	3.272340955619e3	0.000032661
optical-lens	12	de	39	3.272340955619e3	0.000032731
optical-lens	12	de	40	3.272340955619e3	0.000032801
optical-lens	12	de	41	3.272340955619e3	0.000032871
optical-lens	12	de	42	3.272340955619e3	0.000032931
optical-lens	12	de	43	3.272340955619e3	0.000033001
optical-lens	12	de	44	3.272340955619e3	0.000033081
optical-lens	12	de	45	3.272340955619e3	0.000033151
optical-lens	12	de	46	3.272340955619e3	0.000033211
optical-lens	12	de	47	3.272340955619e3	0.000033281
optical-lens	12	de	48	3.272340955619e3	0.000033341
optical-lens	12	de	49	3.272340955619e3	0.000038281
optical-lens	12	de	50	3.272340955619e3	0.000038351
optical-lens	12	de	51	3.272340955619e3	0.000038421
optical-lens	12	de	52	3.272340955619e3	0.000038491
optical-lens	12	de	53	3.272340955619e3	0.000038561
optical-lens	12	de	54	3.272340955619e3	0.000038631
optical-lens	12	de	55	3.272340955619e3	0.000038701
optical-lens	12	de	56	3.272340955619e3	0.000038761
optical-lens	12	de	57	3.272340955619e3	0.000038971
optical-lens	12	de	58	3.272340955619e3	0.000039041
optical-lens	12	de	59	3.272340955619e3	0.000039111
optical-lens	12	de	60	3.272340955619e3	0.000039181
optical-lens	12	de	61	3.272340955619e3	0.000039251
optical-lens	12	de	62	3.272340955619e3	0.000039321
optical-lens	12	de	63	3.272340955619e3	0.000039391
optical-lens	12	de	64	3.272340955619e3	0.000039461
optical-lens	12	de	65	3.272340955619e3	0.000044641
optical-lens	12	de	66	3.272340955619e3	0.000045171
optical-lens	12	de	67	3.272340955619e3	0.000045321
optical-lens	12	de	68	3.272340955619e3	0.000045391
optical-lens	12	de	69	3.272340955619e3	0.000045461
optical-lens	12	de	70	3.272340955619e3	0.000045521
optical-lens	12	de	71	3.272340955619e3	0.000045601
optical-lens	12	de	72	3.272340955619e3	0.000045671
optical-lens	12	de	73	3.272340955619e3	0.000045741
optical-lens	12	de	74	3.272340955619e3	0.000045811
optical-lens	12	de	75	3.272340955619e3	0.000045961
optical-lens	12	de	76	3.272340955619e3	0.000046031
optical-lens	12	de	77	3.272340955619e3	0.000046701
optical-lens	12	de	78	3.272340955619e3	0.000047071
optical-lens	12	de	79	3.272340955619e3	0.000047411
optical-lens	12	de	80	3.272340955619e3	0.000047681
optical-lens	12	de	81	3.272340955619e3	0.000056611
optical-lens	12	de	82	3.272340955619e3	0.000056681
optical-lens	12	de	83	3.272340955619e3	0.000056751
optical-lens	12	de	84	3.272340955619e3	0.000056821
optical-lens	12	de	85	3.272340955619e3	0.000056891
optical-lens	12	de	86	3.272340955619e3	0.000056961
optical-lens	12	de	87	3.272340955619e3	0.000057021
optical-lens	12	de	88	3.272340955619e3	0.000057161
optical-lens	12	de	89	3.272340955619e3	0.000057231
optical-lens	12	de	90	3.272340955619e3	0.000057301
optical-lens	12	de	91	3.272340955619e3	0.000057371
optical-lens	12	de	92	3.272340955619e3	0.000057431
optical-lens	12	de	93	3.272340955619e3	0.000057501
optical-lens	12	de	94	3.272340955619e3	0.000057651
optical-lens	12	de	95	3.272340955619e3	0.000057721
optical-lens	12	de	96	3.272340955619e3	0.000057791
optical-lens	12	de	97	3.272340955619e3	0.000061571
optical-lens	12	de	98	3.272340955619e3	0.000061641
optical-lens	12	de	99	3.272340955619e3	0.000061711
optical-lens	12	de	100	3.272340955619e3	0.000061771
optical-lens	12	de	101	3.272340955619e3	0.000061841
optical-lens	12	de	102	3.272340955619e3	0.000061911
optical-lens	12	de	103	3.272340955619e3	0.000061981
optical-lens	12	de	104	3.272340955619e3	0.000062051
optical-lens	12	de	105	3.272340955619e3	0.000062111
optical-lens	12	de	106	3.272340955619e3	0.000062181
optical-lens	12	de	107	3.272340955619e3	0.000062311
optical-lens	12	de	108	3.272340955619e3	0.000062391
optical-lens	12	de	109	3.272340955619e3	0.000062461
optical-lens	12	de	110	3.272340955619e3	0.000062521
optical-lens	12	de	111	3.272340955619e3	0.000062591
optical-lens	12	de	112	3.272340955619e3	0.000062661
optical-lens	12	de	113	3.272340955619e3	0.000065641
optical-lens	12	de	114	3.272340955619e3	0.000065701
optical-lens	12	de	115	3.272340955619e3	0.000066051
optical-lens	12	de	116	3.272340955619e3	0.000066181
optical-lens	12	de	117	3.272340955619e3	0.000066291
optical-lens	12	de	118	3.272340955619e3	0.000066361
optical-lens	12	de	119	3.272340955619e3	0.000066431
optical-lens	12	de	120	3.272340955619e3	0.000066501
optical-lens	12	de	121	3.272340955619e3	0.000066561
optical-lens	12	de	122	2.762714263725e3	0.000066631
optical-lens	12	de	123	2.762714263725e3	0.000066771
optical-lens	12	de	124	2.762714263725e3	0.000066841
optical-lens	12	de	125	2.762714263725e3	0.000066901
optical-lens	12	de	126	2.762714263725e3	0.000066971
optical-lens	12	de	127	2.762714263725e3	0.000067101
optical-lens	12	de	128	2.762714263725e3	0.000067171
optical-lens	12	de	129	2.762714263725e3	0.000071701
optical-lens	12	de	130	2.762714263725e3	0.000072821
optical-lens	12	de	131	2.762714263725e3	0.000072891
optical-lens	12	de	132	2.762714263725e3	0.000072981
optical-lens	12	de	133	2.762714263725e3	0.000073081
optical-lens	12	de	134	2.762714263725e3	0.000073151
optical-lens	12	de	135	2.245436902616e3	0.000073211
optical-lens	12	de	136	2.245436902616e3	0.000073421
optical-lens	12	de	137	2.245436902616e3	0.000073641
optical-lens	12	de	138	2.245436902616e3	0.000073701
optical-lens	12	de	139	2.245436902616e3	0.000073771
optical-lens	12	de	140	2.245436902616e3	0.000073831
optical-lens	12	de	141	2.245436902616e3	0.000074001
optical-lens	12	de	142	2.245436902616e3	0.000074071
optical-lens	12	de	143	2.245436902616e3	0.000074141
optical-lens	12	de	144	2.245436902616e3	0.000074211
optical-lens	12	de	145	2.245436902616e3	0.000079851
optical-lens	12	de	146	2.245436902616e3	0.000080051
optical-lens	12	de	147	2.245436902616e3	0.000080121
optical-lens	12	de	148	2.245436902616e3	0.000080191
optical-lens	12	de	149	2.245436902616e3	0.000080261
optical-lens	12	de	150	2.245436902616e3	0.000080331
optical-lens	12	de	151	2.245436902616e3	0.000080401
optical-lens	12	de	152	2.245436902616e3	0.000080471
optical-lens	12	de	153	2.245436902616e3	0.000080541
optical-lens	12	de	154	2.245436902616e3	0.000080611
optical-lens	12	de	155	2.245436902616e3	0.000080681
optical-lens	12	de	156	2.245436902616e3	0.000080751
optical-lens	12	de	157	2.245436902616e3	0.000080891
optical-lens	12	de	158	2.245436902616e3	0.000080961
optical-lens	12	de	159	2.245436902616e3	0.000081031
optical-lens	12	de	160	2.245436902616e3	0.000081101
optical-lens	12	bo	1	9.128709381293e14	0.029588272
optical-lens	12	bo	2	9.128709362704e14	0.029588942
optical-lens	12	bo	3	9.128709351863e14	0.029589042
optical-lens	12	bo	4	9.128709351863e14	0.029589122
optical-lens	12	bo	5	2.032878502522e5	0.029589192
optical-lens	12	bo	6	2.032878502522e5	0.029589432
optical-lens	12	bo	7	2.032878502522e5	0.029589502
optical-lens	12	bo	8	2.032878502522e5	0.029589572
optical-lens	12	bo	9	2.032878502522e5	0.029589652
optical-lens	12	bo	10	2.032878502522e5	0.029590042
optical-lens	12	bo	11	2.032878502522e5	0.029590112
optical-lens	12	bo	12	2.032878502522e5	0.029590182
optical-lens	12	bo	13	2.032878502522e5	0.029590262
optical-lens	12	bo	14	2.032878502522e5	0.029590332
optical-lens	12	bo	15	2.032878502522e5	0.029590402
optical-lens	12	bo	16	2.032878502522e5	0.029590482
optical-lens	12	bo	17	2.032878502522e5	0.044592478
optical-lens	12	bo	18	2.032878502522e5	0.056114949
optical-lens	12	bo	19	2.032878502522e5	0.067500357
optical-lens	12	bo	20	2.032878502522e5	0.078543327
optical-lens	12	bo	21	2.032878502522e5	0.091208396
optical-lens	12	bo	22	2.032878502522e5	0.102931122
optical-lens	12	bo	23	2.032878502522e5	0.114622577
optical-lens	12	bo	24	2.032878502522e5	0.125754219
optical-lens	12	bo	25	2.032878502522e5	0.137029234
optical-lens	12	bo	26	2.032878502522e5	0.149375775
optical-lens	12	bo	27	2.032878502522e5	0.160657600
optical-lens	12	bo	28	2.032878502522e5	0.172585851
optical-lens	12	bo	29	2.032878502522e5	0.184390719
optical-lens	12	bo	30	2.032878502522e5	0.196502464
optical-lens	12	bo	31	2.032878502522e5	0.208157778
optical-lens	12	bo	32	2.032878502522e5	0.220209772
optical-lens	12	bo	33	2.032878502522e5	0.234563843
optical-lens	12	bo	34	2.032878502522e5	0.246719899
optical-lens	12	bo	35	2.032878502522e5	0.259748347
optical-lens	12	bo	36	2.032878502522e5	0.272070658
optical-lens	12	bo	37	2.032878502522e5	0.285491846
optical-lens	12	bo	38	2.032878502522e5	0.298989076
optical-lens	12	bo	39	2.032878502522e5	0.311752028
optical-lens	12	bo	40	2.032878502522e5	0.325872582
optical-lens	12	bo	41	1.138256479403e5	0.338986062
optical-lens	12	bo	42	1.138256479403e5	0.352983804
optical-lens	12	bo	43	1.138256479403e5	0.367935009
optical-lens	12	bo	44	1.138256479403e5	0.381856189
optical-lens	12	bo	45	1.138256479403e5	0.395846931
optical-lens	12	bo	46	1.138256479403e5	0.410212281
optical-lens	12	bo	47	1.138256479403e5	0.424502920
optical-lens	12	bo	48	1.138256479403e5	0.439094246
optical-lens	12	bo	49	1.138256479403e5	0.453449497
optical-lens	12	bo	50	1.138256479403e5	0.467810328
optical-lens	12	bo	51	1.138256479403e5	0.482405595
optical-lens	12	bo	52	1.138256479403e5	0.497883113
optical-lens	12	bo	53	1.138256479403e5	0.512637063
optical-lens	12	bo	54	1.138256479403e5	0.527854804
optical-lens	12	bo	55	1.138256479403e5	0.543009154
optical-lens	12	bo	56	1.138256479403e5	0.558428580
optical-lens	12	bo	57	1.138256479403e5	0.575232170
optical-lens	12	bo	58	1.138256479403e5	0.591743903
optical-lens	12	bo	59	1.138256479403e5	0.608904932
optical-lens	12	bo	60	1.138256479403e5	0.624937803
optical-lens	12	bo	61	1.138256479403e5	0.641242601
optical-lens	12	bo	62	1.138256479403e5	0.658096692
optical-lens	12	bo	63	1.138256479403e5	0.675895547
optical-lens	12	bo	64	1.138256479403e5	0.692848111
optical-lens	12	bo	65	1.138256479403e5	0.710032671
optical-lens	12	bo	66	1.138256479403e5	0.727725423
optical-lens	12	bo	67	1.138256479403e5	0.745693042
optical-lens	12	bo	68	1.138256479403e5	0.766946661
optical-lens	12	bo	69	1.138256479403e5	0.788017406
optical-lens	12	bo	70	1.138256479403e5	0.807151204
optical-lens	12	bo	71	1.138256479403e5	0.826244300
optical-lens	12	bo	72	1.138256479403e5	0.844929596
optical-lens	12	bo	73	1.138256479403e5	0.864635977
optical-lens	12	bo	74	1.138256479403e5	0.885141078
optical-lens	12	bo	75	1.138256479403e5	0.904552681
optical-lens	12	bo	76	1.138256479403e5	0.924044567
optical-lens	12	bo	77	1.138256479403e5	0.944770993
optical-lens	12	bo	78	1.138256479403e5	0.965463198
optical-lens	12	bo	79	1.138256479403e5	0.986845370
optical-lens	12	bo	80	1.138256479403e5	1.012251670
optical-lens	12	bo	81	1.138256479403e5	1.034884053
optical-lens	12	bo	82	1.138256479403e5	1.058422917
optical-lens	12	bo	83	1.138256479403e5	1.081209113
optical-lens	12	bo	84	1.138256479403e5	1.103230760
optical-lens	12	bo	85	5.423211481401e2	1.124626213
optical-lens	12	bo	86	5.423211481401e2	1.145982414
optical-lens	12	bo	87	5.423211481401e2	1.169926539
optical-lens	12	bo	88	5.423211481401e2	1.191977877
optical-lens	12	bo	89	5.423211481401e2	1.214555788
optical-lens	12	bo	90	5.423211481401e2	1.237312934
optical-lens	12	bo	91	5.423211481401e2	1.261788591
optical-lens	12	bo	92	5.423211481401e2	1.285766556
optical-lens	12	bo	93	5.423211481401e2	1.311644517
optical-lens	12	bo	94	5.423211481401e2	1.336756919
optical-lens	12	bo	95	5.423211481401e2	1.364024155
optical-lens	12	bo	96	5.423211481401e2	1.390127892
optical-lens	12	bo	97	5.423211481401e2	1.418021533
optical-lens	12	bo	98	5.423211481401e2	1.444809327
optical-lens	12	bo	99	5.423211481401e2	1.472873372
optical-lens	12	bo	100	5.423211481401e2	1.502370091
optical-lens	12	bo	101	5.423211481401e2	1.530181300
optical-lens	12	bo	102	5.423211481401e2	1.560630913
optical-lens	12	bo	103	5.423211481401e2	1.593058344
optical-lens	12	bo	104	5.423211481401e2	1.625121456
optical-lens	12	bo	105	5.423211481401e2	1.658590443
optical-lens	12	bo	106	5.423211481401e2	1.694113539
optical-lens	12	bo	107	5.423211481401e2	1.726329185
optical-lens	12	bo	108	5.423211481401e2	1.758600232
optical-lens	12	bo	109	5.423211481401e2	1.790996662
optical-lens	12	bo	110	5.423211481401e2	1.825501563
optical-lens	12	bo	111	5.423211481401e2	1.860508067
optical-lens	12	bo	112	5.423211481401e2	1.893616754
optical-lens	12	bo	113	5.423211481401e2	1.926699051
optical-lens	12	bo	114	5.423211481401e2	1.960916835
optical-lens	12	bo	115	5.423211481401e2	1.993854209
optical-lens	12	bo	116	5.423211481401e2	2.029131099
optical-lens	12	bo	117	5.423211481401e2	2.064441100
optical-lens	12	bo	118	5.423211481401e2	2.100717745
optical-lens	12	bo	119	5.423211481401e2	2.137283217
optical-lens	12	bo	120	5.423211481401e2	2.174284919
optical-lens	12	bo	121	5.423211481401e2	2.213832934
optical-lens	12	bo	122	5.423211481401e2	2.254660490
optical-lens	12	bo	123	5.423211481401e2	2.291207551
optical-lens	12	bo	124	5.423211481401e2	2.327562848
optical-lens	12	bo	125	5.423211481401e2	2.364980281
optical-lens	12	bo	126	5.423211481401e2	2.401416909
optical-lens	12	bo	127	5.423211481401e2	2.442660195
optical-lens	12	bo	128	5.423211481401e2	2.481076002
optical-lens	12	bo	129	5.423211481401e2	2.525223129
optical-lens	12	bo	130	5.423211481401e2	2.566312461
optical-lens	12	bo	131	5.423211481401e2	2.607246439
optical-lens	12	bo	132	5.423211481401e2	2.649177622
optical-lens	12	bo	133	5.423211481401e2	2.690654634
optical-lens	12	bo	134	5.423211481401e2	2.734413422
optical-lens	12	bo	135	5.423211481401e2	2.784857822
optical-lens	12	bo	136	5.423211481401e2	2.832567076
optical-lens	12	bo	137	5.423211481401e2	2.874452927
optical-lens	12	bo	138	5.423211481401e2	2.920367876
optical-lens	12	bo	139	5.423211481401e2	2.966436729
optical-lens	12	bo	140	5.423211481401e2	3.015576617
optical-lens	12	bo	141	5.423211481401e2	3.061437855
optical-lens	12	bo	142	5.423211481401e2	3.109909257
optical-lens	12	bo	143	5.423211481401e2	3.159715561
optical-lens	12	bo	144	5.423211481401e2	3.207667170
optical-lens	12	bo	145	5.423211481401e2	3.261789810
optical-lens	12	bo	146	5.423211481401e2	3.311670176
optical-lens	12	bo	147	5.423211481401e2	3.364759791
optical-lens	12	bo	148	5.423211481401e2	3.411608803
optical-lens	12	bo	149	5.423211481401e2	3.463146759
optical-lens	12	bo	150	5.423211481401e2	3.514845149
optical-lens	12	bo	151	5.423211481401e2	3.565077074
optical-lens	12	bo	152	5.423211481401e2	3.616600750
optical-lens	12	bo	153	5.423211481401e2	3.675365023
optical-lens	12	bo	154	5.423211481401e2	3.731711236
optical-lens	12	bo	155	5.423211481401e2	3.789098985
optical-lens	12	bo	156	5.423211481401e2	3.847947969
optical-lens	12	bo	157	5.423211481401e2	3.906083995
optical-lens	12	bo	158	5.423211481401e2	3.965340719
optical-lens	12	bo	159	5.423211481401e2	4.024348457
optical-lens	12	bo	160	5.423211481401e2	4.083956710
optical-lens	13	de	1	9.128709377489e14	0.000013420
optical-lens	13	de	2	9.128709360067e14	0.000013910
optical-lens	13	de	3	9.128709357112e14	0.000014100
optical-lens	13	de	4	7.071067829347e14	0.000014260
optical-lens	13	de	5	7.071067829347e14	0.000014330
optical-lens	13	de	6	7.071067829347e14	0.000014670
optical-lens	13	de	7	7.071067826326e14	0.000014740
optical-lens	13	de	8	7.071067826326e14	0.000014820
optical-lens	13	de	9	7.071067826326e14	0.000014880
optical-lens	13	de	10	7.071067826326e14	0.000015090
optical-lens	13	de	11	7.071067826326e14	0.000015160
optical-lens	13	de	12	7.071067826326e14	0.000015230
optical-lens	13	de	13	7.071067826326e14	0.000015300
optical-lens	13	de	14	7.071067826326e14	0.000015370
optical-lens	13	de	15	7.071067826326e14	0.000015440
optical-lens	13	de	16	7.071067826326e14	0.000015510
optical-lens	13	de	17	7.071067822333e14	0.000021710
optical-lens	13	de	18	7.071067822333e14	0.000021990
optical-lens	13	de	19	7.071067822333e14	0.000022060
optical-lens	13	de	20	7.071067822333e14	0.000022130
optical-lens	13	de	21	7.071067820695e14	0.000022200
optical-lens	13	de	22	7.071067820695e14	0.000022270
optical-lens	13	de	23	7.071067820695e14	0.000022410
optical-lens	13	de	24	7.071067820695e14	0.000022480
optical-lens	13	de	25	7.071067820695e14	0.000022550
optical-lens	13	de	26	7.071067820695e14	0.000022680
optical-lens	13	de	27	7.071067820695e14	0.000022750
optical-lens	13	de	28	7.071067820695e14	0.000022820
optical-lens	13	de	29	7.071067820695e14	0.000022890
optical-lens	13	de	30	7.071067820695e14	0.000022950
optical-lens	13	de	31	7.071067820695e14	0.000023030
optical-lens	13	de	32	7.071067820695e14	0.000023100
optical-lens	13	de	33	7.071067820695e14	0.000028300
optical-lens	13	de	34	2.514529599883e5	0.000028740
optical-lens	13	de	35	2.514529599883e5	0.000028800
optical-lens	13	de	36	2.446894659200e5	0.000028870
optical-lens	13	de	37	2.446894659200e5	0.000028940
optical-lens	13	de	38	2.096292221125e5	0.000029010
optical-lens	13	de	39	1.788158659452e5	0.000029080
optical-lens	13	de	40	1.788158659452e5	0.000029150
optical-lens	13	de	41	1.788158659452e5	0.000029220
optical-lens	13	de	42	1.788158659452e5	0.000029290
optical-lens	13	de	43	1.788158659452e5	0.000029360
optical-lens	13	de	44	1.788158659452e5	0.000029490
optical-lens	13	de	45	1.788158659452e5	0.000029550
optical-lens	13	de	46	1.788158659452e5	0.000029620
optical-lens	13	de	47	1.788158659452e5	0.000029690
optical-lens	13	de	48	1.788158659452e5	0.000029760
optical-lens	13	de	49	1.788158659452e5	0.000031980
optical-lens	13	de	50	1.788158659452e5	0.000032110
optical-lens	13	de	51	1.788158659452e5	0.000032180
optical-lens	13	de	52	1.788158659452e5	0.000032310
optical-lens	13	de	53	1.788158659452e5	0.000032380
optical-lens	13	de	54	1.788158659452e5	0.000032450
optical-lens	13	de	55	1.660220840042e5	0.000032520
optical-lens	13	de	56	1.660220840042e5	0.000032590
optical-lens	13	de	57	1.351927137375e5	0.000032660
optical-lens	13	de	58	1.351927137375e5	0.000032730
optical-lens	13	de	59	1.240972314603e5	0.000032800
optical-lens	13	de	60	1.240972314603e5	0.000033240
optical-lens	13	de	61	1.240972314603e5	0.000033610
optical-lens	13	de	62	1.240972314603e5	0.000033690
optical-lens	13	de	63	1.240972314603e5	0.000033920
optical-lens	13	de	64	1.240972314603e5	0.000034140
optical-lens	13	de	65	1.240972314603e5	0.000043940
optical-lens	13	de	66	7.648501672788e4	0.000044660
optical-lens	13	de	67	7.648501672788e4	0.000044740
optical-lens	13	de	68	7.648501672788e4	0.000044860
optical-lens	13	de	69	7.648501672788e4	0.000044920
optical-lens	13	de	70	7.648501672788e4	0.000045000
optical-lens	13	de	71	7.648501672788e4	0.000045130
optical-lens	13	de	72	7.648501672788e4	0.000045210
optical-lens	13	de	73	2.511367538792e4	0.000045490
optical-lens	13	de	74	2.511367538792e4	0.000045730
optical-lens	13	de	75	2.511367538792e4	0.000045860
optical-lens	13	de	76	2.511367538792e4	0.000045990
optical-lens	13	de	77	2.511367538792e4	0.000046140
optical-lens	13	de	78	2.511367538792e4	0.000046210
optical-lens	13	de	79	2.511367538792e4	0.000046340
optical-lens	13	de	80	2.511367538792e4	0.000046470
optical-lens	13	de	81	2.511367538792e4	0.000055680
optical-lens	13	de	82	2.084266760071e3	0.000056030
optical-lens	13	de	83	2.084266760071e3	0.000056100
optical-lens	13	de	84	2.084266760071e3	0.000056250
optical-lens	13	de	85	2.084266760071e3	0.000056310
optical-lens	13	de	86	2.084266760071e3	0.000056390
optical-lens	13	de	87	2.084266760071e3	0.000056590
optical-lens	13	de	88	2.084266760071e3	0.000056740
optical-lens	13	de	89	2.084266760071e3	0.000056810
optical-lens	13	de	90	2.084266760071e3	0.000056950
optical-lens	13	de	91	2.084266760071e3	0.000057010
optical-lens	13	de	92	2.084266760071e3	0.000057080
optical-lens	13	de	93	2.084266760071e3	0.000057150
optical-lens	13	de	94	2.084266760071e3	0.000057220
optical-lens	13	de	95	2.084266760071e3	0.000057290
optical-lens	13	de	96	2.084266760071e3	0.000057360
optical-lens	13	de	97	2.084266760071e3	0.000062011
optical-lens	13	de	98	2.084266760071e3	0.000062081
optical-lens	13	de	99	2.084266760071e3	0.000062151
optical-lens	13	de	100	2.084266760071e3	0.000062221
optical-lens	13	de	101	2.084266760071e3	0.000062291
optical-lens	13	de	102	2.084266760071e3	0.000062361
optical-lens	13	de	103	2.084266760071e3	0.000062511
optical-lens	13	de	104	2.084266760071e3	0.000062712
optical-lens	13	de	105	2.084266760071e3	0.000062912
optical-lens	13	de	106	2.084266760071e3	0.000062982
optical-lens	13	de	107	2.084266760071e3	0.000063052
optical-lens	13	de	108	2.084266760071e3	0.000063382
optical-lens	13	de	109	2.084266760071e3	0.000063452
optical-lens	13	de	110	2.084266760071e3	0.000063522
optical-lens	13	de	111	2.084266760071e3	0.000063592
optical-lens	13	de	112	2.084266760071e3	0.000063662
optical-lens	13	de	113	2.084266760071e3	0.000068242
optical-lens	13	de	114	2.084266760071e3	0.000068312
optical-lens	13	de	115	2.084266760071e3	0.000068382
optical-lens	13	de	116	2.084266760071e3	0.000068452
optical-lens	13	de	117	2.084266760071e3	0.000068522
optical-lens	13	de	118	2.084266760071e3	0.000068592
optical-lens	13	de	119	2.084266760071e3	0.000068652
optical-lens	13	de	120	2.084266760071e3	0.000068722
optical-lens	13	de	121	2.084266760071e3	0.000068782
optical-lens	13	de	122	2.084266760071e3	0.000068852
optical-lens	13	de	123	2.084266760071e3	0.000068922
optical-lens	13	de	124	2.084266760071e3	0.000069372
optical-lens	13	de	125	5.869325220247e2	0.000069442
optical-lens	13	de	126	5.869325220247e2	0.000069512
optical-lens	13	de	127	5.869325220247e2	0.000069652
optical-lens	13	de	128	5.869325220247e2	0.000069722
optical-lens	13	de	129	5.869325220247e2	0.000072412
optical-lens	13	de	130	5.869325220247e2	0.000073102
optical-lens	13	de	131	5.869325220247e2	0.000073172
optical-lens	13	de	132	5.869325220247e2	0.000073242
optical-lens	13	de	133	5.869325220247e2	0.000073302
optical-lens	13	de	134	5.483357549152e2	0.000073362
optical-lens	13	de	135	5.483357549152e2	0.000073502
optical-lens	13	de	136	5.483357549152e2	0.000073572
optical-lens	13	de	137	5.483357549152e2	0.000073642
optical-lens	13	de	138	5.483357549152e2	0.000073792
optical-lens	13	de	139	5.483357549152e2	0.000073852
optical-lens	13	de	140	5.483357549152e2	0.000074002
optical-lens	13	de	141	5.483357549152e2	0.000074072
optical-lens	13	de	142	5.483357549152e2	0.000074142
optical-lens	13	de	143	4.669908913427e2	0.000074272
optical-lens	13	de	144	4.669908913427e2	0.000074342
optical-lens	13	de	145	4.669908913427e2	0.000076652
optical-lens	13	de	146	4.669908913427e2	0.000076782
optical-lens	13	de	147	4.669908913427e2	0.000076852
optical-lens	13	de	148	4.669908913427e2	0.000076972
optical-lens	13	de	149	4.669908913427e2	0.000077032
optical-lens	13	de	150	4.669908913427e2	0.000077102
optical-lens	13	de	151	4.669908913427e2	0.000077242
optical-lens	13	de	152	4.669908913427e2	0.000077312
optical-lens	13	de	153	4.669908913427e2	0.000077382
optical-lens	13	de	154	4.669908913427e2	0.000077532
optical-lens	13	de	155	4.669908913427e2	0.000077712
optical-lens	13	de	156	4.669908913427e2	0.000078312
optical-lens	13	de	157	4.669908913427e2	0.000078382
optical-lens	13	de	158	4.669908913427e2	0.000078452
optical-lens	13	de	159	4.669908913427e2	0.000078592
optical-lens	13	de	160	4.669908913427e2	0.000078662
optical-lens	13	bo	1	1.000000000000e99	0.029582601
optical-lens	13	bo	2	9.128709316315e14	0.029583071
optical-lens	13	bo	3	9.128709316315e14	0.029583161
optical-lens	13	bo	4	9.128709307702e14	0.029583231
optical-lens	13	bo	5	7.071067836253e14	0.029583311
optical-lens	13	bo	6	7.071067836253e14	0.029583761
optical-lens	13	bo	7	7.071067836253e14	0.029583831
optical-lens	13	bo	8	7.071067836253e14	0.029583901
optical-lens	13	bo	9	7.071067836253e14	0.029583971
optical-lens	13	bo	10	7.071067836253e14	0.029584351
optical-lens	13	bo	11	1.891320820496e5	0.029584411
optical-lens	13	bo	12	1.891320820496e5	0.029584491
optical-lens	13	bo	13	1.891320820496e5	0.029584561
optical-lens	13	bo	14	1.876886451096e5	0.029584641
optical-lens	13	bo	15	1.876886451096e5	0.029584711
optical-lens	13	bo	16	1.876886451096e5	0.029584781
optical-lens	13	bo	17	1.876886451096e5	0.045044848
optical-lens	13	bo	18	1.876886451096e5	0.056141669
optical-lens	13	bo	19	1.876886451096e5	0.067786153
optical-lens	13	bo	20	1.876886451096e5	0.078873514
optical-lens	13	bo	21	1.876886451096e5	0.089713898
optical-lens	13	bo	22	1.876886451096e5	0.100969222
optical-lens	13	bo	23	1.876886451096e5	0.112238987
optical-lens	13	bo	24	1.876886451096e5	0.123949512
optical-lens	13	bo	25	1.876886451096e5	0.135522034
optical-lens	13	bo	26	1.876886451096e5	0.147226279
optical-lens	13	bo	27	1.876886451096e5	0.159179461
optical-lens	13	bo	28	1.876886451096e5	0.172104486
optical-lens	13	bo	29	1.876886451096e5	0.183379590
optical-lens	13	bo	30	1.876886451096e5	0.195704401
optical-lens	13	bo	31	1.876886451096e5	0.207477208
optical-lens	13	bo	32	1.876886451096e5	0.219927862
optical-lens	13	bo	33	1.876886451096e5	0.231676978
optical-lens	13	bo	34	1.876886451096e5	0.243523547
optical-lens	13	bo	35	1.876886451096e5	0.256151745
optical-lens	13	bo	36	1.876886451096e5	0.268518546
optical-lens	13	bo	37	1.876886451096e5	0.280960429
optical-lens	13	bo	38	1.876886451096e5	0.293091614
optical-lens	13	bo	39	1.876886451096e5	0.306552472
optical-lens	13	bo	40	1.876886451096e5	0.320786119
optical-lens	13	bo	41	1.876886451096e5	0.334013071
optical-lens	13	bo	42	1.876886451096e5	0.347020708
optical-lens	13	bo	43	1.876886451096e5	0.360925067
optical-lens	13	bo	44	1.876886451096e5	0.374281992
optical-lens	13	bo	45	1.876886451096e5	0.387505504
optical-lens	13	bo	46	1.876886451096e5	0.401473985
optical-lens	13	bo	47	1.876886451096e5	0.415371164
optical-lens	13	bo	48	1.876886451096e5	0.429530539
optical-lens	13	bo	49	1.876886451096e5	0.443088180
optical-lens	13	bo	50	1.876886451096e5	0.456769083
optical-lens	13	bo	51	1.876886451096e5	0.471673366
optical-lens	13	bo	52	1.825231144280e5	0.485260637
optical-lens	13	bo	53	1.825231144280e5	0.500672393
optical-lens	13	bo	54	1.825231144280e5	0.516395206
optical-lens	13	bo	55	1.825231144280e5	0.531840502
optical-lens	13	bo	56	1.825231144280e5	0.546460308
optical-lens	13	bo	57	1.825231144280e5	0.562490799
optical-lens	13	bo	58	1.825231144280e5	0.577997707
optical-lens	13	bo	59	1.825231144280e5	0.593299389
optical-lens	13	bo	60	1.825231144280e5	0.609116854
optical-lens	13	bo	61	1.825231144280e5	0.624831657
optical-lens	13	bo	62	1.825231144280e5	0.640558890
optical-lens	13	bo	63	1.825231144280e5	0.657109954
optical-lens	13	bo	64	1.825231144280e5	0.674596200
optical-lens	13	bo	65	1.825231144280e5	0.692139497
optical-lens	13	bo	66	1.825231144280e5	0.711802636
optical-lens	13	bo	67	1.825231144280e5	0.728838350
optical-lens	13	bo	68	1.825231144280e5	0.746684944
optical-lens	13	bo	69	1.825231144280e5	0.764467047
optical-lens	13	bo	70	1.825231144280e5	0.781987963
optical-lens	13	bo	71	1.825231144280e5	0.801098139
optical-lens	13	bo	72	1.825231144280e5	0.821370492
optical-lens	13	bo	73	1.825231144280e5	0.842047216
optical-lens	13	bo	74	1.825231144280e5	0.860316871
optical-lens	13	bo	75	1.825231144280e5	0.881529517
optical-lens	13	bo	76	1.825231144280e5	0.902547569
optical-lens	13	bo	77	1.825231144280e5	0.923800286
optical-lens	13	bo	78	1.825231144280e5	0.945284369
optical-lens	13	bo	79	1.825231144280e5	0.967094730
optical-lens	13	bo	80	1.825231144280e5	0.989120047
optical-lens	13	bo	81	1.825231144280e5	1.009146914
optical-lens	13	bo	82	1.825231144280e5	1.031539470
optical-lens	13	bo	83	1.825231144280e5	1.055707178
optical-lens	13	bo	84	1.825231144280e5	1.078035952
optical-lens	13	bo	85	1.825231144280e5	1.099909625
optical-lens	13	bo	86	1.825231144280e5	1.122526076
optical-lens	13	bo	87	1.825231144280e5	1.146326455
optical-lens	13	bo	88	1.825231144280e5	1.171690433
optical-lens	13	bo	89	1.825231144280e5	1.194301194
optical-lens	13	bo	90	1.825231144280e5	1.218757569
optical-lens	13	bo	91	1.825231144280e5	1.243087672
optical-lens	13	bo	92	1.825231144280e5	1.268025129
optical-lens	13	bo	93	1.825231144280e5	1.294754840
optical-lens	13	bo	94	1.825231144280e5	1.323173642
optical-lens	13	bo	95	1.825231144280e5	1.350997139
optical-lens	13	bo	96	6.410551089678e4	1.379716909
optical-lens	13	bo	97	6.410551089678e4	1.407566287
optical-lens	13	bo	98	6.410551089678e4	1.435087867
optical-lens	13	bo	99	6.410551089678e4	1.464030222
optical-lens	13	bo	100	6.410551089678e4	1.492693100
optical-lens	13	bo	101	6.410551089678e4	1.520111728
optical-lens	13	bo	102	6.410551089678e4	1.550934359
optical-lens	13	bo	103	6.410551089678e4	1.581313109
optical-lens	13	bo	104	6.410551089678e4	1.613554524
optical-lens	13	bo	105	6.410551089678e4	1.643423381
optical-lens	13	bo	106	6.410551089678e4	1.673464192
optical-lens	13	bo	107	6.410551089678e4	1.703848542
optical-lens	13	bo	108	6.410551089678e4	1.736504917
optical-lens	13	bo	109	6.410551089678e4	1.770229898
optical-lens	13	bo	110	6.410551089678e4	1.803424786
optical-lens	13	bo	111	6.410551089678e4	1.834515473
optical-lens	13	bo	112	6.410551089678e4	1.868175293
optical-lens	13	bo	113	6.410551089678e4	1.900204192
optical-lens	13	bo	114	6.410551089678e4	1.932026117
optical-lens	13	bo	115	6.410551089678e4	1.964242041
optical-lens	13	bo	116	6.410551089678e4	1.995793359
optical-lens	13	bo	117	6.410551089678e4	2.030012312
optical-lens	13	bo	118	6.410551089678e4	2.064049700
optical-lens	13	bo	119	6.410551089678e4	2.098818717
optical-lens	13	bo	120	6.410551089678e4	2.136580726
optical-lens	13	bo	121	6.410551089678e4	2.172953151
optical-lens	13	bo	122	6.410551089678e4	2.212877772
optical-lens	13	bo	123	6.410551089678e4	2.251138614
optical-lens	13	bo	124	6.410551089678e4	2.293283220
optical-lens	13	bo	125	6.410551089678e4	2.332220778
optical-lens	13	bo	126	6.410551089678e4	2.373119584
optical-lens	13	bo	127	6.410551089678e4	2.411678182
optical-lens	13	bo	128	6.410551089678e4	2.451225885
optical-lens	13	bo	129	6.410551089678e4	2.490788498
optical-lens	13	bo	130	6.410551089678e4	2.530969906
optical-lens	13	bo	131	6.410551089678e4	2.571901853
optical-lens	13	bo	132	6.410551089678e4	2.618732513
optical-lens	13	bo	133	6.410551089678e4	2.661581285
optical-lens	13	bo	134	6.410551089678e4	2.699570479
optical-lens	13	bo	135	6.410551089678e4	2.739614173
optical-lens	13	bo	136	6.410551089678e4	2.783656004
optical-lens	13	bo	137	6.410551089678e4	2.827387168
optical-lens	13	bo	138	6.410551089678e4	2.870981019
optical-lens	13	bo	139	6.410551089678e4	2.917538541
optical-lens	13	bo	140	6.410551089678e4	2.962754901
optical-lens	13	bo	141	6.410551089678e4	3.008057923
optical-lens	13	bo	142	6.410551089678e4	3.051269824
optical-lens	13	bo	143	6.410551089678e4	3.098571524
optical-lens	13	bo	144	6.410551089678e4	3.145372853
optical-lens	13	bo	145	6.410551089678e4	3.191111896
optical-lens	13	bo	146	6.410551089678e4	3.241534943
optical-lens	13	bo	147	6.410551089678e4	3.290044084
optical-lens	13	bo	148	6.410551089678e4	3.338645686
optical-lens	13	bo	149	6.410551089678e4	3.391102763
optical-lens	13	bo	150	6.410551089678e4	3.444416250
optical-lens	13	bo	151	6.410551089678e4	3.497664455
optical-lens	13	bo	152	5.169814561819e4	3.553036882
optical-lens	13	bo	153	5.169814561819e4	3.615430370
optical-lens	13	bo	154	5.169814561819e4	3.670866848
optical-lens	13	bo	155	5.169814561819e4	3.723970460
optical-lens	13	bo	156	5.169814561819e4	3.780141036
optical-lens	13	bo	157	5.169814561819e4	3.835697327
optical-lens	13	bo	158	5.169814561819e4	3.888789308
optical-lens	13	bo	159	5.169814561819e4	3.945134778
optical-lens	13	bo	160	5.169814561819e4	3.999530191
optical-lens	14	de	1	9.128709358570e14	0.000014180
optical-lens	14	de	2	9.128709358570e14	0.000014490
optical-lens	14	de	3	7.071067837875e14	0.000014550
optical-lens	14	de	4	7.071067837875e14	0.000014630
optical-lens	14	de	5	8.191170578362e4	0.000014700
optical-lens	14	de	6	8.191170578362e4	0.000014860
optical-lens	14	de	7	8.191170578362e4	0.000014930
optical-lens	14	de	8	8.191170578362e4	0.000015000
optical-lens	14	de	9	8.191170578362e4	0.000015060
optical-lens	14	de	10	8.191170578362e4	0.000015620
optical-lens	14	de	11	8.191170578362e4	0.000015680
optical-lens	14	de	12	8.191170578362e4	0.000015760
optical-lens	14	de	13	8.191170578362e4	0.000015830
optical-lens	14	de	14	8.191170578362e4	0.000015900
optical-lens	14	de	15	8.191170578362e4	0.000015970
optical-lens	14	de	16	8.191170578362e4	0.000016040
optical-lens	14	de	17	8.191170578362e4	0.000020360
optical-lens	14	de	18	8.191170578362e4	0.000020590
optical-lens	14	de	19	8.191170578362e4	0.000020650
optical-lens	14	de	20	8.191170578362e4	0.000020720
optical-lens	14	de	21	6.914744308977e4	0.000020790
optical-lens	14	de	22	6.914744308977e4	0.000021130
optical-lens	14	de	23	6.914744308977e4	0.000021480
optical-lens	14	de	24	6.914744308977e4	0.000021680
optical-lens	14	de	25	6.914744308977e4	0.000021750
optical-lens	14	de	26	6.914744308977e4	0.000021810
optical-lens	14	de	27	6.914744308977e4	0.000021890
optical-lens	14	de	28	6.914744308977e4	0.000021960
optical-lens	14	de	29	6.914744308977e4	0.000022030
optical-lens	14	de	30	6.914744308977e4	0.000022100
optical-lens	14	de	31	6.914744308977e4	0.000022170
optical-lens	14	de	32	6.914744308977e4	0.000022350
optical-lens	14	de	33	5.069872238528e4	0.000030780
optical-lens	14	de	34	3.740340291855e4	0.000031280
optical-lens	14	de	35	3.740340291855e4	0.000031410
optical-lens	14	de	36	3.740340291855e4	0.000031560
optical-lens	14	de	37	1.338346756726e4	0.000031640
optical-lens	14	de	38	1.338346756726e4	0.000031720
optical-lens	14	de	39	1.338346756726e4	0.000031790
optical-lens	14	de	40	1.338346756726e4	0.000031940
optical-lens	14	de	41	1.338346756726e4	0.000032010
optical-lens	14	de	42	1.338346756726e4	0.000032080
optical-lens	14	de	43	1.338346756726e4	0.000032140
optical-lens	14	de	44	1.338346756726e4	0.000032210
optical-lens	14	de	45	1.338346756726e4	0.000032370
optical-lens	14	de	46	9.127129859102e2	0.000032530
optical-lens	14	de	47	9.127129859102e2	0.000032590
optical-lens	14	de	48	9.127129859102e2	0.000032670
optical-lens	14	de	49	9.127129859102e2	0.000036920
optical-lens	14	de	50	9.127129859102e2	0.000036990
optical-lens	14	de	51	9.127129859102e2	0.000037060
optical-lens	14	de	52	9.127129859102e2	0.000037130
optical-lens	14	de	53	9.127129859102e2	0.000037210
optical-lens	14	de	54	9.127129859102e2	0.000037270
optical-lens	14	de	55	9.127129859102e2	0.000037350
optical-lens	14	de	56	9.127129859102e2	0.000037430
optical-lens	14	de	57	9.127129859102e2	0.000037500
optical-lens	14	de	58	9.127129859102e2	0.000037570
optical-lens	14	de	59	9.127129859102e2	0.000037640
optical-lens	14	de	60	9.127129859102e2	0.000037710
optical-lens	14	de	61	7.523602206008e2	0.000037780
optical-lens	14	de	62	7.523602206008e2	0.000037850
optical-lens	14	de	63	7.523602206008e2	0.000037920
optical-lens	14	de	64	7.523602206008e2	0.000037990
optical-lens	14	de	65	7.523602206008e2	0.000041710
optical-lens	14	de	66	7.523602206008e2	0.000042400
optical-lens	14	de	67	7.523602206008e2	0.000042470
optical-lens	14	de	68	7.523602206008e2	0.000042540
optical-lens	14	de	69	7.523602206008e2	0.000042610
optical-lens	14	de	70	7.523602206008e2	0.000042680
optical-lens	14	de	71	7.523602206008e2	0.000042820
optical-lens	14	de	72	7.523602206008e2	0.000042890
optical-lens	14	de	73	7.523602206008e2	0.000042960
optical-lens	14	de	74	7.523602206008e2	0.000043110
optical-lens	14	de	75	7.523602206008e2	0.000043180
optical-lens	14	de	76	7.523602206008e2	0.000043320
optical-lens	14	de	77	7.523602206008e2	0.000043380
optical-lens	14	de	78	7.523602206008e2	0.000043450
optical-lens	14	de	79	7.523602206008e2	0.000043590
optical-lens	14	de	80	7.523602206008e2	0.000043660
optical-lens	14	de	81	7.523602206008e2	0.000045920
optical-lens	14	de	82	7.523602206008e2	0.000046070
optical-lens	14	de	83	7.383772008271e2	0.000046140
optical-lens	14	de	84	7.383772008271e2	0.000046280
optical-lens	14	de	85	7.383772008271e2	0.000046350
optical-lens	14	de	86	7.383772008271e2	0.000046410
optical-lens	14	de	87	7.383772008271e2	0.000046560
optical-lens	14	de	88	7.383772008271e2	0.000046630
optical-lens	14	de	89	7.383772008271e2	0.000046700
optical-lens	14	de	90	7.383772008271e2	0.000046830
optical-lens	14	de	91	7.383772008271e2	0.000046900
optical-lens	14	de	92	7.383772008271e2	0.000047030
optical-lens	14	de	93	7.383772008271e2	0.000047100
optical-lens	14	de	94	7.383772008271e2	0.000047160
optical-lens	14	de	95	7.383772008271e2	0.000047350
optical-lens	14	de	96	7.383772008271e2	0.000047420
optical-lens	14	de	97	7.383772008271e2	0.000051760
optical-lens	14	de	98	7.383772008271e2	0.000051960
optical-lens	14	de	99	7.383772008271e2	0.000052030
optical-lens	14	de	100	7.383772008271e2	0.000052180
optical-lens	14	de	101	7.383772008271e2	0.000052250
optical-lens	14	de	102	7.383772008271e2	0.000052320
optical-lens	14	de	103	7.383772008271e2	0.000052390
optical-lens	14	de	104	7.383772008271e2	0.000052460
optical-lens	14	de	105	7.383772008271e2	0.000052530
optical-lens	14	de	106	7.383772008271e2	0.000052600
optical-lens	14	de	107	7.383772008271e2	0.000052660
optical-lens	14	de	108	7.383772008271e2	0.000052740
optical-lens	14	de	109	7.383772008271e2	0.000052800
optical-lens	14	de	110	7.383772008271e2	0.000052870
optical-lens	14	de	111	7.383772008271e2	0.000053010
optical-lens	14	de	112	7.383772008271e2	0.000053080
optical-lens	14	de	113	7.383772008271e2	0.000055200
optical-lens	14	de	114	7.383772008271e2	0.000055260
optical-lens	14	de	115	7.383772008271e2	0.000055330
optical-lens	14	de	116	7.383772008271e2	0.000055460
optical-lens	14	de	117	7.383772008271e2	0.000055530
optical-lens	14	de	118	7.383772008271e2	0.000055600
optical-lens	14	de	119	7.383772008271e2	0.000055740
optical-lens	14	de	120	7.383772008271e2	0.000055800
optical-lens	14	de	121	7.383772008271e2	0.000055870
optical-lens	14	de	122	7.383772008271e2	0.000055940
optical-lens	14	de	123	7.383772008271e2	0.000056010
optical-lens	14	de	124	7.383772008271e2	0.000056080
optical-lens	14	de	125	7.383772008271e2	0.000056140
optical-lens	14	de	126	7.383772008271e2	0.000056210
optical-lens	14	de	127	7.383772008271e2	0.000056280
optical-lens	14	de	128	7.383772008271e2	0.000056360
optical-lens	14	de	129	7.383772008271e2	0.000060360
optical-lens	14	de	130	7.383772008271e2	0.000060780
optical-lens	14	de	131	7.383772008271e2	0.000060850
optical-lens	14	de	132	7.383772008271e2	0.000060920
optical-lens	14	de	133	7.383772008271e2	0.000060980
optical-lens	14	de	134	7.383772008271e2	0.000061050
optical-lens	14	de	135	6.927333624673e2	0.000061120
optical-lens	14	de	136	6.927333624673e2	0.000061190
optical-lens	14	de	137	6.927333624673e2	0.000061260
optical-lens	14	de	138	6.927333624673e2	0.000061320
optical-lens	14	de	139	6.927333624673e2	0.000061380
optical-lens	14	de	140	6.927333624673e2	0.000061450
optical-lens	14	de	141	6.927333624673e2	0.000061510
optical-lens	14	de	142	6.927333624673e2	0.000061590
optical-lens	14	de	143	6.927333624673e2	0.000061660
optical-lens	14	de	144	6.927333624673e2	0.000061730
optical-lens	14	de	145	6.927333624673e2	0.000065720
optical-lens	14	de	146	6.927333624673e2	0.000065790
optical-lens	14	de	147	6.927333624673e2	0.000065860
optical-lens	14	de	148	6.927333624673e2	0.000065930
optical-lens	14	de	149	6.927333624673e2	0.000066000
optical-lens	14	de	150	6.927333624673e2	0.000066060
optical-lens	14	de	151	6.927333624673e2	0.000066210
optical-lens	14	de	152	6.927333624673e2	0.000066270
optical-lens	14	de	153	6.927333624673e2	0.000066340
optical-lens	14	de	154	6.927333624673e2	0.000066410
optical-lens	14	de	155	6.927333624673e2	0.000066480
optical-lens	14	de	156	6.927333624673e2	0.000066550
optical-lens	14	de	157	6.927333624673e2	0.000066620
optical-lens	14	de	158	6.927333624673e2	0.000066680
optical-lens	14	de	159	6.927333624673e2	0.000066760
optical-lens	14	de	160	6.927333624673e2	0.000066830
optical-lens	14	bo	1	9.128709352222e14	0.028317589
optical-lens	14	bo	2	9.128709352222e14	0.028318079
optical-lens	14	bo	3	9.128709352222e14	0.028318159
optical-lens	14	bo	4	7.071067844501e14	0.028318229
optical-lens	14	bo	5	7.071067844501e14	0.028318309
optical-lens	14	bo	6	7.071067824592e14	0.028318629
optical-lens	14	bo	7	7.071067824592e14	0.028318709
optical-lens	14	bo	8	7.071067814907e14	0.028318779
optical-lens	14	bo	9	7.071067814907e14	0.028318859
optical-lens	14	bo	10	7.071067814907e14	0.028319219
optical-lens	14	bo	11	7.071067814907e14	0.028319289
optical-lens	14	bo	12	7.071067814907e14	0.028319369
optical-lens	14	bo	13	7.071067814907e14	0.028319449
optical-lens	14	bo	14	7.071067814907e14	0.028319519
optical-lens	14	bo	15	7.071067814907e14	0.028319669
optical-lens	14	bo	16	7.071067814907e14	0.028319749
optical-lens	14	bo	17	7.071067814907e14	0.042426412
optical-lens	14	bo	18	7.071067814907e14	0.054719661
optical-lens	14	bo	19	7.071067814907e14	0.068497716
optical-lens	14	bo	20	7.071067814907e14	0.083271025
optical-lens	14	bo	21	7.071067814907e14	0.093833672
optical-lens	14	bo	22	7.071067814907e14	0.104406899
optical-lens	14	bo	23	2.074011350074e5	0.115531689
optical-lens	14	bo	24	2.074011350074e5	0.128036863
optical-lens	14	bo	25	2.074011350074e5	0.139581633
optical-lens	14	bo	26	2.074011350074e5	0.151221797
optical-lens	14	bo	27	2.074011350074e5	0.162849840
optical-lens	14	bo	28	2.074011350074e5	0.174810051
optical-lens	14	bo	29	2.074011350074e5	0.186781642
optical-lens	14	bo	30	2.074011350074e5	0.198468727
optical-lens	14	bo	31	2.074011350074e5	0.209976227
optical-lens	14	bo	32	2.074011350074e5	0.221499177
optical-lens	14	bo	33	2.074011350074e5	0.234573345
optical-lens	14	bo	34	2.074011350074e5	0.247437768
optical-lens	14	bo	35	2.074011350074e5	0.260384033
optical-lens	14	bo	36	2.074011350074e5	0.272261782
optical-lens	14	bo	37	2.074011350074e5	0.284668454
optical-lens	14	bo	38	2.074011350074e5	0.296884421
optical-lens	14	bo	39	2.074011350074e5	0.309889507
optical-lens	14	bo	40	2.074011350074e5	0.323525778
optical-lens	14	bo	41	2.074011350074e5	0.336777761
optical-lens	14	bo	42	2.074011350074e5	0.350484464
optical-lens	14	bo	43	2.074011350074e5	0.364092785
optical-lens	14	bo	44	2.074011350074e5	0.377835209
optical-lens	14	bo	45	2.074011350074e5	0.391497661
optical-lens	14	bo	46	2.074011350074e5	0.405297156
optical-lens	14	bo	47	2.074011350074e5	0.418956558
optical-lens	14	bo	48	2.074011350074e5	0.432781004
optical-lens	14	bo	49	2.074011350074e5	0.447082282
optical-lens	14	bo	50	2.074011350074e5	0.461638596
optical-lens	14	bo	51	2.074011350074e5	0.476806344
optical-lens	14	bo	52	2.074011350074e5	0.493259974
optical-lens	14	bo	53	2.074011350074e5	0.508515835
optical-lens	14	bo	54	2.074011350074e5	0.524478823
optical-lens	14	bo	55	2.074011350074e5	0.540389039
optical-lens	14	bo	56	1.184373331994e5	0.555246760
optical-lens	14	bo	57	1.184373331994e5	0.570662954
optical-lens	14	bo	58	1.184373331994e5	0.588046007
optical-lens	14	bo	59	1.184373331994e5	0.604168899
optical-lens	14	bo	60	1.184373331994e5	0.621516011
optical-lens	14	bo	61	1.184373331994e5	0.638646217
optical-lens	14	bo	62	1.184373331994e5	0.655558628
optical-lens	14	bo	63	1.184373331994e5	0.673755071
optical-lens	14	bo	64	1.184373331994e5	0.692071536
optical-lens	14	bo	65	1.184373331994e5	0.709875439
optical-lens	14	bo	66	1.184373331994e5	0.728165043
optical-lens	14	bo	67	1.184373331994e5	0.745495804
optical-lens	14	bo	68	1.184373331994e5	0.762434886
optical-lens	14	bo	69	1.184373331994e5	0.781122700
optical-lens	14	bo	70	1.184373331994e5	0.801754352
optical-lens	14	bo	71	1.184373331994e5	0.819923733
optical-lens	14	bo	72	1.184373331994e5	0.838954776
optical-lens	14	bo	73	1.184373331994e5	0.857190749
optical-lens	14	bo	74	1.184373331994e5	0.876181471
optical-lens	14	bo	75	1.184373331994e5	0.894651580
optical-lens	14	bo	76	1.184373331994e5	0.916283536
optical-lens	14	bo	77	1.184373331994e5	0.937247296
optical-lens	14	bo	78	1.184373331994e5	0.957805256
optical-lens	14	bo	79	1.184373331994e5	0.979674628
optical-lens	14	bo	80	1.184373331994e5	1.000043423
optical-lens	14	bo	81	1.184373331994e5	1.022427027
optical-lens	14	bo	82	1.184373331994e5	1.043129400
optical-lens	14	bo	83	1.184373331994e5	1.064117201
optical-lens	14	bo	84	1.184373331994e5	1.086327440
optical-lens	14	bo	85	1.184373331994e5	1.110769544
optical-lens	14	bo	86	1.184373331994e5	1.133863415
optical-lens	14	bo	87	2.223952722587e4	1.156611598
optical-lens	14	bo	88	2.223952722587e4	1.179237828
optical-lens	14	bo	89	2.223952722587e4	1.202696268
optical-lens	14	bo	90	2.223952722587e4	1.225694327
optical-lens	14	bo	91	2.223952722587e4	1.250017258
optical-lens	14	bo	92	2.223952722587e4	1.280361956
optical-lens	14	bo	93	2.223952722587e4	1.305033635
optical-lens	14	bo	94	2.223952722587e4	1.331433017
optical-lens	14	bo	95	2.223952722587e4	1.356680990
optical-lens	14	bo	96	2.223952722587e4	1.382398226
optical-lens	14	bo	97	2.223952722587e4	1.408655504
optical-lens	14	bo	98	2.223952722587e4	1.435789764
optical-lens	14	bo	99	2.223952722587e4	1.464041981
optical-lens	14	bo	100	2.223952722587e4	1.492183304
optical-lens	14	bo	101	2.223952722587e4	1.519140179
optical-lens	14	bo	102	2.223952722587e4	1.546582396
optical-lens	14	bo	103	2.223952722587e4	1.575113869
optical-lens	14	bo	104	2.223952722587e4	1.603000026
optical-lens	14	bo	105	2.223952722587e4	1.629572971
optical-lens	14	bo	106	2.223952722587e4	1.661492797
optical-lens	14	bo	107	2.223952722587e4	1.692012598
optical-lens	14	bo	108	2.223952722587e4	1.722551330
optical-lens	14	bo	109	2.223952722587e4	1.752996900
optical-lens	14	bo	110	2.223952722587e4	1.785089360
optical-lens	14	bo	111	2.223952722587e4	1.818717028
optical-lens	14	bo	112	2.223952722587e4	1.851316350
optical-lens	14	bo	113	2.223952722587e4	1.885221264
optical-lens	14	bo	114	2.223952722587e4	1.918065082
optical-lens	14	bo	115	2.223952722587e4	1.952109449
optical-lens	14	bo	116	2.223952722587e4	1.985191302
optical-lens	14	bo	117	2.223952722587e4	2.018046270
optical-lens	14	bo	118	2.223952722587e4	2.051827781
optical-lens	14	bo	119	2.223952722587e4	2.088739708
optical-lens	14	bo	120	2.223952722587e4	2.125563643
optical-lens	14	bo	121	2.223952722587e4	2.162623143
optical-lens	14	bo	122	2.223952722587e4	2.200884772
optical-lens	14	bo	123	2.223952722587e4	2.238108786
optical-lens	14	bo	124	2.223952722587e4	2.275133556
optical-lens	14	bo	125	2.223952722587e4	2.314945024
optical-lens	14	bo	126	2.223952722587e4	2.354177107
optical-lens	14	bo	127	2.223952722587e4	2.393827010
optical-lens	14	bo	128	2.223952722587e4	2.433649787
optical-lens	14	bo	129	2.223952722587e4	2.476520688
optical-lens	14	bo	130	2.223952722587e4	2.518355724
optical-lens	14	bo	131	2.223952722587e4	2.558761275
optical-lens	14	bo	132	2.223952722587e4	2.602290892
optical-lens	14	bo	133	2.223952722587e4	2.645508522
optical-lens	14	bo	134	2.223952722587e4	2.690046644
optical-lens	14	bo	135	2.223952722587e4	2.734879222
optical-lens	14	bo	136	2.223952722587e4	2.776855652
optical-lens	14	bo	137	2.223952722587e4	2.820338937
optical-lens	14	bo	138	2.223952722587e4	2.869311466
optical-lens	14	bo	139	2.223952722587e4	2.918113321
optical-lens	14	bo	140	2.223952722587e4	2.965947263
optical-lens	14	bo	141	2.223952722587e4	3.011885908
optical-lens	14	bo	142	2.223952722587e4	3.057914456
optical-lens	14	bo	143	2.223952722587e4	3.105952382
optical-lens	14	bo	144	2.223952722587e4	3.159327148
optical-lens	14	bo	145	2.223952722587e4	3.215348988
optical-lens	14	bo	146	2.223952722587e4	3.270556029
optical-lens	14	bo	147	2.223952722587e4	3.323640988
optical-lens	14	bo	148	2.223952722587e4	3.374131774
optical-lens	14	bo	149	2.223952722587e4	3.426466064
optical-lens	14	bo	150	2.223952722587e4	3.477280747
optical-lens	14	bo	151	2.223952722587e4	3.527207678
optical-lens	14	bo	152	2.223952722587e4	3.582369267
optical-lens	14	bo	153	2.223952722587e4	3.633558429
optical-lens	14	bo	154	2.223952722587e4	3.688939323
optical-lens	14	bo	155	2.223952722587e4	3.745349632
optical-lens	14	bo	156	2.223952722587e4	3.800786447
optical-lens	14	bo	157	2.223952722587e4	3.856223113
optical-lens	14	bo	158	2.223952722587e4	3.913088083
optical-lens	14	bo	159	2.223952722587e4	3.969717337
optical-lens	14	bo	160	2.223952722587e4	4.026965917
optical-lens	15	de	1	7.071067872451e14	0.000014230
optical-lens	15	de	2	7.071067872451e14	0.000014540
optical-lens	15	de	3	7.071067872451e14	0.000014620
optical-lens	15	de	4	7.071067872451e14	0.000014690
optical-lens	15	de	5	7.071067872451e14	0.000014930
optical-lens	15	de	6	7.071067857601e14	0.000015620
optical-lens	15	de	7	7.071067820302e14	0.000015690
optical-lens	15	de	8	7.071067820302e14	0.000015830
optical-lens	15	de	9	7.071067820302e14	0.000015910
optical-lens	15	de	10	7.071067814294e14	0.000016230
optical-lens	15	de	11	7.071067814294e14	0.000016310
optical-lens	15	de	12	7.071067814294e14	0.000016380
optical-lens	15	de	13	7.071067814294e14	0.000016530
optical-lens	15	de	14	1.772345727553e5	0.000016710
optical-lens	15	de	15	1.772345727553e5	0.000016870
optical-lens	15	de	16	1.772345727553e5	0.000017020
optical-lens	15	de	17	1.772345727553e5	0.000022030
optical-lens	15	de	18	1.772345727553e5	0.000022390
optical-lens	15	de	19	1.772345727553e5	0.000022450
optical-lens	15	de	20	1.772345727553e5	0.000022510
optical-lens	15	de	21	1.772345727553e5	0.000022580
optical-lens	15	de	22	1.772345727553e5	0.000022650
optical-lens	15	de	23	1.772345727553e5	0.000022720
optical-lens	15	de	24	1.772345727553e5	0.000022790
optical-lens	15	de	25	1.772345727553e5	0.000022860
optical-lens	15	de	26	1.772345727553e5	0.000022930
optical-lens	15	de	27	1.772345727553e5	0.000023000
optical-lens	15	de	28	1.772345727553e5	0.000023130
optical-lens	15	de	29	1.772345727553e5	0.000023200
optical-lens	15	de	30	1.360317904671e5	0.000023270
optical-lens	15	de	31	1.360317904671e5	0.000023460
optical-lens	15	de	32	1.360317904671e5	0.000023590
optical-lens	15	de	33	1.360317904671e5	0.000029850
optical-lens	15	de	34	1.360317904671e5	0.000030210
optical-lens	15	de	35	1.360317904671e5	0.000030290
optical-lens	15	de	36	1.360317904671e5	0.000030360
optical-lens	15	de	37	1.360317904671e5	0.000030430
optical-lens	15	de	38	1.360317904671e5	0.000030500
optical-lens	15	de	39	1.360317904671e5	0.000030570
optical-lens	15	de	40	1.360317904671e5	0.000030640
optical-lens	15	de	41	1.360317904671e5	0.000030710
optical-lens	15	de	42	1.280009973508e5	0.000030780
optical-lens	15	de	43	1.280009973508e5	0.000030850
optical-lens	15	de	44	1.280009973508e5	0.000030920
optical-lens	15	de	45	4.723279643025e4	0.000030990
optical-lens	15	de	46	3.402483667438e4	0.000031060
optical-lens	15	de	47	3.402483667438e4	0.000031120
optical-lens	15	de	48	3.402483667438e4	0.000031180
optical-lens	15	de	49	3.402483667438e4	0.000034510
optical-lens	15	de	50	3.402483667438e4	0.000034580
optical-lens	15	de	51	3.402483667438e4	0.000034660
optical-lens	15	de	52	2.149578560192e3	0.000034730
optical-lens	15	de	53	2.149578560192e3	0.000034790
optical-lens	15	de	54	2.149578560192e3	0.000034860
optical-lens	15	de	55	2.149578560192e3	0.000034930
optical-lens	15	de	56	2.149578560192e3	0.000035000
optical-lens	15	de	57	2.149578560192e3	0.000035070
optical-lens	15	de	58	2.149578560192e3	0.000035140
optical-lens	15	de	59	2.149578560192e3	0.000035210
optical-lens	15	de	60	2.149578560192e3	0.000035270
optical-lens	15	de	61	2.149578560192e3	0.000035340
optical-lens	15	de	62	2.149578560192e3	0.000035410
optical-lens	15	de	63	2.149578560192e3	0.000035480
optical-lens	15	de	64	2.149578560192e3	0.000035540
optical-lens	15	de	65	2.149578560192e3	0.000038650
optical-lens	15	de	66	2.149578560192e3	0.000038930
optical-lens	15	de	67	2.149578560192e3	0.000039000
optical-lens	15	de	68	2.149578560192e3	0.000039070
optical-lens	15	de	69	2.149578560192e3	0.000039140
optical-lens	15	de	70	2.149578560192e3	0.000039210
optical-lens	15	de	71	2.149578560192e3	0.000039280
optical-lens	15	de	72	2.149578560192e3	0.000039350
optical-lens	15	de	73	2.149578560192e3	0.000039410
optical-lens	15	de	74	2.149578560192e3	0.000039480
optical-lens	15	de	75	2.149578560192e3	0.000039540
optical-lens	15	de	76	2.149578560192e3	0.000039620
optical-lens	15	de	77	2.149578560192e3	0.000039690
optical-lens	15	de	78	2.149578560192e3	0.000039760
optical-lens	15	de	79	2.149578560192e3	0.000039830
optical-lens	15	de	80	2.149578560192e3	0.000039900
optical-lens	15	de	81	2.149578560192e3	0.000042500
optical-lens	15	de	82	2.149578560192e3	0.000042570
optical-lens	15	de	83	2.149578560192e3	0.000042630
optical-lens	15	de	84	2.149578560192e3	0.000042710
optical-lens	15	de	85	2.149578560192e3	0.000042780
optical-lens	15	de	86	2.149578560192e3	0.000042840
optical-lens	15	de	87	2.149578560192e3	0.000042910
optical-lens	15	de	88	2.149578560192e3	0.000042980
optical-lens	15	de	89	8.251846959988e2	0.000043050
optical-lens	15	de	90	8.251846959988e2	0.000043120
optical-lens	15	de	91	8.251846959988e2	0.000043190
optical-lens	15	de	92	8.251846959988e2	0.000043260
optical-lens	15	de	93	8.251846959988e2	0.000043330
optical-lens	15	de	94	8.251846959988e2	0.000043400
optical-lens	15	de	95	8.251846959988e2	0.000043470
optical-lens	15	de	96	8.251846959988e2	0.000043540
optical-lens	15	de	97	8.251846959988e2	0.000046720
optical-lens	15	de	98	8.251846959988e2	0.000046790
optical-lens	15	de	99	8.251846959988e2	0.000046860
optical-lens	15	de	100	8.251846959988e2	0.000046930
optical-lens	15	de	101	8.251846959988e2	0.000047000
optical-lens	15	de	102	7.773899907901e2	0.000047070
optical-lens	15	de	103	7.773899907901e2	0.000047140
optical-lens	15	de	104	7.773899907901e2	0.000047210
optical-lens	15	de	105	7.773899907901e2	0.000047280
optical-lens	15	de	106	7.773899907901e2	0.000047340
optical-lens	15	de	107	7.773899907901e2	0.000047420
optical-lens	15	de	108	7.773899907901e2	0.000047490
optical-lens	15	de	109	7.773899907901e2	0.000047560
optical-lens	15	de	110	7.773899907901e2	0.000047630
optical-lens	15	de	111	7.773899907901e2	0.000047780
optical-lens	15	de	112	7.773899907901e2	0.000047850
optical-lens	15	de	113	7.773899907901e2	0.000050190
optical-lens	15	de	114	7.773899907901e2	0.000050310
optical-lens	15	de	115	7.773899907901e2	0.000050380
optical-lens	15	de	116	7.773899907901e2	0.000050510
optical-lens	15	de	117	7.773899907901e2	0.000050570
optical-lens	15	de	118	7.773899907901e2	0.000050640
optical-lens	15	de	119	7.773899907901e2	0.000050780
optical-lens	15	de	120	7.773899907901e2	0.000050850
optical-lens	15	de	121	7.773899907901e2	0.000050920
optical-lens	15	de	122	7.773899907901e2	0.000050980
optical-lens	15	de	123	7.773899907901e2	0.000051050
optical-lens	15	de	124	7.773899907901e2	0.000051110
optical-lens	15	de	125	7.773899907901e2	0.000051180
optical-lens	15	de	126	7.773899907901e2	0.000051250
optical-lens	15	de	127	7.773899907901e2	0.000051320
optical-lens	15	de	128	7.773899907901e2	0.000051390
optical-lens	15	de	129	7.773899907901e2	0.000054170
optical-lens	15	de	130	7.773899907901e2	0.000054490
optical-lens	15	de	131	7.773899907901e2	0.000054570
optical-lens	15	de	132	7.773899907901e2	0.000054640
optical-lens	15	de	133	7.583776681000e2	0.000054710
optical-lens	15	de	134	7.583776681000e2	0.000054780
optical-lens	15	de	135	7.501607397867e2	0.000054840
optical-lens	15	de	136	7.501607397867e2	0.000054920
optical-lens	15	de	137	7.501607397867e2	0.000054990
optical-lens	15	de	138	7.501607397867e2	0.000055060
optical-lens	15	de	139	7.501607397867e2	0.000055120
optical-lens	15	de	140	7.501607397867e2	0.000055190
optical-lens	15	de	141	7.501607397867e2	0.000055260
optical-lens	15	de	142	7.501607397867e2	0.000055330
optical-lens	15	de	143	7.501607397867e2	0.000055400
optical-lens	15	de	144	7.501607397867e2	0.000055470
optical-lens	15	de	145	7.501607397867e2	0.000057820
optical-lens	15	de	146	7.501607397867e2	0.000057890
optical-lens	15	de	147	7.501607397867e2	0.000057960
optical-lens	15	de	148	7.501607397867e2	0.000058030
optical-lens	15	de	149	7.501607397867e2	0.000058100
optical-lens	15	de	150	7.501607397867e2	0.000058170
optical-lens	15	de	151	7.501607397867e2	0.000058240
optical-lens	15	de	152	7.501607397867e2	0.000058310
optical-lens	15	de	153	7.501607397867e2	0.000058380
optical-lens	15	de	154	7.501607397867e2	0.000058450
optical-lens	15	de	155	7.501607397867e2	0.000058510
optical-lens	15	de	156	7.501607397867e2	0.000058580
optical-lens	15	de	157	7.501607397867e2	0.000058650
optical-lens	15	de	158	7.501607397867e2	0.000058720
optical-lens	15	de	159	7.501607397867e2	0.000058780
optical-lens	15	de	160	7.346379215890e2	0.000058860
optical-lens	15	bo	1	9.128709352479e14	0.027623820
optical-lens	15	bo	2	9.128709352479e14	0.027624090
optical-lens	15	bo	3	7.071067872181e14	0.027624170
optical-lens	15	bo	4	2.746086474833e5	0.027624280
optical-lens	15	bo	5	2.746086474833e5	0.027624360
optical-lens	15	bo	6	2.746086474833e5	0.027624580
optical-lens	15	bo	7	2.746086474833e5	0.027624660
optical-lens	15	bo	8	4.943644501195e4	0.027624740
optical-lens	15	bo	9	4.943644501195e4	0.027624820
optical-lens	15	bo	10	4.943644501195e4	0.027625040
optical-lens	15	bo	11	4.943644501195e4	0.027625120
optical-lens	15	bo	12	4.943644501195e4	0.027625200
optical-lens	15	bo	13	4.943644501195e4	0.027625280
optical-lens	15	bo	14	4.943644501195e4	0.027625350
optical-lens	15	bo	15	4.943644501195e4	0.027625430
optical-lens	15	bo	16	4.943644501195e4	0.027625510
optical-lens	15	bo	17	4.943644501195e4	0.041722722
optical-lens	15	bo	18	4.943644501195e4	0.053878447
optical-lens	15	bo	19	4.943644501195e4	0.064860423
optical-lens	15	bo	20	4.943644501195e4	0.076109896
optical-lens	15	bo	21	4.943644501195e4	0.088766013
optical-lens	15	bo	22	4.943644501195e4	0.100464677
optical-lens	15	bo	23	4.943644501195e4	0.111523145
optical-lens	15	bo	24	4.943644501195e4	0.123107676
optical-lens	15	bo	25	4.943644501195e4	0.135862075
optical-lens	15	bo	26	4.943644501195e4	0.148409279
optical-lens	15	bo	27	4.943644501195e4	0.161313603
optical-lens	15	bo	28	4.943644501195e4	0.175006585
optical-lens	15	bo	29	4.943644501195e4	0.187724423
optical-lens	15	bo	30	4.943644501195e4	0.200007241
optical-lens	15	bo	31	4.943644501195e4	0.214172335
optical-lens	15	bo	32	4.943644501195e4	0.229106238
optical-lens	15	bo	33	4.943644501195e4	0.243308673
optical-lens	15	bo	34	4.943644501195e4	0.255948270
optical-lens	15	bo	35	4.943644501195e4	0.269376716
optical-lens	15	bo	36	4.943644501195e4	0.282715440
optical-lens	15	bo	37	4.943644501195e4	0.296504125
optical-lens	15	bo	38	4.943644501195e4	0.310687629
optical-lens	15	bo	39	4.943644501195e4	0.324075954
optical-lens	15	bo	40	4.943644501195e4	0.337469759
optical-lens	15	bo	41	4.943644501195e4	0.351728474
optical-lens	15	bo	42	4.943644501195e4	0.365822426
optical-lens	15	bo	43	4.943644501195e4	0.379846286
optical-lens	15	bo	44	4.943644501195e4	0.396037168
optical-lens	15	bo	45	4.943644501195e4	0.411518223
optical-lens	15	bo	46	4.943644501195e4	0.425324968
optical-lens	15	bo	47	4.943644501195e4	0.440051035
optical-lens	15	bo	48	4.943644501195e4	0.456324760
optical-lens	15	bo	49	4.943644501195e4	0.471763044
optical-lens	15	bo	50	4.943644501195e4	0.491002461
optical-lens	15	bo	51	4.943644501195e4	0.512949433
optical-lens	15	bo	52	4.943644501195e4	0.538921153
optical-lens	15	bo	53	4.943644501195e4	0.558797026
optical-lens	15	bo	54	4.943644501195e4	0.576155177
optical-lens	15	bo	55	4.943644501195e4	0.591577461
optical-lens	15	bo	56	4.943644501195e4	0.607823485
optical-lens	15	bo	57	4.943644501195e4	0.624425598
optical-lens	15	bo	58	4.943644501195e4	0.641022050
optical-lens	15	bo	59	4.943644501195e4	0.657425018
optical-lens	15	bo	60	4.943644501195e4	0.673505308
optical-lens	15	bo	61	4.943644501195e4	0.691308530
optical-lens	15	bo	62	4.943644501195e4	0.709223165
optical-lens	15	bo	63	4.943644501195e4	0.726364630
optical-lens	15	bo	64	4.943644501195e4	0.744243094
optical-lens	15	bo	65	4.943644501195e4	0.761595064
optical-lens	15	bo	66	4.943644501195e4	0.779223942
optical-lens	15	bo	67	4.943644501195e4	0.798589582
optical-lens	15	bo	68	4.943644501195e4	0.816773233
optical-lens	15	bo	69	4.943644501195e4	0.834876812
optical-lens	15	bo	70	4.943644501195e4	0.853128265
optical-lens	15	bo	71	4.943644501195e4	0.871840669
optical-lens	15	bo	72	4.943644501195e4	0.891254039
optical-lens	15	bo	73	4.943644501195e4	0.910488846
optical-lens	15	bo	74	4.943644501195e4	0.929662841
optical-lens	15	bo	75	4.943644501195e4	0.949327758
optical-lens	15	bo	76	4.943644501195e4	0.970491491
optical-lens	15	bo	77	4.943644501195e4	0.991671605
optical-lens	15	bo	78	4.943644501195e4	1.012168092
optical-lens	15	bo	79	4.943644501195e4	1.033743075
optical-lens	15	bo	80	4.943644501195e4	1.054566620
optical-lens	15	bo	81	4.943644501195e4	1.075200851
optical-lens	15	bo	82	4.943644501195e4	1.096982280
optical-lens	15	bo	83	4.943644501195e4	1.120174212
optical-lens	15	bo	84	4.943644501195e4	1.142068993
optical-lens	15	bo	85	4.943644501195e4	1.165208884
optical-lens	15	bo	86	4.943644501195e4	1.187825962
optical-lens	15	bo	87	4.943644501195e4	1.210914522
optical-lens	15	bo	88	4.943644501195e4	1.233341256
optical-lens	15	bo	89	4.943644501195e4	1.255352880
optical-lens	15	bo	90	4.943644501195e4	1.280052769
optical-lens	15	bo	91	4.943644501195e4	1.304688347
optical-lens	15	bo	92	4.943644501195e4	1.331852926
optical-lens	15	bo	93	4.943644501195e4	1.356884842
optical-lens	15	bo	94	4.943644501195e4	1.383125119
optical-lens	15	bo	95	4.943644501195e4	1.410459471
optical-lens	15	bo	96	4.943644501195e4	1.437295601
optical-lens	15	bo	97	4.943644501195e4	1.465706760
optical-lens	15	bo	98	4.943644501195e4	1.495594794
optical-lens	15	bo	99	4.943644501195e4	1.523954401
optical-lens	15	bo	100	4.943644501195e4	1.553012846
optical-lens	15	bo	101	4.943644501195e4	1.580645186
optical-lens	15	bo	102	4.943644501195e4	1.610231684
optical-lens	15	bo	103	4.943644501195e4	1.638558420
optical-lens	15	bo	104	4.943644501195e4	1.668176748
optical-lens	15	bo	105	4.943644501195e4	1.697962840
optical-lens	15	bo	106	4.943644501195e4	1.728444049
optical-lens	15	bo	107	4.943644501195e4	1.758827566
optical-lens	15	bo	108	4.943644501195e4	1.790928464
optical-lens	15	bo	109	4.943644501195e4	1.821878785
optical-lens	15	bo	110	4.943644501195e4	1.854186988
optical-lens	15	bo	111	4.943644501195e4	1.887981167
optical-lens	15	bo	112	4.943644501195e4	1.922174156
optical-lens	15	bo	113	4.943644501195e4	1.956403106
optical-lens	15	bo	114	4.943644501195e4	1.988046584
optical-lens	15	bo	115	4.943644501195e4	2.022659583
optical-lens	15	bo	116	4.943644501195e4	2.057622871
optical-lens	15	bo	117	4.943644501195e4	2.090511019
optical-lens	15	bo	118	4.943644501195e4	2.125455286
optical-lens	15	bo	119	4.943644501195e4	2.159705206
optical-lens	15	bo	120	4.943644501195e4	2.197536343
optical-lens	15	bo	121	4.943644501195e4	2.232804898
optical-lens	15	bo	122	4.943644501195e4	2.267401937
optical-lens	15	bo	123	4.943644501195e4	2.301918154
optical-lens	15	bo	124	4.943644501195e4	2.341337030
optical-lens	15	bo	125	4.943644501195e4	2.380350436
optical-lens	15	bo	126	4.943644501195e4	2.419749151
optical-lens	15	bo	127	4.943644501195e4	2.457791973
optical-lens	15	bo	128	4.943644501195e4	2.499399841
optical-lens	15	bo	129	4.943644501195e4	2.544095305
optical-lens	15	bo	130	4.943644501195e4	2.584143205
optical-lens	15	bo	131	4.943644501195e4	2.629444813
optical-lens	15	bo	132	4.943644501195e4	2.669076393
optical-lens	15	bo	133	4.943644501195e4	2.710427575
optical-lens	15	bo	134	4.943644501195e4	2.756945602
optical-lens	15	bo	135	4.943644501195e4	2.804899374
optical-lens	15	bo	136	4.943644501195e4	2.857071318
optical-lens	15	bo	137	4.943644501195e4	2.907030738
optical-lens	15	bo	138	4.943644501195e4	2.955431281
optical-lens	15	bo	139	4.943644501195e4	3.008042016
optical-lens	15	bo	140	4.943644501195e4	3.054903072
optical-lens	15	bo	141	4.943644501195e4	3.101109692
optical-lens	15	bo	142	4.943644501195e4	3.148249984
optical-lens	15	bo	143	4.943644501195e4	3.198264997
optical-lens	15	bo	144	4.943644501195e4	3.247969491
optical-lens	15	bo	145	4.943644501195e4	3.296827765
optical-lens	15	bo	146	4.943644501195e4	3.344800367
optical-lens	15	bo	147	4.943644501195e4	3.393973258
optical-lens	15	bo	148	4.943644501195e4	3.443706613
optical-lens	15	bo	149	4.943644501195e4	3.494802900
optical-lens	15	bo	150	4.943644501195e4	3.548770967
optical-lens	15	bo	151	4.943644501195e4	3.600459479
optical-lens	15	bo	152	4.943644501195e4	3.652034128
optical-lens	15	bo	153	4.943644501195e4	3.706187079
optical-lens	15	bo	154	4.943644501195e4	3.759501151
optical-lens	15	bo	155	4.943644501195e4	3.814043702
optical-lens	15	bo	156	4.943644501195e4	3.869361361
optical-lens	15	bo	157	4.943644501195e4	3.926838823
optical-lens	15	bo	158	4.943644501195e4	3.982599623
optical-lens	15	bo	159	4.943644501195e4	4.041544740
optical-lens	15	bo	160	4.943644501195e4	4.102299042
optical-lens	16	de	1	7.071067825598e14	0.000018670
optical-lens	16	de	2	7.071067825598e14	0.000019100
optical-lens	16	de	3	7.059669014121e2	0.000019160
optical-lens	16	de	4	7.059669014121e2	0.000019240
optical-lens	16	de	5	7.059669014121e2	0.000019420
optical-lens	16	de	6	7.059669014121e2	0.000020080
optical-lens	16	de	7	7.059669014121e2	0.000020140
optical-lens	16	de	8	7.059669014121e2	0.000020210
optical-lens	16	de	9	7.059669014121e2	0.000020290
optical-lens	16	de	10	7.059669014121e2	0.000020530
optical-lens	16	de	11	7.059669014121e2	0.000020600
optical-lens	16	de	12	7.059669014121e2	0.000020670
optical-lens	16	de	13	7.059669014121e2	0.000020730
optical-lens	16	de	14	7.059669014121e2	0.000020810
optical-lens	16	de	15	7.059669014121e2	0.000020880
optical-lens	16	de	16	7.059669014121e2	0.000020950
optical-lens	16	de	17	7.059669014121e2	0.000027360
optical-lens	16	de	18	7.059669014121e2	0.000027580
optical-lens	16	de	19	7.059669014121e2	0.000027640
optical-lens	16	de	20	7.059669014121e2	0.000027720
optical-lens	16	de	21	7.059669014121e2	0.000027790
optical-lens	16	de	22	7.059669014121e2	0.000027860
optical-lens	16	de	23	7.059669014121e2	0.000027930
optical-lens	16	de	24	7.059669014121e2	0.000028000
optical-lens	16	de	25	7.059669014121e2	0.000028070
optical-lens	16	de	26	7.059669014121e2	0.000028140
optical-lens	16	de	27	7.059669014121e2	0.000028200
optical-lens	16	de	28	7.059669014121e2	0.000028270
optical-lens	16	de	29	7.059669014121e2	0.000028340
optical-lens	16	de	30	7.059669014121e2	0.000028410
optical-lens	16	de	31	7.059669014121e2	0.000028480
optical-lens	16	de	32	7.059669014121e2	0.000028550
optical-lens	16	de	33	7.059669014121e2	0.000033460
optical-lens	16	de	34	7.059669014121e2	0.000033690
optical-lens	16	de	35	7.059669014121e2	0.000033760
optical-lens	16	de	36	7.059669014121e2	0.000033830
optical-lens	16	de	37	7.059669014121e2	0.000033900
optical-lens	16	de	38	7.059669014121e2	0.000033970
optical-lens	16	de	39	7.059669014121e2	0.000034040
optical-lens	16	de	40	7.059669014121e2	0.000034100
optical-lens	16	de	41	7.059669014121e2	0.000034180
optical-lens	16	de	42	3.887832259363e2	0.000034250
optical-lens	16	de	43	3.887832259363e2	0.000034320
optical-lens	16	de	44	3.887832259363e2	0.000034390
optical-lens	16	de	45	3.887832259363e2	0.000034460
optical-lens	16	de	46	3.887832259363e2	0.000034530
optical-lens	16	de	47	3.887832259363e2	0.000034600
optical-lens	16	de	48	3.887832259363e2	0.000034670
optical-lens	16	de	49	3.887832259363e2	0.000036680
optical-lens	16	de	50	3.887832259363e2	0.000036750
optical-lens	16	de	51	3.887832259363e2	0.000036820
optical-lens	16	de	52	3.887832259363e2	0.000036890
optical-lens	16	de	53	3.887832259363e2	0.000036950
optical-lens	16	de	54	3.887832259363e2	0.000037020
optical-lens	16	de	55	3.887832259363e2	0.000037080
optical-lens	16	de	56	3.887832259363e2	0.000037150
optical-lens	16	de	57	3.887832259363e2	0.000037220
optical-lens	16	de	58	3.887832259363e2	0.000037350
optical-lens	16	de	59	3.887832259363e2	0.000037410
optical-lens	16	de	60	3.887832259363e2	0.000037480
optical-lens	16	de	61	2.597699292230e2	0.000037620
optical-lens	16	de	62	2.597699292230e2	0.000037690
optical-lens	16	de	63	2.597699292230e2	0.000037760
optical-lens	16	de	64	2.597699292230e2	0.000037880
optical-lens	16	de	65	2.597699292230e2	0.000041080
optical-lens	16	de	66	2.597699292230e2	0.000041250
optical-lens	16	de	67	2.597699292230e2	0.000041320
optical-lens	16	de	68	2.597699292230e2	0.000041390
optical-lens	16	de	69	2.597699292230e2	0.000041450
optical-lens	16	de	70	2.597699292230e2	0.000041520
optical-lens	16	de	71	2.597699292230e2	0.000041590
optical-lens	16	de	72	2.597699292230e2	0.000041660
optical-lens	16	de	73	2.597699292230e2	0.000041730
optical-lens	16	de	74	2.597699292230e2	0.000041800
optical-lens	16	de	75	2.597699292230e2	0.000041870
optical-lens	16	de	76	2.597699292230e2	0.000041940
optical-lens	16	de	77	2.597699292230e2	0.000042010
optical-lens	16	de	78	2.597699292230e2	0.000042080
optical-lens	16	de	79	2.597699292230e2	0.000042150
optical-lens	16	de	80	2.597699292230e2	0.000042220
optical-lens	16	de	81	2.597699292230e2	0.000044451
optical-lens	16	de	82	2.597699292230e2	0.000044521
optical-lens	16	de	83	2.597699292230e2	0.000044591
optical-lens	16	de	84	2.597699292230e2	0.000044671
optical-lens	16	de	85	2.597699292230e2	0.000044741
optical-lens	16	de	86	2.597699292230e2	0.000044812
optical-lens	16	de	87	2.586002850211e2	0.000044882
optical-lens	16	de	88	2.586002850211e2	0.000044952
optical-lens	16	de	89	2.586002850211e2	0.000045022
optical-lens	16	de	90	2.586002850211e2	0.000045082
optical-lens	16	de	91	2.586002850211e2	0.000045142
optical-lens	16	de	92	2.586002850211e2	0.000045202
optical-lens	16	de	93	2.586002850211e2	0.000045272
optical-lens	16	de	94	2.586002850211e2	0.000045342
optical-lens	16	de	95	2.586002850211e2	0.000045412
optical-lens	16	de	96	2.586002850211e2	0.000045482
optical-lens	16	de	97	2.586002850211e2	0.000048382
optical-lens	16	de	98	2.586002850211e2	0.000048442
optical-lens	16	de	99	2.586002850211e2	0.000048522
optical-lens	16	de	100	2.586002850211e2	0.000048582
optical-lens	16	de	101	2.586002850211e2	0.000048662
optical-lens	16	de	102	2.586002850211e2	0.000048732
optical-lens	16	de	103	2.586002850211e2	0.000048802
optical-lens	16	de	104	2.586002850211e2	0.000048872
optical-lens	16	de	105	2.586002850211e2	0.000048942
optical-lens	16	de	106	2.586002850211e2	0.000049012
optical-lens	16	de	107	2.586002850211e2	0.000049082
optical-lens	16	de	108	2.586002850211e2	0.000049152
optical-lens	16	de	109	2.586002850211e2	0.000049222
optical-lens	16	de	110	2.586002850211e2	0.000049292
optical-lens	16	de	111	2.586002850211e2	0.000049352
optical-lens	16	de	112	2.586002850211e2	0.000049432
optical-lens	16	de	113	2.586002850211e2	0.000052142
optical-lens	16	de	114	2.586002850211e2	0.000052202
optical-lens	16	de	115	2.586002850211e2	0.000052282
optical-lens	16	de	116	2.586002850211e2	0.000052352
optical-lens	16	de	117	2.586002850211e2	0.000052422
optical-lens	16	de	118	2.586002850211e2	0.000052482
optical-lens	16	de	119	2.586002850211e2	0.000052552
optical-lens	16	de	120	2.586002850211e2	0.000052622
optical-lens	16	de	121	2.586002850211e2	0.000052682
optical-lens	16	de	122	2.586002850211e2	0.000052762
optical-lens	16	de	123	2.586002850211e2	0.000052832
optical-lens	16	de	124	2.586002850211e2	0.000052902
optical-lens	16	de	125	2.586002850211e2	0.000052972
optical-lens	16	de	126	2.586002850211e2	0.000053042
optical-lens	16	de	127	2.586002850211e2	0.000053102
optical-lens	16	de	128	2.586002850211e2	0.000053162
optical-lens	16	de	129	2.586002850211e2	0.000055612
optical-lens	16	de	130	2.586002850211e2	0.000055792
optical-lens	16	de	131	2.586002850211e2	0.000055862
optical-lens	16	de	132	2.586002850211e2	0.000055932
optical-lens	16	de	133	2.586002850211e2	0.000056002
optical-lens	16	de	134	2.586002850211e2	0.000056072
optical-lens	16	de	135	2.586002850211e2	0.000056142
optical-lens	16	de	136	2.586002850211e2	0.000056212
optical-lens	16	de	137	2.586002850211e2	0.000056282
optical-lens	16	de	138	2.586002850211e2	0.000056352
optical-lens	16	de	139	2.586002850211e2	0.000056422
optical-lens	16	de	140	2.586002850211e2	0.000056492
optical-lens	16	de	141	2.586002850211e2	0.000056562
optical-lens	16	de	142	2.586002850211e2	0.000056632
optical-lens	16	de	143	2.586002850211e2	0.000056752
optical-lens	16	de	144	2.586002850211e2	0.000056812
optical-lens	16	de	145	2.586002850211e2	0.000058982
optical-lens	16	de	146	2.586002850211e2	0.000059052
optical-lens	16	de	147	2.586002850211e2	0.000059122
optical-lens	16	de	148	2.586002850211e2	0.000059192
optical-lens	16	de	149	2.586002850211e2	0.000059262
optical-lens	16	de	150	2.586002850211e2	0.000059332
optical-lens	16	de	151	2.586002850211e2	0.000059402
optical-lens	16	de	152	2.586002850211e2	0.000059472
optical-lens	16	de	153	2.586002850211e2	0.000059542
optical-lens	16	de	154	2.586002850211e2	0.000059612
optical-lens	16	de	155	2.586002850211e2	0.000059672
optical-lens	16	de	156	2.586002850211e2	0.000059752
optical-lens	16	de	157	2.586002850211e2	0.000059822
optical-lens	16	de	158	2.586002850211e2	0.000059892
optical-lens	16	de	159	2.586002850211e2	0.000059962
optical-lens	16	de	160	2.586002850211e2	0.000060032
optical-lens	16	bo	1	7.071067871266e14	0.026651706
optical-lens	16	bo	2	7.071067871266e14	0.026652186
optical-lens	16	bo	3	7.071067871266e14	0.026652276
optical-lens	16	bo	4	7.071067871266e14	0.026652346
optical-lens	16	bo	5	7.071067871266e14	0.026652416
optical-lens	16	bo	6	7.071067871266e14	0.026652636
optical-lens	16	bo	7	1.730786210105e5	0.026652716
optical-lens	16	bo	8	1.730786210105e5	0.026652796
optical-lens	16	bo	9	1.730786210105e5	0.026652866
optical-lens	16	bo	10	1.730786210105e5	0.026653206
optical-lens	16	bo	11	1.730786210105e5	0.026653286
optical-lens	16	bo	12	1.730786210105e5	0.026653366
optical-lens	16	bo	13	1.730786210105e5	0.026653426
optical-lens	16	bo	14	1.730786210105e5	0.026653506
optical-lens	16	bo	15	1.730786210105e5	0.026653586
optical-lens	16	bo	16	1.730786210105e5	0.026653666
optical-lens	16	bo	17	1.730786210105e5	0.041593498
optical-lens	16	bo	18	1.730786210105e5	0.053639100
optical-lens	16	bo	19	1.730786210105e5	0.064464652
optical-lens	16	bo	20	1.730786210105e5	0.075927589
optical-lens	16	bo	21	1.730786210105e5	0.087791556
optical-lens	16	bo	22	1.730786210105e5	0.099857729
optical-lens	16	bo	23	1.730786210105e5	0.112056354
optical-lens	16	bo	24	1.730786210105e5	0.124244299
optical-lens	16	bo	25	1.730786210105e5	0.136023154
optical-lens	16	bo	26	1.730786210105e5	0.147308137
optical-lens	16	bo	27	1.730786210105e5	0.159762819
optical-lens	16	bo	28	1.730786210105e5	0.171506474
optical-lens	16	bo	29	1.730786210105e5	0.183069624
optical-lens	16	bo	30	1.730786210105e5	0.195883925
optical-lens	16	bo	31	1.730786210105e5	0.209354831
optical-lens	16	bo	32	1.593564209714e5	0.221982817
optical-lens	16	bo	33	1.593564209714e5	0.234522800
optical-lens	16	bo	34	1.593564209714e5	0.246370027
optical-lens	16	bo	35	1.593564209714e5	0.259012703
optical-lens	16	bo	36	1.593564209714e5	0.272785326
optical-lens	16	bo	37	1.593564209714e5	0.285909903
optical-lens	16	bo	38	1.593564209714e5	0.301589303
optical-lens	16	bo	39	1.593564209714e5	0.316995496
optical-lens	16	bo	40	1.593564209714e5	0.330581075
optical-lens	16	bo	41	1.593564209714e5	0.343497157
optical-lens	16	bo	42	1.593564209714e5	0.357537747
optical-lens	16	bo	43	1.593564209714e5	0.371377562
optical-lens	16	bo	44	1.593564209714e5	0.385687328
optical-lens	16	bo	45	1.593564209714e5	0.399501273
optical-lens	16	bo	46	1.593564209714e5	0.413593564
optical-lens	16	bo	47	1.593564209714e5	0.427697655
optical-lens	16	bo	48	1.593564209714e5	0.441351586
optical-lens	16	bo	49	1.593564209714e5	0.456042402
optical-lens	16	bo	50	1.593564209714e5	0.471247500
optical-lens	16	bo	51	1.593564209714e5	0.486905689
optical-lens	16	bo	52	1.593564209714e5	0.502384443
optical-lens	16	bo	53	1.593564209714e5	0.516886504
optical-lens	16	bo	54	1.593564209714e5	0.532182744
optical-lens	16	bo	55	1.593564209714e5	0.547759511
optical-lens	16	bo	56	1.593564209714e5	0.564421725
optical-lens	16	bo	57	1.593564209714e5	0.580985876
optical-lens	16	bo	58	1.593564209714e5	0.596866341
optical-lens	16	bo	59	1.593564209714e5	0.613699608
optical-lens	16	bo	60	1.102518808423e5	0.630070274
optical-lens	16	bo	61	1.102518808423e5	0.647271120
optical-lens	16	bo	62	1.102518808423e5	0.664131768
optical-lens	16	bo	63	1.102518808423e5	0.682171774
optical-lens	16	bo	64	1.102518808423e5	0.699489413
optical-lens	16	bo	65	1.102518808423e5	0.717086029
optical-lens	16	bo	66	1.102518808423e5	0.733934066
optical-lens	16	bo	67	1.102518808423e5	0.751155863
optical-lens	16	bo	68	1.102518808423e5	0.767753614
optical-lens	16	bo	69	1.102518808423e5	0.786094628
optical-lens	16	bo	70	1.102518808423e5	0.804025642
optical-lens	16	bo	71	1.102518808423e5	0.822214492
optical-lens	16	bo	72	1.102518808423e5	0.843185030
optical-lens	16	bo	73	1.102518808423e5	0.862937468
optical-lens	16	bo	74	1.102518808423e5	0.882586394
optical-lens	16	bo	75	1.102518808423e5	0.903157212
optical-lens	16	bo	76	1.102518808423e5	0.922445058
optical-lens	16	bo	77	1.102518808423e5	0.941631033
optical-lens	16	bo	78	1.102518808423e5	0.961307839
optical-lens	16	bo	79	1.102518808423e5	0.980915983
optical-lens	16	bo	80	1.102518808423e5	1.001994623
optical-lens	16	bo	81	1.102518808423e5	1.023835661
optical-lens	16	bo	82	1.102518808423e5	1.044444350
optical-lens	16	bo	83	1.102518808423e5	1.065611512
optical-lens	16	bo	84	1.102518808423e5	1.088242500
optical-lens	16	bo	85	1.102518808423e5	1.110420767
optical-lens	16	bo	86	1.102518808423e5	1.134949080
optical-lens	16	bo	87	1.102518808423e5	1.156249425
optical-lens	16	bo	88	1.102518808423e5	1.179752253
optical-lens	16	bo	89	1.102518808423e5	1.203885797
optical-lens	16	bo	90	1.102518808423e5	1.226082024
optical-lens	16	bo	91	1.102518808423e5	1.250771702
optical-lens	16	bo	92	1.102518808423e5	1.275218033
optical-lens	16	bo	93	1.102518808423e5	1.302796160
optical-lens	16	bo	94	1.102518808423e5	1.328931443
optical-lens	16	bo	95	1.102518808423e5	1.357103384
optical-lens	16	bo	96	1.102518808423e5	1.384369053
optical-lens	16	bo	97	1.102518808423e5	1.415204779
optical-lens	16	bo	98	1.102518808423e5	1.442206052
optical-lens	16	bo	99	1.102518808423e5	1.470515507
optical-lens	16	bo	100	1.102518808423e5	1.498604687
optical-lens	16	bo	101	1.102518808423e5	1.527779872
optical-lens	16	bo	102	1.102518808423e5	1.558778552
optical-lens	16	bo	103	1.102518808423e5	1.586840341
optical-lens	16	bo	104	1.102518808423e5	1.616971290
optical-lens	16	bo	105	1.102518808423e5	1.645533831
optical-lens	16	bo	106	1.102518808423e5	1.674078151
optical-lens	16	bo	107	1.102518808423e5	1.703508463
optical-lens	16	bo	108	1.102518808423e5	1.735471536
optical-lens	16	bo	109	1.102518808423e5	1.764775385
optical-lens	16	bo	110	1.102518808423e5	1.797239280
optical-lens	16	bo	111	1.102518808423e5	1.829733136
optical-lens	16	bo	112	1.102518808423e5	1.864622330
optical-lens	16	bo	113	1.102518808423e5	1.897705980
optical-lens	16	bo	114	1.102518808423e5	1.932697587
optical-lens	16	bo	115	1.102518808423e5	1.965779287
optical-lens	16	bo	116	1.102518808423e5	2.000134848
optical-lens	16	bo	117	1.102518808423e5	2.036041487
optical-lens	16	bo	118	1.102518808423e5	2.074030686
optical-lens	16	bo	119	5.043776517523e4	2.111496412
optical-lens	16	bo	120	5.043776517523e4	2.151272734
optical-lens	16	bo	121	5.043776517523e4	2.195426732
optical-lens	16	bo	122	5.043776517523e4	2.232115240
optical-lens	16	bo	123	5.043776517523e4	2.267978818
optical-lens	16	bo	124	5.043776517523e4	2.306023088
optical-lens	16	bo	125	5.043776517523e4	2.344653282
optical-lens	16	bo	126	5.043776517523e4	2.381547585
optical-lens	16	bo	127	5.043776517523e4	2.418852157
optical-lens	16	bo	128	5.043776517523e4	2.456729083
optical-lens	16	bo	129	5.043776517523e4	2.496466184
optical-lens	16	bo	130	5.043776517523e4	2.536858281
optical-lens	16	bo	131	5.043776517523e4	2.574143133
optical-lens	16	bo	132	5.043776517523e4	2.613632238
optical-lens	16	bo	133	5.043776517523e4	2.658589466
optical-lens	16	bo	134	5.043776517523e4	2.697856385
optical-lens	16	bo	135	5.043776517523e4	2.737478803
optical-lens	16	bo	136	5.043776517523e4	2.780418892
optical-lens	16	bo	137	5.043776517523e4	2.823715779
optical-lens	16	bo	138	5.043776517523e4	2.869761862
optical-lens	16	bo	139	5.043776517523e4	2.920328425
optical-lens	16	bo	140	5.043776517523e4	2.971703657
optical-lens	16	bo	141	5.043776517523e4	3.019246487
optical-lens	16	bo	142	5.043776517523e4	3.065225979
optical-lens	16	bo	143	5.043776517523e4	3.112417530
optical-lens	16	bo	144	5.043776517523e4	3.158280929
optical-lens	16	bo	145	5.043776517523e4	3.208390561
optical-lens	16	bo	146	5.043776517523e4	3.259708731
optical-lens	16	bo	147	5.043776517523e4	3.311381770
optical-lens	16	bo	148	5.043776517523e4	3.362643289
optical-lens	16	bo	149	5.043776517523e4	3.414561334
optical-lens	16	bo	150	5.043776517523e4	3.468956359
optical-lens	16	bo	151	5.043776517523e4	3.521751615
optical-lens	16	bo	152	5.043776517523e4	3.572744607
optical-lens	16	bo	153	5.043776517523e4	3.625866452
optical-lens	16	bo	154	5.043776517523e4	3.678387422
optical-lens	16	bo	155	5.043776517523e4	3.731418924
optical-lens	16	bo	156	5.043776517523e4	3.784482687
optical-lens	16	bo	157	5.043776517523e4	3.834465936
optical-lens	16	bo	158	5.043776517523e4	3.893136044
optical-lens	16	bo	159	5.043776517523e4	3.946204847
optical-lens	16	bo	160	5.043776517523e4	4.005621043
optical-lens	17	de	1	9.128709342610e14	0.000016530
optical-lens	17	de	2	9.128709342610e14	0.000016770
optical-lens	17	de	3	9.128709342610e14	0.000016830
optical-lens	17	de	4	9.128709321943e14	0.000016900
optical-lens	17	de	5	9.128709311882e14	0.000016970
optical-lens	17	de	6	9.128709311882e14	0.000017150
optical-lens	17	de	7	9.128709311882e14	0.000017230
optical-lens	17	de	8	9.128709311882e14	0.000017380
optical-lens	17	de	9	9.128709311882e14	0.000017780
optical-lens	17	de	10	9.128709311882e14	0.000018500
optical-lens	17	de	11	9.128709311300e14	0.000018580
optical-lens	17	de	12	9.128709311300e14	0.000018650
optical-lens	17	de	13	9.128709311300e14	0.000018770
optical-lens	17	de	14	9.128709311300e14	0.000018840
optical-lens	17	de	15	9.128709311300e14	0.000018910
optical-lens	17	de	16	9.128709311300e14	0.000019140
optical-lens	17	de	17	9.128709311300e14	0.000028000
optical-lens	17	de	18	9.128709311300e14	0.000028400
optical-lens	17	de	19	9.128709311300e14	0.000028470
optical-lens	17	de	20	9.128709309861e14	0.000028540
optical-lens	17	de	21	9.128709309861e14	0.000028610
optical-lens	17	de	22	9.128709307717e14	0.000028680
optical-lens	17	de	23	9.128709304612e14	0.000028750
optical-lens	17	de	24	9.128709304612e14	0.000028970
optical-lens	17	de	25	9.128709304612e14	0.000029190
optical-lens	17	de	26	9.128709304612e14	0.000029280
optical-lens	17	de	27	9.128709304612e14	0.000029340
optical-lens	17	de	28	9.128709304612e14	0.000029410
optical-lens	17	de	29	9.128709304612e14	0.000029490
optical-lens	17	de	30	9.128709301485e14	0.000029560
optical-lens	17	de	31	9.128709301485e14	0.000029960
optical-lens	17	de	32	9.128709301485e14	0.000030040
optical-lens	17	de	33	9.128709301485e14	0.000037750
optical-lens	17	de	34	9.128709301485e14	0.000038320
optical-lens	17	de	35	9.128709301485e14	0.000038380
optical-lens	17	de	36	9.128709301485e14	0.000038500
optical-lens	17	de	37	7.945242483340e4	0.000038570
optical-lens	17	de	38	7.945242483340e4	0.000038640
optical-lens	17	de	39	7.945242483340e4	0.000038710
optical-lens	17	de	40	7.945242483340e4	0.000038790
optical-lens	17	de	41	7.945242483340e4	0.000039020
optical-lens	17	de	42	7.945242483340e4	0.000039180
optical-lens	17	de	43	7.945242483340e4	0.000039250
optical-lens	17	de	44	7.945242483340e4	0.000039320
optical-lens	17	de	45	7.945242483340e4	0.000039390
optical-lens	17	de	46	7.945242483340e4	0.000039450
optical-lens	17	de	47	7.945242483340e4	0.000039530
optical-lens	17	de	48	7.945242483340e4	0.000039600
optical-lens	17	de	49	7.945242483340e4	0.000045110
optical-lens	17	de	50	7.945242483340e4	0.000045170
optical-lens	17	de	51	7.945242483340e4	0.000045240
optical-lens	17	de	52	9.284652613269e3	0.000045310
optical-lens	17	de	53	9.284652613269e3	0.000045380
optical-lens	17	de	54	9.284652613269e3	0.000045450
optical-lens	17	de	55	9.284652613269e3	0.000045520
optical-lens	17	de	56	9.284652613269e3	0.000045590
optical-lens	17	de	57	9.284652613269e3	0.000045730
optical-lens	17	de	58	9.284652613269e3	0.000045840
optical-lens	17	de	59	9.284652613269e3	0.000045970
optical-lens	17	de	60	9.284652613269e3	0.000046130
optical-lens	17	de	61	9.284652613269e3	0.000046220
optical-lens	17	de	62	4.749938877926e3	0.000046370
optical-lens	17	de	63	4.749938877926e3	0.000046430
optical-lens	17	de	64	4.749938877926e3	0.000046490
optical-lens	17	de	65	4.749938877926e3	0.000051440
optical-lens	17	de	66	1.038218981881e3	0.000052160
optical-lens	17	de	67	1.038218981881e3	0.000052240
optical-lens	17	de	68	1.038218981881e3	0.000052360
optical-lens	17	de	69	1.038218981881e3	0.000052430
optical-lens	17	de	70	1.038218981881e3	0.000052500
optical-lens	17	de	71	1.038218981881e3	0.000052640
optical-lens	17	de	72	1.038218981881e3	0.000052710
optical-lens	17	de	73	1.038218981881e3	0.000052780
optical-lens	17	de	74	1.038218981881e3	0.000052920
optical-lens	17	de	75	1.038218981881e3	0.000052990
optical-lens	17	de	76	1.038218981881e3	0.000053120
optical-lens	17	de	77	1.038218981881e3	0.000053190
optical-lens	17	de	78	1.038218981881e3	0.000053260
optical-lens	17	de	79	1.038218981881e3	0.000053390
optical-lens	17	de	80	1.038218981881e3	0.000053460
optical-lens	17	de	81	1.038218981881e3	0.000055800
optical-lens	17	de	82	9.666801190706e2	0.000056320
optical-lens	17	de	83	9.666801190706e2	0.000056520
optical-lens	17	de	84	9.666801190706e2	0.000056760
optical-lens	17	de	85	9.666801190706e2	0.000056870
optical-lens	17	de	86	9.666801190706e2	0.000056960
optical-lens	17	de	87	9.666801190706e2	0.000057160
optical-lens	17	de	88	9.666801190706e2	0.000057230
optical-lens	17	de	89	9.666801190706e2	0.000057300
optical-lens	17	de	90	9.666801190706e2	0.000057450
optical-lens	17	de	91	9.666801190706e2	0.000057520
optical-lens	17	de	92	9.666801190706e2	0.000057720
optical-lens	17	de	93	9.666801190706e2	0.000057790
optical-lens	17	de	94	9.666801190706e2	0.000057850
optical-lens	17	de	95	9.666801190706e2	0.000058000
optical-lens	17	de	96	9.666801190706e2	0.000058070
optical-lens	17	de	97	8.503730744234e2	0.000062761
optical-lens	17	de	98	8.503730744234e2	0.000062881
optical-lens	17	de	99	8.503730744234e2	0.000062941
optical-lens	17	de	100	8.503730744234e2	0.000063091
optical-lens	17	de	101	8.503730744234e2	0.000063161
optical-lens	17	de	102	8.503730744234e2	0.000063221
optical-lens	17	de	103	8.503730744234e2	0.000063351
optical-lens	17	de	104	8.503730744234e2	0.000063421
optical-lens	17	de	105	8.503730744234e2	0.000063511
optical-lens	17	de	106	8.503730744234e2	0.000063671
optical-lens	17	de	107	8.503730744234e2	0.000063771
optical-lens	17	de	108	8.503730744234e2	0.000064011
optical-lens	17	de	109	8.503730744234e2	0.000064101
optical-lens	17	de	110	8.503730744234e2	0.000064211
optical-lens	17	de	111	8.503730744234e2	0.000064401
optical-lens	17	de	112	8.503730744234e2	0.000064471
optical-lens	17	de	113	8.503730744234e2	0.000070451
optical-lens	17	de	114	8.503730744234e2	0.000070591
optical-lens	17	de	115	8.503730744234e2	0.000070661
optical-lens	17	de	116	8.503730744234e2	0.000070791
optical-lens	17	de	117	8.503730744234e2	0.000070861
optical-lens	17	de	118	8.503730744234e2	0.000070931
optical-lens	17	de	119	8.503730744234e2	0.000071071
optical-lens	17	de	120	8.503730744234e2	0.000071141
optical-lens	17	de	121	8.503730744234e2	0.000071211
optical-lens	17	de	122	8.503730744234e2	0.000071341
optical-lens	17	de	123	8.503730744234e2	0.000071411
optical-lens	17	de	124	8.503730744234e2	0.000071551
optical-lens	17	de	125	6.840616348075e2	0.000071621
optical-lens	17	de	126	6.840616348075e2	0.000071691
optical-lens	17	de	127	6.840616348075e2	0.000071821
optical-lens	17	de	128	6.840616348075e2	0.000071891
optical-lens	17	de	129	6.840616348075e2	0.000075691
optical-lens	17	de	130	6.840616348075e2	0.000076441
optical-lens	17	de	131	6.840616348075e2	0.000076511
optical-lens	17	de	132	6.840616348075e2	0.000076581
optical-lens	17	de	133	6.840616348075e2	0.000076651
optical-lens	17	de	134	6.840616348075e2	0.000076781
optical-lens	17	de	135	6.840616348075e2	0.000076851
optical-lens	17	de	136	6.840616348075e2	0.000076921
optical-lens	17	de	137	6.840616348075e2	0.000077051
optical-lens	17	de	138	6.840616348075e2	0.000077121
optical-lens	17	de	139	6.840616348075e2	0.000077191
optical-lens	17	de	140	6.840616348075e2	0.000077311
optical-lens	17	de	141	6.840616348075e2	0.000077381
optical-lens	17	de	142	6.840616348075e2	0.000077511
optical-lens	17	de	143	6.840616348075e2	0.000077581
optical-lens	17	de	144	6.840616348075e2	0.000077651
optical-lens	17	de	145	3.908194588594e2	0.000081781
optical-lens	17	de	146	3.908194588594e2	0.000081851
optical-lens	17	de	147	3.908194588594e2	0.000081921
optical-lens	17	de	148	3.908194588594e2	0.000082061
optical-lens	17	de	149	3.908194588594e2	0.000082131
optical-lens	17	de	150	3.908194588594e2	0.000082271
optical-lens	17	de	151	3.908194588594e2	0.000082351
optical-lens	17	de	152	3.908194588594e2	0.000082431
optical-lens	17	de	153	3.908194588594e2	0.000082581
optical-lens	17	de	154	3.908194588594e2	0.000082661
optical-lens	17	de	155	3.908194588594e2	0.000082731
optical-lens	17	de	156	3.908194588594e2	0.000082911
optical-lens	17	de	157	3.908194588594e2	0.000082981
optical-lens	17	de	158	3.908194588594e2	0.000083101
optical-lens	17	de	159	3.908194588594e2	0.000083171
optical-lens	17	de	160	3.908194588594e2	0.000083241
optical-lens	17	bo	1	7.071067873382e14	0.027968836
optical-lens	17	bo	2	7.071067821020e14	0.027969236
optical-lens	17	bo	3	7.071067821020e14	0.027969316
optical-lens	17	bo	4	7.071067821020e14	0.027969406
optical-lens	17	bo	5	5.773502694098e14	0.027969526
optical-lens	17	bo	6	5.773502694098e14	0.027970216
optical-lens	17	bo	7	5.773502694098e14	0.027970326
optical-lens	17	bo	8	5.773502694098e14	0.027970396
optical-lens	17	bo	9	5.773502694098e14	0.027970466
optical-lens	17	bo	10	5.773502694098e14	0.027970826
optical-lens	17	bo	11	5.773502694098e14	0.027971006
optical-lens	17	bo	12	5.773502694098e14	0.027971086
optical-lens	17	bo	13	5.773502694098e14	0.027971156
optical-lens	17	bo	14	9.048488650245e4	0.027971236
optical-lens	17	bo	15	5.416921421340e4	0.027971326
optical-lens	17	bo	16	5.416921421340e4	0.027971406
optical-lens	17	bo	17	5.416921421340e4	0.041386070
optical-lens	17	bo	18	5.416921421340e4	0.052693063
optical-lens	17	bo	19	5.416921421340e4	0.064634632
optical-lens	17	bo	20	5.416921421340e4	0.075563036
optical-lens	17	bo	21	5.416921421340e4	0.086384507
optical-lens	17	bo	22	5.416921421340e4	0.098468419
optical-lens	17	bo	23	5.416921421340e4	0.111024232
optical-lens	17	bo	24	5.416921421340e4	0.122776336
optical-lens	17	bo	25	5.416921421340e4	0.134136901
optical-lens	17	bo	26	5.416921421340e4	0.146098250
optical-lens	17	bo	27	5.416921421340e4	0.160104618
optical-lens	17	bo	28	5.416921421340e4	0.172899227
optical-lens	17	bo	29	5.416921421340e4	0.184740273
optical-lens	17	bo	30	5.416921421340e4	0.197475321
optical-lens	17	bo	31	5.416921421340e4	0.212982855
optical-lens	17	bo	32	5.416921421340e4	0.226289347
optical-lens	17	bo	33	5.416921421340e4	0.239342802
optical-lens	17	bo	34	5.416921421340e4	0.252591153
optical-lens	17	bo	35	5.416921421340e4	0.268877536
optical-lens	17	bo	36	5.416921421340e4	0.285210210
optical-lens	17	bo	37	5.416921421340e4	0.301383431
optical-lens	17	bo	38	5.416921421340e4	0.317054530
optical-lens	17	bo	39	5.416921421340e4	0.329959942
optical-lens	17	bo	40	5.416921421340e4	0.343222412
optical-lens	17	bo	41	5.416921421340e4	0.356535014
optical-lens	17	bo	42	5.416921421340e4	0.370266046
optical-lens	17	bo	43	5.416921421340e4	0.383862155
optical-lens	17	bo	44	5.416921421340e4	0.397069814
optical-lens	17	bo	45	5.416921421340e4	0.410112969
optical-lens	17	bo	46	5.416921421340e4	0.423214425
optical-lens	17	bo	47	5.416921421340e4	0.437871340
optical-lens	17	bo	48	5.416921421340e4	0.452501813
optical-lens	17	bo	49	5.416921421340e4	0.466891781
optical-lens	17	bo	50	5.416921421340e4	0.481789831
optical-lens	17	bo	51	5.416921421340e4	0.495537643
optical-lens	17	bo	52	5.416921421340e4	0.510859493
optical-lens	17	bo	53	5.416921421340e4	0.525154328
optical-lens	17	bo	54	5.416921421340e4	0.539937256
optical-lens	17	bo	55	5.416921421340e4	0.555527033
optical-lens	17	bo	56	5.416921421340e4	0.571696804
optical-lens	17	bo	57	5.416921421340e4	0.586864561
optical-lens	17	bo	58	5.416921421340e4	0.602525269
optical-lens	17	bo	59	5.416921421340e4	0.619756855
optical-lens	17	bo	60	5.416921421340e4	0.637025572
optical-lens	17	bo	61	5.416921421340e4	0.654661528
optical-lens	17	bo	62	5.416921421340e4	0.672713814
optical-lens	17	bo	63	5.416921421340e4	0.690649547
optical-lens	17	bo	64	5.416921421340e4	0.708474137
optical-lens	17	bo	65	5.416921421340e4	0.726559244
optical-lens	17	bo	66	5.416921421340e4	0.744724933
optical-lens	17	bo	67	5.416921421340e4	0.763948088
optical-lens	17	bo	68	5.416921421340e4	0.782846275
optical-lens	17	bo	69	5.416921421340e4	0.801573807
optical-lens	17	bo	70	5.416921421340e4	0.821048267
optical-lens	17	bo	71	5.416921421340e4	0.840282742
optical-lens	17	bo	72	5.416921421340e4	0.859605949
optical-lens	17	bo	73	5.416921421340e4	0.878033615
optical-lens	17	bo	74	5.416921421340e4	0.896357888
optical-lens	17	bo	75	5.416921421340e4	0.915275605
optical-lens	17	bo	76	5.416921421340e4	0.934808316
optical-lens	17	bo	77	5.416921421340e4	0.955644029
optical-lens	17	bo	78	5.416921421340e4	0.976237626
optical-lens	17	bo	79	5.416921421340e4	0.997353176
optical-lens	17	bo	80	5.416921421340e4	1.018941017
optical-lens	17	bo	81	5.416921421340e4	1.040086417
optical-lens	17	bo	82	5.416921421340e4	1.062990211
optical-lens	17	bo	83	5.416921421340e4	1.084175412
optical-lens	17	bo	84	5.416921421340e4	1.107560516
optical-lens	17	bo	85	5.416921421340e4	1.132006616
optical-lens	17	bo	86	5.416921421340e4	1.156225091
optical-lens	17	bo	87	5.416921421340e4	1.181901991
optical-lens	17	bo	88	5.416921421340e4	1.206671830
optical-lens	17	bo	89	5.416921421340e4	1.231015328
optical-lens	17	bo	90	5.416921421340e4	1.256808931
optical-lens	17	bo	91	5.416921421340e4	1.280832561
optical-lens	17	bo	92	5.416921421340e4	1.305620370
optical-lens	17	bo	93	5.416921421340e4	1.333918743
optical-lens	17	bo	94	5.416921421340e4	1.361299555
optical-lens	17	bo	95	5.416921421340e4	1.392325594
optical-lens	17	bo	96	5.416921421340e4	1.421035227
optical-lens	17	bo	97	5.416921421340e4	1.449930685
optical-lens	17	bo	98	5.416921421340e4	1.478183457
optical-lens	17	bo	99	5.416921421340e4	1.506670835
optical-lens	17	bo	100	5.416921421340e4	1.537464208
optical-lens	17	bo	101	5.416921421340e4	1.566850468
optical-lens	17	bo	102	5.416921421340e4	1.597732334
optical-lens	17	bo	103	5.416921421340e4	1.627925733
optical-lens	17	bo	104	5.416921421340e4	1.660582762
optical-lens	17	bo	105	5.416921421340e4	1.690629948
optical-lens	17	bo	106	5.416921421340e4	1.724260061
optical-lens	17	bo	107	5.416921421340e4	1.757770040
optical-lens	17	bo	108	5.416921421340e4	1.791723670
optical-lens	17	bo	109	5.416921421340e4	1.827714589
optical-lens	17	bo	110	5.416921421340e4	1.864574859
optical-lens	17	bo	111	5.416921421340e4	1.901341987
optical-lens	17	bo	112	5.416921421340e4	1.936283130
optical-lens	17	bo	113	5.416921421340e4	1.972942325
optical-lens	17	bo	114	5.416921421340e4	2.011203139
optical-lens	17	bo	115	5.416921421340e4	2.049351630
optical-lens	17	bo	116	5.416921421340e4	2.084873527
optical-lens	17	bo	117	5.416921421340e4	2.124166345
optical-lens	17	bo	118	5.416921421340e4	2.160838220
optical-lens	17	bo	119	5.416921421340e4	2.203024798
optical-lens	17	bo	120	5.416921421340e4	2.244332305
optical-lens	17	bo	121	5.416921421340e4	2.290351406
optical-lens	17	bo	122	5.416921421340e4	2.333454367
optical-lens	17	bo	123	5.416921421340e4	2.373179586
optical-lens	17	bo	124	5.416921421340e4	2.416064191
optical-lens	17	bo	125	5.416921421340e4	2.458793522
optical-lens	17	bo	126	5.416921421340e4	2.503240465
optical-lens	17	bo	127	5.416921421340e4	2.547957375
optical-lens	17	bo	128	5.416921421340e4	2.588044513
optical-lens	17	bo	129	5.416921421340e4	2.631324698
optical-lens	17	bo	130	5.416921421340e4	2.671009856
optical-lens	17	bo	131	5.416921421340e4	2.714824724
optical-lens	17	bo	132	5.416921421340e4	2.756379517
optical-lens	17	bo	133	5.416921421340e4	2.798081104
optical-lens	17	bo	134	5.416921421340e4	2.840788575
optical-lens	17	bo	135	5.416921421340e4	2.883022345
optical-lens	17	bo	136	5.416921421340e4	2.923395759
optical-lens	17	bo	137	5.416921421340e4	2.964654304
optical-lens	17	bo	138	5.416921421340e4	3.008992354
optical-lens	17	bo	139	5.416921421340e4	3.051697015
optical-lens	17	bo	140	5.416921421340e4	3.100995914
optical-lens	17	bo	141	5.416921421340e4	3.148210483
optical-lens	17	bo	142	5.416921421340e4	3.194263524
optical-lens	17	bo	143	5.416921421340e4	3.240063769
optical-lens	17	bo	144	5.416921421340e4	3.289764187
optical-lens	17	bo	145	5.416921421340e4	3.336321860
optical-lens	17	bo	146	5.416921421340e4	3.387430653
optical-lens	17	bo	147	5.416921421340e4	3.436209200
optical-lens	17	bo	148	5.416921421340e4	3.485626443
optical-lens	17	bo	149	5.416921421340e4	3.537510124
optical-lens	17	bo	150	5.416921421340e4	3.595516144
optical-lens	17	bo	151	5.416921421340e4	3.647814096
optical-lens	17	bo	152	5.416921421340e4	3.700953328
optical-lens	17	bo	153	5.416921421340e4	3.753761332
optical-lens	17	bo	154	5.416921421340e4	3.806004902
optical-lens	17	bo	155	5.416921421340e4	3.857563835
optical-lens	17	bo	156	5.416921421340e4	3.910501581
optical-lens	17	bo	157	5.416921421340e4	3.961291176
optical-lens	17	bo	158	5.416921421340e4	4.017923182
optical-lens	17	bo	159	5.416921421340e4	4.071342040
optical-lens	17	bo	160	5.416921421340e4	4.129322398
optical-lens	18	de	1	9.128709366277e14	0.000015851
optical-lens	18	de	2	9.128709354368e14	0.000016351
optical-lens	18	de	3	9.128709339308e14	0.000016711
optical-lens	18	de	4	9.128709339308e14	0.000016791
optical-lens	18	de	5	9.128709339308e14	0.000017021
optical-lens	18	de	6	9.128709339308e14	0.000017431
optical-lens	18	de	7	9.128709339308e14	0.000017491
optical-lens	18	de	8	9.128709339308e14	0.000017571
optical-lens	18	de	9	9.128709339308e14	0.000017641
optical-lens	18	de	10	9.128709339308e14	0.000018011
optical-lens	18	de	11	9.128709339308e14	0.000018081
optical-lens	18	de	12	9.128709339308e14	0.000018221
optical-lens	18	de	13	9.128709339308e14	0.000018291
optical-lens	18	de	14	9.128709339308e14	0.000018421
optical-lens	18	de	15	9.128709339308e14	0.000018491
optical-lens	18	de	16	9.128709339308e14	0.000018561
optical-lens	18	de	17	9.128709339308e14	0.000027091
optical-lens	18	de	18	9.128709335766e14	0.000027381
optical-lens	18	de	19	9.128709335766e14	0.000027461
optical-lens	18	de	20	9.128709335766e14	0.000027601
optical-lens	18	de	21	9.128709335766e14	0.000027781
optical-lens	18	de	22	9.128709335766e14	0.000027951
optical-lens	18	de	23	9.128709335766e14	0.000028021
optical-lens	18	de	24	9.128709335766e14	0.000028091
optical-lens	18	de	25	9.128709335766e14	0.000028241
optical-lens	18	de	26	9.128709335766e14	0.000028311
optical-lens	18	de	27	9.128709335766e14	0.000028381
optical-lens	18	de	28	9.128709335766e14	0.000028541
optical-lens	18	de	29	9.128709333739e14	0.000028621
optical-lens	18	de	30	9.128709333739e14	0.000028711
optical-lens	18	de	31	9.128709333739e14	0.000028791
optical-lens	18	de	32	9.128709333739e14	0.000028861
optical-lens	18	de	33	9.128709323016e14	0.000038062
optical-lens	18	de	34	9.128709323016e14	0.000038752
optical-lens	18	de	35	9.128709323016e14	0.000038822
optical-lens	18	de	36	9.128709323016e14	0.000038892
optical-lens	18	de	37	9.128709323016e14	0.000039082
optical-lens	18	de	38	9.128709323016e14	0.000039282
optical-lens	18	de	39	9.128709323016e14	0.000039352
optical-lens	18	de	40	9.128709323016e14	0.000039422
optical-lens	18	de	41	9.128709323016e14	0.000039572
optical-lens	18	de	42	9.128709323016e14	0.000039662
optical-lens	18	de	43	9.128709323016e14	0.000039732
optical-lens	18	de	44	9.128709323016e14	0.000039802
optical-lens	18	de	45	9.128709323016e14	0.000039872
optical-lens	18	de	46	9.128709323016e14	0.000039942
optical-lens	18	de	47	9.128709323016e14	0.000040102
optical-lens	18	de	48	9.128709323016e14	0.000040172
optical-lens	18	de	49	9.128709323016e14	0.000044082
optical-lens	18	de	50	9.128709323016e14	0.000044242
optical-lens	18	de	51	9.128709311377e14	0.000044312
optical-lens	18	de	52	9.128709311377e14	0.000044372
optical-lens	18	de	53	9.128709311377e14	0.000044442
optical-lens	18	de	54	9.128709310961e14	0.000044512
optical-lens	18	de	55	9.128709310961e14	0.000044582
optical-lens	18	de	56	9.128709310961e14	0.000044652
optical-lens	18	de	57	9.128709310961e14	0.000044722
optical-lens	18	de	58	9.128709310961e14	0.000044852
optical-lens	18	de	59	9.128709310961e14	0.000044922
optical-lens	18	de	60	9.128709310961e14	0.000045112
optical-lens	18	de	61	9.128709310961e14	0.000045182
optical-lens	18	de	62	9.128709310961e14	0.000045262
optical-lens	18	de	63	9.128709307568e14	0.000045332
optical-lens	18	de	64	9.128709307568e14	0.000045402
optical-lens	18	de	65	9.128709307568e14	0.000048342
optical-lens	18	de	66	9.128709307568e14	0.000048732
optical-lens	18	de	67	9.128709307568e14	0.000048802
optical-lens	18	de	68	9.128709307568e14	0.000048872
optical-lens	18	de	69	7.071067826539e14	0.000048942
optical-lens	18	de	70	7.071067826539e14	0.000049012
optical-lens	18	de	71	7.071067826539e14	0.000049082
optical-lens	18	de	72	7.071067826539e14	0.000049152
optical-lens	18	de	73	7.071067817628e14	0.000049212
optical-lens	18	de	74	7.071067817628e14	0.000049282
optical-lens	18	de	75	7.071067817628e14	0.000049352
optical-lens	18	de	76	7.071067817628e14	0.000049422
optical-lens	18	de	77	7.071067817628e14	0.000049492
optical-lens	18	de	78	7.071067817628e14	0.000049562
optical-lens	18	de	79	7.071067817628e14	0.000049632
optical-lens	18	de	80	7.071067817628e14	0.000049702
optical-lens	18	de	81	7.071067817628e14	0.000051812
optical-lens	18	de	82	7.071067815633e14	0.000051882
optical-lens	18	de	83	7.071067815633e14	0.000051952
optical-lens	18	de	84	7.071067815633e14	0.000052022
optical-lens	18	de	85	7.071067815633e14	0.000052092
optical-lens	18	de	86	7.071067815633e14	0.000052162
optical-lens	18	de	87	7.071067815633e14	0.000052232
optical-lens	18	de	88	7.071067814233e14	0.000052302
optical-lens	18	de	89	7.071067814224e14	0.000052372
optical-lens	18	de	90	7.071067814224e14	0.000052442
optical-lens	18	de	91	7.071067814224e14	0.000052512
optical-lens	18	de	92	7.071067814224e14	0.000052582
optical-lens	18	de	93	7.071067814224e14	0.000052642
optical-lens	18	de	94	7.071067812690e14	0.000052722
optical-lens	18	de	95	2.580788276154e4	0.000052792
optical-lens	18	de	96	2.580788276154e4	0.000052862
optical-lens	18	de	97	2.580788276154e4	0.000054842
optical-lens	18	de	98	2.580788276154e4	0.000054912
optical-lens	18	de	99	2.580788276154e4	0.000054982
optical-lens	18	de	100	2.580788276154e4	0.000055052
optical-lens	18	de	101	2.580788276154e4	0.000055122
optical-lens	18	de	102	2.580788276154e4	0.000055192
optical-lens	18	de	103	2.580788276154e4	0.000055262
optical-lens	18	de	104	2.580788276154e4	0.000055322
optical-lens	18	de	105	2.580788276154e4	0.000055452
optical-lens	18	de	106	2.580788276154e4	0.000055522
optical-lens	18	de	107	2.580788276154e4	0.000055592
optical-lens	18	de	108	2.580788276154e4	0.000055662
optical-lens	18	de	109	2.580788276154e4	0.000055732
optical-lens	18	de	110	1.691193204448e4	0.000055882
optical-lens	18	de	111	1.691193204448e4	0.000055952
optical-lens	18	de	112	1.691193204448e4	0.000056012
optical-lens	18	de	113	1.691193204448e4	0.000060152
optical-lens	18	de	114	1.691193204448e4	0.000060232
optical-lens	18	de	115	1.691193204448e4	0.000060302
optical-lens	18	de	116	4.673059127462e2	0.000060442
optical-lens	18	de	117	4.432936062359e2	0.000060512
optical-lens	18	de	118	4.432936062359e2	0.000060632
optical-lens	18	de	119	4.432936062359e2	0.000060712
optical-lens	18	de	120	4.432936062359e2	0.000060772
optical-lens	18	de	121	4.432936062359e2	0.000060902
optical-lens	18	de	122	4.432936062359e2	0.000060972
optical-lens	18	de	123	4.432936062359e2	0.000061042
optical-lens	18	de	124	4.432936062359e2	0.000061202
optical-lens	18	de	125	4.432936062359e2	0.000061272
optical-lens	18	de	126	4.432936062359e2	0.000061402
optical-lens	18	de	127	4.432936062359e2	0.000061472
optical-lens	18	de	128	4.432936062359e2	0.000061542
optical-lens	18	de	129	4.432936062359e2	0.000063772
optical-lens	18	de	130	4.432936062359e2	0.000064212
optical-lens	18	de	131	4.432936062359e2	0.000064282
optical-lens	18	de	132	4.432936062359e2	0.000064352
optical-lens	18	de	133	4.432936062359e2	0.000064472
optical-lens	18	de	134	4.432936062359e2	0.000064542
optical-lens	18	de	135	4.432936062359e2	0.000064602
optical-lens	18	de	136	4.432936062359e2	0.000064732
optical-lens	18	de	137	4.432936062359e2	0.000064802
optical-lens	18	de	138	4.432936062359e2	0.000064942
optical-lens	18	de	139	4.432936062359e2	0.000065012
optical-lens	18	de	140	4.432936062359e2	0.000065082
optical-lens	18	de	141	4.432936062359e2	0.000065302
optical-lens	18	de	142	4.432936062359e2	0.000065372
optical-lens	18	de	143	4.432936062359e2	0.000065442
optical-lens	18	de	144	4.432936062359e2	0.000065572
optical-lens	18	de	145	4.432936062359e2	0.000068392
optical-lens	18	de	146	4.432936062359e2	0.000068522
optical-lens	18	de	147	4.432936062359e2	0.000068592
optical-lens	18	de	148	4.432936062359e2	0.000068652
optical-lens	18	de	149	4.432936062359e2	0.000068852
optical-lens	18	de	150	4.432936062359e2	0.000068922
optical-lens	18	de	151	4.432936062359e2	0.000068992
optical-lens	18	de	152	4.432936062359e2	0.000069062
optical-lens	18	de	153	4.432936062359e2	0.000069132
optical-lens	18	de	154	4.432936062359e2	0.000069262
optical-lens	18	de	155	4.432936062359e2	0.000069332
optical-lens	18	de	156	4.432936062359e2	0.000069402
optical-lens	18	de	157	4.432936062359e2	0.000069532
optical-lens	18	de	158	4.432936062359e2	0.000069602
optical-lens	18	de	159	4.432936062359e2	0.000069672
optical-lens	18	de	160	4.432936062359e2	0.000069732
optical-lens	18	bo	1	2.107968316360e5	0.027764410
optical-lens	18	bo	2	2.107968316360e5	0.027764820
optical-lens	18	bo	3	2.107968316360e5	0.027764910
optical-lens	18	bo	4	2.107968316360e5	0.027764990
optical-lens	18	bo	5	2.107968316360e5	0.027765070
optical-lens	18	bo	6	2.107968316360e5	0.027765360
optical-lens	18	bo	7	2.107968316360e5	0.027765440
optical-lens	18	bo	8	2.107968316360e5	0.027765520
optical-lens	18	bo	9	2.107968316360e5	0.027765580
optical-lens	18	bo	10	2.107968316360e5	0.027766150
optical-lens	18	bo	11	2.107968316360e5	0.027766210
optical-lens	18	bo	12	2.107968316360e5	0.027766290
optical-lens	18	bo	13	2.107968316360e5	0.027766370
optical-lens	18	bo	14	2.107968316360e5	0.027766450
optical-lens	18	bo	15	2.107968316360e5	0.027766520
optical-lens	18	bo	16	2.107968316360e5	0.027766600
optical-lens	18	bo	17	2.107968316360e5	0.040980129
optical-lens	18	bo	18	1.808373893586e5	0.054943846
optical-lens	18	bo	19	1.808373893586e5	0.066142166
optical-lens	18	bo	20	1.808373893586e5	0.077706234
optical-lens	18	bo	21	1.808373893586e5	0.088743260
optical-lens	18	bo	22	1.808373893586e5	0.099895259
optical-lens	18	bo	23	1.808373893586e5	0.112054603
optical-lens	18	bo	24	1.808373893586e5	0.124266478
optical-lens	18	bo	25	1.808373893586e5	0.136551884
optical-lens	18	bo	26	1.808373893586e5	0.150051419
optical-lens	18	bo	27	1.737406508155e4	0.162341315
optical-lens	18	bo	28	1.737406508155e4	0.174842196
optical-lens	18	bo	29	1.737406508155e4	0.187220915
optical-lens	18	bo	30	1.737406508155e4	0.198956278
optical-lens	18	bo	31	1.737406508155e4	0.210872285
optical-lens	18	bo	32	1.737406508155e4	0.224882303
optical-lens	18	bo	33	1.737406508155e4	0.236946914
optical-lens	18	bo	34	1.737406508155e4	0.249934077
optical-lens	18	bo	35	1.737406508155e4	0.262249674
optical-lens	18	bo	36	1.737406508155e4	0.274592571
optical-lens	18	bo	37	1.737406508155e4	0.288980758
optical-lens	18	bo	38	1.737406508155e4	0.301528741
optical-lens	18	bo	39	1.737406508155e4	0.314171415
optical-lens	18	bo	40	1.737406508155e4	0.327453285
optical-lens	18	bo	41	1.737406508155e4	0.340067989
optical-lens	18	bo	42	1.737406508155e4	0.352826297
optical-lens	18	bo	43	1.737406508155e4	0.367305346
optical-lens	18	bo	44	1.737406508155e4	0.381962869
optical-lens	18	bo	45	1.737406508155e4	0.395475865
optical-lens	18	bo	46	1.737406508155e4	0.408897949
optical-lens	18	bo	47	1.737406508155e4	0.422813415
optical-lens	18	bo	48	1.737406508155e4	0.436856624
optical-lens	18	bo	49	1.737406508155e4	0.451210350
optical-lens	18	bo	50	1.737406508155e4	0.466327655
optical-lens	18	bo	51	1.737406508155e4	0.480914377
optical-lens	18	bo	52	1.737406508155e4	0.495077049
optical-lens	18	bo	53	1.737406508155e4	0.510484741
optical-lens	18	bo	54	1.737406508155e4	0.527436889
optical-lens	18	bo	55	1.737406508155e4	0.543127347
optical-lens	18	bo	56	1.737406508155e4	0.559118342
optical-lens	18	bo	57	1.737406508155e4	0.575600710
optical-lens	18	bo	58	1.737406508155e4	0.593151823
optical-lens	18	bo	59	1.737406508155e4	0.610249045
optical-lens	18	bo	60	1.737406508155e4	0.627321617
optical-lens	18	bo	61	1.737406508155e4	0.645371492
optical-lens	18	bo	62	1.737406508155e4	0.662833963
optical-lens	18	bo	63	1.737406508155e4	0.679261229
optical-lens	18	bo	64	1.737406508155e4	0.696131765
optical-lens	18	bo	65	1.737406508155e4	0.713266098
optical-lens	18	bo	66	1.737406508155e4	0.731345793
optical-lens	18	bo	67	1.737406508155e4	0.749754297
optical-lens	18	bo	68	1.737406508155e4	0.767655868
optical-lens	18	bo	69	1.737406508155e4	0.786125333
optical-lens	18	bo	70	1.737406508155e4	0.804170428
optical-lens	18	bo	71	1.737406508155e4	0.824554280
optical-lens	18	bo	72	1.737406508155e4	0.843922817
optical-lens	18	bo	73	1.737406508155e4	0.866438370
optical-lens	18	bo	74	1.737406508155e4	0.892636132
optical-lens	18	bo	75	1.737406508155e4	0.912273115
optical-lens	18	bo	76	1.737406508155e4	0.932590724
optical-lens	18	bo	77	1.737406508155e4	0.953526298
optical-lens	18	bo	78	1.737406508155e4	0.976133213
optical-lens	18	bo	79	1.737406508155e4	1.000063420
optical-lens	18	bo	80	1.737406508155e4	1.021177339
optical-lens	18	bo	81	1.737406508155e4	1.042069653
optical-lens	18	bo	82	1.737406508155e4	1.064155916
optical-lens	18	bo	83	1.737406508155e4	1.088646866
optical-lens	18	bo	84	1.737406508155e4	1.110900372
optical-lens	18	bo	85	1.737406508155e4	1.134947832
optical-lens	18	bo	86	1.737406508155e4	1.157307811
optical-lens	18	bo	87	1.737406508155e4	1.180179332
optical-lens	18	bo	88	1.737406508155e4	1.202342086
optical-lens	18	bo	89	1.737406508155e4	1.225603846
optical-lens	18	bo	90	1.737406508155e4	1.249382999
optical-lens	18	bo	91	1.737406508155e4	1.273205623
optical-lens	18	bo	92	1.737406508155e4	1.299098517
optical-lens	18	bo	93	1.737406508155e4	1.323371582
optical-lens	18	bo	94	1.737406508155e4	1.348460947
optical-lens	18	bo	95	1.737406508155e4	1.375444837
optical-lens	18	bo	96	1.737406508155e4	1.402221032
optical-lens	18	bo	97	1.737406508155e4	1.429668273
optical-lens	18	bo	98	1.737406508155e4	1.455670030
optical-lens	18	bo	99	1.737406508155e4	1.481744629
optical-lens	18	bo	100	1.737406508155e4	1.509804895
optical-lens	18	bo	101	1.737406508155e4	1.539200754
optical-lens	18	bo	102	1.737406508155e4	1.566700947
optical-lens	18	bo	103	1.737406508155e4	1.595995443
optical-lens	18	bo	104	1.737406508155e4	1.624476180
optical-lens	18	bo	105	1.737406508155e4	1.653369066
optical-lens	18	bo	106	1.737406508155e4	1.681333510
optical-lens	18	bo	107	1.737406508155e4	1.712029729
optical-lens	18	bo	108	1.737406508155e4	1.743085677
optical-lens	18	bo	109	1.737406508155e4	1.773360427
optical-lens	18	bo	110	1.737406508155e4	1.802037318
optical-lens	18	bo	111	1.737406508155e4	1.833652060
optical-lens	18	bo	112	1.737406508155e4	1.865012015
optical-lens	18	bo	113	1.737406508155e4	1.897552599
optical-lens	18	bo	114	1.737406508155e4	1.928056403
optical-lens	18	bo	115	1.737406508155e4	1.961287214
optical-lens	18	bo	116	1.737406508155e4	1.993193542
optical-lens	18	bo	117	1.737406508155e4	2.025879889
optical-lens	18	bo	118	1.737406508155e4	2.059107879
optical-lens	18	bo	119	1.737406508155e4	2.090822103
optical-lens	18	bo	120	1.737406508155e4	2.123743336
optical-lens	18	bo	121	1.737406508155e4	2.160883331
optical-lens	18	bo	122	1.737406508155e4	2.195439284
optical-lens	18	bo	123	1.737406508155e4	2.230310634
optical-lens	18	bo	124	1.737406508155e4	2.264617821
optical-lens	18	bo	125	1.737406508155e4	2.301355806
optical-lens	18	bo	126	1.737406508155e4	2.337692461
optical-lens	18	bo	127	1.737406508155e4	2.372667094
optical-lens	18	bo	128	1.737406508155e4	2.410325801
optical-lens	18	bo	129	1.737406508155e4	2.448642304
optical-lens	18	bo	130	1.737406508155e4	2.485405530
optical-lens	18	bo	131	1.737406508155e4	2.522690358
optical-lens	18	bo	132	1.737406508155e4	2.560086839
optical-lens	18	bo	133	1.737406508155e4	2.600977324
optical-lens	18	bo	134	1.737406508155e4	2.641488959
optical-lens	18	bo	135	1.737406508155e4	2.683330386
optical-lens	18	bo	136	1.737406508155e4	2.728191086
optical-lens	18	bo	137	1.737406508155e4	2.773865326
optical-lens	18	bo	138	1.737406508155e4	2.820448868
optical-lens	18	bo	139	1.737406508155e4	2.867232205
optical-lens	18	bo	140	1.737406508155e4	2.910022485
optical-lens	18	bo	141	1.737406508155e4	2.954213599
optical-lens	18	bo	142	1.737406508155e4	3.002807209
optical-lens	18	bo	143	1.737406508155e4	3.048363556
optical-lens	18	bo	144	1.737406508155e4	3.097979261
optical-lens	18	bo	145	1.737406508155e4	3.148116608
optical-lens	18	bo	146	1.737406508155e4	3.199772402
optical-lens	18	bo	147	1.737406508155e4	3.251628631
optical-lens	18	bo	148	1.737406508155e4	3.303374837
optical-lens	18	bo	149	4.098880571992e2	3.354248892
optical-lens	18	bo	150	4.098880571992e2	3.405314942
optical-lens	18	bo	151	4.098880571992e2	3.457532110
optical-lens	18	bo	152	4.098880571992e2	3.511078859
optical-lens	18	bo	153	4.098880571992e2	3.563320017
optical-lens	18	bo	154	4.098880571992e2	3.619366677
optical-lens	18	bo	155	4.098880571992e2	3.676739028
optical-lens	18	bo	156	4.098880571992e2	3.732501530
optical-lens	18	bo	157	4.098880571992e2	3.785422114
optical-lens	18	bo	158	4.098880571992e2	3.846520114
optical-lens	18	bo	159	4.098880571992e2	3.911425516
optical-lens	18	bo	160	4.098880571992e2	3.974451883
optical-lens	19	de	1	3.399558673446e5	0.000011390
optical-lens	19	de	2	3.399558673446e5	0.000011680
optical-lens	19	de	3	3.048557414603e5	0.000011750
optical-lens	19	de	4	2.933981023579e5	0.000011820
optical-lens	19	de	5	2.933981023579e5	0.000011890
optical-lens	19	de	6	2.658894859896e5	0.000012020
optical-lens	19	de	7	2.658894859896e5	0.000012090
optical-lens	19	de	8	2.658894859896e5	0.000012200
optical-lens	19	de	9	2.658894859896e5	0.000012280
optical-lens	19	de	10	2.658894859896e5	0.000012640
optical-lens	19	de	11	2.658894859896e5	0.000012710
optical-lens	19	de	12	2.658894859896e5	0.000012840
optical-lens	19	de	13	2.658894859896e5	0.000012920
optical-lens	19	de	14	2.658894859896e5	0.000013050
optical-lens	19	de	15	2.658894859896e5	0.000013120
optical-lens	19	de	16	2.658894859896e5	0.000013190
optical-lens	19	de	17	2.658894859896e5	0.000017290
optical-lens	19	de	18	2.548553572879e5	0.000017590
optical-lens	19	de	19	2.548553572879e5	0.000017660
optical-lens	19	de	20	2.548553572879e5	0.000017730
optical-lens	19	de	21	2.548553572879e5	0.000017800
optical-lens	19	de	22	2.548553572879e5	0.000017870
optical-lens	19	de	23	2.548553572879e5	0.000017930
optical-lens	19	de	24	2.548553572879e5	0.000017990
optical-lens	19	de	25	2.548553572879e5	0.000018050
optical-lens	19	de	26	2.452079387375e5	0.000018130
optical-lens	19	de	27	2.452079387375e5	0.000018200
optical-lens	19	de	28	2.452079387375e5	0.000018260
optical-lens	19	de	29	2.452079387375e5	0.000018330
optical-lens	19	de	30	2.452079387375e5	0.000018400
optical-lens	19	de	31	2.452079387375e5	0.000018470
optical-lens	19	de	32	2.452079387375e5	0.000018540
optical-lens	19	de	33	2.452079387375e5	0.000023180
optical-lens	19	de	34	2.441155364490e5	0.000023430
optical-lens	19	de	35	2.441155364490e5	0.000023500
optical-lens	19	de	36	2.326189910974e5	0.000023570
optical-lens	19	de	37	2.326189910974e5	0.000023640
optical-lens	19	de	38	2.326189910974e5	0.000023710
optical-lens	19	de	39	2.326189910974e5	0.000023780
optical-lens	19	de	40	2.326189910974e5	0.000023850
optical-lens	19	de	41	2.326189910974e5	0.000023910
optical-lens	19	de	42	2.326189910974e5	0.000023990
optical-lens	19	de	43	2.326189910974e5	0.000024060
optical-lens	19	de	44	2.326189910974e5	0.000024120
optical-lens	19	de	45	2.192120652244e5	0.000024190
optical-lens	19	de	46	2.192120652244e5	0.000024260
optical-lens	19	de	47	2.192120652244e5	0.000024330
optical-lens	19	de	48	2.192120652244e5	0.000024400
optical-lens	19	de	49	1.732737594091e5	0.000026670
optical-lens	19	de	50	1.732737594091e5	0.000026740
optical-lens	19	de	51	1.732737594091e5	0.000026810
optical-lens	19	de	52	1.732737594091e5	0.000026940
optical-lens	19	de	53	1.119048373377e5	0.000027010
optical-lens	19	de	54	1.119048373377e5	0.000027080
optical-lens	19	de	55	1.119048373377e5	0.000027150
optical-lens	19	de	56	1.119048373377e5	0.000027220
optical-lens	19	de	57	1.119048373377e5	0.000027290
optical-lens	19	de	58	1.119048373377e5	0.000027360
optical-lens	19	de	59	1.119048373377e5	0.000027430
optical-lens	19	de	60	1.119048373377e5	0.000027500
optical-lens	19	de	61	1.119048373377e5	0.000027570
optical-lens	19	de	62	1.119048373377e5	0.000027640
optical-lens	19	de	63	1.119048373377e5	0.000027700
optical-lens	19	de	64	1.119048373377e5	0.000027780
optical-lens	19	de	65	1.119048373377e5	0.000030140
optical-lens	19	de	66	4.750808343341e4	0.000030400
optical-lens	19	de	67	4.750808343341e4	0.000030470
optical-lens	19	de	68	4.750808343341e4	0.000030540
optical-lens	19	de	69	4.750808343341e4	0.000030610
optical-lens	19	de	70	4.750808343341e4	0.000030690
optical-lens	19	de	71	4.750808343341e4	0.000030760
optical-lens	19	de	72	4.750808343341e4	0.000030830
optical-lens	19	de	73	4.750808343341e4	0.000030900
optical-lens	19	de	74	4.750808343341e4	0.000030970
optical-lens	19	de	75	4.750808343341e4	0.000031030
optical-lens	19	de	76	4.750808343341e4	0.000031110
optical-lens	19	de	77	4.750808343341e4	0.000031170
optical-lens	19	de	78	4.750808343341e4	0.000031240
optical-lens	19	de	79	4.750808343341e4	0.000031310
optical-lens	19	de	80	4.750808343341e4	0.000031380
optical-lens	19	de	81	4.750808343341e4	0.000035950
optical-lens	19	de	82	4.750808343341e4	0.000036020
optical-lens	19	de	83	4.750808343341e4	0.000036090
optical-lens	19	de	84	4.750808343341e4	0.000036160
optical-lens	19	de	85	4.750808343341e4	0.000036230
optical-lens	19	de	86	4.750808343341e4	0.000036360
optical-lens	19	de	87	4.750808343341e4	0.000036430
optical-lens	19	de	88	4.750808343341e4	0.000036500
optical-lens	19	de	89	4.750808343341e4	0.000036570
optical-lens	19	de	90	4.750808343341e4	0.000036630
optical-lens	19	de	91	4.750808343341e4	0.000036700
optical-lens	19	de	92	4.750808343341e4	0.000036770
optical-lens	19	de	93	4.750808343341e4	0.000036830
optical-lens	19	de	94	4.750808343341e4	0.000036910
optical-lens	19	de	95	4.750808343341e4	0.000036980
optical-lens	19	de	96	4.750808343341e4	0.000037050
optical-lens	19	de	97	4.750808343341e4	0.000039090
optical-lens	19	de	98	4.750808343341e4	0.000039160
optical-lens	19	de	99	4.750808343341e4	0.000039280
optical-lens	19	de	100	4.750808343341e4	0.000039340
optical-lens	19	de	101	4.750808343341e4	0.000039410
optical-lens	19	de	102	1.811439897180e4	0.000039540
optical-lens	19	de	103	1.811439897180e4	0.000039610
optical-lens	19	de	104	7.787174047589e2	0.000039740
optical-lens	19	de	105	7.787174047589e2	0.000039810
optical-lens	19	de	106	7.787174047589e2	0.000039880
optical-lens	19	de	107	7.787174047589e2	0.000040070
optical-lens	19	de	108	7.787174047589e2	0.000040140
optical-lens	19	de	109	7.787174047589e2	0.000040210
optical-lens	19	de	110	7.787174047589e2	0.000040270
optical-lens	19	de	111	7.787174047589e2	0.000040350
optical-lens	19	de	112	7.787174047589e2	0.000040420
optical-lens	19	de	113	7.787174047589e2	0.000043540
optical-lens	19	de	114	7.787174047589e2	0.000043610
optical-lens	19	de	115	7.787174047589e2	0.000043680
optical-lens	19	de	116	7.787174047589e2	0.000043750
optical-lens	19	de	117	7.787174047589e2	0.000043820
optical-lens	19	de	118	7.787174047589e2	0.000043880
optical-lens	19	de	119	7.787174047589e2	0.000043950
optical-lens	19	de	120	7.787174047589e2	0.000044020
optical-lens	19	de	121	7.787174047589e2	0.000044090
optical-lens	19	de	122	7.787174047589e2	0.000044160
optical-lens	19	de	123	7.787174047589e2	0.000044300
optical-lens	19	de	124	7.787174047589e2	0.000044370
optical-lens	19	de	125	7.787174047589e2	0.000044440
optical-lens	19	de	126	7.787174047589e2	0.000044500
optical-lens	19	de	127	7.787174047589e2	0.000044570
optical-lens	19	de	128	7.787174047589e2	0.000044640
optical-lens	19	de	129	7.787174047589e2	0.000047210
optical-lens	19	de	130	7.787174047589e2	0.000048090
optical-lens	19	de	131	7.787174047589e2	0.000048150
optical-lens	19	de	132	7.787174047589e2	0.000048230
optical-lens	19	de	133	9.117456141200e1	0.000048290
optical-lens	19	de	134	9.117456141200e1	0.000048360
optical-lens	19	de	135	9.117456141200e1	0.000048430
optical-lens	19	de	136	9.117456141200e1	0.000048500
optical-lens	19	de	137	9.117456141200e1	0.000048570
optical-lens	19	de	138	9.117456141200e1	0.000048640
optical-lens	19	de	139	9.117456141200e1	0.000049010
optical-lens	19	de	140	9.117456141200e1	0.000049080
optical-lens	19	de	141	9.117456141200e1	0.000049150
optical-lens	19	de	142	9.117456141200e1	0.000049220
optical-lens	19	de	143	9.117456141200e1	0.000049290
optical-lens	19	de	144	9.117456141200e1	0.000049360
optical-lens	19	de	145	9.117456141200e1	0.000052480
optical-lens	19	de	146	9.117456141200e1	0.000052550
optical-lens	19	de	147	9.117456141200e1	0.000052620
optical-lens	19	de	148	9.117456141200e1	0.000052690
optical-lens	19	de	149	9.117456141200e1	0.000052760
optical-lens	19	de	150	9.117456141200e1	0.000052830
optical-lens	19	de	151	9.117456141200e1	0.000052890
optical-lens	19	de	152	9.117456141200e1	0.000052970
optical-lens	19	de	153	9.117456141200e1	0.000053040
optical-lens	19	de	154	9.117456141200e1	0.000053110
optical-lens	19	de	155	9.117456141200e1	0.000053180
optical-lens	19	de	156	9.117456141200e1	0.000053250
optical-lens	19	de	157	9.117456141200e1	0.000053310
optical-lens	19	de	158	9.117456141200e1	0.000053380
optical-lens	19	de	159	9.117456141200e1	0.000053450
optical-lens	19	de	160	9.117456141200e1	0.000053520
optical-lens	19	bo	1	7.071067821433e14	0.028320221
optical-lens	19	bo	2	7.071067821433e14	0.028320601
optical-lens	19	bo	3	7.071067821433e14	0.028320671
optical-lens	19	bo	4	7.071067821433e14	0.028320751
optical-lens	19	bo	5	7.071067821433e14	0.028320881
optical-lens	19	bo	6	7.071067821433e14	0.028321141
optical-lens	19	bo	7	7.071067821433e14	0.028321221
optical-lens	19	bo	8	2.234045292354e5	0.028321291
optical-lens	19	bo	9	2.234045292354e5	0.028321361
optical-lens	19	bo	10	1.640738831340e5	0.028321871
optical-lens	19	bo	11	1.640738831340e5	0.028321951
optical-lens	19	bo	12	1.640738831340e5	0.028322031
optical-lens	19	bo	13	1.640738831340e5	0.028322111
optical-lens	19	bo	14	1.640738831340e5	0.028322181
optical-lens	19	bo	15	1.640738831340e5	0.028322341
optical-lens	19	bo	16	5.617160934414e4	0.028322451
optical-lens	19	bo	17	5.617160934414e4	0.042940033
optical-lens	19	bo	18	5.617160934414e4	0.053530948
optical-lens	19	bo	19	5.617160934414e4	0.065279271
optical-lens	19	bo	20	5.617160934414e4	0.078551670
optical-lens	19	bo	21	5.617160934414e4	0.094054423
optical-lens	19	bo	22	5.617160934414e4	0.107765353
optical-lens	19	bo	23	5.617160934414e4	0.124343602
optical-lens	19	bo	24	5.617160934414e4	0.136196578
optical-lens	19	bo	25	5.617160934414e4	0.148199987
optical-lens	19	bo	26	5.617160934414e4	0.160010461
optical-lens	19	bo	27	5.617160934414e4	0.172267686
optical-lens	19	bo	28	5.617160934414e4	0.184212313
optical-lens	19	bo	29	5.617160934414e4	0.195989846
optical-lens	19	bo	30	5.617160934414e4	0.208156259
optical-lens	19	bo	31	5.617160934414e4	0.220421254
optical-lens	19	bo	32	5.617160934414e4	0.233169941
optical-lens	19	bo	33	5.617160934414e4	0.245179350
optical-lens	19	bo	34	5.617160934414e4	0.256889142
optical-lens	19	bo	35	5.617160934414e4	0.269229029
optical-lens	19	bo	36	5.617160934414e4	0.284288942
optical-lens	19	bo	37	5.617160934414e4	0.297244834
optical-lens	19	bo	38	5.617160934414e4	0.309709094
optical-lens	19	bo	39	5.617160934414e4	0.323055516
optical-lens	19	bo	40	5.617160934414e4	0.337906803
optical-lens	19	bo	41	5.617160934414e4	0.351888019
optical-lens	19	bo	42	5.617160934414e4	0.365132627
optical-lens	19	bo	43	5.617160934414e4	0.378926408
optical-lens	19	bo	44	5.617160934414e4	0.392293330
optical-lens	19	bo	45	5.617160934414e4	0.405878957
optical-lens	19	bo	46	5.617160934414e4	0.419933305
optical-lens	19	bo	47	5.617160934414e4	0.433809749
optical-lens	19	bo	48	5.617160934414e4	0.447873968
optical-lens	19	bo	49	5.617160934414e4	0.462799257
optical-lens	19	bo	50	5.617160934414e4	0.477279625
optical-lens	19	bo	51	5.617160934414e4	0.492777468
optical-lens	19	bo	52	5.617160934414e4	0.508921966
optical-lens	19	bo	53	5.617160934414e4	0.524672715
optical-lens	19	bo	54	5.617160934414e4	0.540291021
optical-lens	19	bo	55	5.617160934414e4	0.555772774
optical-lens	19	bo	56	5.617160934414e4	0.571610985
optical-lens	19	bo	57	5.617160934414e4	0.587750453
optical-lens	19	bo	58	5.617160934414e4	0.603064022
optical-lens	19	bo	59	5.617160934414e4	0.619492647
optical-lens	19	bo	60	5.617160934414e4	0.635943863
optical-lens	19	bo	61	5.617160934414e4	0.652487521
optical-lens	19	bo	62	5.617160934414e4	0.669804257
optical-lens	19	bo	63	5.617160934414e4	0.687301377
optical-lens	19	bo	64	5.617160934414e4	0.703809604
optical-lens	19	bo	65	5.617160934414e4	0.722535364
optical-lens	19	bo	66	5.617160934414e4	0.741332447
optical-lens	19	bo	67	5.617160934414e4	0.759478184
optical-lens	19	bo	68	5.617160934414e4	0.778072151
optical-lens	19	bo	69	5.617160934414e4	0.796368851
optical-lens	19	bo	70	5.617160934414e4	0.815237335
optical-lens	19	bo	71	5.617160934414e4	0.835532193
optical-lens	19	bo	72	5.617160934414e4	0.855229877
optical-lens	19	bo	73	5.617160934414e4	0.875291089
optical-lens	19	bo	74	5.617160934414e4	0.895597567
optical-lens	19	bo	75	5.617160934414e4	0.915205829
optical-lens	19	bo	76	5.617160934414e4	0.934747829
optical-lens	19	bo	77	5.617160934414e4	0.954405592
optical-lens	19	bo	78	5.617160934414e4	0.976182386
optical-lens	19	bo	79	5.617160934414e4	0.996873923
optical-lens	19	bo	80	5.617160934414e4	1.019404285
optical-lens	19	bo	81	5.617160934414e4	1.040894372
optical-lens	19	bo	82	5.617160934414e4	1.063238499
optical-lens	19	bo	83	5.617160934414e4	1.085174337
optical-lens	19	bo	84	5.617160934414e4	1.107840923
optical-lens	19	bo	85	5.617160934414e4	1.129725470
optical-lens	19	bo	86	5.617160934414e4	1.152263562
optical-lens	19	bo	87	5.617160934414e4	1.175132082
optical-lens	19	bo	88	5.617160934414e4	1.201277151
optical-lens	19	bo	89	5.617160934414e4	1.225206407
optical-lens	19	bo	90	5.617160934414e4	1.249895041
optical-lens	19	bo	91	5.617160934414e4	1.275295302
optical-lens	19	bo	92	5.617160934414e4	1.303308906
optical-lens	19	bo	93	5.617160934414e4	1.331496834
optical-lens	19	bo	94	5.617160934414e4	1.356617998
optical-lens	19	bo	95	5.617160934414e4	1.384280473
optical-lens	19	bo	96	5.617160934414e4	1.412368379
optical-lens	19	bo	97	5.617160934414e4	1.438563009
optical-lens	19	bo	98	5.617160934414e4	1.467806352
optical-lens	19	bo	99	5.617160934414e4	1.496293107
optical-lens	19	bo	100	5.617160934414e4	1.524468005
optical-lens	19	bo	101	5.617160934414e4	1.551950236
optical-lens	19	bo	102	5.617160934414e4	1.581602468
optical-lens	19	bo	103	5.617160934414e4	1.613141986
optical-lens	19	bo	104	5.617160934414e4	1.645921494
optical-lens	19	bo	105	5.617160934414e4	1.679654185
optical-lens	19	bo	106	5.617160934414e4	1.711313246
optical-lens	19	bo	107	5.617160934414e4	1.745367765
optical-lens	19	bo	108	5.617160934414e4	1.775948220
optical-lens	19	bo	109	5.617160934414e4	1.807904578
optical-lens	19	bo	110	5.617160934414e4	1.839891707
optical-lens	19	bo	111	1.069945729220e3	1.876055226
optical-lens	19	bo	112	1.069945729220e3	1.910133836
optical-lens	19	bo	113	1.069945729220e3	1.945970568
optical-lens	19	bo	114	1.069945729220e3	1.982226480
optical-lens	19	bo	115	1.069945729220e3	2.015621433
optical-lens	19	bo	116	1.069945729220e3	2.054019167
optical-lens	19	bo	117	1.069945729220e3	2.090077524
optical-lens	19	bo	118	1.069945729220e3	2.125967596
optical-lens	19	bo	119	1.069945729220e3	2.162400952
optical-lens	19	bo	120	1.069945729220e3	2.201565523
optical-lens	19	bo	121	1.069945729220e3	2.239659559
optical-lens	19	bo	122	1.069945729220e3	2.282500050
optical-lens	19	bo	123	1.069945729220e3	2.320903004
optical-lens	19	bo	124	1.069945729220e3	2.362096095
optical-lens	19	bo	125	1.069945729220e3	2.403854599
optical-lens	19	bo	126	1.069945729220e3	2.445576042
optical-lens	19	bo	127	1.069945729220e3	2.487857069
optical-lens	19	bo	128	1.069945729220e3	2.531745963
optical-lens	19	bo	129	1.069945729220e3	2.573680060
optical-lens	19	bo	130	1.069945729220e3	2.618884246
optical-lens	19	bo	131	1.069945729220e3	2.661633474
optical-lens	19	bo	132	1.069945729220e3	2.706959523
optical-lens	19	bo	133	1.069945729220e3	2.751058063
optical-lens	19	bo	134	1.069945729220e3	2.798490022
optical-lens	19	bo	135	1.069945729220e3	2.839993920
optical-lens	19	bo	136	1.069945729220e3	2.886767324
optical-lens	19	bo	137	1.069945729220e3	2.932546354
optical-lens	19	bo	138	1.069945729220e3	2.980428905
optical-lens	19	bo	139	1.069945729220e3	3.026481562
optical-lens	19	bo	140	1.069945729220e3	3.074967247
optical-lens	19	bo	141	1.069945729220e3	3.121287610
optical-lens	19	bo	142	1.069945729220e3	3.167578252
optical-lens	19	bo	143	1.069945729220e3	3.217277726
optical-lens	19	bo	144	1.069945729220e3	3.266287403
optical-lens	19	bo	145	1.069945729220e3	3.318138169
optical-lens	19	bo	146	1.069945729220e3	3.371994314
optical-lens	19	bo	147	1.069945729220e3	3.423588133
optical-lens	19	bo	148	1.069945729220e3	3.474477036
optical-lens	19	bo	149	1.069945729220e3	3.528875523
optical-lens	19	bo	150	1.069945729220e3	3.581795624
optical-lens	19	bo	151	1.069945729220e3	3.636541460
optical-lens	19	bo	152	1.069945729220e3	3.691107881
optical-lens	19	bo	153	1.069945729220e3	3.748773986
optical-lens	19	bo	154	1.069945729220e3	3.805740904
optical-lens	19	bo	155	1.069945729220e3	3.867110508
optical-lens	19	bo	156	1.069945729220e3	3.924249601
optical-lens	19	bo	157	1.069945729220e3	3.983090654
optical-lens	19	bo	158	1.069945729220e3	4.040840671
optical-lens	19	bo	159	1.069945729220e3	4.104530490
optical-lens	19	bo	160	1.069945729220e3	4.162524123
cfd-ventilation	0	de	1	1.683457165216e0	0.000012920
cfd-ventilation	0	de	2	1.683457165216e0	0.000013300
cfd-ventilation	0	de	3	1.683457165216e0	0.000013490
cfd-ventilation	0	de	4	1.683457165216e0	0.000013670
cfd-ventilation	0	de	5	1.654628668261e0	0.000013860
cfd-ventilation	0	de	6	1.654628668261e0	0.000014780
cfd-ventilation	0	de	7	1.654628668261e0	0.000015120
cfd-ventilation	0	de	8	1.654628668261e0	0.000015420
cfd-ventilation	0	de	9	1.654628668261e0	0.000015720
cfd-ventilation	0	de	10	1.654628668261e0	0.000016750
cfd-ventilation	0	de	11	1.654628668261e0	0.000017350
cfd-ventilation	0	de	12	1.654628668261e0	0.000018190
cfd-ventilation	0	de	13	1.654628668261e0	0.000018560
cfd-ventilation	0	de	14	1.654628668261e0	0.000018690
cfd-ventilation	0	de	15	1.654628668261e0	0.000018880
cfd-ventilation	0	de	16	1.654628668261e0	0.000019030
cfd-ventilation	0	de	17	1.654628668261e0	0.000027830
cfd-ventilation	0	de	18	1.654628668261e0	0.000028400
cfd-ventilation	0	de	19	1.654628668261e0	0.000028620
cfd-ventilation	0	de	20	1.654628668261e0	0.000028780
cfd-ventilation	0	de	21	1.654628668261e0	0.000028980
cfd-ventilation	0	de	22	1.654628668261e0	0.000029140
cfd-ventilation	0	de	23	1.654628668261e0	0.000029220
cfd-ventilation	0	de	24	1.654628668261e0	0.000029300
cfd-ventilation	0	de	25	1.654628668261e0	0.000029380
cfd-ventilation	0	de	26	1.654628668261e0	0.000029460
cfd-ventilation	0	de	27	1.654628668261e0	0.000029640
cfd-ventilation	0	de	28	1.654628668261e0	0.000029870
cfd-ventilation	0	de	29	1.648262210597e0	0.000030120
cfd-ventilation	0	de	30	1.648262210597e0	0.000030320
cfd-ventilation	0	de	31	1.648262210597e0	0.000030390
cfd-ventilation	0	de	32	1.648262210597e0	0.000030490
cfd-ventilation	0	de	33	1.644094058986e0	0.000040831
cfd-ventilation	0	de	34	1.644094058986e0	0.000041721
cfd-ventilation	0	de	35	1.644094058986e0	0.000041961
cfd-ventilation	0	de	36	1.644094058986e0	0.000042221
cfd-ventilation	0	de	37	1.640788641004e0	0.000042481
cfd-ventilation	0	de	38	1.640788641004e0	0.000042631
cfd-ventilation	0	de	39	1.640788641004e0	0.000042701
cfd-ventilation	0	de	40	1.640788641004e0	0.000042971
cfd-ventilation	0	de	41	1.640788641004e0	0.000043351
cfd-ventilation	0	de	42	1.640788641004e0	0.000043661
cfd-ventilation	0	de	43	1.640788641004e0	0.000044132
cfd-ventilation	0	de	44	1.640788641004e0	0.000044292
cfd-ventilation	0	de	45	1.640788641004e0	0.000044882
cfd-ventilation	0	de	46	1.640788641004e0	0.000045062
cfd-ventilation	0	de	47	1.640788641004e0	0.000045192
cfd-ventilation	0	de	48	1.640788641004e0	0.000045412
cfd-ventilation	0	de	49	1.640788641004e0	0.000052662
cfd-ventilation	0	de	50	1.640788641004e0	0.000052722
cfd-ventilation	0	de	51	1.640788641004e0	0.000052852
cfd-ventilation	0	de	52	1.640788641004e0	0.000052922
cfd-ventilation	0	de	53	1.640788641004e0	0.000053002
cfd-ventilation	0	de	54	1.640788641004e0	0.000053132
cfd-ventilation	0	de	55	1.640788641004e0	0.000053212
cfd-ventilation	0	de	56	1.640788641004e0	0.000053342
cfd-ventilation	0	de	57	1.640788641004e0	0.000053412
cfd-ventilation	0	de	58	1.640788641004e0	0.000053542
cfd-ventilation	0	de	59	1.640788641004e0	0.000053612
cfd-ventilation	0	de	60	1.640788641004e0	0.000053682
cfd-ventilation	0	de	61	1.640788641004e0	0.000053802
cfd-ventilation	0	de	62	1.640788641004e0	0.000053942
cfd-ventilation	0	de	63	1.640788641004e0	0.000054082
cfd-ventilation	0	de	64	1.640732758257e0	0.000054282
cfd-ventilation	0	de	65	1.640732758257e0	0.000062382
cfd-ventilation	0	de	66	1.636737303348e0	0.000064432
cfd-ventilation	0	de	67	1.636737303348e0	0.000064712
cfd-ventilation	0	de	68	1.636737303348e0	0.000065222
cfd-ventilation	0	de	69	1.636737303348e0	0.000065722
cfd-ventilation	0	de	70	1.636737303348e0	0.000066182
cfd-ventilation	0	de	71	1.636737303348e0	0.000066852
cfd-ventilation	0	de	72	1.636737303348e0	0.000067102
cfd-ventilation	0	de	73	1.632614887228e0	0.000067262
cfd-ventilation	0	de	74	1.632614887228e0	0.000067352
cfd-ventilation	0	de	75	1.632614887228e0	0.000067512
cfd-ventilation	0	de	76	1.632614887228e0	0.000067642
cfd-ventilation	0	de	77	1.632614887228e0	0.000067712
cfd-ventilation	0	de	78	1.632614887228e0	0.000067842
cfd-ventilation	0	de	79	1.632614887228e0	0.000067952
cfd-ventilation	0	de	80	1.632614887228e0	0.000068042
cfd-ventilation	0	de	81	1.632614887228e0	0.000076572
cfd-ventilation	0	de	82	1.632614887228e0	0.000076652
cfd-ventilation	0	de	83	1.632614887228e0	0.000076722
cfd-ventilation	0	de	84	1.632614887228e0	0.000076852
cfd-ventilation	0	de	85	1.632614887228e0	0.000076922
cfd-ventilation	0	de	86	1.632614887228e0	0.000077062
cfd-ventilation	0	de	87	1.632614887228e0	0.000077132
cfd-ventilation	0	de	88	1.632614887228e0	0.000077332
cfd-ventilation	0	de	89	1.621729125894e0	0.000077472
cfd-ventilation	0	de	90	1.621729125894e0	0.000077552
cfd-ventilation	0	de	91	1.621729125894e0	0.000077632
cfd-ventilation	0	de	92	1.621729125894e0	0.000077832
cfd-ventilation	0	de	93	1.621729125894e0	0.000077922
cfd-ventilation	0	de	94	1.621729125894e0	0.000078132
cfd-ventilation	0	de	95	1.621729125894e0	0.000078222
cfd-ventilation	0	de	96	1.621729125894e0	0.000078432
cfd-ventilation	0	de	97	1.621729125894e0	0.000085812
cfd-ventilation	0	de	98	1.621729125894e0	0.000085892
cfd-ventilation	0	de	99	1.621729125894e0	0.000085972
cfd-ventilation	0	de	100	1.621729125894e0	0.000086162
cfd-ventilation	0	de	101	1.621729125894e0	0.000086232
cfd-ventilation	0	de	102	1.616089971351e0	0.000086372
cfd-ventilation	0	de	103	1.616089971351e0	0.000086442
cfd-ventilation	0	de	104	1.616089971351e0	0.000086512
cfd-ventilation	0	de	105	1.616089971351e0	0.000086642
cfd-ventilation	0	de	106	1.616089971351e0	0.000086722
cfd-ventilation	0	de	107	1.616089971351e0	0.000086812
cfd-ventilation	0	de	108	1.616089971351e0	0.000086942
cfd-ventilation	0	de	109	1.616089971351e0	0.000087012
cfd-ventilation	0	de	110	1.616089971351e0	0.000087142
cfd-ventilation	0	de	111	1.616089971351e0	0.000087212
cfd-ventilation	0	de	112	1.616089971351e0	0.000087392
cfd-ventilation	0	de	113	1.616089971351e0	0.000096292
cfd-ventilation	0	de	114	1.616089971351e0	0.000096452
cfd-ventilation	0	de	115	1.616089971351e0	0.000096602
cfd-ventilation	0	de	116	1.616089971351e0	0.000096862
cfd-ventilation	0	de	117	1.616089971351e0	0.000097062
cfd-ventilation	0	de	118	1.616089971351e0	0.000097252
cfd-ventilation	0	de	119	1.616089971351e0	0.000097432
cfd-ventilation	0	de	120	1.616089971351e0	0.000097522
cfd-ventilation	0	de	121	1.616089971351e0	0.000097692
cfd-ventilation	0	de	122	1.616089971351e0	0.000097782
cfd-ventilation	0	de	123	1.616089971351e0	0.000097862
cfd-ventilation	0	de	124	1.616089971351e0	0.000097932
cfd-ventilation	0	de	125	1.616089971351e0	0.000098012
cfd-ventilation	0	de	126	1.616089971351e0	0.000098102
cfd-ventilation	0	de	127	1.616089971351e0	0.000098212
cfd-ventilation	0	de	128	1.616089971351e0	0.000098302
cfd-ventilation	0	de	129	1.616089971351e0	0.000106192
cfd-ventilation	0	de	130	1.616089971351e0	0.000107292
cfd-ventilation	0	de	131	1.616089971351e0	0.000107562
cfd-ventilation	0	de	132	1.616089971351e0	0.000108482
cfd-ventilation	0	de	133	1.616089971351e0	0.000108942
cfd-ventilation	0	de	134	1.616089971351e0	0.000109662
cfd-ventilation	0	de	135	1.616089971351e0	0.000109862
cfd-ventilation	0	de	136	1.614354145315e0	0.000110202
cfd-ventilation	0	de	137	1.614354145315e0	0.000110342
cfd-ventilation	0	de	138	1.614354145315e0	0.000110482
cfd-ventilation	0	de	139	1.614354145315e0	0.000110712
cfd-ventilation	0	de	140	1.614354145315e0	0.000111382
cfd-ventilation	0	de	141	1.614354145315e0	0.000111542
cfd-ventilation	0	de	142	1.614354145315e0	0.000111622
cfd-ventilation	0	de	143	1.614354145315e0	0.000111782
cfd-ventilation	0	de	144	1.614354145315e0	0.000112482
cfd-ventilation	0	de	145	1.614354145315e0	0.000121462
cfd-ventilation	0	de	146	1.614354145315e0	0.000122192
cfd-ventilation	0	de	147	1.614354145315e0	0.000122612
cfd-ventilation	0	de	148	1.614354145315e0	0.000122772
cfd-ventilation	0	de	149	1.614354145315e0	0.000123282
cfd-ventilation	0	de	150	1.614354145315e0	0.000123432
cfd-ventilation	0	de	151	1.614354145315e0	0.000124022
cfd-ventilation	0	de	152	1.614354145315e0	0.000124112
cfd-ventilation	0	de	153	1.614121191366e0	0.000124252
cfd-ventilation	0	de	154	1.614121191366e0	0.000124582
cfd-ventilation	0	de	155	1.551499335351e0	0.000124732
cfd-ventilation	0	de	156	1.551499335351e0	0.000124862
cfd-ventilation	0	de	157	1.551499335351e0	0.000124932
cfd-ventilation	0	de	158	1.551499335351e0	0.000125112
cfd-ventilation	0	de	159	1.551499335351e0	0.000125422
cfd-ventilation	0	de	160	1.551499335351e0	0.000125602
cfd-ventilation	0	bo	1	1.646211089461e0	0.021919446
cfd-ventilation	0	bo	2	1.646211089461e0	0.021920066
cfd-ventilation	0	bo	3	1.646211089461e0	0.021920776
cfd-ventilation	0	bo	4	1.646211089461e0	0.021921406
cfd-ventilation	0	bo	5	1.617427577998e0	0.021921676
cfd-ventilation	0	bo	6	1.617427577998e0	0.021922106
cfd-ventilation	0	bo	7	1.617427577998e0	0.021922366
cfd-ventilation	0	bo	8	1.617427577998e0	0.021922586
cfd-ventilation	0	bo	9	1.617427577998e0	0.021922856
cfd-ventilation	0	bo	10	1.617427577998e0	0.021923616
cfd-ventilation	0	bo	11	1.617427577998e0	0.021924336
cfd-ventilation	0	bo	12	1.617427577998e0	0.021924766
cfd-ventilation	0	bo	13	1.617427577998e0	0.021924976
cfd-ventilation	0	bo	14	1.617427577998e0	0.021925176
cfd-ventilation	0	bo	15	1.617427577998e0	0.021925416
cfd-ventilation	0	bo	16	1.617427577998e0	0.021925626
cfd-ventilation	0	bo	17	1.617427577998e0	0.032643534
cfd-ventilation	0	bo	18	1.617427577998e0	0.042617984
cfd-ventilation	0	bo	19	1.617427577998e0	0.052141913
cfd-ventilation	0	bo	20	1.617427577998e0	0.061756464
cfd-ventilation	0	bo	21	1.617427577998e0	0.071532009
cfd-ventilation	0	bo	22	1.617427577998e0	0.081427276
cfd-ventilation	0	bo	23	1.617427577998e0	0.091260722
cfd-ventilation	0	bo	24	1.617427577998e0	0.102244185
cfd-ventilation	0	bo	25	1.617427577998e0	0.112250125
cfd-ventilation	0	bo	26	1.617427577998e0	0.122584593
cfd-ventilation	0	bo	27	1.617427577998e0	0.132892730
cfd-ventilation	0	bo	28	1.617427577998e0	0.143739420
cfd-ventilation	0	bo	29	1.617427577998e0	0.154347444
cfd-ventilation	0	bo	30	1.617427577998e0	0.165058761
cfd-ventilation	0	bo	31	1.617427577998e0	0.176021014
cfd-ventilation	0	bo	32	1.617427577998e0	0.186031994
cfd-ventilation	0	bo	33	1.617427577998e0	0.196995337
cfd-ventilation	0	bo	34	1.617427577998e0	0.209076146
cfd-ventilation	0	bo	35	1.617427577998e0	0.219320382
cfd-ventilation	0	bo	36	1.617427577998e0	0.230409618
cfd-ventilation	0	bo	37	1.617427577998e0	0.241536905
cfd-ventilation	0	bo	38	1.617427577998e0	0.252574810
cfd-ventilation	0	bo	39	1.617427577998e0	0.263658196
cfd-ventilation	0	bo	40	1.617427577998e0	0.275067510
cfd-ventilation	0	bo	41	1.617427577998e0	0.286630407
cfd-ventilation	0	bo	42	1.617427577998e0	0.299193619
cfd-ventilation	0	bo	43	1.617427577998e0	0.311051643
cfd-ventilation	0	bo	44	1.617427577998e0	0.322585349
cfd-ventilation	0	bo	45	1.617427577998e0	0.334312381
cfd-ventilation	0	bo	46	1.617427577998e0	0.346569055
cfd-ventilation	0	bo	47	1.617427577998e0	0.359426003
cfd-ventilation	0	bo	48	1.617427577998e0	0.371441681
cfd-ventilation	0	bo	49	1.617427577998e0	0.383755596
cfd-ventilation	0	bo	50	1.617427577998e0	0.396421450
cfd-ventilation	0	bo	51	1.617427577998e0	0.408544281
cfd-ventilation	0	bo	52	1.617427577998e0	0.420700762
cfd-ventilation	0	bo	53	1.617427577998e0	0.433886608
cfd-ventilation	0	bo	54	1.617427577998e0	0.446049269
cfd-ventilation	0	bo	55	1.617427577998e0	0.458646371
cfd-ventilation	0	bo	56	1.617427577998e0	0.472508603
cfd-ventilation	0	bo	57	1.617427577998e0	0.485625907
cfd-ventilation	0	bo	58	1.617427577998e0	0.499932570
cfd-ventilation	0	bo	59	1.617427577998e0	0.515289878
cfd-ventilation	0	bo	60	1.617427577998e0	0.528817813
cfd-ventilation	0	bo	61	1.617427577998e0	0.542037870
cfd-ventilation	0	bo	62	1.617427577998e0	0.555508723
cfd-ventilation	0	bo	63	1.617427577998e0	0.569774705
cfd-ventilation	0	bo	64	1.617427577998e0	0.583599297
cfd-ventilation	0	bo	65	1.617427577998e0	0.598138056
cfd-ventilation	0	bo	66	1.617427577998e0	0.612099960
cfd-ventilation	0	bo	67	1.617427577998e0	0.626733171
cfd-ventilation	0	bo	68	1.617427577998e0	0.641736211
cfd-ventilation	0	bo	69	1.617427577998e0	0.656450134
cfd-ventilation	0	bo	70	1.617427577998e0	0.671434803
cfd-ventilation	0	bo	71	1.617427577998e0	0.688267137
cfd-ventilation	0	bo	72	1.617427577998e0	0.705073740
cfd-ventilation	0	bo	73	1.617427577998e0	0.720082370
cfd-ventilation	0	bo	74	1.617427577998e0	0.735907330
cfd-ventilation	0	bo	75	1.617427577998e0	0.751382441
cfd-ventilation	0	bo	76	1.617427577998e0	0.767592900
cfd-ventilation	0	bo	77	1.617427577998e0	0.784882714
cfd-ventilation	0	bo	78	1.617427577998e0	0.801472662
cfd-ventilation	0	bo	79	1.617427577998e0	0.817734311
cfd-ventilation	0	bo	80	1.617427577998e0	0.834419191
cfd-ventilation	0	bo	81	1.617427577998e0	0.850396124
cfd-ventilation	0	bo	82	1.617427577998e0	0.867156626
cfd-ventilation	0	bo	83	1.617427577998e0	0.883808845
cfd-ventilation	0	bo	84	1.617427577998e0	0.901251523
cfd-ventilation	0	bo	85	1.617427577998e0	0.920177696
cfd-ventilation	0	bo	86	1.617427577998e0	0.937887570
cfd-ventilation	0	bo	87	1.617427577998e0	0.954352785
cfd-ventilation	0	bo	88	1.617427577998e0	0.974429696
cfd-ventilation	0	bo	89	1.617427577998e0	0.994510447
cfd-ventilation	0	bo	90	1.617427577998e0	1.014701701
cfd-ventilation	0	bo	91	1.617427577998e0	1.033739897
cfd-ventilation	0	bo	92	1.617427577998e0	1.052163429
cfd-ventilation	0	bo	93	1.617427577998e0	1.072062146
cfd-ventilation	0	bo	94	1.617427577998e0	1.091398270
cfd-ventilation	0	bo	95	1.617427577998e0	1.113694955
cfd-ventilation	0	bo	96	1.617427577998e0	1.135325283
cfd-ventilation	0	bo	97	1.617427577998e0	1.156620884
cfd-ventilation	0	bo	98	1.617427577998e0	1.176779417
cfd-ventilation	0	bo	99	1.617427577998e0	1.198214221
cfd-ventilation	0	bo	100	1.617427577998e0	1.220524166
cfd-ventilation	0	bo	101	1.617427577998e0	1.242713678
cfd-ventilation	0	bo	102	1.617427577998e0	1.265019753
cfd-ventilation	0	bo	103	1.617427577998e0	1.288073416
cfd-ventilation	0	bo	104	1.617427577998e0	1.308437054
cfd-ventilation	0	bo	105	1.617427577998e0	1.330697217
cfd-ventilation	0	bo	106	1.617427577998e0	1.353547465
cfd-ventilation	0	bo	107	1.617427577998e0	1.376896205
cfd-ventilation	0	bo	108	1.617427577998e0	1.400571642
cfd-ventilation	0	bo	109	1.617427577998e0	1.421514644
cfd-ventilation	0	bo	110	1.617427577998e0	1.444501705
cfd-ventilation	0	bo	111	1.617427577998e0	1.467789973
cfd-ventilation	0	bo	112	1.617427577998e0	1.490088517
cfd-ventilation	0	bo	113	1.617427577998e0	1.514747748
cfd-ventilation	0	bo	114	1.617427577998e0	1.539933151
cfd-ventilation	0	bo	115	1.617427577998e0	1.562811989
cfd-ventilation	0	bo	116	1.617427577998e0	1.585786019
cfd-ventilation	0	bo	117	1.617427577998e0	1.610708516
cfd-ventilation	0	bo	118	1.617427577998e0	1.635434558
cfd-ventilation	0	bo	119	1.617427577998e0	1.657330982
cfd-ventilation	0	bo	120	1.617427577998e0	1.680542218
cfd-ventilation	0	bo	121	1.617427577998e0	1.706373807
cfd-ventilation	0	bo	122	1.617427577998e0	1.732756249
cfd-ventilation	0	bo	123	1.617427577998e0	1.757021970
cfd-ventilation	0	bo	124	1.617427577998e0	1.784586190
cfd-ventilation	0	bo	125	1.617427577998e0	1.809928487
cfd-ventilation	0	bo	126	1.617427577998e0	1.835907239
cfd-ventilation	0	bo	127	1.617427577998e0	1.863069769
cfd-ventilation	0	bo	128	1.617427577998e0	1.890246860
cfd-ventilation	0	bo	129	1.617427577998e0	1.921473108
cfd-ventilation	0	bo	130	1.617427577998e0	1.948841584
cfd-ventilation	0	bo	131	1.617427577998e0	1.975976874
cfd-ventilation	0	bo	132	1.617427577998e0	2.006758691
cfd-ventilation	0	bo	133	1.617427577998e0	2.035578432
cfd-ventilation	0	bo	134	1.617427577998e0	2.063489091
cfd-ventilation	0	bo	135	1.617427577998e0	2.091953032
cfd-ventilation	0	bo	136	1.617427577998e0	2.125519525
cfd-ventilation	0	bo	137	1.617427577998e0	2.157923021
cfd-ventilation	0	bo	138	1.617427577998e0	2.186877134
cfd-ventilation	0	bo	139	1.617427577998e0	2.219490145
cfd-ventilation	0	bo	140	1.617427577998e0	2.253070319
cfd-ventilation	0	bo	141	1.617427577998e0	2.286603892
cfd-ventilation	0	bo	142	1.617427577998e0	2.319860688
cfd-ventilation	0	bo	143	1.617427577998e0	2.350749238
cfd-ventilation	0	bo	144	1.617427577998e0	2.380367727
cfd-ventilation	0	bo	145	1.617427577998e0	2.417906375
cfd-ventilation	0	bo	146	1.617427577998e0	2.450053655
cfd-ventilation	0	bo	147	1.617427577998e0	2.483659400
cfd-ventilation	0	bo	148	1.617427577998e0	2.520862081
cfd-ventilation	0	bo	149	1.617427577998e0	2.557596680
cfd-ventilation	0	bo	150	1.617427577998e0	2.591139213
cfd-ventilation	0	bo	151	1.617427577998e0	2.628779114
cfd-ventilation	0	bo	152	1.617427577998e0	2.666246000
cfd-ventilation	0	bo	153	1.617427577998e0	2.699258390
cfd-ventilation	0	bo	154	1.617427577998e0	2.739637337
cfd-ventilation	0	bo	155	1.617427577998e0	2.776015628
cfd-ventilation	0	bo	156	1.617427577998e0	2.814718244
cfd-ventilation	0	bo	157	1.617427577998e0	2.850389697
cfd-ventilation	0	bo	158	1.617427577998e0	2.887946386
cfd-ventilation	0	bo	159	1.617427577998e0	2.927490213
cfd-ventilation	0	bo	160	1.617427577998e0	2.968359861
cfd-ventilation	1	de	1	7.584509989550e0	0.000013910
cfd-ventilation	1	de	2	1.641657395889e0	0.000014400
cfd-ventilation	1	de	3	1.641657395889e0	0.000014940
cfd-ventilation	1	de	4	1.641657395889e0	0.000015160
cfd-ventilation	1	de	5	1.641657395889e0	0.000016050
cfd-ventilation	1	de	6	1.641657395889e0	0.000017970
cfd-ventilation	1	de	7	1.641657395889e0	0.000018800
cfd-ventilation	1	de	8	1.641657395889e0	0.000019020
cfd-ventilation	1	de	9	1.641657395889e0	0.000019220
cfd-ventilation	1	de	10	1.641657395889e0	0.000019830
cfd-ventilation	1	de	11	1.641657395889e0	0.000020520
cfd-ventilation	1	de	12	1.641657395889e0	0.000020840
cfd-ventilation	1	de	13	1.641657395889e0	0.000021120
cfd-ventilation	1	de	14	1.641657395889e0	0.000021250
cfd-ventilation	1	de	15	1.641657395889e0	0.000021380
cfd-ventilation	1	de	16	1.641657395889e0	0.000021541
cfd-ventilation	1	de	17	1.641657395889e0	0.000030631
cfd-ventilation	1	de	18	1.641657395889e0	0.000031441
cfd-ventilation	1	de	19	1.641657395889e0	0.000031671
cfd-ventilation	1	de	20	1.641657395889e0	0.000031911
cfd-ventilation	1	de	21	1.641657395889e0	0.000031981
cfd-ventilation	1	de	22	1.641657395889e0	0.000032061
cfd-ventilation	1	de	23	1.641657395889e0	0.000032141
cfd-ventilation	1	de	24	1.641657395889e0	0.000032281
cfd-ventilation	1	de	25	1.641657395889e0	0.000032421
cfd-ventilation	1	de	26	1.641657395889e0	0.000032581
cfd-ventilation	1	de	27	1.641657395889e0	0.000032731
cfd-ventilation	1	de	28	1.641657395889e0	0.000033011
cfd-ventilation	1	de	29	1.641657395889e0	0.000033681
cfd-ventilation	1	de	30	1.641657395889e0	0.000034721
cfd-ventilation	1	de	31	1.641657395889e0	0.000035351
cfd-ventilation	1	de	32	1.641657395889e0	0.000035991
cfd-ventilation	1	de	33	1.633066267020e0	0.000049161
cfd-ventilation	1	de	34	1.633066267020e0	0.000050211
cfd-ventilation	1	de	35	1.633066267020e0	0.000050731
cfd-ventilation	1	de	36	1.633066267020e0	0.000051041
cfd-ventilation	1	de	37	1.633066267020e0	0.000051181
cfd-ventilation	1	de	38	1.633066267020e0	0.000051771
cfd-ventilation	1	de	39	1.633066267020e0	0.000052031
cfd-ventilation	1	de	40	1.633066267020e0	0.000052181
cfd-ventilation	1	de	41	1.633066267020e0	0.000052321
cfd-ventilation	1	de	42	1.633066267020e0	0.000052461
cfd-ventilation	1	de	43	1.628640214567e0	0.000052531
cfd-ventilation	1	de	44	1.628640214567e0	0.000052671
cfd-ventilation	1	de	45	1.628640214567e0	0.000052821
cfd-ventilation	1	de	46	1.628640214567e0	0.000052901
cfd-ventilation	1	de	47	1.628640214567e0	0.000053051
cfd-ventilation	1	de	48	1.628640214567e0	0.000053221
cfd-ventilation	1	de	49	1.628640214567e0	0.000061582
cfd-ventilation	1	de	50	1.628640214567e0	0.000061722
cfd-ventilation	1	de	51	1.628640214567e0	0.000061792
cfd-ventilation	1	de	52	1.628640214567e0	0.000062002
cfd-ventilation	1	de	53	1.628640214567e0	0.000062172
cfd-ventilation	1	de	54	1.628640214567e0	0.000062242
cfd-ventilation	1	de	55	1.628640214567e0	0.000062852
cfd-ventilation	1	de	56	1.628640214567e0	0.000062992
cfd-ventilation	1	de	57	1.628640214567e0	0.000063062
cfd-ventilation	1	de	58	1.625080841179e0	0.000063132
cfd-ventilation	1	de	59	1.625080841179e0	0.000063322
cfd-ventilation	1	de	60	1.625080841179e0	0.000063502
cfd-ventilation	1	de	61	1.625080841179e0	0.000063632
cfd-ventilation	1	de	62	1.625080841179e0	0.000063872
cfd-ventilation	1	de	63	1.625080841179e0	0.000064272
cfd-ventilation	1	de	64	1.607616038918e0	0.000065022
cfd-ventilation	1	de	65	1.607616038918e0	0.000075303
cfd-ventilation	1	de	66	1.607616038918e0	0.000076673
cfd-ventilation	1	de	67	1.607616038918e0	0.000076823
cfd-ventilation	1	de	68	1.607616038918e0	0.000076973
cfd-ventilation	1	de	69	1.607616038918e0	0.000077443
cfd-ventilation	1	de	70	1.607616038918e0	0.000077773
cfd-ventilation	1	de	71	1.607616038918e0	0.000078003
cfd-ventilation	1	de	72	1.607616038918e0	0.000078073
cfd-ventilation	1	de	73	1.606128881799e0	0.000078143
cfd-ventilation	1	de	74	1.606128881799e0	0.000078283
cfd-ventilation	1	de	75	1.606128881799e0	0.000078343
cfd-ventilation	1	de	76	1.606128881799e0	0.000078423
cfd-ventilation	1	de	77	1.606128881799e0	0.000079093
cfd-ventilation	1	de	78	1.606128881799e0	0.000079253
cfd-ventilation	1	de	79	1.606128881799e0	0.000079323
cfd-ventilation	1	de	80	1.606128881799e0	0.000079393
cfd-ventilation	1	de	81	1.606128881799e0	0.000087123
cfd-ventilation	1	de	82	1.606128881799e0	0.000087193
cfd-ventilation	1	de	83	1.606128881799e0	0.000087273
cfd-ventilation	1	de	84	1.563054166851e0	0.000087343
cfd-ventilation	1	de	85	1.563054166851e0	0.000087413
cfd-ventilation	1	de	86	1.563054166851e0	0.000087483
cfd-ventilation	1	de	87	1.563054166851e0	0.000087553
cfd-ventilation	1	de	88	1.563054166851e0	0.000087693
cfd-ventilation	1	de	89	1.563054166851e0	0.000087763
cfd-ventilation	1	de	90	1.563054166851e0	0.000087983
cfd-ventilation	1	de	91	1.563054166851e0	0.000088413
cfd-ventilation	1	de	92	1.563054166851e0	0.000088483
cfd-ventilation	1	de	93	1.563054166851e0	0.000088553
cfd-ventilation	1	de	94	1.563054166851e0	0.000088623
cfd-ventilation	1	de	95	1.563054166851e0	0.000088693
cfd-ventilation	1	de	96	1.563054166851e0	0.000088763
cfd-ventilation	1	de	97	1.563054166851e0	0.000096423
cfd-ventilation	1	de	98	1.563054166851e0	0.000096493
cfd-ventilation	1	de	99	1.563054166851e0	0.000097083
cfd-ventilation	1	de	100	1.563054166851e0	0.000097153
cfd-ventilation	1	de	101	1.556574351040e0	0.000097223
cfd-ventilation	1	de	102	1.556574351040e0	0.000097293
cfd-ventilation	1	de	103	1.556574351040e0	0.000097443
cfd-ventilation	1	de	104	1.556574351040e0	0.000097513
cfd-ventilation	1	de	105	1.556574351040e0	0.000097653
cfd-ventilation	1	de	106	1.556574351040e0	0.000097723
cfd-ventilation	1	de	107	1.556574351040e0	0.000097793
cfd-ventilation	1	de	108	1.556574351040e0	0.000097863
cfd-ventilation	1	de	109	1.556574351040e0	0.000097933
cfd-ventilation	1	de	110	1.556574351040e0	0.000098003
cfd-ventilation	1	de	111	1.556574351040e0	0.000098073
cfd-ventilation	1	de	112	1.556574351040e0	0.000098143
cfd-ventilation	1	de	113	1.556574351040e0	0.000105293
cfd-ventilation	1	de	114	1.556574351040e0	0.000105413
cfd-ventilation	1	de	115	1.556574351040e0	0.000105643
cfd-ventilation	1	de	116	1.556574351040e0	0.000105733
cfd-ventilation	1	de	117	1.556574351040e0	0.000105813
cfd-ventilation	1	de	118	1.556574351040e0	0.000105883
cfd-ventilation	1	de	119	1.556574351040e0	0.000105943
cfd-ventilation	1	de	120	1.554232578920e0	0.000106003
cfd-ventilation	1	de	121	1.554232578920e0	0.000106083
cfd-ventilation	1	de	122	1.554232578920e0	0.000106223
cfd-ventilation	1	de	123	1.554232578920e0	0.000106293
cfd-ventilation	1	de	124	1.554232578920e0	0.000106363
cfd-ventilation	1	de	125	1.554232578920e0	0.000106433
cfd-ventilation	1	de	126	1.554232578920e0	0.000106503
cfd-ventilation	1	de	127	1.554232578920e0	0.000106563
cfd-ventilation	1	de	128	1.554232578920e0	0.000106643
cfd-ventilation	1	de	129	1.554232578920e0	0.000113823
cfd-ventilation	1	de	130	1.554232578920e0	0.000115013
cfd-ventilation	1	de	131	1.554232578920e0	0.000115193
cfd-ventilation	1	de	132	1.554232578920e0	0.000115263
cfd-ventilation	1	de	133	1.554232578920e0	0.000115333
cfd-ventilation	1	de	134	1.554232578920e0	0.000115403
cfd-ventilation	1	de	135	1.554232578920e0	0.000115473
cfd-ventilation	1	de	136	1.554232578920e0	0.000115533
cfd-ventilation	1	de	137	1.554232578920e0	0.000115613
cfd-ventilation	1	de	138	1.554232578920e0	0.000115683
cfd-ventilation	1	de	139	1.554232578920e0	0.000115753
cfd-ventilation	1	de	140	1.554232578920e0	0.000115823
cfd-ventilation	1	de	141	1.554232578920e0	0.000115893
cfd-ventilation	1	de	142	1.554232578920e0	0.000115963
cfd-ventilation	1	de	143	1.554232578920e0	0.000116033
cfd-ventilation	1	de	144	1.554232578920e0	0.000116103
cfd-ventilation	1	de	145	1.554232578920e0	0.000124694
cfd-ventilation	1	de	146	1.554232578920e0	0.000124764
cfd-ventilation	1	de	147	1.554232578920e0	0.000124834
cfd-ventilation	1	de	148	1.554232578920e0	0.000124904
cfd-ventilation	1	de	149	1.554232578920e0	0.000124974
cfd-ventilation	1	de	150	1.554232578920e0	0.000125154
cfd-ventilation	1	de	151	1.554232578920e0	0.000125284
cfd-ventilation	1	de	152	1.554232578920e0	0.000125374
cfd-ventilation	1	de	153	1.554232578920e0	0.000125874
cfd-ventilation	1	de	154	1.554232578920e0	0.000125944
cfd-ventilation	1	de	155	1.554232578920e0	0.000126014
cfd-ventilation	1	de	156	1.554232578920e0	0.000126374
cfd-ventilation	1	de	157	1.554232578920e0	0.000126794
cfd-ventilation	1	de	158	1.554232578920e0	0.000127174
cfd-ventilation	1	de	159	1.554232578920e0	0.000127634
cfd-ventilation	1	de	160	1.554232578920e0	0.000128504
cfd-ventilation	1	bo	1	1.646349816177e0	0.021708709
cfd-ventilation	1	bo	2	1.646349816177e0	0.021709529
cfd-ventilation	1	bo	3	1.646349816177e0	0.021709719
cfd-ventilation	1	bo	4	1.646349816177e0	0.021709809
cfd-ventilation	1	bo	5	1.646349816177e0	0.021710039
cfd-ventilation	1	bo	6	1.646349816177e0	0.021710539
cfd-ventilation	1	bo	7	1.646349816177e0	0.021711379
cfd-ventilation	1	bo	8	1.646349816177e0	0.021712079
cfd-ventilation	1	bo	9	1.628644199428e0	0.021713129
cfd-ventilation	1	bo	10	1.628644199428e0	0.021714619
cfd-ventilation	1	bo	11	1.628644199428e0	0.021714779
cfd-ventilation	1	bo	12	1.628644199428e0	0.021714979
cfd-ventilation	1	bo	13	1.628644199428e0	0.021715519
cfd-ventilation	1	bo	14	1.628644199428e0	0.021715779
cfd-ventilation	1	bo	15	1.628644199428e0	0.021716309
cfd-ventilation	1	bo	16	1.628644199428e0	0.021716699
cfd-ventilation	1	bo	17	1.628644199428e0	0.034631108
cfd-ventilation	1	bo	18	1.628644199428e0	0.045650302
cfd-ventilation	1	bo	19	1.621579354611e0	0.056281066
cfd-ventilation	1	bo	20	1.621579354611e0	0.066500820
cfd-ventilation	1	bo	21	1.621579354611e0	0.076690043
cfd-ventilation	1	bo	22	1.621579354611e0	0.087594344
cfd-ventilation	1	bo	23	1.621579354611e0	0.100983114
cfd-ventilation	1	bo	24	1.621579354611e0	0.111946437
cfd-ventilation	1	bo	25	1.621579354611e0	0.121991467
cfd-ventilation	1	bo	26	1.621579354611e0	0.132364165
cfd-ventilation	1	bo	27	1.621579354611e0	0.144014433
cfd-ventilation	1	bo	28	1.621579354611e0	0.153840788
cfd-ventilation	1	bo	29	1.621579354611e0	0.164553114
cfd-ventilation	1	bo	30	1.621579354611e0	0.174963083
cfd-ventilation	1	bo	31	1.621579354611e0	0.185028403
cfd-ventilation	1	bo	32	1.621579354611e0	0.195630096
cfd-ventilation	1	bo	33	1.621579354611e0	0.206560737
cfd-ventilation	1	bo	34	1.621579354611e0	0.216745080
cfd-ventilation	1	bo	35	1.621579354611e0	0.227936497
cfd-ventilation	1	bo	36	1.621579354611e0	0.239120034
cfd-ventilation	1	bo	37	1.621579354611e0	0.250323071
cfd-ventilation	1	bo	38	1.621579354611e0	0.262466481
cfd-ventilation	1	bo	39	1.621579354611e0	0.273992726
cfd-ventilation	1	bo	40	1.621579354611e0	0.284991088
cfd-ventilation	1	bo	41	1.621579354611e0	0.297299732
cfd-ventilation	1	bo	42	1.621579354611e0	0.308882019
cfd-ventilation	1	bo	43	1.621579354611e0	0.320847165
cfd-ventilation	1	bo	44	1.621579354611e0	0.333491527
cfd-ventilation	1	bo	45	1.621579354611e0	0.345531515
cfd-ventilation	1	bo	46	1.588206298950e0	0.357630544
cfd-ventilation	1	bo	47	1.588206298950e0	0.370116452
cfd-ventilation	1	bo	48	1.588206298950e0	0.383043101
cfd-ventilation	1	bo	49	1.588206298950e0	0.394869113
cfd-ventilation	1	bo	50	1.588206298950e0	0.406876380
cfd-ventilation	1	bo	51	1.588206298950e0	0.419911661
cfd-ventilation	1	bo	52	1.588206298950e0	0.432451960
cfd-ventilation	1	bo	53	1.588206298950e0	0.444882297
cfd-ventilation	1	bo	54	1.588206298950e0	0.457733634
cfd-ventilation	1	bo	55	1.588206298950e0	0.470235983
cfd-ventilation	1	bo	56	1.588206298950e0	0.483434769
cfd-ventilation	1	bo	57	1.588206298950e0	0.497422534
cfd-ventilation	1	bo	58	1.588206298950e0	0.510531577
cfd-ventilation	1	bo	59	1.588206298950e0	0.524103541
cfd-ventilation	1	bo	60	1.588206298950e0	0.537731397
cfd-ventilation	1	bo	61	1.588206298950e0	0.550421410
cfd-ventilation	1	bo	62	1.588206298950e0	0.563699167
cfd-ventilation	1	bo	63	1.588206298950e0	0.577783763
cfd-ventilation	1	bo	64	1.588206298950e0	0.591724306
cfd-ventilation	1	bo	65	1.588206298950e0	0.605374422
cfd-ventilation	1	bo	66	1.588206298950e0	0.619399997
cfd-ventilation	1	bo	67	1.588206298950e0	0.633705690
cfd-ventilation	1	bo	68	1.588206298950e0	0.647946010
cfd-ventilation	1	bo	69	1.588206298950e0	0.663126723
cfd-ventilation	1	bo	70	1.588206298950e0	0.677819284
cfd-ventilation	1	bo	71	1.588206298950e0	0.691402829
cfd-ventilation	1	bo	72	1.588206298950e0	0.706449559
cfd-ventilation	1	bo	73	1.588206298950e0	0.722114433
cfd-ventilation	1	bo	74	1.588206298950e0	0.737869490
cfd-ventilation	1	bo	75	1.588206298950e0	0.753932343
cfd-ventilation	1	bo	76	1.588206298950e0	0.770202852
cfd-ventilation	1	bo	77	1.588206298950e0	0.786047960
cfd-ventilation	1	bo	78	1.588206298950e0	0.802457481
cfd-ventilation	1	bo	79	1.588206298950e0	0.817607203
cfd-ventilation	1	bo	80	1.588206298950e0	0.833659556
cfd-ventilation	1	bo	81	1.588206298950e0	0.849180376
cfd-ventilation	1	bo	82	1.588206298950e0	0.865608749
cfd-ventilation	1	bo	83	1.588206298950e0	0.882494072
cfd-ventilation	1	bo	84	1.588206298950e0	0.900172954
cfd-ventilation	1	bo	85	1.588206298950e0	0.918503161
cfd-ventilation	1	bo	86	1.588206298950e0	0.935851865
cfd-ventilation	1	bo	87	1.588206298950e0	0.954430189
cfd-ventilation	1	bo	88	1.588206298950e0	0.973622688
cfd-ventilation	1	bo	89	1.588206298950e0	0.991787782
cfd-ventilation	1	bo	90	1.588206298950e0	1.009607068
cfd-ventilation	1	bo	91	1.588206298950e0	1.028122780
cfd-ventilation	1	bo	92	1.588206298950e0	1.047565324
cfd-ventilation	1	bo	93	1.588206298950e0	1.065104493
cfd-ventilation	1	bo	94	1.588206298950e0	1.085817648
cfd-ventilation	1	bo	95	1.588206298950e0	1.104747430
cfd-ventilation	1	bo	96	1.588206298950e0	1.125384023
cfd-ventilation	1	bo	97	1.588206298950e0	1.146243541
cfd-ventilation	1	bo	98	1.588206298950e0	1.166589767
cfd-ventilation	1	bo	99	1.588206298950e0	1.188067520
cfd-ventilation	1	bo	100	1.588206298950e0	1.208241952
cfd-ventilation	1	bo	101	1.588206298950e0	1.229845397
cfd-ventilation	1	bo	102	1.588206298950e0	1.251384001
cfd-ventilation	1	bo	103	1.588206298950e0	1.273021138
cfd-ventilation	1	bo	104	1.588206298950e0	1.297366389
cfd-ventilation	1	bo	105	1.588206298950e0	1.318784350
cfd-ventilation	1	bo	106	1.588206298950e0	1.341269277
cfd-ventilation	1	bo	107	1.588206298950e0	1.361521510
cfd-ventilation	1	bo	108	1.588206298950e0	1.382617334
cfd-ventilation	1	bo	109	1.588206298950e0	1.405404528
cfd-ventilation	1	bo	110	1.588206298950e0	1.428734444
cfd-ventilation	1	bo	111	1.588206298950e0	1.450504574
cfd-ventilation	1	bo	112	1.588206298950e0	1.472919960
cfd-ventilation	1	bo	113	1.588206298950e0	1.497532128
cfd-ventilation	1	bo	114	1.588206298950e0	1.520877605
cfd-ventilation	1	bo	115	1.588206298950e0	1.546530318
cfd-ventilation	1	bo	116	1.588206298950e0	1.571732590
cfd-ventilation	1	bo	117	1.588206298950e0	1.595777184
cfd-ventilation	1	bo	118	1.588206298950e0	1.622071942
cfd-ventilation	1	bo	119	1.588206298950e0	1.647087529
cfd-ventilation	1	bo	120	1.588206298950e0	1.674386631
cfd-ventilation	1	bo	121	1.588206298950e0	1.701089249
cfd-ventilation	1	bo	122	1.588206298950e0	1.727119301
cfd-ventilation	1	bo	123	1.588206298950e0	1.753806658
cfd-ventilation	1	bo	124	1.588206298950e0	1.779638885
cfd-ventilation	1	bo	125	1.588206298950e0	1.806174138
cfd-ventilation	1	bo	126	1.588206298950e0	1.835634201
cfd-ventilation	1	bo	127	1.588206298950e0	1.860003123
cfd-ventilation	1	bo	128	1.588206298950e0	1.887860988
cfd-ventilation	1	bo	129	1.588206298950e0	1.915463137
cfd-ventilation	1	bo	130	1.588206298950e0	1.945441942
cfd-ventilation	1	bo	131	1.588206298950e0	1.976723568
cfd-ventilation	1	bo	132	1.588206298950e0	2.003304493
cfd-ventilation	1	bo	133	1.588206298950e0	2.034293742
cfd-ventilation	1	bo	134	1.588206298950e0	2.065441575
cfd-ventilation	1	bo	135	1.588206298950e0	2.094770604
cfd-ventilation	1	bo	136	1.588206298950e0	2.122417293
cfd-ventilation	1	bo	137	1.588206298950e0	2.153670528
cfd-ventilation	1	bo	138	1.588206298950e0	2.188518929
cfd-ventilation	1	bo	139	1.588206298950e0	2.219053797
cfd-ventilation	1	bo	140	1.588206298950e0	2.255716332
cfd-ventilation	1	bo	141	1.588206298950e0	2.290275916
cfd-ventilation	1	bo	142	1.588206298950e0	2.326670815
cfd-ventilation	1	bo	143	1.588206298950e0	2.361144938
cfd-ventilation	1	bo	144	1.588206298950e0	2.394729809
cfd-ventilation	1	bo	145	1.588206298950e0	2.430912412
cfd-ventilation	1	bo	146	1.588206298950e0	2.464657327
cfd-ventilation	1	bo	147	1.588206298950e0	2.495771879
cfd-ventilation	1	bo	148	1.588206298950e0	2.526375768
cfd-ventilation	1	bo	149	1.588206298950e0	2.558214458
cfd-ventilation	1	bo	150	1.588206298950e0	2.593085720
cfd-ventilation	1	bo	151	1.588206298950e0	2.631131957
cfd-ventilation	1	bo	152	1.588206298950e0	2.665386084
cfd-ventilation	1	bo	153	1.588206298950e0	2.702421828
cfd-ventilation	1	bo	154	1.588206298950e0	2.735205440
cfd-ventilation	1	bo	155	1.588206298950e0	2.772517070
cfd-ventilation	1	bo	156	1.588206298950e0	2.809134323
cfd-ventilation	1	bo	157	1.588206298950e0	2.843753539
cfd-ventilation	1	bo	158	1.588206298950e0	2.883387774
cfd-ventilation	1	bo	159	1.588206298950e0	2.922575379
cfd-ventilation	1	bo	160	1.588206298950e0	2.963362772
cfd-ventilation	2	de	1	1.642030141771e0	0.000012830
cfd-ventilation	2	de	2	1.642030141771e0	0.000013790
cfd-ventilation	2	de	3	1.641988324953e0	0.000014150
cfd-ventilation	2	de	4	1.641988324953e0	0.000014750
cfd-ventilation	2	de	5	1.641988324953e0	0.000015000
cfd-ventilation	2	de	6	1.641080513070e0	0.000015770
cfd-ventilation	2	de	7	1.641080513070e0	0.000016030
cfd-ventilation	2	de	8	1.641080513070e0	0.000016380
cfd-ventilation	2	de	9	1.641080513070e0	0.000016710
cfd-ventilation	2	de	10	1.628223512203e0	0.000018020
cfd-ventilation	2	de	11	1.628223512203e0	0.000018300
cfd-ventilation	2	de	12	1.628223512203e0	0.000018530
cfd-ventilation	2	de	13	1.628223512203e0	0.000018920
cfd-ventilation	2	de	14	1.628223512203e0	0.000019740
cfd-ventilation	2	de	15	1.628223512203e0	0.000020850
cfd-ventilation	2	de	16	1.628223512203e0	0.000021680
cfd-ventilation	2	de	17	1.623137632373e0	0.000032191
cfd-ventilation	2	de	18	1.623137632373e0	0.000034392
cfd-ventilation	2	de	19	1.623137632373e0	0.000035062
cfd-ventilation	2	de	20	1.623137632373e0	0.000035312
cfd-ventilation	2	de	21	1.623137632373e0	0.000035692
cfd-ventilation	2	de	22	1.623137632373e0	0.000036323
cfd-ventilation	2	de	23	1.623137632373e0	0.000036743
cfd-ventilation	2	de	24	1.623137632373e0	0.000037083
cfd-ventilation	2	de	25	1.623137632373e0	0.000037513
cfd-ventilation	2	de	26	1.623137632373e0	0.000037723
cfd-ventilation	2	de	27	1.623137632373e0	0.000037903
cfd-ventilation	2	de	28	1.623137632373e0	0.000038043
cfd-ventilation	2	de	29	1.623137632373e0	0.000038173
cfd-ventilation	2	de	30	1.623137632373e0	0.000038723
cfd-ventilation	2	de	31	1.623137632373e0	0.000039103
cfd-ventilation	2	de	32	1.623137632373e0	0.000039243
cfd-ventilation	2	de	33	1.623137632373e0	0.000049344
cfd-ventilation	2	de	34	1.623137632373e0	0.000050314
cfd-ventilation	2	de	35	1.623137632373e0	0.000050434
cfd-ventilation	2	de	36	1.623137632373e0	0.000050514
cfd-ventilation	2	de	37	1.623137632373e0	0.000050604
cfd-ventilation	2	de	38	1.623137632373e0	0.000051075
cfd-ventilation	2	de	39	1.623137632373e0	0.000051335
cfd-ventilation	2	de	40	1.623137632373e0	0.000051485
cfd-ventilation	2	de	41	1.623137632373e0	0.000051645
cfd-ventilation	2	de	42	1.623137632373e0	0.000052125
cfd-ventilation	2	de	43	1.623137632373e0	0.000052265
cfd-ventilation	2	de	44	1.623137632373e0	0.000052375
cfd-ventilation	2	de	45	1.623137632373e0	0.000052525
cfd-ventilation	2	de	46	1.623137632373e0	0.000052685
cfd-ventilation	2	de	47	1.611131177997e0	0.000052845
cfd-ventilation	2	de	48	1.611131177997e0	0.000053085
cfd-ventilation	2	de	49	1.611131177997e0	0.000062175
cfd-ventilation	2	de	50	1.611131177997e0	0.000062685
cfd-ventilation	2	de	51	1.611131177997e0	0.000062755
cfd-ventilation	2	de	52	1.611131177997e0	0.000062895
cfd-ventilation	2	de	53	1.611131177997e0	0.000063045
cfd-ventilation	2	de	54	1.611131177997e0	0.000063205
cfd-ventilation	2	de	55	1.611131177997e0	0.000063355
cfd-ventilation	2	de	56	1.611131177997e0	0.000063595
cfd-ventilation	2	de	57	1.611131177997e0	0.000063905
cfd-ventilation	2	de	58	1.611131177997e0	0.000064055
cfd-ventilation	2	de	59	1.611131177997e0	0.000064205
cfd-ventilation	2	de	60	1.611131177997e0	0.000064275
cfd-ventilation	2	de	61	1.611131177997e0	0.000064345
cfd-ventilation	2	de	62	1.611131177997e0	0.000064425
cfd-ventilation	2	de	63	1.609243644409e0	0.000064495
cfd-ventilation	2	de	64	1.609243644409e0	0.000064575
cfd-ventilation	2	de	65	1.609243644409e0	0.000075605
cfd-ventilation	2	de	66	1.609243644409e0	0.000076835
cfd-ventilation	2	de	67	1.609243644409e0	0.000076995
cfd-ventilation	2	de	68	1.609243644409e0	0.000077065
cfd-ventilation	2	de	69	1.609243644409e0	0.000077215
cfd-ventilation	2	de	70	1.609243644409e0	0.000077565
cfd-ventilation	2	de	71	1.609243644409e0	0.000077715
cfd-ventilation	2	de	72	1.609243644409e0	0.000077875
cfd-ventilation	2	de	73	1.609243644409e0	0.000077955
cfd-ventilation	2	de	74	1.609243644409e0	0.000078115
cfd-ventilation	2	de	75	1.609243644409e0	0.000078265
cfd-ventilation	2	de	76	1.609243644409e0	0.000078345
cfd-ventilation	2	de	77	1.609243644409e0	0.000078505
cfd-ventilation	2	de	78	1.609243644409e0	0.000078655
cfd-ventilation	2	de	79	1.609243644409e0	0.000078725
cfd-ventilation	2	de	80	1.609243644409e0	0.000078795
cfd-ventilation	2	de	81	1.609243644409e0	0.000086615
cfd-ventilation	2	de	82	1.609243644409e0	0.000086765
cfd-ventilation	2	de	83	1.609243644409e0	0.000086835
cfd-ventilation	2	de	84	1.609243644409e0	0.000086905
cfd-ventilation	2	de	85	1.609243644409e0	0.000087055
cfd-ventilation	2	de	86	1.609243644409e0	0.000087125
cfd-ventilation	2	de	87	1.609243644409e0	0.000087195
cfd-ventilation	2	de	88	1.609243644409e0	0.000087335
cfd-ventilation	2	de	89	1.609243644409e0	0.000087415
cfd-ventilation	2	de	90	1.609243644409e0	0.000087495
cfd-ventilation	2	de	91	1.609243644409e0	0.000087565
cfd-ventilation	2	de	92	1.609243644409e0	0.000087625
cfd-ventilation	2	de	93	1.609243644409e0	0.000087705
cfd-ventilation	2	de	94	1.609243644409e0	0.000087785
cfd-ventilation	2	de	95	1.609243644409e0	0.000087865
cfd-ventilation	2	de	96	1.609243644409e0	0.000087925
cfd-ventilation	2	de	97	1.605756265640e0	0.000095525
cfd-ventilation	2	de	98	1.605756265640e0	0.000095665
cfd-ventilation	2	de	99	1.519827141325e0	0.000095795
cfd-ventilation	2	de	100	1.519827141325e0	0.000095905
cfd-ventilation	2	de	101	1.519827141325e0	0.000096075
cfd-ventilation	2	de	102	1.519827141325e0	0.000096145
cfd-ventilation	2	de	103	1.519827141325e0	0.000096215
cfd-ventilation	2	de	104	1.519827141325e0	0.000096285
cfd-ventilation	2	de	105	1.519827141325e0	0.000096355
cfd-ventilation	2	de	106	1.519827141325e0	0.000096425
cfd-ventilation	2	de	107	1.519827141325e0	0.000096495
cfd-ventilation	2	de	108	1.519827141325e0	0.000096565
cfd-ventilation	2	de	109	1.519827141325e0	0.000096635
cfd-ventilation	2	de	110	1.519827141325e0	0.000096705
cfd-ventilation	2	de	111	1.519827141325e0	0.000096775
cfd-ventilation	2	de	112	1.519827141325e0	0.000096845
cfd-ventilation	2	de	113	1.519827141325e0	0.000103695
cfd-ventilation	2	de	114	1.519827141325e0	0.000103765
cfd-ventilation	2	de	115	1.519827141325e0	0.000103835
cfd-ventilation	2	de	116	1.519827141325e0	0.000103905
cfd-ventilation	2	de	117	1.519827141325e0	0.000103975
cfd-ventilation	2	de	118	1.519827141325e0	0.000104045
cfd-ventilation	2	de	119	1.519827141325e0	0.000104115
cfd-ventilation	2	de	120	1.519827141325e0	0.000104295
cfd-ventilation	2	de	121	1.519827141325e0	0.000104365
cfd-ventilation	2	de	122	1.519827141325e0	0.000104445
cfd-ventilation	2	de	123	1.519827141325e0	0.000104525
cfd-ventilation	2	de	124	1.519827141325e0	0.000104615
cfd-ventilation	2	de	125	1.519827141325e0	0.000104765
cfd-ventilation	2	de	126	1.519827141325e0	0.000104835
cfd-ventilation	2	de	127	1.519706535090e0	0.000104895
cfd-ventilation	2	de	128	1.519706535090e0	0.000104965
cfd-ventilation	2	de	129	1.519706535090e0	0.000111955
cfd-ventilation	2	de	130	1.519706535090e0	0.000113035
cfd-ventilation	2	de	131	1.519706535090e0	0.000113115
cfd-ventilation	2	de	132	1.519706535090e0	0.000113175
cfd-ventilation	2	de	133	1.519706535090e0	0.000113255
cfd-ventilation	2	de	134	1.519706535090e0	0.000113325
cfd-ventilation	2	de	135	1.519706535090e0	0.000113395
cfd-ventilation	2	de	136	1.519706535090e0	0.000113455
cfd-ventilation	2	de	137	1.514878353247e0	0.000113525
cfd-ventilation	2	de	138	1.514878353247e0	0.000113595
cfd-ventilation	2	de	139	1.510195086639e0	0.000113665
cfd-ventilation	2	de	140	1.510195086639e0	0.000113735
cfd-ventilation	2	de	141	1.510195086639e0	0.000113805
cfd-ventilation	2	de	142	1.510195086639e0	0.000113925
cfd-ventilation	2	de	143	1.510195086639e0	0.000113995
cfd-ventilation	2	de	144	1.510195086639e0	0.000114055
cfd-ventilation	2	de	145	1.510195086639e0	0.000120975
cfd-ventilation	2	de	146	1.510195086639e0	0.000121045
cfd-ventilation	2	de	147	1.510195086639e0	0.000121115
cfd-ventilation	2	de	148	1.510195086639e0	0.000121185
cfd-ventilation	2	de	149	1.510195086639e0	0.000121255
cfd-ventilation	2	de	150	1.510195086639e0	0.000121335
cfd-ventilation	2	de	151	1.510195086639e0	0.000121405
cfd-ventilation	2	de	152	1.510195086639e0	0.000121475
cfd-ventilation	2	de	153	1.510195086639e0	0.000121545
cfd-ventilation	2	de	154	1.510195086639e0	0.000121615
cfd-ventilation	2	de	155	1.510195086639e0	0.000121685
cfd-ventilation	2	de	156	1.510195086639e0	0.000121755
cfd-ventilation	2	de	157	1.510195086639e0	0.000121835
cfd-ventilation	2	de	158	1.510195086639e0	0.000121905
cfd-ventilation	2	de	159	1.510195086639e0	0.000121975
cfd-ventilation	2	de	160	1.510195086639e0	0.000122045
cfd-ventilation	2	bo	1	1.694984086637e0	0.021333748
cfd-ventilation	2	bo	2	1.694984086637e0	0.021334168
cfd-ventilation	2	bo	3	1.615438525377e0	0.021334568
cfd-ventilation	2	bo	4	1.615438525377e0	0.021334888
cfd-ventilation	2	bo	5	1.615438525377e0	0.021335368
cfd-ventilation	2	bo	6	1.615438525377e0	0.021335998
cfd-ventilation	2	bo	7	1.615438525377e0	0.021336148
cfd-ventilation	2	bo	8	1.615438525377e0	0.021336288
cfd-ventilation	2	bo	9	1.615438525377e0	0.021336558
cfd-ventilation	2	bo	10	1.615438525377e0	0.021336888
cfd-ventilation	2	bo	11	1.511943679743e0	0.021336978
cfd-ventilation	2	bo	12	1.511943679743e0	0.021337068
cfd-ventilation	2	bo	13	1.511943679743e0	0.021337148
cfd-ventilation	2	bo	14	1.511943679743e0	0.021337339
cfd-ventilation	2	bo	15	1.511943679743e0	0.021337689
cfd-ventilation	2	bo	16	1.511943679743e0	0.021337829
cfd-ventilation	2	bo	17	1.511943679743e0	0.031834729
cfd-ventilation	2	bo	18	1.511943679743e0	0.042004861
cfd-ventilation	2	bo	19	1.511943679743e0	0.052020779
cfd-ventilation	2	bo	20	1.511943679743e0	0.061309791
cfd-ventilation	2	bo	21	1.511943679743e0	0.070639304
cfd-ventilation	2	bo	22	1.511943679743e0	0.080126320
cfd-ventilation	2	bo	23	1.511943679743e0	0.089414761
cfd-ventilation	2	bo	24	1.511943679743e0	0.100269119
cfd-ventilation	2	bo	25	1.511943679743e0	0.110175935
cfd-ventilation	2	bo	26	1.511943679743e0	0.121878784
cfd-ventilation	2	bo	27	1.511943679743e0	0.131734379
cfd-ventilation	2	bo	28	1.511943679743e0	0.142252300
cfd-ventilation	2	bo	29	1.511943679743e0	0.152380511
cfd-ventilation	2	bo	30	1.511943679743e0	0.163268480
cfd-ventilation	2	bo	31	1.511943679743e0	0.173210887
cfd-ventilation	2	bo	32	1.511943679743e0	0.183101983
cfd-ventilation	2	bo	33	1.511943679743e0	0.195792735
cfd-ventilation	2	bo	34	1.511943679743e0	0.205783133
cfd-ventilation	2	bo	35	1.511943679743e0	0.216386705
cfd-ventilation	2	bo	36	1.511943679743e0	0.226883275
cfd-ventilation	2	bo	37	1.511943679743e0	0.237216251
cfd-ventilation	2	bo	38	1.511943679743e0	0.247581808
cfd-ventilation	2	bo	39	1.511943679743e0	0.259567563
cfd-ventilation	2	bo	40	1.511943679743e0	0.270255948
cfd-ventilation	2	bo	41	1.511943679743e0	0.280778428
cfd-ventilation	2	bo	42	1.511943679743e0	0.293309246
cfd-ventilation	2	bo	43	1.511943679743e0	0.304082393
cfd-ventilation	2	bo	44	1.511943679743e0	0.314824479
cfd-ventilation	2	bo	45	1.511943679743e0	0.326130668
cfd-ventilation	2	bo	46	1.511943679743e0	0.337399737
cfd-ventilation	2	bo	47	1.511943679743e0	0.348098412
cfd-ventilation	2	bo	48	1.511943679743e0	0.360010786
cfd-ventilation	2	bo	49	1.511943679743e0	0.374312056
cfd-ventilation	2	bo	50	1.511943679743e0	0.386163138
cfd-ventilation	2	bo	51	1.511943679743e0	0.398041121
cfd-ventilation	2	bo	52	1.511943679743e0	0.409727869
cfd-ventilation	2	bo	53	1.511943679743e0	0.421040989
cfd-ventilation	2	bo	54	1.511943679743e0	0.434131120
cfd-ventilation	2	bo	55	1.511943679743e0	0.446463624
cfd-ventilation	2	bo	56	1.511943679743e0	0.460264713
cfd-ventilation	2	bo	57	1.511943679743e0	0.472368601
cfd-ventilation	2	bo	58	1.511943679743e0	0.485141086
cfd-ventilation	2	bo	59	1.511943679743e0	0.499176361
cfd-ventilation	2	bo	60	1.511943679743e0	0.512099799
cfd-ventilation	2	bo	61	1.511943679743e0	0.524959365
cfd-ventilation	2	bo	62	1.511943679743e0	0.539210374
cfd-ventilation	2	bo	63	1.511943679743e0	0.554299563
cfd-ventilation	2	bo	64	1.511943679743e0	0.569488845
cfd-ventilation	2	bo	65	1.511943679743e0	0.583853227
cfd-ventilation	2	bo	66	1.511943679743e0	0.597799819
cfd-ventilation	2	bo	67	1.511943679743e0	0.611980526
cfd-ventilation	2	bo	68	1.511943679743e0	0.626420310
cfd-ventilation	2	bo	69	1.511943679743e0	0.641321725
cfd-ventilation	2	bo	70	1.511943679743e0	0.656239140
cfd-ventilation	2	bo	71	1.511943679743e0	0.671274078
cfd-ventilation	2	bo	72	1.511943679743e0	0.688175140
cfd-ventilation	2	bo	73	1.511943679743e0	0.704352365
cfd-ventilation	2	bo	74	1.511943679743e0	0.720050679
cfd-ventilation	2	bo	75	1.511943679743e0	0.735864006
cfd-ventilation	2	bo	76	1.511943679743e0	0.752444370
cfd-ventilation	2	bo	77	1.511943679743e0	0.767870308
cfd-ventilation	2	bo	78	1.511943679743e0	0.784244558
cfd-ventilation	2	bo	79	1.511943679743e0	0.801413017
cfd-ventilation	2	bo	80	1.511943679743e0	0.817641464
cfd-ventilation	2	bo	81	1.511943679743e0	0.833980933
cfd-ventilation	2	bo	82	1.511943679743e0	0.850239300
cfd-ventilation	2	bo	83	1.511943679743e0	0.867033240
cfd-ventilation	2	bo	84	1.511943679743e0	0.884810443
cfd-ventilation	2	bo	85	1.511943679743e0	0.899965804
cfd-ventilation	2	bo	86	1.511943679743e0	0.917016620
cfd-ventilation	2	bo	87	1.511943679743e0	0.933599764
cfd-ventilation	2	bo	88	1.511943679743e0	0.951880169
cfd-ventilation	2	bo	89	1.511943679743e0	0.969388925
cfd-ventilation	2	bo	90	1.511943679743e0	0.986221035
cfd-ventilation	2	bo	91	1.511943679743e0	1.005169716
cfd-ventilation	2	bo	92	1.511943679743e0	1.024783123
cfd-ventilation	2	bo	93	1.511943679743e0	1.050032073
cfd-ventilation	2	bo	94	1.511943679743e0	1.068002240
cfd-ventilation	2	bo	95	1.511943679743e0	1.088190171
cfd-ventilation	2	bo	96	1.511943679743e0	1.108239058
cfd-ventilation	2	bo	97	1.511943679743e0	1.127632049
cfd-ventilation	2	bo	98	1.511943679743e0	1.148252290
cfd-ventilation	2	bo	99	1.511943679743e0	1.167979150
cfd-ventilation	2	bo	100	1.511943679743e0	1.186615224
cfd-ventilation	2	bo	101	1.511943679743e0	1.205704139
cfd-ventilation	2	bo	102	1.511943679743e0	1.225661894
cfd-ventilation	2	bo	103	1.511943679743e0	1.245918655
cfd-ventilation	2	bo	104	1.511943679743e0	1.265585383
cfd-ventilation	2	bo	105	1.511943679743e0	1.288786724
cfd-ventilation	2	bo	106	1.511943679743e0	1.312727393
cfd-ventilation	2	bo	107	1.511943679743e0	1.332288918
cfd-ventilation	2	bo	108	1.511943679743e0	1.355749296
cfd-ventilation	2	bo	109	1.511943679743e0	1.378962579
cfd-ventilation	2	bo	110	1.511943679743e0	1.403805370
cfd-ventilation	2	bo	111	1.511943679743e0	1.428417476
cfd-ventilation	2	bo	112	1.511943679743e0	1.453150764
cfd-ventilation	2	bo	113	1.511943679743e0	1.476731385
cfd-ventilation	2	bo	114	1.511943679743e0	1.501664018
cfd-ventilation	2	bo	115	1.511943679743e0	1.527215926
cfd-ventilation	2	bo	116	1.511943679743e0	1.553272516
cfd-ventilation	2	bo	117	1.511943679743e0	1.577660126
cfd-ventilation	2	bo	118	1.511943679743e0	1.605044417
cfd-ventilation	2	bo	119	1.511943679743e0	1.635842149
cfd-ventilation	2	bo	120	1.511943679743e0	1.663668891
cfd-ventilation	2	bo	121	1.511943679743e0	1.688878090
cfd-ventilation	2	bo	122	1.511943679743e0	1.714922799
cfd-ventilation	2	bo	123	1.511943679743e0	1.744609835
cfd-ventilation	2	bo	124	1.511943679743e0	1.773245486
cfd-ventilation	2	bo	125	1.511943679743e0	1.803340252
cfd-ventilation	2	bo	126	1.511943679743e0	1.831880221
cfd-ventilation	2	bo	127	1.511943679743e0	1.860312337
cfd-ventilation	2	bo	128	1.511943679743e0	1.889639655
cfd-ventilation	2	bo	129	1.511943679743e0	1.920146540
cfd-ventilation	2	bo	130	1.511943679743e0	1.947107341
cfd-ventilation	2	bo	131	1.511943679743e0	1.976766367
cfd-ventilation	2	bo	132	1.511943679743e0	2.005075970
cfd-ventilation	2	bo	133	1.511943679743e0	2.036437775
cfd-ventilation	2	bo	134	1.511943679743e0	2.065166378
cfd-ventilation	2	bo	135	1.511943679743e0	2.093629385
cfd-ventilation	2	bo	136	1.511943679743e0	2.122558193
cfd-ventilation	2	bo	137	1.511943679743e0	2.152070765
cfd-ventilation	2	bo	138	1.511943679743e0	2.184568408
cfd-ventilation	2	bo	139	1.511943679743e0	2.215963075
cfd-ventilation	2	bo	140	1.511943679743e0	2.247549866
cfd-ventilation	2	bo	141	1.511943679743e0	2.276561686
cfd-ventilation	2	bo	142	1.511943679743e0	2.308871844
cfd-ventilation	2	bo	143	1.511943679743e0	2.344473110
cfd-ventilation	2	bo	144	1.511943679743e0	2.378502209
cfd-ventilation	2	bo	145	1.511943679743e0	2.410086110
cfd-ventilation	2	bo	146	1.511943679743e0	2.440668537
cfd-ventilation	2	bo	147	1.511943679743e0	2.474851440
cfd-ventilation	2	bo	148	1.511943679743e0	2.508029728
cfd-ventilation	2	bo	149	1.511943679743e0	2.543019230
cfd-ventilation	2	bo	150	1.511943679743e0	2.581712240
cfd-ventilation	2	bo	151	1.511943679743e0	2.615211797
cfd-ventilation	2	bo	152	1.511943679743e0	2.648864247
cfd-ventilation	2	bo	153	1.511943679743e0	2.684919055
cfd-ventilation	2	bo	154	1.511943679743e0	2.717289134
cfd-ventilation	2	bo	155	1.511943679743e0	2.754314864
cfd-ventilation	2	bo	156	1.511943679743e0	2.788617030
cfd-ventilation	2	bo	157	1.511943679743e0	2.828826646
cfd-ventilation	2	bo	158	1.511943679743e0	2.867877704
cfd-ventilation	2	bo	159	1.511943679743e0	2.902822365
cfd-ventilation	2	bo	160	1.511943679743e0	2.938304859
cfd-ventilation	3	de	1	2.756620406478e0	0.000012341
cfd-ventilation	3	de	2	2.756620406478e0	0.000012861
cfd-ventilation	3	de	3	2.756620406478e0	0.000013381
cfd-ventilation	3	de	4	2.756620406478e0	0.000014181
cfd-ventilation	3	de	5	2.756620406478e0	0.000014751
cfd-ventilation	3	de	6	2.756620406478e0	0.000016761
cfd-ventilation	3	de	7	2.756620406478e0	0.000017841
cfd-ventilation	3	de	8	1.734704111410e0	0.000019091
cfd-ventilation	3	de	9	1.734704111410e0	0.000020371
cfd-ventilation	3	de	10	1.734704111410e0	0.000021771
cfd-ventilation	3	de	11	1.734704111410e0	0.000022211
cfd-ventilation	3	de	12	1.734704111410e0	0.000022921
cfd-ventilation	3	de	13	1.734704111410e0	0.000023861
cfd-ventilation	3	de	14	1.734704111410e0	0.000024441
cfd-ventilation	3	de	15	1.734704111410e0	0.000024961
cfd-ventilation	3	de	16	1.734704111410e0	0.000025911
cfd-ventilation	3	de	17	1.734704111410e0	0.000035272
cfd-ventilation	3	de	18	1.734704111410e0	0.000036452
cfd-ventilation	3	de	19	1.687300462538e0	0.000036942
cfd-ventilation	3	de	20	1.687300462538e0	0.000037242
cfd-ventilation	3	de	21	1.687300462538e0	0.000037552
cfd-ventilation	3	de	22	1.687300462538e0	0.000037862
cfd-ventilation	3	de	23	1.687300462538e0	0.000038162
cfd-ventilation	3	de	24	1.687300462538e0	0.000038692
cfd-ventilation	3	de	25	1.687300462538e0	0.000038962
cfd-ventilation	3	de	26	1.687300462538e0	0.000039212
cfd-ventilation	3	de	27	1.687300462538e0	0.000039362
cfd-ventilation	3	de	28	1.687300462538e0	0.000039882
cfd-ventilation	3	de	29	1.687300462538e0	0.000040132
cfd-ventilation	3	de	30	1.687300462538e0	0.000040442
cfd-ventilation	3	de	31	1.687300462538e0	0.000040782
cfd-ventilation	3	de	32	1.687300462538e0	0.000041112
cfd-ventilation	3	de	33	1.687300462538e0	0.000053482
cfd-ventilation	3	de	34	1.687300462538e0	0.000054642
cfd-ventilation	3	de	35	1.687300462538e0	0.000054912
cfd-ventilation	3	de	36	1.687300462538e0	0.000055183
cfd-ventilation	3	de	37	1.687300462538e0	0.000055413
cfd-ventilation	3	de	38	1.687300462538e0	0.000055653
cfd-ventilation	3	de	39	1.687300462538e0	0.000056013
cfd-ventilation	3	de	40	1.687300462538e0	0.000056193
cfd-ventilation	3	de	41	1.687300462538e0	0.000056543
cfd-ventilation	3	de	42	1.687300462538e0	0.000056633
cfd-ventilation	3	de	43	1.687300462538e0	0.000056893
cfd-ventilation	3	de	44	1.686895696780e0	0.000057223
cfd-ventilation	3	de	45	1.686895696780e0	0.000057983
cfd-ventilation	3	de	46	1.686895696780e0	0.000058693
cfd-ventilation	3	de	47	1.686895696780e0	0.000059323
cfd-ventilation	3	de	48	1.686895696780e0	0.000059633
cfd-ventilation	3	de	49	1.686895696780e0	0.000068833
cfd-ventilation	3	de	50	1.686895696780e0	0.000069023
cfd-ventilation	3	de	51	1.686895696780e0	0.000069083
cfd-ventilation	3	de	52	1.686895696780e0	0.000069233
cfd-ventilation	3	de	53	1.686668222257e0	0.000069313
cfd-ventilation	3	de	54	1.686668222257e0	0.000069383
cfd-ventilation	3	de	55	1.686668222257e0	0.000069453
cfd-ventilation	3	de	56	1.686668222257e0	0.000069523
cfd-ventilation	3	de	57	1.686668222257e0	0.000069663
cfd-ventilation	3	de	58	1.685713621631e0	0.000069743
cfd-ventilation	3	de	59	1.685713621631e0	0.000070683
cfd-ventilation	3	de	60	1.685713621631e0	0.000071173
cfd-ventilation	3	de	61	1.685713621631e0	0.000071343
cfd-ventilation	3	de	62	1.685713621631e0	0.000071413
cfd-ventilation	3	de	63	1.685713621631e0	0.000071483
cfd-ventilation	3	de	64	1.685713621631e0	0.000071623
cfd-ventilation	3	de	65	1.685713621631e0	0.000080953
cfd-ventilation	3	de	66	1.685713621631e0	0.000082253
cfd-ventilation	3	de	67	1.685713621631e0	0.000082423
cfd-ventilation	3	de	68	1.685713621631e0	0.000082653
cfd-ventilation	3	de	69	1.685713621631e0	0.000082793
cfd-ventilation	3	de	70	1.685713621631e0	0.000083063
cfd-ventilation	3	de	71	1.685713621631e0	0.000083253
cfd-ventilation	3	de	72	1.685713621631e0	0.000083423
cfd-ventilation	3	de	73	1.685713621631e0	0.000083553
cfd-ventilation	3	de	74	1.685713621631e0	0.000083633
cfd-ventilation	3	de	75	1.685713621631e0	0.000083793
cfd-ventilation	3	de	76	1.685713621631e0	0.000084083
cfd-ventilation	3	de	77	1.685713621631e0	0.000084593
cfd-ventilation	3	de	78	1.685713621631e0	0.000085653
cfd-ventilation	3	de	79	1.685713621631e0	0.000085883
cfd-ventilation	3	de	80	1.685713621631e0	0.000086003
cfd-ventilation	3	de	81	1.685713621631e0	0.000095213
cfd-ventilation	3	de	82	1.685713621631e0	0.000095283
cfd-ventilation	3	de	83	1.685713621631e0	0.000095403
cfd-ventilation	3	de	84	1.685713621631e0	0.000095513
cfd-ventilation	3	de	85	1.685713621631e0	0.000095633
cfd-ventilation	3	de	86	1.685713621631e0	0.000095703
cfd-ventilation	3	de	87	1.685713621631e0	0.000095773
cfd-ventilation	3	de	88	1.685713621631e0	0.000095843
cfd-ventilation	3	de	89	1.685713621631e0	0.000095913
cfd-ventilation	3	de	90	1.685713621631e0	0.000095983
cfd-ventilation	3	de	91	1.685713621631e0	0.000096063
cfd-ventilation	3	de	92	1.685713621631e0	0.000096173
cfd-ventilation	3	de	93	1.685713621631e0	0.000096243
cfd-ventilation	3	de	94	1.685713621631e0	0.000096313
cfd-ventilation	3	de	95	1.685713621631e0	0.000096383
cfd-ventilation	3	de	96	1.685713621631e0	0.000096463
cfd-ventilation	3	de	97	1.685713621631e0	0.000104784
cfd-ventilation	3	de	98	1.685713621631e0	0.000104854
cfd-ventilation	3	de	99	1.685713621631e0	0.000104934
cfd-ventilation	3	de	100	1.685713621631e0	0.000105004
cfd-ventilation	3	de	101	1.685713621631e0	0.000105074
cfd-ventilation	3	de	102	1.685713621631e0	0.000105144
cfd-ventilation	3	de	103	1.685713621631e0	0.000105214
cfd-ventilation	3	de	104	1.685713621631e0	0.000105284
cfd-ventilation	3	de	105	1.685713621631e0	0.000105354
cfd-ventilation	3	de	106	1.685713621631e0	0.000105424
cfd-ventilation	3	de	107	1.685713621631e0	0.000105494
cfd-ventilation	3	de	108	1.685713621631e0	0.000105614
cfd-ventilation	3	de	109	1.685713621631e0	0.000105694
cfd-ventilation	3	de	110	1.685713621631e0	0.000105764
cfd-ventilation	3	de	111	1.685713621631e0	0.000105834
cfd-ventilation	3	de	112	1.685713621631e0	0.000105904
cfd-ventilation	3	de	113	1.685713621631e0	0.000113344
cfd-ventilation	3	de	114	1.685713621631e0	0.000113414
cfd-ventilation	3	de	115	1.685713621631e0	0.000113494
cfd-ventilation	3	de	116	1.685713621631e0	0.000113564
cfd-ventilation	3	de	117	1.685713621631e0	0.000113634
cfd-ventilation	3	de	118	1.685713621631e0	0.000113704
cfd-ventilation	3	de	119	1.685713621631e0	0.000113774
cfd-ventilation	3	de	120	1.676087740183e0	0.000113884
cfd-ventilation	3	de	121	1.676087740183e0	0.000113994
cfd-ventilation	3	de	122	1.676087740183e0	0.000114104
cfd-ventilation	3	de	123	1.676087740183e0	0.000114224
cfd-ventilation	3	de	124	1.676087740183e0	0.000114294
cfd-ventilation	3	de	125	1.676087740183e0	0.000114414
cfd-ventilation	3	de	126	1.676087740183e0	0.000114484
cfd-ventilation	3	de	127	1.676087740183e0	0.000114584
cfd-ventilation	3	de	128	1.676087740183e0	0.000114664
cfd-ventilation	3	de	129	1.676087740183e0	0.000122454
cfd-ventilation	3	de	130	1.676087740183e0	0.000123224
cfd-ventilation	3	de	131	1.676087740183e0	0.000123414
cfd-ventilation	3	de	132	1.676087740183e0	0.000123484
cfd-ventilation	3	de	133	1.676087740183e0	0.000123584
cfd-ventilation	3	de	134	1.676087740183e0	0.000123674
cfd-ventilation	3	de	135	1.676087740183e0	0.000123854
cfd-ventilation	3	de	136	1.675899921451e0	0.000124084
cfd-ventilation	3	de	137	1.675899921451e0	0.000124514
cfd-ventilation	3	de	138	1.675899921451e0	0.000124784
cfd-ventilation	3	de	139	1.675899921451e0	0.000124964
cfd-ventilation	3	de	140	1.675899921451e0	0.000125274
cfd-ventilation	3	de	141	1.675899921451e0	0.000126004
cfd-ventilation	3	de	142	1.675899921451e0	0.000126354
cfd-ventilation	3	de	143	1.675899921451e0	0.000126984
cfd-ventilation	3	de	144	1.675899921451e0	0.000127214
cfd-ventilation	3	de	145	1.672492472996e0	0.000136204
cfd-ventilation	3	de	146	1.672492472996e0	0.000136274
cfd-ventilation	3	de	147	1.672492472996e0	0.000136434
cfd-ventilation	3	de	148	1.672492472996e0	0.000136664
cfd-ventilation	3	de	149	1.672492472996e0	0.000136744
cfd-ventilation	3	de	150	1.671541158438e0	0.000137164
cfd-ventilation	3	de	151	1.671541158438e0	0.000137344
cfd-ventilation	3	de	152	1.671541158438e0	0.000137414
cfd-ventilation	3	de	153	1.670577535967e0	0.000137574
cfd-ventilation	3	de	154	1.670577535967e0	0.000137644
cfd-ventilation	3	de	155	1.670577535967e0	0.000137714
cfd-ventilation	3	de	156	1.670577535967e0	0.000137784
cfd-ventilation	3	de	157	1.670234465474e0	0.000137854
cfd-ventilation	3	de	158	1.670234465474e0	0.000137924
cfd-ventilation	3	de	159	1.670234465474e0	0.000137984
cfd-ventilation	3	de	160	1.670234465474e0	0.000138054
cfd-ventilation	3	bo	1	1.654731284905e0	0.021370618
cfd-ventilation	3	bo	2	1.654731284905e0	0.021371278
cfd-ventilation	3	bo	3	1.654731284905e0	0.021371388
cfd-ventilation	3	bo	4	1.654731284905e0	0.021371658
cfd-ventilation	3	bo	5	1.654731284905e0	0.021371838
cfd-ventilation	3	bo	6	1.654731284905e0	0.021372308
cfd-ventilation	3	bo	7	1.654731284905e0	0.021372568
cfd-ventilation	3	bo	8	1.635197457814e0	0.021372648
cfd-ventilation	3	bo	9	1.635197457814e0	0.021372738
cfd-ventilation	3	bo	10	1.635197457814e0	0.021373218
cfd-ventilation	3	bo	11	1.635197457814e0	0.021373898
cfd-ventilation	3	bo	12	1.635197457814e0	0.021374488
cfd-ventilation	3	bo	13	1.635197457814e0	0.021374998
cfd-ventilation	3	bo	14	1.635197457814e0	0.021375188
cfd-ventilation	3	bo	15	1.635197457814e0	0.021375828
cfd-ventilation	3	bo	16	1.635197457814e0	0.021375998
cfd-ventilation	3	bo	17	1.635197457814e0	0.032343758
cfd-ventilation	3	bo	18	1.635197457814e0	0.042399796
cfd-ventilation	3	bo	19	1.635197457814e0	0.052291420
cfd-ventilation	3	bo	20	1.635197457814e0	0.062171365
cfd-ventilation	3	bo	21	1.635197457814e0	0.072276014
cfd-ventilation	3	bo	22	1.635197457814e0	0.081899322
cfd-ventilation	3	bo	23	1.634426358500e0	0.093301262
cfd-ventilation	3	bo	24	1.634426358500e0	0.103741740
cfd-ventilation	3	bo	25	1.628036139491e0	0.114021694
cfd-ventilation	3	bo	26	1.628036139491e0	0.124301308
cfd-ventilation	3	bo	27	1.628036139491e0	0.134217694
cfd-ventilation	3	bo	28	1.628036139491e0	0.148344489
cfd-ventilation	3	bo	29	1.628036139491e0	0.159119595
cfd-ventilation	3	bo	30	1.628036139491e0	0.169626964
cfd-ventilation	3	bo	31	1.628036139491e0	0.179740654
cfd-ventilation	3	bo	32	1.628036139491e0	0.190288944
cfd-ventilation	3	bo	33	1.628036139491e0	0.202820201
cfd-ventilation	3	bo	34	1.628036139491e0	0.214787605
cfd-ventilation	3	bo	35	1.628036139491e0	0.226130944
cfd-ventilation	3	bo	36	1.628036139491e0	0.238332863
cfd-ventilation	3	bo	37	1.628036139491e0	0.250090062
cfd-ventilation	3	bo	38	1.628036139491e0	0.266425119
cfd-ventilation	3	bo	39	1.628036139491e0	0.281505367
cfd-ventilation	3	bo	40	1.628036139491e0	0.294912675
cfd-ventilation	3	bo	41	1.628036139491e0	0.306887289
cfd-ventilation	3	bo	42	1.628036139491e0	0.318384571
cfd-ventilation	3	bo	43	1.628036139491e0	0.330265814
cfd-ventilation	3	bo	44	1.628036139491e0	0.341651154
cfd-ventilation	3	bo	45	1.628036139491e0	0.353624758
cfd-ventilation	3	bo	46	1.628036139491e0	0.365060740
cfd-ventilation	3	bo	47	1.628036139491e0	0.377079165
cfd-ventilation	3	bo	48	1.628036139491e0	0.388925746
cfd-ventilation	3	bo	49	1.628036139491e0	0.401513005
cfd-ventilation	3	bo	50	1.628036139491e0	0.413133981
cfd-ventilation	3	bo	51	1.628036139491e0	0.425732180
cfd-ventilation	3	bo	52	1.628036139491e0	0.438899542
cfd-ventilation	3	bo	53	1.628036139491e0	0.452048204
cfd-ventilation	3	bo	54	1.628036139491e0	0.463989338
cfd-ventilation	3	bo	55	1.628036139491e0	0.476919545
cfd-ventilation	3	bo	56	1.628036139491e0	0.490213981
cfd-ventilation	3	bo	57	1.628036139491e0	0.503169698
cfd-ventilation	3	bo	58	1.628036139491e0	0.516516004
cfd-ventilation	3	bo	59	1.628036139491e0	0.529836770
cfd-ventilation	3	bo	60	1.628036139491e0	0.543411212
cfd-ventilation	3	bo	61	1.628036139491e0	0.557612278
cfd-ventilation	3	bo	62	1.628036139491e0	0.572308217
cfd-ventilation	3	bo	63	1.628036139491e0	0.585782857
cfd-ventilation	3	bo	64	1.628036139491e0	0.599423940
cfd-ventilation	3	bo	65	1.628036139491e0	0.614899336
cfd-ventilation	3	bo	66	1.628036139491e0	0.629746409
cfd-ventilation	3	bo	67	1.628036139491e0	0.644331895
cfd-ventilation	3	bo	68	1.628036139491e0	0.659219818
cfd-ventilation	3	bo	69	1.628036139491e0	0.673836444
cfd-ventilation	3	bo	70	1.628036139491e0	0.689523096
cfd-ventilation	3	bo	71	1.628036139491e0	0.706216721
cfd-ventilation	3	bo	72	1.628036139491e0	0.721403591
cfd-ventilation	3	bo	73	1.628036139491e0	0.736689214
cfd-ventilation	3	bo	74	1.628036139491e0	0.754951507
cfd-ventilation	3	bo	75	1.628036139491e0	0.770912516
cfd-ventilation	3	bo	76	1.628036139491e0	0.786993847
cfd-ventilation	3	bo	77	1.628036139491e0	0.803343695
cfd-ventilation	3	bo	78	1.628036139491e0	0.819900708
cfd-ventilation	3	bo	79	1.628036139491e0	0.837413583
cfd-ventilation	3	bo	80	1.628036139491e0	0.855003950
cfd-ventilation	3	bo	81	1.628036139491e0	0.870995429
cfd-ventilation	3	bo	82	1.628036139491e0	0.887864599
cfd-ventilation	3	bo	83	1.628036139491e0	0.904850701
cfd-ventilation	3	bo	84	1.628036139491e0	0.922835178
cfd-ventilation	3	bo	85	1.628036139491e0	0.938795907
cfd-ventilation	3	bo	86	1.628036139491e0	0.956956138
cfd-ventilation	3	bo	87	1.628036139491e0	0.975530158
cfd-ventilation	3	bo	88	1.628036139491e0	0.993364141
cfd-ventilation	3	bo	89	1.628036139491e0	1.010930778
cfd-ventilation	3	bo	90	1.628036139491e0	1.031344922
cfd-ventilation	3	bo	91	1.628036139491e0	1.049933903
cfd-ventilation	3	bo	92	1.628036139491e0	1.066860584
cfd-ventilation	3	bo	93	1.628036139491e0	1.085706271
cfd-ventilation	3	bo	94	1.628036139491e0	1.105238974
cfd-ventilation	3	bo	95	1.628036139491e0	1.125733280
cfd-ventilation	3	bo	96	1.628036139491e0	1.146854191
cfd-ventilation	3	bo	97	1.628036139491e0	1.167388738
cfd-ventilation	3	bo	98	1.628036139491e0	1.187367801
cfd-ventilation	3	bo	99	1.628036139491e0	1.209110726
cfd-ventilation	3	bo	100	1.628036139491e0	1.230212556
cfd-ventilation	3	bo	101	1.628036139491e0	1.251432589
cfd-ventilation	3	bo	102	1.628036139491e0	1.271600277
cfd-ventilation	3	bo	103	1.628036139491e0	1.292511253
cfd-ventilation	3	bo	104	1.628036139491e0	1.312483047
cfd-ventilation	3	bo	105	1.628036139491e0	1.333964396
cfd-ventilation	3	bo	106	1.628036139491e0	1.356313515
cfd-ventilation	3	bo	107	1.628036139491e0	1.380971000
cfd-ventilation	3	bo	108	1.628036139491e0	1.404041517
cfd-ventilation	3	bo	109	1.628036139491e0	1.427730259
cfd-ventilation	3	bo	110	1.628036139491e0	1.450671583
cfd-ventilation	3	bo	111	1.628036139491e0	1.475899191
cfd-ventilation	3	bo	112	1.628036139491e0	1.501543909
cfd-ventilation	3	bo	113	1.628036139491e0	1.526542112
cfd-ventilation	3	bo	114	1.628036139491e0	1.551669617
cfd-ventilation	3	bo	115	1.628036139491e0	1.578647656
cfd-ventilation	3	bo	116	1.627723892000e0	1.603099896
cfd-ventilation	3	bo	117	1.627723892000e0	1.630028924
cfd-ventilation	3	bo	118	1.627723892000e0	1.654406612
cfd-ventilation	3	bo	119	1.627723892000e0	1.680857919
cfd-ventilation	3	bo	120	1.627723892000e0	1.707055289
cfd-ventilation	3	bo	121	1.627723892000e0	1.733637758
cfd-ventilation	3	bo	122	1.627723892000e0	1.757997945
cfd-ventilation	3	bo	123	1.627723892000e0	1.790379722
cfd-ventilation	3	bo	124	1.627723892000e0	1.819798009
cfd-ventilation	3	bo	125	1.627723892000e0	1.849534204
cfd-ventilation	3	bo	126	1.627723892000e0	1.874671630
cfd-ventilation	3	bo	127	1.627723892000e0	1.901391334
cfd-ventilation	3	bo	128	1.627723892000e0	1.928210300
cfd-ventilation	3	bo	129	1.627723892000e0	1.958661791
cfd-ventilation	3	bo	130	1.627723892000e0	1.986223014
cfd-ventilation	3	bo	131	1.627723892000e0	2.015897727
cfd-ventilation	3	bo	132	1.627723892000e0	2.041567876
cfd-ventilation	3	bo	133	1.627723892000e0	2.070652345
cfd-ventilation	3	bo	134	1.627723892000e0	2.098234159
cfd-ventilation	3	bo	135	1.627723892000e0	2.129289085
cfd-ventilation	3	bo	136	1.627723892000e0	2.161873187
cfd-ventilation	3	bo	137	1.627723892000e0	2.191736365
cfd-ventilation	3	bo	138	1.627723892000e0	2.221149212
cfd-ventilation	3	bo	139	1.627723892000e0	2.250178799
cfd-ventilation	3	bo	140	1.627723892000e0	2.281674216
cfd-ventilation	3	bo	141	1.627723892000e0	2.310089839
cfd-ventilation	3	bo	142	1.627723892000e0	2.343409229
cfd-ventilation	3	bo	143	1.627723892000e0	2.373229075
cfd-ventilation	3	bo	144	1.627723892000e0	2.410553719
cfd-ventilation	3	bo	145	1.619805755616e0	2.447714109
cfd-ventilation	3	bo	146	1.619805755616e0	2.483664230
cfd-ventilation	3	bo	147	1.619805755616e0	2.517679505
cfd-ventilation	3	bo	148	1.619805755616e0	2.549875897
cfd-ventilation	3	bo	149	1.619805755616e0	2.586427873
cfd-ventilation	3	bo	150	1.619805755616e0	2.623068261
cfd-ventilation	3	bo	151	1.619805755616e0	2.654388483
cfd-ventilation	3	bo	152	1.619805755616e0	2.694190925
cfd-ventilation	3	bo	153	1.619805755616e0	2.731603791
cfd-ventilation	3	bo	154	1.619805755616e0	2.767339477
cfd-ventilation	3	bo	155	1.619805755616e0	2.805238345
cfd-ventilation	3	bo	156	1.619805755616e0	2.842414196
cfd-ventilation	3	bo	157	1.619805755616e0	2.881058652
cfd-ventilation	3	bo	158	1.619805755616e0	2.920066576
cfd-ventilation	3	bo	159	1.619805755616e0	2.959402318
cfd-ventilation	3	bo	160	1.619805755616e0	2.995371100
cfd-ventilation	4	de	1	1.660691862038e0	0.000012990
cfd-ventilation	4	de	2	1.660691862038e0	0.000013520
cfd-ventilation	4	de	3	1.660691862038e0	0.000013900
cfd-ventilation	4	de	4	1.660691862038e0	0.000014130
cfd-ventilation	4	de	5	1.660691862038e0	0.000014410
cfd-ventilation	4	de	6	1.660691862038e0	0.000016190
cfd-ventilation	4	de	7	1.660691862038e0	0.000017020
cfd-ventilation	4	de	8	1.660691862038e0	0.000017850
cfd-ventilation	4	de	9	1.660691862038e0	0.000018270
cfd-ventilation	4	de	10	1.660691862038e0	0.000019540
cfd-ventilation	4	de	11	1.660691862038e0	0.000020460
cfd-ventilation	4	de	12	1.660691862038e0	0.000021200
cfd-ventilation	4	de	13	1.660151194218e0	0.000021930
cfd-ventilation	4	de	14	1.660151194218e0	0.000022550
cfd-ventilation	4	de	15	1.660151194218e0	0.000023240
cfd-ventilation	4	de	16	1.660151194218e0	0.000023820
cfd-ventilation	4	de	17	1.660151194218e0	0.000033701
cfd-ventilation	4	de	18	1.660151194218e0	0.000034711
cfd-ventilation	4	de	19	1.660151194218e0	0.000035211
cfd-ventilation	4	de	20	1.660151194218e0	0.000035681
cfd-ventilation	4	de	21	1.658586472886e0	0.000036131
cfd-ventilation	4	de	22	1.658586472886e0	0.000036571
cfd-ventilation	4	de	23	1.654063132616e0	0.000037331
cfd-ventilation	4	de	24	1.654063132616e0	0.000037521
cfd-ventilation	4	de	25	1.654063132616e0	0.000037631
cfd-ventilation	4	de	26	1.654063132616e0	0.000037691
cfd-ventilation	4	de	27	1.654063132616e0	0.000037761
cfd-ventilation	4	de	28	1.653141806536e0	0.000037841
cfd-ventilation	4	de	29	1.653141806536e0	0.000038041
cfd-ventilation	4	de	30	1.653141806536e0	0.000038111
cfd-ventilation	4	de	31	1.653141806536e0	0.000038331
cfd-ventilation	4	de	32	1.653141806536e0	0.000038771
cfd-ventilation	4	de	33	1.644051263074e0	0.000051632
cfd-ventilation	4	de	34	1.644051263074e0	0.000052452
cfd-ventilation	4	de	35	1.644051263074e0	0.000052602
cfd-ventilation	4	de	36	1.644051263074e0	0.000052802
cfd-ventilation	4	de	37	1.644051263074e0	0.000052942
cfd-ventilation	4	de	38	1.644051263074e0	0.000053012
cfd-ventilation	4	de	39	1.644051263074e0	0.000053092
cfd-ventilation	4	de	40	1.644051263074e0	0.000053162
cfd-ventilation	4	de	41	1.638300363859e0	0.000053232
cfd-ventilation	4	de	42	1.638300363859e0	0.000053302
cfd-ventilation	4	de	43	1.638300363859e0	0.000053372
cfd-ventilation	4	de	44	1.638300363859e0	0.000053452
cfd-ventilation	4	de	45	1.638300363859e0	0.000053522
cfd-ventilation	4	de	46	1.638300363859e0	0.000053592
cfd-ventilation	4	de	47	1.638300363859e0	0.000053662
cfd-ventilation	4	de	48	1.638300363859e0	0.000053732
cfd-ventilation	4	de	49	1.638300363859e0	0.000060043
cfd-ventilation	4	de	50	1.638300363859e0	0.000060123
cfd-ventilation	4	de	51	1.637727348016e0	0.000060263
cfd-ventilation	4	de	52	1.637727348016e0	0.000060333
cfd-ventilation	4	de	53	1.637727348016e0	0.000060403
cfd-ventilation	4	de	54	1.637727348016e0	0.000060533
cfd-ventilation	4	de	55	1.637727348016e0	0.000060603
cfd-ventilation	4	de	56	1.637727348016e0	0.000060673
cfd-ventilation	4	de	57	1.637727348016e0	0.000060743
cfd-ventilation	4	de	58	1.636908785351e0	0.000060823
cfd-ventilation	4	de	59	1.636908785351e0	0.000060883
cfd-ventilation	4	de	60	1.636908785351e0	0.000060963
cfd-ventilation	4	de	61	1.636908785351e0	0.000061033
cfd-ventilation	4	de	62	1.636908785351e0	0.000061103
cfd-ventilation	4	de	63	1.636908785351e0	0.000061173
cfd-ventilation	4	de	64	1.635391203794e0	0.000061313
cfd-ventilation	4	de	65	1.635391203794e0	0.000067923
cfd-ventilation	4	de	66	1.631458118503e0	0.000068543
cfd-ventilation	4	de	67	1.631458118503e0	0.000068613
cfd-ventilation	4	de	68	1.631458118503e0	0.000068673
cfd-ventilation	4	de	69	1.631458118503e0	0.000068753
cfd-ventilation	4	de	70	1.631458118503e0	0.000068823
cfd-ventilation	4	de	71	1.631458118503e0	0.000068893
cfd-ventilation	4	de	72	1.631458118503e0	0.000068963
cfd-ventilation	4	de	73	1.631458118503e0	0.000069033
cfd-ventilation	4	de	74	1.631458118503e0	0.000069103
cfd-ventilation	4	de	75	1.631458118503e0	0.000069173
cfd-ventilation	4	de	76	1.631458118503e0	0.000069283
cfd-ventilation	4	de	77	1.631458118503e0	0.000069373
cfd-ventilation	4	de	78	1.631458118503e0	0.000069593
cfd-ventilation	4	de	79	1.631458118503e0	0.000069823
cfd-ventilation	4	de	80	1.631458118503e0	0.000069953
cfd-ventilation	4	de	81	1.631458118503e0	0.000077093
cfd-ventilation	4	de	82	1.631458118503e0	0.000077603
cfd-ventilation	4	de	83	1.631458118503e0	0.000077713
cfd-ventilation	4	de	84	1.631458118503e0	0.000077833
cfd-ventilation	4	de	85	1.631458118503e0	0.000078043
cfd-ventilation	4	de	86	1.631458118503e0	0.000078353
cfd-ventilation	4	de	87	1.631458118503e0	0.000078533
cfd-ventilation	4	de	88	1.631458118503e0	0.000078703
cfd-ventilation	4	de	89	1.631458118503e0	0.000078993
cfd-ventilation	4	de	90	1.631458118503e0	0.000079273
cfd-ventilation	4	de	91	1.631458118503e0	0.000079443
cfd-ventilation	4	de	92	1.631458118503e0	0.000079673
cfd-ventilation	4	de	93	1.631458118503e0	0.000079833
cfd-ventilation	4	de	94	1.631458118503e0	0.000079973
cfd-ventilation	4	de	95	1.631458118503e0	0.000080363
cfd-ventilation	4	de	96	1.631458118503e0	0.000080503
cfd-ventilation	4	de	97	1.631458118503e0	0.000090664
cfd-ventilation	4	de	98	1.631458118503e0	0.000091184
cfd-ventilation	4	de	99	1.631458118503e0	0.000091344
cfd-ventilation	4	de	100	1.631458118503e0	0.000091594
cfd-ventilation	4	de	101	1.630024055730e0	0.000091794
cfd-ventilation	4	de	102	1.630024055730e0	0.000092094
cfd-ventilation	4	de	103	1.630024055730e0	0.000092164
cfd-ventilation	4	de	104	1.630024055730e0	0.000092494
cfd-ventilation	4	de	105	1.630024055730e0	0.000092884
cfd-ventilation	4	de	106	1.630024055730e0	0.000093244
cfd-ventilation	4	de	107	1.630024055730e0	0.000093564
cfd-ventilation	4	de	108	1.630024055730e0	0.000093704
cfd-ventilation	4	de	109	1.630024055730e0	0.000093994
cfd-ventilation	4	de	110	1.630024055730e0	0.000094734
cfd-ventilation	4	de	111	1.630024055730e0	0.000094974
cfd-ventilation	4	de	112	1.630024055730e0	0.000095204
cfd-ventilation	4	de	113	1.630024055730e0	0.000103314
cfd-ventilation	4	de	114	1.630024055730e0	0.000103664
cfd-ventilation	4	de	115	1.630024055730e0	0.000104054
cfd-ventilation	4	de	116	1.630024055730e0	0.000104254
cfd-ventilation	4	de	117	1.630024055730e0	0.000104414
cfd-ventilation	4	de	118	1.630024055730e0	0.000105004
cfd-ventilation	4	de	119	1.630024055730e0	0.000105704
cfd-ventilation	4	de	120	1.630024055730e0	0.000106534
cfd-ventilation	4	de	121	1.630024055730e0	0.000107264
cfd-ventilation	4	de	122	1.630024055730e0	0.000107424
cfd-ventilation	4	de	123	1.630024055730e0	0.000107494
cfd-ventilation	4	de	124	1.630024055730e0	0.000107564
cfd-ventilation	4	de	125	1.630024055730e0	0.000107634
cfd-ventilation	4	de	126	1.630024055730e0	0.000107804
cfd-ventilation	4	de	127	1.630024055730e0	0.000107874
cfd-ventilation	4	de	128	1.630024055730e0	0.000107944
cfd-ventilation	4	de	129	1.630024055730e0	0.000115925
cfd-ventilation	4	de	130	1.630024055730e0	0.000117995
cfd-ventilation	4	de	131	1.630024055730e0	0.000118225
cfd-ventilation	4	de	132	1.630024055730e0	0.000118355
cfd-ventilation	4	de	133	1.630024055730e0	0.000118425
cfd-ventilation	4	de	134	1.630024055730e0	0.000118495
cfd-ventilation	4	de	135	1.630024055730e0	0.000118695
cfd-ventilation	4	de	136	1.630024055730e0	0.000119105
cfd-ventilation	4	de	137	1.630024055730e0	0.000119445
cfd-ventilation	4	de	138	1.630024055730e0	0.000119545
cfd-ventilation	4	de	139	1.630024055730e0	0.000119845
cfd-ventilation	4	de	140	1.630024055730e0	0.000120185
cfd-ventilation	4	de	141	1.630024055730e0	0.000120385
cfd-ventilation	4	de	142	1.630024055730e0	0.000120565
cfd-ventilation	4	de	143	1.630024055730e0	0.000120745
cfd-ventilation	4	de	144	1.630024055730e0	0.000120825
cfd-ventilation	4	de	145	1.630024055730e0	0.000128985
cfd-ventilation	4	de	146	1.630024055730e0	0.000129055
cfd-ventilation	4	de	147	1.630024055730e0	0.000129125
cfd-ventilation	4	de	148	1.630024055730e0	0.000129195
cfd-ventilation	4	de	149	1.630024055730e0	0.000129265
cfd-ventilation	4	de	150	1.630024055730e0	0.000129335
cfd-ventilation	4	de	151	1.630024055730e0	0.000129525
cfd-ventilation	4	de	152	1.630024055730e0	0.000129655
cfd-ventilation	4	de	153	1.630024055730e0	0.000129925
cfd-ventilation	4	de	154	1.630024055730e0	0.000130205
cfd-ventilation	4	de	155	1.630024055730e0	0.000130445
cfd-ventilation	4	de	156	1.630024055730e0	0.000130625
cfd-ventilation	4	de	157	1.630024055730e0	0.000130815
cfd-ventilation	4	de	158	1.630024055730e0	0.000131085
cfd-ventilation	4	de	159	1.630024055730e0	0.000131315
cfd-ventilation	4	de	160	1.630024055730e0	0.000131785
cfd-ventilation	4	bo	1	1.632289436066e0	0.022615045
cfd-ventilation	4	bo	2	1.632289436066e0	0.022616005
cfd-ventilation	4	bo	3	1.632289436066e0	0.022616945
cfd-ventilation	4	bo	4	1.632289436066e0	0.022617415
cfd-ventilation	4	bo	5	1.632289436066e0	0.022618055
cfd-ventilation	4	bo	6	1.632289436066e0	0.022619515
cfd-ventilation	4	bo	7	1.540850695490e0	0.022620595
cfd-ventilation	4	bo	8	1.540850695490e0	0.022621445
cfd-ventilation	4	bo	9	1.540850695490e0	0.022622215
cfd-ventilation	4	bo	10	1.540850695490e0	0.022623465
cfd-ventilation	4	bo	11	1.540850695490e0	0.022624405
cfd-ventilation	4	bo	12	1.540850695490e0	0.022625495
cfd-ventilation	4	bo	13	1.540850695490e0	0.022626355
cfd-ventilation	4	bo	14	1.540850695490e0	0.022627075
cfd-ventilation	4	bo	15	1.540850695490e0	0.022627315
cfd-ventilation	4	bo	16	1.540850695490e0	0.022627535
cfd-ventilation	4	bo	17	1.540850695490e0	0.033257496
cfd-ventilation	4	bo	18	1.540850695490e0	0.042418093
cfd-ventilation	4	bo	19	1.540850695490e0	0.052270726
cfd-ventilation	4	bo	20	1.540850695490e0	0.061727079
cfd-ventilation	4	bo	21	1.540850695490e0	0.071489190
cfd-ventilation	4	bo	22	1.540850695490e0	0.081876986
cfd-ventilation	4	bo	23	1.540850695490e0	0.092404365
cfd-ventilation	4	bo	24	1.540850695490e0	0.102350391
cfd-ventilation	4	bo	25	1.540850695490e0	0.111511708
cfd-ventilation	4	bo	26	1.540850695490e0	0.121253779
cfd-ventilation	4	bo	27	1.540850695490e0	0.131319247
cfd-ventilation	4	bo	28	1.540850695490e0	0.141511838
cfd-ventilation	4	bo	29	1.538999313932e0	0.152424936
cfd-ventilation	4	bo	30	1.538999313932e0	0.163028667
cfd-ventilation	4	bo	31	1.538999313932e0	0.173744250
cfd-ventilation	4	bo	32	1.538999313932e0	0.184637427
cfd-ventilation	4	bo	33	1.538999313932e0	0.194925660
cfd-ventilation	4	bo	34	1.538999313932e0	0.206120185
cfd-ventilation	4	bo	35	1.538999313932e0	0.217387381
cfd-ventilation	4	bo	36	1.538999313932e0	0.229072727
cfd-ventilation	4	bo	37	1.538999313932e0	0.240596250
cfd-ventilation	4	bo	38	1.538999313932e0	0.251672682
cfd-ventilation	4	bo	39	1.538999313932e0	0.262794895
cfd-ventilation	4	bo	40	1.538999313932e0	0.274603314
cfd-ventilation	4	bo	41	1.538999313932e0	0.285801579
cfd-ventilation	4	bo	42	1.538999313932e0	0.296843130
cfd-ventilation	4	bo	43	1.538999313932e0	0.307980133
cfd-ventilation	4	bo	44	1.538999313932e0	0.319239549
cfd-ventilation	4	bo	45	1.538999313932e0	0.331372026
cfd-ventilation	4	bo	46	1.538999313932e0	0.343827780
cfd-ventilation	4	bo	47	1.538999313932e0	0.355446805
cfd-ventilation	4	bo	48	1.538999313932e0	0.368346210
cfd-ventilation	4	bo	49	1.538999313932e0	0.381154032
cfd-ventilation	4	bo	50	1.538999313932e0	0.394770014
cfd-ventilation	4	bo	51	1.538999313932e0	0.407541666
cfd-ventilation	4	bo	52	1.538999313932e0	0.420021901
cfd-ventilation	4	bo	53	1.538999313932e0	0.433042348
cfd-ventilation	4	bo	54	1.538999313932e0	0.445392490
cfd-ventilation	4	bo	55	1.538999313932e0	0.458796337
cfd-ventilation	4	bo	56	1.538999313932e0	0.471772384
cfd-ventilation	4	bo	57	1.538999313932e0	0.485330315
cfd-ventilation	4	bo	58	1.538999313932e0	0.498216389
cfd-ventilation	4	bo	59	1.538999313932e0	0.511071532
cfd-ventilation	4	bo	60	1.538999313932e0	0.524030898
cfd-ventilation	4	bo	61	1.538999313932e0	0.537532707
cfd-ventilation	4	bo	62	1.538999313932e0	0.551266752
cfd-ventilation	4	bo	63	1.538999313932e0	0.564679660
cfd-ventilation	4	bo	64	1.538999313932e0	0.578633759
cfd-ventilation	4	bo	65	1.538999313932e0	0.592399944
cfd-ventilation	4	bo	66	1.538999313932e0	0.608747670
cfd-ventilation	4	bo	67	1.538999313932e0	0.623268914
cfd-ventilation	4	bo	68	1.538999313932e0	0.638577125
cfd-ventilation	4	bo	69	1.538999313932e0	0.653804545
cfd-ventilation	4	bo	70	1.538999313932e0	0.668493752
cfd-ventilation	4	bo	71	1.538999313932e0	0.683583839
cfd-ventilation	4	bo	72	1.538999313932e0	0.698958213
cfd-ventilation	4	bo	73	1.538999313932e0	0.714461920
cfd-ventilation	4	bo	74	1.538999313932e0	0.730427928
cfd-ventilation	4	bo	75	1.538999313932e0	0.745966356
cfd-ventilation	4	bo	76	1.538999313932e0	0.761879512
cfd-ventilation	4	bo	77	1.538999313932e0	0.777521282
cfd-ventilation	4	bo	78	1.538999313932e0	0.792012524
cfd-ventilation	4	bo	79	1.538999313932e0	0.808964245
cfd-ventilation	4	bo	80	1.538999313932e0	0.827287108
cfd-ventilation	4	bo	81	1.538999313932e0	0.844007603
cfd-ventilation	4	bo	82	1.538999313932e0	0.861614401
cfd-ventilation	4	bo	83	1.538999313932e0	0.881268415
cfd-ventilation	4	bo	84	1.538999313932e0	0.899503726
cfd-ventilation	4	bo	85	1.538999313932e0	0.917613373
cfd-ventilation	4	bo	86	1.538999313932e0	0.934780239
cfd-ventilation	4	bo	87	1.538999313932e0	0.952936418
cfd-ventilation	4	bo	88	1.538999313932e0	0.971178889
cfd-ventilation	4	bo	89	1.538999313932e0	0.989879821
cfd-ventilation	4	bo	90	1.538999313932e0	1.008335798
cfd-ventilation	4	bo	91	1.538999313932e0	1.028447863
cfd-ventilation	4	bo	92	1.538999313932e0	1.047299438
cfd-ventilation	4	bo	93	1.538999313932e0	1.064525725
cfd-ventilation	4	bo	94	1.538999313932e0	1.083557295
cfd-ventilation	4	bo	95	1.538999313932e0	1.101755145
cfd-ventilation	4	bo	96	1.538999313932e0	1.121217035
cfd-ventilation	4	bo	97	1.538999313932e0	1.141012023
cfd-ventilation	4	bo	98	1.538999313932e0	1.160797980
cfd-ventilation	4	bo	99	1.538999313932e0	1.182061663
cfd-ventilation	4	bo	100	1.538999313932e0	1.203321155
cfd-ventilation	4	bo	101	1.538999313932e0	1.222807316
cfd-ventilation	4	bo	102	1.538999313932e0	1.243221008
cfd-ventilation	4	bo	103	1.538999313932e0	1.262042833
cfd-ventilation	4	bo	104	1.538999313932e0	1.280988960
cfd-ventilation	4	bo	105	1.538999313932e0	1.303791698
cfd-ventilation	4	bo	106	1.538999313932e0	1.325358467
cfd-ventilation	4	bo	107	1.538999313932e0	1.347048899
cfd-ventilation	4	bo	108	1.538999313932e0	1.370185835
cfd-ventilation	4	bo	109	1.538999313932e0	1.394508659
cfd-ventilation	4	bo	110	1.538999313932e0	1.417520533
cfd-ventilation	4	bo	111	1.538999313932e0	1.440030165
cfd-ventilation	4	bo	112	1.538999313932e0	1.464629546
cfd-ventilation	4	bo	113	1.538999313932e0	1.489662027
cfd-ventilation	4	bo	114	1.538999313932e0	1.513878569
cfd-ventilation	4	bo	115	1.538999313932e0	1.539037213
cfd-ventilation	4	bo	116	1.538999313932e0	1.563839369
cfd-ventilation	4	bo	117	1.538999313932e0	1.589748522
cfd-ventilation	4	bo	118	1.538999313932e0	1.615216063
cfd-ventilation	4	bo	119	1.538999313932e0	1.639672651
cfd-ventilation	4	bo	120	1.538999313932e0	1.663536804
cfd-ventilation	4	bo	121	1.538999313932e0	1.689181919
cfd-ventilation	4	bo	122	1.538999313932e0	1.717141360
cfd-ventilation	4	bo	123	1.538999313932e0	1.743432031
cfd-ventilation	4	bo	124	1.538999313932e0	1.768706198
cfd-ventilation	4	bo	125	1.538999313932e0	1.795957592
cfd-ventilation	4	bo	126	1.538999313932e0	1.822492259
cfd-ventilation	4	bo	127	1.538999313932e0	1.848184656
cfd-ventilation	4	bo	128	1.538999313932e0	1.875145922
cfd-ventilation	4	bo	129	1.538999313932e0	1.902667662
cfd-ventilation	4	bo	130	1.538999313932e0	1.927495488
cfd-ventilation	4	bo	131	1.538999313932e0	1.955516990
cfd-ventilation	4	bo	132	1.538999313932e0	1.986484581
cfd-ventilation	4	bo	133	1.538999313932e0	2.014508363
cfd-ventilation	4	bo	134	1.538999313932e0	2.042277358
cfd-ventilation	4	bo	135	1.538999313932e0	2.071978800
cfd-ventilation	4	bo	136	1.538999313932e0	2.100349660
cfd-ventilation	4	bo	137	1.538999313932e0	2.134345103
cfd-ventilation	4	bo	138	1.538999313932e0	2.165091278
cfd-ventilation	4	bo	139	1.538999313932e0	2.195820853
cfd-ventilation	4	bo	140	1.538999313932e0	2.229031977
cfd-ventilation	4	bo	141	1.538999313932e0	2.261479483
cfd-ventilation	4	bo	142	1.538999313932e0	2.294649987
cfd-ventilation	4	bo	143	1.538999313932e0	2.327735958
cfd-ventilation	4	bo	144	1.538999313932e0	2.359741474
cfd-ventilation	4	bo	145	1.538999313932e0	2.393351128
cfd-ventilation	4	bo	146	1.538999313932e0	2.426344017
cfd-ventilation	4	bo	147	1.538999313932e0	2.466352561
cfd-ventilation	4	bo	148	1.538999313932e0	2.501732336
cfd-ventilation	4	bo	149	1.538999313932e0	2.535886283
cfd-ventilation	4	bo	150	1.538999313932e0	2.572557769
cfd-ventilation	4	bo	151	1.538999313932e0	2.605241250
cfd-ventilation	4	bo	152	1.538999313932e0	2.638900485
cfd-ventilation	4	bo	153	1.538999313932e0	2.673456560
cfd-ventilation	4	bo	154	1.538999313932e0	2.706405218
cfd-ventilation	4	bo	155	1.538999313932e0	2.743852762
cfd-ventilation	4	bo	156	1.538999313932e0	2.780228500
cfd-ventilation	4	bo	157	1.538999313932e0	2.816828274
cfd-ventilation	4	bo	158	1.538999313932e0	2.850655863
cfd-ventilation	4	bo	159	1.538999313932e0	2.884314617
cfd-ventilation	4	bo	160	1.538999313932e0	2.918145605
cfd-ventilation	5	de	1	4.612164026324e0	0.000014551
cfd-ventilation	5	de	2	4.612164026324e0	0.000015271
cfd-ventilation	5	de	3	4.612164026324e0	0.000015571
cfd-ventilation	5	de	4	4.438423898502e0	0.000015851
cfd-ventilation	5	de	5	1.655205128655e0	0.000016381
cfd-ventilation	5	de	6	1.655205128655e0	0.000018171
cfd-ventilation	5	de	7	1.640053011570e0	0.000018981
cfd-ventilation	5	de	8	1.640053011570e0	0.000019661
cfd-ventilation	5	de	9	1.640053011570e0	0.000019971
cfd-ventilation	5	de	10	1.640053011570e0	0.000021581
cfd-ventilation	5	de	11	1.640053011570e0	0.000021771
cfd-ventilation	5	de	12	1.640053011570e0	0.000021961
cfd-ventilation	5	de	13	1.640053011570e0	0.000022201
cfd-ventilation	5	de	14	1.640053011570e0	0.000022361
cfd-ventilation	5	de	15	1.640053011570e0	0.000022981
cfd-ventilation	5	de	16	1.640053011570e0	0.000023121
cfd-ventilation	5	de	17	1.640053011570e0	0.000032031
cfd-ventilation	5	de	18	1.640053011570e0	0.000033001
cfd-ventilation	5	de	19	1.640053011570e0	0.000033291
cfd-ventilation	5	de	20	1.640053011570e0	0.000033781
cfd-ventilation	5	de	21	1.640053011570e0	0.000033861
cfd-ventilation	5	de	22	1.640053011570e0	0.000034011
cfd-ventilation	5	de	23	1.636022937033e0	0.000034421
cfd-ventilation	5	de	24	1.636022937033e0	0.000034851
cfd-ventilation	5	de	25	1.636022937033e0	0.000035431
cfd-ventilation	5	de	26	1.636022937033e0	0.000035661
cfd-ventilation	5	de	27	1.636022937033e0	0.000035741
cfd-ventilation	5	de	28	1.636022937033e0	0.000036121
cfd-ventilation	5	de	29	1.636022937033e0	0.000036191
cfd-ventilation	5	de	30	1.636022937033e0	0.000036291
cfd-ventilation	5	de	31	1.636022937033e0	0.000036361
cfd-ventilation	5	de	32	1.636022937033e0	0.000036421
cfd-ventilation	5	de	33	1.636022937033e0	0.000047251
cfd-ventilation	5	de	34	1.636022937033e0	0.000048521
cfd-ventilation	5	de	35	1.636022937033e0	0.000048601
cfd-ventilation	5	de	36	1.636022937033e0	0.000048681
cfd-ventilation	5	de	37	1.628080102773e0	0.000048751
cfd-ventilation	5	de	38	1.624541009497e0	0.000048821
cfd-ventilation	5	de	39	1.624541009497e0	0.000048891
cfd-ventilation	5	de	40	1.624541009497e0	0.000048961
cfd-ventilation	5	de	41	1.624541009497e0	0.000049031
cfd-ventilation	5	de	42	1.624541009497e0	0.000049101
cfd-ventilation	5	de	43	1.624541009497e0	0.000049171
cfd-ventilation	5	de	44	1.624541009497e0	0.000049331
cfd-ventilation	5	de	45	1.624541009497e0	0.000049411
cfd-ventilation	5	de	46	1.607436741297e0	0.000049481
cfd-ventilation	5	de	47	1.607436741297e0	0.000049551
cfd-ventilation	5	de	48	1.607436741297e0	0.000049621
cfd-ventilation	5	de	49	1.607436741297e0	0.000057531
cfd-ventilation	5	de	50	1.607436741297e0	0.000057601
cfd-ventilation	5	de	51	1.607436741297e0	0.000057681
cfd-ventilation	5	de	52	1.607436741297e0	0.000057751
cfd-ventilation	5	de	53	1.539917819645e0	0.000057821
cfd-ventilation	5	de	54	1.539917819645e0	0.000057891
cfd-ventilation	5	de	55	1.539917819645e0	0.000057961
cfd-ventilation	5	de	56	1.539917819645e0	0.000058031
cfd-ventilation	5	de	57	1.539917819645e0	0.000058101
cfd-ventilation	5	de	58	1.539917819645e0	0.000058171
cfd-ventilation	5	de	59	1.539917819645e0	0.000058231
cfd-ventilation	5	de	60	1.539917819645e0	0.000058461
cfd-ventilation	5	de	61	1.539917819645e0	0.000059022
cfd-ventilation	5	de	62	1.539917819645e0	0.000060012
cfd-ventilation	5	de	63	1.539917819645e0	0.000060752
cfd-ventilation	5	de	64	1.539917819645e0	0.000061192
cfd-ventilation	5	de	65	1.539917819645e0	0.000071332
cfd-ventilation	5	de	66	1.539917819645e0	0.000072962
cfd-ventilation	5	de	67	1.539917819645e0	0.000073272
cfd-ventilation	5	de	68	1.539917819645e0	0.000073482
cfd-ventilation	5	de	69	1.539917819645e0	0.000073692
cfd-ventilation	5	de	70	1.539917819645e0	0.000073812
cfd-ventilation	5	de	71	1.539917819645e0	0.000073932
cfd-ventilation	5	de	72	1.539917819645e0	0.000074472
cfd-ventilation	5	de	73	1.539917819645e0	0.000074632
cfd-ventilation	5	de	74	1.539917819645e0	0.000074782
cfd-ventilation	5	de	75	1.539917819645e0	0.000075092
cfd-ventilation	5	de	76	1.539917819645e0	0.000075322
cfd-ventilation	5	de	77	1.539917819645e0	0.000075462
cfd-ventilation	5	de	78	1.539917819645e0	0.000075602
cfd-ventilation	5	de	79	1.539917819645e0	0.000075672
cfd-ventilation	5	de	80	1.539917819645e0	0.000075852
cfd-ventilation	5	de	81	1.539917819645e0	0.000085112
cfd-ventilation	5	de	82	1.539917819645e0	0.000085192
cfd-ventilation	5	de	83	1.539917819645e0	0.000085692
cfd-ventilation	5	de	84	1.539917819645e0	0.000085942
cfd-ventilation	5	de	85	1.539917819645e0	0.000086182
cfd-ventilation	5	de	86	1.539917819645e0	0.000086962
cfd-ventilation	5	de	87	1.539917819645e0	0.000087052
cfd-ventilation	5	de	88	1.539917819645e0	0.000087152
cfd-ventilation	5	de	89	1.539917819645e0	0.000087292
cfd-ventilation	5	de	90	1.539180727312e0	0.000087392
cfd-ventilation	5	de	91	1.539180727312e0	0.000087492
cfd-ventilation	5	de	92	1.539180727312e0	0.000087582
cfd-ventilation	5	de	93	1.539180727312e0	0.000087762
cfd-ventilation	5	de	94	1.539180727312e0	0.000087842
cfd-ventilation	5	de	95	1.539180727312e0	0.000087912
cfd-ventilation	5	de	96	1.539180727312e0	0.000087992
cfd-ventilation	5	de	97	1.539180727312e0	0.000096632
cfd-ventilation	5	de	98	1.539180727312e0	0.000096712
cfd-ventilation	5	de	99	1.539180727312e0	0.000096782
cfd-ventilation	5	de	100	1.539180727312e0	0.000096852
cfd-ventilation	5	de	101	1.539180727312e0	0.000096932
cfd-ventilation	5	de	102	1.539180727312e0	0.000097082
cfd-ventilation	5	de	103	1.539180727312e0	0.000097702
cfd-ventilation	5	de	104	1.539180727312e0	0.000097882
cfd-ventilation	5	de	105	1.539180727312e0	0.000097992
cfd-ventilation	5	de	106	1.539180727312e0	0.000098062
cfd-ventilation	5	de	107	1.539180727312e0	0.000098122
cfd-ventilation	5	de	108	1.539180727312e0	0.000098202
cfd-ventilation	5	de	109	1.539180727312e0	0.000098282
cfd-ventilation	5	de	110	1.539180727312e0	0.000098412
cfd-ventilation	5	de	111	1.539180727312e0	0.000098502
cfd-ventilation	5	de	112	1.539180727312e0	0.000098572
cfd-ventilation	5	de	113	1.539180727312e0	0.000106732
cfd-ventilation	5	de	114	1.539180727312e0	0.000106822
cfd-ventilation	5	de	115	1.539180727312e0	0.000106892
cfd-ventilation	5	de	116	1.539180727312e0	0.000106982
cfd-ventilation	5	de	117	1.539180727312e0	0.000107052
cfd-ventilation	5	de	118	1.539180727312e0	0.000107492
cfd-ventilation	5	de	119	1.539180727312e0	0.000108522
cfd-ventilation	5	de	120	1.539180727312e0	0.000108772
cfd-ventilation	5	de	121	1.539180727312e0	0.000108902
cfd-ventilation	5	de	122	1.539180727312e0	0.000109042
cfd-ventilation	5	de	123	1.539180727312e0	0.000109112
cfd-ventilation	5	de	124	1.539180727312e0	0.000109182
cfd-ventilation	5	de	125	1.539180727312e0	0.000109252
cfd-ventilation	5	de	126	1.539180727312e0	0.000109432
cfd-ventilation	5	de	127	1.539180727312e0	0.000109512
cfd-ventilation	5	de	128	1.539180727312e0	0.000109582
cfd-ventilation	5	de	129	1.539180727312e0	0.000118162
cfd-ventilation	5	de	130	1.539180727312e0	0.000119472
cfd-ventilation	5	de	131	1.539180727312e0	0.000119602
cfd-ventilation	5	de	132	1.539180727312e0	0.000119742
cfd-ventilation	5	de	133	1.539180727312e0	0.000119802
cfd-ventilation	5	de	134	1.539180727312e0	0.000119942
cfd-ventilation	5	de	135	1.538008487880e0	0.000120002
cfd-ventilation	5	de	136	1.538008487880e0	0.000120072
cfd-ventilation	5	de	137	1.538008487880e0	0.000120172
cfd-ventilation	5	de	138	1.538008487880e0	0.000120732
cfd-ventilation	5	de	139	1.538008487880e0	0.000120812
cfd-ventilation	5	de	140	1.538008487880e0	0.000120882
cfd-ventilation	5	de	141	1.538008487880e0	0.000121212
cfd-ventilation	5	de	142	1.538008487880e0	0.000121392
cfd-ventilation	5	de	143	1.538008487880e0	0.000121492
cfd-ventilation	5	de	144	1.538008487880e0	0.000121562
cfd-ventilation	5	de	145	1.538008487880e0	0.000131252
cfd-ventilation	5	de	146	1.538008487880e0	0.000131322
cfd-ventilation	5	de	147	1.538008487880e0	0.000131392
cfd-ventilation	5	de	148	1.538008487880e0	0.000131462
cfd-ventilation	5	de	149	1.538008487880e0	0.000131542
cfd-ventilation	5	de	150	1.538008487880e0	0.000131612
cfd-ventilation	5	de	151	1.538008487880e0	0.000131822
cfd-ventilation	5	de	152	1.538008487880e0	0.000131892
cfd-ventilation	5	de	153	1.538008487880e0	0.000131952
cfd-ventilation	5	de	154	1.538008487880e0	0.000132032
cfd-ventilation	5	de	155	1.538008487880e0	0.000132102
cfd-ventilation	5	de	156	1.538008487880e0	0.000132172
cfd-ventilation	5	de	157	1.538008487880e0	0.000132242
cfd-ventilation	5	de	158	1.538008487880e0	0.000132302
cfd-ventilation	5	de	159	1.538008487880e0	0.000132372
cfd-ventilation	5	de	160	1.538008487880e0	0.000132452
cfd-ventilation	5	bo	1	1.014476575714e1	0.022146222
cfd-ventilation	5	bo	2	1.638262051388e0	0.022147482
cfd-ventilation	5	bo	3	1.606510704838e0	0.022147882
cfd-ventilation	5	bo	4	1.606510704838e0	0.022148872
cfd-ventilation	5	bo	5	1.606510704838e0	0.022149392
cfd-ventilation	5	bo	6	1.606510704838e0	0.022150292
cfd-ventilation	5	bo	7	1.606510704838e0	0.022150412
cfd-ventilation	5	bo	8	1.606510704838e0	0.022150492
cfd-ventilation	5	bo	9	1.606510704838e0	0.022150582
cfd-ventilation	5	bo	10	1.606510704838e0	0.022150912
cfd-ventilation	5	bo	11	1.606510704838e0	0.022151012
cfd-ventilation	5	bo	12	1.606510704838e0	0.022151402
cfd-ventilation	5	bo	13	1.606510704838e0	0.022151502
cfd-ventilation	5	bo	14	1.577975581769e0	0.022151592
cfd-ventilation	5	bo	15	1.577975581769e0	0.022151752
cfd-ventilation	5	bo	16	1.577975581769e0	0.022151832
cfd-ventilation	5	bo	17	1.577975581769e0	0.033154082
cfd-ventilation	5	bo	18	1.577975581769e0	0.042294957
cfd-ventilation	5	bo	19	1.577975581769e0	0.051480523
cfd-ventilation	5	bo	20	1.577975581769e0	0.060158878
cfd-ventilation	5	bo	21	1.577975581769e0	0.070044481
cfd-ventilation	5	bo	22	1.577975581769e0	0.079774451
cfd-ventilation	5	bo	23	1.577975581769e0	0.090749770
cfd-ventilation	5	bo	24	1.577975581769e0	0.101673187
cfd-ventilation	5	bo	25	1.577975581769e0	0.111692234
cfd-ventilation	5	bo	26	1.577975581769e0	0.122051558
cfd-ventilation	5	bo	27	1.577975581769e0	0.132542135
cfd-ventilation	5	bo	28	1.577975581769e0	0.142795296
cfd-ventilation	5	bo	29	1.577975581769e0	0.152926144
cfd-ventilation	5	bo	30	1.577975581769e0	0.163175775
cfd-ventilation	5	bo	31	1.577975581769e0	0.174666966
cfd-ventilation	5	bo	32	1.577975581769e0	0.184890547
cfd-ventilation	5	bo	33	1.577975581769e0	0.195109628
cfd-ventilation	5	bo	34	1.577975581769e0	0.205545184
cfd-ventilation	5	bo	35	1.577975581769e0	0.217208739
cfd-ventilation	5	bo	36	1.577975581769e0	0.230273987
cfd-ventilation	5	bo	37	1.577975581769e0	0.241751578
cfd-ventilation	5	bo	38	1.577975581769e0	0.254103979
cfd-ventilation	5	bo	39	1.577975581769e0	0.265455906
cfd-ventilation	5	bo	40	1.577975581769e0	0.277270184
cfd-ventilation	5	bo	41	1.577975581769e0	0.289273826
cfd-ventilation	5	bo	42	1.577975581769e0	0.300437849
cfd-ventilation	5	bo	43	1.577975581769e0	0.312379620
cfd-ventilation	5	bo	44	1.577975581769e0	0.323529063
cfd-ventilation	5	bo	45	1.577975581769e0	0.335144187
cfd-ventilation	5	bo	46	1.577975581769e0	0.346237979
cfd-ventilation	5	bo	47	1.577975581769e0	0.358528518
cfd-ventilation	5	bo	48	1.577975581769e0	0.371117154
cfd-ventilation	5	bo	49	1.577975581769e0	0.383344092
cfd-ventilation	5	bo	50	1.577975581769e0	0.395337064
cfd-ventilation	5	bo	51	1.577975581769e0	0.408072064
cfd-ventilation	5	bo	52	1.577975581769e0	0.420585609
cfd-ventilation	5	bo	53	1.577975581769e0	0.434251481
cfd-ventilation	5	bo	54	1.577975581769e0	0.447228937
cfd-ventilation	5	bo	55	1.577975581769e0	0.462108337
cfd-ventilation	5	bo	56	1.577975581769e0	0.474386797
cfd-ventilation	5	bo	57	1.577975581769e0	0.487519646
cfd-ventilation	5	bo	58	1.577975581769e0	0.501667159
cfd-ventilation	5	bo	59	1.577975581769e0	0.515226979
cfd-ventilation	5	bo	60	1.577975581769e0	0.528513812
cfd-ventilation	5	bo	61	1.577975581769e0	0.541986609
cfd-ventilation	5	bo	62	1.577975581769e0	0.556143172
cfd-ventilation	5	bo	63	1.577975581769e0	0.570242874
cfd-ventilation	5	bo	64	1.577975581769e0	0.584491360
cfd-ventilation	5	bo	65	1.577975581769e0	0.598610713
cfd-ventilation	5	bo	66	1.577975581769e0	0.613047403
cfd-ventilation	5	bo	67	1.577975581769e0	0.626941490
cfd-ventilation	5	bo	68	1.577975581769e0	0.641713058
cfd-ventilation	5	bo	69	1.577975581769e0	0.657230774
cfd-ventilation	5	bo	70	1.577975581769e0	0.673144278
cfd-ventilation	5	bo	71	1.577975581769e0	0.689252277
cfd-ventilation	5	bo	72	1.577975581769e0	0.705306195
cfd-ventilation	5	bo	73	1.577975581769e0	0.721241980
cfd-ventilation	5	bo	74	1.577975581769e0	0.736190892
cfd-ventilation	5	bo	75	1.577975581769e0	0.752084427
cfd-ventilation	5	bo	76	1.577975581769e0	0.769307933
cfd-ventilation	5	bo	77	1.577975581769e0	0.785113855
cfd-ventilation	5	bo	78	1.577975581769e0	0.801523561
cfd-ventilation	5	bo	79	1.577975581769e0	0.817519227
cfd-ventilation	5	bo	80	1.577975581769e0	0.833434222
cfd-ventilation	5	bo	81	1.577975581769e0	0.851680701
cfd-ventilation	5	bo	82	1.577975581769e0	0.867932853
cfd-ventilation	5	bo	83	1.577975581769e0	0.887374070
cfd-ventilation	5	bo	84	1.577975581769e0	0.905941407
cfd-ventilation	5	bo	85	1.577975581769e0	0.924026273
cfd-ventilation	5	bo	86	1.577975581769e0	0.942655082
cfd-ventilation	5	bo	87	1.577975581769e0	0.961925536
cfd-ventilation	5	bo	88	1.577975581769e0	0.981385484
cfd-ventilation	5	bo	89	1.577975581769e0	0.999439030
cfd-ventilation	5	bo	90	1.577975581769e0	1.018318604
cfd-ventilation	5	bo	91	1.577975581769e0	1.037908245
cfd-ventilation	5	bo	92	1.577975581769e0	1.058681595
cfd-ventilation	5	bo	93	1.577975581769e0	1.078477101
cfd-ventilation	5	bo	94	1.577975581769e0	1.098235156
cfd-ventilation	5	bo	95	1.577975581769e0	1.116538047
cfd-ventilation	5	bo	96	1.577975581769e0	1.137251914
cfd-ventilation	5	bo	97	1.577975581769e0	1.156450596
cfd-ventilation	5	bo	98	1.577975581769e0	1.178849903
cfd-ventilation	5	bo	99	1.577975581769e0	1.200695107
cfd-ventilation	5	bo	100	1.577975581769e0	1.221544437
cfd-ventilation	5	bo	101	1.577975581769e0	1.243027473
cfd-ventilation	5	bo	102	1.577975581769e0	1.266093606
cfd-ventilation	5	bo	103	1.577975581769e0	1.286926786
cfd-ventilation	5	bo	104	1.577975581769e0	1.309678022
cfd-ventilation	5	bo	105	1.577975581769e0	1.332798927
cfd-ventilation	5	bo	106	1.577975581769e0	1.357371345
cfd-ventilation	5	bo	107	1.577975581769e0	1.379946937
cfd-ventilation	5	bo	108	1.577975581769e0	1.399475487
cfd-ventilation	5	bo	109	1.577975581769e0	1.421809452
cfd-ventilation	5	bo	110	1.577975581769e0	1.443621096
cfd-ventilation	5	bo	111	1.577975581769e0	1.467592540
cfd-ventilation	5	bo	112	1.577975581769e0	1.492209019
cfd-ventilation	5	bo	113	1.577975581769e0	1.513036059
cfd-ventilation	5	bo	114	1.577975581769e0	1.538068858
cfd-ventilation	5	bo	115	1.577975581769e0	1.562458662
cfd-ventilation	5	bo	116	1.577975581769e0	1.585901364
cfd-ventilation	5	bo	117	1.577975581769e0	1.611261991
cfd-ventilation	5	bo	118	1.577975581769e0	1.637494479
cfd-ventilation	5	bo	119	1.577975581769e0	1.662973149
cfd-ventilation	5	bo	120	1.577975581769e0	1.685084950
cfd-ventilation	5	bo	121	1.577975581769e0	1.712107316
cfd-ventilation	5	bo	122	1.577975581769e0	1.739291426
cfd-ventilation	5	bo	123	1.577975581769e0	1.766909415
cfd-ventilation	5	bo	124	1.577975581769e0	1.793046660
cfd-ventilation	5	bo	125	1.577975581769e0	1.819012731
cfd-ventilation	5	bo	126	1.577975581769e0	1.848141536
cfd-ventilation	5	bo	127	1.577975581769e0	1.874140648
cfd-ventilation	5	bo	128	1.577975581769e0	1.900847936
cfd-ventilation	5	bo	129	1.577975581769e0	1.932389948
cfd-ventilation	5	bo	130	1.577975581769e0	1.961302358
cfd-ventilation	5	bo	131	1.577975581769e0	1.991070219
cfd-ventilation	5	bo	132	1.577975581769e0	2.021701490
cfd-ventilation	5	bo	133	1.577975581769e0	2.050225581
cfd-ventilation	5	bo	134	1.577975581769e0	2.081202590
cfd-ventilation	5	bo	135	1.577975581769e0	2.110404008
cfd-ventilation	5	bo	136	1.577975581769e0	2.136990664
cfd-ventilation	5	bo	137	1.577975581769e0	2.167804680
cfd-ventilation	5	bo	138	1.577975581769e0	2.196298080
cfd-ventilation	5	bo	139	1.577975581769e0	2.226871600
cfd-ventilation	5	bo	140	1.577975581769e0	2.257740827
cfd-ventilation	5	bo	141	1.577975581769e0	2.291620925
cfd-ventilation	5	bo	142	1.577975581769e0	2.326421124
cfd-ventilation	5	bo	143	1.574743795501e0	2.356051882
cfd-ventilation	5	bo	144	1.574743795501e0	2.387467713
cfd-ventilation	5	bo	145	1.574743795501e0	2.418989504
cfd-ventilation	5	bo	146	1.574743795501e0	2.450555346
cfd-ventilation	5	bo	147	1.574743795501e0	2.488207951
cfd-ventilation	5	bo	148	1.574743795501e0	2.524075585
cfd-ventilation	5	bo	149	1.574743795501e0	2.561444314
cfd-ventilation	5	bo	150	1.574743795501e0	2.595875924
cfd-ventilation	5	bo	151	1.574743795501e0	2.635672280
cfd-ventilation	5	bo	152	1.574743795501e0	2.668313657
cfd-ventilation	5	bo	153	1.574743795501e0	2.700209917
cfd-ventilation	5	bo	154	1.574743795501e0	2.737881063
cfd-ventilation	5	bo	155	1.574743795501e0	2.771873083
cfd-ventilation	5	bo	156	1.574743795501e0	2.804190783
cfd-ventilation	5	bo	157	1.574743795501e0	2.839122585
cfd-ventilation	5	bo	158	1.574743795501e0	2.877371464
cfd-ventilation	5	bo	159	1.574743795501e0	2.915161902
cfd-ventilation	5	bo	160	1.574743795501e0	2.957554319
cfd-ventilation	6	de	1	3.031742378335e0	0.000013451
cfd-ventilation	6	de	2	1.646565525940e0	0.000014311
cfd-ventilation	6	de	3	1.642553739133e0	0.000014461
cfd-ventilation	6	de	4	1.642553739133e0	0.000014611
cfd-ventilation	6	de	5	1.642553739133e0	0.000014771
cfd-ventilation	6	de	6	1.642553739133e0	0.000015921
cfd-ventilation	6	de	7	1.642553739133e0	0.000016361
cfd-ventilation	6	de	8	1.642553739133e0	0.000017101
cfd-ventilation	6	de	9	1.637139704564e0	0.000017921
cfd-ventilation	6	de	10	1.637139704564e0	0.000019451
cfd-ventilation	6	de	11	1.637139704564e0	0.000019931
cfd-ventilation	6	de	12	1.637139704564e0	0.000020331
cfd-ventilation	6	de	13	1.637139704564e0	0.000020801
cfd-ventilation	6	de	14	1.637139704564e0	0.000021311
cfd-ventilation	6	de	15	1.637139704564e0	0.000021421
cfd-ventilation	6	de	16	1.635319255653e0	0.000021591
cfd-ventilation	6	de	17	1.635319255653e0	0.000031011
cfd-ventilation	6	de	18	1.635319255653e0	0.000031741
cfd-ventilation	6	de	19	1.635319255653e0	0.000031961
cfd-ventilation	6	de	20	1.635319255653e0	0.000032121
cfd-ventilation	6	de	21	1.635319255653e0	0.000032501
cfd-ventilation	6	de	22	1.635319255653e0	0.000032581
cfd-ventilation	6	de	23	1.635319255653e0	0.000032701
cfd-ventilation	6	de	24	1.635319255653e0	0.000032981
cfd-ventilation	6	de	25	1.635319255653e0	0.000033461
cfd-ventilation	6	de	26	1.635319255653e0	0.000033751
cfd-ventilation	6	de	27	1.635319255653e0	0.000034061
cfd-ventilation	6	de	28	1.635319255653e0	0.000034611
cfd-ventilation	6	de	29	1.635319255653e0	0.000035211
cfd-ventilation	6	de	30	1.633616211923e0	0.000036161
cfd-ventilation	6	de	31	1.633616211923e0	0.000036721
cfd-ventilation	6	de	32	1.633616211923e0	0.000037471
cfd-ventilation	6	de	33	1.633616211923e0	0.000053541
cfd-ventilation	6	de	34	1.633616211923e0	0.000055561
cfd-ventilation	6	de	35	1.633616211923e0	0.000055761
cfd-ventilation	6	de	36	1.633585343058e0	0.000055831
cfd-ventilation	6	de	37	1.633585343058e0	0.000056031
cfd-ventilation	6	de	38	1.633585343058e0	0.000056381
cfd-ventilation	6	de	39	1.633585343058e0	0.000056571
cfd-ventilation	6	de	40	1.633585343058e0	0.000056641
cfd-ventilation	6	de	41	1.633573022112e0	0.000056711
cfd-ventilation	6	de	42	1.633573022112e0	0.000056791
cfd-ventilation	6	de	43	1.633573022112e0	0.000056951
cfd-ventilation	6	de	44	1.633573022112e0	0.000057151
cfd-ventilation	6	de	45	1.633573022112e0	0.000057681
cfd-ventilation	6	de	46	1.633573022112e0	0.000057811
cfd-ventilation	6	de	47	1.633573022112e0	0.000057991
cfd-ventilation	6	de	48	1.633573022112e0	0.000058071
cfd-ventilation	6	de	49	1.633573022112e0	0.000067862
cfd-ventilation	6	de	50	1.633573022112e0	0.000067942
cfd-ventilation	6	de	51	1.633573022112e0	0.000068012
cfd-ventilation	6	de	52	1.633573022112e0	0.000068092
cfd-ventilation	6	de	53	1.632784168357e0	0.000068162
cfd-ventilation	6	de	54	1.632408838175e0	0.000068242
cfd-ventilation	6	de	55	1.632408838175e0	0.000068312
cfd-ventilation	6	de	56	1.632408838175e0	0.000068392
cfd-ventilation	6	de	57	1.632408838175e0	0.000068462
cfd-ventilation	6	de	58	1.632408838175e0	0.000068552
cfd-ventilation	6	de	59	1.632408838175e0	0.000068632
cfd-ventilation	6	de	60	1.632408838175e0	0.000068792
cfd-ventilation	6	de	61	1.632408838175e0	0.000068872
cfd-ventilation	6	de	62	1.632408838175e0	0.000068952
cfd-ventilation	6	de	63	1.632408838175e0	0.000069022
cfd-ventilation	6	de	64	1.632320555278e0	0.000069102
cfd-ventilation	6	de	65	1.632320555278e0	0.000078492
cfd-ventilation	6	de	66	1.632320555278e0	0.000079792
cfd-ventilation	6	de	67	1.632320555278e0	0.000079892
cfd-ventilation	6	de	68	1.629441842134e0	0.000079972
cfd-ventilation	6	de	69	1.629441842134e0	0.000080492
cfd-ventilation	6	de	70	1.629441842134e0	0.000080552
cfd-ventilation	6	de	71	1.629441842134e0	0.000080632
cfd-ventilation	6	de	72	1.629441842134e0	0.000080762
cfd-ventilation	6	de	73	1.629441842134e0	0.000080932
cfd-ventilation	6	de	74	1.629441842134e0	0.000080992
cfd-ventilation	6	de	75	1.629441842134e0	0.000081072
cfd-ventilation	6	de	76	1.629441842134e0	0.000081142
cfd-ventilation	6	de	77	1.629441842134e0	0.000081212
cfd-ventilation	6	de	78	1.629441842134e0	0.000081282
cfd-ventilation	6	de	79	1.629441842134e0	0.000081352
cfd-ventilation	6	de	80	1.629441842134e0	0.000081422
cfd-ventilation	6	de	81	1.629441842134e0	0.000088902
cfd-ventilation	6	de	82	1.629441842134e0	0.000088972
cfd-ventilation	6	de	83	1.629441842134e0	0.000089042
cfd-ventilation	6	de	84	1.613699532666e0	0.000089112
cfd-ventilation	6	de	85	1.613699532666e0	0.000089182
cfd-ventilation	6	de	86	1.613699532666e0	0.000089252
cfd-ventilation	6	de	87	1.613699532666e0	0.000089322
cfd-ventilation	6	de	88	1.613699532666e0	0.000089392
cfd-ventilation	6	de	89	1.613699532666e0	0.000089492
cfd-ventilation	6	de	90	1.613699532666e0	0.000089552
cfd-ventilation	6	de	91	1.613699532666e0	0.000089632
cfd-ventilation	6	de	92	1.613699532666e0	0.000089702
cfd-ventilation	6	de	93	1.613699532666e0	0.000089772
cfd-ventilation	6	de	94	1.613699532666e0	0.000089852
cfd-ventilation	6	de	95	1.613699532666e0	0.000089932
cfd-ventilation	6	de	96	1.613699532666e0	0.000090002
cfd-ventilation	6	de	97	1.613699532666e0	0.000097012
cfd-ventilation	6	de	98	1.613699532666e0	0.000097082
cfd-ventilation	6	de	99	1.593473513170e0	0.000097152
cfd-ventilation	6	de	100	1.593473513170e0	0.000097212
cfd-ventilation	6	de	101	1.593473513170e0	0.000097282
cfd-ventilation	6	de	102	1.542903437277e0	0.000097342
cfd-ventilation	6	de	103	1.542903437277e0	0.000097412
cfd-ventilation	6	de	104	1.542903437277e0	0.000097532
cfd-ventilation	6	de	105	1.542903437277e0	0.000097592
cfd-ventilation	6	de	106	1.542903437277e0	0.000097662
cfd-ventilation	6	de	107	1.542903437277e0	0.000097732
cfd-ventilation	6	de	108	1.542903437277e0	0.000097802
cfd-ventilation	6	de	109	1.542903437277e0	0.000097872
cfd-ventilation	6	de	110	1.542903437277e0	0.000097942
cfd-ventilation	6	de	111	1.542903437277e0	0.000098082
cfd-ventilation	6	de	112	1.542903437277e0	0.000098252
cfd-ventilation	6	de	113	1.542903437277e0	0.000108982
cfd-ventilation	6	de	114	1.536406790914e0	0.000109052
cfd-ventilation	6	de	115	1.536406790914e0	0.000109132
cfd-ventilation	6	de	116	1.536406790914e0	0.000109412
cfd-ventilation	6	de	117	1.536406790914e0	0.000110092
cfd-ventilation	6	de	118	1.536406790914e0	0.000110162
cfd-ventilation	6	de	119	1.536406790914e0	0.000110312
cfd-ventilation	6	de	120	1.536406790914e0	0.000110472
cfd-ventilation	6	de	121	1.536406790914e0	0.000110852
cfd-ventilation	6	de	122	1.536406790914e0	0.000110972
cfd-ventilation	6	de	123	1.536406790914e0	0.000111092
cfd-ventilation	6	de	124	1.536406790914e0	0.000111172
cfd-ventilation	6	de	125	1.536406790914e0	0.000111242
cfd-ventilation	6	de	126	1.536406790914e0	0.000111312
cfd-ventilation	6	de	127	1.536406790914e0	0.000111602
cfd-ventilation	6	de	128	1.536406790914e0	0.000111672
cfd-ventilation	6	de	129	1.536406790914e0	0.000120632
cfd-ventilation	6	de	130	1.536406790914e0	0.000121922
cfd-ventilation	6	de	131	1.536406790914e0	0.000121992
cfd-ventilation	6	de	132	1.536406790914e0	0.000122052
cfd-ventilation	6	de	133	1.536406790914e0	0.000122132
cfd-ventilation	6	de	134	1.536406790914e0	0.000122202
cfd-ventilation	6	de	135	1.536406790914e0	0.000122292
cfd-ventilation	6	de	136	1.536406790914e0	0.000122362
cfd-ventilation	6	de	137	1.536406790914e0	0.000122432
cfd-ventilation	6	de	138	1.536406790914e0	0.000122582
cfd-ventilation	6	de	139	1.536406790914e0	0.000122652
cfd-ventilation	6	de	140	1.536406790914e0	0.000122722
cfd-ventilation	6	de	141	1.535272390954e0	0.000122802
cfd-ventilation	6	de	142	1.535272390954e0	0.000122872
cfd-ventilation	6	de	143	1.535272390954e0	0.000122942
cfd-ventilation	6	de	144	1.535272390954e0	0.000123012
cfd-ventilation	6	de	145	1.535272390954e0	0.000130112
cfd-ventilation	6	de	146	1.535272390954e0	0.000130362
cfd-ventilation	6	de	147	1.535272390954e0	0.000130442
cfd-ventilation	6	de	148	1.535272390954e0	0.000130512
cfd-ventilation	6	de	149	1.535272390954e0	0.000130592
cfd-ventilation	6	de	150	1.535272390954e0	0.000130662
cfd-ventilation	6	de	151	1.535272390954e0	0.000130732
cfd-ventilation	6	de	152	1.535272390954e0	0.000130792
cfd-ventilation	6	de	153	1.535272390954e0	0.000130872
cfd-ventilation	6	de	154	1.535272390954e0	0.000131182
cfd-ventilation	6	de	155	1.535272390954e0	0.000131432
cfd-ventilation	6	de	156	1.535272390954e0	0.000131552
cfd-ventilation	6	de	157	1.535272390954e0	0.000131782
cfd-ventilation	6	de	158	1.535272390954e0	0.000131952
cfd-ventilation	6	de	159	1.535272390954e0	0.000132112
cfd-ventilation	6	de	160	1.535237868259e0	0.000132452
cfd-ventilation	6	bo	1	1.000010718522e1	0.023047542
cfd-ventilation	6	bo	2	8.423560524816e0	0.023049772
cfd-ventilation	6	bo	3	3.145410839035e0	0.023051082
cfd-ventilation	6	bo	4	1.686124460882e0	0.023052032
cfd-ventilation	6	bo	5	1.686124460882e0	0.023053182
cfd-ventilation	6	bo	6	1.642903884483e0	0.023054602
cfd-ventilation	6	bo	7	1.642903884483e0	0.023055402
cfd-ventilation	6	bo	8	1.642903884483e0	0.023055982
cfd-ventilation	6	bo	9	1.642903884483e0	0.023057142
cfd-ventilation	6	bo	10	1.642903884483e0	0.023058472
cfd-ventilation	6	bo	11	1.642903884483e0	0.023058882
cfd-ventilation	6	bo	12	1.642903884483e0	0.023058962
cfd-ventilation	6	bo	13	1.642903884483e0	0.023059042
cfd-ventilation	6	bo	14	1.642903884483e0	0.023059232
cfd-ventilation	6	bo	15	1.642903884483e0	0.023059962
cfd-ventilation	6	bo	16	1.642903884483e0	0.023060822
cfd-ventilation	6	bo	17	1.642903884483e0	0.033599889
cfd-ventilation	6	bo	18	1.642903884483e0	0.043830019
cfd-ventilation	6	bo	19	1.635810067139e0	0.055907633
cfd-ventilation	6	bo	20	1.635810067139e0	0.065824866
cfd-ventilation	6	bo	21	1.635810067139e0	0.075962674
cfd-ventilation	6	bo	22	1.635810067139e0	0.085978599
cfd-ventilation	6	bo	23	1.635810067139e0	0.096046996
cfd-ventilation	6	bo	24	1.635810067139e0	0.106530922
cfd-ventilation	6	bo	25	1.635810067139e0	0.116386753
cfd-ventilation	6	bo	26	1.635810067139e0	0.126360998
cfd-ventilation	6	bo	27	1.635810067139e0	0.136710691
cfd-ventilation	6	bo	28	1.635810067139e0	0.146444160
cfd-ventilation	6	bo	29	1.635810067139e0	0.156397324
cfd-ventilation	6	bo	30	1.635810067139e0	0.166582604
cfd-ventilation	6	bo	31	1.635810067139e0	0.177344147
cfd-ventilation	6	bo	32	1.635810067139e0	0.186946343
cfd-ventilation	6	bo	33	1.635810067139e0	0.197559292
cfd-ventilation	6	bo	34	1.635810067139e0	0.208372516
cfd-ventilation	6	bo	35	1.635810067139e0	0.219017786
cfd-ventilation	6	bo	36	1.635810067139e0	0.230859174
cfd-ventilation	6	bo	37	1.635810067139e0	0.241305829
cfd-ventilation	6	bo	38	1.633027730886e0	0.251707653
cfd-ventilation	6	bo	39	1.633027730886e0	0.262298202
cfd-ventilation	6	bo	40	1.633027730886e0	0.273252899
cfd-ventilation	6	bo	41	1.633027730886e0	0.284837861
cfd-ventilation	6	bo	42	1.633027730886e0	0.296770291
cfd-ventilation	6	bo	43	1.633027730886e0	0.308048796
cfd-ventilation	6	bo	44	1.633027730886e0	0.320277003
cfd-ventilation	6	bo	45	1.633027730886e0	0.331944497
cfd-ventilation	6	bo	46	1.633027730886e0	0.343534800
cfd-ventilation	6	bo	47	1.633027730886e0	0.354829605
cfd-ventilation	6	bo	48	1.633027730886e0	0.367389930
cfd-ventilation	6	bo	49	1.632895744020e0	0.379852463
cfd-ventilation	6	bo	50	1.632895744020e0	0.392629614
cfd-ventilation	6	bo	51	1.632895744020e0	0.405463715
cfd-ventilation	6	bo	52	1.632895744020e0	0.418080301
cfd-ventilation	6	bo	53	1.541400193194e0	0.431702200
cfd-ventilation	6	bo	54	1.541400193194e0	0.444534271
cfd-ventilation	6	bo	55	1.541400193194e0	0.457406684
cfd-ventilation	6	bo	56	1.541400193194e0	0.472157511
cfd-ventilation	6	bo	57	1.541400193194e0	0.485773951
cfd-ventilation	6	bo	58	1.541400193194e0	0.499882472
cfd-ventilation	6	bo	59	1.541400193194e0	0.515391877
cfd-ventilation	6	bo	60	1.541400193194e0	0.530170174
cfd-ventilation	6	bo	61	1.541400193194e0	0.544754797
cfd-ventilation	6	bo	62	1.541400193194e0	0.560441675
cfd-ventilation	6	bo	63	1.541400193194e0	0.574501125
cfd-ventilation	6	bo	64	1.541400193194e0	0.588863173
cfd-ventilation	6	bo	65	1.541400193194e0	0.606367454
cfd-ventilation	6	bo	66	1.541400193194e0	0.620445135
cfd-ventilation	6	bo	67	1.541400193194e0	0.635022087
cfd-ventilation	6	bo	68	1.541400193194e0	0.649749573
cfd-ventilation	6	bo	69	1.541400193194e0	0.665072713
cfd-ventilation	6	bo	70	1.541400193194e0	0.680131676
cfd-ventilation	6	bo	71	1.541400193194e0	0.695497717
cfd-ventilation	6	bo	72	1.541400193194e0	0.709917545
cfd-ventilation	6	bo	73	1.541400193194e0	0.724988309
cfd-ventilation	6	bo	74	1.541400193194e0	0.741043536
cfd-ventilation	6	bo	75	1.541400193194e0	0.756429377
cfd-ventilation	6	bo	76	1.541400193194e0	0.771930861
cfd-ventilation	6	bo	77	1.541400193194e0	0.792005433
cfd-ventilation	6	bo	78	1.541400193194e0	0.808500270
cfd-ventilation	6	bo	79	1.541400193194e0	0.825395817
cfd-ventilation	6	bo	80	1.541400193194e0	0.842279134
cfd-ventilation	6	bo	81	1.541400193194e0	0.858981756
cfd-ventilation	6	bo	82	1.541400193194e0	0.876854465
cfd-ventilation	6	bo	83	1.541400193194e0	0.895625296
cfd-ventilation	6	bo	84	1.541400193194e0	0.914185902
cfd-ventilation	6	bo	85	1.541400193194e0	0.932330158
cfd-ventilation	6	bo	86	1.541400193194e0	0.949999923
cfd-ventilation	6	bo	87	1.541400193194e0	0.967971804
cfd-ventilation	6	bo	88	1.541400193194e0	0.986342726
cfd-ventilation	6	bo	89	1.541400193194e0	1.006827966
cfd-ventilation	6	bo	90	1.541400193194e0	1.025830852
cfd-ventilation	6	bo	91	1.541400193194e0	1.045703198
cfd-ventilation	6	bo	92	1.541400193194e0	1.064342116
cfd-ventilation	6	bo	93	1.541400193194e0	1.085524203
cfd-ventilation	6	bo	94	1.541400193194e0	1.105034901
cfd-ventilation	6	bo	95	1.541400193194e0	1.124865146
cfd-ventilation	6	bo	96	1.541400193194e0	1.144415675
cfd-ventilation	6	bo	97	1.541400193194e0	1.165276814
cfd-ventilation	6	bo	98	1.541400193194e0	1.185537769
cfd-ventilation	6	bo	99	1.541400193194e0	1.206158683
cfd-ventilation	6	bo	100	1.541400193194e0	1.226852858
cfd-ventilation	6	bo	101	1.541400193194e0	1.247463952
cfd-ventilation	6	bo	102	1.541400193194e0	1.267559183
cfd-ventilation	6	bo	103	1.541400193194e0	1.289397946
cfd-ventilation	6	bo	104	1.541400193194e0	1.311707710
cfd-ventilation	6	bo	105	1.541400193194e0	1.334899234
cfd-ventilation	6	bo	106	1.541400193194e0	1.356357298
cfd-ventilation	6	bo	107	1.541400193194e0	1.377995986
cfd-ventilation	6	bo	108	1.541400193194e0	1.400752040
cfd-ventilation	6	bo	109	1.541400193194e0	1.423594096
cfd-ventilation	6	bo	110	1.541400193194e0	1.447853136
cfd-ventilation	6	bo	111	1.541400193194e0	1.471977372
cfd-ventilation	6	bo	112	1.541400193194e0	1.493016226
cfd-ventilation	6	bo	113	1.541400193194e0	1.516975318
cfd-ventilation	6	bo	114	1.541400193194e0	1.542111708
cfd-ventilation	6	bo	115	1.541400193194e0	1.564182695
cfd-ventilation	6	bo	116	1.541400193194e0	1.589991040
cfd-ventilation	6	bo	117	1.541400193194e0	1.615881087
cfd-ventilation	6	bo	118	1.541400193194e0	1.640637428
cfd-ventilation	6	bo	119	1.541400193194e0	1.665067751
cfd-ventilation	6	bo	120	1.541400193194e0	1.688096641
cfd-ventilation	6	bo	121	1.541400193194e0	1.715440892
cfd-ventilation	6	bo	122	1.541400193194e0	1.742855125
cfd-ventilation	6	bo	123	1.541400193194e0	1.765938356
cfd-ventilation	6	bo	124	1.541400193194e0	1.792789157
cfd-ventilation	6	bo	125	1.541400193194e0	1.818799747
cfd-ventilation	6	bo	126	1.541400193194e0	1.847075430
cfd-ventilation	6	bo	127	1.541400193194e0	1.876303255
cfd-ventilation	6	bo	128	1.541400193194e0	1.900948663
cfd-ventilation	6	bo	129	1.541400193194e0	1.933969537
cfd-ventilation	6	bo	130	1.541400193194e0	1.963445748
cfd-ventilation	6	bo	131	1.541400193194e0	1.994911386
cfd-ventilation	6	bo	132	1.541400193194e0	2.024222173
cfd-ventilation	6	bo	133	1.541400193194e0	2.053579532
cfd-ventilation	6	bo	134	1.541400193194e0	2.081627780
cfd-ventilation	6	bo	135	1.541400193194e0	2.110517307
cfd-ventilation	6	bo	136	1.541400193194e0	2.141056644
cfd-ventilation	6	bo	137	1.541400193194e0	2.173415203
cfd-ventilation	6	bo	138	1.541400193194e0	2.204918632
cfd-ventilation	6	bo	139	1.541400193194e0	2.238667023
cfd-ventilation	6	bo	140	1.541400193194e0	2.267663273
cfd-ventilation	6	bo	141	1.541400193194e0	2.300213526
cfd-ventilation	6	bo	142	1.541400193194e0	2.330641119
cfd-ventilation	6	bo	143	1.541400193194e0	2.363859728
cfd-ventilation	6	bo	144	1.541400193194e0	2.395973401
cfd-ventilation	6	bo	145	1.541400193194e0	2.428775600
cfd-ventilation	6	bo	146	1.541400193194e0	2.463543595
cfd-ventilation	6	bo	147	1.541400193194e0	2.498442063
cfd-ventilation	6	bo	148	1.541400193194e0	2.532916422
cfd-ventilation	6	bo	149	1.541400193194e0	2.566361197
cfd-ventilation	6	bo	150	1.541400193194e0	2.597458896
cfd-ventilation	6	bo	151	1.541400193194e0	2.632401125
cfd-ventilation	6	bo	152	1.541400193194e0	2.669221698
cfd-ventilation	6	bo	153	1.541400193194e0	2.706520584
cfd-ventilation	6	bo	154	1.541400193194e0	2.746802188
cfd-ventilation	6	bo	155	1.541400193194e0	2.785483745
cfd-ventilation	6	bo	156	1.541400193194e0	2.827048859
cfd-ventilation	6	bo	157	1.541400193194e0	2.866387791
cfd-ventilation	6	bo	158	1.541400193194e0	2.914646182
cfd-ventilation	6	bo	159	1.541400193194e0	2.948875884
cfd-ventilation	6	bo	160	1.541400193194e0	2.989983368
cfd-ventilation	7	de	1	1.093532812307e1	0.000028531
cfd-ventilation	7	de	2	4.605493355921e0	0.000030611
cfd-ventilation	7	de	3	1.663119605908e0	0.000031271
cfd-ventilation	7	de	4	1.663119605908e0	0.000032101
cfd-ventilation	7	de	5	1.663119605908e0	0.000032651
cfd-ventilation	7	de	6	1.663119605908e0	0.000034191
cfd-ventilation	7	de	7	1.663119605908e0	0.000035411
cfd-ventilation	7	de	8	1.663119605908e0	0.000037201
cfd-ventilation	7	de	9	1.663119605908e0	0.000037551
cfd-ventilation	7	de	10	1.663119605908e0	0.000038391
cfd-ventilation	7	de	11	1.663119605908e0	0.000039011
cfd-ventilation	7	de	12	1.663119605908e0	0.000039581
cfd-ventilation	7	de	13	1.663119605908e0	0.000039961
cfd-ventilation	7	de	14	1.663119605908e0	0.000040331
cfd-ventilation	7	de	15	1.663119605908e0	0.000040581
cfd-ventilation	7	de	16	1.663119605908e0	0.000041261
cfd-ventilation	7	de	17	1.663119605908e0	0.000051131
cfd-ventilation	7	de	18	1.663119605908e0	0.000052641
cfd-ventilation	7	de	19	1.657175376547e0	0.000053371
cfd-ventilation	7	de	20	1.655523150451e0	0.000053591
cfd-ventilation	7	de	21	1.655523150451e0	0.000053801
cfd-ventilation	7	de	22	1.655523150451e0	0.000054041
cfd-ventilation	7	de	23	1.655523150451e0	0.000054131
cfd-ventilation	7	de	24	1.655523150451e0	0.000054361
cfd-ventilation	7	de	25	1.655523150451e0	0.000054581
cfd-ventilation	7	de	26	1.655523150451e0	0.000054931
cfd-ventilation	7	de	27	1.655523150451e0	0.000055161
cfd-ventilation	7	de	28	1.655523150451e0	0.000055471
cfd-ventilation	7	de	29	1.655523150451e0	0.000055631
cfd-ventilation	7	de	30	1.655523150451e0	0.000055991
cfd-ventilation	7	de	31	1.655523150451e0	0.000056661
cfd-ventilation	7	de	32	1.655523150451e0	0.000057002
cfd-ventilation	7	de	33	1.655523150451e0	0.000069772
cfd-ventilation	7	de	34	1.655523150451e0	0.000071722
cfd-ventilation	7	de	35	1.650847688934e0	0.000072952
cfd-ventilation	7	de	36	1.650847688934e0	0.000073382
cfd-ventilation	7	de	37	1.650847688934e0	0.000073622
cfd-ventilation	7	de	38	1.650847688934e0	0.000074182
cfd-ventilation	7	de	39	1.650847688934e0	0.000074642
cfd-ventilation	7	de	40	1.650847688934e0	0.000074772
cfd-ventilation	7	de	41	1.650847688934e0	0.000074902
cfd-ventilation	7	de	42	1.650847688934e0	0.000075562
cfd-ventilation	7	de	43	1.650847688934e0	0.000075832
cfd-ventilation	7	de	44	1.646777359233e0	0.000076012
cfd-ventilation	7	de	45	1.646777359233e0	0.000076582
cfd-ventilation	7	de	46	1.646777359233e0	0.000076852
cfd-ventilation	7	de	47	1.646777359233e0	0.000077032
cfd-ventilation	7	de	48	1.646777359233e0	0.000077172
cfd-ventilation	7	de	49	1.646777359233e0	0.000086782
cfd-ventilation	7	de	50	1.646777359233e0	0.000087222
cfd-ventilation	7	de	51	1.646777359233e0	0.000087402
cfd-ventilation	7	de	52	1.646777359233e0	0.000087482
cfd-ventilation	7	de	53	1.646777359233e0	0.000087682
cfd-ventilation	7	de	54	1.646777359233e0	0.000088292
cfd-ventilation	7	de	55	1.646777359233e0	0.000088522
cfd-ventilation	7	de	56	1.646272950211e0	0.000088682
cfd-ventilation	7	de	57	1.646272950211e0	0.000088752
cfd-ventilation	7	de	58	1.646272950211e0	0.000089172
cfd-ventilation	7	de	59	1.646272950211e0	0.000089292
cfd-ventilation	7	de	60	1.646272950211e0	0.000089432
cfd-ventilation	7	de	61	1.646272950211e0	0.000089652
cfd-ventilation	7	de	62	1.646272950211e0	0.000090092
cfd-ventilation	7	de	63	1.646272950211e0	0.000090402
cfd-ventilation	7	de	64	1.646272950211e0	0.000090942
cfd-ventilation	7	de	65	1.646272950211e0	0.000098942
cfd-ventilation	7	de	66	1.646272950211e0	0.000099952
cfd-ventilation	7	de	67	1.646272950211e0	0.000100442
cfd-ventilation	7	de	68	1.646272950211e0	0.000100512
cfd-ventilation	7	de	69	1.646272950211e0	0.000100582
cfd-ventilation	7	de	70	1.646272950211e0	0.000100652
cfd-ventilation	7	de	71	1.644091377200e0	0.000100712
cfd-ventilation	7	de	72	1.644091377200e0	0.000100792
cfd-ventilation	7	de	73	1.644091377200e0	0.000100942
cfd-ventilation	7	de	74	1.644091377200e0	0.000101902
cfd-ventilation	7	de	75	1.644091377200e0	0.000102112
cfd-ventilation	7	de	76	1.644091377200e0	0.000102532
cfd-ventilation	7	de	77	1.644091377200e0	0.000103042
cfd-ventilation	7	de	78	1.644091377200e0	0.000103512
cfd-ventilation	7	de	79	1.644091377200e0	0.000103752
cfd-ventilation	7	de	80	1.644091377200e0	0.000103822
cfd-ventilation	7	de	81	1.643518533469e0	0.000114432
cfd-ventilation	7	de	82	1.643518533469e0	0.000114922
cfd-ventilation	7	de	83	1.643518533469e0	0.000114992
cfd-ventilation	7	de	84	1.643518533469e0	0.000115142
cfd-ventilation	7	de	85	1.639604106637e0	0.000115212
cfd-ventilation	7	de	86	1.639604106637e0	0.000115282
cfd-ventilation	7	de	87	1.639604106637e0	0.000115392
cfd-ventilation	7	de	88	1.639604106637e0	0.000115462
cfd-ventilation	7	de	89	1.639604106637e0	0.000115532
cfd-ventilation	7	de	90	1.639604106637e0	0.000115602
cfd-ventilation	7	de	91	1.639604106637e0	0.000115672
cfd-ventilation	7	de	92	1.639604106637e0	0.000115822
cfd-ventilation	7	de	93	1.639604106637e0	0.000116022
cfd-ventilation	7	de	94	1.639604106637e0	0.000116432
cfd-ventilation	7	de	95	1.639604106637e0	0.000116682
cfd-ventilation	7	de	96	1.639604106637e0	0.000116752
cfd-ventilation	7	de	97	1.639604106637e0	0.000126242
cfd-ventilation	7	de	98	1.639604106637e0	0.000126312
cfd-ventilation	7	de	99	1.639604106637e0	0.000126702
cfd-ventilation	7	de	100	1.639604106637e0	0.000126772
cfd-ventilation	7	de	101	1.639604106637e0	0.000126902
cfd-ventilation	7	de	102	1.639604106637e0	0.000127032
cfd-ventilation	7	de	103	1.639604106637e0	0.000127182
cfd-ventilation	7	de	104	1.639604106637e0	0.000127262
cfd-ventilation	7	de	105	1.639604106637e0	0.000127322
cfd-ventilation	7	de	106	1.639604106637e0	0.000127402
cfd-ventilation	7	de	107	1.639604106637e0	0.000127542
cfd-ventilation	7	de	108	1.639604106637e0	0.000127692
cfd-ventilation	7	de	109	1.639604106637e0	0.000127772
cfd-ventilation	7	de	110	1.639604106637e0	0.000127842
cfd-ventilation	7	de	111	1.639604106637e0	0.000127972
cfd-ventilation	7	de	112	1.639604106637e0	0.000128082
cfd-ventilation	7	de	113	1.635267515091e0	0.000137242
cfd-ventilation	7	de	114	1.635267515091e0	0.000137412
cfd-ventilation	7	de	115	1.635267515091e0	0.000137692
cfd-ventilation	7	de	116	1.635267515091e0	0.000137872
cfd-ventilation	7	de	117	1.635267515091e0	0.000138082
cfd-ventilation	7	de	118	1.635267515091e0	0.000138142
cfd-ventilation	7	de	119	1.635267515091e0	0.000138212
cfd-ventilation	7	de	120	1.635267515091e0	0.000138292
cfd-ventilation	7	de	121	1.635267515091e0	0.000138362
cfd-ventilation	7	de	122	1.635267515091e0	0.000138502
cfd-ventilation	7	de	123	1.635267515091e0	0.000138632
cfd-ventilation	7	de	124	1.635267515091e0	0.000138712
cfd-ventilation	7	de	125	1.635267515091e0	0.000138842
cfd-ventilation	7	de	126	1.635267515091e0	0.000138982
cfd-ventilation	7	de	127	1.635267515091e0	0.000139132
cfd-ventilation	7	de	128	1.635267515091e0	0.000139292
cfd-ventilation	7	de	129	1.635267515091e0	0.000148782
cfd-ventilation	7	de	130	1.635267515091e0	0.000150032
cfd-ventilation	7	de	131	1.635267515091e0	0.000150102
cfd-ventilation	7	de	132	1.635267515091e0	0.000150282
cfd-ventilation	7	de	133	1.635267515091e0	0.000150342
cfd-ventilation	7	de	134	1.635267515091e0	0.000150422
cfd-ventilation	7	de	135	1.635267515091e0	0.000150562
cfd-ventilation	7	de	136	1.635267515091e0	0.000150762
cfd-ventilation	7	de	137	1.635267515091e0	0.000150882
cfd-ventilation	7	de	138	1.635267515091e0	0.000150962
cfd-ventilation	7	de	139	1.630956633686e0	0.000151032
cfd-ventilation	7	de	140	1.630956633686e0	0.000151162
cfd-ventilation	7	de	141	1.630956633686e0	0.000151292
cfd-ventilation	7	de	142	1.630956633686e0	0.000151452
cfd-ventilation	7	de	143	1.630956633686e0	0.000151522
cfd-ventilation	7	de	144	1.630956633686e0	0.000151612
cfd-ventilation	7	de	145	1.630956633686e0	0.000162173
cfd-ventilation	7	de	146	1.630956633686e0	0.000162243
cfd-ventilation	7	de	147	1.630956633686e0	0.000162313
cfd-ventilation	7	de	148	1.630956633686e0	0.000162373
cfd-ventilation	7	de	149	1.630956633686e0	0.000162513
cfd-ventilation	7	de	150	1.630956633686e0	0.000162673
cfd-ventilation	7	de	151	1.630956633686e0	0.000162803
cfd-ventilation	7	de	152	1.630956633686e0	0.000162873
cfd-ventilation	7	de	153	1.630956633686e0	0.000162943
cfd-ventilation	7	de	154	1.630956633686e0	0.000163293
cfd-ventilation	7	de	155	1.630956633686e0	0.000163533
cfd-ventilation	7	de	156	1.630956633686e0	0.000163793
cfd-ventilation	7	de	157	1.630956633686e0	0.000164323
cfd-ventilation	7	de	158	1.630956633686e0	0.000164693
cfd-ventilation	7	de	159	1.630956633686e0	0.000164843
cfd-ventilation	7	de	160	1.630956633686e0	0.000165113
cfd-ventilation	7	bo	1	8.722585457749e0	0.022390474
cfd-ventilation	7	bo	2	4.483702755721e0	0.022390884
cfd-ventilation	7	bo	3	1.751085089459e0	0.022391574
cfd-ventilation	7	bo	4	1.675819278076e0	0.022392024
cfd-ventilation	7	bo	5	1.638052193979e0	0.022392584
cfd-ventilation	7	bo	6	1.638052193979e0	0.022394044
cfd-ventilation	7	bo	7	1.638052193979e0	0.022395104
cfd-ventilation	7	bo	8	1.638052193979e0	0.022396024
cfd-ventilation	7	bo	9	1.638052193979e0	0.022396764
cfd-ventilation	7	bo	10	1.638052193979e0	0.022397904
cfd-ventilation	7	bo	11	1.638052193979e0	0.022398964
cfd-ventilation	7	bo	12	1.638052193979e0	0.022399554
cfd-ventilation	7	bo	13	1.638052193979e0	0.022399804
cfd-ventilation	7	bo	14	1.638052193979e0	0.022399964
cfd-ventilation	7	bo	15	1.638052193979e0	0.022400144
cfd-ventilation	7	bo	16	1.638052193979e0	0.022400574
cfd-ventilation	7	bo	17	1.638052193979e0	0.033637807
cfd-ventilation	7	bo	18	1.638052193979e0	0.043150450
cfd-ventilation	7	bo	19	1.630014983652e0	0.053076093
cfd-ventilation	7	bo	20	1.630014983652e0	0.062245147
cfd-ventilation	7	bo	21	1.630014983652e0	0.072481266
cfd-ventilation	7	bo	22	1.630014983652e0	0.082211234
cfd-ventilation	7	bo	23	1.630014983652e0	0.092180997
cfd-ventilation	7	bo	24	1.630014983652e0	0.102213102
cfd-ventilation	7	bo	25	1.560959355009e0	0.112702017
cfd-ventilation	7	bo	26	1.560959355009e0	0.122495856
cfd-ventilation	7	bo	27	1.560959355009e0	0.133224367
cfd-ventilation	7	bo	28	1.560959355009e0	0.142981065
cfd-ventilation	7	bo	29	1.560959355009e0	0.152828836
cfd-ventilation	7	bo	30	1.560959355009e0	0.162689877
cfd-ventilation	7	bo	31	1.560959355009e0	0.173124461
cfd-ventilation	7	bo	32	1.560959355009e0	0.184200311
cfd-ventilation	7	bo	33	1.560959355009e0	0.194412410
cfd-ventilation	7	bo	34	1.560959355009e0	0.205202222
cfd-ventilation	7	bo	35	1.560959355009e0	0.215898352
cfd-ventilation	7	bo	36	1.560959355009e0	0.227379371
cfd-ventilation	7	bo	37	1.560959355009e0	0.237698883
cfd-ventilation	7	bo	38	1.560959355009e0	0.252140511
cfd-ventilation	7	bo	39	1.560959355009e0	0.263710512
cfd-ventilation	7	bo	40	1.560959355009e0	0.274825132
cfd-ventilation	7	bo	41	1.560959355009e0	0.286096376
cfd-ventilation	7	bo	42	1.560959355009e0	0.298503967
cfd-ventilation	7	bo	43	1.560959355009e0	0.310340735
cfd-ventilation	7	bo	44	1.560959355009e0	0.322520840
cfd-ventilation	7	bo	45	1.560959355009e0	0.335790290
cfd-ventilation	7	bo	46	1.560959355009e0	0.347327320
cfd-ventilation	7	bo	47	1.560959355009e0	0.359935626
cfd-ventilation	7	bo	48	1.560959355009e0	0.372194153
cfd-ventilation	7	bo	49	1.560959355009e0	0.384812368
cfd-ventilation	7	bo	50	1.560959355009e0	0.396589224
cfd-ventilation	7	bo	51	1.560959355009e0	0.408705088
cfd-ventilation	7	bo	52	1.560959355009e0	0.421706663
cfd-ventilation	7	bo	53	1.560959355009e0	0.434292237
cfd-ventilation	7	bo	54	1.560959355009e0	0.447160918
cfd-ventilation	7	bo	55	1.560959355009e0	0.460062320
cfd-ventilation	7	bo	56	1.560959355009e0	0.473298440
cfd-ventilation	7	bo	57	1.560959355009e0	0.486570801
cfd-ventilation	7	bo	58	1.560959355009e0	0.499153465
cfd-ventilation	7	bo	59	1.560959355009e0	0.512960948
cfd-ventilation	7	bo	60	1.560959355009e0	0.526622948
cfd-ventilation	7	bo	61	1.560959355009e0	0.539773635
cfd-ventilation	7	bo	62	1.560959355009e0	0.553343632
cfd-ventilation	7	bo	63	1.560959355009e0	0.566776297
cfd-ventilation	7	bo	64	1.560959355009e0	0.580267313
cfd-ventilation	7	bo	65	1.560959355009e0	0.594510586
cfd-ventilation	7	bo	66	1.560959355009e0	0.608527974
cfd-ventilation	7	bo	67	1.560959355009e0	0.622319337
cfd-ventilation	7	bo	68	1.560959355009e0	0.636343035
cfd-ventilation	7	bo	69	1.560959355009e0	0.651186552
cfd-ventilation	7	bo	70	1.560959355009e0	0.666236764
cfd-ventilation	7	bo	71	1.560959355009e0	0.680410756
cfd-ventilation	7	bo	72	1.560959355009e0	0.695825677
cfd-ventilation	7	bo	73	1.560959355009e0	0.711127625
cfd-ventilation	7	bo	74	1.560959355009e0	0.724519408
cfd-ventilation	7	bo	75	1.560959355009e0	0.739632631
cfd-ventilation	7	bo	76	1.560959355009e0	0.755064543
cfd-ventilation	7	bo	77	1.560959355009e0	0.773016833
cfd-ventilation	7	bo	78	1.560959355009e0	0.789344025
cfd-ventilation	7	bo	79	1.560959355009e0	0.806727302
cfd-ventilation	7	bo	80	1.560959355009e0	0.825003310
cfd-ventilation	7	bo	81	1.560959355009e0	0.842109610
cfd-ventilation	7	bo	82	1.560959355009e0	0.860070640
cfd-ventilation	7	bo	83	1.560959355009e0	0.877518358
cfd-ventilation	7	bo	84	1.560959355009e0	0.895223782
cfd-ventilation	7	bo	85	1.560959355009e0	0.912953337
cfd-ventilation	7	bo	86	1.560959355009e0	0.930942858
cfd-ventilation	7	bo	87	1.560959355009e0	0.948681093
cfd-ventilation	7	bo	88	1.560959355009e0	0.966646884
cfd-ventilation	7	bo	89	1.560959355009e0	0.986260783
cfd-ventilation	7	bo	90	1.560959355009e0	1.004645173
cfd-ventilation	7	bo	91	1.560959355009e0	1.025278886
cfd-ventilation	7	bo	92	1.560959355009e0	1.046526773
cfd-ventilation	7	bo	93	1.560959355009e0	1.066644644
cfd-ventilation	7	bo	94	1.560959355009e0	1.086473638
cfd-ventilation	7	bo	95	1.560959355009e0	1.108496163
cfd-ventilation	7	bo	96	1.560959355009e0	1.129445193
cfd-ventilation	7	bo	97	1.560959355009e0	1.151776336
cfd-ventilation	7	bo	98	1.560959355009e0	1.172882809
cfd-ventilation	7	bo	99	1.560959355009e0	1.194043494
cfd-ventilation	7	bo	100	1.560959355009e0	1.216186482
cfd-ventilation	7	bo	101	1.560959355009e0	1.237233024
cfd-ventilation	7	bo	102	1.560959355009e0	1.259139076
cfd-ventilation	7	bo	103	1.560959355009e0	1.281312955
cfd-ventilation	7	bo	104	1.560959355009e0	1.304383865
cfd-ventilation	7	bo	105	1.560959355009e0	1.327082906
cfd-ventilation	7	bo	106	1.560959355009e0	1.348669800
cfd-ventilation	7	bo	107	1.560959355009e0	1.372213390
cfd-ventilation	7	bo	108	1.560959355009e0	1.395050864
cfd-ventilation	7	bo	109	1.560959355009e0	1.417420037
cfd-ventilation	7	bo	110	1.560959355009e0	1.441747666
cfd-ventilation	7	bo	111	1.560959355009e0	1.463297159
cfd-ventilation	7	bo	112	1.560959355009e0	1.485258763
cfd-ventilation	7	bo	113	1.560959355009e0	1.509698854
cfd-ventilation	7	bo	114	1.560959355009e0	1.534864792
cfd-ventilation	7	bo	115	1.560959355009e0	1.558804672
cfd-ventilation	7	bo	116	1.560959355009e0	1.581954213
cfd-ventilation	7	bo	117	1.560959355009e0	1.606991669
cfd-ventilation	7	bo	118	1.560959355009e0	1.632607528
cfd-ventilation	7	bo	119	1.560959355009e0	1.660217524
cfd-ventilation	7	bo	120	1.560959355009e0	1.686476958
cfd-ventilation	7	bo	121	1.560959355009e0	1.712149238
cfd-ventilation	7	bo	122	1.560959355009e0	1.739018026
cfd-ventilation	7	bo	123	1.560959355009e0	1.766723844
cfd-ventilation	7	bo	124	1.560959355009e0	1.794235277
cfd-ventilation	7	bo	125	1.560959355009e0	1.819853596
cfd-ventilation	7	bo	126	1.560959355009e0	1.847105703
cfd-ventilation	7	bo	127	1.560959355009e0	1.874987504
cfd-ventilation	7	bo	128	1.560959355009e0	1.902288772
cfd-ventilation	7	bo	129	1.560959355009e0	1.932073628
cfd-ventilation	7	bo	130	1.560959355009e0	1.959751164
cfd-ventilation	7	bo	131	1.560959355009e0	1.991892605
cfd-ventilation	7	bo	132	1.560959355009e0	2.019454029
cfd-ventilation	7	bo	133	1.560959355009e0	2.050791421
cfd-ventilation	7	bo	134	1.560959355009e0	2.077979167
cfd-ventilation	7	bo	135	1.560959355009e0	2.107626980
cfd-ventilation	7	bo	136	1.560959355009e0	2.140949459
cfd-ventilation	7	bo	137	1.560959355009e0	2.170546411
cfd-ventilation	7	bo	138	1.560959355009e0	2.202329784
cfd-ventilation	7	bo	139	1.560959355009e0	2.232308745
cfd-ventilation	7	bo	140	1.560959355009e0	2.262204664
cfd-ventilation	7	bo	141	1.560959355009e0	2.296286300
cfd-ventilation	7	bo	142	1.560959355009e0	2.329073637
cfd-ventilation	7	bo	143	1.560959355009e0	2.358057245
cfd-ventilation	7	bo	144	1.560959355009e0	2.390164865
cfd-ventilation	7	bo	145	1.560959355009e0	2.421118139
cfd-ventilation	7	bo	146	1.560959355009e0	2.450841403
cfd-ventilation	7	bo	147	1.560959355009e0	2.481437348
cfd-ventilation	7	bo	148	1.560959355009e0	2.512110275
cfd-ventilation	7	bo	149	1.560959355009e0	2.546467938
cfd-ventilation	7	bo	150	1.560959355009e0	2.582877239
cfd-ventilation	7	bo	151	1.560959355009e0	2.617012087
cfd-ventilation	7	bo	152	1.560959355009e0	2.650734805
cfd-ventilation	7	bo	153	1.560959355009e0	2.688187530
cfd-ventilation	7	bo	154	1.560959355009e0	2.728454281
cfd-ventilation	7	bo	155	1.560959355009e0	2.769801018
cfd-ventilation	7	bo	156	1.560959355009e0	2.810014188
cfd-ventilation	7	bo	157	1.560959355009e0	2.843799098
cfd-ventilation	7	bo	158	1.560959355009e0	2.879709967
cfd-ventilation	7	bo	159	1.560959355009e0	2.915718769
cfd-ventilation	7	bo	160	1.560959355009e0	2.958909478
cfd-ventilation	8	de	1	1.366546112291e1	0.000012731
cfd-ventilation	8	de	2	1.032563094725e1	0.000013381
cfd-ventilation	8	de	3	1.032563094725e1	0.000013921
cfd-ventilation	8	de	4	1.010062013491e1	0.000014591
cfd-ventilation	8	de	5	1.010062013491e1	0.000014871
cfd-ventilation	8	de	6	1.010062013491e1	0.000016301
cfd-ventilation	8	de	7	8.882386312261e0	0.000016471
cfd-ventilation	8	de	8	8.882386312261e0	0.000016541
cfd-ventilation	8	de	9	8.882386312261e0	0.000016621
cfd-ventilation	8	de	10	4.917554861253e0	0.000017211
cfd-ventilation	8	de	11	4.917554861253e0	0.000017381
cfd-ventilation	8	de	12	4.917554861253e0	0.000017521
cfd-ventilation	8	de	13	4.917554861253e0	0.000017611
cfd-ventilation	8	de	14	4.917554861253e0	0.000017691
cfd-ventilation	8	de	15	4.917554861253e0	0.000017771
cfd-ventilation	8	de	16	4.917554861253e0	0.000017841
cfd-ventilation	8	de	17	4.917554861253e0	0.000025822
cfd-ventilation	8	de	18	1.860151161173e0	0.000026382
cfd-ventilation	8	de	19	1.860151161173e0	0.000026502
cfd-ventilation	8	de	20	1.860151161173e0	0.000026592
cfd-ventilation	8	de	21	1.860151161173e0	0.000026682
cfd-ventilation	8	de	22	1.860151161173e0	0.000026752
cfd-ventilation	8	de	23	1.860151161173e0	0.000026822
cfd-ventilation	8	de	24	1.860151161173e0	0.000026902
cfd-ventilation	8	de	25	1.860151161173e0	0.000027042
cfd-ventilation	8	de	26	1.860151161173e0	0.000027202
cfd-ventilation	8	de	27	1.860151161173e0	0.000027292
cfd-ventilation	8	de	28	1.860151161173e0	0.000027372
cfd-ventilation	8	de	29	1.860151161173e0	0.000027732
cfd-ventilation	8	de	30	1.860151161173e0	0.000027802
cfd-ventilation	8	de	31	1.860151161173e0	0.000027902
cfd-ventilation	8	de	32	1.860151161173e0	0.000027982
cfd-ventilation	8	de	33	1.860151161173e0	0.000037902
cfd-ventilation	8	de	34	1.860151161173e0	0.000038512
cfd-ventilation	8	de	35	1.860151161173e0	0.000038592
cfd-ventilation	8	de	36	1.669454538591e0	0.000038732
cfd-ventilation	8	de	37	1.669454538591e0	0.000038842
cfd-ventilation	8	de	38	1.669454538591e0	0.000038982
cfd-ventilation	8	de	39	1.669454538591e0	0.000039122
cfd-ventilation	8	de	40	1.669454538591e0	0.000039242
cfd-ventilation	8	de	41	1.648080641703e0	0.000039312
cfd-ventilation	8	de	42	1.648080641703e0	0.000039502
cfd-ventilation	8	de	43	1.648080641703e0	0.000039662
cfd-ventilation	8	de	44	1.648080641703e0	0.000039742
cfd-ventilation	8	de	45	1.648080641703e0	0.000039812
cfd-ventilation	8	de	46	1.648080641703e0	0.000039892
cfd-ventilation	8	de	47	1.648080641703e0	0.000039962
cfd-ventilation	8	de	48	1.648080641703e0	0.000040042
cfd-ventilation	8	de	49	1.648080641703e0	0.000048282
cfd-ventilation	8	de	50	1.648080641703e0	0.000048352
cfd-ventilation	8	de	51	1.648080641703e0	0.000048422
cfd-ventilation	8	de	52	1.648080641703e0	0.000048692
cfd-ventilation	8	de	53	1.648080641703e0	0.000048962
cfd-ventilation	8	de	54	1.648080641703e0	0.000049132
cfd-ventilation	8	de	55	1.648080641703e0	0.000049192
cfd-ventilation	8	de	56	1.643997642868e0	0.000049272
cfd-ventilation	8	de	57	1.643997642868e0	0.000049342
cfd-ventilation	8	de	58	1.643997642868e0	0.000049412
cfd-ventilation	8	de	59	1.643997642868e0	0.000049482
cfd-ventilation	8	de	60	1.643997642868e0	0.000049552
cfd-ventilation	8	de	61	1.643997642868e0	0.000049622
cfd-ventilation	8	de	62	1.643997642868e0	0.000049692
cfd-ventilation	8	de	63	1.643997642868e0	0.000049762
cfd-ventilation	8	de	64	1.643997642868e0	0.000049832
cfd-ventilation	8	de	65	1.643997642868e0	0.000056842
cfd-ventilation	8	de	66	1.643997642868e0	0.000057792
cfd-ventilation	8	de	67	1.643997642868e0	0.000058712
cfd-ventilation	8	de	68	1.643997642868e0	0.000058782
cfd-ventilation	8	de	69	1.643997642868e0	0.000058852
cfd-ventilation	8	de	70	1.640807475339e0	0.000058922
cfd-ventilation	8	de	71	1.640807475339e0	0.000058992
cfd-ventilation	8	de	72	1.640807475339e0	0.000059062
cfd-ventilation	8	de	73	1.640792433889e0	0.000059132
cfd-ventilation	8	de	74	1.640792433889e0	0.000059202
cfd-ventilation	8	de	75	1.640792433889e0	0.000059272
cfd-ventilation	8	de	76	1.640792433889e0	0.000059342
cfd-ventilation	8	de	77	1.640792433889e0	0.000059492
cfd-ventilation	8	de	78	1.640792433889e0	0.000059562
cfd-ventilation	8	de	79	1.640792433889e0	0.000059642
cfd-ventilation	8	de	80	1.640792433889e0	0.000059712
cfd-ventilation	8	de	81	1.640792433889e0	0.000066422
cfd-ventilation	8	de	82	1.640792433889e0	0.000066492
cfd-ventilation	8	de	83	1.640792433889e0	0.000066562
cfd-ventilation	8	de	84	1.640792433889e0	0.000066632
cfd-ventilation	8	de	85	1.640792433889e0	0.000067112
cfd-ventilation	8	de	86	1.640792433889e0	0.000067182
cfd-ventilation	8	de	87	1.640792433889e0	0.000067262
cfd-ventilation	8	de	88	1.640792433889e0	0.000067332
cfd-ventilation	8	de	89	1.640792433889e0	0.000067402
cfd-ventilation	8	de	90	1.640792433889e0	0.000067472
cfd-ventilation	8	de	91	1.640792433889e0	0.000067542
cfd-ventilation	8	de	92	1.640792433889e0	0.000067612
cfd-ventilation	8	de	93	1.640792433889e0	0.000067682
cfd-ventilation	8	de	94	1.638954545598e0	0.000067752
cfd-ventilation	8	de	95	1.638954545598e0	0.000068062
cfd-ventilation	8	de	96	1.638728811978e0	0.000068692
cfd-ventilation	8	de	97	1.638728811978e0	0.000077992
cfd-ventilation	8	de	98	1.638728811978e0	0.000078202
cfd-ventilation	8	de	99	1.638728811978e0	0.000078332
cfd-ventilation	8	de	100	1.635090070852e0	0.000078522
cfd-ventilation	8	de	101	1.635090070852e0	0.000079132
cfd-ventilation	8	de	102	1.635090070852e0	0.000080052
cfd-ventilation	8	de	103	1.635090070852e0	0.000080812
cfd-ventilation	8	de	104	1.635090070852e0	0.000082262
cfd-ventilation	8	de	105	1.635090070852e0	0.000083162
cfd-ventilation	8	de	106	1.635090070852e0	0.000083802
cfd-ventilation	8	de	107	1.635090070852e0	0.000083872
cfd-ventilation	8	de	108	1.635090070852e0	0.000083942
cfd-ventilation	8	de	109	1.635090070852e0	0.000084132
cfd-ventilation	8	de	110	1.635090070852e0	0.000084412
cfd-ventilation	8	de	111	1.635090070852e0	0.000085062
cfd-ventilation	8	de	112	1.635090070852e0	0.000085202
cfd-ventilation	8	de	113	1.635090070852e0	0.000093133
cfd-ventilation	8	de	114	1.635090070852e0	0.000093363
cfd-ventilation	8	de	115	1.635090070852e0	0.000093483
cfd-ventilation	8	de	116	1.635090070852e0	0.000093553
cfd-ventilation	8	de	117	1.635090070852e0	0.000093623
cfd-ventilation	8	de	118	1.635090070852e0	0.000093703
cfd-ventilation	8	de	119	1.635090070852e0	0.000093773
cfd-ventilation	8	de	120	1.635090070852e0	0.000093963
cfd-ventilation	8	de	121	1.635090070852e0	0.000094043
cfd-ventilation	8	de	122	1.635090070852e0	0.000094113
cfd-ventilation	8	de	123	1.635090070852e0	0.000094183
cfd-ventilation	8	de	124	1.635090070852e0	0.000094253
cfd-ventilation	8	de	125	1.635090070852e0	0.000094323
cfd-ventilation	8	de	126	1.635090070852e0	0.000094393
cfd-ventilation	8	de	127	1.635090070852e0	0.000094463
cfd-ventilation	8	de	128	1.635090070852e0	0.000094533
cfd-ventilation	8	de	129	1.635090070852e0	0.000103443
cfd-ventilation	8	de	130	1.635090070852e0	0.000104873
cfd-ventilation	8	de	131	1.635090070852e0	0.000104953
cfd-ventilation	8	de	132	1.634176913916e0	0.000105023
cfd-ventilation	8	de	133	1.634176913916e0	0.000105093
cfd-ventilation	8	de	134	1.634176913916e0	0.000105163
cfd-ventilation	8	de	135	1.634176913916e0	0.000105233
cfd-ventilation	8	de	136	1.634176913916e0	0.000105333
cfd-ventilation	8	de	137	1.634176913916e0	0.000105443
cfd-ventilation	8	de	138	1.634176913916e0	0.000105533
cfd-ventilation	8	de	139	1.634176913916e0	0.000105603
cfd-ventilation	8	de	140	1.634176913916e0	0.000105713
cfd-ventilation	8	de	141	1.634176913916e0	0.000106153
cfd-ventilation	8	de	142	1.634176913916e0	0.000106693
cfd-ventilation	8	de	143	1.634176913916e0	0.000107443
cfd-ventilation	8	de	144	1.634176913916e0	0.000108383
cfd-ventilation	8	de	145	1.634176913916e0	0.000119413
cfd-ventilation	8	de	146	1.634176913916e0	0.000120003
cfd-ventilation	8	de	147	1.634176913916e0	0.000120073
cfd-ventilation	8	de	148	1.634176913916e0	0.000120203
cfd-ventilation	8	de	149	1.634176913916e0	0.000120333
cfd-ventilation	8	de	150	1.634176913916e0	0.000120443
cfd-ventilation	8	de	151	1.634176913916e0	0.000120513
cfd-ventilation	8	de	152	1.634176913916e0	0.000120583
cfd-ventilation	8	de	153	1.634176913916e0	0.000120683
cfd-ventilation	8	de	154	1.634176913916e0	0.000120753
cfd-ventilation	8	de	155	1.634176913916e0	0.000120953
cfd-ventilation	8	de	156	1.634176913916e0	0.000121203
cfd-ventilation	8	de	157	1.634176913916e0	0.000121323
cfd-ventilation	8	de	158	1.634176913916e0	0.000121533
cfd-ventilation	8	de	159	1.634176913916e0	0.000121603
cfd-ventilation	8	de	160	1.634176913916e0	0.000121673
cfd-ventilation	8	bo	1	1.640995544995e0	0.022267600
cfd-ventilation	8	bo	2	1.640995544995e0	0.022268150
cfd-ventilation	8	bo	3	1.640995544995e0	0.022268250
cfd-ventilation	8	bo	4	1.640995544995e0	0.022268330
cfd-ventilation	8	bo	5	1.640995544995e0	0.022269040
cfd-ventilation	8	bo	6	1.640995544995e0	0.022269860
cfd-ventilation	8	bo	7	1.640995544995e0	0.022270140
cfd-ventilation	8	bo	8	1.640995544995e0	0.022270330
cfd-ventilation	8	bo	9	1.640995544995e0	0.022270420
cfd-ventilation	8	bo	10	1.640995544995e0	0.022270740
cfd-ventilation	8	bo	11	1.640995544995e0	0.022271130
cfd-ventilation	8	bo	12	1.640995544995e0	0.022272110
cfd-ventilation	8	bo	13	1.640995544995e0	0.022272700
cfd-ventilation	8	bo	14	1.640995544995e0	0.022273970
cfd-ventilation	8	bo	15	1.640995544995e0	0.022275120
cfd-ventilation	8	bo	16	1.640995544995e0	0.022276820
cfd-ventilation	8	bo	17	1.635476659252e0	0.033146594
cfd-ventilation	8	bo	18	1.635476659252e0	0.044668333
cfd-ventilation	8	bo	19	1.635476659252e0	0.054975754
cfd-ventilation	8	bo	20	1.635476659252e0	0.064852374
cfd-ventilation	8	bo	21	1.635476659252e0	0.075449991
cfd-ventilation	8	bo	22	1.635476659252e0	0.085506845
cfd-ventilation	8	bo	23	1.635476659252e0	0.096108242
cfd-ventilation	8	bo	24	1.635476659252e0	0.106896613
cfd-ventilation	8	bo	25	1.635476659252e0	0.117533562
cfd-ventilation	8	bo	26	1.635476659252e0	0.129688706
cfd-ventilation	8	bo	27	1.635476659252e0	0.140931908
cfd-ventilation	8	bo	28	1.635476659252e0	0.153119942
cfd-ventilation	8	bo	29	1.635476659252e0	0.165026970
cfd-ventilation	8	bo	30	1.635476659252e0	0.175289310
cfd-ventilation	8	bo	31	1.635476659252e0	0.185672592
cfd-ventilation	8	bo	32	1.635476659252e0	0.196232179
cfd-ventilation	8	bo	33	1.635476659252e0	0.206897928
cfd-ventilation	8	bo	34	1.635476659252e0	0.217781832
cfd-ventilation	8	bo	35	1.633427422885e0	0.228815821
cfd-ventilation	8	bo	36	1.633427422885e0	0.240260608
cfd-ventilation	8	bo	37	1.633427422885e0	0.252476853
cfd-ventilation	8	bo	38	1.633427422885e0	0.263983641
cfd-ventilation	8	bo	39	1.633427422885e0	0.274776293
cfd-ventilation	8	bo	40	1.633427422885e0	0.285956904
cfd-ventilation	8	bo	41	1.633427422885e0	0.297744389
cfd-ventilation	8	bo	42	1.633427422885e0	0.310920306
cfd-ventilation	8	bo	43	1.633427422885e0	0.322179179
cfd-ventilation	8	bo	44	1.633427422885e0	0.333830501
cfd-ventilation	8	bo	45	1.633427422885e0	0.346365993
cfd-ventilation	8	bo	46	1.633427422885e0	0.357966563
cfd-ventilation	8	bo	47	1.633427422885e0	0.370486536
cfd-ventilation	8	bo	48	1.633427422885e0	0.382719791
cfd-ventilation	8	bo	49	1.633427422885e0	0.395067589
cfd-ventilation	8	bo	50	1.632793016048e0	0.407413327
cfd-ventilation	8	bo	51	1.632793016048e0	0.420719567
cfd-ventilation	8	bo	52	1.632407330309e0	0.433576927
cfd-ventilation	8	bo	53	1.632407330309e0	0.448820902
cfd-ventilation	8	bo	54	1.632407330309e0	0.462577803
cfd-ventilation	8	bo	55	1.632407330309e0	0.475717590
cfd-ventilation	8	bo	56	1.632407330309e0	0.489265566
cfd-ventilation	8	bo	57	1.632407330309e0	0.502106366
cfd-ventilation	8	bo	58	1.632407330309e0	0.516327738
cfd-ventilation	8	bo	59	1.632407330309e0	0.529335801
cfd-ventilation	8	bo	60	1.632407330309e0	0.543510852
cfd-ventilation	8	bo	61	1.632407330309e0	0.556943605
cfd-ventilation	8	bo	62	1.632407330309e0	0.570325547
cfd-ventilation	8	bo	63	1.619347345376e0	0.584692582
cfd-ventilation	8	bo	64	1.619347345376e0	0.599160090
cfd-ventilation	8	bo	65	1.619347345376e0	0.613691279
cfd-ventilation	8	bo	66	1.619347345376e0	0.627321337
cfd-ventilation	8	bo	67	1.619347345376e0	0.641770944
cfd-ventilation	8	bo	68	1.619347345376e0	0.655232598
cfd-ventilation	8	bo	69	1.619347345376e0	0.670375431
cfd-ventilation	8	bo	70	1.619347345376e0	0.686404405
cfd-ventilation	8	bo	71	1.619347345376e0	0.701538558
cfd-ventilation	8	bo	72	1.619347345376e0	0.716170540
cfd-ventilation	8	bo	73	1.619347345376e0	0.732359747
cfd-ventilation	8	bo	74	1.619347345376e0	0.747369827
cfd-ventilation	8	bo	75	1.619347345376e0	0.762037319
cfd-ventilation	8	bo	76	1.619347345376e0	0.778518923
cfd-ventilation	8	bo	77	1.619347345376e0	0.794096766
cfd-ventilation	8	bo	78	1.619347345376e0	0.809616248
cfd-ventilation	8	bo	79	1.619347345376e0	0.825928118
cfd-ventilation	8	bo	80	1.619347345376e0	0.842943784
cfd-ventilation	8	bo	81	1.619347345376e0	0.859600262
cfd-ventilation	8	bo	82	1.619347345376e0	0.877274744
cfd-ventilation	8	bo	83	1.619347345376e0	0.894172028
cfd-ventilation	8	bo	84	1.619347345376e0	0.911436861
cfd-ventilation	8	bo	85	1.619347345376e0	0.930651159
cfd-ventilation	8	bo	86	1.619347345376e0	0.949508099
cfd-ventilation	8	bo	87	1.619347345376e0	0.968421580
cfd-ventilation	8	bo	88	1.619347345376e0	0.987512985
cfd-ventilation	8	bo	89	1.619347345376e0	1.005144276
cfd-ventilation	8	bo	90	1.619347345376e0	1.024719693
cfd-ventilation	8	bo	91	1.619347345376e0	1.043734126
cfd-ventilation	8	bo	92	1.619347345376e0	1.061208904
cfd-ventilation	8	bo	93	1.619347345376e0	1.082137262
cfd-ventilation	8	bo	94	1.619347345376e0	1.102550768
cfd-ventilation	8	bo	95	1.619347345376e0	1.122008901
cfd-ventilation	8	bo	96	1.619347345376e0	1.142802386
cfd-ventilation	8	bo	97	1.619347345376e0	1.162339071
cfd-ventilation	8	bo	98	1.619347345376e0	1.184507958
cfd-ventilation	8	bo	99	1.619347345376e0	1.205446936
cfd-ventilation	8	bo	100	1.619347345376e0	1.224934401
cfd-ventilation	8	bo	101	1.619347345376e0	1.247169810
cfd-ventilation	8	bo	102	1.619347345376e0	1.267921354
cfd-ventilation	8	bo	103	1.619347345376e0	1.288114965
cfd-ventilation	8	bo	104	1.619347345376e0	1.310243751
cfd-ventilation	8	bo	105	1.619347345376e0	1.331262531
cfd-ventilation	8	bo	106	1.619347345376e0	1.353749695
cfd-ventilation	8	bo	107	1.619347345376e0	1.376585867
cfd-ventilation	8	bo	108	1.619347345376e0	1.400294170
cfd-ventilation	8	bo	109	1.619347345376e0	1.424389662
cfd-ventilation	8	bo	110	1.619347345376e0	1.445907113
cfd-ventilation	8	bo	111	1.619347345376e0	1.470052985
cfd-ventilation	8	bo	112	1.619347345376e0	1.495191351
cfd-ventilation	8	bo	113	1.619347345376e0	1.520380038
cfd-ventilation	8	bo	114	1.619347345376e0	1.544872488
cfd-ventilation	8	bo	115	1.619347345376e0	1.570201039
cfd-ventilation	8	bo	116	1.619347345376e0	1.597503105
cfd-ventilation	8	bo	117	1.619347345376e0	1.622584429
cfd-ventilation	8	bo	118	1.619347345376e0	1.648662496
cfd-ventilation	8	bo	119	1.619347345376e0	1.674117819
cfd-ventilation	8	bo	120	1.619347345376e0	1.703513875
cfd-ventilation	8	bo	121	1.619347345376e0	1.730271578
cfd-ventilation	8	bo	122	1.619347345376e0	1.757762368
cfd-ventilation	8	bo	123	1.619347345376e0	1.785503545
cfd-ventilation	8	bo	124	1.619347345376e0	1.815596126
cfd-ventilation	8	bo	125	1.619347345376e0	1.843911486
cfd-ventilation	8	bo	126	1.619347345376e0	1.872217156
cfd-ventilation	8	bo	127	1.619347345376e0	1.900324051
cfd-ventilation	8	bo	128	1.619347345376e0	1.930846422
cfd-ventilation	8	bo	129	1.619347345376e0	1.964602579
cfd-ventilation	8	bo	130	1.619347345376e0	1.997491295
cfd-ventilation	8	bo	131	1.619347345376e0	2.027389951
cfd-ventilation	8	bo	132	1.619347345376e0	2.058222220
cfd-ventilation	8	bo	133	1.619347345376e0	2.089676313
cfd-ventilation	8	bo	134	1.619347345376e0	2.121306070
cfd-ventilation	8	bo	135	1.619347345376e0	2.158353413
cfd-ventilation	8	bo	136	1.619347345376e0	2.192470218
cfd-ventilation	8	bo	137	1.619347345376e0	2.227261598
cfd-ventilation	8	bo	138	1.619347345376e0	2.257139674
cfd-ventilation	8	bo	139	1.619347345376e0	2.287536693
cfd-ventilation	8	bo	140	1.619347345376e0	2.323335277
cfd-ventilation	8	bo	141	1.619347345376e0	2.359147971
cfd-ventilation	8	bo	142	1.619347345376e0	2.396251505
cfd-ventilation	8	bo	143	1.619347345376e0	2.432765316
cfd-ventilation	8	bo	144	1.619347345376e0	2.471781395
cfd-ventilation	8	bo	145	1.619347345376e0	2.514398408
cfd-ventilation	8	bo	146	1.619347345376e0	2.553113490
cfd-ventilation	8	bo	147	1.619347345376e0	2.592573819
cfd-ventilation	8	bo	148	1.619347345376e0	2.630657006
cfd-ventilation	8	bo	149	1.619347345376e0	2.667538925
cfd-ventilation	8	bo	150	1.619347345376e0	2.706221916
cfd-ventilation	8	bo	151	1.619347345376e0	2.745010009
cfd-ventilation	8	bo	152	1.514811677034e0	2.782107873
cfd-ventilation	8	bo	153	1.514811677034e0	2.821823418
cfd-ventilation	8	bo	154	1.514811677034e0	2.862016643
cfd-ventilation	8	bo	155	1.514811677034e0	2.908374202
cfd-ventilation	8	bo	156	1.514811677034e0	2.956981124
cfd-ventilation	8	bo	157	1.514811677034e0	2.998379329
cfd-ventilation	8	bo	158	1.514811677034e0	3.039244381
cfd-ventilation	8	bo	159	1.514811677034e0	3.082054168
cfd-ventilation	8	bo	160	1.514811677034e0	3.125323075
cfd-ventilation	9	de	1	6.209686780337e0	0.000012601
cfd-ventilation	9	de	2	1.661797548564e0	0.000013031
cfd-ventilation	9	de	3	1.650932744713e0	0.000013261
cfd-ventilation	9	de	4	1.650932744713e0	0.000013751
cfd-ventilation	9	de	5	1.650932744713e0	0.000014211
cfd-ventilation	9	de	6	1.650932744713e0	0.000016131
cfd-ventilation	9	de	7	1.650932744713e0	0.000016811
cfd-ventilation	9	de	8	1.650932744713e0	0.000017751
cfd-ventilation	9	de	9	1.650932744713e0	0.000018241
cfd-ventilation	9	de	10	1.650932744713e0	0.000019181
cfd-ventilation	9	de	11	1.650932744713e0	0.000019241
cfd-ventilation	9	de	12	1.650932744713e0	0.000019471
cfd-ventilation	9	de	13	1.650932744713e0	0.000019681
cfd-ventilation	9	de	14	1.650932744713e0	0.000019891
cfd-ventilation	9	de	15	1.650932744713e0	0.000020111
cfd-ventilation	9	de	16	1.650932744713e0	0.000020181
cfd-ventilation	9	de	17	1.650932744713e0	0.000028661
cfd-ventilation	9	de	18	1.650932744713e0	0.000028961
cfd-ventilation	9	de	19	1.650932744713e0	0.000029111
cfd-ventilation	9	de	20	1.650932744713e0	0.000029231
cfd-ventilation	9	de	21	1.650932744713e0	0.000029301
cfd-ventilation	9	de	22	1.650932744713e0	0.000029371
cfd-ventilation	9	de	23	1.650932744713e0	0.000029441
cfd-ventilation	9	de	24	1.650932744713e0	0.000029511
cfd-ventilation	9	de	25	1.650932744713e0	0.000029581
cfd-ventilation	9	de	26	1.650932744713e0	0.000029651
cfd-ventilation	9	de	27	1.650932744713e0	0.000029721
cfd-ventilation	9	de	28	1.650932744713e0	0.000029791
cfd-ventilation	9	de	29	1.650932744713e0	0.000029861
cfd-ventilation	9	de	30	1.650932744713e0	0.000029931
cfd-ventilation	9	de	31	1.650932744713e0	0.000029991
cfd-ventilation	9	de	32	1.650932744713e0	0.000030101
cfd-ventilation	9	de	33	1.650932744713e0	0.000038501
cfd-ventilation	9	de	34	1.650932744713e0	0.000038901
cfd-ventilation	9	de	35	1.650932744713e0	0.000038971
cfd-ventilation	9	de	36	1.648090178325e0	0.000039041
cfd-ventilation	9	de	37	1.648090178325e0	0.000039111
cfd-ventilation	9	de	38	1.646423793017e0	0.000039181
cfd-ventilation	9	de	39	1.646423793017e0	0.000039251
cfd-ventilation	9	de	40	1.646423793017e0	0.000039321
cfd-ventilation	9	de	41	1.646423793017e0	0.000039771
cfd-ventilation	9	de	42	1.646423793017e0	0.000040281
cfd-ventilation	9	de	43	1.646423793017e0	0.000040561
cfd-ventilation	9	de	44	1.646423793017e0	0.000040901
cfd-ventilation	9	de	45	1.644401763286e0	0.000041431
cfd-ventilation	9	de	46	1.644401763286e0	0.000041681
cfd-ventilation	9	de	47	1.644401763286e0	0.000041911
cfd-ventilation	9	de	48	1.644401763286e0	0.000042201
cfd-ventilation	9	de	49	1.642943324747e0	0.000050671
cfd-ventilation	9	de	50	1.642943324747e0	0.000050851
cfd-ventilation	9	de	51	1.642943324747e0	0.000051141
cfd-ventilation	9	de	52	1.642943324747e0	0.000051211
cfd-ventilation	9	de	53	1.642943324747e0	0.000051381
cfd-ventilation	9	de	54	1.642943324747e0	0.000051501
cfd-ventilation	9	de	55	1.642943324747e0	0.000051661
cfd-ventilation	9	de	56	1.642943324747e0	0.000052001
cfd-ventilation	9	de	57	1.642943324747e0	0.000052071
cfd-ventilation	9	de	58	1.642943324747e0	0.000052221
cfd-ventilation	9	de	59	1.642943324747e0	0.000052371
cfd-ventilation	9	de	60	1.642943324747e0	0.000052511
cfd-ventilation	9	de	61	1.642943324747e0	0.000052712
cfd-ventilation	9	de	62	1.642943324747e0	0.000052852
cfd-ventilation	9	de	63	1.642943324747e0	0.000053342
cfd-ventilation	9	de	64	1.642943324747e0	0.000053522
cfd-ventilation	9	de	65	1.642886563267e0	0.000062533
cfd-ventilation	9	de	66	1.642886563267e0	0.000063423
cfd-ventilation	9	de	67	1.642886563267e0	0.000063673
cfd-ventilation	9	de	68	1.642886563267e0	0.000063853
cfd-ventilation	9	de	69	1.642678653869e0	0.000063923
cfd-ventilation	9	de	70	1.642678653869e0	0.000064313
cfd-ventilation	9	de	71	1.642678653869e0	0.000064533
cfd-ventilation	9	de	72	1.640031686032e0	0.000064673
cfd-ventilation	9	de	73	1.640031686032e0	0.000064743
cfd-ventilation	9	de	74	1.640031686032e0	0.000065053
cfd-ventilation	9	de	75	1.640031686032e0	0.000065363
cfd-ventilation	9	de	76	1.640031686032e0	0.000065513
cfd-ventilation	9	de	77	1.640031686032e0	0.000065603
cfd-ventilation	9	de	78	1.640031686032e0	0.000065913
cfd-ventilation	9	de	79	1.640031686032e0	0.000066183
cfd-ventilation	9	de	80	1.640031686032e0	0.000066263
cfd-ventilation	9	de	81	1.640031686032e0	0.000074363
cfd-ventilation	9	de	82	1.640031686032e0	0.000074533
cfd-ventilation	9	de	83	1.640021625914e0	0.000074623
cfd-ventilation	9	de	84	1.637857617626e0	0.000074773
cfd-ventilation	9	de	85	1.637857617626e0	0.000074923
cfd-ventilation	9	de	86	1.637857617626e0	0.000075123
cfd-ventilation	9	de	87	1.628321977903e0	0.000075423
cfd-ventilation	9	de	88	1.628321977903e0	0.000075503
cfd-ventilation	9	de	89	1.628321977903e0	0.000075673
cfd-ventilation	9	de	90	1.628321977903e0	0.000075823
cfd-ventilation	9	de	91	1.628321977903e0	0.000075993
cfd-ventilation	9	de	92	1.628321977903e0	0.000076163
cfd-ventilation	9	de	93	1.628321977903e0	0.000076243
cfd-ventilation	9	de	94	1.628321977903e0	0.000076313
cfd-ventilation	9	de	95	1.628321977903e0	0.000076443
cfd-ventilation	9	de	96	1.628321977903e0	0.000076603
cfd-ventilation	9	de	97	1.628321977903e0	0.000088453
cfd-ventilation	9	de	98	1.628321977903e0	0.000088623
cfd-ventilation	9	de	99	1.628321977903e0	0.000088793
cfd-ventilation	9	de	100	1.628321977903e0	0.000088923
cfd-ventilation	9	de	101	1.628321977903e0	0.000089073
cfd-ventilation	9	de	102	1.628321977903e0	0.000089243
cfd-ventilation	9	de	103	1.628321977903e0	0.000089323
cfd-ventilation	9	de	104	1.628321977903e0	0.000089403
cfd-ventilation	9	de	105	1.628321977903e0	0.000089563
cfd-ventilation	9	de	106	1.614132618561e0	0.000089643
cfd-ventilation	9	de	107	1.614132618561e0	0.000089713
cfd-ventilation	9	de	108	1.614132618561e0	0.000089793
cfd-ventilation	9	de	109	1.614132618561e0	0.000090363
cfd-ventilation	9	de	110	1.614132618561e0	0.000090573
cfd-ventilation	9	de	111	1.614132618561e0	0.000090663
cfd-ventilation	9	de	112	1.614132618561e0	0.000090753
cfd-ventilation	9	de	113	1.614132618561e0	0.000099533
cfd-ventilation	9	de	114	1.614132618561e0	0.000099844
cfd-ventilation	9	de	115	1.614132618561e0	0.000100234
cfd-ventilation	9	de	116	1.614132618561e0	0.000100544
cfd-ventilation	9	de	117	1.614132618561e0	0.000100834
cfd-ventilation	9	de	118	1.614132618561e0	0.000101164
cfd-ventilation	9	de	119	1.614132618561e0	0.000101304
cfd-ventilation	9	de	120	1.614132618561e0	0.000102314
cfd-ventilation	9	de	121	1.614132618561e0	0.000102594
cfd-ventilation	9	de	122	1.614132618561e0	0.000103064
cfd-ventilation	9	de	123	1.614132618561e0	0.000103214
cfd-ventilation	9	de	124	1.614132618561e0	0.000103584
cfd-ventilation	9	de	125	1.547169332010e0	0.000103914
cfd-ventilation	9	de	126	1.547169332010e0	0.000104464
cfd-ventilation	9	de	127	1.547169332010e0	0.000104684
cfd-ventilation	9	de	128	1.547169332010e0	0.000104904
cfd-ventilation	9	de	129	1.547169332010e0	0.000115274
cfd-ventilation	9	de	130	1.547169332010e0	0.000116614
cfd-ventilation	9	de	131	1.547169332010e0	0.000116844
cfd-ventilation	9	de	132	1.547169332010e0	0.000117154
cfd-ventilation	9	de	133	1.547169332010e0	0.000117304
cfd-ventilation	9	de	134	1.547169332010e0	0.000117384
cfd-ventilation	9	de	135	1.547169332010e0	0.000117754
cfd-ventilation	9	de	136	1.547169332010e0	0.000117834
cfd-ventilation	9	de	137	1.547169332010e0	0.000117914
cfd-ventilation	9	de	138	1.547169332010e0	0.000117974
cfd-ventilation	9	de	139	1.547169332010e0	0.000118044
cfd-ventilation	9	de	140	1.547169332010e0	0.000118194
cfd-ventilation	9	de	141	1.547169332010e0	0.000118294
cfd-ventilation	9	de	142	1.547169332010e0	0.000118374
cfd-ventilation	9	de	143	1.547169332010e0	0.000118454
cfd-ventilation	9	de	144	1.547169332010e0	0.000118534
cfd-ventilation	9	de	145	1.547169332010e0	0.000128214
cfd-ventilation	9	de	146	1.547169332010e0	0.000128314
cfd-ventilation	9	de	147	1.547169332010e0	0.000128414
cfd-ventilation	9	de	148	1.547169332010e0	0.000128584
cfd-ventilation	9	de	149	1.547169332010e0	0.000128664
cfd-ventilation	9	de	150	1.545798530828e0	0.000128744
cfd-ventilation	9	de	151	1.545798530828e0	0.000128814
cfd-ventilation	9	de	152	1.545798530828e0	0.000128894
cfd-ventilation	9	de	153	1.545798530828e0	0.000129084
cfd-ventilation	9	de	154	1.545798530828e0	0.000129154
cfd-ventilation	9	de	155	1.545798530828e0	0.000129244
cfd-ventilation	9	de	156	1.545798530828e0	0.000129334
cfd-ventilation	9	de	157	1.545798530828e0	0.000129404
cfd-ventilation	9	de	158	1.545798530828e0	0.000129544
cfd-ventilation	9	de	159	1.545798530828e0	0.000129744
cfd-ventilation	9	de	160	1.545798530828e0	0.000129934
cfd-ventilation	9	bo	1	1.672120047128e0	0.022070914
cfd-ventilation	9	bo	2	1.654529491945e0	0.022072094
cfd-ventilation	9	bo	3	1.654529491945e0	0.022073165
cfd-ventilation	9	bo	4	1.633364636855e0	0.022074055
cfd-ventilation	9	bo	5	1.633364636855e0	0.022074715
cfd-ventilation	9	bo	6	1.633364636855e0	0.022075895
cfd-ventilation	9	bo	7	1.633364636855e0	0.022076575
cfd-ventilation	9	bo	8	1.633364636855e0	0.022077755
cfd-ventilation	9	bo	9	1.633364636855e0	0.022078805
cfd-ventilation	9	bo	10	1.633364636855e0	0.022080625
cfd-ventilation	9	bo	11	1.633364636855e0	0.022081295
cfd-ventilation	9	bo	12	1.633364636855e0	0.022081665
cfd-ventilation	9	bo	13	1.633364636855e0	0.022082155
cfd-ventilation	9	bo	14	1.633364636855e0	0.022082535
cfd-ventilation	9	bo	15	1.633364636855e0	0.022083525
cfd-ventilation	9	bo	16	1.633364636855e0	0.022083975
cfd-ventilation	9	bo	17	1.633364636855e0	0.032773834
cfd-ventilation	9	bo	18	1.633364636855e0	0.042104101
cfd-ventilation	9	bo	19	1.633364636855e0	0.051027579
cfd-ventilation	9	bo	20	1.633364636855e0	0.060540500
cfd-ventilation	9	bo	21	1.633364636855e0	0.069642612
cfd-ventilation	9	bo	22	1.633364636855e0	0.079581773
cfd-ventilation	9	bo	23	1.633364636855e0	0.090196810
cfd-ventilation	9	bo	24	1.633364636855e0	0.100068530
cfd-ventilation	9	bo	25	1.633364636855e0	0.110554603
cfd-ventilation	9	bo	26	1.633364636855e0	0.123471654
cfd-ventilation	9	bo	27	1.633364636855e0	0.133857306
cfd-ventilation	9	bo	28	1.633364636855e0	0.145049986
cfd-ventilation	9	bo	29	1.633364636855e0	0.155487209
cfd-ventilation	9	bo	30	1.633364636855e0	0.165977383
cfd-ventilation	9	bo	31	1.633364636855e0	0.176367735
cfd-ventilation	9	bo	32	1.633364636855e0	0.187522285
cfd-ventilation	9	bo	33	1.633364636855e0	0.198409378
cfd-ventilation	9	bo	34	1.633364636855e0	0.209364643
cfd-ventilation	9	bo	35	1.633364636855e0	0.219941619
cfd-ventilation	9	bo	36	1.633364636855e0	0.231197471
cfd-ventilation	9	bo	37	1.633364636855e0	0.241882619
cfd-ventilation	9	bo	38	1.633364636855e0	0.254143474
cfd-ventilation	9	bo	39	1.633364636855e0	0.265825386
cfd-ventilation	9	bo	40	1.633364636855e0	0.278470750
cfd-ventilation	9	bo	41	1.633364636855e0	0.289130028
cfd-ventilation	9	bo	42	1.633364636855e0	0.300672636
cfd-ventilation	9	bo	43	1.633364636855e0	0.311457297
cfd-ventilation	9	bo	44	1.633364636855e0	0.323158609
cfd-ventilation	9	bo	45	1.633364636855e0	0.335603768
cfd-ventilation	9	bo	46	1.633364636855e0	0.347690529
cfd-ventilation	9	bo	47	1.633364636855e0	0.359703469
cfd-ventilation	9	bo	48	1.610601375408e0	0.372091207
cfd-ventilation	9	bo	49	1.610601375408e0	0.384682800
cfd-ventilation	9	bo	50	1.610601375408e0	0.397086028
cfd-ventilation	9	bo	51	1.610601375408e0	0.409909156
cfd-ventilation	9	bo	52	1.610601375408e0	0.422915039
cfd-ventilation	9	bo	53	1.610601375408e0	0.435394129
cfd-ventilation	9	bo	54	1.610601375408e0	0.448712918
cfd-ventilation	9	bo	55	1.610601375408e0	0.463214215
cfd-ventilation	9	bo	56	1.610601375408e0	0.476580536
cfd-ventilation	9	bo	57	1.610601375408e0	0.489625509
cfd-ventilation	9	bo	58	1.610601375408e0	0.503333178
cfd-ventilation	9	bo	59	1.610601375408e0	0.517547329
cfd-ventilation	9	bo	60	1.610601375408e0	0.531275038
cfd-ventilation	9	bo	61	1.610601375408e0	0.545279503
cfd-ventilation	9	bo	62	1.610601375408e0	0.559368160
cfd-ventilation	9	bo	63	1.610601375408e0	0.573568490
cfd-ventilation	9	bo	64	1.610601375408e0	0.589443569
cfd-ventilation	9	bo	65	1.610601375408e0	0.604203282
cfd-ventilation	9	bo	66	1.610601375408e0	0.618804381
cfd-ventilation	9	bo	67	1.610601375408e0	0.633292398
cfd-ventilation	9	bo	68	1.610601375408e0	0.648503361
cfd-ventilation	9	bo	69	1.610601375408e0	0.662931036
cfd-ventilation	9	bo	70	1.610601375408e0	0.677892133
cfd-ventilation	9	bo	71	1.610601375408e0	0.693579168
cfd-ventilation	9	bo	72	1.610601375408e0	0.708977556
cfd-ventilation	9	bo	73	1.610601375408e0	0.724523468
cfd-ventilation	9	bo	74	1.610601375408e0	0.739825723
cfd-ventilation	9	bo	75	1.610601375408e0	0.756541591
cfd-ventilation	9	bo	76	1.610601375408e0	0.773144917
cfd-ventilation	9	bo	77	1.610601375408e0	0.789367804
cfd-ventilation	9	bo	78	1.610601375408e0	0.806165074
cfd-ventilation	9	bo	79	1.610601375408e0	0.822370521
cfd-ventilation	9	bo	80	1.610601375408e0	0.839257524
cfd-ventilation	9	bo	81	1.610601375408e0	0.856713030
cfd-ventilation	9	bo	82	1.610601375408e0	0.873760936
cfd-ventilation	9	bo	83	1.610601375408e0	0.891493049
cfd-ventilation	9	bo	84	1.610601375408e0	0.909217681
cfd-ventilation	9	bo	85	1.610601375408e0	0.926842130
cfd-ventilation	9	bo	86	1.610601375408e0	0.944271745
cfd-ventilation	9	bo	87	1.610601375408e0	0.963499612
cfd-ventilation	9	bo	88	1.610601375408e0	0.980025035
cfd-ventilation	9	bo	89	1.610601375408e0	0.998120016
cfd-ventilation	9	bo	90	1.610601375408e0	1.019119313
cfd-ventilation	9	bo	91	1.610601375408e0	1.038955164
cfd-ventilation	9	bo	92	1.610601375408e0	1.058909157
cfd-ventilation	9	bo	93	1.610601375408e0	1.078812819
cfd-ventilation	9	bo	94	1.610601375408e0	1.098189010
cfd-ventilation	9	bo	95	1.610601375408e0	1.117760625
cfd-ventilation	9	bo	96	1.610601375408e0	1.137770050
cfd-ventilation	9	bo	97	1.610601375408e0	1.156388472
cfd-ventilation	9	bo	98	1.610601375408e0	1.177451142
cfd-ventilation	9	bo	99	1.610601375408e0	1.199718929
cfd-ventilation	9	bo	100	1.610601375408e0	1.223535752
cfd-ventilation	9	bo	101	1.610601375408e0	1.244701723
cfd-ventilation	9	bo	102	1.610601375408e0	1.263264064
cfd-ventilation	9	bo	103	1.610601375408e0	1.284066137
cfd-ventilation	9	bo	104	1.610601375408e0	1.304188595
cfd-ventilation	9	bo	105	1.610601375408e0	1.326026422
cfd-ventilation	9	bo	106	1.610601375408e0	1.347782357
cfd-ventilation	9	bo	107	1.610601375408e0	1.371088358
cfd-ventilation	9	bo	108	1.610601375408e0	1.393702553
cfd-ventilation	9	bo	109	1.610601375408e0	1.415434818
cfd-ventilation	9	bo	110	1.610601375408e0	1.439853945
cfd-ventilation	9	bo	111	1.610601375408e0	1.463523735
cfd-ventilation	9	bo	112	1.610601375408e0	1.488302880
cfd-ventilation	9	bo	113	1.610601375408e0	1.512398390
cfd-ventilation	9	bo	114	1.610601375408e0	1.534051603
cfd-ventilation	9	bo	115	1.610601375408e0	1.558765707
cfd-ventilation	9	bo	116	1.610601375408e0	1.583886101
cfd-ventilation	9	bo	117	1.610601375408e0	1.607713694
cfd-ventilation	9	bo	118	1.610601375408e0	1.634524727
cfd-ventilation	9	bo	119	1.610601375408e0	1.661219537
cfd-ventilation	9	bo	120	1.610601375408e0	1.687741443
cfd-ventilation	9	bo	121	1.610601375408e0	1.714404372
cfd-ventilation	9	bo	122	1.610601375408e0	1.740102428
cfd-ventilation	9	bo	123	1.610601375408e0	1.765771684
cfd-ventilation	9	bo	124	1.610601375408e0	1.791234256
cfd-ventilation	9	bo	125	1.610601375408e0	1.815557451
cfd-ventilation	9	bo	126	1.610601375408e0	1.839845835
cfd-ventilation	9	bo	127	1.610601375408e0	1.867166749
cfd-ventilation	9	bo	128	1.610601375408e0	1.896470630
cfd-ventilation	9	bo	129	1.610601375408e0	1.927118501
cfd-ventilation	9	bo	130	1.610601375408e0	1.954694301
cfd-ventilation	9	bo	131	1.610601375408e0	1.984035352
cfd-ventilation	9	bo	132	1.610601375408e0	2.014235294
cfd-ventilation	9	bo	133	1.610601375408e0	2.042749496
cfd-ventilation	9	bo	134	1.610601375408e0	2.072248702
cfd-ventilation	9	bo	135	1.610601375408e0	2.098934671
cfd-ventilation	9	bo	136	1.610601375408e0	2.126666685
cfd-ventilation	9	bo	137	1.610601375408e0	2.160236315
cfd-ventilation	9	bo	138	1.610601375408e0	2.191927470
cfd-ventilation	9	bo	139	1.610601375408e0	2.221983478
cfd-ventilation	9	bo	140	1.610601375408e0	2.252780223
cfd-ventilation	9	bo	141	1.610601375408e0	2.285656376
cfd-ventilation	9	bo	142	1.610601375408e0	2.319934972
cfd-ventilation	9	bo	143	1.610601375408e0	2.351894114
cfd-ventilation	9	bo	144	1.610601375408e0	2.385283609
cfd-ventilation	9	bo	145	1.610601375408e0	2.416551885
cfd-ventilation	9	bo	146	1.610601375408e0	2.445924857
cfd-ventilation	9	bo	147	1.610601375408e0	2.479286931
cfd-ventilation	9	bo	148	1.610601375408e0	2.514800705
cfd-ventilation	9	bo	149	1.610601375408e0	2.549096281
cfd-ventilation	9	bo	150	1.610601375408e0	2.584965504
cfd-ventilation	9	bo	151	1.610601375408e0	2.619676020
cfd-ventilation	9	bo	152	1.610601375408e0	2.659025603
cfd-ventilation	9	bo	153	1.610601375408e0	2.694448455
cfd-ventilation	9	bo	154	1.610601375408e0	2.730406379
cfd-ventilation	9	bo	155	1.610601375408e0	2.767028979
cfd-ventilation	9	bo	156	1.610601375408e0	2.807034338
cfd-ventilation	9	bo	157	1.610601375408e0	2.858865481
cfd-ventilation	9	bo	158	1.610601375408e0	2.902636557
cfd-ventilation	9	bo	159	1.610601375408e0	2.945569313
cfd-ventilation	9	bo	160	1.610601375408e0	2.981175999
cfd-ventilation	10	de	1	1.817435115755e0	0.000016901
cfd-ventilation	10	de	2	1.817435115755e0	0.000017891
cfd-ventilation	10	de	3	1.817435115755e0	0.000018331
cfd-ventilation	10	de	4	1.817435115755e0	0.000018651
cfd-ventilation	10	de	5	1.817435115755e0	0.000019031
cfd-ventilation	10	de	6	1.787665499568e0	0.000020061
cfd-ventilation	10	de	7	1.787665499568e0	0.000020741
cfd-ventilation	10	de	8	1.787665499568e0	0.000020821
cfd-ventilation	10	de	9	1.787665499568e0	0.000021241
cfd-ventilation	10	de	10	1.787665499568e0	0.000021771
cfd-ventilation	10	de	11	1.787665499568e0	0.000022591
cfd-ventilation	10	de	12	1.770564850213e0	0.000022761
cfd-ventilation	10	de	13	1.770564850213e0	0.000023251
cfd-ventilation	10	de	14	1.770564850213e0	0.000023661
cfd-ventilation	10	de	15	1.769828846720e0	0.000023741
cfd-ventilation	10	de	16	1.769828846720e0	0.000023961
cfd-ventilation	10	de	17	1.769828846720e0	0.000033271
cfd-ventilation	10	de	18	1.769828846720e0	0.000034101
cfd-ventilation	10	de	19	1.769828846720e0	0.000034441
cfd-ventilation	10	de	20	1.769828846720e0	0.000034771
cfd-ventilation	10	de	21	1.769828846720e0	0.000035061
cfd-ventilation	10	de	22	1.769828846720e0	0.000035491
cfd-ventilation	10	de	23	1.769828846720e0	0.000035821
cfd-ventilation	10	de	24	1.769828846720e0	0.000035951
cfd-ventilation	10	de	25	1.769828846720e0	0.000036201
cfd-ventilation	10	de	26	1.769828846720e0	0.000036311
cfd-ventilation	10	de	27	1.769828846720e0	0.000036501
cfd-ventilation	10	de	28	1.723548890416e0	0.000036621
cfd-ventilation	10	de	29	1.723548890416e0	0.000036941
cfd-ventilation	10	de	30	1.723548890416e0	0.000037091
cfd-ventilation	10	de	31	1.723548890416e0	0.000037471
cfd-ventilation	10	de	32	1.723548890416e0	0.000037561
cfd-ventilation	10	de	33	1.723548890416e0	0.000048581
cfd-ventilation	10	de	34	1.723548890416e0	0.000049511
cfd-ventilation	10	de	35	1.723548890416e0	0.000049681
cfd-ventilation	10	de	36	1.723548890416e0	0.000049911
cfd-ventilation	10	de	37	1.723548890416e0	0.000050071
cfd-ventilation	10	de	38	1.723548890416e0	0.000050191
cfd-ventilation	10	de	39	1.723548890416e0	0.000050291
cfd-ventilation	10	de	40	1.723548890416e0	0.000050401
cfd-ventilation	10	de	41	1.723548890416e0	0.000050531
cfd-ventilation	10	de	42	1.723548890416e0	0.000050731
cfd-ventilation	10	de	43	1.723548890416e0	0.000050891
cfd-ventilation	10	de	44	1.723548890416e0	0.000051011
cfd-ventilation	10	de	45	1.715952755763e0	0.000051141
cfd-ventilation	10	de	46	1.715952755763e0	0.000051251
cfd-ventilation	10	de	47	1.715952755763e0	0.000051351
cfd-ventilation	10	de	48	1.715952755763e0	0.000051591
cfd-ventilation	10	de	49	1.714613905076e0	0.000060261
cfd-ventilation	10	de	50	1.692371856575e0	0.000060461
cfd-ventilation	10	de	51	1.692371856575e0	0.000060661
cfd-ventilation	10	de	52	1.692371856575e0	0.000060811
cfd-ventilation	10	de	53	1.692371856575e0	0.000060911
cfd-ventilation	10	de	54	1.692371856575e0	0.000061051
cfd-ventilation	10	de	55	1.692371856575e0	0.000061191
cfd-ventilation	10	de	56	1.691711833396e0	0.000061311
cfd-ventilation	10	de	57	1.691711833396e0	0.000061641
cfd-ventilation	10	de	58	1.691711833396e0	0.000061851
cfd-ventilation	10	de	59	1.691711833396e0	0.000062081
cfd-ventilation	10	de	60	1.691711833396e0	0.000062371
cfd-ventilation	10	de	61	1.691711833396e0	0.000062441
cfd-ventilation	10	de	62	1.691711833396e0	0.000062551
cfd-ventilation	10	de	63	1.691711833396e0	0.000062741
cfd-ventilation	10	de	64	1.691711833396e0	0.000063081
cfd-ventilation	10	de	65	1.691711833396e0	0.000071521
cfd-ventilation	10	de	66	1.682070268802e0	0.000072481
cfd-ventilation	10	de	67	1.677615735990e0	0.000072631
cfd-ventilation	10	de	68	1.677615735990e0	0.000072921
cfd-ventilation	10	de	69	1.677615735990e0	0.000073361
cfd-ventilation	10	de	70	1.670256899472e0	0.000073551
cfd-ventilation	10	de	71	1.670256899472e0	0.000074341
cfd-ventilation	10	de	72	1.670256899472e0	0.000074901
cfd-ventilation	10	de	73	1.670256899472e0	0.000075131
cfd-ventilation	10	de	74	1.670256899472e0	0.000075681
cfd-ventilation	10	de	75	1.670256899472e0	0.000076141
cfd-ventilation	10	de	76	1.670256899472e0	0.000076241
cfd-ventilation	10	de	77	1.670256899472e0	0.000076421
cfd-ventilation	10	de	78	1.670256899472e0	0.000076651
cfd-ventilation	10	de	79	1.670256899472e0	0.000077051
cfd-ventilation	10	de	80	1.670256899472e0	0.000077321
cfd-ventilation	10	de	81	1.669284442147e0	0.000087421
cfd-ventilation	10	de	82	1.584452050002e0	0.000087561
cfd-ventilation	10	de	83	1.584452050002e0	0.000088141
cfd-ventilation	10	de	84	1.584452050002e0	0.000088311
cfd-ventilation	10	de	85	1.584452050002e0	0.000088881
cfd-ventilation	10	de	86	1.584452050002e0	0.000089131
cfd-ventilation	10	de	87	1.584452050002e0	0.000089271
cfd-ventilation	10	de	88	1.584452050002e0	0.000089381
cfd-ventilation	10	de	89	1.584452050002e0	0.000089491
cfd-ventilation	10	de	90	1.584452050002e0	0.000089701
cfd-ventilation	10	de	91	1.584452050002e0	0.000090231
cfd-ventilation	10	de	92	1.584452050002e0	0.000090691
cfd-ventilation	10	de	93	1.584452050002e0	0.000090831
cfd-ventilation	10	de	94	1.584452050002e0	0.000090981
cfd-ventilation	10	de	95	1.584452050002e0	0.000091521
cfd-ventilation	10	de	96	1.584452050002e0	0.000092011
cfd-ventilation	10	de	97	1.584452050002e0	0.000099962
cfd-ventilation	10	de	98	1.584452050002e0	0.000100102
cfd-ventilation	10	de	99	1.584452050002e0	0.000100432
cfd-ventilation	10	de	100	1.584452050002e0	0.000100542
cfd-ventilation	10	de	101	1.542880519372e0	0.000100712
cfd-ventilation	10	de	102	1.542880519372e0	0.000100942
cfd-ventilation	10	de	103	1.542880519372e0	0.000101192
cfd-ventilation	10	de	104	1.542880519372e0	0.000101432
cfd-ventilation	10	de	105	1.542880519372e0	0.000101592
cfd-ventilation	10	de	106	1.542880519372e0	0.000101712
cfd-ventilation	10	de	107	1.542880519372e0	0.000101822
cfd-ventilation	10	de	108	1.542880519372e0	0.000101962
cfd-ventilation	10	de	109	1.542880519372e0	0.000102062
cfd-ventilation	10	de	110	1.542880519372e0	0.000102262
cfd-ventilation	10	de	111	1.542880519372e0	0.000102422
cfd-ventilation	10	de	112	1.542880519372e0	0.000102642
cfd-ventilation	10	de	113	1.542880519372e0	0.000111692
cfd-ventilation	10	de	114	1.542880519372e0	0.000111822
cfd-ventilation	10	de	115	1.542880519372e0	0.000112162
cfd-ventilation	10	de	116	1.542880519372e0	0.000112382
cfd-ventilation	10	de	117	1.542880519372e0	0.000112602
cfd-ventilation	10	de	118	1.542880519372e0	0.000112822
cfd-ventilation	10	de	119	1.542880519372e0	0.000113022
cfd-ventilation	10	de	120	1.542880519372e0	0.000113152
cfd-ventilation	10	de	121	1.542880519372e0	0.000113462
cfd-ventilation	10	de	122	1.542880519372e0	0.000113612
cfd-ventilation	10	de	123	1.542880519372e0	0.000113822
cfd-ventilation	10	de	124	1.542880519372e0	0.000114032
cfd-ventilation	10	de	125	1.542880519372e0	0.000114162
cfd-ventilation	10	de	126	1.542880519372e0	0.000114352
cfd-ventilation	10	de	127	1.542880519372e0	0.000114562
cfd-ventilation	10	de	128	1.542880519372e0	0.000114692
cfd-ventilation	10	de	129	1.542880519372e0	0.000121023
cfd-ventilation	10	de	130	1.542880519372e0	0.000122323
cfd-ventilation	10	de	131	1.542880519372e0	0.000122443
cfd-ventilation	10	de	132	1.542880519372e0	0.000122623
cfd-ventilation	10	de	133	1.542880519372e0	0.000122843
cfd-ventilation	10	de	134	1.542880519372e0	0.000122963
cfd-ventilation	10	de	135	1.542880519372e0	0.000123273
cfd-ventilation	10	de	136	1.542880519372e0	0.000123393
cfd-ventilation	10	de	137	1.534935646776e0	0.000123583
cfd-ventilation	10	de	138	1.534935646776e0	0.000123903
cfd-ventilation	10	de	139	1.534935646776e0	0.000124133
cfd-ventilation	10	de	140	1.534935646776e0	0.000124363
cfd-ventilation	10	de	141	1.534935646776e0	0.000124433
cfd-ventilation	10	de	142	1.534935646776e0	0.000124503
cfd-ventilation	10	de	143	1.534935646776e0	0.000124573
cfd-ventilation	10	de	144	1.534935646776e0	0.000124643
cfd-ventilation	10	de	145	1.534935646776e0	0.000132664
cfd-ventilation	10	de	146	1.534935646776e0	0.000132844
cfd-ventilation	10	de	147	1.534935646776e0	0.000133114
cfd-ventilation	10	de	148	1.534935646776e0	0.000133384
cfd-ventilation	10	de	149	1.534935646776e0	0.000133684
cfd-ventilation	10	de	150	1.534935646776e0	0.000134404
cfd-ventilation	10	de	151	1.534935646776e0	0.000135134
cfd-ventilation	10	de	152	1.534935646776e0	0.000136004
cfd-ventilation	10	de	153	1.534935646776e0	0.000136614
cfd-ventilation	10	de	154	1.534935646776e0	0.000136804
cfd-ventilation	10	de	155	1.534935646776e0	0.000136944
cfd-ventilation	10	de	156	1.534935646776e0	0.000137074
cfd-ventilation	10	de	157	1.534935646776e0	0.000137214
cfd-ventilation	10	de	158	1.534935646776e0	0.000137314
cfd-ventilation	10	de	159	1.534935646776e0	0.000137374
cfd-ventilation	10	de	160	1.534935646776e0	0.000137454
cfd-ventilation	10	bo	1	1.670224653649e0	0.022828039
cfd-ventilation	10	bo	2	1.670224653649e0	0.022829149
cfd-ventilation	10	bo	3	1.669292430357e0	0.022829469
cfd-ventilation	10	bo	4	1.669292430357e0	0.022829949
cfd-ventilation	10	bo	5	1.669292430357e0	0.022830299
cfd-ventilation	10	bo	6	1.669292430357e0	0.022830679
cfd-ventilation	10	bo	7	1.669292430357e0	0.022830839
cfd-ventilation	10	bo	8	1.669292430357e0	0.022830919
cfd-ventilation	10	bo	9	1.669292430357e0	0.022831269
cfd-ventilation	10	bo	10	1.669292430357e0	0.022831759
cfd-ventilation	10	bo	11	1.669292430357e0	0.022831939
cfd-ventilation	10	bo	12	1.669292430357e0	0.022832049
cfd-ventilation	10	bo	13	1.669292430357e0	0.022832239
cfd-ventilation	10	bo	14	1.661356305166e0	0.022832319
cfd-ventilation	10	bo	15	1.661356305166e0	0.022832709
cfd-ventilation	10	bo	16	1.661356305166e0	0.022833019
cfd-ventilation	10	bo	17	1.661356305166e0	0.032754649
cfd-ventilation	10	bo	18	1.661356305166e0	0.041993953
cfd-ventilation	10	bo	19	1.661356305166e0	0.051289208
cfd-ventilation	10	bo	20	1.661356305166e0	0.060559673
cfd-ventilation	10	bo	21	1.661356305166e0	0.070355380
cfd-ventilation	10	bo	22	1.639953530837e0	0.080242909
cfd-ventilation	10	bo	23	1.639953530837e0	0.089446483
cfd-ventilation	10	bo	24	1.639953530837e0	0.100072290
cfd-ventilation	10	bo	25	1.639953530837e0	0.112551779
cfd-ventilation	10	bo	26	1.639953530837e0	0.122936920
cfd-ventilation	10	bo	27	1.639953530837e0	0.134844966
cfd-ventilation	10	bo	28	1.639953530837e0	0.144758186
cfd-ventilation	10	bo	29	1.639953530837e0	0.156555029
cfd-ventilation	10	bo	30	1.639953530837e0	0.167255177
cfd-ventilation	10	bo	31	1.639953530837e0	0.177593016
cfd-ventilation	10	bo	32	1.639953530837e0	0.188404767
cfd-ventilation	10	bo	33	1.639953530837e0	0.198677595
cfd-ventilation	10	bo	34	1.639953530837e0	0.210578761
cfd-ventilation	10	bo	35	1.639953530837e0	0.221194357
cfd-ventilation	10	bo	36	1.639953530837e0	0.232291344
cfd-ventilation	10	bo	37	1.639953530837e0	0.243735919
cfd-ventilation	10	bo	38	1.639953530837e0	0.254520409
cfd-ventilation	10	bo	39	1.639953530837e0	0.265643296
cfd-ventilation	10	bo	40	1.639953530837e0	0.276604900
cfd-ventilation	10	bo	41	1.639953530837e0	0.287891882
cfd-ventilation	10	bo	42	1.639953530837e0	0.299070721
cfd-ventilation	10	bo	43	1.639953530837e0	0.309610055
cfd-ventilation	10	bo	44	1.639953530837e0	0.321693845
cfd-ventilation	10	bo	45	1.638593470503e0	0.332593278
cfd-ventilation	10	bo	46	1.638593470503e0	0.345152459
cfd-ventilation	10	bo	47	1.638593470503e0	0.356762988
cfd-ventilation	10	bo	48	1.638593470503e0	0.368872459
cfd-ventilation	10	bo	49	1.638593470503e0	0.382141847
cfd-ventilation	10	bo	50	1.638593470503e0	0.394420821
cfd-ventilation	10	bo	51	1.638593470503e0	0.406414019
cfd-ventilation	10	bo	52	1.638593470503e0	0.419055452
cfd-ventilation	10	bo	53	1.638593470503e0	0.431338716
cfd-ventilation	10	bo	54	1.638593470503e0	0.443823725
cfd-ventilation	10	bo	55	1.638593470503e0	0.456540340
cfd-ventilation	10	bo	56	1.638593470503e0	0.469065860
cfd-ventilation	10	bo	57	1.638593470503e0	0.482306097
cfd-ventilation	10	bo	58	1.629565586115e0	0.495616255
cfd-ventilation	10	bo	59	1.629565586115e0	0.508282438
cfd-ventilation	10	bo	60	1.629565586115e0	0.521439743
cfd-ventilation	10	bo	61	1.629565586115e0	0.535389826
cfd-ventilation	10	bo	62	1.629565586115e0	0.549977743
cfd-ventilation	10	bo	63	1.629565586115e0	0.564094610
cfd-ventilation	10	bo	64	1.629565586115e0	0.578498033
cfd-ventilation	10	bo	65	1.629565586115e0	0.593861949
cfd-ventilation	10	bo	66	1.629565586115e0	0.607312061
cfd-ventilation	10	bo	67	1.629565586115e0	0.621289745
cfd-ventilation	10	bo	68	1.629565586115e0	0.635367491
cfd-ventilation	10	bo	69	1.629565586115e0	0.649563780
cfd-ventilation	10	bo	70	1.629565586115e0	0.662863809
cfd-ventilation	10	bo	71	1.629565586115e0	0.677906257
cfd-ventilation	10	bo	72	1.629565586115e0	0.691866480
cfd-ventilation	10	bo	73	1.629565586115e0	0.708007143
cfd-ventilation	10	bo	74	1.629565586115e0	0.723443260
cfd-ventilation	10	bo	75	1.629565586115e0	0.739349679
cfd-ventilation	10	bo	76	1.629565586115e0	0.754393937
cfd-ventilation	10	bo	77	1.629565586115e0	0.770309155
cfd-ventilation	10	bo	78	1.629565586115e0	0.786318646
cfd-ventilation	10	bo	79	1.629565586115e0	0.802793527
cfd-ventilation	10	bo	80	1.629565586115e0	0.820148219
cfd-ventilation	10	bo	81	1.624693957630e0	0.837783827
cfd-ventilation	10	bo	82	1.624693957630e0	0.854791931
cfd-ventilation	10	bo	83	1.624693957630e0	0.873390342
cfd-ventilation	10	bo	84	1.624693957630e0	0.890864237
cfd-ventilation	10	bo	85	1.624693957630e0	0.908033185
cfd-ventilation	10	bo	86	1.624693957630e0	0.924999758
cfd-ventilation	10	bo	87	1.624693957630e0	0.942677408
cfd-ventilation	10	bo	88	1.624693957630e0	0.960625044
cfd-ventilation	10	bo	89	1.624693957630e0	0.979086221
cfd-ventilation	10	bo	90	1.624693957630e0	0.998028599
cfd-ventilation	10	bo	91	1.624693957630e0	1.016113787
cfd-ventilation	10	bo	92	1.624693957630e0	1.035022514
cfd-ventilation	10	bo	93	1.624693957630e0	1.054272109
cfd-ventilation	10	bo	94	1.624693957630e0	1.073269999
cfd-ventilation	10	bo	95	1.624693957630e0	1.092512004
cfd-ventilation	10	bo	96	1.624693957630e0	1.113337476
cfd-ventilation	10	bo	97	1.624693957630e0	1.134090807
cfd-ventilation	10	bo	98	1.624693957630e0	1.154558201
cfd-ventilation	10	bo	99	1.624693957630e0	1.174216706
cfd-ventilation	10	bo	100	1.624693957630e0	1.195584271
cfd-ventilation	10	bo	101	1.624693957630e0	1.216126646
cfd-ventilation	10	bo	102	1.624693957630e0	1.235108355
cfd-ventilation	10	bo	103	1.624693957630e0	1.257198156
cfd-ventilation	10	bo	104	1.624693957630e0	1.279198516
cfd-ventilation	10	bo	105	1.624693957630e0	1.301662126
cfd-ventilation	10	bo	106	1.624693957630e0	1.325006237
cfd-ventilation	10	bo	107	1.624693957630e0	1.347746644
cfd-ventilation	10	bo	108	1.624693957630e0	1.371530014
cfd-ventilation	10	bo	109	1.624693957630e0	1.395320215
cfd-ventilation	10	bo	110	1.624693957630e0	1.417966699
cfd-ventilation	10	bo	111	1.624693957630e0	1.440762226
cfd-ventilation	10	bo	112	1.624693957630e0	1.463486952
cfd-ventilation	10	bo	113	1.624693957630e0	1.487739063
cfd-ventilation	10	bo	114	1.624693957630e0	1.513680124
cfd-ventilation	10	bo	115	1.624693957630e0	1.536960672
cfd-ventilation	10	bo	116	1.624693957630e0	1.561800966
cfd-ventilation	10	bo	117	1.624693957630e0	1.584073551
cfd-ventilation	10	bo	118	1.624693957630e0	1.610983303
cfd-ventilation	10	bo	119	1.624693957630e0	1.636265528
cfd-ventilation	10	bo	120	1.624693957630e0	1.661329748
cfd-ventilation	10	bo	121	1.624693957630e0	1.688256501
cfd-ventilation	10	bo	122	1.624693957630e0	1.714274443
cfd-ventilation	10	bo	123	1.624693957630e0	1.738141685
cfd-ventilation	10	bo	124	1.624693957630e0	1.766367919
cfd-ventilation	10	bo	125	1.624693957630e0	1.792085554
cfd-ventilation	10	bo	126	1.624693957630e0	1.819047678
cfd-ventilation	10	bo	127	1.624693957630e0	1.844850516
cfd-ventilation	10	bo	128	1.624693957630e0	1.871599785
cfd-ventilation	10	bo	129	1.624693957630e0	1.903295488
cfd-ventilation	10	bo	130	1.624693957630e0	1.931180543
cfd-ventilation	10	bo	131	1.624693957630e0	1.960849669
cfd-ventilation	10	bo	132	1.624693957630e0	1.987314012
cfd-ventilation	10	bo	133	1.624693957630e0	2.018457863
cfd-ventilation	10	bo	134	1.624693957630e0	2.047606668
cfd-ventilation	10	bo	135	1.624693957630e0	2.078989654
cfd-ventilation	10	bo	136	1.624693957630e0	2.110111594
cfd-ventilation	10	bo	137	1.624693957630e0	2.138373428
cfd-ventilation	10	bo	138	1.624693957630e0	2.166374426
cfd-ventilation	10	bo	139	1.624693957630e0	2.198713784
cfd-ventilation	10	bo	140	1.624693957630e0	2.228845971
cfd-ventilation	10	bo	141	1.624693957630e0	2.262070390
cfd-ventilation	10	bo	142	1.624693957630e0	2.292494824
cfd-ventilation	10	bo	143	1.624693957630e0	2.327701908
cfd-ventilation	10	bo	144	1.624693957630e0	2.356972855
cfd-ventilation	10	bo	145	1.624693957630e0	2.394412001
cfd-ventilation	10	bo	146	1.624693957630e0	2.428307355
cfd-ventilation	10	bo	147	1.624693957630e0	2.465797842
cfd-ventilation	10	bo	148	1.624693957630e0	2.499304938
cfd-ventilation	10	bo	149	1.624693957630e0	2.534000450
cfd-ventilation	10	bo	150	1.624693957630e0	2.571967858
cfd-ventilation	10	bo	151	1.624693957630e0	2.610417358
cfd-ventilation	10	bo	152	1.624693957630e0	2.645659073
cfd-ventilation	10	bo	153	1.624693957630e0	2.682341961
cfd-ventilation	10	bo	154	1.624693957630e0	2.722760256
cfd-ventilation	10	bo	155	1.624693957630e0	2.763394866
cfd-ventilation	10	bo	156	1.624693957630e0	2.797924905
cfd-ventilation	10	bo	157	1.624693957630e0	2.838108825
cfd-ventilation	10	bo	158	1.624693957630e0	2.877093587
cfd-ventilation	10	bo	159	1.624693957630e0	2.912774052
cfd-ventilation	10	bo	160	1.624693957630e0	2.948440527
cfd-ventilation	11	de	1	1.860225388399e0	0.000014150
cfd-ventilation	11	de	2	1.860225388399e0	0.000014690
cfd-ventilation	11	de	3	1.860225388399e0	0.000014970
cfd-ventilation	11	de	4	1.860225388399e0	0.000015880
cfd-ventilation	11	de	5	1.860225388399e0	0.000016950
cfd-ventilation	11	de	6	1.860225388399e0	0.000018540
cfd-ventilation	11	de	7	1.860225388399e0	0.000019680
cfd-ventilation	11	de	8	1.860225388399e0	0.000020820
cfd-ventilation	11	de	9	1.860225388399e0	0.000021760
cfd-ventilation	11	de	10	1.824185196183e0	0.000023180
cfd-ventilation	11	de	11	1.824185196183e0	0.000024120
cfd-ventilation	11	de	12	1.824185196183e0	0.000024670
cfd-ventilation	11	de	13	1.824185196183e0	0.000024920
cfd-ventilation	11	de	14	1.824185196183e0	0.000025520
cfd-ventilation	11	de	15	1.824185196183e0	0.000025830
cfd-ventilation	11	de	16	1.824185196183e0	0.000026890
cfd-ventilation	11	de	17	1.824185196183e0	0.000036901
cfd-ventilation	11	de	18	1.824185196183e0	0.000038181
cfd-ventilation	11	de	19	1.824185196183e0	0.000038431
cfd-ventilation	11	de	20	1.824185196183e0	0.000038981
cfd-ventilation	11	de	21	1.824185196183e0	0.000039121
cfd-ventilation	11	de	22	1.824185196183e0	0.000039331
cfd-ventilation	11	de	23	1.788166889240e0	0.000039571
cfd-ventilation	11	de	24	1.788166889240e0	0.000039701
cfd-ventilation	11	de	25	1.788166889240e0	0.000039861
cfd-ventilation	11	de	26	1.788166889240e0	0.000040091
cfd-ventilation	11	de	27	1.788166889240e0	0.000040161
cfd-ventilation	11	de	28	1.788166889240e0	0.000040311
cfd-ventilation	11	de	29	1.788166889240e0	0.000040451
cfd-ventilation	11	de	30	1.788166889240e0	0.000040881
cfd-ventilation	11	de	31	1.787792172579e0	0.000041251
cfd-ventilation	11	de	32	1.787792172579e0	0.000041331
cfd-ventilation	11	de	33	1.765465992297e0	0.000052791
cfd-ventilation	11	de	34	1.765465992297e0	0.000054181
cfd-ventilation	11	de	35	1.765465992297e0	0.000054861
cfd-ventilation	11	de	36	1.765465992297e0	0.000054951
cfd-ventilation	11	de	37	1.765465992297e0	0.000055411
cfd-ventilation	11	de	38	1.765465992297e0	0.000055571
cfd-ventilation	11	de	39	1.765465992297e0	0.000055731
cfd-ventilation	11	de	40	1.765465992297e0	0.000056051
cfd-ventilation	11	de	41	1.765465992297e0	0.000056191
cfd-ventilation	11	de	42	1.765465992297e0	0.000056261
cfd-ventilation	11	de	43	1.765465992297e0	0.000056401
cfd-ventilation	11	de	44	1.765465992297e0	0.000056461
cfd-ventilation	11	de	45	1.741877926509e0	0.000056601
cfd-ventilation	11	de	46	1.722882642412e0	0.000056681
cfd-ventilation	11	de	47	1.722882642412e0	0.000056751
cfd-ventilation	11	de	48	1.722882642412e0	0.000056821
cfd-ventilation	11	de	49	1.722882642412e0	0.000064791
cfd-ventilation	11	de	50	1.692370118071e0	0.000064961
cfd-ventilation	11	de	51	1.692370118071e0	0.000065121
cfd-ventilation	11	de	52	1.621439467038e0	0.000065251
cfd-ventilation	11	de	53	1.621439467038e0	0.000065391
cfd-ventilation	11	de	54	1.621439467038e0	0.000065611
cfd-ventilation	11	de	55	1.621439467038e0	0.000065771
cfd-ventilation	11	de	56	1.621439467038e0	0.000065841
cfd-ventilation	11	de	57	1.621439467038e0	0.000066011
cfd-ventilation	11	de	58	1.621439467038e0	0.000066081
cfd-ventilation	11	de	59	1.621439467038e0	0.000066231
cfd-ventilation	11	de	60	1.621439467038e0	0.000066311
cfd-ventilation	11	de	61	1.621439467038e0	0.000066461
cfd-ventilation	11	de	62	1.621439467038e0	0.000066951
cfd-ventilation	11	de	63	1.621439467038e0	0.000067671
cfd-ventilation	11	de	64	1.621439467038e0	0.000067961
cfd-ventilation	11	de	65	1.621439467038e0	0.000078362
cfd-ventilation	11	de	66	1.621439467038e0	0.000080322
cfd-ventilation	11	de	67	1.621439467038e0	0.000080592
cfd-ventilation	11	de	68	1.619316880631e0	0.000080742
cfd-ventilation	11	de	69	1.619316880631e0	0.000080962
cfd-ventilation	11	de	70	1.619316880631e0	0.000081112
cfd-ventilation	11	de	71	1.619316880631e0	0.000081382
cfd-ventilation	11	de	72	1.619316880631e0	0.000081662
cfd-ventilation	11	de	73	1.619316880631e0	0.000081742
cfd-ventilation	11	de	74	1.619316880631e0	0.000081882
cfd-ventilation	11	de	75	1.619316880631e0	0.000081952
cfd-ventilation	11	de	76	1.619316880631e0	0.000082022
cfd-ventilation	11	de	77	1.619316880631e0	0.000082212
cfd-ventilation	11	de	78	1.619316880631e0	0.000082352
cfd-ventilation	11	de	79	1.619316880631e0	0.000082422
cfd-ventilation	11	de	80	1.619316880631e0	0.000082492
cfd-ventilation	11	de	81	1.619316880631e0	0.000091562
cfd-ventilation	11	de	82	1.619316880631e0	0.000091692
cfd-ventilation	11	de	83	1.619316880631e0	0.000091842
cfd-ventilation	11	de	84	1.619316880631e0	0.000091962
cfd-ventilation	11	de	85	1.570125872710e0	0.000092082
cfd-ventilation	11	de	86	1.570125872710e0	0.000092222
cfd-ventilation	11	de	87	1.570125872710e0	0.000092352
cfd-ventilation	11	de	88	1.570125872710e0	0.000092422
cfd-ventilation	11	de	89	1.570125872710e0	0.000092602
cfd-ventilation	11	de	90	1.570125872710e0	0.000092792
cfd-ventilation	11	de	91	1.570125872710e0	0.000092942
cfd-ventilation	11	de	92	1.570125872710e0	0.000093012
cfd-ventilation	11	de	93	1.570125872710e0	0.000093082
cfd-ventilation	11	de	94	1.570125872710e0	0.000093172
cfd-ventilation	11	de	95	1.570125872710e0	0.000093242
cfd-ventilation	11	de	96	1.570125872710e0	0.000093312
cfd-ventilation	11	de	97	1.570125872710e0	0.000101362
cfd-ventilation	11	de	98	1.570125872710e0	0.000101442
cfd-ventilation	11	de	99	1.570125872710e0	0.000101612
cfd-ventilation	11	de	100	1.570125872710e0	0.000101742
cfd-ventilation	11	de	101	1.570125872710e0	0.000101872
cfd-ventilation	11	de	102	1.570125872710e0	0.000101962
cfd-ventilation	11	de	103	1.570125872710e0	0.000102042
cfd-ventilation	11	de	104	1.570125872710e0	0.000102162
cfd-ventilation	11	de	105	1.570125872710e0	0.000102232
cfd-ventilation	11	de	106	1.570125872710e0	0.000102422
cfd-ventilation	11	de	107	1.570125872710e0	0.000102922
cfd-ventilation	11	de	108	1.570125872710e0	0.000103842
cfd-ventilation	11	de	109	1.570125872710e0	0.000104382
cfd-ventilation	11	de	110	1.570125872710e0	0.000104622
cfd-ventilation	11	de	111	1.570125872710e0	0.000105172
cfd-ventilation	11	de	112	1.570125872710e0	0.000105602
cfd-ventilation	11	de	113	1.549216613801e0	0.000115272
cfd-ventilation	11	de	114	1.549216613801e0	0.000115502
cfd-ventilation	11	de	115	1.549216613801e0	0.000115652
cfd-ventilation	11	de	116	1.549216613801e0	0.000115802
cfd-ventilation	11	de	117	1.549089282532e0	0.000115932
cfd-ventilation	11	de	118	1.549089282532e0	0.000116002
cfd-ventilation	11	de	119	1.549089282532e0	0.000116122
cfd-ventilation	11	de	120	1.549089282532e0	0.000116472
cfd-ventilation	11	de	121	1.549089282532e0	0.000116602
cfd-ventilation	11	de	122	1.549089282532e0	0.000116672
cfd-ventilation	11	de	123	1.549089282532e0	0.000116792
cfd-ventilation	11	de	124	1.549089282532e0	0.000116912
cfd-ventilation	11	de	125	1.549089282532e0	0.000117092
cfd-ventilation	11	de	126	1.549089282532e0	0.000117222
cfd-ventilation	11	de	127	1.549089282532e0	0.000117362
cfd-ventilation	11	de	128	1.549089282532e0	0.000117432
cfd-ventilation	11	de	129	1.549089282532e0	0.000127892
cfd-ventilation	11	de	130	1.549089282532e0	0.000128672
cfd-ventilation	11	de	131	1.549089282532e0	0.000128832
cfd-ventilation	11	de	132	1.549089282532e0	0.000128902
cfd-ventilation	11	de	133	1.549089282532e0	0.000128972
cfd-ventilation	11	de	134	1.539729393456e0	0.000129162
cfd-ventilation	11	de	135	1.539729393456e0	0.000129352
cfd-ventilation	11	de	136	1.539729393456e0	0.000129542
cfd-ventilation	11	de	137	1.539729393456e0	0.000129682
cfd-ventilation	11	de	138	1.539729393456e0	0.000129852
cfd-ventilation	11	de	139	1.539729393456e0	0.000129932
cfd-ventilation	11	de	140	1.539729393456e0	0.000130102
cfd-ventilation	11	de	141	1.539729393456e0	0.000130192
cfd-ventilation	11	de	142	1.539729393456e0	0.000130362
cfd-ventilation	11	de	143	1.539729393456e0	0.000130772
cfd-ventilation	11	de	144	1.539729393456e0	0.000131052
cfd-ventilation	11	de	145	1.539729393456e0	0.000139012
cfd-ventilation	11	de	146	1.539729393456e0	0.000139222
cfd-ventilation	11	de	147	1.539729393456e0	0.000139352
cfd-ventilation	11	de	148	1.530382840467e0	0.000139502
cfd-ventilation	11	de	149	1.530382840467e0	0.000140082
cfd-ventilation	11	de	150	1.530382840467e0	0.000140152
cfd-ventilation	11	de	151	1.530382840467e0	0.000140242
cfd-ventilation	11	de	152	1.530382840467e0	0.000140372
cfd-ventilation	11	de	153	1.530382840467e0	0.000140502
cfd-ventilation	11	de	154	1.530382840467e0	0.000140662
cfd-ventilation	11	de	155	1.530382840467e0	0.000140772
cfd-ventilation	11	de	156	1.530382840467e0	0.000140922
cfd-ventilation	11	de	157	1.530382840467e0	0.000141282
cfd-ventilation	11	de	158	1.530382840467e0	0.000141612
cfd-ventilation	11	de	159	1.530382840467e0	0.000142392
cfd-ventilation	11	de	160	1.530382840467e0	0.000142832
cfd-ventilation	11	bo	1	1.653399690095e0	0.021962348
cfd-ventilation	11	bo	2	1.653399690095e0	0.021963118
cfd-ventilation	11	bo	3	1.653399690095e0	0.021963388
cfd-ventilation	11	bo	4	1.653399690095e0	0.021963988
cfd-ventilation	11	bo	5	1.653399690095e0	0.021964518
cfd-ventilation	11	bo	6	1.653399690095e0	0.021965108
cfd-ventilation	11	bo	7	1.653399690095e0	0.021965718
cfd-ventilation	11	bo	8	1.653399690095e0	0.021965878
cfd-ventilation	11	bo	9	1.653399690095e0	0.021966308
cfd-ventilation	11	bo	10	1.653399690095e0	0.021967188
cfd-ventilation	11	bo	11	1.653399690095e0	0.021967428
cfd-ventilation	11	bo	12	1.641620258573e0	0.021967568
cfd-ventilation	11	bo	13	1.612698518629e0	0.021967778
cfd-ventilation	11	bo	14	1.612698518629e0	0.021968068
cfd-ventilation	11	bo	15	1.612698518629e0	0.021968698
cfd-ventilation	11	bo	16	1.612698518629e0	0.021968978
cfd-ventilation	11	bo	17	1.612698518629e0	0.032040201
cfd-ventilation	11	bo	18	1.612698518629e0	0.042447402
cfd-ventilation	11	bo	19	1.612698518629e0	0.052247648
cfd-ventilation	11	bo	20	1.612698518629e0	0.062188138
cfd-ventilation	11	bo	21	1.612698518629e0	0.071847151
cfd-ventilation	11	bo	22	1.612698518629e0	0.081322380
cfd-ventilation	11	bo	23	1.612698518629e0	0.090908151
cfd-ventilation	11	bo	24	1.612698518629e0	0.100183345
cfd-ventilation	11	bo	25	1.612698518629e0	0.110281859
cfd-ventilation	11	bo	26	1.612698518629e0	0.121796304
cfd-ventilation	11	bo	27	1.612698518629e0	0.132524921
cfd-ventilation	11	bo	28	1.612698518629e0	0.144114108
cfd-ventilation	11	bo	29	1.612698518629e0	0.154531659
cfd-ventilation	11	bo	30	1.612698518629e0	0.165692337
cfd-ventilation	11	bo	31	1.612698518629e0	0.176747702
cfd-ventilation	11	bo	32	1.612698518629e0	0.187164662
cfd-ventilation	11	bo	33	1.612698518629e0	0.197516631
cfd-ventilation	11	bo	34	1.612698518629e0	0.208574446
cfd-ventilation	11	bo	35	1.612698518629e0	0.220253446
cfd-ventilation	11	bo	36	1.612698518629e0	0.231988707
cfd-ventilation	11	bo	37	1.612698518629e0	0.243132394
cfd-ventilation	11	bo	38	1.612698518629e0	0.254818644
cfd-ventilation	11	bo	39	1.612698518629e0	0.266875462
cfd-ventilation	11	bo	40	1.612698518629e0	0.278573783
cfd-ventilation	11	bo	41	1.612698518629e0	0.290137170
cfd-ventilation	11	bo	42	1.612698518629e0	0.301600774
cfd-ventilation	11	bo	43	1.612698518629e0	0.313860267
cfd-ventilation	11	bo	44	1.612698518629e0	0.326140971
cfd-ventilation	11	bo	45	1.612698518629e0	0.338029945
cfd-ventilation	11	bo	46	1.612698518629e0	0.350887562
cfd-ventilation	11	bo	47	1.612698518629e0	0.362877989
cfd-ventilation	11	bo	48	1.612698518629e0	0.374309183
cfd-ventilation	11	bo	49	1.612698518629e0	0.386382221
cfd-ventilation	11	bo	50	1.612698518629e0	0.399896883
cfd-ventilation	11	bo	51	1.612698518629e0	0.411628104
cfd-ventilation	11	bo	52	1.612698518629e0	0.425160787
cfd-ventilation	11	bo	53	1.612698518629e0	0.437797529
cfd-ventilation	11	bo	54	1.612698518629e0	0.450418260
cfd-ventilation	11	bo	55	1.612698518629e0	0.463604174
cfd-ventilation	11	bo	56	1.612698518629e0	0.476184865
cfd-ventilation	11	bo	57	1.612698518629e0	0.489713908
cfd-ventilation	11	bo	58	1.612698518629e0	0.502742369
cfd-ventilation	11	bo	59	1.612698518629e0	0.516057086
cfd-ventilation	11	bo	60	1.612698518629e0	0.529043166
cfd-ventilation	11	bo	61	1.612698518629e0	0.542811334
cfd-ventilation	11	bo	62	1.612698518629e0	0.556968421
cfd-ventilation	11	bo	63	1.612698518629e0	0.573622305
cfd-ventilation	11	bo	64	1.612698518629e0	0.588373105
cfd-ventilation	11	bo	65	1.612698518629e0	0.602874360
cfd-ventilation	11	bo	66	1.612698518629e0	0.618686185
cfd-ventilation	11	bo	67	1.612698518629e0	0.632982725
cfd-ventilation	11	bo	68	1.612698518629e0	0.647865109
cfd-ventilation	11	bo	69	1.612698518629e0	0.661847182
cfd-ventilation	11	bo	70	1.611429248968e0	0.676154032
cfd-ventilation	11	bo	71	1.611429248968e0	0.691575898
cfd-ventilation	11	bo	72	1.611429248968e0	0.707088866
cfd-ventilation	11	bo	73	1.611429248968e0	0.723202818
cfd-ventilation	11	bo	74	1.611429248968e0	0.738940941
cfd-ventilation	11	bo	75	1.611429248968e0	0.755950854
cfd-ventilation	11	bo	76	1.611429248968e0	0.772379353
cfd-ventilation	11	bo	77	1.554212524205e0	0.790317147
cfd-ventilation	11	bo	78	1.554212524205e0	0.806059280
cfd-ventilation	11	bo	79	1.554212524205e0	0.823443661
cfd-ventilation	11	bo	80	1.554212524205e0	0.842190124
cfd-ventilation	11	bo	81	1.554212524205e0	0.862885592
cfd-ventilation	11	bo	82	1.554212524205e0	0.881685936
cfd-ventilation	11	bo	83	1.554212524205e0	0.898874863
cfd-ventilation	11	bo	84	1.554212524205e0	0.916068540
cfd-ventilation	11	bo	85	1.554212524205e0	0.933157774
cfd-ventilation	11	bo	86	1.554212524205e0	0.950640708
cfd-ventilation	11	bo	87	1.554212524205e0	0.968984061
cfd-ventilation	11	bo	88	1.554212524205e0	0.988579243
cfd-ventilation	11	bo	89	1.554212524205e0	1.006565208
cfd-ventilation	11	bo	90	1.554212524205e0	1.025906474
cfd-ventilation	11	bo	91	1.554212524205e0	1.045131718
cfd-ventilation	11	bo	92	1.554212524205e0	1.062626581
cfd-ventilation	11	bo	93	1.554212524205e0	1.081630289
cfd-ventilation	11	bo	94	1.554212524205e0	1.101863516
cfd-ventilation	11	bo	95	1.554212524205e0	1.123286650
cfd-ventilation	11	bo	96	1.554212524205e0	1.145044872
cfd-ventilation	11	bo	97	1.554212524205e0	1.164906870
cfd-ventilation	11	bo	98	1.554212524205e0	1.186347965
cfd-ventilation	11	bo	99	1.554212524205e0	1.205499707
cfd-ventilation	11	bo	100	1.554212524205e0	1.227868194
cfd-ventilation	11	bo	101	1.554212524205e0	1.247481136
cfd-ventilation	11	bo	102	1.554212524205e0	1.266416102
cfd-ventilation	11	bo	103	1.541100324569e0	1.285282688
cfd-ventilation	11	bo	104	1.541100324569e0	1.306154030
cfd-ventilation	11	bo	105	1.541100324569e0	1.327979603
cfd-ventilation	11	bo	106	1.541100324569e0	1.350944892
cfd-ventilation	11	bo	107	1.541100324569e0	1.374352032
cfd-ventilation	11	bo	108	1.541100324569e0	1.396010932
cfd-ventilation	11	bo	109	1.541100324569e0	1.418484461
cfd-ventilation	11	bo	110	1.541100324569e0	1.443055357
cfd-ventilation	11	bo	111	1.541100324569e0	1.465743451
cfd-ventilation	11	bo	112	1.541100324569e0	1.488804703
cfd-ventilation	11	bo	113	1.541100324569e0	1.513297418
cfd-ventilation	11	bo	114	1.541100324569e0	1.537699541
cfd-ventilation	11	bo	115	1.541100324569e0	1.560439486
cfd-ventilation	11	bo	116	1.541100324569e0	1.585288429
cfd-ventilation	11	bo	117	1.541100324569e0	1.609737293
cfd-ventilation	11	bo	118	1.541100324569e0	1.633988592
cfd-ventilation	11	bo	119	1.541100324569e0	1.659559811
cfd-ventilation	11	bo	120	1.541100324569e0	1.685835007
cfd-ventilation	11	bo	121	1.541100324569e0	1.714006537
cfd-ventilation	11	bo	122	1.541100324569e0	1.741471610
cfd-ventilation	11	bo	123	1.541100324569e0	1.767858578
cfd-ventilation	11	bo	124	1.541100324569e0	1.795857624
cfd-ventilation	11	bo	125	1.541100324569e0	1.824188537
cfd-ventilation	11	bo	126	1.541100324569e0	1.849979362
cfd-ventilation	11	bo	127	1.541100324569e0	1.877646690
cfd-ventilation	11	bo	128	1.541100324569e0	1.906374773
cfd-ventilation	11	bo	129	1.541100324569e0	1.939393804
cfd-ventilation	11	bo	130	1.541100324569e0	1.968245460
cfd-ventilation	11	bo	131	1.541100324569e0	1.994801412
cfd-ventilation	11	bo	132	1.541100324569e0	2.024962337
cfd-ventilation	11	bo	133	1.541100324569e0	2.055486381
cfd-ventilation	11	bo	134	1.541100324569e0	2.084850228
cfd-ventilation	11	bo	135	1.541100324569e0	2.112821253
cfd-ventilation	11	bo	136	1.541100324569e0	2.140099772
cfd-ventilation	11	bo	137	1.541100324569e0	2.167547685
cfd-ventilation	11	bo	138	1.541100324569e0	2.197856244
cfd-ventilation	11	bo	139	1.541100324569e0	2.232498232
cfd-ventilation	11	bo	140	1.541100324569e0	2.266236659
cfd-ventilation	11	bo	141	1.541100324569e0	2.298654646
cfd-ventilation	11	bo	142	1.541100324569e0	2.332640400
cfd-ventilation	11	bo	143	1.541100324569e0	2.367758120
cfd-ventilation	11	bo	144	1.541100324569e0	2.400669949
cfd-ventilation	11	bo	145	1.541100324569e0	2.431215643
cfd-ventilation	11	bo	146	1.541100324569e0	2.461735396
cfd-ventilation	11	bo	147	1.541100324569e0	2.496967938
cfd-ventilation	11	bo	148	1.541100324569e0	2.530077632
cfd-ventilation	11	bo	149	1.541100324569e0	2.562950160
cfd-ventilation	11	bo	150	1.541100324569e0	2.602155294
cfd-ventilation	11	bo	151	1.541100324569e0	2.634808377
cfd-ventilation	11	bo	152	1.541100324569e0	2.670947051
cfd-ventilation	11	bo	153	1.541100324569e0	2.708939337
cfd-ventilation	11	bo	154	1.541100324569e0	2.744487996
cfd-ventilation	11	bo	155	1.541100324569e0	2.780620469
cfd-ventilation	11	bo	156	1.541100324569e0	2.817803827
cfd-ventilation	11	bo	157	1.541100324569e0	2.851077074
cfd-ventilation	11	bo	158	1.541100324569e0	2.890547414
cfd-ventilation	11	bo	159	1.541100324569e0	2.925428568
cfd-ventilation	11	bo	160	1.541100324569e0	2.961772045
cfd-ventilation	12	de	1	2.057146628679e1	0.000014391
cfd-ventilation	12	de	2	1.648729544108e0	0.000015151
cfd-ventilation	12	de	3	1.648729544108e0	0.000015581
cfd-ventilation	12	de	4	1.644062351084e0	0.000016091
cfd-ventilation	12	de	5	1.644062351084e0	0.000016611
cfd-ventilation	12	de	6	1.644062351084e0	0.000018311
cfd-ventilation	12	de	7	1.644062351084e0	0.000018831
cfd-ventilation	12	de	8	1.644062351084e0	0.000021471
cfd-ventilation	12	de	9	1.644062351084e0	0.000021611
cfd-ventilation	12	de	10	1.638010846515e0	0.000022591
cfd-ventilation	12	de	11	1.638010846515e0	0.000022761
cfd-ventilation	12	de	12	1.638010846515e0	0.000022931
cfd-ventilation	12	de	13	1.638010846515e0	0.000023121
cfd-ventilation	12	de	14	1.638010846515e0	0.000023271
cfd-ventilation	12	de	15	1.638010846515e0	0.000023391
cfd-ventilation	12	de	16	1.638010846515e0	0.000023551
cfd-ventilation	12	de	17	1.638010846515e0	0.000032421
cfd-ventilation	12	de	18	1.638010846515e0	0.000033351
cfd-ventilation	12	de	19	1.638010846515e0	0.000033491
cfd-ventilation	12	de	20	1.636821092409e0	0.000033671
cfd-ventilation	12	de	21	1.636821092409e0	0.000033821
cfd-ventilation	12	de	22	1.636821092409e0	0.000033891
cfd-ventilation	12	de	23	1.636821092409e0	0.000034041
cfd-ventilation	12	de	24	1.636821092409e0	0.000034191
cfd-ventilation	12	de	25	1.636821092409e0	0.000034341
cfd-ventilation	12	de	26	1.636821092409e0	0.000034421
cfd-ventilation	12	de	27	1.636821092409e0	0.000034491
cfd-ventilation	12	de	28	1.636821092409e0	0.000035071
cfd-ventilation	12	de	29	1.636821092409e0	0.000035491
cfd-ventilation	12	de	30	1.636821092409e0	0.000035621
cfd-ventilation	12	de	31	1.636821092409e0	0.000035771
cfd-ventilation	12	de	32	1.636821092409e0	0.000035851
cfd-ventilation	12	de	33	1.636821092409e0	0.000047001
cfd-ventilation	12	de	34	1.634590558879e0	0.000047741
cfd-ventilation	12	de	35	1.634580048363e0	0.000047821
cfd-ventilation	12	de	36	1.633836573449e0	0.000047891
cfd-ventilation	12	de	37	1.632935756277e0	0.000047961
cfd-ventilation	12	de	38	1.632701613006e0	0.000048091
cfd-ventilation	12	de	39	1.631570700872e0	0.000048171
cfd-ventilation	12	de	40	1.631570700872e0	0.000048241
cfd-ventilation	12	de	41	1.631304416713e0	0.000048311
cfd-ventilation	12	de	42	1.631304416713e0	0.000048371
cfd-ventilation	12	de	43	1.631304416713e0	0.000048451
cfd-ventilation	12	de	44	1.631304416713e0	0.000048611
cfd-ventilation	12	de	45	1.631304416713e0	0.000048681
cfd-ventilation	12	de	46	1.631304416713e0	0.000048821
cfd-ventilation	12	de	47	1.631304416713e0	0.000048951
cfd-ventilation	12	de	48	1.631304416713e0	0.000049111
cfd-ventilation	12	de	49	1.631304416713e0	0.000056531
cfd-ventilation	12	de	50	1.631304416713e0	0.000056601
cfd-ventilation	12	de	51	1.631304416713e0	0.000056741
cfd-ventilation	12	de	52	1.631304416713e0	0.000056941
cfd-ventilation	12	de	53	1.631304416713e0	0.000057081
cfd-ventilation	12	de	54	1.631304416713e0	0.000057281
cfd-ventilation	12	de	55	1.630078391010e0	0.000057361
cfd-ventilation	12	de	56	1.630078391010e0	0.000057431
cfd-ventilation	12	de	57	1.630078391010e0	0.000057691
cfd-ventilation	12	de	58	1.630078391010e0	0.000057761
cfd-ventilation	12	de	59	1.630078391010e0	0.000057831
cfd-ventilation	12	de	60	1.629980130717e0	0.000057911
cfd-ventilation	12	de	61	1.629980130717e0	0.000057981
cfd-ventilation	12	de	62	1.629980130717e0	0.000058111
cfd-ventilation	12	de	63	1.629980130717e0	0.000058181
cfd-ventilation	12	de	64	1.629980130717e0	0.000058251
cfd-ventilation	12	de	65	1.627928282941e0	0.000066091
cfd-ventilation	12	de	66	1.627928282941e0	0.000067001
cfd-ventilation	12	de	67	1.621282762755e0	0.000067081
cfd-ventilation	12	de	68	1.621282762755e0	0.000067151
cfd-ventilation	12	de	69	1.621282762755e0	0.000067221
cfd-ventilation	12	de	70	1.621282762755e0	0.000067281
cfd-ventilation	12	de	71	1.621282762755e0	0.000067881
cfd-ventilation	12	de	72	1.621282762755e0	0.000068411
cfd-ventilation	12	de	73	1.621282762755e0	0.000068871
cfd-ventilation	12	de	74	1.621282762755e0	0.000069211
cfd-ventilation	12	de	75	1.621282762755e0	0.000069531
cfd-ventilation	12	de	76	1.621282762755e0	0.000069871
cfd-ventilation	12	de	77	1.621282762755e0	0.000070021
cfd-ventilation	12	de	78	1.621282762755e0	0.000070161
cfd-ventilation	12	de	79	1.621282762755e0	0.000070461
cfd-ventilation	12	de	80	1.621282762755e0	0.000070601
cfd-ventilation	12	de	81	1.621282762755e0	0.000080001
cfd-ventilation	12	de	82	1.621282762755e0	0.000080431
cfd-ventilation	12	de	83	1.621282762755e0	0.000080711
cfd-ventilation	12	de	84	1.621282762755e0	0.000081141
cfd-ventilation	12	de	85	1.621282762755e0	0.000081901
cfd-ventilation	12	de	86	1.621282762755e0	0.000082661
cfd-ventilation	12	de	87	1.613043507083e0	0.000083181
cfd-ventilation	12	de	88	1.613043507083e0	0.000083521
cfd-ventilation	12	de	89	1.613043507083e0	0.000083801
cfd-ventilation	12	de	90	1.613043507083e0	0.000083931
cfd-ventilation	12	de	91	1.613043507083e0	0.000084001
cfd-ventilation	12	de	92	1.613043507083e0	0.000084551
cfd-ventilation	12	de	93	1.613043507083e0	0.000084621
cfd-ventilation	12	de	94	1.613043507083e0	0.000084811
cfd-ventilation	12	de	95	1.613043507083e0	0.000085061
cfd-ventilation	12	de	96	1.613043507083e0	0.000085131
cfd-ventilation	12	de	97	1.613043507083e0	0.000097821
cfd-ventilation	12	de	98	1.611856945193e0	0.000098001
cfd-ventilation	12	de	99	1.601524592878e0	0.000098081
cfd-ventilation	12	de	100	1.601524592878e0	0.000098251
cfd-ventilation	12	de	101	1.601187834469e0	0.000098351
cfd-ventilation	12	de	102	1.601187834469e0	0.000098811
cfd-ventilation	12	de	103	1.601187834469e0	0.000099151
cfd-ventilation	12	de	104	1.578809886963e0	0.000099381
cfd-ventilation	12	de	105	1.578809886963e0	0.000099531
cfd-ventilation	12	de	106	1.578809886963e0	0.000099661
cfd-ventilation	12	de	107	1.578809886963e0	0.000099801
cfd-ventilation	12	de	108	1.578809886963e0	0.000100061
cfd-ventilation	12	de	109	1.578809886963e0	0.000100221
cfd-ventilation	12	de	110	1.578809886963e0	0.000100361
cfd-ventilation	12	de	111	1.578809886963e0	0.000100581
cfd-ventilation	12	de	112	1.578809886963e0	0.000101001
cfd-ventilation	12	de	113	1.578809886963e0	0.000110071
cfd-ventilation	12	de	114	1.578809886963e0	0.000110281
cfd-ventilation	12	de	115	1.578809886963e0	0.000110461
cfd-ventilation	12	de	116	1.578809886963e0	0.000110801
cfd-ventilation	12	de	117	1.578809886963e0	0.000111141
cfd-ventilation	12	de	118	1.578809886963e0	0.000111301
cfd-ventilation	12	de	119	1.578809886963e0	0.000111391
cfd-ventilation	12	de	120	1.578809886963e0	0.000111541
cfd-ventilation	12	de	121	1.578809886963e0	0.000111691
cfd-ventilation	12	de	122	1.578809886963e0	0.000111961
cfd-ventilation	12	de	123	1.578809886963e0	0.000112021
cfd-ventilation	12	de	124	1.578809886963e0	0.000112161
cfd-ventilation	12	de	125	1.578809886963e0	0.000112291
cfd-ventilation	12	de	126	1.578809886963e0	0.000112371
cfd-ventilation	12	de	127	1.578809886963e0	0.000112501
cfd-ventilation	12	de	128	1.578809886963e0	0.000112581
cfd-ventilation	12	de	129	1.578809886963e0	0.000123041
cfd-ventilation	12	de	130	1.578809886963e0	0.000124161
cfd-ventilation	12	de	131	1.578809886963e0	0.000124311
cfd-ventilation	12	de	132	1.578809886963e0	0.000124451
cfd-ventilation	12	de	133	1.578809886963e0	0.000124521
cfd-ventilation	12	de	134	1.578809886963e0	0.000124631
cfd-ventilation	12	de	135	1.578809886963e0	0.000124831
cfd-ventilation	12	de	136	1.578809886963e0	0.000125281
cfd-ventilation	12	de	137	1.578809886963e0	0.000125731
cfd-ventilation	12	de	138	1.578809886963e0	0.000126011
cfd-ventilation	12	de	139	1.578809886963e0	0.000126241
cfd-ventilation	12	de	140	1.578809886963e0	0.000126411
cfd-ventilation	12	de	141	1.578809886963e0	0.000126511
cfd-ventilation	12	de	142	1.578809886963e0	0.000126771
cfd-ventilation	12	de	143	1.578809886963e0	0.000126931
cfd-ventilation	12	de	144	1.578809886963e0	0.000127331
cfd-ventilation	12	de	145	1.578809886963e0	0.000135031
cfd-ventilation	12	de	146	1.578809886963e0	0.000135121
cfd-ventilation	12	de	147	1.578809886963e0	0.000135211
cfd-ventilation	12	de	148	1.578809886963e0	0.000135771
cfd-ventilation	12	de	149	1.578809886963e0	0.000135911
cfd-ventilation	12	de	150	1.578809886963e0	0.000136161
cfd-ventilation	12	de	151	1.578809886963e0	0.000136251
cfd-ventilation	12	de	152	1.578809886963e0	0.000136321
cfd-ventilation	12	de	153	1.578809886963e0	0.000136561
cfd-ventilation	12	de	154	1.578809886963e0	0.000136801
cfd-ventilation	12	de	155	1.578809886963e0	0.000137151
cfd-ventilation	12	de	156	1.578809886963e0	0.000137221
cfd-ventilation	12	de	157	1.578809886963e0	0.000137361
cfd-ventilation	12	de	158	1.578809886963e0	0.000137521
cfd-ventilation	12	de	159	1.578809886963e0	0.000137601
cfd-ventilation	12	de	160	1.578809886963e0	0.000137671
cfd-ventilation	12	bo	1	1.653695252441e0	0.021966785
cfd-ventilation	12	bo	2	1.653695252441e0	0.021967655
cfd-ventilation	12	bo	3	1.653695252441e0	0.021968385
cfd-ventilation	12	bo	4	1.642971875213e0	0.021969145
cfd-ventilation	12	bo	5	1.642971875213e0	0.021970215
cfd-ventilation	12	bo	6	1.642971875213e0	0.021972395
cfd-ventilation	12	bo	7	1.642971875213e0	0.021973735
cfd-ventilation	12	bo	8	1.642971875213e0	0.021974185
cfd-ventilation	12	bo	9	1.642971875213e0	0.021975035
cfd-ventilation	12	bo	10	1.642971875213e0	0.021976405
cfd-ventilation	12	bo	11	1.642971875213e0	0.021976795
cfd-ventilation	12	bo	12	1.642971875213e0	0.021976955
cfd-ventilation	12	bo	13	1.642971875213e0	0.021977655
cfd-ventilation	12	bo	14	1.642971875213e0	0.021978185
cfd-ventilation	12	bo	15	1.642971875213e0	0.021978295
cfd-ventilation	12	bo	16	1.642971875213e0	0.021978995
cfd-ventilation	12	bo	17	1.642971875213e0	0.033291106
cfd-ventilation	12	bo	18	1.642971875213e0	0.043200784
cfd-ventilation	12	bo	19	1.642971875213e0	0.053022170
cfd-ventilation	12	bo	20	1.642971875213e0	0.062810735
cfd-ventilation	12	bo	21	1.642971875213e0	0.072855376
cfd-ventilation	12	bo	22	1.642971875213e0	0.082838696
cfd-ventilation	12	bo	23	1.642971875213e0	0.092543200
cfd-ventilation	12	bo	24	1.635953552909e0	0.102038859
cfd-ventilation	12	bo	25	1.635953552909e0	0.112554191
cfd-ventilation	12	bo	26	1.635953552909e0	0.121941207
cfd-ventilation	12	bo	27	1.635953552909e0	0.131527318
cfd-ventilation	12	bo	28	1.635953552909e0	0.141717733
cfd-ventilation	12	bo	29	1.635953552909e0	0.151572279
cfd-ventilation	12	bo	30	1.635953552909e0	0.161411796
cfd-ventilation	12	bo	31	1.583234952834e0	0.171293204
cfd-ventilation	12	bo	32	1.583234952834e0	0.181378296
cfd-ventilation	12	bo	33	1.583234952834e0	0.191596512
cfd-ventilation	12	bo	34	1.583234952834e0	0.201491359
cfd-ventilation	12	bo	35	1.583234952834e0	0.212278978
cfd-ventilation	12	bo	36	1.583234952834e0	0.224621782
cfd-ventilation	12	bo	37	1.583234952834e0	0.235582734
cfd-ventilation	12	bo	38	1.583234952834e0	0.247312294
cfd-ventilation	12	bo	39	1.583234952834e0	0.258353008
cfd-ventilation	12	bo	40	1.583234952834e0	0.268726367
cfd-ventilation	12	bo	41	1.583234952834e0	0.280345654
cfd-ventilation	12	bo	42	1.583234952834e0	0.293237791
cfd-ventilation	12	bo	43	1.583234952834e0	0.304456420
cfd-ventilation	12	bo	44	1.583234952834e0	0.316571479
cfd-ventilation	12	bo	45	1.583234952834e0	0.328234577
cfd-ventilation	12	bo	46	1.583234952834e0	0.340272204
cfd-ventilation	12	bo	47	1.583234952834e0	0.353830546
cfd-ventilation	12	bo	48	1.583234952834e0	0.367729116
cfd-ventilation	12	bo	49	1.583234952834e0	0.381148535
cfd-ventilation	12	bo	50	1.583234952834e0	0.394188585
cfd-ventilation	12	bo	51	1.583234952834e0	0.407531432
cfd-ventilation	12	bo	52	1.583234952834e0	0.420309216
cfd-ventilation	12	bo	53	1.583234952834e0	0.433021699
cfd-ventilation	12	bo	54	1.583234952834e0	0.447092353
cfd-ventilation	12	bo	55	1.583234952834e0	0.459302854
cfd-ventilation	12	bo	56	1.583234952834e0	0.473057591
cfd-ventilation	12	bo	57	1.583234952834e0	0.486059720
cfd-ventilation	12	bo	58	1.583234952834e0	0.499267724
cfd-ventilation	12	bo	59	1.583234952834e0	0.512258883
cfd-ventilation	12	bo	60	1.583234952834e0	0.525975048
cfd-ventilation	12	bo	61	1.582391487693e0	0.538836594
cfd-ventilation	12	bo	62	1.582391487693e0	0.552609951
cfd-ventilation	12	bo	63	1.582391487693e0	0.565469287
cfd-ventilation	12	bo	64	1.582391487693e0	0.579683414
cfd-ventilation	12	bo	65	1.582391487693e0	0.594385933
cfd-ventilation	12	bo	66	1.582391487693e0	0.609312737
cfd-ventilation	12	bo	67	1.582391487693e0	0.623804060
cfd-ventilation	12	bo	68	1.582391487693e0	0.638714063
cfd-ventilation	12	bo	69	1.582391487693e0	0.653795630
cfd-ventilation	12	bo	70	1.582391487693e0	0.668903008
cfd-ventilation	12	bo	71	1.582391487693e0	0.683843322
cfd-ventilation	12	bo	72	1.582391487693e0	0.698733845
cfd-ventilation	12	bo	73	1.582391487693e0	0.714097949
cfd-ventilation	12	bo	74	1.582391487693e0	0.729694778
cfd-ventilation	12	bo	75	1.582391487693e0	0.745464221
cfd-ventilation	12	bo	76	1.582391487693e0	0.760918766
cfd-ventilation	12	bo	77	1.582391487693e0	0.777395365
cfd-ventilation	12	bo	78	1.582391487693e0	0.794447117
cfd-ventilation	12	bo	79	1.582391487693e0	0.810904325
cfd-ventilation	12	bo	80	1.582391487693e0	0.828821767
cfd-ventilation	12	bo	81	1.582391487693e0	0.846515364
cfd-ventilation	12	bo	82	1.582391487693e0	0.864114039
cfd-ventilation	12	bo	83	1.582391487693e0	0.881622582
cfd-ventilation	12	bo	84	1.582391487693e0	0.898658734
cfd-ventilation	12	bo	85	1.582391487693e0	0.916517185
cfd-ventilation	12	bo	86	1.582391487693e0	0.934929508
cfd-ventilation	12	bo	87	1.582391487693e0	0.952814260
cfd-ventilation	12	bo	88	1.582391487693e0	0.971010229
cfd-ventilation	12	bo	89	1.582391487693e0	0.989090775
cfd-ventilation	12	bo	90	1.582391487693e0	1.007814516
cfd-ventilation	12	bo	91	1.582391487693e0	1.026682370
cfd-ventilation	12	bo	92	1.582391487693e0	1.045933973
cfd-ventilation	12	bo	93	1.582391487693e0	1.065717138
cfd-ventilation	12	bo	94	1.582391487693e0	1.085939213
cfd-ventilation	12	bo	95	1.582391487693e0	1.105852151
cfd-ventilation	12	bo	96	1.582391487693e0	1.125879022
cfd-ventilation	12	bo	97	1.582391487693e0	1.145631446
cfd-ventilation	12	bo	98	1.582391487693e0	1.165397460
cfd-ventilation	12	bo	99	1.582391487693e0	1.186732881
cfd-ventilation	12	bo	100	1.582391487693e0	1.207307284
cfd-ventilation	12	bo	101	1.582391487693e0	1.229420113
cfd-ventilation	12	bo	102	1.582391487693e0	1.252783491
cfd-ventilation	12	bo	103	1.582391487693e0	1.274608483
cfd-ventilation	12	bo	104	1.582391487693e0	1.295516024
cfd-ventilation	12	bo	105	1.582391487693e0	1.318918272
cfd-ventilation	12	bo	106	1.582391487693e0	1.341404379
cfd-ventilation	12	bo	107	1.582391487693e0	1.363252051
cfd-ventilation	12	bo	108	1.582391487693e0	1.385160885
cfd-ventilation	12	bo	109	1.582391487693e0	1.409713080
cfd-ventilation	12	bo	110	1.582391487693e0	1.432632547
cfd-ventilation	12	bo	111	1.582391487693e0	1.456983807
cfd-ventilation	12	bo	112	1.582391487693e0	1.481157663
cfd-ventilation	12	bo	113	1.582391487693e0	1.505157065
cfd-ventilation	12	bo	114	1.582391487693e0	1.528107083
cfd-ventilation	12	bo	115	1.582391487693e0	1.553062577
cfd-ventilation	12	bo	116	1.582391487693e0	1.576867945
cfd-ventilation	12	bo	117	1.582391487693e0	1.601434970
cfd-ventilation	12	bo	118	1.582391487693e0	1.626178319
cfd-ventilation	12	bo	119	1.582391487693e0	1.652164437
cfd-ventilation	12	bo	120	1.582391487693e0	1.675786080
cfd-ventilation	12	bo	121	1.582391487693e0	1.698639066
cfd-ventilation	12	bo	122	1.582391487693e0	1.725787600
cfd-ventilation	12	bo	123	1.582391487693e0	1.749670309
cfd-ventilation	12	bo	124	1.582391487693e0	1.775769389
cfd-ventilation	12	bo	125	1.582391487693e0	1.803106658
cfd-ventilation	12	bo	126	1.582391487693e0	1.831740877
cfd-ventilation	12	bo	127	1.582391487693e0	1.856898636
cfd-ventilation	12	bo	128	1.582391487693e0	1.881284017
cfd-ventilation	12	bo	129	1.582391487693e0	1.911482212
cfd-ventilation	12	bo	130	1.582391487693e0	1.941089032
cfd-ventilation	12	bo	131	1.582391487693e0	1.975170225
cfd-ventilation	12	bo	132	1.582391487693e0	2.002831701
cfd-ventilation	12	bo	133	1.582391487693e0	2.034468318
cfd-ventilation	12	bo	134	1.582391487693e0	2.063844713
cfd-ventilation	12	bo	135	1.582391487693e0	2.095710435
cfd-ventilation	12	bo	136	1.582391487693e0	2.127743111
cfd-ventilation	12	bo	137	1.582391487693e0	2.159930761
cfd-ventilation	12	bo	138	1.582391487693e0	2.190169356
cfd-ventilation	12	bo	139	1.582391487693e0	2.217979446
cfd-ventilation	12	bo	140	1.582391487693e0	2.251141338
cfd-ventilation	12	bo	141	1.582391487693e0	2.281156178
cfd-ventilation	12	bo	142	1.582391487693e0	2.312134070
cfd-ventilation	12	bo	143	1.582391487693e0	2.346581782
cfd-ventilation	12	bo	144	1.582391487693e0	2.384239958
cfd-ventilation	12	bo	145	1.582391487693e0	2.415747402
cfd-ventilation	12	bo	146	1.582391487693e0	2.450607463
cfd-ventilation	12	bo	147	1.582391487693e0	2.484116573
cfd-ventilation	12	bo	148	1.582391487693e0	2.521316479
cfd-ventilation	12	bo	149	1.582391487693e0	2.553007637
cfd-ventilation	12	bo	150	1.582391487693e0	2.588418460
cfd-ventilation	12	bo	151	1.582391487693e0	2.626085936
cfd-ventilation	12	bo	152	1.582391487693e0	2.660087478
cfd-ventilation	12	bo	153	1.582391487693e0	2.694027258
cfd-ventilation	12	bo	154	1.582391487693e0	2.731375906
cfd-ventilation	12	bo	155	1.563785667303e0	2.768828767
cfd-ventilation	12	bo	156	1.563785667303e0	2.805542331
cfd-ventilation	12	bo	157	1.563785667303e0	2.843854961
cfd-ventilation	12	bo	158	1.563785667303e0	2.885134989
cfd-ventilation	12	bo	159	1.563785667303e0	2.924337169
cfd-ventilation	12	bo	160	1.563785667303e0	2.963631191
cfd-ventilation	13	de	1	8.912037596613e0	0.000012861
cfd-ventilation	13	de	2	1.830937081334e0	0.000013871
cfd-ventilation	13	de	3	1.830937081334e0	0.000014811
cfd-ventilation	13	de	4	1.830937081334e0	0.000015421
cfd-ventilation	13	de	5	1.830937081334e0	0.000015891
cfd-ventilation	13	de	6	1.830937081334e0	0.000017051
cfd-ventilation	13	de	7	1.830937081334e0	0.000017521
cfd-ventilation	13	de	8	1.830937081334e0	0.000017931
cfd-ventilation	13	de	9	1.830937081334e0	0.000018211
cfd-ventilation	13	de	10	1.830937081334e0	0.000019351
cfd-ventilation	13	de	11	1.830937081334e0	0.000019651
cfd-ventilation	13	de	12	1.830937081334e0	0.000019921
cfd-ventilation	13	de	13	1.814788457904e0	0.000020171
cfd-ventilation	13	de	14	1.814788457904e0	0.000020521
cfd-ventilation	13	de	15	1.780519223101e0	0.000020721
cfd-ventilation	13	de	16	1.780519223101e0	0.000020961
cfd-ventilation	13	de	17	1.705924346811e0	0.000031151
cfd-ventilation	13	de	18	1.705924346811e0	0.000031941
cfd-ventilation	13	de	19	1.705924346811e0	0.000032201
cfd-ventilation	13	de	20	1.705924346811e0	0.000032771
cfd-ventilation	13	de	21	1.705924346811e0	0.000033391
cfd-ventilation	13	de	22	1.705924346811e0	0.000033901
cfd-ventilation	13	de	23	1.705924346811e0	0.000034201
cfd-ventilation	13	de	24	1.705924346811e0	0.000034591
cfd-ventilation	13	de	25	1.705924346811e0	0.000034811
cfd-ventilation	13	de	26	1.705924346811e0	0.000035201
cfd-ventilation	13	de	27	1.705924346811e0	0.000035481
cfd-ventilation	13	de	28	1.705924346811e0	0.000035731
cfd-ventilation	13	de	29	1.705924346811e0	0.000035911
cfd-ventilation	13	de	30	1.705924346811e0	0.000036001
cfd-ventilation	13	de	31	1.705924346811e0	0.000036081
cfd-ventilation	13	de	32	1.705924346811e0	0.000036151
cfd-ventilation	13	de	33	1.705924346811e0	0.000047342
cfd-ventilation	13	de	34	1.679989666330e0	0.000048552
cfd-ventilation	13	de	35	1.679989666330e0	0.000048792
cfd-ventilation	13	de	36	1.679989666330e0	0.000049782
cfd-ventilation	13	de	37	1.679989666330e0	0.000050032
cfd-ventilation	13	de	38	1.679989666330e0	0.000050162
cfd-ventilation	13	de	39	1.679989666330e0	0.000050342
cfd-ventilation	13	de	40	1.679989666330e0	0.000050922
cfd-ventilation	13	de	41	1.679989666330e0	0.000052032
cfd-ventilation	13	de	42	1.679989666330e0	0.000052832
cfd-ventilation	13	de	43	1.679989666330e0	0.000053422
cfd-ventilation	13	de	44	1.679989666330e0	0.000053812
cfd-ventilation	13	de	45	1.679989666330e0	0.000054632
cfd-ventilation	13	de	46	1.679989666330e0	0.000055292
cfd-ventilation	13	de	47	1.679989666330e0	0.000055882
cfd-ventilation	13	de	48	1.679989666330e0	0.000056242
cfd-ventilation	13	de	49	1.679989666330e0	0.000065363
cfd-ventilation	13	de	50	1.673701544772e0	0.000065763
cfd-ventilation	13	de	51	1.663312156188e0	0.000066193
cfd-ventilation	13	de	52	1.663312156188e0	0.000066723
cfd-ventilation	13	de	53	1.653862799419e0	0.000066903
cfd-ventilation	13	de	54	1.653862799419e0	0.000067133
cfd-ventilation	13	de	55	1.653862799419e0	0.000067383
cfd-ventilation	13	de	56	1.653862799419e0	0.000067633
cfd-ventilation	13	de	57	1.653862799419e0	0.000067863
cfd-ventilation	13	de	58	1.653862799419e0	0.000068083
cfd-ventilation	13	de	59	1.653862799419e0	0.000068703
cfd-ventilation	13	de	60	1.653862799419e0	0.000068913
cfd-ventilation	13	de	61	1.653862799419e0	0.000069093
cfd-ventilation	13	de	62	1.653862799419e0	0.000069293
cfd-ventilation	13	de	63	1.653862799419e0	0.000069463
cfd-ventilation	13	de	64	1.653862799419e0	0.000069643
cfd-ventilation	13	de	65	1.653862799419e0	0.000078704
cfd-ventilation	13	de	66	1.651158866375e0	0.000079704
cfd-ventilation	13	de	67	1.646879978761e0	0.000080114
cfd-ventilation	13	de	68	1.646879978761e0	0.000080704
cfd-ventilation	13	de	69	1.639904525837e0	0.000080834
cfd-ventilation	13	de	70	1.639816983198e0	0.000081274
cfd-ventilation	13	de	71	1.639816983198e0	0.000081934
cfd-ventilation	13	de	72	1.639816983198e0	0.000082384
cfd-ventilation	13	de	73	1.639816983198e0	0.000082804
cfd-ventilation	13	de	74	1.639816983198e0	0.000083094
cfd-ventilation	13	de	75	1.639816983198e0	0.000083284
cfd-ventilation	13	de	76	1.639816983198e0	0.000083574
cfd-ventilation	13	de	77	1.639816983198e0	0.000083964
cfd-ventilation	13	de	78	1.639816983198e0	0.000084654
cfd-ventilation	13	de	79	1.639816983198e0	0.000084964
cfd-ventilation	13	de	80	1.632454956902e0	0.000085385
cfd-ventilation	13	de	81	1.632454956902e0	0.000097935
cfd-ventilation	13	de	82	1.632454956902e0	0.000098235
cfd-ventilation	13	de	83	1.632454956902e0	0.000098395
cfd-ventilation	13	de	84	1.632454956902e0	0.000098555
cfd-ventilation	13	de	85	1.632454956902e0	0.000098695
cfd-ventilation	13	de	86	1.632454956902e0	0.000098855
cfd-ventilation	13	de	87	1.632454956902e0	0.000099005
cfd-ventilation	13	de	88	1.632454956902e0	0.000099135
cfd-ventilation	13	de	89	1.632454956902e0	0.000099285
cfd-ventilation	13	de	90	1.632454956902e0	0.000099535
cfd-ventilation	13	de	91	1.632454956902e0	0.000099685
cfd-ventilation	13	de	92	1.632454956902e0	0.000099835
cfd-ventilation	13	de	93	1.632454956902e0	0.000099945
cfd-ventilation	13	de	94	1.632454956902e0	0.000100055
cfd-ventilation	13	de	95	1.632454956902e0	0.000100345
cfd-ventilation	13	de	96	1.632454956902e0	0.000100515
cfd-ventilation	13	de	97	1.632454956902e0	0.000109506
cfd-ventilation	13	de	98	1.632454956902e0	0.000109706
cfd-ventilation	13	de	99	1.632454956902e0	0.000110006
cfd-ventilation	13	de	100	1.632454956902e0	0.000110156
cfd-ventilation	13	de	101	1.632454956902e0	0.000110276
cfd-ventilation	13	de	102	1.632454956902e0	0.000110446
cfd-ventilation	13	de	103	1.632454956902e0	0.000110596
cfd-ventilation	13	de	104	1.632454956902e0	0.000110676
cfd-ventilation	13	de	105	1.632454956902e0	0.000110766
cfd-ventilation	13	de	106	1.632454956902e0	0.000110967
cfd-ventilation	13	de	107	1.632454956902e0	0.000111047
cfd-ventilation	13	de	108	1.632454956902e0	0.000111247
cfd-ventilation	13	de	109	1.632454956902e0	0.000111397
cfd-ventilation	13	de	110	1.632454956902e0	0.000111937
cfd-ventilation	13	de	111	1.632454956902e0	0.000112207
cfd-ventilation	13	de	112	1.631480747835e0	0.000112527
cfd-ventilation	13	de	113	1.631480747835e0	0.000124168
cfd-ventilation	13	de	114	1.631480747835e0	0.000124588
cfd-ventilation	13	de	115	1.631480747835e0	0.000124978
cfd-ventilation	13	de	116	1.631149822472e0	0.000125388
cfd-ventilation	13	de	117	1.631149822472e0	0.000126098
cfd-ventilation	13	de	118	1.631149822472e0	0.000126838
cfd-ventilation	13	de	119	1.631149822472e0	0.000127158
cfd-ventilation	13	de	120	1.631149822472e0	0.000127558
cfd-ventilation	13	de	121	1.631149822472e0	0.000127848
cfd-ventilation	13	de	122	1.631149822472e0	0.000128278
cfd-ventilation	13	de	123	1.631149822472e0	0.000128918
cfd-ventilation	13	de	124	1.631149822472e0	0.000129158
cfd-ventilation	13	de	125	1.631149822472e0	0.000129318
cfd-ventilation	13	de	126	1.631149822472e0	0.000129538
cfd-ventilation	13	de	127	1.631149822472e0	0.000129818
cfd-ventilation	13	de	128	1.631149822472e0	0.000130068
cfd-ventilation	13	de	129	1.631149822472e0	0.000138768
cfd-ventilation	13	de	130	1.631149822472e0	0.000140198
cfd-ventilation	13	de	131	1.631149822472e0	0.000140308
cfd-ventilation	13	de	132	1.631149822472e0	0.000140568
cfd-ventilation	13	de	133	1.631149822472e0	0.000140738
cfd-ventilation	13	de	134	1.631149822472e0	0.000140908
cfd-ventilation	13	de	135	1.631149822472e0	0.000141138
cfd-ventilation	13	de	136	1.631149822472e0	0.000141358
cfd-ventilation	13	de	137	1.631149822472e0	0.000141528
cfd-ventilation	13	de	138	1.631149822472e0	0.000141678
cfd-ventilation	13	de	139	1.631149822472e0	0.000142278
cfd-ventilation	13	de	140	1.631149822472e0	0.000142528
cfd-ventilation	13	de	141	1.631149822472e0	0.000142688
cfd-ventilation	13	de	142	1.631149822472e0	0.000142858
cfd-ventilation	13	de	143	1.631149822472e0	0.000143218
cfd-ventilation	13	de	144	1.631030857946e0	0.000143398
cfd-ventilation	13	de	145	1.631030857946e0	0.000152648
cfd-ventilation	13	de	146	1.631030857946e0	0.000152868
cfd-ventilation	13	de	147	1.631030857946e0	0.000153138
cfd-ventilation	13	de	148	1.631030857946e0	0.000153558
cfd-ventilation	13	de	149	1.631030857946e0	0.000153958
cfd-ventilation	13	de	150	1.631030857946e0	0.000154348
cfd-ventilation	13	de	151	1.631030857946e0	0.000154588
cfd-ventilation	13	de	152	1.631030857946e0	0.000154688
cfd-ventilation	13	de	153	1.631030857946e0	0.000154848
cfd-ventilation	13	de	154	1.630853752654e0	0.000155018
cfd-ventilation	13	de	155	1.630853752654e0	0.000155178
cfd-ventilation	13	de	156	1.630853752654e0	0.000155338
cfd-ventilation	13	de	157	1.630853752654e0	0.000155498
cfd-ventilation	13	de	158	1.630853752654e0	0.000155568
cfd-ventilation	13	de	159	1.630853752654e0	0.000155648
cfd-ventilation	13	de	160	1.630853752654e0	0.000155718
cfd-ventilation	13	bo	1	1.339613996800e1	0.022206250
cfd-ventilation	13	bo	2	1.740651746894e0	0.022207690
cfd-ventilation	13	bo	3	1.643569743705e0	0.022208950
cfd-ventilation	13	bo	4	1.643569743705e0	0.022210170
cfd-ventilation	13	bo	5	1.643569743705e0	0.022211110
cfd-ventilation	13	bo	6	1.600952731556e0	0.022212120
cfd-ventilation	13	bo	7	1.600952731556e0	0.022212790
cfd-ventilation	13	bo	8	1.600952731556e0	0.022213710
cfd-ventilation	13	bo	9	1.600952731556e0	0.022214230
cfd-ventilation	13	bo	10	1.600952731556e0	0.022215550
cfd-ventilation	13	bo	11	1.600952731556e0	0.022216590
cfd-ventilation	13	bo	12	1.600952731556e0	0.022217350
cfd-ventilation	13	bo	13	1.600952731556e0	0.022218310
cfd-ventilation	13	bo	14	1.600952731556e0	0.022219260
cfd-ventilation	13	bo	15	1.600952731556e0	0.022220280
cfd-ventilation	13	bo	16	1.600952731556e0	0.022220760
cfd-ventilation	13	bo	17	1.600952731556e0	0.032899375
cfd-ventilation	13	bo	18	1.600952731556e0	0.042160737
cfd-ventilation	13	bo	19	1.600952731556e0	0.052084124
cfd-ventilation	13	bo	20	1.600952731556e0	0.062498143
cfd-ventilation	13	bo	21	1.600952731556e0	0.072931612
cfd-ventilation	13	bo	22	1.600952731556e0	0.083226819
cfd-ventilation	13	bo	23	1.600952731556e0	0.094887556
cfd-ventilation	13	bo	24	1.600952731556e0	0.105044660
cfd-ventilation	13	bo	25	1.600952731556e0	0.115475179
cfd-ventilation	13	bo	26	1.600952731556e0	0.125519780
cfd-ventilation	13	bo	27	1.600952731556e0	0.135065999
cfd-ventilation	13	bo	28	1.600952731556e0	0.146596054
cfd-ventilation	13	bo	29	1.600952731556e0	0.156784098
cfd-ventilation	13	bo	30	1.600952731556e0	0.166808118
cfd-ventilation	13	bo	31	1.600952731556e0	0.178239621
cfd-ventilation	13	bo	32	1.600952731556e0	0.188806083
cfd-ventilation	13	bo	33	1.600952731556e0	0.199129160
cfd-ventilation	13	bo	34	1.600952731556e0	0.209281582
cfd-ventilation	13	bo	35	1.600952731556e0	0.221640565
cfd-ventilation	13	bo	36	1.600952731556e0	0.233176100
cfd-ventilation	13	bo	37	1.600952731556e0	0.244723725
cfd-ventilation	13	bo	38	1.600952731556e0	0.256023674
cfd-ventilation	13	bo	39	1.600952731556e0	0.267021516
cfd-ventilation	13	bo	40	1.600952731556e0	0.278325336
cfd-ventilation	13	bo	41	1.600952731556e0	0.290279790
cfd-ventilation	13	bo	42	1.600952731556e0	0.302281376
cfd-ventilation	13	bo	43	1.600952731556e0	0.315032039
cfd-ventilation	13	bo	44	1.600952731556e0	0.326789249
cfd-ventilation	13	bo	45	1.600952731556e0	0.338957738
cfd-ventilation	13	bo	46	1.600952731556e0	0.350660577
cfd-ventilation	13	bo	47	1.600952731556e0	0.362985980
cfd-ventilation	13	bo	48	1.600952731556e0	0.375255571
cfd-ventilation	13	bo	49	1.600952731556e0	0.387635525
cfd-ventilation	13	bo	50	1.600952731556e0	0.399833034
cfd-ventilation	13	bo	51	1.600952731556e0	0.411977412
cfd-ventilation	13	bo	52	1.600952731556e0	0.423761672
cfd-ventilation	13	bo	53	1.600952731556e0	0.436778231
cfd-ventilation	13	bo	54	1.600952731556e0	0.449601715
cfd-ventilation	13	bo	55	1.600952731556e0	0.464456826
cfd-ventilation	13	bo	56	1.600952731556e0	0.477196238
cfd-ventilation	13	bo	57	1.600952731556e0	0.490338369
cfd-ventilation	13	bo	58	1.600952731556e0	0.503666685
cfd-ventilation	13	bo	59	1.600952731556e0	0.516966620
cfd-ventilation	13	bo	60	1.600952731556e0	0.529867066
cfd-ventilation	13	bo	61	1.600952731556e0	0.545354251
cfd-ventilation	13	bo	62	1.600952731556e0	0.559681380
cfd-ventilation	13	bo	63	1.600952731556e0	0.573923736
cfd-ventilation	13	bo	64	1.600952731556e0	0.589243077
cfd-ventilation	13	bo	65	1.600952731556e0	0.603460413
cfd-ventilation	13	bo	66	1.600952731556e0	0.617896924
cfd-ventilation	13	bo	67	1.600952731556e0	0.631968777
cfd-ventilation	13	bo	68	1.600952731556e0	0.645700102
cfd-ventilation	13	bo	69	1.600952731556e0	0.663871409
cfd-ventilation	13	bo	70	1.600952731556e0	0.679001856
cfd-ventilation	13	bo	71	1.600952731556e0	0.694942382
cfd-ventilation	13	bo	72	1.600952731556e0	0.711543553
cfd-ventilation	13	bo	73	1.600952731556e0	0.726411334
cfd-ventilation	13	bo	74	1.600952731556e0	0.743090157
cfd-ventilation	13	bo	75	1.600952731556e0	0.760172530
cfd-ventilation	13	bo	76	1.600952731556e0	0.779443742
cfd-ventilation	13	bo	77	1.600952731556e0	0.797368543
cfd-ventilation	13	bo	78	1.600952731556e0	0.816030651
cfd-ventilation	13	bo	79	1.600952731556e0	0.834293260
cfd-ventilation	13	bo	80	1.600952731556e0	0.851285770
cfd-ventilation	13	bo	81	1.600952731556e0	0.867058202
cfd-ventilation	13	bo	82	1.600952731556e0	0.885086856
cfd-ventilation	13	bo	83	1.600952731556e0	0.902449875
cfd-ventilation	13	bo	84	1.600952731556e0	0.919642979
cfd-ventilation	13	bo	85	1.600952731556e0	0.936872124
cfd-ventilation	13	bo	86	1.600952731556e0	0.955169293
cfd-ventilation	13	bo	87	1.600952731556e0	0.978000396
cfd-ventilation	13	bo	88	1.600952731556e0	0.997578054
cfd-ventilation	13	bo	89	1.600952731556e0	1.018239738
cfd-ventilation	13	bo	90	1.600952731556e0	1.038021742
cfd-ventilation	13	bo	91	1.600952731556e0	1.057687803
cfd-ventilation	13	bo	92	1.600952731556e0	1.075845740
cfd-ventilation	13	bo	93	1.600952731556e0	1.095621924
cfd-ventilation	13	bo	94	1.600952731556e0	1.115427239
cfd-ventilation	13	bo	95	1.600952731556e0	1.135019389
cfd-ventilation	13	bo	96	1.600952731556e0	1.155934179
cfd-ventilation	13	bo	97	1.600952731556e0	1.175009936
cfd-ventilation	13	bo	98	1.600952731556e0	1.193600032
cfd-ventilation	13	bo	99	1.600952731556e0	1.212406623
cfd-ventilation	13	bo	100	1.600952731556e0	1.232664897
cfd-ventilation	13	bo	101	1.600952731556e0	1.253895694
cfd-ventilation	13	bo	102	1.600952731556e0	1.273901863
cfd-ventilation	13	bo	103	1.600952731556e0	1.295157351
cfd-ventilation	13	bo	104	1.600952731556e0	1.316904780
cfd-ventilation	13	bo	105	1.600952731556e0	1.338662919
cfd-ventilation	13	bo	106	1.600952731556e0	1.360948980
cfd-ventilation	13	bo	107	1.600952731556e0	1.381363008
cfd-ventilation	13	bo	108	1.600952731556e0	1.404109210
cfd-ventilation	13	bo	109	1.600952731556e0	1.427573838
cfd-ventilation	13	bo	110	1.600952731556e0	1.448836136
cfd-ventilation	13	bo	111	1.600952731556e0	1.471713821
cfd-ventilation	13	bo	112	1.600952731556e0	1.495562178
cfd-ventilation	13	bo	113	1.600952731556e0	1.518748860
cfd-ventilation	13	bo	114	1.600952731556e0	1.541773808
cfd-ventilation	13	bo	115	1.600952731556e0	1.563287921
cfd-ventilation	13	bo	116	1.600952731556e0	1.584577859
cfd-ventilation	13	bo	117	1.600952731556e0	1.609921140
cfd-ventilation	13	bo	118	1.600952731556e0	1.636310225
cfd-ventilation	13	bo	119	1.600952731556e0	1.661993314
cfd-ventilation	13	bo	120	1.600952731556e0	1.687477608
cfd-ventilation	13	bo	121	1.600952731556e0	1.714159569
cfd-ventilation	13	bo	122	1.600952731556e0	1.740056173
cfd-ventilation	13	bo	123	1.600952731556e0	1.768423653
cfd-ventilation	13	bo	124	1.600952731556e0	1.792035254
cfd-ventilation	13	bo	125	1.600952731556e0	1.819787130
cfd-ventilation	13	bo	126	1.600952731556e0	1.847201698
cfd-ventilation	13	bo	127	1.600952731556e0	1.874031873
cfd-ventilation	13	bo	128	1.600952731556e0	1.899627950
cfd-ventilation	13	bo	129	1.600952731556e0	1.928608794
cfd-ventilation	13	bo	130	1.600952731556e0	1.958303125
cfd-ventilation	13	bo	131	1.600952731556e0	1.988415495
cfd-ventilation	13	bo	132	1.600952731556e0	2.016741094
cfd-ventilation	13	bo	133	1.600952731556e0	2.046947027
cfd-ventilation	13	bo	134	1.600952731556e0	2.075520332
cfd-ventilation	13	bo	135	1.600952731556e0	2.106499282
cfd-ventilation	13	bo	136	1.600952731556e0	2.133712506
cfd-ventilation	13	bo	137	1.600952731556e0	2.168899572
cfd-ventilation	13	bo	138	1.600952731556e0	2.197366124
cfd-ventilation	13	bo	139	1.600952731556e0	2.226446551
cfd-ventilation	13	bo	140	1.600952731556e0	2.259928368
cfd-ventilation	13	bo	141	1.600952731556e0	2.293466566
cfd-ventilation	13	bo	142	1.600952731556e0	2.330559445
cfd-ventilation	13	bo	143	1.600952731556e0	2.363949040
cfd-ventilation	13	bo	144	1.600952731556e0	2.396607478
cfd-ventilation	13	bo	145	1.600952731556e0	2.427294381
cfd-ventilation	13	bo	146	1.600952731556e0	2.464689678
cfd-ventilation	13	bo	147	1.600952731556e0	2.495949394
cfd-ventilation	13	bo	148	1.600952731556e0	2.532703956
cfd-ventilation	13	bo	149	1.600952731556e0	2.567703868
cfd-ventilation	13	bo	150	1.600952731556e0	2.603812235
cfd-ventilation	13	bo	151	1.600952731556e0	2.638812297
cfd-ventilation	13	bo	152	1.600952731556e0	2.671015515
cfd-ventilation	13	bo	153	1.600952731556e0	2.707220784
cfd-ventilation	13	bo	154	1.600952731556e0	2.744067348
cfd-ventilation	13	bo	155	1.600952731556e0	2.783375259
cfd-ventilation	13	bo	156	1.600952731556e0	2.818903633
cfd-ventilation	13	bo	157	1.600952731556e0	2.859074373
cfd-ventilation	13	bo	158	1.600952731556e0	2.898784622
cfd-ventilation	13	bo	159	1.600952731556e0	2.937505689
cfd-ventilation	13	bo	160	1.600952731556e0	2.979777307
cfd-ventilation	14	de	1	3.424272576013e0	0.000018271
cfd-ventilation	14	de	2	3.424272576013e0	0.000019081
cfd-ventilation	14	de	3	3.424272576013e0	0.000019411
cfd-ventilation	14	de	4	2.883649697523e0	0.000019641
cfd-ventilation	14	de	5	1.640554707429e0	0.000020281
cfd-ventilation	14	de	6	1.640554707429e0	0.000021451
cfd-ventilation	14	de	7	1.640554707429e0	0.000022551
cfd-ventilation	14	de	8	1.640554707429e0	0.000023171
cfd-ventilation	14	de	9	1.640554707429e0	0.000023931
cfd-ventilation	14	de	10	1.640554707429e0	0.000025281
cfd-ventilation	14	de	11	1.640554707429e0	0.000025831
cfd-ventilation	14	de	12	1.640554707429e0	0.000026391
cfd-ventilation	14	de	13	1.640554707429e0	0.000027121
cfd-ventilation	14	de	14	1.640554707429e0	0.000027661
cfd-ventilation	14	de	15	1.640554707429e0	0.000028101
cfd-ventilation	14	de	16	1.640554707429e0	0.000028671
cfd-ventilation	14	de	17	1.640554707429e0	0.000039241
cfd-ventilation	14	de	18	1.640554707429e0	0.000040601
cfd-ventilation	14	de	19	1.640554707429e0	0.000041361
cfd-ventilation	14	de	20	1.640554707429e0	0.000042081
cfd-ventilation	14	de	21	1.640388647118e0	0.000042411
cfd-ventilation	14	de	22	1.640388647118e0	0.000042871
cfd-ventilation	14	de	23	1.640388647118e0	0.000043721
cfd-ventilation	14	de	24	1.640388647118e0	0.000044701
cfd-ventilation	14	de	25	1.640388647118e0	0.000045261
cfd-ventilation	14	de	26	1.640388647118e0	0.000045781
cfd-ventilation	14	de	27	1.640388647118e0	0.000046571
cfd-ventilation	14	de	28	1.640388647118e0	0.000047191
cfd-ventilation	14	de	29	1.639612499002e0	0.000048111
cfd-ventilation	14	de	30	1.636329878045e0	0.000048721
cfd-ventilation	14	de	31	1.635742024060e0	0.000049531
cfd-ventilation	14	de	32	1.635742024060e0	0.000050301
cfd-ventilation	14	de	33	1.635742024060e0	0.000063351
cfd-ventilation	14	de	34	1.635742024060e0	0.000064711
cfd-ventilation	14	de	35	1.635742024060e0	0.000065791
cfd-ventilation	14	de	36	1.635742024060e0	0.000066121
cfd-ventilation	14	de	37	1.635742024060e0	0.000067101
cfd-ventilation	14	de	38	1.634545403860e0	0.000067781
cfd-ventilation	14	de	39	1.634545403860e0	0.000068621
cfd-ventilation	14	de	40	1.634545403860e0	0.000069611
cfd-ventilation	14	de	41	1.634545403860e0	0.000071371
cfd-ventilation	14	de	42	1.634545403860e0	0.000073111
cfd-ventilation	14	de	43	1.634545403860e0	0.000073611
cfd-ventilation	14	de	44	1.632948418343e0	0.000074341
cfd-ventilation	14	de	45	1.632948418343e0	0.000075571
cfd-ventilation	14	de	46	1.632948418343e0	0.000076381
cfd-ventilation	14	de	47	1.632948418343e0	0.000077251
cfd-ventilation	14	de	48	1.632948418343e0	0.000078061
cfd-ventilation	14	de	49	1.632948418343e0	0.000089511
cfd-ventilation	14	de	50	1.632494671089e0	0.000090391
cfd-ventilation	14	de	51	1.632494671089e0	0.000090751
cfd-ventilation	14	de	52	1.632494671089e0	0.000090971
cfd-ventilation	14	de	53	1.632494671089e0	0.000091081
cfd-ventilation	14	de	54	1.632494671089e0	0.000091431
cfd-ventilation	14	de	55	1.632494671089e0	0.000091571
cfd-ventilation	14	de	56	1.632494671089e0	0.000091641
cfd-ventilation	14	de	57	1.632494671089e0	0.000091711
cfd-ventilation	14	de	58	1.632494671089e0	0.000091781
cfd-ventilation	14	de	59	1.632494671089e0	0.000092281
cfd-ventilation	14	de	60	1.632494671089e0	0.000092341
cfd-ventilation	14	de	61	1.632494671089e0	0.000092421
cfd-ventilation	14	de	62	1.632494671089e0	0.000092541
cfd-ventilation	14	de	63	1.632494671089e0	0.000092651
cfd-ventilation	14	de	64	1.632494671089e0	0.000092731
cfd-ventilation	14	de	65	1.632494671089e0	0.000100101
cfd-ventilation	14	de	66	1.632494671089e0	0.000101682
cfd-ventilation	14	de	67	1.632494671089e0	0.000102332
cfd-ventilation	14	de	68	1.632494671089e0	0.000102782
cfd-ventilation	14	de	69	1.632021039394e0	0.000103172
cfd-ventilation	14	de	70	1.632021039394e0	0.000103302
cfd-ventilation	14	de	71	1.632021039394e0	0.000103632
cfd-ventilation	14	de	72	1.632021039394e0	0.000103862
cfd-ventilation	14	de	73	1.632021039394e0	0.000103992
cfd-ventilation	14	de	74	1.631184556036e0	0.000104062
cfd-ventilation	14	de	75	1.631184556036e0	0.000104292
cfd-ventilation	14	de	76	1.631184556036e0	0.000104362
cfd-ventilation	14	de	77	1.631184556036e0	0.000104492
cfd-ventilation	14	de	78	1.631184556036e0	0.000104562
cfd-ventilation	14	de	79	1.631184556036e0	0.000104762
cfd-ventilation	14	de	80	1.631184556036e0	0.000104992
cfd-ventilation	14	de	81	1.631184556036e0	0.000114162
cfd-ventilation	14	de	82	1.631184556036e0	0.000114672
cfd-ventilation	14	de	83	1.631184556036e0	0.000114812
cfd-ventilation	14	de	84	1.631184556036e0	0.000114882
cfd-ventilation	14	de	85	1.631184556036e0	0.000114952
cfd-ventilation	14	de	86	1.631184556036e0	0.000115082
cfd-ventilation	14	de	87	1.631184556036e0	0.000115212
cfd-ventilation	14	de	88	1.631184556036e0	0.000115352
cfd-ventilation	14	de	89	1.631184556036e0	0.000115542
cfd-ventilation	14	de	90	1.631184556036e0	0.000115622
cfd-ventilation	14	de	91	1.631184556036e0	0.000115682
cfd-ventilation	14	de	92	1.631184556036e0	0.000115912
cfd-ventilation	14	de	93	1.631184556036e0	0.000116152
cfd-ventilation	14	de	94	1.631184556036e0	0.000116292
cfd-ventilation	14	de	95	1.631184556036e0	0.000116512
cfd-ventilation	14	de	96	1.631184556036e0	0.000116662
cfd-ventilation	14	de	97	1.630480404905e0	0.000125753
cfd-ventilation	14	de	98	1.630480404905e0	0.000125823
cfd-ventilation	14	de	99	1.630480404905e0	0.000125883
cfd-ventilation	14	de	100	1.630480404905e0	0.000125963
cfd-ventilation	14	de	101	1.630480404905e0	0.000126033
cfd-ventilation	14	de	102	1.629365402254e0	0.000126093
cfd-ventilation	14	de	103	1.629365402254e0	0.000126163
cfd-ventilation	14	de	104	1.629365402254e0	0.000126333
cfd-ventilation	14	de	105	1.629365402254e0	0.000126413
cfd-ventilation	14	de	106	1.629365402254e0	0.000126533
cfd-ventilation	14	de	107	1.629365402254e0	0.000127453
cfd-ventilation	14	de	108	1.629365402254e0	0.000127583
cfd-ventilation	14	de	109	1.629365402254e0	0.000127893
cfd-ventilation	14	de	110	1.629365402254e0	0.000128013
cfd-ventilation	14	de	111	1.629365402254e0	0.000128213
cfd-ventilation	14	de	112	1.629365402254e0	0.000128313
cfd-ventilation	14	de	113	1.628844868120e0	0.000136503
cfd-ventilation	14	de	114	1.628844868120e0	0.000136703
cfd-ventilation	14	de	115	1.628844868120e0	0.000136773
cfd-ventilation	14	de	116	1.628844868120e0	0.000136843
cfd-ventilation	14	de	117	1.628844868120e0	0.000137233
cfd-ventilation	14	de	118	1.628844868120e0	0.000137423
cfd-ventilation	14	de	119	1.628844868120e0	0.000137493
cfd-ventilation	14	de	120	1.628844868120e0	0.000137863
cfd-ventilation	14	de	121	1.628844868120e0	0.000138113
cfd-ventilation	14	de	122	1.628844868120e0	0.000138183
cfd-ventilation	14	de	123	1.628844868120e0	0.000138323
cfd-ventilation	14	de	124	1.628844868120e0	0.000138803
cfd-ventilation	14	de	125	1.628844868120e0	0.000138883
cfd-ventilation	14	de	126	1.628844868120e0	0.000138953
cfd-ventilation	14	de	127	1.628844868120e0	0.000139023
cfd-ventilation	14	de	128	1.628844868120e0	0.000139093
cfd-ventilation	14	de	129	1.621871497503e0	0.000147853
cfd-ventilation	14	de	130	1.621871497503e0	0.000148973
cfd-ventilation	14	de	131	1.621871497503e0	0.000149183
cfd-ventilation	14	de	132	1.621871497503e0	0.000149263
cfd-ventilation	14	de	133	1.615620571508e0	0.000149323
cfd-ventilation	14	de	134	1.612510556631e0	0.000149433
cfd-ventilation	14	de	135	1.605064559010e0	0.000149703
cfd-ventilation	14	de	136	1.605064559010e0	0.000149893
cfd-ventilation	14	de	137	1.605064559010e0	0.000149963
cfd-ventilation	14	de	138	1.605064559010e0	0.000150043
cfd-ventilation	14	de	139	1.605064559010e0	0.000150213
cfd-ventilation	14	de	140	1.605064559010e0	0.000150273
cfd-ventilation	14	de	141	1.605064559010e0	0.000150343
cfd-ventilation	14	de	142	1.605064559010e0	0.000150423
cfd-ventilation	14	de	143	1.605064559010e0	0.000150493
cfd-ventilation	14	de	144	1.605064559010e0	0.000150633
cfd-ventilation	14	de	145	1.605064559010e0	0.000161593
cfd-ventilation	14	de	146	1.532426494311e0	0.000162333
cfd-ventilation	14	de	147	1.532426494311e0	0.000162783
cfd-ventilation	14	de	148	1.532426494311e0	0.000163363
cfd-ventilation	14	de	149	1.532426494311e0	0.000164173
cfd-ventilation	14	de	150	1.532426494311e0	0.000165293
cfd-ventilation	14	de	151	1.532426494311e0	0.000165913
cfd-ventilation	14	de	152	1.530893424046e0	0.000166233
cfd-ventilation	14	de	153	1.530893424046e0	0.000166303
cfd-ventilation	14	de	154	1.527936465989e0	0.000166523
cfd-ventilation	14	de	155	1.527936465989e0	0.000166653
cfd-ventilation	14	de	156	1.523552863299e0	0.000166773
cfd-ventilation	14	de	157	1.523552863299e0	0.000166843
cfd-ventilation	14	de	158	1.523552863299e0	0.000166903
cfd-ventilation	14	de	159	1.523552863299e0	0.000166983
cfd-ventilation	14	de	160	1.523552863299e0	0.000167203
cfd-ventilation	14	bo	1	3.715541063403e0	0.022541196
cfd-ventilation	14	bo	2	1.639100817564e0	0.022542246
cfd-ventilation	14	bo	3	1.639100817564e0	0.022543076
cfd-ventilation	14	bo	4	1.639100817564e0	0.022543466
cfd-ventilation	14	bo	5	1.635639958619e0	0.022544286
cfd-ventilation	14	bo	6	1.635639958619e0	0.022544897
cfd-ventilation	14	bo	7	1.635639958619e0	0.022545217
cfd-ventilation	14	bo	8	1.635639958619e0	0.022545657
cfd-ventilation	14	bo	9	1.635639958619e0	0.022546277
cfd-ventilation	14	bo	10	1.635639958619e0	0.022547817
cfd-ventilation	14	bo	11	1.635639958619e0	0.022548047
cfd-ventilation	14	bo	12	1.635639958619e0	0.022548257
cfd-ventilation	14	bo	13	1.635639958619e0	0.022548567
cfd-ventilation	14	bo	14	1.635639958619e0	0.022548857
cfd-ventilation	14	bo	15	1.635639958619e0	0.022549147
cfd-ventilation	14	bo	16	1.635639958619e0	0.022549267
cfd-ventilation	14	bo	17	1.635639958619e0	0.033380715
cfd-ventilation	14	bo	18	1.635639958619e0	0.042941754
cfd-ventilation	14	bo	19	1.635639958619e0	0.051888788
cfd-ventilation	14	bo	20	1.635639958619e0	0.061322773
cfd-ventilation	14	bo	21	1.635639958619e0	0.070958113
cfd-ventilation	14	bo	22	1.635639958619e0	0.081249459
cfd-ventilation	14	bo	23	1.635639958619e0	0.092811614
cfd-ventilation	14	bo	24	1.635639958619e0	0.104480631
cfd-ventilation	14	bo	25	1.635639958619e0	0.115402631
cfd-ventilation	14	bo	26	1.635639958619e0	0.127423236
cfd-ventilation	14	bo	27	1.635639958619e0	0.138112681
cfd-ventilation	14	bo	28	1.635639958619e0	0.147705171
cfd-ventilation	14	bo	29	1.635639958619e0	0.159032630
cfd-ventilation	14	bo	30	1.635639958619e0	0.169325195
cfd-ventilation	14	bo	31	1.635639958619e0	0.180190804
cfd-ventilation	14	bo	32	1.635639958619e0	0.190661024
cfd-ventilation	14	bo	33	1.635639958619e0	0.202330380
cfd-ventilation	14	bo	34	1.635639958619e0	0.213238899
cfd-ventilation	14	bo	35	1.635639958619e0	0.223357391
cfd-ventilation	14	bo	36	1.635639958619e0	0.234942306
cfd-ventilation	14	bo	37	1.635639958619e0	0.245568799
cfd-ventilation	14	bo	38	1.635639958619e0	0.256554880
cfd-ventilation	14	bo	39	1.635639958619e0	0.268443442
cfd-ventilation	14	bo	40	1.635639958619e0	0.279551156
cfd-ventilation	14	bo	41	1.635639958619e0	0.291075009
cfd-ventilation	14	bo	42	1.635639958619e0	0.302922140
cfd-ventilation	14	bo	43	1.635639958619e0	0.315130449
cfd-ventilation	14	bo	44	1.635639958619e0	0.326632742
cfd-ventilation	14	bo	45	1.635639958619e0	0.338667737
cfd-ventilation	14	bo	46	1.635639958619e0	0.350521508
cfd-ventilation	14	bo	47	1.635639958619e0	0.361856797
cfd-ventilation	14	bo	48	1.635639958619e0	0.375308064
cfd-ventilation	14	bo	49	1.635639958619e0	0.386786577
cfd-ventilation	14	bo	50	1.635639958619e0	0.398231309
cfd-ventilation	14	bo	51	1.635639958619e0	0.410716245
cfd-ventilation	14	bo	52	1.635639958619e0	0.423889167
cfd-ventilation	14	bo	53	1.635639958619e0	0.435598194
cfd-ventilation	14	bo	54	1.635639958619e0	0.448354565
cfd-ventilation	14	bo	55	1.635639958619e0	0.461131137
cfd-ventilation	14	bo	56	1.635639958619e0	0.474760729
cfd-ventilation	14	bo	57	1.635639958619e0	0.489659009
cfd-ventilation	14	bo	58	1.635639958619e0	0.502511743
cfd-ventilation	14	bo	59	1.635639958619e0	0.515849089
cfd-ventilation	14	bo	60	1.635639958619e0	0.529694256
cfd-ventilation	14	bo	61	1.635639958619e0	0.543545053
cfd-ventilation	14	bo	62	1.635639958619e0	0.556900929
cfd-ventilation	14	bo	63	1.635639958619e0	0.572274171
cfd-ventilation	14	bo	64	1.635639958619e0	0.586454855
cfd-ventilation	14	bo	65	1.635639958619e0	0.601142071
cfd-ventilation	14	bo	66	1.635639958619e0	0.615892290
cfd-ventilation	14	bo	67	1.635639958619e0	0.631321342
cfd-ventilation	14	bo	68	1.635639958619e0	0.646921709
cfd-ventilation	14	bo	69	1.635639958619e0	0.664609584
cfd-ventilation	14	bo	70	1.635639958619e0	0.679757900
cfd-ventilation	14	bo	71	1.635639958619e0	0.696024242
cfd-ventilation	14	bo	72	1.635639958619e0	0.712393506
cfd-ventilation	14	bo	73	1.635639958619e0	0.727328518
cfd-ventilation	14	bo	74	1.635639958619e0	0.742806912
cfd-ventilation	14	bo	75	1.634150005516e0	0.758566162
cfd-ventilation	14	bo	76	1.634150005516e0	0.773214487
cfd-ventilation	14	bo	77	1.634150005516e0	0.789114331
cfd-ventilation	14	bo	78	1.634150005516e0	0.805543207
cfd-ventilation	14	bo	79	1.634150005516e0	0.822091046
cfd-ventilation	14	bo	80	1.634150005516e0	0.838846070
cfd-ventilation	14	bo	81	1.634150005516e0	0.854328954
cfd-ventilation	14	bo	82	1.634150005516e0	0.870649727
cfd-ventilation	14	bo	83	1.634150005516e0	0.887981143
cfd-ventilation	14	bo	84	1.634150005516e0	0.905179676
cfd-ventilation	14	bo	85	1.634150005516e0	0.923070045
cfd-ventilation	14	bo	86	1.634150005516e0	0.940648356
cfd-ventilation	14	bo	87	1.634150005516e0	0.959889526
cfd-ventilation	14	bo	88	1.634150005516e0	0.978204524
cfd-ventilation	14	bo	89	1.634150005516e0	0.996222796
cfd-ventilation	14	bo	90	1.634150005516e0	1.014445902
cfd-ventilation	14	bo	91	1.634150005516e0	1.033243652
cfd-ventilation	14	bo	92	1.634150005516e0	1.051845327
cfd-ventilation	14	bo	93	1.634150005516e0	1.071025866
cfd-ventilation	14	bo	94	1.634150005516e0	1.090400439
cfd-ventilation	14	bo	95	1.634150005516e0	1.108706967
cfd-ventilation	14	bo	96	1.634150005516e0	1.126834022
cfd-ventilation	14	bo	97	1.634150005516e0	1.145311344
cfd-ventilation	14	bo	98	1.634150005516e0	1.164301108
cfd-ventilation	14	bo	99	1.634150005516e0	1.181709836
cfd-ventilation	14	bo	100	1.634150005516e0	1.202017820
cfd-ventilation	14	bo	101	1.634150005516e0	1.219926589
cfd-ventilation	14	bo	102	1.634150005516e0	1.241645456
cfd-ventilation	14	bo	103	1.634150005516e0	1.262009312
cfd-ventilation	14	bo	104	1.610866977245e0	1.284425865
cfd-ventilation	14	bo	105	1.610866977245e0	1.306818847
cfd-ventilation	14	bo	106	1.610866977245e0	1.329915505
cfd-ventilation	14	bo	107	1.610866977245e0	1.349196086
cfd-ventilation	14	bo	108	1.610866977245e0	1.370510974
cfd-ventilation	14	bo	109	1.610866977245e0	1.393254724
cfd-ventilation	14	bo	110	1.610866977245e0	1.415408240
cfd-ventilation	14	bo	111	1.610866977245e0	1.438616621
cfd-ventilation	14	bo	112	1.610866977245e0	1.461804111
cfd-ventilation	14	bo	113	1.610866977245e0	1.484247213
cfd-ventilation	14	bo	114	1.610866977245e0	1.507825342
cfd-ventilation	14	bo	115	1.610866977245e0	1.529854965
cfd-ventilation	14	bo	116	1.610866977245e0	1.553560947
cfd-ventilation	14	bo	117	1.610866977245e0	1.577513235
cfd-ventilation	14	bo	118	1.610866977245e0	1.600447719
cfd-ventilation	14	bo	119	1.610866977245e0	1.623744661
cfd-ventilation	14	bo	120	1.610866977245e0	1.648432605
cfd-ventilation	14	bo	121	1.610866977245e0	1.673749394
cfd-ventilation	14	bo	122	1.610866977245e0	1.699319768
cfd-ventilation	14	bo	123	1.610866977245e0	1.727655136
cfd-ventilation	14	bo	124	1.610866977245e0	1.752689938
cfd-ventilation	14	bo	125	1.610866977245e0	1.779709116
cfd-ventilation	14	bo	126	1.610866977245e0	1.805772351
cfd-ventilation	14	bo	127	1.610866977245e0	1.829801090
cfd-ventilation	14	bo	128	1.610866977245e0	1.856776877
cfd-ventilation	14	bo	129	1.610866977245e0	1.887758704
cfd-ventilation	14	bo	130	1.610866977245e0	1.927285437
cfd-ventilation	14	bo	131	1.610866977245e0	1.955007900
cfd-ventilation	14	bo	132	1.610866977245e0	1.983318637
cfd-ventilation	14	bo	133	1.610866977245e0	2.014001148
cfd-ventilation	14	bo	134	1.610866977245e0	2.043803158
cfd-ventilation	14	bo	135	1.610866977245e0	2.073481546
cfd-ventilation	14	bo	136	1.610866977245e0	2.104559086
cfd-ventilation	14	bo	137	1.610866977245e0	2.135382360
cfd-ventilation	14	bo	138	1.610866977245e0	2.161994408
cfd-ventilation	14	bo	139	1.610866977245e0	2.193531979
cfd-ventilation	14	bo	140	1.610866977245e0	2.223649717
cfd-ventilation	14	bo	141	1.610866977245e0	2.252119697
cfd-ventilation	14	bo	142	1.610866977245e0	2.284498266
cfd-ventilation	14	bo	143	1.610866977245e0	2.318063763
cfd-ventilation	14	bo	144	1.610866977245e0	2.352294265
cfd-ventilation	14	bo	145	1.610866977245e0	2.384795048
cfd-ventilation	14	bo	146	1.610866977245e0	2.414472626
cfd-ventilation	14	bo	147	1.610866977245e0	2.448128644
cfd-ventilation	14	bo	148	1.610866977245e0	2.482213972
cfd-ventilation	14	bo	149	1.577206052738e0	2.520058677
cfd-ventilation	14	bo	150	1.577206052738e0	2.556776095
cfd-ventilation	14	bo	151	1.577206052738e0	2.591801235
cfd-ventilation	14	bo	152	1.577206052738e0	2.628189616
cfd-ventilation	14	bo	153	1.577206052738e0	2.667983435
cfd-ventilation	14	bo	154	1.577206052738e0	2.706230149
cfd-ventilation	14	bo	155	1.577206052738e0	2.738677810
cfd-ventilation	14	bo	156	1.577206052738e0	2.774527899
cfd-ventilation	14	bo	157	1.577206052738e0	2.812161179
cfd-ventilation	14	bo	158	1.577206052738e0	2.846763009
cfd-ventilation	14	bo	159	1.577206052738e0	2.881296418
cfd-ventilation	14	bo	160	1.577206052738e0	2.919998381
cfd-ventilation	15	de	1	1.658895951744e0	0.000013610
cfd-ventilation	15	de	2	1.658895951744e0	0.000014550
cfd-ventilation	15	de	3	1.653603638892e0	0.000014900
cfd-ventilation	15	de	4	1.653603638892e0	0.000015150
cfd-ventilation	15	de	5	1.653603638892e0	0.000015480
cfd-ventilation	15	de	6	1.653603638892e0	0.000016300
cfd-ventilation	15	de	7	1.653603638892e0	0.000017130
cfd-ventilation	15	de	8	1.653603638892e0	0.000017800
cfd-ventilation	15	de	9	1.653603638892e0	0.000018430
cfd-ventilation	15	de	10	1.653603638892e0	0.000019680
cfd-ventilation	15	de	11	1.653603638892e0	0.000020100
cfd-ventilation	15	de	12	1.653603638892e0	0.000020700
cfd-ventilation	15	de	13	1.653603638892e0	0.000020920
cfd-ventilation	15	de	14	1.653603638892e0	0.000021500
cfd-ventilation	15	de	15	1.653603638892e0	0.000021740
cfd-ventilation	15	de	16	1.653603638892e0	0.000021990
cfd-ventilation	15	de	17	1.653603638892e0	0.000031270
cfd-ventilation	15	de	18	1.653603638892e0	0.000032110
cfd-ventilation	15	de	19	1.653603638892e0	0.000032440
cfd-ventilation	15	de	20	1.653603638892e0	0.000032700
cfd-ventilation	15	de	21	1.653603638892e0	0.000033240
cfd-ventilation	15	de	22	1.648563007933e0	0.000033640
cfd-ventilation	15	de	23	1.648563007933e0	0.000033980
cfd-ventilation	15	de	24	1.648563007933e0	0.000034480
cfd-ventilation	15	de	25	1.648563007933e0	0.000034640
cfd-ventilation	15	de	26	1.648563007933e0	0.000034800
cfd-ventilation	15	de	27	1.648563007933e0	0.000035510
cfd-ventilation	15	de	28	1.648563007933e0	0.000036240
cfd-ventilation	15	de	29	1.648563007933e0	0.000036550
cfd-ventilation	15	de	30	1.648563007933e0	0.000036970
cfd-ventilation	15	de	31	1.648563007933e0	0.000037100
cfd-ventilation	15	de	32	1.648563007933e0	0.000037400
cfd-ventilation	15	de	33	1.648563007933e0	0.000050150
cfd-ventilation	15	de	34	1.648563007933e0	0.000051320
cfd-ventilation	15	de	35	1.648563007933e0	0.000051500
cfd-ventilation	15	de	36	1.648563007933e0	0.000051840
cfd-ventilation	15	de	37	1.648563007933e0	0.000052210
cfd-ventilation	15	de	38	1.648563007933e0	0.000052570
cfd-ventilation	15	de	39	1.648563007933e0	0.000052790
cfd-ventilation	15	de	40	1.648563007933e0	0.000053030
cfd-ventilation	15	de	41	1.648563007933e0	0.000053490
cfd-ventilation	15	de	42	1.648563007933e0	0.000053910
cfd-ventilation	15	de	43	1.648563007933e0	0.000054600
cfd-ventilation	15	de	44	1.642062371503e0	0.000055310
cfd-ventilation	15	de	45	1.642062371503e0	0.000055470
cfd-ventilation	15	de	46	1.642062371503e0	0.000055720
cfd-ventilation	15	de	47	1.642062371503e0	0.000055950
cfd-ventilation	15	de	48	1.642062371503e0	0.000056030
cfd-ventilation	15	de	49	1.630055491670e0	0.000064740
cfd-ventilation	15	de	50	1.630055491670e0	0.000064910
cfd-ventilation	15	de	51	1.630055491670e0	0.000065230
cfd-ventilation	15	de	52	1.630055491670e0	0.000065370
cfd-ventilation	15	de	53	1.630055491670e0	0.000065500
cfd-ventilation	15	de	54	1.630055491670e0	0.000065640
cfd-ventilation	15	de	55	1.630055491670e0	0.000065710
cfd-ventilation	15	de	56	1.630055491670e0	0.000065780
cfd-ventilation	15	de	57	1.630055491670e0	0.000065850
cfd-ventilation	15	de	58	1.630055491670e0	0.000065920
cfd-ventilation	15	de	59	1.630055491670e0	0.000065990
cfd-ventilation	15	de	60	1.630055491670e0	0.000066130
cfd-ventilation	15	de	61	1.630055491670e0	0.000066670
cfd-ventilation	15	de	62	1.630055491670e0	0.000066940
cfd-ventilation	15	de	63	1.630055491670e0	0.000067020
cfd-ventilation	15	de	64	1.630055491670e0	0.000067170
cfd-ventilation	15	de	65	1.630055491670e0	0.000075300
cfd-ventilation	15	de	66	1.624384850653e0	0.000076040
cfd-ventilation	15	de	67	1.624384850653e0	0.000076210
cfd-ventilation	15	de	68	1.624384850653e0	0.000076320
cfd-ventilation	15	de	69	1.624384850653e0	0.000076390
cfd-ventilation	15	de	70	1.624384850653e0	0.000076460
cfd-ventilation	15	de	71	1.624384850653e0	0.000076530
cfd-ventilation	15	de	72	1.624384850653e0	0.000076600
cfd-ventilation	15	de	73	1.624384850653e0	0.000076670
cfd-ventilation	15	de	74	1.624384850653e0	0.000076740
cfd-ventilation	15	de	75	1.624384850653e0	0.000076800
cfd-ventilation	15	de	76	1.612663252373e0	0.000076870
cfd-ventilation	15	de	77	1.612663252373e0	0.000076940
cfd-ventilation	15	de	78	1.612663252373e0	0.000077010
cfd-ventilation	15	de	79	1.612663252373e0	0.000077180
cfd-ventilation	15	de	80	1.612663252373e0	0.000077330
cfd-ventilation	15	de	81	1.612663252373e0	0.000084260
cfd-ventilation	15	de	82	1.612663252373e0	0.000084780
cfd-ventilation	15	de	83	1.612663252373e0	0.000084990
cfd-ventilation	15	de	84	1.612663252373e0	0.000085350
cfd-ventilation	15	de	85	1.612663252373e0	0.000085460
cfd-ventilation	15	de	86	1.612663252373e0	0.000085580
cfd-ventilation	15	de	87	1.612663252373e0	0.000085820
cfd-ventilation	15	de	88	1.612663252373e0	0.000085930
cfd-ventilation	15	de	89	1.611697071113e0	0.000086000
cfd-ventilation	15	de	90	1.611697071113e0	0.000086070
cfd-ventilation	15	de	91	1.611697071113e0	0.000086300
cfd-ventilation	15	de	92	1.611697071113e0	0.000086370
cfd-ventilation	15	de	93	1.611697071113e0	0.000086621
cfd-ventilation	15	de	94	1.611697071113e0	0.000086811
cfd-ventilation	15	de	95	1.611697071113e0	0.000086991
cfd-ventilation	15	de	96	1.611697071113e0	0.000087191
cfd-ventilation	15	de	97	1.611697071113e0	0.000097362
cfd-ventilation	15	de	98	1.611697071113e0	0.000097432
cfd-ventilation	15	de	99	1.611697071113e0	0.000097502
cfd-ventilation	15	de	100	1.611697071113e0	0.000097572
cfd-ventilation	15	de	101	1.611697071113e0	0.000097642
cfd-ventilation	15	de	102	1.611697071113e0	0.000097712
cfd-ventilation	15	de	103	1.606847011663e0	0.000097782
cfd-ventilation	15	de	104	1.606847011663e0	0.000097852
cfd-ventilation	15	de	105	1.606847011663e0	0.000097922
cfd-ventilation	15	de	106	1.606847011663e0	0.000097982
cfd-ventilation	15	de	107	1.606847011663e0	0.000098062
cfd-ventilation	15	de	108	1.606847011663e0	0.000098152
cfd-ventilation	15	de	109	1.606847011663e0	0.000098232
cfd-ventilation	15	de	110	1.508080521097e0	0.000098302
cfd-ventilation	15	de	111	1.508080521097e0	0.000098772
cfd-ventilation	15	de	112	1.508080521097e0	0.000098882
cfd-ventilation	15	de	113	1.508080521097e0	0.000105762
cfd-ventilation	15	de	114	1.508080521097e0	0.000106102
cfd-ventilation	15	de	115	1.508080521097e0	0.000106252
cfd-ventilation	15	de	116	1.508080521097e0	0.000106432
cfd-ventilation	15	de	117	1.508080521097e0	0.000106662
cfd-ventilation	15	de	118	1.508080521097e0	0.000106802
cfd-ventilation	15	de	119	1.508080521097e0	0.000106872
cfd-ventilation	15	de	120	1.508080521097e0	0.000106942
cfd-ventilation	15	de	121	1.508080521097e0	0.000107072
cfd-ventilation	15	de	122	1.508080521097e0	0.000107142
cfd-ventilation	15	de	123	1.508080521097e0	0.000107272
cfd-ventilation	15	de	124	1.508080521097e0	0.000107342
cfd-ventilation	15	de	125	1.508080521097e0	0.000107412
cfd-ventilation	15	de	126	1.508080521097e0	0.000107482
cfd-ventilation	15	de	127	1.508080521097e0	0.000107642
cfd-ventilation	15	de	128	1.508080521097e0	0.000107712
cfd-ventilation	15	de	129	1.508080521097e0	0.000115432
cfd-ventilation	15	de	130	1.508080521097e0	0.000116322
cfd-ventilation	15	de	131	1.508080521097e0	0.000116412
cfd-ventilation	15	de	132	1.508080521097e0	0.000116482
cfd-ventilation	15	de	133	1.508080521097e0	0.000116772
cfd-ventilation	15	de	134	1.508080521097e0	0.000117162
cfd-ventilation	15	de	135	1.508080521097e0	0.000117322
cfd-ventilation	15	de	136	1.508080521097e0	0.000117602
cfd-ventilation	15	de	137	1.508080521097e0	0.000117672
cfd-ventilation	15	de	138	1.508080521097e0	0.000117742
cfd-ventilation	15	de	139	1.508080521097e0	0.000117922
cfd-ventilation	15	de	140	1.508080521097e0	0.000117992
cfd-ventilation	15	de	141	1.508080521097e0	0.000118062
cfd-ventilation	15	de	142	1.508080521097e0	0.000118142
cfd-ventilation	15	de	143	1.508080521097e0	0.000118282
cfd-ventilation	15	de	144	1.508080521097e0	0.000118772
cfd-ventilation	15	de	145	1.508080521097e0	0.000126892
cfd-ventilation	15	de	146	1.508080521097e0	0.000126962
cfd-ventilation	15	de	147	1.508080521097e0	0.000127032
cfd-ventilation	15	de	148	1.508080521097e0	0.000127162
cfd-ventilation	15	de	149	1.508080521097e0	0.000127242
cfd-ventilation	15	de	150	1.508080521097e0	0.000127312
cfd-ventilation	15	de	151	1.508080521097e0	0.000127402
cfd-ventilation	15	de	152	1.508080521097e0	0.000127472
cfd-ventilation	15	de	153	1.508080521097e0	0.000127542
cfd-ventilation	15	de	154	1.508080521097e0	0.000127642
cfd-ventilation	15	de	155	1.508080521097e0	0.000127772
cfd-ventilation	15	de	156	1.508080521097e0	0.000127842
cfd-ventilation	15	de	157	1.508080521097e0	0.000127912
cfd-ventilation	15	de	158	1.508080521097e0	0.000127982
cfd-ventilation	15	de	159	1.508080521097e0	0.000128052
cfd-ventilation	15	de	160	1.508080521097e0	0.000128132
cfd-ventilation	15	bo	1	1.183714105359e1	0.021838278
cfd-ventilation	15	bo	2	1.684733322800e0	0.021839608
cfd-ventilation	15	bo	3	1.684733322800e0	0.021840338
cfd-ventilation	15	bo	4	1.684733322800e0	0.021840908
cfd-ventilation	15	bo	5	1.684733322800e0	0.021841688
cfd-ventilation	15	bo	6	1.671100907359e0	0.021843898
cfd-ventilation	15	bo	7	1.632054385283e0	0.021845048
cfd-ventilation	15	bo	8	1.632054385283e0	0.021846018
cfd-ventilation	15	bo	9	1.632054385283e0	0.021847148
cfd-ventilation	15	bo	10	1.632054385283e0	0.021848288
cfd-ventilation	15	bo	11	1.632054385283e0	0.021849218
cfd-ventilation	15	bo	12	1.632054385283e0	0.021850288
cfd-ventilation	15	bo	13	1.632054385283e0	0.021850998
cfd-ventilation	15	bo	14	1.632054385283e0	0.021851868
cfd-ventilation	15	bo	15	1.632054385283e0	0.021852458
cfd-ventilation	15	bo	16	1.632054385283e0	0.021853248
cfd-ventilation	15	bo	17	1.632054385283e0	0.032286366
cfd-ventilation	15	bo	18	1.632054385283e0	0.045330673
cfd-ventilation	15	bo	19	1.632054385283e0	0.054193655
cfd-ventilation	15	bo	20	1.632054385283e0	0.064025160
cfd-ventilation	15	bo	21	1.632054385283e0	0.073207249
cfd-ventilation	15	bo	22	1.632054385283e0	0.082467330
cfd-ventilation	15	bo	23	1.632054385283e0	0.091972996
cfd-ventilation	15	bo	24	1.632054385283e0	0.101712458
cfd-ventilation	15	bo	25	1.632054385283e0	0.113007316
cfd-ventilation	15	bo	26	1.632054385283e0	0.122723898
cfd-ventilation	15	bo	27	1.632054385283e0	0.132756407
cfd-ventilation	15	bo	28	1.632054385283e0	0.144608357
cfd-ventilation	15	bo	29	1.632054385283e0	0.154606315
cfd-ventilation	15	bo	30	1.632054385283e0	0.164832488
cfd-ventilation	15	bo	31	1.632054385283e0	0.176208088
cfd-ventilation	15	bo	32	1.632054385283e0	0.186684627
cfd-ventilation	15	bo	33	1.632054385283e0	0.197191427
cfd-ventilation	15	bo	34	1.632054385283e0	0.208481464
cfd-ventilation	15	bo	35	1.632054385283e0	0.218760529
cfd-ventilation	15	bo	36	1.632054385283e0	0.229522125
cfd-ventilation	15	bo	37	1.632054385283e0	0.243178956
cfd-ventilation	15	bo	38	1.632054385283e0	0.254278139
cfd-ventilation	15	bo	39	1.632054385283e0	0.265071435
cfd-ventilation	15	bo	40	1.632054385283e0	0.276466225
cfd-ventilation	15	bo	41	1.632054385283e0	0.289629266
cfd-ventilation	15	bo	42	1.632054385283e0	0.300793280
cfd-ventilation	15	bo	43	1.632054385283e0	0.312096437
cfd-ventilation	15	bo	44	1.632054385283e0	0.323358524
cfd-ventilation	15	bo	45	1.632054385283e0	0.334649881
cfd-ventilation	15	bo	46	1.632054385283e0	0.346237966
cfd-ventilation	15	bo	47	1.632054385283e0	0.359480468
cfd-ventilation	15	bo	48	1.632054385283e0	0.372143257
cfd-ventilation	15	bo	49	1.632054385283e0	0.384272063
cfd-ventilation	15	bo	50	1.632054385283e0	0.396340649
cfd-ventilation	15	bo	51	1.632054385283e0	0.408107128
cfd-ventilation	15	bo	52	1.632054385283e0	0.420653254
cfd-ventilation	15	bo	53	1.632054385283e0	0.433872356
cfd-ventilation	15	bo	54	1.632054385283e0	0.445950311
cfd-ventilation	15	bo	55	1.632054385283e0	0.458298252
cfd-ventilation	15	bo	56	1.632054385283e0	0.474680486
cfd-ventilation	15	bo	57	1.632054385283e0	0.488536662
cfd-ventilation	15	bo	58	1.632054385283e0	0.502032369
cfd-ventilation	15	bo	59	1.632054385283e0	0.515158459
cfd-ventilation	15	bo	60	1.632054385283e0	0.528777780
cfd-ventilation	15	bo	61	1.632054385283e0	0.542416831
cfd-ventilation	15	bo	62	1.632054385283e0	0.557404703
cfd-ventilation	15	bo	63	1.632054385283e0	0.572328713
cfd-ventilation	15	bo	64	1.632054385283e0	0.586578108
cfd-ventilation	15	bo	65	1.632054385283e0	0.599797609
cfd-ventilation	15	bo	66	1.632054385283e0	0.613300227
cfd-ventilation	15	bo	67	1.632054385283e0	0.627994642
cfd-ventilation	15	bo	68	1.632054385283e0	0.644187671
cfd-ventilation	15	bo	69	1.632054385283e0	0.659532041
cfd-ventilation	15	bo	70	1.632054385283e0	0.675007035
cfd-ventilation	15	bo	71	1.632054385283e0	0.690662492
cfd-ventilation	15	bo	72	1.632054385283e0	0.706168915
cfd-ventilation	15	bo	73	1.632054385283e0	0.723361357
cfd-ventilation	15	bo	74	1.632054385283e0	0.739560676
cfd-ventilation	15	bo	75	1.632054385283e0	0.755695614
cfd-ventilation	15	bo	76	1.632054385283e0	0.771633247
cfd-ventilation	15	bo	77	1.632054385283e0	0.789317940
cfd-ventilation	15	bo	78	1.632054385283e0	0.805326314
cfd-ventilation	15	bo	79	1.632054385283e0	0.821457831
cfd-ventilation	15	bo	80	1.632054385283e0	0.837557439
cfd-ventilation	15	bo	81	1.632054385283e0	0.854188028
cfd-ventilation	15	bo	82	1.632054385283e0	0.871215916
cfd-ventilation	15	bo	83	1.632054385283e0	0.888806197
cfd-ventilation	15	bo	84	1.632054385283e0	0.906591433
cfd-ventilation	15	bo	85	1.632054385283e0	0.924910150
cfd-ventilation	15	bo	86	1.632054385283e0	0.943304400
cfd-ventilation	15	bo	87	1.632054385283e0	0.961562446
cfd-ventilation	15	bo	88	1.632054385283e0	0.980676192
cfd-ventilation	15	bo	89	1.632054385283e0	0.998395946
cfd-ventilation	15	bo	90	1.632054385283e0	1.020279555
cfd-ventilation	15	bo	91	1.632054385283e0	1.039977644
cfd-ventilation	15	bo	92	1.632054385283e0	1.062596099
cfd-ventilation	15	bo	93	1.632054385283e0	1.082023552
cfd-ventilation	15	bo	94	1.632054385283e0	1.100010092
cfd-ventilation	15	bo	95	1.632054385283e0	1.120351476
cfd-ventilation	15	bo	96	1.632054385283e0	1.140556466
cfd-ventilation	15	bo	97	1.632054385283e0	1.162369813
cfd-ventilation	15	bo	98	1.632054385283e0	1.184048397
cfd-ventilation	15	bo	99	1.632054385283e0	1.205756462
cfd-ventilation	15	bo	100	1.632054385283e0	1.227754023
cfd-ventilation	15	bo	101	1.632054385283e0	1.250633185
cfd-ventilation	15	bo	102	1.632054385283e0	1.270857266
cfd-ventilation	15	bo	103	1.632054385283e0	1.293147434
cfd-ventilation	15	bo	104	1.632054385283e0	1.316379034
cfd-ventilation	15	bo	105	1.632054385283e0	1.338556290
cfd-ventilation	15	bo	106	1.632054385283e0	1.360894169
cfd-ventilation	15	bo	107	1.632054385283e0	1.382017011
cfd-ventilation	15	bo	108	1.632054385283e0	1.405589938
cfd-ventilation	15	bo	109	1.632054385283e0	1.429126994
cfd-ventilation	15	bo	110	1.632054385283e0	1.452202430
cfd-ventilation	15	bo	111	1.632054385283e0	1.475671785
cfd-ventilation	15	bo	112	1.632054385283e0	1.499056178
cfd-ventilation	15	bo	113	1.632054385283e0	1.524449427
cfd-ventilation	15	bo	114	1.632054385283e0	1.547497023
cfd-ventilation	15	bo	115	1.632054385283e0	1.571912399
cfd-ventilation	15	bo	116	1.632054385283e0	1.596225383
cfd-ventilation	15	bo	117	1.632054385283e0	1.620145908
cfd-ventilation	15	bo	118	1.632054385283e0	1.643942940
cfd-ventilation	15	bo	119	1.632054385283e0	1.668363586
cfd-ventilation	15	bo	120	1.632054385283e0	1.693421547
cfd-ventilation	15	bo	121	1.632054385283e0	1.719053961
cfd-ventilation	15	bo	122	1.632054385283e0	1.743160680
cfd-ventilation	15	bo	123	1.632054385283e0	1.770137475
cfd-ventilation	15	bo	124	1.632054385283e0	1.796401964
cfd-ventilation	15	bo	125	1.632054385283e0	1.823745717
cfd-ventilation	15	bo	126	1.632054385283e0	1.850679731
cfd-ventilation	15	bo	127	1.632054385283e0	1.880032129
cfd-ventilation	15	bo	128	1.632054385283e0	1.907468354
cfd-ventilation	15	bo	129	1.632054385283e0	1.938494491
cfd-ventilation	15	bo	130	1.632054385283e0	1.967086343
cfd-ventilation	15	bo	131	1.632054385283e0	1.995815997
cfd-ventilation	15	bo	132	1.632054385283e0	2.025240927
cfd-ventilation	15	bo	133	1.632054385283e0	2.052681452
cfd-ventilation	15	bo	134	1.632054385283e0	2.081181542
cfd-ventilation	15	bo	135	1.632054385283e0	2.112781301
cfd-ventilation	15	bo	136	1.632054385283e0	2.140421480
cfd-ventilation	15	bo	137	1.632054385283e0	2.170957806
cfd-ventilation	15	bo	138	1.632054385283e0	2.201214086
cfd-ventilation	15	bo	139	1.632054385283e0	2.231824883
cfd-ventilation	15	bo	140	1.632054385283e0	2.261300795
cfd-ventilation	15	bo	141	1.632054385283e0	2.293920068
cfd-ventilation	15	bo	142	1.632054385283e0	2.328422544
cfd-ventilation	15	bo	143	1.632054385283e0	2.361315283
cfd-ventilation	15	bo	144	1.632054385283e0	2.391790547
cfd-ventilation	15	bo	145	1.632054385283e0	2.421504014
cfd-ventilation	15	bo	146	1.632054385283e0	2.455400826
cfd-ventilation	15	bo	147	1.632054385283e0	2.490896225
cfd-ventilation	15	bo	148	1.632054385283e0	2.528314187
cfd-ventilation	15	bo	149	1.632054385283e0	2.564250535
cfd-ventilation	15	bo	150	1.632054385283e0	2.597936952
cfd-ventilation	15	bo	151	1.632054385283e0	2.629939971
cfd-ventilation	15	bo	152	1.632054385283e0	2.662430520
cfd-ventilation	15	bo	153	1.632054385283e0	2.698104462
cfd-ventilation	15	bo	154	1.632054385283e0	2.734780658
cfd-ventilation	15	bo	155	1.632054385283e0	2.768067866
cfd-ventilation	15	bo	156	1.632054385283e0	2.803369320
cfd-ventilation	15	bo	157	1.632054385283e0	2.845217344
cfd-ventilation	15	bo	158	1.632054385283e0	2.884784525
cfd-ventilation	15	bo	159	1.632054385283e0	2.922620887
cfd-ventilation	15	bo	160	1.632054385283e0	2.958283300
cfd-ventilation	16	de	1	1.178475992671e1	0.000013530
cfd-ventilation	16	de	2	7.933706634110e0	0.000014020
cfd-ventilation	16	de	3	7.933706634110e0	0.000014330
cfd-ventilation	16	de	4	2.984762959215e0	0.000014720
cfd-ventilation	16	de	5	2.984762959215e0	0.000015280
cfd-ventilation	16	de	6	2.984762959215e0	0.000017030
cfd-ventilation	16	de	7	2.984762959215e0	0.000017360
cfd-ventilation	16	de	8	2.984762959215e0	0.000018090
cfd-ventilation	16	de	9	2.984762959215e0	0.000018800
cfd-ventilation	16	de	10	2.984762959215e0	0.000019930
cfd-ventilation	16	de	11	2.984762959215e0	0.000020240
cfd-ventilation	16	de	12	2.984762959215e0	0.000020330
cfd-ventilation	16	de	13	2.984762959215e0	0.000020490
cfd-ventilation	16	de	14	2.984762959215e0	0.000020720
cfd-ventilation	16	de	15	2.984762959215e0	0.000020910
cfd-ventilation	16	de	16	2.984762959215e0	0.000021040
cfd-ventilation	16	de	17	2.984762959215e0	0.000029430
cfd-ventilation	16	de	18	2.984762959215e0	0.000029850
cfd-ventilation	16	de	19	2.984762959215e0	0.000029980
cfd-ventilation	16	de	20	2.984762959215e0	0.000030120
cfd-ventilation	16	de	21	2.984762959215e0	0.000030260
cfd-ventilation	16	de	22	2.984762959215e0	0.000030330
cfd-ventilation	16	de	23	2.984762959215e0	0.000030490
cfd-ventilation	16	de	24	2.984762959215e0	0.000030690
cfd-ventilation	16	de	25	2.984762959215e0	0.000030870
cfd-ventilation	16	de	26	2.984762959215e0	0.000031010
cfd-ventilation	16	de	27	2.984762959215e0	0.000031150
cfd-ventilation	16	de	28	2.984762959215e0	0.000031300
cfd-ventilation	16	de	29	2.984762959215e0	0.000031510
cfd-ventilation	16	de	30	2.984762959215e0	0.000031810
cfd-ventilation	16	de	31	2.984762959215e0	0.000032030
cfd-ventilation	16	de	32	2.984762959215e0	0.000032230
cfd-ventilation	16	de	33	2.984762959215e0	0.000043030
cfd-ventilation	16	de	34	2.984762959215e0	0.000043630
cfd-ventilation	16	de	35	2.984762959215e0	0.000043750
cfd-ventilation	16	de	36	2.984762959215e0	0.000044140
cfd-ventilation	16	de	37	2.984762959215e0	0.000045060
cfd-ventilation	16	de	38	2.984762959215e0	0.000046090
cfd-ventilation	16	de	39	1.695023127552e0	0.000046640
cfd-ventilation	16	de	40	1.695023127552e0	0.000046970
cfd-ventilation	16	de	41	1.695023127552e0	0.000047550
cfd-ventilation	16	de	42	1.695023127552e0	0.000048120
cfd-ventilation	16	de	43	1.695023127552e0	0.000048520
cfd-ventilation	16	de	44	1.695023127552e0	0.000048860
cfd-ventilation	16	de	45	1.695023127552e0	0.000049370
cfd-ventilation	16	de	46	1.695023127552e0	0.000050050
cfd-ventilation	16	de	47	1.695023127552e0	0.000050370
cfd-ventilation	16	de	48	1.695023127552e0	0.000050670
cfd-ventilation	16	de	49	1.695023127552e0	0.000058590
cfd-ventilation	16	de	50	1.695023127552e0	0.000058820
cfd-ventilation	16	de	51	1.695023127552e0	0.000059040
cfd-ventilation	16	de	52	1.695023127552e0	0.000059210
cfd-ventilation	16	de	53	1.695023127552e0	0.000059780
cfd-ventilation	16	de	54	1.695023127552e0	0.000060700
cfd-ventilation	16	de	55	1.695023127552e0	0.000061060
cfd-ventilation	16	de	56	1.695023127552e0	0.000061530
cfd-ventilation	16	de	57	1.661151396012e0	0.000062030
cfd-ventilation	16	de	58	1.661151396012e0	0.000062270
cfd-ventilation	16	de	59	1.661151396012e0	0.000062950
cfd-ventilation	16	de	60	1.642774444806e0	0.000063110
cfd-ventilation	16	de	61	1.642774444806e0	0.000063180
cfd-ventilation	16	de	62	1.642774444806e0	0.000063320
cfd-ventilation	16	de	63	1.642774444806e0	0.000063500
cfd-ventilation	16	de	64	1.642774444806e0	0.000063650
cfd-ventilation	16	de	65	1.642774444806e0	0.000071510
cfd-ventilation	16	de	66	1.642774444806e0	0.000072580
cfd-ventilation	16	de	67	1.642774444806e0	0.000072770
cfd-ventilation	16	de	68	1.642774444806e0	0.000072850
cfd-ventilation	16	de	69	1.642774444806e0	0.000073090
cfd-ventilation	16	de	70	1.642774444806e0	0.000073220
cfd-ventilation	16	de	71	1.642774444806e0	0.000073350
cfd-ventilation	16	de	72	1.642774444806e0	0.000073590
cfd-ventilation	16	de	73	1.642774444806e0	0.000073660
cfd-ventilation	16	de	74	1.642774444806e0	0.000073730
cfd-ventilation	16	de	75	1.642774444806e0	0.000073840
cfd-ventilation	16	de	76	1.636036968857e0	0.000073910
cfd-ventilation	16	de	77	1.636036968857e0	0.000073980
cfd-ventilation	16	de	78	1.636036968857e0	0.000074050
cfd-ventilation	16	de	79	1.636036968857e0	0.000074120
cfd-ventilation	16	de	80	1.636036968857e0	0.000074180
cfd-ventilation	16	de	81	1.636036968857e0	0.000083400
cfd-ventilation	16	de	82	1.636036968857e0	0.000083470
cfd-ventilation	16	de	83	1.636036968857e0	0.000083690
cfd-ventilation	16	de	84	1.636036968857e0	0.000083820
cfd-ventilation	16	de	85	1.636036968857e0	0.000084130
cfd-ventilation	16	de	86	1.636036968857e0	0.000084360
cfd-ventilation	16	de	87	1.636036968857e0	0.000084570
cfd-ventilation	16	de	88	1.636036968857e0	0.000084870
cfd-ventilation	16	de	89	1.630963150811e0	0.000085020
cfd-ventilation	16	de	90	1.630963150811e0	0.000085090
cfd-ventilation	16	de	91	1.630963150811e0	0.000085200
cfd-ventilation	16	de	92	1.630963150811e0	0.000085310
cfd-ventilation	16	de	93	1.630963150811e0	0.000085380
cfd-ventilation	16	de	94	1.630963150811e0	0.000085450
cfd-ventilation	16	de	95	1.630963150811e0	0.000085520
cfd-ventilation	16	de	96	1.630963150811e0	0.000085590
cfd-ventilation	16	de	97	1.630963150811e0	0.000094551
cfd-ventilation	16	de	98	1.630963150811e0	0.000094621
cfd-ventilation	16	de	99	1.630963150811e0	0.000094781
cfd-ventilation	16	de	100	1.630963150811e0	0.000095291
cfd-ventilation	16	de	101	1.630963150811e0	0.000095361
cfd-ventilation	16	de	102	1.630963150811e0	0.000095431
cfd-ventilation	16	de	103	1.630963150811e0	0.000095501
cfd-ventilation	16	de	104	1.617662395999e0	0.000095571
cfd-ventilation	16	de	105	1.617662395999e0	0.000095641
cfd-ventilation	16	de	106	1.617662395999e0	0.000095711
cfd-ventilation	16	de	107	1.617662395999e0	0.000095781
cfd-ventilation	16	de	108	1.617662395999e0	0.000095951
cfd-ventilation	16	de	109	1.617662395999e0	0.000096231
cfd-ventilation	16	de	110	1.617662395999e0	0.000096511
cfd-ventilation	16	de	111	1.617662395999e0	0.000096581
cfd-ventilation	16	de	112	1.617662395999e0	0.000096791
cfd-ventilation	16	de	113	1.617662395999e0	0.000105211
cfd-ventilation	16	de	114	1.617662395999e0	0.000105281
cfd-ventilation	16	de	115	1.617662395999e0	0.000105401
cfd-ventilation	16	de	116	1.617662395999e0	0.000105471
cfd-ventilation	16	de	117	1.617662395999e0	0.000105621
cfd-ventilation	16	de	118	1.617662395999e0	0.000105691
cfd-ventilation	16	de	119	1.615506555591e0	0.000105751
cfd-ventilation	16	de	120	1.615506555591e0	0.000105831
cfd-ventilation	16	de	121	1.615506555591e0	0.000105901
cfd-ventilation	16	de	122	1.615506555591e0	0.000106001
cfd-ventilation	16	de	123	1.615506555591e0	0.000106101
cfd-ventilation	16	de	124	1.561937924826e0	0.000106221
cfd-ventilation	16	de	125	1.561937924826e0	0.000106321
cfd-ventilation	16	de	126	1.561937924826e0	0.000106391
cfd-ventilation	16	de	127	1.561937924826e0	0.000106461
cfd-ventilation	16	de	128	1.561937924826e0	0.000106531
cfd-ventilation	16	de	129	1.561937924826e0	0.000112731
cfd-ventilation	16	de	130	1.561937924826e0	0.000113541
cfd-ventilation	16	de	131	1.561937924826e0	0.000113611
cfd-ventilation	16	de	132	1.561937924826e0	0.000113681
cfd-ventilation	16	de	133	1.561937924826e0	0.000113751
cfd-ventilation	16	de	134	1.561937924826e0	0.000113821
cfd-ventilation	16	de	135	1.561937924826e0	0.000113881
cfd-ventilation	16	de	136	1.561937924826e0	0.000114401
cfd-ventilation	16	de	137	1.561937924826e0	0.000114471
cfd-ventilation	16	de	138	1.561937924826e0	0.000114901
cfd-ventilation	16	de	139	1.561937924826e0	0.000115111
cfd-ventilation	16	de	140	1.561937924826e0	0.000115371
cfd-ventilation	16	de	141	1.561937924826e0	0.000115571
cfd-ventilation	16	de	142	1.561937924826e0	0.000115641
cfd-ventilation	16	de	143	1.561937924826e0	0.000115771
cfd-ventilation	16	de	144	1.561937924826e0	0.000115891
cfd-ventilation	16	de	145	1.561937924826e0	0.000122871
cfd-ventilation	16	de	146	1.558173669473e0	0.000123281
cfd-ventilation	16	de	147	1.558173669473e0	0.000123461
cfd-ventilation	16	de	148	1.558173669473e0	0.000123531
cfd-ventilation	16	de	149	1.558173669473e0	0.000123681
cfd-ventilation	16	de	150	1.558173669473e0	0.000124281
cfd-ventilation	16	de	151	1.558173669473e0	0.000125071
cfd-ventilation	16	de	152	1.558173669473e0	0.000126161
cfd-ventilation	16	de	153	1.558173669473e0	0.000126781
cfd-ventilation	16	de	154	1.558173669473e0	0.000126951
cfd-ventilation	16	de	155	1.558173669473e0	0.000127271
cfd-ventilation	16	de	156	1.558173669473e0	0.000127662
cfd-ventilation	16	de	157	1.558173669473e0	0.000128232
cfd-ventilation	16	de	158	1.556242087102e0	0.000128452
cfd-ventilation	16	de	159	1.556242087102e0	0.000128832
cfd-ventilation	16	de	160	1.556242087102e0	0.000129162
cfd-ventilation	16	bo	1	1.792070856355e0	0.022557963
cfd-ventilation	16	bo	2	1.792070856355e0	0.022558523
cfd-ventilation	16	bo	3	1.659155675964e0	0.022558633
cfd-ventilation	16	bo	4	1.659155675964e0	0.022559833
cfd-ventilation	16	bo	5	1.659155675964e0	0.022560353
cfd-ventilation	16	bo	6	1.659155675964e0	0.022561363
cfd-ventilation	16	bo	7	1.659155675964e0	0.022562653
cfd-ventilation	16	bo	8	1.659155675964e0	0.022564303
cfd-ventilation	16	bo	9	1.659155675964e0	0.022566443
cfd-ventilation	16	bo	10	1.659155675964e0	0.022568403
cfd-ventilation	16	bo	11	1.659155675964e0	0.022568863
cfd-ventilation	16	bo	12	1.659155675964e0	0.022569903
cfd-ventilation	16	bo	13	1.659155675964e0	0.022570423
cfd-ventilation	16	bo	14	1.659155675964e0	0.022571423
cfd-ventilation	16	bo	15	1.659155675964e0	0.022572203
cfd-ventilation	16	bo	16	1.659155675964e0	0.022572643
cfd-ventilation	16	bo	17	1.659155675964e0	0.032981710
cfd-ventilation	16	bo	18	1.659155675964e0	0.042629840
cfd-ventilation	16	bo	19	1.659155675964e0	0.051966072
cfd-ventilation	16	bo	20	1.659155675964e0	0.061923109
cfd-ventilation	16	bo	21	1.659155675964e0	0.070810321
cfd-ventilation	16	bo	22	1.643428168763e0	0.079558500
cfd-ventilation	16	bo	23	1.643428168763e0	0.089221850
cfd-ventilation	16	bo	24	1.643428168763e0	0.098817229
cfd-ventilation	16	bo	25	1.643428168763e0	0.108345846
cfd-ventilation	16	bo	26	1.643428168763e0	0.118332343
cfd-ventilation	16	bo	27	1.643428168763e0	0.128114605
cfd-ventilation	16	bo	28	1.643428168763e0	0.137681923
cfd-ventilation	16	bo	29	1.643428168763e0	0.149127913
cfd-ventilation	16	bo	30	1.643428168763e0	0.159665783
cfd-ventilation	16	bo	31	1.643428168763e0	0.169623909
cfd-ventilation	16	bo	32	1.643428168763e0	0.179646997
cfd-ventilation	16	bo	33	1.643428168763e0	0.190502144
cfd-ventilation	16	bo	34	1.643428168763e0	0.202103188
cfd-ventilation	16	bo	35	1.643428168763e0	0.212812002
cfd-ventilation	16	bo	36	1.636402003497e0	0.224298263
cfd-ventilation	16	bo	37	1.636402003497e0	0.236124072
cfd-ventilation	16	bo	38	1.636402003497e0	0.249069916
cfd-ventilation	16	bo	39	1.636402003497e0	0.261096200
cfd-ventilation	16	bo	40	1.636402003497e0	0.272394097
cfd-ventilation	16	bo	41	1.636402003497e0	0.283428618
cfd-ventilation	16	bo	42	1.636402003497e0	0.295313628
cfd-ventilation	16	bo	43	1.636402003497e0	0.306465752
cfd-ventilation	16	bo	44	1.636402003497e0	0.319496498
cfd-ventilation	16	bo	45	1.636402003497e0	0.331142633
cfd-ventilation	16	bo	46	1.636402003497e0	0.342276356
cfd-ventilation	16	bo	47	1.636402003497e0	0.354325820
cfd-ventilation	16	bo	48	1.636402003497e0	0.366066727
cfd-ventilation	16	bo	49	1.636402003497e0	0.379135314
cfd-ventilation	16	bo	50	1.636402003497e0	0.392006036
cfd-ventilation	16	bo	51	1.636402003497e0	0.404258654
cfd-ventilation	16	bo	52	1.636402003497e0	0.416542874
cfd-ventilation	16	bo	53	1.636402003497e0	0.430971032
cfd-ventilation	16	bo	54	1.636402003497e0	0.443982107
cfd-ventilation	16	bo	55	1.636402003497e0	0.457359731
cfd-ventilation	16	bo	56	1.636402003497e0	0.470385137
cfd-ventilation	16	bo	57	1.636402003497e0	0.484276533
cfd-ventilation	16	bo	58	1.636402003497e0	0.497820231
cfd-ventilation	16	bo	59	1.636402003497e0	0.511401660
cfd-ventilation	16	bo	60	1.636402003497e0	0.526435822
cfd-ventilation	16	bo	61	1.636402003497e0	0.540326178
cfd-ventilation	16	bo	62	1.636402003497e0	0.554001109
cfd-ventilation	16	bo	63	1.636402003497e0	0.567625789
cfd-ventilation	16	bo	64	1.636402003497e0	0.581923104
cfd-ventilation	16	bo	65	1.636402003497e0	0.597222582
cfd-ventilation	16	bo	66	1.636402003497e0	0.611494326
cfd-ventilation	16	bo	67	1.636402003497e0	0.625537146
cfd-ventilation	16	bo	68	1.636402003497e0	0.639519574
cfd-ventilation	16	bo	69	1.636402003497e0	0.654493644
cfd-ventilation	16	bo	70	1.636402003497e0	0.669602928
cfd-ventilation	16	bo	71	1.636402003497e0	0.683838552
cfd-ventilation	16	bo	72	1.636402003497e0	0.697980094
cfd-ventilation	16	bo	73	1.636402003497e0	0.713762563
cfd-ventilation	16	bo	74	1.636402003497e0	0.729036010
cfd-ventilation	16	bo	75	1.636402003497e0	0.744878801
cfd-ventilation	16	bo	76	1.636402003497e0	0.761163671
cfd-ventilation	16	bo	77	1.636402003497e0	0.775978368
cfd-ventilation	16	bo	78	1.636402003497e0	0.792837521
cfd-ventilation	16	bo	79	1.636402003497e0	0.809190663
cfd-ventilation	16	bo	80	1.636402003497e0	0.825570286
cfd-ventilation	16	bo	81	1.636402003497e0	0.842359958
cfd-ventilation	16	bo	82	1.636402003497e0	0.859404085
cfd-ventilation	16	bo	83	1.636402003497e0	0.875831718
cfd-ventilation	16	bo	84	1.636402003497e0	0.893749425
cfd-ventilation	16	bo	85	1.636402003497e0	0.910895784
cfd-ventilation	16	bo	86	1.636402003497e0	0.928429493
cfd-ventilation	16	bo	87	1.636402003497e0	0.946314740
cfd-ventilation	16	bo	88	1.636402003497e0	0.965246260
cfd-ventilation	16	bo	89	1.636402003497e0	0.983853383
cfd-ventilation	16	bo	90	1.636402003497e0	1.001558026
cfd-ventilation	16	bo	91	1.636402003497e0	1.020470096
cfd-ventilation	16	bo	92	1.636402003497e0	1.038412233
cfd-ventilation	16	bo	93	1.636402003497e0	1.056704289
cfd-ventilation	16	bo	94	1.636402003497e0	1.074571755
cfd-ventilation	16	bo	95	1.636402003497e0	1.093584057
cfd-ventilation	16	bo	96	1.632161418082e0	1.112846505
cfd-ventilation	16	bo	97	1.632161418082e0	1.132436191
cfd-ventilation	16	bo	98	1.632161418082e0	1.153029959
cfd-ventilation	16	bo	99	1.632161418082e0	1.174748622
cfd-ventilation	16	bo	100	1.632161418082e0	1.193732403
cfd-ventilation	16	bo	101	1.632161418082e0	1.216132932
cfd-ventilation	16	bo	102	1.632161418082e0	1.237436916
cfd-ventilation	16	bo	103	1.632161418082e0	1.260665084
cfd-ventilation	16	bo	104	1.632161418082e0	1.285471468
cfd-ventilation	16	bo	105	1.632161418082e0	1.308961471
cfd-ventilation	16	bo	106	1.632161418082e0	1.331676937
cfd-ventilation	16	bo	107	1.632161418082e0	1.355451097
cfd-ventilation	16	bo	108	1.632161418082e0	1.378509031
cfd-ventilation	16	bo	109	1.632161418082e0	1.399975499
cfd-ventilation	16	bo	110	1.632161418082e0	1.423958724
cfd-ventilation	16	bo	111	1.632161418082e0	1.446780402
cfd-ventilation	16	bo	112	1.632161418082e0	1.472026006
cfd-ventilation	16	bo	113	1.632161418082e0	1.496972192
cfd-ventilation	16	bo	114	1.632161418082e0	1.521352696
cfd-ventilation	16	bo	115	1.632161418082e0	1.543882887
cfd-ventilation	16	bo	116	1.632161418082e0	1.565564670
cfd-ventilation	16	bo	117	1.632161418082e0	1.590944867
cfd-ventilation	16	bo	118	1.632161418082e0	1.615252109
cfd-ventilation	16	bo	119	1.632161418082e0	1.638167910
cfd-ventilation	16	bo	120	1.632161418082e0	1.664336714
cfd-ventilation	16	bo	121	1.632161418082e0	1.691577933
cfd-ventilation	16	bo	122	1.632161418082e0	1.719027487
cfd-ventilation	16	bo	123	1.632161418082e0	1.746705706
cfd-ventilation	16	bo	124	1.632161418082e0	1.770407384
cfd-ventilation	16	bo	125	1.632161418082e0	1.798774658
cfd-ventilation	16	bo	126	1.632161418082e0	1.826790264
cfd-ventilation	16	bo	127	1.632161418082e0	1.855993427
cfd-ventilation	16	bo	128	1.632161418082e0	1.882771395
cfd-ventilation	16	bo	129	1.632161418082e0	1.911892316
cfd-ventilation	16	bo	130	1.632161418082e0	1.943205307
cfd-ventilation	16	bo	131	1.632161418082e0	1.971957790
cfd-ventilation	16	bo	132	1.632161418082e0	1.996446966
cfd-ventilation	16	bo	133	1.632161418082e0	2.022671811
cfd-ventilation	16	bo	134	1.632161418082e0	2.054345600
cfd-ventilation	16	bo	135	1.632161418082e0	2.084229079
cfd-ventilation	16	bo	136	1.632161418082e0	2.115337155
cfd-ventilation	16	bo	137	1.632161418082e0	2.147985296
cfd-ventilation	16	bo	138	1.632161418082e0	2.176626886
cfd-ventilation	16	bo	139	1.632161418082e0	2.208681584
cfd-ventilation	16	bo	140	1.632161418082e0	2.242813909
cfd-ventilation	16	bo	141	1.632161418082e0	2.270502528
cfd-ventilation	16	bo	142	1.632161418082e0	2.303985828
cfd-ventilation	16	bo	143	1.632161418082e0	2.331905462
cfd-ventilation	16	bo	144	1.632161418082e0	2.361174396
cfd-ventilation	16	bo	145	1.632161418082e0	2.390474941
cfd-ventilation	16	bo	146	1.632161418082e0	2.425035825
cfd-ventilation	16	bo	147	1.632161418082e0	2.461528293
cfd-ventilation	16	bo	148	1.632161418082e0	2.499118546
cfd-ventilation	16	bo	149	1.632161418082e0	2.536783771
cfd-ventilation	16	bo	150	1.632161418082e0	2.569817201
cfd-ventilation	16	bo	151	1.632161418082e0	2.609778899
cfd-ventilation	16	bo	152	1.632161418082e0	2.646128064
cfd-ventilation	16	bo	153	1.632161418082e0	2.678993180
cfd-ventilation	16	bo	154	1.632161418082e0	2.718463376
cfd-ventilation	16	bo	155	1.632161418082e0	2.756784106
cfd-ventilation	16	bo	156	1.632161418082e0	2.793732324
cfd-ventilation	16	bo	157	1.632161418082e0	2.832015683
cfd-ventilation	16	bo	158	1.632161418082e0	2.874434326
cfd-ventilation	16	bo	159	1.632161418082e0	2.914086666
cfd-ventilation	16	bo	160	1.632161418082e0	2.953306437
cfd-ventilation	17	de	1	9.776903919670e0	0.000015730
cfd-ventilation	17	de	2	9.776903919670e0	0.000016680
cfd-ventilation	17	de	3	9.776903919670e0	0.000017660
cfd-ventilation	17	de	4	9.776903919670e0	0.000018130
cfd-ventilation	17	de	5	9.776903919670e0	0.000018830
cfd-ventilation	17	de	6	9.776903919670e0	0.000019930
cfd-ventilation	17	de	7	8.235257934324e0	0.000020510
cfd-ventilation	17	de	8	6.692541477896e0	0.000020880
cfd-ventilation	17	de	9	6.692541477896e0	0.000021170
cfd-ventilation	17	de	10	6.692541477896e0	0.000022280
cfd-ventilation	17	de	11	1.654566896603e0	0.000022480
cfd-ventilation	17	de	12	1.654566896603e0	0.000022770
cfd-ventilation	17	de	13	1.654566896603e0	0.000022950
cfd-ventilation	17	de	14	1.654566896603e0	0.000023100
cfd-ventilation	17	de	15	1.654566896603e0	0.000023170
cfd-ventilation	17	de	16	1.654566896603e0	0.000023240
cfd-ventilation	17	de	17	1.654566896603e0	0.000031010
cfd-ventilation	17	de	18	1.654566896603e0	0.000031880
cfd-ventilation	17	de	19	1.654566896603e0	0.000032030
cfd-ventilation	17	de	20	1.654566896603e0	0.000032110
cfd-ventilation	17	de	21	1.654566896603e0	0.000032170
cfd-ventilation	17	de	22	1.654566896603e0	0.000032360
cfd-ventilation	17	de	23	1.654566896603e0	0.000032590
cfd-ventilation	17	de	24	1.654566896603e0	0.000032890
cfd-ventilation	17	de	25	1.654566896603e0	0.000033240
cfd-ventilation	17	de	26	1.654566896603e0	0.000033960
cfd-ventilation	17	de	27	1.654566896603e0	0.000034310
cfd-ventilation	17	de	28	1.654566896603e0	0.000034540
cfd-ventilation	17	de	29	1.654566896603e0	0.000034940
cfd-ventilation	17	de	30	1.654566896603e0	0.000035090
cfd-ventilation	17	de	31	1.654566896603e0	0.000036020
cfd-ventilation	17	de	32	1.654566896603e0	0.000036650
cfd-ventilation	17	de	33	1.654566896603e0	0.000047670
cfd-ventilation	17	de	34	1.654566896603e0	0.000048720
cfd-ventilation	17	de	35	1.644912456163e0	0.000048970
cfd-ventilation	17	de	36	1.644912456163e0	0.000049110
cfd-ventilation	17	de	37	1.644912456163e0	0.000049250
cfd-ventilation	17	de	38	1.644912456163e0	0.000049320
cfd-ventilation	17	de	39	1.638580408528e0	0.000049610
cfd-ventilation	17	de	40	1.638580408528e0	0.000049810
cfd-ventilation	17	de	41	1.638580408528e0	0.000050050
cfd-ventilation	17	de	42	1.638580408528e0	0.000050120
cfd-ventilation	17	de	43	1.638580408528e0	0.000050190
cfd-ventilation	17	de	44	1.638580408528e0	0.000050270
cfd-ventilation	17	de	45	1.638580408528e0	0.000050490
cfd-ventilation	17	de	46	1.638580408528e0	0.000050800
cfd-ventilation	17	de	47	1.638580408528e0	0.000050870
cfd-ventilation	17	de	48	1.638580408528e0	0.000051080
cfd-ventilation	17	de	49	1.638580408528e0	0.000060450
cfd-ventilation	17	de	50	1.638580408528e0	0.000060590
cfd-ventilation	17	de	51	1.638580408528e0	0.000060840
cfd-ventilation	17	de	52	1.638580408528e0	0.000061400
cfd-ventilation	17	de	53	1.637480796435e0	0.000061920
cfd-ventilation	17	de	54	1.637480796435e0	0.000062300
cfd-ventilation	17	de	55	1.634414251673e0	0.000063120
cfd-ventilation	17	de	56	1.634414251673e0	0.000063310
cfd-ventilation	17	de	57	1.634414251673e0	0.000063580
cfd-ventilation	17	de	58	1.634414251673e0	0.000064030
cfd-ventilation	17	de	59	1.634414251673e0	0.000064230
cfd-ventilation	17	de	60	1.634414251673e0	0.000064470
cfd-ventilation	17	de	61	1.634414251673e0	0.000064660
cfd-ventilation	17	de	62	1.634414251673e0	0.000064820
cfd-ventilation	17	de	63	1.634414251673e0	0.000065360
cfd-ventilation	17	de	64	1.634414251673e0	0.000065560
cfd-ventilation	17	de	65	1.634414251673e0	0.000074720
cfd-ventilation	17	de	66	1.634414251673e0	0.000075990
cfd-ventilation	17	de	67	1.634414251673e0	0.000076240
cfd-ventilation	17	de	68	1.632567181405e0	0.000076780
cfd-ventilation	17	de	69	1.632567181405e0	0.000076930
cfd-ventilation	17	de	70	1.632567181405e0	0.000077090
cfd-ventilation	17	de	71	1.632567181405e0	0.000077490
cfd-ventilation	17	de	72	1.632219555074e0	0.000077980
cfd-ventilation	17	de	73	1.632219555074e0	0.000078140
cfd-ventilation	17	de	74	1.632219555074e0	0.000078300
cfd-ventilation	17	de	75	1.632219555074e0	0.000078510
cfd-ventilation	17	de	76	1.632219555074e0	0.000078650
cfd-ventilation	17	de	77	1.632219555074e0	0.000079000
cfd-ventilation	17	de	78	1.632219555074e0	0.000079440
cfd-ventilation	17	de	79	1.632219555074e0	0.000079560
cfd-ventilation	17	de	80	1.632219555074e0	0.000079740
cfd-ventilation	17	de	81	1.632219555074e0	0.000088501
cfd-ventilation	17	de	82	1.632219555074e0	0.000088701
cfd-ventilation	17	de	83	1.632219555074e0	0.000088821
cfd-ventilation	17	de	84	1.631881376919e0	0.000088891
cfd-ventilation	17	de	85	1.631881376919e0	0.000089041
cfd-ventilation	17	de	86	1.631881376919e0	0.000089201
cfd-ventilation	17	de	87	1.631614639911e0	0.000089361
cfd-ventilation	17	de	88	1.631614639911e0	0.000089501
cfd-ventilation	17	de	89	1.631614639911e0	0.000089571
cfd-ventilation	17	de	90	1.631614639911e0	0.000089641
cfd-ventilation	17	de	91	1.631614639911e0	0.000089711
cfd-ventilation	17	de	92	1.631614639911e0	0.000089781
cfd-ventilation	17	de	93	1.631614639911e0	0.000090051
cfd-ventilation	17	de	94	1.631614639911e0	0.000090481
cfd-ventilation	17	de	95	1.631614639911e0	0.000090711
cfd-ventilation	17	de	96	1.631614639911e0	0.000091021
cfd-ventilation	17	de	97	1.631614639911e0	0.000100471
cfd-ventilation	17	de	98	1.631614639911e0	0.000100791
cfd-ventilation	17	de	99	1.631614639911e0	0.000101111
cfd-ventilation	17	de	100	1.631614639911e0	0.000101181
cfd-ventilation	17	de	101	1.631614639911e0	0.000101251
cfd-ventilation	17	de	102	1.631614639911e0	0.000101441
cfd-ventilation	17	de	103	1.631614639911e0	0.000101601
cfd-ventilation	17	de	104	1.631614639911e0	0.000101751
cfd-ventilation	17	de	105	1.631614639911e0	0.000102001
cfd-ventilation	17	de	106	1.631614639911e0	0.000102131
cfd-ventilation	17	de	107	1.631614639911e0	0.000102281
cfd-ventilation	17	de	108	1.631614639911e0	0.000102801
cfd-ventilation	17	de	109	1.631614639911e0	0.000103061
cfd-ventilation	17	de	110	1.631614639911e0	0.000103271
cfd-ventilation	17	de	111	1.631614639911e0	0.000103671
cfd-ventilation	17	de	112	1.631614639911e0	0.000104861
cfd-ventilation	17	de	113	1.631614639911e0	0.000114181
cfd-ventilation	17	de	114	1.631614639911e0	0.000114621
cfd-ventilation	17	de	115	1.631614639911e0	0.000115251
cfd-ventilation	17	de	116	1.631614639911e0	0.000115831
cfd-ventilation	17	de	117	1.631614639911e0	0.000116251
cfd-ventilation	17	de	118	1.631614639911e0	0.000116771
cfd-ventilation	17	de	119	1.631614639911e0	0.000117181
cfd-ventilation	17	de	120	1.631614639911e0	0.000117741
cfd-ventilation	17	de	121	1.631614639911e0	0.000118091
cfd-ventilation	17	de	122	1.631614639911e0	0.000118321
cfd-ventilation	17	de	123	1.631614639911e0	0.000118551
cfd-ventilation	17	de	124	1.631614639911e0	0.000118771
cfd-ventilation	17	de	125	1.631614639911e0	0.000118921
cfd-ventilation	17	de	126	1.631614639911e0	0.000118991
cfd-ventilation	17	de	127	1.631614639911e0	0.000119051
cfd-ventilation	17	de	128	1.631614639911e0	0.000119531
cfd-ventilation	17	de	129	1.631614639911e0	0.000126591
cfd-ventilation	17	de	130	1.631614639911e0	0.000127711
cfd-ventilation	17	de	131	1.631614639911e0	0.000127861
cfd-ventilation	17	de	132	1.631614639911e0	0.000127951
cfd-ventilation	17	de	133	1.631614639911e0	0.000128281
cfd-ventilation	17	de	134	1.631614639911e0	0.000128351
cfd-ventilation	17	de	135	1.631614639911e0	0.000128431
cfd-ventilation	17	de	136	1.631614639911e0	0.000128541
cfd-ventilation	17	de	137	1.631614639911e0	0.000128631
cfd-ventilation	17	de	138	1.631614639911e0	0.000128701
cfd-ventilation	17	de	139	1.631614639911e0	0.000128771
cfd-ventilation	17	de	140	1.631614639911e0	0.000128841
cfd-ventilation	17	de	141	1.631614639911e0	0.000128911
cfd-ventilation	17	de	142	1.631614639911e0	0.000128991
cfd-ventilation	17	de	143	1.631614639911e0	0.000129061
cfd-ventilation	17	de	144	1.631614639911e0	0.000129211
cfd-ventilation	17	de	145	1.631614639911e0	0.000138482
cfd-ventilation	17	de	146	1.631614639911e0	0.000138612
cfd-ventilation	17	de	147	1.631614639911e0	0.000138682
cfd-ventilation	17	de	148	1.631614639911e0	0.000138792
cfd-ventilation	17	de	149	1.631614639911e0	0.000138872
cfd-ventilation	17	de	150	1.631614639911e0	0.000139122
cfd-ventilation	17	de	151	1.631614639911e0	0.000139192
cfd-ventilation	17	de	152	1.631614639911e0	0.000139272
cfd-ventilation	17	de	153	1.631614639911e0	0.000139352
cfd-ventilation	17	de	154	1.631614639911e0	0.000139422
cfd-ventilation	17	de	155	1.631614639911e0	0.000139502
cfd-ventilation	17	de	156	1.631614639911e0	0.000139572
cfd-ventilation	17	de	157	1.631614639911e0	0.000139652
cfd-ventilation	17	de	158	1.631614639911e0	0.000139722
cfd-ventilation	17	de	159	1.631614639911e0	0.000139792
cfd-ventilation	17	de	160	1.631614639911e0	0.000139872
cfd-ventilation	17	bo	1	5.033901459544e0	0.021298543
cfd-ventilation	17	bo	2	5.033901459544e0	0.021299423
cfd-ventilation	17	bo	3	5.033901459544e0	0.021300073
cfd-ventilation	17	bo	4	1.670651734572e0	0.021300913
cfd-ventilation	17	bo	5	1.670651734572e0	0.021301633
cfd-ventilation	17	bo	6	1.635651641119e0	0.021302633
cfd-ventilation	17	bo	7	1.635651641119e0	0.021303353
cfd-ventilation	17	bo	8	1.635651641119e0	0.021303793
cfd-ventilation	17	bo	9	1.635651641119e0	0.021303873
cfd-ventilation	17	bo	10	1.533230548373e0	0.021304443
cfd-ventilation	17	bo	11	1.533230548373e0	0.021304723
cfd-ventilation	17	bo	12	1.533230548373e0	0.021304803
cfd-ventilation	17	bo	13	1.533230548373e0	0.021304953
cfd-ventilation	17	bo	14	1.533230548373e0	0.021305343
cfd-ventilation	17	bo	15	1.533230548373e0	0.021305653
cfd-ventilation	17	bo	16	1.533230548373e0	0.021305873
cfd-ventilation	17	bo	17	1.533230548373e0	0.034597014
cfd-ventilation	17	bo	18	1.533230548373e0	0.044225102
cfd-ventilation	17	bo	19	1.533230548373e0	0.053870861
cfd-ventilation	17	bo	20	1.533230548373e0	0.063149622
cfd-ventilation	17	bo	21	1.533230548373e0	0.073174019
cfd-ventilation	17	bo	22	1.533230548373e0	0.082837988
cfd-ventilation	17	bo	23	1.533230548373e0	0.092716412
cfd-ventilation	17	bo	24	1.533230548373e0	0.102095995
cfd-ventilation	17	bo	25	1.533230548373e0	0.112381608
cfd-ventilation	17	bo	26	1.533230548373e0	0.122660601
cfd-ventilation	17	bo	27	1.533230548373e0	0.132520014
cfd-ventilation	17	bo	28	1.533230548373e0	0.142293246
cfd-ventilation	17	bo	29	1.533230548373e0	0.152617550
cfd-ventilation	17	bo	30	1.533230548373e0	0.163180520
cfd-ventilation	17	bo	31	1.533230548373e0	0.173533995
cfd-ventilation	17	bo	32	1.533230548373e0	0.184024873
cfd-ventilation	17	bo	33	1.533230548373e0	0.193957008
cfd-ventilation	17	bo	34	1.533230548373e0	0.204319653
cfd-ventilation	17	bo	35	1.533230548373e0	0.214500624
cfd-ventilation	17	bo	36	1.533230548373e0	0.227557900
cfd-ventilation	17	bo	37	1.533230548373e0	0.238172490
cfd-ventilation	17	bo	38	1.533230548373e0	0.250119831
cfd-ventilation	17	bo	39	1.533230548373e0	0.261492439
cfd-ventilation	17	bo	40	1.533230548373e0	0.272735784
cfd-ventilation	17	bo	41	1.533230548373e0	0.284035660
cfd-ventilation	17	bo	42	1.533230548373e0	0.295358217
cfd-ventilation	17	bo	43	1.533230548373e0	0.306503930
cfd-ventilation	17	bo	44	1.533230548373e0	0.317888798
cfd-ventilation	17	bo	45	1.533230548373e0	0.329491141
cfd-ventilation	17	bo	46	1.533230548373e0	0.341421551
cfd-ventilation	17	bo	47	1.533230548373e0	0.353379352
cfd-ventilation	17	bo	48	1.533230548373e0	0.366017119
cfd-ventilation	17	bo	49	1.533230548373e0	0.378342778
cfd-ventilation	17	bo	50	1.533230548373e0	0.390792590
cfd-ventilation	17	bo	51	1.533230548373e0	0.402808642
cfd-ventilation	17	bo	52	1.533230548373e0	0.416853611
cfd-ventilation	17	bo	53	1.533230548373e0	0.428770182
cfd-ventilation	17	bo	54	1.533230548373e0	0.440914368
cfd-ventilation	17	bo	55	1.533230548373e0	0.453294798
cfd-ventilation	17	bo	56	1.533230548373e0	0.467820317
cfd-ventilation	17	bo	57	1.533230548373e0	0.482009559
cfd-ventilation	17	bo	58	1.533230548373e0	0.495986256
cfd-ventilation	17	bo	59	1.533230548373e0	0.509072122
cfd-ventilation	17	bo	60	1.533230548373e0	0.526151069
cfd-ventilation	17	bo	61	1.533230548373e0	0.539780889
cfd-ventilation	17	bo	62	1.533230548373e0	0.553487379
cfd-ventilation	17	bo	63	1.533230548373e0	0.567746422
cfd-ventilation	17	bo	64	1.533230548373e0	0.582492807
cfd-ventilation	17	bo	65	1.533230548373e0	0.596511445
cfd-ventilation	17	bo	66	1.533230548373e0	0.611513525
cfd-ventilation	17	bo	67	1.533230548373e0	0.626686029
cfd-ventilation	17	bo	68	1.533230548373e0	0.641332911
cfd-ventilation	17	bo	69	1.533230548373e0	0.656239259
cfd-ventilation	17	bo	70	1.533230548373e0	0.670704136
cfd-ventilation	17	bo	71	1.533230548373e0	0.686023234
cfd-ventilation	17	bo	72	1.533230548373e0	0.700448001
cfd-ventilation	17	bo	73	1.533230548373e0	0.715464671
cfd-ventilation	17	bo	74	1.533230548373e0	0.730589294
cfd-ventilation	17	bo	75	1.533230548373e0	0.747369944
cfd-ventilation	17	bo	76	1.533230548373e0	0.763916879
cfd-ventilation	17	bo	77	1.533230548373e0	0.779840270
cfd-ventilation	17	bo	78	1.533230548373e0	0.796181690
cfd-ventilation	17	bo	79	1.533230548373e0	0.813079473
cfd-ventilation	17	bo	80	1.533230548373e0	0.829263129
cfd-ventilation	17	bo	81	1.533230548373e0	0.845982429
cfd-ventilation	17	bo	82	1.533230548373e0	0.862672257
cfd-ventilation	17	bo	83	1.533230548373e0	0.880107412
cfd-ventilation	17	bo	84	1.533230548373e0	0.897430085
cfd-ventilation	17	bo	85	1.533230548373e0	0.916094437
cfd-ventilation	17	bo	86	1.533230548373e0	0.934492834
cfd-ventilation	17	bo	87	1.533230548373e0	0.952159084
cfd-ventilation	17	bo	88	1.533230548373e0	0.971378920
cfd-ventilation	17	bo	89	1.533230548373e0	0.989700516
cfd-ventilation	17	bo	90	1.533230548373e0	1.008863780
cfd-ventilation	17	bo	91	1.533230548373e0	1.029657921
cfd-ventilation	17	bo	92	1.533230548373e0	1.050483013
cfd-ventilation	17	bo	93	1.533230548373e0	1.070559477
cfd-ventilation	17	bo	94	1.533230548373e0	1.091344598
cfd-ventilation	17	bo	95	1.533230548373e0	1.113881059
cfd-ventilation	17	bo	96	1.533230548373e0	1.134854884
cfd-ventilation	17	bo	97	1.533230548373e0	1.156377762
cfd-ventilation	17	bo	98	1.533230548373e0	1.176849255
cfd-ventilation	17	bo	99	1.533230548373e0	1.197906172
cfd-ventilation	17	bo	100	1.533230548373e0	1.218282693
cfd-ventilation	17	bo	101	1.533230548373e0	1.239482574
cfd-ventilation	17	bo	102	1.533230548373e0	1.263693133
cfd-ventilation	17	bo	103	1.533230548373e0	1.289136290
cfd-ventilation	17	bo	104	1.533230548373e0	1.312646163
cfd-ventilation	17	bo	105	1.533230548373e0	1.336421932
cfd-ventilation	17	bo	106	1.533230548373e0	1.357171812
cfd-ventilation	17	bo	107	1.533230548373e0	1.381655196
cfd-ventilation	17	bo	108	1.533230548373e0	1.404915613
cfd-ventilation	17	bo	109	1.533230548373e0	1.426833559
cfd-ventilation	17	bo	110	1.533230548373e0	1.450121836
cfd-ventilation	17	bo	111	1.533230548373e0	1.472686437
cfd-ventilation	17	bo	112	1.533230548373e0	1.497297175
cfd-ventilation	17	bo	113	1.533230548373e0	1.522373282
cfd-ventilation	17	bo	114	1.533230548373e0	1.548044403
cfd-ventilation	17	bo	115	1.533230548373e0	1.572307243
cfd-ventilation	17	bo	116	1.533230548373e0	1.594933486
cfd-ventilation	17	bo	117	1.533230548373e0	1.621091918
cfd-ventilation	17	bo	118	1.533230548373e0	1.647336312
cfd-ventilation	17	bo	119	1.533230548373e0	1.672610255
cfd-ventilation	17	bo	120	1.533230548373e0	1.695267828
cfd-ventilation	17	bo	121	1.519675638826e0	1.719135029
cfd-ventilation	17	bo	122	1.519675638826e0	1.742831576
cfd-ventilation	17	bo	123	1.519675638826e0	1.769838538
cfd-ventilation	17	bo	124	1.513991053922e0	1.795159282
cfd-ventilation	17	bo	125	1.513991053922e0	1.822808648
cfd-ventilation	17	bo	126	1.513991053922e0	1.851473547
cfd-ventilation	17	bo	127	1.513991053922e0	1.880566436
cfd-ventilation	17	bo	128	1.513991053922e0	1.906439582
cfd-ventilation	17	bo	129	1.513991053922e0	1.938019517
cfd-ventilation	17	bo	130	1.513991053922e0	1.969621062
cfd-ventilation	17	bo	131	1.513991053922e0	1.997659167
cfd-ventilation	17	bo	132	1.513991053922e0	2.028200388
cfd-ventilation	17	bo	133	1.513991053922e0	2.059744513
cfd-ventilation	17	bo	134	1.513991053922e0	2.088552875
cfd-ventilation	17	bo	135	1.513991053922e0	2.118966214
cfd-ventilation	17	bo	136	1.513991053922e0	2.147435249
cfd-ventilation	17	bo	137	1.513991053922e0	2.177961440
cfd-ventilation	17	bo	138	1.513991053922e0	2.206500326
cfd-ventilation	17	bo	139	1.513991053922e0	2.240158198
cfd-ventilation	17	bo	140	1.513991053922e0	2.274375373
cfd-ventilation	17	bo	141	1.513991053922e0	2.306242684
cfd-ventilation	17	bo	142	1.513991053922e0	2.337918231
cfd-ventilation	17	bo	143	1.513991053922e0	2.366790855
cfd-ventilation	17	bo	144	1.513991053922e0	2.399902634
cfd-ventilation	17	bo	145	1.513991053922e0	2.432795129
cfd-ventilation	17	bo	146	1.513991053922e0	2.463204147
cfd-ventilation	17	bo	147	1.513991053922e0	2.493707617
cfd-ventilation	17	bo	148	1.513991053922e0	2.524600646
cfd-ventilation	17	bo	149	1.513991053922e0	2.561121553
cfd-ventilation	17	bo	150	1.513991053922e0	2.596905593
cfd-ventilation	17	bo	151	1.513991053922e0	2.632392396
cfd-ventilation	17	bo	152	1.513991053922e0	2.668625936
cfd-ventilation	17	bo	153	1.513991053922e0	2.706159555
cfd-ventilation	17	bo	154	1.513991053922e0	2.744083934
cfd-ventilation	17	bo	155	1.513991053922e0	2.781314127
cfd-ventilation	17	bo	156	1.513991053922e0	2.813555517
cfd-ventilation	17	bo	157	1.513991053922e0	2.849089581
cfd-ventilation	17	bo	158	1.513991053922e0	2.883934609
cfd-ventilation	17	bo	159	1.513991053922e0	2.923741210
cfd-ventilation	17	bo	160	1.513991053922e0	2.959170181
cfd-ventilation	18	de	1	1.730869809592e0	0.000012531
cfd-ventilation	18	de	2	1.730869809592e0	0.000013191
cfd-ventilation	18	de	3	1.714264799980e0	0.000013451
cfd-ventilation	18	de	4	1.714264799980e0	0.000013891
cfd-ventilation	18	de	5	1.701689900106e0	0.000014711
cfd-ventilation	18	de	6	1.701689900106e0	0.000015881
cfd-ventilation	18	de	7	1.701689900106e0	0.000016211
cfd-ventilation	18	de	8	1.701689900106e0	0.000016741
cfd-ventilation	18	de	9	1.699909015280e0	0.000016991
cfd-ventilation	18	de	10	1.699909015280e0	0.000018231
cfd-ventilation	18	de	11	1.699909015280e0	0.000018711
cfd-ventilation	18	de	12	1.699909015280e0	0.000019391
cfd-ventilation	18	de	13	1.699909015280e0	0.000019551
cfd-ventilation	18	de	14	1.699909015280e0	0.000019771
cfd-ventilation	18	de	15	1.699909015280e0	0.000020461
cfd-ventilation	18	de	16	1.699909015280e0	0.000020691
cfd-ventilation	18	de	17	1.699547369710e0	0.000031181
cfd-ventilation	18	de	18	1.694118336287e0	0.000032281
cfd-ventilation	18	de	19	1.694118336287e0	0.000032641
cfd-ventilation	18	de	20	1.694118336287e0	0.000033401
cfd-ventilation	18	de	21	1.694118336287e0	0.000033591
cfd-ventilation	18	de	22	1.694118336287e0	0.000033751
cfd-ventilation	18	de	23	1.694118336287e0	0.000033821
cfd-ventilation	18	de	24	1.694118336287e0	0.000033981
cfd-ventilation	18	de	25	1.694118336287e0	0.000034051
cfd-ventilation	18	de	26	1.694118336287e0	0.000034171
cfd-ventilation	18	de	27	1.694118336287e0	0.000034261
cfd-ventilation	18	de	28	1.694086944872e0	0.000034541
cfd-ventilation	18	de	29	1.694086944872e0	0.000034711
cfd-ventilation	18	de	30	1.694086944872e0	0.000034881
cfd-ventilation	18	de	31	1.694086944872e0	0.000034951
cfd-ventilation	18	de	32	1.694086944872e0	0.000035031
cfd-ventilation	18	de	33	1.684943184101e0	0.000045722
cfd-ventilation	18	de	34	1.661559105792e0	0.000047162
cfd-ventilation	18	de	35	1.661559105792e0	0.000047382
cfd-ventilation	18	de	36	1.661559105792e0	0.000047542
cfd-ventilation	18	de	37	1.661559105792e0	0.000047702
cfd-ventilation	18	de	38	1.661559105792e0	0.000047852
cfd-ventilation	18	de	39	1.661559105792e0	0.000047932
cfd-ventilation	18	de	40	1.661559105792e0	0.000048353
cfd-ventilation	18	de	41	1.661559105792e0	0.000048553
cfd-ventilation	18	de	42	1.661559105792e0	0.000048703
cfd-ventilation	18	de	43	1.661559105792e0	0.000048773
cfd-ventilation	18	de	44	1.661050731807e0	0.000048843
cfd-ventilation	18	de	45	1.661050731807e0	0.000049163
cfd-ventilation	18	de	46	1.661050731807e0	0.000049313
cfd-ventilation	18	de	47	1.661050731807e0	0.000049853
cfd-ventilation	18	de	48	1.661050731807e0	0.000050143
cfd-ventilation	18	de	49	1.661050731807e0	0.000059763
cfd-ventilation	18	de	50	1.661050731807e0	0.000060093
cfd-ventilation	18	de	51	1.651251094987e0	0.000060603
cfd-ventilation	18	de	52	1.651251094987e0	0.000061083
cfd-ventilation	18	de	53	1.651251094987e0	0.000061803
cfd-ventilation	18	de	54	1.642965395828e0	0.000062213
cfd-ventilation	18	de	55	1.642965395828e0	0.000062413
cfd-ventilation	18	de	56	1.642965395828e0	0.000062713
cfd-ventilation	18	de	57	1.642965395828e0	0.000063483
cfd-ventilation	18	de	58	1.642965395828e0	0.000063623
cfd-ventilation	18	de	59	1.642965395828e0	0.000063963
cfd-ventilation	18	de	60	1.642965395828e0	0.000064203
cfd-ventilation	18	de	61	1.642965395828e0	0.000064643
cfd-ventilation	18	de	62	1.642965395828e0	0.000064803
cfd-ventilation	18	de	63	1.642965395828e0	0.000065013
cfd-ventilation	18	de	64	1.642965395828e0	0.000065193
cfd-ventilation	18	de	65	1.642965395828e0	0.000074613
cfd-ventilation	18	de	66	1.642965395828e0	0.000075603
cfd-ventilation	18	de	67	1.638888950013e0	0.000075763
cfd-ventilation	18	de	68	1.638888950013e0	0.000076423
cfd-ventilation	18	de	69	1.635959986875e0	0.000076553
cfd-ventilation	18	de	70	1.635959986875e0	0.000076673
cfd-ventilation	18	de	71	1.635959986875e0	0.000076993
cfd-ventilation	18	de	72	1.635959986875e0	0.000077433
cfd-ventilation	18	de	73	1.635959986875e0	0.000078113
cfd-ventilation	18	de	74	1.635959986875e0	0.000078703
cfd-ventilation	18	de	75	1.635959986875e0	0.000080084
cfd-ventilation	18	de	76	1.635959986875e0	0.000080504
cfd-ventilation	18	de	77	1.635959986875e0	0.000081094
cfd-ventilation	18	de	78	1.635959986875e0	0.000081424
cfd-ventilation	18	de	79	1.635959986875e0	0.000081724
cfd-ventilation	18	de	80	1.635959986875e0	0.000082364
cfd-ventilation	18	de	81	1.635959986875e0	0.000091934
cfd-ventilation	18	de	82	1.635959986875e0	0.000092144
cfd-ventilation	18	de	83	1.635959986875e0	0.000092214
cfd-ventilation	18	de	84	1.635959986875e0	0.000092344
cfd-ventilation	18	de	85	1.635959986875e0	0.000092514
cfd-ventilation	18	de	86	1.635959986875e0	0.000092654
cfd-ventilation	18	de	87	1.635959986875e0	0.000092894
cfd-ventilation	18	de	88	1.635554085360e0	0.000093044
cfd-ventilation	18	de	89	1.633320625142e0	0.000093284
cfd-ventilation	18	de	90	1.633320625142e0	0.000093434
cfd-ventilation	18	de	91	1.633320625142e0	0.000093974
cfd-ventilation	18	de	92	1.633320625142e0	0.000094324
cfd-ventilation	18	de	93	1.633320625142e0	0.000094484
cfd-ventilation	18	de	94	1.633320625142e0	0.000094734
cfd-ventilation	18	de	95	1.633320625142e0	0.000094884
cfd-ventilation	18	de	96	1.633320625142e0	0.000095034
cfd-ventilation	18	de	97	1.633320625142e0	0.000104334
cfd-ventilation	18	de	98	1.633320625142e0	0.000104404
cfd-ventilation	18	de	99	1.633320625142e0	0.000104544
cfd-ventilation	18	de	100	1.632155479678e0	0.000104614
cfd-ventilation	18	de	101	1.632155479678e0	0.000104684
cfd-ventilation	18	de	102	1.632155479678e0	0.000104864
cfd-ventilation	18	de	103	1.632155479678e0	0.000105034
cfd-ventilation	18	de	104	1.632155479678e0	0.000105174
cfd-ventilation	18	de	105	1.632155479678e0	0.000105414
cfd-ventilation	18	de	106	1.632155479678e0	0.000105494
cfd-ventilation	18	de	107	1.632155479678e0	0.000105564
cfd-ventilation	18	de	108	1.632155479678e0	0.000105634
cfd-ventilation	18	de	109	1.632155479678e0	0.000105704
cfd-ventilation	18	de	110	1.632155479678e0	0.000105854
cfd-ventilation	18	de	111	1.632155479678e0	0.000106034
cfd-ventilation	18	de	112	1.632155479678e0	0.000106254
cfd-ventilation	18	de	113	1.632155479678e0	0.000115404
cfd-ventilation	18	de	114	1.632155479678e0	0.000115474
cfd-ventilation	18	de	115	1.632155479678e0	0.000115654
cfd-ventilation	18	de	116	1.632155479678e0	0.000115724
cfd-ventilation	18	de	117	1.632155479678e0	0.000115794
cfd-ventilation	18	de	118	1.632155479678e0	0.000115944
cfd-ventilation	18	de	119	1.632155479678e0	0.000116044
cfd-ventilation	18	de	120	1.632155479678e0	0.000116214
cfd-ventilation	18	de	121	1.632155479678e0	0.000116454
cfd-ventilation	18	de	122	1.632155479678e0	0.000117014
cfd-ventilation	18	de	123	1.632155479678e0	0.000117744
cfd-ventilation	18	de	124	1.632155479678e0	0.000118194
cfd-ventilation	18	de	125	1.632155479678e0	0.000118674
cfd-ventilation	18	de	126	1.632155479678e0	0.000119424
cfd-ventilation	18	de	127	1.632155479678e0	0.000119594
cfd-ventilation	18	de	128	1.632155479678e0	0.000119814
cfd-ventilation	18	de	129	1.632155479678e0	0.000128864
cfd-ventilation	18	de	130	1.632155479678e0	0.000130234
cfd-ventilation	18	de	131	1.632155479678e0	0.000130464
cfd-ventilation	18	de	132	1.632155479678e0	0.000130614
cfd-ventilation	18	de	133	1.632155479678e0	0.000130784
cfd-ventilation	18	de	134	1.632155479678e0	0.000130924
cfd-ventilation	18	de	135	1.631518809886e0	0.000131374
cfd-ventilation	18	de	136	1.631518809886e0	0.000131744
cfd-ventilation	18	de	137	1.631518809886e0	0.000132074
cfd-ventilation	18	de	138	1.631518809886e0	0.000132234
cfd-ventilation	18	de	139	1.631518809886e0	0.000132404
cfd-ventilation	18	de	140	1.631518809886e0	0.000132544
cfd-ventilation	18	de	141	1.631518809886e0	0.000133034
cfd-ventilation	18	de	142	1.631518809886e0	0.000133334
cfd-ventilation	18	de	143	1.631518809886e0	0.000133474
cfd-ventilation	18	de	144	1.631518809886e0	0.000133624
cfd-ventilation	18	de	145	1.631518809886e0	0.000143754
cfd-ventilation	18	de	146	1.631518809886e0	0.000143834
cfd-ventilation	18	de	147	1.631518809886e0	0.000144334
cfd-ventilation	18	de	148	1.631518809886e0	0.000144454
cfd-ventilation	18	de	149	1.631518809886e0	0.000144524
cfd-ventilation	18	de	150	1.631518809886e0	0.000144604
cfd-ventilation	18	de	151	1.631518809886e0	0.000144694
cfd-ventilation	18	de	152	1.631518809886e0	0.000144784
cfd-ventilation	18	de	153	1.631518809886e0	0.000144924
cfd-ventilation	18	de	154	1.631518809886e0	0.000145034
cfd-ventilation	18	de	155	1.631518809886e0	0.000145554
cfd-ventilation	18	de	156	1.631518809886e0	0.000145754
cfd-ventilation	18	de	157	1.631518809886e0	0.000145884
cfd-ventilation	18	de	158	1.631518809886e0	0.000145964
cfd-ventilation	18	de	159	1.631518809886e0	0.000146184
cfd-ventilation	18	de	160	1.631518809886e0	0.000146294
cfd-ventilation	18	bo	1	1.285520976395e1	0.022337235
cfd-ventilation	18	bo	2	4.871081857654e0	0.022337975
cfd-ventilation	18	bo	3	4.411831001192e0	0.022338515
cfd-ventilation	18	bo	4	3.558792578206e0	0.022338915
cfd-ventilation	18	bo	5	3.558792578206e0	0.022339255
cfd-ventilation	18	bo	6	3.558792578206e0	0.022340145
cfd-ventilation	18	bo	7	1.770592213485e0	0.022340605
cfd-ventilation	18	bo	8	1.668695610547e0	0.022341195
cfd-ventilation	18	bo	9	1.668695610547e0	0.022342295
cfd-ventilation	18	bo	10	1.668695610547e0	0.022343785
cfd-ventilation	18	bo	11	1.654684879957e0	0.022344675
cfd-ventilation	18	bo	12	1.640015954956e0	0.022345735
cfd-ventilation	18	bo	13	1.640015954956e0	0.022346695
cfd-ventilation	18	bo	14	1.640015954956e0	0.022348215
cfd-ventilation	18	bo	15	1.640015954956e0	0.022348776
cfd-ventilation	18	bo	16	1.640015954956e0	0.022349306
cfd-ventilation	18	bo	17	1.640015954956e0	0.032231850
cfd-ventilation	18	bo	18	1.640015954956e0	0.041460788
cfd-ventilation	18	bo	19	1.640015954956e0	0.051942365
cfd-ventilation	18	bo	20	1.602635240761e0	0.062391181
cfd-ventilation	18	bo	21	1.602635240761e0	0.072835767
cfd-ventilation	18	bo	22	1.602635240761e0	0.082672129
cfd-ventilation	18	bo	23	1.602635240761e0	0.092115023
cfd-ventilation	18	bo	24	1.602635240761e0	0.102460546
cfd-ventilation	18	bo	25	1.602635240761e0	0.112124874
cfd-ventilation	18	bo	26	1.602635240761e0	0.123192744
cfd-ventilation	18	bo	27	1.602635240761e0	0.134174582
cfd-ventilation	18	bo	28	1.602635240761e0	0.144283820
cfd-ventilation	18	bo	29	1.602635240761e0	0.153987250
cfd-ventilation	18	bo	30	1.602635240761e0	0.163867373
cfd-ventilation	18	bo	31	1.602635240761e0	0.174262858
cfd-ventilation	18	bo	32	1.602635240761e0	0.184084610
cfd-ventilation	18	bo	33	1.602635240761e0	0.194865774
cfd-ventilation	18	bo	34	1.602635240761e0	0.204996273
cfd-ventilation	18	bo	35	1.602635240761e0	0.215572162
cfd-ventilation	18	bo	36	1.602635240761e0	0.226668793
cfd-ventilation	18	bo	37	1.602635240761e0	0.237965058
cfd-ventilation	18	bo	38	1.602635240761e0	0.248739141
cfd-ventilation	18	bo	39	1.602635240761e0	0.260051847
cfd-ventilation	18	bo	40	1.602635240761e0	0.271254520
cfd-ventilation	18	bo	41	1.602635240761e0	0.282894363
cfd-ventilation	18	bo	42	1.602635240761e0	0.295427227
cfd-ventilation	18	bo	43	1.602635240761e0	0.307129991
cfd-ventilation	18	bo	44	1.602635240761e0	0.319322477
cfd-ventilation	18	bo	45	1.602635240761e0	0.331159165
cfd-ventilation	18	bo	46	1.602635240761e0	0.342438450
cfd-ventilation	18	bo	47	1.602635240761e0	0.353934410
cfd-ventilation	18	bo	48	1.602635240761e0	0.365552372
cfd-ventilation	18	bo	49	1.602635240761e0	0.378284310
cfd-ventilation	18	bo	50	1.602635240761e0	0.390592118
cfd-ventilation	18	bo	51	1.602635240761e0	0.403431228
cfd-ventilation	18	bo	52	1.602635240761e0	0.416438032
cfd-ventilation	18	bo	53	1.602635240761e0	0.428587727
cfd-ventilation	18	bo	54	1.602635240761e0	0.441210172
cfd-ventilation	18	bo	55	1.602635240761e0	0.453378657
cfd-ventilation	18	bo	56	1.602635240761e0	0.466500734
cfd-ventilation	18	bo	57	1.602635240761e0	0.479420926
cfd-ventilation	18	bo	58	1.602635240761e0	0.492957562
cfd-ventilation	18	bo	59	1.602635240761e0	0.506586610
cfd-ventilation	18	bo	60	1.602635240761e0	0.519306887
cfd-ventilation	18	bo	61	1.602635240761e0	0.533345095
cfd-ventilation	18	bo	62	1.602635240761e0	0.548055537
cfd-ventilation	18	bo	63	1.602635240761e0	0.562050313
cfd-ventilation	18	bo	64	1.602635240761e0	0.577003471
cfd-ventilation	18	bo	65	1.602635240761e0	0.593104775
cfd-ventilation	18	bo	66	1.602635240761e0	0.607572542
cfd-ventilation	18	bo	67	1.602635240761e0	0.621453436
cfd-ventilation	18	bo	68	1.602635240761e0	0.636527226
cfd-ventilation	18	bo	69	1.602635240761e0	0.651229258
cfd-ventilation	18	bo	70	1.602635240761e0	0.666423681
cfd-ventilation	18	bo	71	1.602635240761e0	0.681441860
cfd-ventilation	18	bo	72	1.602635240761e0	0.695916377
cfd-ventilation	18	bo	73	1.602635240761e0	0.711944619
cfd-ventilation	18	bo	74	1.602635240761e0	0.728700347
cfd-ventilation	18	bo	75	1.602635240761e0	0.745558308
cfd-ventilation	18	bo	76	1.602635240761e0	0.762757017
cfd-ventilation	18	bo	77	1.602635240761e0	0.779150108
cfd-ventilation	18	bo	78	1.602635240761e0	0.794623098
cfd-ventilation	18	bo	79	1.602635240761e0	0.811610622
cfd-ventilation	18	bo	80	1.602635240761e0	0.827840759
cfd-ventilation	18	bo	81	1.602635240761e0	0.845227022
cfd-ventilation	18	bo	82	1.602635240761e0	0.862100373
cfd-ventilation	18	bo	83	1.602635240761e0	0.879820043
cfd-ventilation	18	bo	84	1.602635240761e0	0.898290981
cfd-ventilation	18	bo	85	1.602635240761e0	0.916453542
cfd-ventilation	18	bo	86	1.602635240761e0	0.934964660
cfd-ventilation	18	bo	87	1.602635240761e0	0.951594846
cfd-ventilation	18	bo	88	1.602635240761e0	0.969070391
cfd-ventilation	18	bo	89	1.602635240761e0	0.988219844
cfd-ventilation	18	bo	90	1.602635240761e0	1.007170892
cfd-ventilation	18	bo	91	1.602635240761e0	1.027354718
cfd-ventilation	18	bo	92	1.602635240761e0	1.046754906
cfd-ventilation	18	bo	93	1.602635240761e0	1.067514574
cfd-ventilation	18	bo	94	1.602635240761e0	1.087434213
cfd-ventilation	18	bo	95	1.602635240761e0	1.107537307
cfd-ventilation	18	bo	96	1.602635240761e0	1.128037000
cfd-ventilation	18	bo	97	1.602635240761e0	1.149948565
cfd-ventilation	18	bo	98	1.602635240761e0	1.170729585
cfd-ventilation	18	bo	99	1.602635240761e0	1.190371008
cfd-ventilation	18	bo	100	1.602635240761e0	1.212805934
cfd-ventilation	18	bo	101	1.602635240761e0	1.234757630
cfd-ventilation	18	bo	102	1.602635240761e0	1.254169308
cfd-ventilation	18	bo	103	1.602635240761e0	1.275300275
cfd-ventilation	18	bo	104	1.602635240761e0	1.299201705
cfd-ventilation	18	bo	105	1.602635240761e0	1.321963449
cfd-ventilation	18	bo	106	1.602635240761e0	1.345970081
cfd-ventilation	18	bo	107	1.602635240761e0	1.368979680
cfd-ventilation	18	bo	108	1.602635240761e0	1.392129693
cfd-ventilation	18	bo	109	1.602635240761e0	1.415062661
cfd-ventilation	18	bo	110	1.602635240761e0	1.435420910
cfd-ventilation	18	bo	111	1.602635240761e0	1.456738761
cfd-ventilation	18	bo	112	1.602635240761e0	1.482774859
cfd-ventilation	18	bo	113	1.602635240761e0	1.508008369
cfd-ventilation	18	bo	114	1.602635240761e0	1.532906051
cfd-ventilation	18	bo	115	1.602635240761e0	1.559466070
cfd-ventilation	18	bo	116	1.602635240761e0	1.585923318
cfd-ventilation	18	bo	117	1.602635240761e0	1.610957603
cfd-ventilation	18	bo	118	1.602635240761e0	1.636533171
cfd-ventilation	18	bo	119	1.602635240761e0	1.664025781
cfd-ventilation	18	bo	120	1.602635240761e0	1.688714250
cfd-ventilation	18	bo	121	1.602635240761e0	1.716865935
cfd-ventilation	18	bo	122	1.602635240761e0	1.740477488
cfd-ventilation	18	bo	123	1.602635240761e0	1.766573228
cfd-ventilation	18	bo	124	1.602635240761e0	1.792698748
cfd-ventilation	18	bo	125	1.602635240761e0	1.820342652
cfd-ventilation	18	bo	126	1.602635240761e0	1.846695637
cfd-ventilation	18	bo	127	1.602635240761e0	1.873463701
cfd-ventilation	18	bo	128	1.602635240761e0	1.901200067
cfd-ventilation	18	bo	129	1.602635240761e0	1.932699998
cfd-ventilation	18	bo	130	1.602635240761e0	1.959751949
cfd-ventilation	18	bo	131	1.602635240761e0	1.991410794
cfd-ventilation	18	bo	132	1.602635240761e0	2.016529382
cfd-ventilation	18	bo	133	1.602635240761e0	2.044403951
cfd-ventilation	18	bo	134	1.602635240761e0	2.075791879
cfd-ventilation	18	bo	135	1.602635240761e0	2.105005798
cfd-ventilation	18	bo	136	1.602635240761e0	2.134828691
cfd-ventilation	18	bo	137	1.602635240761e0	2.165815191
cfd-ventilation	18	bo	138	1.602635240761e0	2.199402139
cfd-ventilation	18	bo	139	1.602635240761e0	2.235388791
cfd-ventilation	18	bo	140	1.602635240761e0	2.267214090
cfd-ventilation	18	bo	141	1.602635240761e0	2.295605840
cfd-ventilation	18	bo	142	1.602635240761e0	2.327824387
cfd-ventilation	18	bo	143	1.602635240761e0	2.357468376
cfd-ventilation	18	bo	144	1.602635240761e0	2.392129668
cfd-ventilation	18	bo	145	1.602635240761e0	2.429776507
cfd-ventilation	18	bo	146	1.602635240761e0	2.463608170
cfd-ventilation	18	bo	147	1.602635240761e0	2.500319539
cfd-ventilation	18	bo	148	1.602635240761e0	2.539596035
cfd-ventilation	18	bo	149	1.602635240761e0	2.576330464
cfd-ventilation	18	bo	150	1.602635240761e0	2.611035548
cfd-ventilation	18	bo	151	1.602635240761e0	2.649340233
cfd-ventilation	18	bo	152	1.602635240761e0	2.688286312
cfd-ventilation	18	bo	153	1.602635240761e0	2.723955497
cfd-ventilation	18	bo	154	1.602635240761e0	2.760605634
cfd-ventilation	18	bo	155	1.602635240761e0	2.798581951
cfd-ventilation	18	bo	156	1.602635240761e0	2.836712831
cfd-ventilation	18	bo	157	1.602635240761e0	2.874870112
cfd-ventilation	18	bo	158	1.602635240761e0	2.917794920
cfd-ventilation	18	bo	159	1.602635240761e0	2.959007439
cfd-ventilation	18	bo	160	1.602635240761e0	2.998672654
cfd-ventilation	19	de	1	2.102198483652e0	0.000013291
cfd-ventilation	19	de	2	1.649217960113e0	0.000014041
cfd-ventilation	19	de	3	1.649217960113e0	0.000014611
cfd-ventilation	19	de	4	1.649217960113e0	0.000015361
cfd-ventilation	19	de	5	1.649217960113e0	0.000016381
cfd-ventilation	19	de	6	1.649217960113e0	0.000017912
cfd-ventilation	19	de	7	1.649217960113e0	0.000018542
cfd-ventilation	19	de	8	1.649217960113e0	0.000019602
cfd-ventilation	19	de	9	1.649217960113e0	0.000019832
cfd-ventilation	19	de	10	1.649217960113e0	0.000020902
cfd-ventilation	19	de	11	1.649217960113e0	0.000021252
cfd-ventilation	19	de	12	1.649217960113e0	0.000021782
cfd-ventilation	19	de	13	1.649217960113e0	0.000021922
cfd-ventilation	19	de	14	1.649217960113e0	0.000022162
cfd-ventilation	19	de	15	1.649217960113e0	0.000022282
cfd-ventilation	19	de	16	1.649217960113e0	0.000022512
cfd-ventilation	19	de	17	1.576812060052e0	0.000031342
cfd-ventilation	19	de	18	1.576812060052e0	0.000032332
cfd-ventilation	19	de	19	1.576812060052e0	0.000032552
cfd-ventilation	19	de	20	1.576812060052e0	0.000032772
cfd-ventilation	19	de	21	1.576812060052e0	0.000032992
cfd-ventilation	19	de	22	1.576812060052e0	0.000033152
cfd-ventilation	19	de	23	1.576812060052e0	0.000033472
cfd-ventilation	19	de	24	1.576812060052e0	0.000033552
cfd-ventilation	19	de	25	1.576812060052e0	0.000033712
cfd-ventilation	19	de	26	1.576812060052e0	0.000033852
cfd-ventilation	19	de	27	1.576812060052e0	0.000034192
cfd-ventilation	19	de	28	1.576812060052e0	0.000034422
cfd-ventilation	19	de	29	1.576812060052e0	0.000034582
cfd-ventilation	19	de	30	1.576812060052e0	0.000034682
cfd-ventilation	19	de	31	1.576812060052e0	0.000034812
cfd-ventilation	19	de	32	1.576812060052e0	0.000034902
cfd-ventilation	19	de	33	1.576812060052e0	0.000044652
cfd-ventilation	19	de	34	1.576812060052e0	0.000045502
cfd-ventilation	19	de	35	1.576812060052e0	0.000045592
cfd-ventilation	19	de	36	1.576812060052e0	0.000045672
cfd-ventilation	19	de	37	1.576812060052e0	0.000045782
cfd-ventilation	19	de	38	1.576812060052e0	0.000045872
cfd-ventilation	19	de	39	1.576812060052e0	0.000045952
cfd-ventilation	19	de	40	1.576812060052e0	0.000046062
cfd-ventilation	19	de	41	1.576812060052e0	0.000046132
cfd-ventilation	19	de	42	1.576812060052e0	0.000046202
cfd-ventilation	19	de	43	1.576812060052e0	0.000046412
cfd-ventilation	19	de	44	1.567580813405e0	0.000046632
cfd-ventilation	19	de	45	1.567580813405e0	0.000046782
cfd-ventilation	19	de	46	1.567580813405e0	0.000046902
cfd-ventilation	19	de	47	1.567580813405e0	0.000047132
cfd-ventilation	19	de	48	1.567580813405e0	0.000047262
cfd-ventilation	19	de	49	1.567580813405e0	0.000055992
cfd-ventilation	19	de	50	1.567580813405e0	0.000056152
cfd-ventilation	19	de	51	1.567580813405e0	0.000056322
cfd-ventilation	19	de	52	1.567580813405e0	0.000056662
cfd-ventilation	19	de	53	1.558567082020e0	0.000056782
cfd-ventilation	19	de	54	1.557707312764e0	0.000056942
cfd-ventilation	19	de	55	1.557707312764e0	0.000057062
cfd-ventilation	19	de	56	1.557707312764e0	0.000057142
cfd-ventilation	19	de	57	1.557707312764e0	0.000057312
cfd-ventilation	19	de	58	1.557707312764e0	0.000057402
cfd-ventilation	19	de	59	1.557707312764e0	0.000057472
cfd-ventilation	19	de	60	1.557707312764e0	0.000057542
cfd-ventilation	19	de	61	1.557707312764e0	0.000057612
cfd-ventilation	19	de	62	1.557707312764e0	0.000057912
cfd-ventilation	19	de	63	1.557707312764e0	0.000058282
cfd-ventilation	19	de	64	1.557707312764e0	0.000058422
cfd-ventilation	19	de	65	1.557707312764e0	0.000069132
cfd-ventilation	19	de	66	1.557707312764e0	0.000070322
cfd-ventilation	19	de	67	1.557707312764e0	0.000070832
cfd-ventilation	19	de	68	1.557707312764e0	0.000071092
cfd-ventilation	19	de	69	1.557707312764e0	0.000071302
cfd-ventilation	19	de	70	1.557707312764e0	0.000071782
cfd-ventilation	19	de	71	1.557707312764e0	0.000072042
cfd-ventilation	19	de	72	1.557707312764e0	0.000072422
cfd-ventilation	19	de	73	1.557707312764e0	0.000072602
cfd-ventilation	19	de	74	1.557707312764e0	0.000072962
cfd-ventilation	19	de	75	1.557707312764e0	0.000073182
cfd-ventilation	19	de	76	1.557707312764e0	0.000073322
cfd-ventilation	19	de	77	1.557707312764e0	0.000073812
cfd-ventilation	19	de	78	1.557707312764e0	0.000073922
cfd-ventilation	19	de	79	1.557707312764e0	0.000074202
cfd-ventilation	19	de	80	1.557707312764e0	0.000074742
cfd-ventilation	19	de	81	1.557707312764e0	0.000085342
cfd-ventilation	19	de	82	1.557707312764e0	0.000085432
cfd-ventilation	19	de	83	1.548523161889e0	0.000085512
cfd-ventilation	19	de	84	1.548523161889e0	0.000085662
cfd-ventilation	19	de	85	1.548523161889e0	0.000085742
cfd-ventilation	19	de	86	1.548523161889e0	0.000085892
cfd-ventilation	19	de	87	1.548523161889e0	0.000086032
cfd-ventilation	19	de	88	1.548523161889e0	0.000086112
cfd-ventilation	19	de	89	1.548523161889e0	0.000086212
cfd-ventilation	19	de	90	1.548523161889e0	0.000086282
cfd-ventilation	19	de	91	1.548523161889e0	0.000086382
cfd-ventilation	19	de	92	1.540994553605e0	0.000086452
cfd-ventilation	19	de	93	1.540994553605e0	0.000086552
cfd-ventilation	19	de	94	1.540994553605e0	0.000086762
cfd-ventilation	19	de	95	1.540994553605e0	0.000086942
cfd-ventilation	19	de	96	1.540994553605e0	0.000087082
cfd-ventilation	19	de	97	1.540994553605e0	0.000094712
cfd-ventilation	19	de	98	1.534908246212e0	0.000094802
cfd-ventilation	19	de	99	1.534908246212e0	0.000094872
cfd-ventilation	19	de	100	1.534908246212e0	0.000094942
cfd-ventilation	19	de	101	1.534908246212e0	0.000095012
cfd-ventilation	19	de	102	1.534908246212e0	0.000095082
cfd-ventilation	19	de	103	1.534908246212e0	0.000095152
cfd-ventilation	19	de	104	1.534908246212e0	0.000095232
cfd-ventilation	19	de	105	1.534908246212e0	0.000095302
cfd-ventilation	19	de	106	1.534908246212e0	0.000095402
cfd-ventilation	19	de	107	1.534908246212e0	0.000095502
cfd-ventilation	19	de	108	1.534908246212e0	0.000095572
cfd-ventilation	19	de	109	1.534908246212e0	0.000095642
cfd-ventilation	19	de	110	1.534908246212e0	0.000095702
cfd-ventilation	19	de	111	1.534908246212e0	0.000096122
cfd-ventilation	19	de	112	1.534908246212e0	0.000096262
cfd-ventilation	19	de	113	1.534908246212e0	0.000104862
cfd-ventilation	19	de	114	1.521398496836e0	0.000104932
cfd-ventilation	19	de	115	1.521398496836e0	0.000105012
cfd-ventilation	19	de	116	1.521398496836e0	0.000105082
cfd-ventilation	19	de	117	1.521398496836e0	0.000105162
cfd-ventilation	19	de	118	1.521398496836e0	0.000105232
cfd-ventilation	19	de	119	1.521398496836e0	0.000105312
cfd-ventilation	19	de	120	1.521398496836e0	0.000105832
cfd-ventilation	19	de	121	1.521398496836e0	0.000106002
cfd-ventilation	19	de	122	1.521398496836e0	0.000106122
cfd-ventilation	19	de	123	1.521398496836e0	0.000106192
cfd-ventilation	19	de	124	1.521398496836e0	0.000106272
cfd-ventilation	19	de	125	1.521398496836e0	0.000106432
cfd-ventilation	19	de	126	1.521398496836e0	0.000106822
cfd-ventilation	19	de	127	1.521398496836e0	0.000106972
cfd-ventilation	19	de	128	1.521398496836e0	0.000107052
cfd-ventilation	19	de	129	1.521398496836e0	0.000116362
cfd-ventilation	19	de	130	1.521398496836e0	0.000117372
cfd-ventilation	19	de	131	1.508874911632e0	0.000117542
cfd-ventilation	19	de	132	1.508874911632e0	0.000117702
cfd-ventilation	19	de	133	1.508874911632e0	0.000117952
cfd-ventilation	19	de	134	1.508874911632e0	0.000118182
cfd-ventilation	19	de	135	1.508874911632e0	0.000118452
cfd-ventilation	19	de	136	1.508874911632e0	0.000118582
cfd-ventilation	19	de	137	1.508874911632e0	0.000118662
cfd-ventilation	19	de	138	1.508874911632e0	0.000119092
cfd-ventilation	19	de	139	1.508874911632e0	0.000119182
cfd-ventilation	19	de	140	1.508874911632e0	0.000119252
cfd-ventilation	19	de	141	1.508874911632e0	0.000119342
cfd-ventilation	19	de	142	1.508874911632e0	0.000119412
cfd-ventilation	19	de	143	1.508874911632e0	0.000119482
cfd-ventilation	19	de	144	1.508874911632e0	0.000119562
cfd-ventilation	19	de	145	1.508874911632e0	0.000126622
cfd-ventilation	19	de	146	1.505006015127e0	0.000126702
cfd-ventilation	19	de	147	1.505006015127e0	0.000126852
cfd-ventilation	19	de	148	1.505006015127e0	0.000126912
cfd-ventilation	19	de	149	1.505006015127e0	0.000126982
cfd-ventilation	19	de	150	1.505006015127e0	0.000127052
cfd-ventilation	19	de	151	1.505006015127e0	0.000127122
cfd-ventilation	19	de	152	1.505006015127e0	0.000127192
cfd-ventilation	19	de	153	1.505006015127e0	0.000127282
cfd-ventilation	19	de	154	1.505006015127e0	0.000127352
cfd-ventilation	19	de	155	1.505006015127e0	0.000127422
cfd-ventilation	19	de	156	1.505006015127e0	0.000127682
cfd-ventilation	19	de	157	1.505006015127e0	0.000127772
cfd-ventilation	19	de	158	1.505006015127e0	0.000127932
cfd-ventilation	19	de	159	1.504976878324e0	0.000128022
cfd-ventilation	19	de	160	1.504976878324e0	0.000128122
cfd-ventilation	19	bo	1	1.651749030764e0	0.021939314
cfd-ventilation	19	bo	2	1.651749030764e0	0.021939874
cfd-ventilation	19	bo	3	1.651749030764e0	0.021939994
cfd-ventilation	19	bo	4	1.651749030764e0	0.021940254
cfd-ventilation	19	bo	5	1.651749030764e0	0.021940614
cfd-ventilation	19	bo	6	1.651749030764e0	0.021941274
cfd-ventilation	19	bo	7	1.651749030764e0	0.021941394
cfd-ventilation	19	bo	8	1.651749030764e0	0.021941724
cfd-ventilation	19	bo	9	1.651749030764e0	0.021942044
cfd-ventilation	19	bo	10	1.651749030764e0	0.021942514
cfd-ventilation	19	bo	11	1.651749030764e0	0.021942924
cfd-ventilation	19	bo	12	1.651749030764e0	0.021943114
cfd-ventilation	19	bo	13	1.651749030764e0	0.021943454
cfd-ventilation	19	bo	14	1.651749030764e0	0.021943804
cfd-ventilation	19	bo	15	1.651749030764e0	0.021943944
cfd-ventilation	19	bo	16	1.651749030764e0	0.021944084
cfd-ventilation	19	bo	17	1.651749030764e0	0.031885969
cfd-ventilation	19	bo	18	1.651749030764e0	0.042439097
cfd-ventilation	19	bo	19	1.651749030764e0	0.052019003
cfd-ventilation	19	bo	20	1.651749030764e0	0.062053709
cfd-ventilation	19	bo	21	1.651749030764e0	0.071552413
cfd-ventilation	19	bo	22	1.651749030764e0	0.080906054
cfd-ventilation	19	bo	23	1.634964136286e0	0.091322969
cfd-ventilation	19	bo	24	1.634964136286e0	0.101126710
cfd-ventilation	19	bo	25	1.634964136286e0	0.111533395
cfd-ventilation	19	bo	26	1.634964136286e0	0.125260164
cfd-ventilation	19	bo	27	1.634964136286e0	0.136405605
cfd-ventilation	19	bo	28	1.634964136286e0	0.147696049
cfd-ventilation	19	bo	29	1.634964136286e0	0.158785778
cfd-ventilation	19	bo	30	1.634964136286e0	0.168657360
cfd-ventilation	19	bo	31	1.634964136286e0	0.179156797
cfd-ventilation	19	bo	32	1.634964136286e0	0.189086801
cfd-ventilation	19	bo	33	1.634964136286e0	0.199421564
cfd-ventilation	19	bo	34	1.634964136286e0	0.209771447
cfd-ventilation	19	bo	35	1.634964136286e0	0.221432140
cfd-ventilation	19	bo	36	1.634964136286e0	0.232413498
cfd-ventilation	19	bo	37	1.634964136286e0	0.243817335
cfd-ventilation	19	bo	38	1.634964136286e0	0.254692391
cfd-ventilation	19	bo	39	1.634964136286e0	0.265514625
cfd-ventilation	19	bo	40	1.634964136286e0	0.277410903
cfd-ventilation	19	bo	41	1.634964136286e0	0.288810110
cfd-ventilation	19	bo	42	1.634964136286e0	0.300569965
cfd-ventilation	19	bo	43	1.634964136286e0	0.311701206
cfd-ventilation	19	bo	44	1.530074165298e0	0.324032724
cfd-ventilation	19	bo	45	1.530074165298e0	0.335758088
cfd-ventilation	19	bo	46	1.530074165298e0	0.348020835
cfd-ventilation	19	bo	47	1.530074165298e0	0.359679928
cfd-ventilation	19	bo	48	1.530074165298e0	0.371714279
cfd-ventilation	19	bo	49	1.530074165298e0	0.383020604
cfd-ventilation	19	bo	50	1.530074165298e0	0.395495604
cfd-ventilation	19	bo	51	1.530074165298e0	0.407413212
cfd-ventilation	19	bo	52	1.530074165298e0	0.420082377
cfd-ventilation	19	bo	53	1.530074165298e0	0.432532638
cfd-ventilation	19	bo	54	1.530074165298e0	0.445064511
cfd-ventilation	19	bo	55	1.530074165298e0	0.457885930
cfd-ventilation	19	bo	56	1.530074165298e0	0.470888232
cfd-ventilation	19	bo	57	1.530074165298e0	0.486325410
cfd-ventilation	19	bo	58	1.530074165298e0	0.498003753
cfd-ventilation	19	bo	59	1.530074165298e0	0.510969365
cfd-ventilation	19	bo	60	1.530074165298e0	0.524594282
cfd-ventilation	19	bo	61	1.530074165298e0	0.538433674
cfd-ventilation	19	bo	62	1.530074165298e0	0.552677895
cfd-ventilation	19	bo	63	1.530074165298e0	0.566606299
cfd-ventilation	19	bo	64	1.530074165298e0	0.580024802
cfd-ventilation	19	bo	65	1.530074165298e0	0.595718486
cfd-ventilation	19	bo	66	1.530074165298e0	0.609603049
cfd-ventilation	19	bo	67	1.530074165298e0	0.622809897
cfd-ventilation	19	bo	68	1.530074165298e0	0.637555639
cfd-ventilation	19	bo	69	1.530074165298e0	0.652490985
cfd-ventilation	19	bo	70	1.530074165298e0	0.668379252
cfd-ventilation	19	bo	71	1.530074165298e0	0.683015502
cfd-ventilation	19	bo	72	1.530074165298e0	0.697839275
cfd-ventilation	19	bo	73	1.530074165298e0	0.712431594
cfd-ventilation	19	bo	74	1.530074165298e0	0.729504289
cfd-ventilation	19	bo	75	1.530074165298e0	0.744241141
cfd-ventilation	19	bo	76	1.530074165298e0	0.760759143
cfd-ventilation	19	bo	77	1.530074165298e0	0.776295633
cfd-ventilation	19	bo	78	1.530074165298e0	0.793695535
cfd-ventilation	19	bo	79	1.530074165298e0	0.809800998
cfd-ventilation	19	bo	80	1.530074165298e0	0.825351748
cfd-ventilation	19	bo	81	1.530074165298e0	0.841480012
cfd-ventilation	19	bo	82	1.530074165298e0	0.859020537
cfd-ventilation	19	bo	83	1.530074165298e0	0.878220940
cfd-ventilation	19	bo	84	1.530074165298e0	0.897105276
cfd-ventilation	19	bo	85	1.530074165298e0	0.915797397
cfd-ventilation	19	bo	86	1.530074165298e0	0.939151933
cfd-ventilation	19	bo	87	1.530074165298e0	0.957493956
cfd-ventilation	19	bo	88	1.530074165298e0	0.975579543
cfd-ventilation	19	bo	89	1.530074165298e0	0.996554165
cfd-ventilation	19	bo	90	1.530074165298e0	1.016008753
cfd-ventilation	19	bo	91	1.530074165298e0	1.035323278
cfd-ventilation	19	bo	92	1.530074165298e0	1.056692909
cfd-ventilation	19	bo	93	1.530074165298e0	1.075279688
cfd-ventilation	19	bo	94	1.530074165298e0	1.094059611
cfd-ventilation	19	bo	95	1.530074165298e0	1.112807082
cfd-ventilation	19	bo	96	1.530074165298e0	1.134219464
cfd-ventilation	19	bo	97	1.530074165298e0	1.154741146
cfd-ventilation	19	bo	98	1.530074165298e0	1.175514454
cfd-ventilation	19	bo	99	1.530074165298e0	1.196665320
cfd-ventilation	19	bo	100	1.530074165298e0	1.218068612
cfd-ventilation	19	bo	101	1.530074165298e0	1.239497755
cfd-ventilation	19	bo	102	1.530074165298e0	1.260267942
cfd-ventilation	19	bo	103	1.530074165298e0	1.281927100
cfd-ventilation	19	bo	104	1.530074165298e0	1.301995083
cfd-ventilation	19	bo	105	1.530074165298e0	1.324541000
cfd-ventilation	19	bo	106	1.530074165298e0	1.347861155
cfd-ventilation	19	bo	107	1.530074165298e0	1.368081990
cfd-ventilation	19	bo	108	1.530074165298e0	1.390440703
cfd-ventilation	19	bo	109	1.530074165298e0	1.414239039
cfd-ventilation	19	bo	110	1.530074165298e0	1.434656338
cfd-ventilation	19	bo	111	1.530074165298e0	1.455063227
cfd-ventilation	19	bo	112	1.530074165298e0	1.479321133
cfd-ventilation	19	bo	113	1.530074165298e0	1.503404915
cfd-ventilation	19	bo	114	1.530074165298e0	1.525494853
cfd-ventilation	19	bo	115	1.530074165298e0	1.549573606
cfd-ventilation	19	bo	116	1.530074165298e0	1.575470548
cfd-ventilation	19	bo	117	1.530074165298e0	1.600275686
cfd-ventilation	19	bo	118	1.530074165298e0	1.624564903
cfd-ventilation	19	bo	119	1.530074165298e0	1.650697742
cfd-ventilation	19	bo	120	1.530074165298e0	1.677523296
cfd-ventilation	19	bo	121	1.530074165298e0	1.703819598
cfd-ventilation	19	bo	122	1.530074165298e0	1.731518042
cfd-ventilation	19	bo	123	1.530074165298e0	1.757270702
cfd-ventilation	19	bo	124	1.530074165298e0	1.784952725
cfd-ventilation	19	bo	125	1.530074165298e0	1.808865993
cfd-ventilation	19	bo	126	1.530074165298e0	1.837384945
cfd-ventilation	19	bo	127	1.530074165298e0	1.866213614
cfd-ventilation	19	bo	128	1.530074165298e0	1.892150268
cfd-ventilation	19	bo	129	1.530074165298e0	1.925428697
cfd-ventilation	19	bo	130	1.530074165298e0	1.953172002
cfd-ventilation	19	bo	131	1.530074165298e0	1.979723250
cfd-ventilation	19	bo	132	1.530074165298e0	2.007890244
cfd-ventilation	19	bo	133	1.530074165298e0	2.038468962
cfd-ventilation	19	bo	134	1.530074165298e0	2.068846636
cfd-ventilation	19	bo	135	1.530074165298e0	2.098015233
cfd-ventilation	19	bo	136	1.530074165298e0	2.129266167
cfd-ventilation	19	bo	137	1.530074165298e0	2.156004859
cfd-ventilation	19	bo	138	1.530074165298e0	2.184739985
cfd-ventilation	19	bo	139	1.530074165298e0	2.215351144
cfd-ventilation	19	bo	140	1.530074165298e0	2.248301335
cfd-ventilation	19	bo	141	1.530074165298e0	2.281510332
cfd-ventilation	19	bo	142	1.530074165298e0	2.313507752
cfd-ventilation	19	bo	143	1.530074165298e0	2.347176700
cfd-ventilation	19	bo	144	1.530074165298e0	2.377284187
cfd-ventilation	19	bo	145	1.530074165298e0	2.410585387
cfd-ventilation	19	bo	146	1.530074165298e0	2.444373187
cfd-ventilation	19	bo	147	1.530074165298e0	2.477288437
cfd-ventilation	19	bo	148	1.530074165298e0	2.508383027
cfd-ventilation	19	bo	149	1.530074165298e0	2.542264680
cfd-ventilation	19	bo	150	1.530074165298e0	2.573703077
cfd-ventilation	19	bo	151	1.530074165298e0	2.607362084
cfd-ventilation	19	bo	152	1.530074165298e0	2.641927751
cfd-ventilation	19	bo	153	1.530074165298e0	2.679124618
cfd-ventilation	19	bo	154	1.530074165298e0	2.714382381
cfd-ventilation	19	bo	155	1.530074165298e0	2.755477315
cfd-ventilation	19	bo	156	1.530074165298e0	2.792045467
cfd-ventilation	19	bo	157	1.530074165298e0	2.831452264
cfd-ventilation	19	bo	158	1.530074165298e0	2.865281065
cfd-ventilation	19	bo	159	1.530074165298e0	2.903892394
cfd-ventilation	19	bo	160	1.530074165298e0	2.939667059
