niche_id,grid_x,grid_y,quality_train,quality_validation,descriptor_centroid_x_train,descriptor_centroid_y_train,descriptor_centroid_x_validation,descriptor_centroid_y_validation,visit_count,decision_source_1_x_m,decision_source_1_y_m,decision_source_1_log10_emission_g_s,decision_source_1_height_m,decision_source_2_x_m,decision_source_2_y_m,decision_source_2_log10_emission_g_s,decision_source_2_height_m,decision_wind_direction_bias_deg,decision_wind_speed_scale,decision_lateral_dispersion_scale,decision_vertical_dispersion_scale
208,8,10,0.1077353626292865,0.13173999671535827,-185.37792450110942,46.32411305371238,-185.37792450110942,46.32411305371238,973,-798.555479099681,427.4107052255228,0.2249408799154076,50.38239531304354,891.2371368829007,-622.7864271914813,-0.01953332210317384,70.30111902386453,3.1727122557607834,0.9602840565811611,1.0715249348289058,0.8603979645433464
189,9,9,0.11668237364879544,0.13489331593152099,-10.435575595527505,-77.7393121845573,-10.435575595527505,-77.7393121845573,807,-813.1475653271693,402.1574235036298,0.2668497980694999,46.23065182212615,919.7507858032528,-633.845866125757,0.20283958044823164,91.03230376629558,2.9221656054143663,1.031749437252588,1.0870285155829589,0.9808374822961639
209,9,10,0.12185007511209428,0.09390886857683906,-174.03924794863931,26.195066477579754,-174.03924794863931,26.195066477579754,777,-798.8123614332526,414.8176540512297,0.3528603651109684,50.26427850368518,879.9298431088039,-629.3968380858339,0.12575482209094585,80.61737833505427,3.634667477396678,0.9755309214104557,1.0451938883456182,0.9146774377329442
207,7,10,0.12919769502794182,0.10915436697513116,-365.06090836785256,178.56488406990573,-365.06090836785256,178.56488406990573,738,-799.5568247491169,434.6918326513042,0.3819614253097885,50.54311505086262,920.2315490253247,-579.0901887062782,-0.08905483454818036,63.413951201288626,3.4958855333056937,1.0145905813489817,1.0219493791263148,0.8747294927902781
190,10,9,0.1294250325167367,0.1640276912846245,8.197041431017126,-96.40161762121583,8.197041431017126,-96.40161762121583,848,-815.721923493049,398.9757039140342,0.2615535857794438,45.43888409311516,893.0501561238841,-628.4153041238367,0.23056690137112443,89.28777682470137,2.9101022683567215,1.006746507675197,1.0797499882986568,0.9973701761362902
227,7,11,0.1314430757112039,0.1423320887450335,-413.22699857861846,209.48451851471555,-413.22699857861846,209.48451851471555,975,-798.7523203030132,434.3984851063736,0.39531082822375063,50.349412976097234,909.3541694090283,-562.1041680623582,-0.14005859808172857,67.75854418327918,3.508887446673604,0.9915649255833839,1.0470017381160588,0.8875115943979308
171,11,8,0.17629994472155192,0.20398790569856556,222.02314401032632,-247.88126037718948,222.02314401032632,-247.88126037718948,784,-828.0283649198564,392.29796366128716,0.3463648906703075,57.91575852779414,886.5803873467081,-653.0382805329701,0.5450430980666344,119.9804247409155,2.7146131234291655,0.926813729190132,1.081263942557978,1.112875561610744
228,8,11,0.1763879738085911,0.11992484393418465,-359.2584791703982,184.70057554556138,-359.2584791703982,184.70057554556138,696,-776.0245799644118,453.7389535634525,0.3972853863390347,51.9241356736127,894.8869057534167,-624.8979966888278,-0.0811701112241855,76.13562632511434,3.801784911615665,1.0523662690952955,1.0839694726991704,0.9331794404638849
170,10,8,0.18566459851448533,0.2307710783853927,159.5425537768967,-184.96510731012276,159.5425537768967,-184.96510731012276,690,-813.3569906902515,370.57556347570153,0.13519442915689944,21.58124132975777,914.4422704032746,-616.0245083918012,0.24537316685698782,80.26769527128016,3.01285811803352,1.0329588308828783,1.0949067694906782,0.9575522970864786
188,8,9,0.18763174754287357,0.24686995059236322,-237.98716424519,-3.561590384361022,-237.98716424519,-3.561590384361022,644,-797.3763675661023,299.51145752763205,0.3377663992835538,56.77682438090872,904.9332740387847,-622.7876653519144,0.027464480094100522,68.84311272692044,2.659032628700994,0.9870760895184185,1.1276368816043654,0.8754165279654749
226,6,11,0.19317621596553797,0.2373121829896668,-555.7193541377476,298.39347336185955,-555.7193541377476,298.39347336185955,856,-795.9923364701785,444.04325509713107,0.515332761054403,71.15490173920246,942.1954179795932,-609.6193939154027,-0.2794494036661523,59.05459556341398,3.525313398210481,0.9249813587922127,1.0882611764711119,0.9118489268919301
191,11,9,0.20174926260139117,0.21218050256934023,180.40828338376957,-161.76861142316528,180.40828338376957,-161.76861142316528,703,-767.5387795185326,426.84185872077774,0.1276455104274101,37.29114031029961,940.1668791867849,-633.5268791288848,0.2237539734010949,78.4657090678162,3.5456230610646133,0.9621318355006475,1.12620303614321,0.7888495959650986
210,10,10,0.2141860394659144,0.12717387491292048,58.907342998831986,9.12506727457365,58.907342998831986,9.12506727457365,574,-800.8144546044537,428.84837553450285,0.19788891196829858,41.323528594858914,998.48662241777,-449.5853255869252,0.15931341936113513,83.15700644962612,3.4599808657561795,0.9740953173103644,1.0769078885095245,0.9064001571097061
229,9,11,0.24222481996410264,0.34807346661661726,-162.14388418281203,180.38355549745654,-162.14388418281203,180.38355549745654,596,-626.4157512203902,505.318691427804,0.3490689402956906,74.22568687147728,932.0433960902305,-585.4175147190182,-0.02325035357411196,59.27474236386728,3.3976442051390237,1.0852531002211012,1.102421114926783,0.781231739169735
172,12,8,0.24503934377954484,0.3424988368495128,367.3262253907323,-318.06409404407543,367.3262253907323,-318.06409404407543,732,-804.6832730628138,373.4893886297915,0.22681098779125966,37.64954493445922,910.757010433088,-638.7197307809054,0.5605978818789956,111.58684317805653,2.759594999449715,0.9792973452015593,1.0752293438792326,1.0320768279465529
152,12,7,0.2453582650247359,0.29791202983385884,429.96796084511055,-397.1291409156642,429.96796084511055,-397.1291409156642,762,-810.0556239243741,370.3055178220409,0.19438450584321296,47.168851491865944,886.0067273385275,-679.3656720862382,0.6288126888868494,120,2.7137614945709214,0.9347823242893404,1.0956692603460587,1.1151562081539919
246,6,12,0.25121048677143604,0.3552578770038639,-583.3342192461229,363.65307032668227,-583.3342192461229,363.65307032668227,821,-822.859835552866,517.0281307657966,0.5925931007709364,100.99880852399438,917.8666156658412,-597.6084946618863,-0.20449373021622277,59.1768947416918,3.5431471901144196,0.964537492033514,1.1338474787628021,0.8076913403294254
206,6,10,0.26306862697780325,0.35303302085885635,-578.0632770896759,177.29635762875196,-578.0632770896759,177.29635762875196,629,-805.5327102883452,293.7689349520537,0.5327929957004246,78.49919158849274,932.1257944373807,-595.9750702409217,-0.289315282019388,52.79354849908037,3.065421174011651,0.9111185040607842,1.093220510365322,0.8948618235468081
153,13,7,0.2756158278566361,0.39102364257790834,576.5635182645719,-508.8475299147733,576.5635182645719,-508.8475299147733,710,-824.9751791144422,414.21307080525855,0.21439979083675817,39.635300117533326,942.6137840640907,-749.9301192678215,0.7974641577036158,113.34906039987085,3.4627080092491793,0.994724310991992,1.0821530144653413,0.8516118626339321
247,7,12,0.2773501752063606,0.4460658568547068,-495.95600167100866,361.97432200411106,-495.95600167100866,361.97432200411106,634,-779.8177062669935,552.1490622872465,0.5848165732692382,81.87406309318398,943.3026259661386,-602.2650638641715,-0.12021546185613208,68.73065952483364,4.031247552520304,0.9586703744570012,1.1107411173021502,0.8583288563683947
151,11,7,0.2809118629315238,0.3630609977387319,306.5893333624497,-363.6614064815866,306.5893333624497,-363.6614064815866,624,-825.4363135670039,364.2967454897866,0.2396565224964061,46.28135316886123,871.3962589042831,-726.865020157036,0.5416127754399106,109.48367224787951,2.6112451443102045,0.9656569110356841,1.1275826895520233,0.9573423944084477
173,13,8,0.3022128689235154,0.3972843416948018,548.758535219367,-278.42749243340495,548.758535219367,-278.42749243340495,708,-808.231027843281,431.1636510742063,0.10027545350545973,28.944505010754213,1090.7666211604871,-561.8520285995502,0.49884619530964047,119.08754014475655,3.3282993179681224,0.9478654400496458,1.0948162360644256,0.8348327548664737
245,5,12,0.31362605358655765,0.4387154686044853,-727.5767332272443,416.0193228660127,-727.5767332272443,416.0193228660127,662,-871.3799852432469,505.97744634492744,0.8815618612340798,103.47670785140707,913.8455536477684,-610.7952080551203,-0.17588975720714967,64.13518633705115,2.6973673697603022,0.9643205255807096,1.079405706234779,0.8668082780634114
133,13,6,0.31462814071771733,0.3866504212210423,626.9441585243667,-550.6834041660014,626.9441585243667,-550.6834041660014,602,-821.9337235990032,423.943148889209,0.15710261063553282,40.27701140645968,936.9486884462052,-759.2162627023122,0.8267663533956547,120,3.4305720877749755,1.0133302814763088,1.0986577195638414,0.9074462800806882
192,12,9,0.31484672781423156,0.3350621873281615,377.5937820128683,-155.43083223156586,377.5937820128683,-155.43083223156586,610,-790.0076341946977,462.63590764675484,0.10706556393996874,36.54399450239757,1063.5880632255742,-518.5601014144114,0.33803968179245136,119.83330650555382,3.2058385652438637,1.0300054800135536,1.1797809042889085,0.8481647508108123
211,11,10,0.3234129864119085,0.43037594684648645,201.05073715203542,24.60577575731399,201.05073715203542,24.60577575731399,630,-810.0105014382457,395.73423360649747,0.009525602857911708,43.531081450003214,1102.0850411938582,-306.1352901295614,0.059561738178036,68.91605093190522,2.5612198389669216,0.9247083964643996,1.1250306177434528,0.7393323151174632
225,5,11,0.34379075224204436,0.5551086054441458,-734.2653694547447,342.25852379736256,-734.2653694547447,342.25852379736256,672,-845.6040335082855,403.01516565584876,0.8266410180349166,92.43695380504462,952.2971199404847,-578.0854915652349,-0.3537154130528689,56.60890254100442,3.751437915920429,0.8683342323597215,1.049501478538301,0.8884495043055929
169,9,8,0.34888649278052686,0.6095082310119188,-37.03954264669478,-183.92894957549612,-37.03954264669478,-183.92894957549612,499,-820.2344361363105,229.97300260752795,0.08431799019473653,20,920.2667358773583,-689.8450897493913,-0.002863069902013237,54.44338812420557,2.45446147501789,0.9332296471645708,1.296384099751718,0.7
150,10,7,0.36337922238285153,0.4643542633041109,106.64331754851364,-385.21597249679917,106.64331754851364,-385.21597249679917,574,-800.158889920754,409.4241338846068,-0.01702967284934789,20.1026230816978,715.6070762970443,-918.8571811842551,0.1558914485883038,114.05530231906238,4.103080639066157,0.8264815393253093,1.0769781418897897,0.7
248,8,12,0.36450451502498893,0.5142528875159887,-346.8155713007064,395.5735888872366,-346.8155713007064,395.5735888872366,703,-621.8709992060485,607.104589725202,0.4719173682064357,99.41022112610602,909.4578578197845,-570.5617744892407,-0.18774658641782618,68.88218917250961,3.375247989902466,0.9764316696485419,1.3,0.9563481178429113
266,6,13,0.36630281026965084,0.4684073810597627,-654.0444171250815,550.0197891976806,-654.0444171250815,550.0197891976806,695,-794.5784432715841,649.5143836437625,0.8306647426564427,105.94306503992762,944.7923374322554,-581.91685875931,-0.22535789224181543,64.89093715316407,2.630021107932538,0.9690666471151517,1.1199475381181832,0.9310373149693665
193,13,9,0.37245126007536256,0.39145306308643707,545.5844168142753,-172.7851572071643,545.5844168142753,-172.7851572071643,552,-795.5521166621016,412.92642819840165,0.04610964045976593,34.08396837088449,1190.248664074636,-454.3279449041058,0.36424904847541484,113.63253334772165,3.0644137165471608,1.1046934257926215,1.2164515928850037,0.8760540394632954
154,14,7,0.3741970630043039,0.5321679153426555,732.1223136156913,-433.25636378769525,732.1223136156913,-433.25636378769525,626,-783.1973836071477,438.69605615845796,0.028537765140135982,35.08662383059693,1056.0074210143616,-619.6278626195087,0.698651054562252,118.17803223384148,3.579818276374607,1.0873090691865432,1.139268791076651,0.8911709886629441
168,8,8,0.3789473518054634,0.40624617758379006,-215.41652111255917,-186.6773437430829,-215.41652111255917,-186.6773437430829,518,-836.9074374426145,384.77419373548014,-0.021822998014034325,26.512294113239754,361.40834649791157,-717.0591221258529,0.010567812320811117,119.96075917123383,3.4781253609620353,0.8556572874803489,1.0797380323409616,0.7170784057087024
134,14,6,0.38294039100644295,0.4257385546504287,792.9072174375755,-583.4933835750846,792.9072174375755,-583.4933835750846,705,-813.3070502452125,390.62239094595486,-0.04874242099082976,22.946360739763808,977.7905120834216,-695.6189806286825,0.8901633866209702,108.95611770060779,3.435671367440132,0.9015065236809248,1.1116490262828884,0.7619160592542795
265,5,13,0.38916366268152097,1.0121937533871517,-720.526438581579,546.2281573521326,-720.526438581579,546.2281573521326,711,-822.8520500380107,608.7144531563131,0.6293718931269806,116.70017946453869,978.3474384523805,-491.208454102062,-0.590804896789099,22.150718585468518,3.324140277297421,0.9556338560845348,1.0890770716807925,0.7403870180824074
132,12,6,0.39650835590805406,0.33763755403804396,415.52688504614264,-569.506581439207,415.52688504614264,-569.506581439207,565,-801.1511305443901,413.1288557461166,-0.1516708529413661,20.04478988636555,791.1636619429148,-872.8851283998758,0.35873670234163935,115.9514414614831,4.052290148077439,0.8691859478093769,1.125156852672275,0.7
174,14,8,0.4001945949725823,0.32260375821154763,724.8870481741088,-335.25435389770996,724.8870481741088,-335.25435389770996,602,-816.0363153685147,404.2557112388598,-0.01254051189007607,23.244636206587312,1279.9662456517112,-601.6444049505391,0.4308855763904952,104.32147473346653,2.882896139015124,0.990096112401749,1.1630609102364897,0.7303098822805092
187,7,9,0.40287854896035635,0.5358039667711829,-415.12498727170373,-27.558929989422932,-415.12498727170373,-27.558929989422932,537,-930.6541870877273,149.00875652305476,0.2144479964356782,62.420043018071176,881.6920113512019,-471.7160744511059,-0.1861774291963248,60.6865507754532,-0.8578821121849901,0.9911772627586607,1.3,0.9263366765986185
212,12,10,0.4045190451591366,0.36956594738372384,451.89720692298096,34.29139981322865,451.89720692298096,34.29139981322865,559,-801.2112682284671,413.0182227663058,-0.09321279618509277,26.06163110324651,1337.5463434746819,-233.37823165808007,0.05751416751584612,103.39809126814187,2.853498481510069,1.000945134599648,1.1889582957972682,0.7138807057171351
230,10,11,0.4082939341394984,0.3709637383500075,84.37902290516135,215.6567063077116,84.37902290516135,215.6567063077116,617,-805.9021687658873,426.12645331158006,-0.0926291074326105,41.88284739703419,1204.5810213686693,-49.168197796245735,-0.1923982521097386,119.4798144099896,2.7789504117018953,0.8990135843861975,1.2069129239514127,0.7
267,7,13,0.4111951062182774,0.708749565686563,-434.3896350208494,547.6489628764128,-434.3896350208494,547.6489628764128,784,-597.5921214340283,693.2569059061937,0.5591392546362213,92.96335380629253,892.997860443857,-636.6354623543826,-0.351131696450037,57.73427227167805,2.9255662212165108,0.8914190784409018,1.2249014414726918,0.7228595171363111
131,11,6,0.4147737006804253,0.400348993332255,354.8481592531094,-543.4492395117132,354.8481592531094,-543.4492395117132,569,-799.829014499367,409.6184160284217,-0.12103848371155113,20.057375330502413,777.2079316591212,-892.0639408600513,0.3157395496507793,117.31150860672822,4.457077585698082,0.8672081110084909,1.1080865435442429,0.7
149,9,7,0.41503378402063135,0.3443579817263664,-77.32407796914217,-366.8403742859005,-77.32407796914217,-366.8403742859005,506,-830.8950773367077,407.7147595386522,-0.11416189525450492,27.313311812758354,375.35505642145034,-832.1249298377331,0.10717180458235301,119.80851847611002,3.6631412254240945,0.873431017842065,1.114923812017081,0.7297356143959568
155,15,7,0.420778341801342,0.40007291834480896,945.6014687019132,-425.8642743952536,945.6014687019132,-425.8642743952536,612,-805.9088036920048,404.5617334004432,-0.08442403478683883,22.84716071660692,1426.2768938864242,-653.7620953060632,0.4771367348245693,117.62096744391839,3.469837883222085,0.9389295556342385,1.163199216657029,0.7581191298932111
205,5,10,0.43106960819035123,0.5726201886682118,-731.2439368143281,178.52852512245738,-731.2439368143281,178.52852512245738,566,-892.1538719303826,257.0698426558468,0.8293691299418766,111.08668138584387,894.215338878019,-614.8700491648813,-0.17502410348237038,64.63062390178867,2.8371745336027168,1.0264716336227129,1.0359058505399505,0.9144132280861758
135,15,6,0.43373488112426545,0.38562535929849795,905.6145192631253,-573.5879536201992,905.6145192631253,-573.5879536201992,637,-797.4679734855581,396.25482541246055,-0.02366428834456267,27.704258867383526,1357.1373346386886,-830.7135737384177,0.5528916961529391,119.80588427056107,3.447760385761555,0.9960078919443378,1.1735904335620286,0.7767459846741049
244,4,12,0.43523431726332784,0.8599644485986648,-908.4103282612772,385.1260552709074,-908.4103282612772,385.1260552709074,916,-1045.0045385706044,451.48909232466724,0.7859222378394903,87.7445204502005,976.6405653519438,-530.7085325771775,-0.3539685504727666,36.680066351380844,2.5688500400496475,1.0774807399999828,1.096860834382415,0.7280100053835814
156,16,7,0.44208775644222753,0.5063284617667854,1080.1486148863653,-505.02739678403543,1080.1486148863653,-505.02739678403543,627,-792.320845731141,422.59661477634313,-0.07881942794509054,25.336740590059403,1490.051736741187,-708.0939814431505,0.5809140893285809,114.73939027755935,3.7309374092079715,0.9010895725196556,1.1838599458105679,0.7955000876491588
231,11,11,0.4500744805715963,0.39587410669453427,195.55297289161214,216.99399855805407,195.55297289161214,216.99399855805407,576,-806.8813497764442,425.9774139720094,-0.07627015923611748,42.04036576576066,1259.5761827084793,-4.8292166281654545,-0.10216533248995584,120,3.022525292093503,0.940728321483446,1.2283754944417655,0.7170983687249665
175,15,8,0.4521507602590372,0.40394444003055696,936.9681256671048,-337.7618312507727,936.9681256671048,-337.7618312507727,635,-813.2527377201492,405.06363015234814,-0.12933208838157814,25.52677688413089,1423.0905804852744,-544.081013219538,0.42701508579777103,120,2.9117823856935163,0.9006929462949487,1.1380847853844298,0.7563927868962932
194,14,9,0.45679345671333355,0.7080761175910228,845.9302349880429,-165.49421819519148,845.9302349880429,-165.49421819519148,547,-860.3297646043885,317.26542928444985,-0.04229092517771538,48.2548911726515,1420.2554320997617,-327.9905726561513,0.43059641410544847,114.83061484321952,0.44445920067220795,0.9121981785782498,1.2599815551265081,0.7314411523715147
213,13,10,0.4674168250693049,0.4666211791804262,542.1735738841528,76.3885379993735,542.1735738841528,76.3885379993735,579,-807.8648957890227,375.0931501107687,0.04253476373709948,46.458775939780786,1174.5116989405813,-63.5203006087241,0.37193154056269123,96.73941265725638,2.54561733647552,1.0958695346827674,1.1602940213340323,0.8601860410604663
136,16,6,0.471486581571333,0.45068998861128495,1107.6208203503402,-575.6837327196488,1107.6208203503402,-575.6837327196488,612,-796.1240000020783,419.1135999158728,-0.10044952268434248,24.936528626581225,1474.9274903559547,-767.6189604216365,0.6141303971774542,117.62746962745462,3.6201973480391385,0.939043862543109,1.1749282184458534,0.7909468685773057
186,6,9,0.4728139382572183,0.7618145222063374,-629.4534431287893,-28.529600687318794,-629.4534431287893,-28.529600687318794,633,-920.3754778811408,61.56447926323446,0.23235389762825873,58.769027771963685,921.2713321165563,-508.7652143326982,-0.49440421141501745,31.089582208862563,1.064006719141269,0.8288688300318597,1.2534237973661901,0.7440654713131819
224,4,11,0.48325958003665315,0.656188066027017,-939.3942424818591,358.98200900825765,-939.3942424818591,358.98200900825765,610,-1061.5717574360333,416.1025522627211,0.825666090282828,81.54679281118852,978.8897598486117,-537.8558778202729,-0.3702555272014631,29.009707525395797,2.5467199970571612,1.061811264726913,1.1659276995901862,0.7952858102060302
232,12,11,0.48794495321727427,0.4674254077190574,372.20254026087713,187.27114272864182,372.20254026087713,187.27114272864182,547,-797.7011740417934,447.3512570116683,-0.153116260166337,41.94879616405241,1253.7987480766342,-8.715620692202764,-0.030235853753370498,120,2.4825358345195228,0.8946085922388743,1.2182516040205509,0.757400625665574
195,15,9,0.48841504271836605,0.7232051342841279,909.0750386432434,-158.02833479740445,909.0750386432434,-158.02833479740445,562,-849.470823995337,314.4454306160658,-0.06133802841129458,48.43205134389785,1501.2433298332473,-317.1279569575023,0.4113705222028414,113.69987545210306,0.24578949234462757,0.9139745303797491,1.3,0.7655848867662833
176,16,8,0.49289403402015375,0.4675614450480663,1105.7710873078768,-329.55212969398286,1105.7710873078768,-329.55212969398286,650,-837.0814291553104,377.37012894652537,-0.018264769045076224,32.08882669687579,1702.6522256079502,-546.7320539813551,0.4942872099370091,107.01009194064103,1.5438091036580595,0.9810774280486398,1.2117979284502798,0.7609299568124381
115,15,5,0.5037103636573745,0.4391488188758581,947.6068661834951,-741.4942250666486,947.6068661834951,-741.4942250666486,633,-810.4684377786489,430.91581474517994,-0.10187010596067077,20.022352188276002,1133.3351373856199,-865.3510867969319,0.8742893511438843,116.26939587599404,3.6590335290858986,0.9391894748914202,1.080813761662269,0.804265263296071
264,4,13,0.5056124466112054,0.578693914929582,-933.0654449470304,541.4574619286685,-933.0654449470304,541.4574619286685,729,-1003.217504553169,583.9658189308072,0.9571167788451281,72.65904894797632,915.597697347402,-578.732497860783,-0.46370057764342787,50.58368065407279,3.8305556636363427,0.9479776401562363,1.1014273073002814,0.7687988899223634
114,14,5,0.5066237698233409,0.47236747445678423,895.97349927766,-730.1958502302265,895.97349927766,-730.1958502302265,497,-812.4338456939415,389.7890947331414,-0.14546628811588155,23.176167657767145,1198.6275589402558,-928.6075413013549,0.6061786380948081,109.91203274723453,3.7316248732654085,0.9724893623173042,1.074240535783212,0.7569953449050539
148,8,7,0.5152312469034017,0.6040659625051868,-198.17514656347322,-378.82310384887296,-198.17514656347322,-378.82310384887296,500,-842.614564786592,376.9361973644549,-0.1455713089423308,26.310518038928933,253.63115293666914,-908.6740154139807,0.0086585060104425,120,3.5981735031653006,0.8268642345203371,1.0938726187058958,0.7101779817383053
157,17,7,0.5226120583679859,0.49386549608535923,1260.0569470067746,-511.9352052378647,1260.0569470067746,-511.9352052378647,650,-816.5547393592199,404.6956343752405,-0.17379918295584218,20,1601.7645594860226,-662.7673217021458,0.6099014567562988,118.4848949859212,2.7837772415879245,0.9479364896673474,1.1980737623543107,0.7674082904884731
177,17,8,0.5348222867407136,0.9505883999630748,1276.1118061860655,-338.58013901605096,1276.1118061860655,-338.58013901605096,556,-843.9392069170977,330.980852505658,-0.005683132696641783,48.538670138317045,1800,-504.0361098057059,0.6014245670119283,107.03522789879172,1.1225245327499196,0.9583417068258994,1.2257104893468225,0.7
130,10,6,0.5380550663793618,0.34933816598651124,178.79303543216258,-550.1820944054033,178.79303543216258,-550.1820944054033,500,-813.8455345132289,398.8326144539019,-0.23959876394734886,25.778974970284736,474.86441365449224,-833.2419122610553,0.28579595682682385,116.44272818838218,3.461296680920659,0.9032438586809282,1.152509000664616,0.7237831288596135
137,17,6,0.5415851555327813,0.5091709295171861,1267.917329279782,-546.0580876911624,1267.917329279782,-546.0580876911624,587,-810.1768935797774,414.54579182230617,-0.19034566387412455,20.3837150270336,1601.3165409174928,-700.1726473694129,0.6043550025853647,118.60291732838775,3.6252156238865934,0.9361756158351944,1.178368097019435,0.7680232151867314
214,14,10,0.5417111578118442,0.6884704082393269,770.7443883445698,17.116169411554118,770.7443883445698,17.116169411554118,508,-853.1087959607702,303.37423071951685,-0.09275343819221524,51.91290421078569,1331.8868500294482,-81.8038282532636,0.36872019004983336,112.71827936993668,0.06168875092417564,0.9301388505955984,1.2836397275624563,0.7551451265831712
268,8,13,0.5450506173119759,0.647926986545149,-358.73275766772383,542.3306169348912,-358.73275766772383,542.3306169348912,680,-606.6835333338687,764.9755565864964,0.5079344797340408,116.5520712443118,903.9533818531445,-591.4858777998237,-0.19899546228271978,79.00203884176473,4.60777961812256,0.9678204148197904,1.2728490192964506,1.1235843121834552
233,13,11,0.5457305376778862,0.8717682740228793,566.3855367360055,207.8018848867195,566.3855367360055,207.8018848867195,502,-898.3181518383891,369.71733603874463,-0.07655434469928069,55.0962709407799,1112.4185107308726,147.44075108339567,0.35197656075298644,114.25912046289697,0.09029293693883178,0.8226703682320593,1.2029833960602008,0.7401885480231475
249,9,12,0.5536995760270329,0.7900079264071822,-165.39665685093405,369.83314524454573,-165.39665685093405,369.83314524454573,653,-580.4685222237081,718.5771149625086,0.4258435760850246,120,942.7235968038326,-561.2110628165578,-0.000620019885298929,96.82051728540257,4.536624303672839,0.9732615861288464,1.2819303984159172,1.0774550352565389
285,5,14,0.5575055909602408,1.0357585210261735,-744.2988107013406,731.3457308512774,-744.2988107013406,731.3457308512774,698,-832.3009605643908,793.9171338036576,0.7184165171470482,116.96088872074144,963.2797734058428,-482.77901297940633,-0.569470900290969,22.752714751838997,3.1817867565339384,0.9841349467136729,1.047556984849009,0.718260356968571
113,13,5,0.558918887825131,0.4298465588046144,586.7329458222356,-721.5642711359355,586.7329458222356,-721.5642711359355,510,-826.468634395429,418.85183558293255,-0.19540223995275335,20,812.7057593745966,-903.9183244168555,0.6007456814534469,117.70816181273233,4.137449017076636,0.9357365110605382,1.0460254573916428,0.7
112,12,5,0.5663321119156499,0.3948085970339745,507.69273898636095,-720.5708389919754,507.69273898636095,-720.5708389919754,558,-819.4447269967485,419.8701098363739,-0.2397560350856039,20,727.2584077825326,-909.2488667549443,0.5415954397184194,117.6552378297891,3.8717707675730706,0.9521717762062285,1.0525103817347152,0.7411876679488383
286,6,14,0.567652330401905,1.078293375673613,-586.1707617268083,733.454058770082,-586.1707617268083,733.454058770082,680,-744.8962831496717,853.8604720168453,0.4698672952883487,119.96286390396554,1026.8364323836029,-490.1450766622428,-0.5371222466526264,21.526582310768735,3.2711309212236284,0.974382560532108,1.078211992548341,0.7557483625822278
223,3,11,0.5725654358985962,1.3422348802646356,-1087.2534830221925,318.76994384139715,-1087.2534830221925,318.76994384139715,629,-1210.2773382770192,371.1057481958675,0.8220792627183576,114.16876108437708,975.5188963416971,-558.7578449811543,-0.40238271224233096,41.28231639972826,1.8798858657874518,1.054547733342265,1.1009226492460704,0.7
116,16,5,0.5759495423718369,0.5532716841365677,1087.1953707652283,-721.0678244237516,1087.1953707652283,-721.0678244237516,560,-810.2086341941647,410.2248826004428,-0.2010351482443057,20,1406.4091425231306,-911.3932432736658,0.5730430449532316,119.36474316312442,4.627126055820349,0.9422941836987934,1.1714012340389555,0.7771553475109236
158,18,7,0.5792459334118204,0.8340650919188075,1478.597483895647,-535.9762447757273,1478.597483895647,-535.9762447757273,623,-799.2226318871643,375.842244854442,-0.11269758838965703,41.331482759778865,1775.5673581980845,-654.8542107642974,0.7721094404148082,120,1.0165617178220876,0.9943151629473818,1.2874776596702768,0.710334599442051
129,9,6,0.583909275110756,0.6802821880455122,-88.3455590065054,-561.5408820306413,-88.3455590065054,-561.5408820306413,513,-839.5880323504939,394.18797534940387,-0.26109914481234525,22.209051047635324,113.29246156880725,-818.0642840568956,0.31010856361009476,120,3.564985476894536,0.9683457020227146,1.0982232595243475,0.7
138,18,6,0.5854704970475076,0.8150636610925867,1470.2012029367884,-540.0516110218144,1470.2012029367884,-540.0516110218144,665,-800.1387612712655,369.953636888908,-0.10153665577771048,40.97293634689516,1774.5452286682148,-662.0397999944215,0.7711894572318139,119.98374762212563,1.062312786549137,1.039994036670975,1.3,0.7
204,4,10,0.5888691507979478,1.132796811363404,-910.6459013427483,160.2159395337645,-910.6459013427483,160.2159395337645,658,-1050.4590089305345,210.72645690443136,0.5261443527604731,99.0983629998306,897.9509145269586,-493.1788848904084,-0.5856495203825458,27.050331641860442,-1.4404284072911966,0.9486532054890767,1.2406968635604834,0.8305095895180097
243,3,12,0.5915992384128731,0.9721894817565462,-1080.9111028188393,490.3307379197114,-1080.9111028188393,490.3307379197114,744,-1167.22677515361,537.3193933882877,0.6742068224468741,71.7102749362515,875.4085537145969,-574.6534977440919,-0.6811433384527129,36.855995699965476,2.059452363129728,1.0685764650354186,1.1757100135928265,0.7
284,4,14,0.5946348196128348,1.0082145666265694,-937.9639252079232,734.3893341351317,-937.9639252079232,734.3893341351317,651,-1022.433257961467,787.8442053213838,0.7400339131859552,120,981.7494514285487,-480.4661396500908,-0.61650341430914,20.35935465355914,3.837660970174933,0.9855751350385937,1.0503283865453705,0.705361810192141
215,15,10,0.5993269535339285,0.7419162706185358,961.240845095903,9.209300368661356,961.240845095903,9.209300368661356,583,-847.2042873243621,333.73431357047343,-0.21617741025659068,47.00946340223547,1325.3996129287493,-56.13889672059735,0.4798371557982052,114.35708885578137,0.299142396817832,0.9751288945900456,1.247521713770977,0.7016143241734498
196,16,9,0.6026773259021219,0.7930865861201186,1100.2106274701848,-175.9963312690332,1100.2106274701848,-175.9963312690332,540,-840.9123585164576,356.17425318612663,-0.2146516692170915,47.173901785700075,1465.3764503066075,-276.10874597166634,0.5109112595390746,110.97639009081095,0.5228622758470517,0.9586122725790565,1.2326921966033748,0.7
167,7,8,0.6055234588220916,0.5729172434533355,-368.14097702241196,-225.16761749203974,-368.14097702241196,-225.16761749203974,468,-851.2915765901445,385.0209833447999,0.0338037674788028,26.505416287624847,168.8197083294904,-903.3149479360231,-0.012056198832385958,120,3.8194431461697724,0.8,1.1000897404614263,0.7457899379296338
287,7,14,0.6080626752281562,0.7860015033491998,-420.74689860800834,721.8236666611401,-420.74689860800834,721.8236666611401,766,-594.4255784511372,887.7108946809394,0.6020233131682526,120,935.9062860571975,-573.96828887201,-0.2906990161504893,68.33778570309862,5.073987913281053,0.8059102189479797,1.1407699968452185,1.0407621857477893
185,5,9,0.6129004394969033,0.6562384196588021,-732.537119201901,-14.29184740888031,-732.537119201901,-14.29184740888031,619,-926.643548114566,48.84581539735632,0.159184918147286,62.868833652781184,905.7858417519413,-547.1947669868812,-0.7671746800491033,46.18979113372814,0.9660668153280216,0.8256458319887091,1.2390689816576286,0.7829463557700278
234,14,11,0.6272114496412756,0.8538555985873297,749.1889443522211,184.9561843141356,749.1889443522211,184.9561843141356,517,-859.1366182249831,369.62391753267815,-0.22661892269121992,52.31813864825259,1132.4105236117493,140.9547321150632,0.3963050856680587,115.36123130498376,1.0727287443371363,0.8814778632881046,1.215198921537685,0.7660344231850009
96,16,4,0.6283863657662122,0.5888241526825811,1102.6951891009955,-901.4667787431187,1102.6951891009955,-901.4667787431187,602,-826.2756981214585,414.6625965551137,-0.27320289886905896,20.221057579942872,1245.3995676982483,-998.8334242947087,0.8576854755103199,109.25694832652819,4.133573640180304,0.8,1.1540054857892064,0.7809422610718267
178,18,8,0.6293744162158775,0.9053546858301726,1452.5043457767817,-321.0733548952192,1452.5043457767817,-321.0733548952192,459,-845.5178565282675,342.88082325241623,-0.044495383112469915,35.299942561058806,1800,-421.4732515011898,0.7759094595111728,113.34461178979231,0.8295064948924138,1.0793286283938681,1.1352464230450272,0.7
263,3,13,0.6299353021864814,0.958367263819472,-1087.926639241765,557.2092264324726,-1087.926639241765,557.2092264324726,613,-1153.3327381964598,595.0142165938416,0.8841413433377242,80.3659303673491,911.4249827791417,-598.4241106355863,-0.601129588926455,40.51661279348571,3.0801665279383235,1.0641918722591934,1.1091024529265603,0.7421397400409473
197,17,9,0.6420516133486043,0.8406252866213306,1278.9561837036638,-165.37066977868704,1278.9561837036638,-165.37066977868704,530,-837.9977525934722,466.14458953848174,-0.15874460106436403,33.82378592037035,1772.3123417996424,-312.5453138621911,0.47380625360176676,118.52965359657817,2.189900703625875,0.9255344570751082,0.9531980794141509,0.7
288,8,14,0.6611588977700589,1.148663926282568,-348.0099076855812,723.6801674327739,-348.0099076855812,723.6801674327739,646,-467.59569429415114,839.1999267525794,0.7681127031709173,110.1190494177958,1004.3165481485128,-582.6659388240082,-0.2852892765703421,56.901976686647814,4.657391805759051,0.8,1.1403901830763445,0.952213654032881
117,17,5,0.6619821385312465,0.5461816745679098,1340.1767389258873,-755.601418414049,1340.1767389258873,-755.601418414049,509,-793.3363212740394,422.7686011672659,-0.2781695796529561,22.767615892358318,1569.681691219343,-882.3603120777727,0.6901336648156953,118.68198677159738,4.233407901296494,0.8311129454084398,1.1931705528722627,0.7110424027971846
306,6,15,0.6621556990952981,1.1295184139298584,-719.0212080545247,903.2924348473283,-719.0212080545247,903.2924348473283,714,-826.8027342929707,989.0425338922645,0.6830282755218414,120,1039.404301946482,-495.69649125254205,-0.5295513709191999,22.37150935958007,3.521053640821662,0.9498217161581064,1.083197294344618,0.7509181050808745
250,10,12,0.6703284193144882,0.7970025848965785,58.47924769010748,369.5337911663234,58.47924769010748,369.5337911663234,468,-836.6343455185147,453.35914708074733,0.14175627830820933,59.289165510262016,1131.6644291286614,269.03243527281995,0.06295976339443375,116.99148032240274,-1.728341342000372,0.8468846543388652,1.202987511597473,0.7110663941182502
305,5,15,0.6756520639803358,1.1393560503443971,-722.152468531803,933.6988412502687,-722.152468531803,933.6988412502687,721,-826.2876522466082,1017.6783440183401,0.7067177890150572,120,1044.3009239431965,-490.8521344247519,-0.5227869065856081,20,3.6652867923975916,0.9514527982042733,1.008351307790681,0.719463583330255
111,11,5,0.6778175155431859,0.5071863251508737,305.13268200116346,-743.466566743037,305.13268200116346,-743.466566743037,499,-828.5330916494959,395.56673896531476,-0.20066577606888805,20,669.9312055844955,-1109.9922905430844,0.29176618706156976,119.93274762629254,4.847677234989256,0.9206929135578515,1.173623743581476,0.7058751279051626
216,16,10,0.6789685867262863,0.9730125006243898,1099.1232664279516,81.65457056818803,1099.1232664279516,81.65457056818803,490,-863.1567538697801,312.9984432577902,-0.16572846667935998,55.61674722478244,1372.7084457548378,49.400124596528016,0.6899399482019212,117.57278326864834,-0.11149205458624195,0.9891758321450109,1.3,0.7735532170069468
184,4,9,0.6834182606304582,0.7423238515386024,-923.8996181099214,-17.179628242645826,-923.8996181099214,-17.179628242645826,736,-1267.88825189202,-1360.0242781043903,-0.9529564978204749,114.49172977663962,-820.4043956181513,386.8395519299199,-0.43133270766798515,25.604079499421047,1.6129832625734857,0.8349314076152508,1.2364363458501442,0.7270947502263514
95,15,4,0.6834360007138005,0.608480801827086,1000.752987788434,-916.6420072070132,1000.752987788434,-916.6420072070132,577,-826.6174465430952,411.5951089174168,-0.27594977968205603,20.219469275452738,1130.7545888347072,-1011.1345897842432,0.8719281134154174,108.17785810995116,4.396393172576726,0.8,1.1824687511557428,0.7772367911968251
269,9,13,0.6943328939185482,1.1365209377337837,-173.6469454761955,555.7698382062928,-173.6469454761955,555.7698382062928,489,-475.16705134401207,865.8766152053715,0.6820624678269056,115.8146003309326,988.8138946602559,-639.7954906291585,0.09600041304188998,71.00353952161966,5.457466876207562,1.0593346993346444,1.3,1.0190139770639628
147,7,7,0.6954483425598615,0.6369977551380377,-443.8902461400111,-416.5696422832656,-443.8902461400111,-416.5696422832656,565,-816.1186361323372,393.7498101701316,-0.13505663758927264,24.3782841388512,-204.10530964367618,-938.5674363050715,0.05593095941116403,119.11558421311999,3.6170188516253714,0.8250528506513749,1.1002718729918897,0.7
139,19,6,0.6957593695761308,0.6513385289216834,1626.4150304190823,-649.4222534812247,1626.4150304190823,-649.4222534812247,301,-801.0803972038063,422.48532807207334,-0.3861354100839316,22.316544645000157,1800,-726.0720559155344,0.7595108928009033,119.93247956799559,3.9492054188197137,0.8794395899970601,1.1458813844720162,0.7002377075050533
118,18,5,0.7021974706051306,0.6537218655840695,1505.988901585144,-728.4408358887007,1505.988901585144,-728.4408358887007,591,-800.7351188641265,397.0998983340953,-0.2226510461513924,29.266844365981505,1689.5394096883226,-818.0022970023633,0.8765890008518442,118.19812409220005,4.623958061891899,0.8671698472594073,1.2512164301579436,0.7514538959854195
203,3,10,0.7095641128144824,1.3402256120524347,-1093.5009821308452,118.64044714987065,-1093.5009821308452,118.64044714987065,615,-1195.8485562409853,152.09572337131573,0.6864858483892943,120,931.7925357708286,-543.3855428163108,-0.6099245710600474,47.560199036019604,-1.1477398815081155,0.9678926289650644,1.2761096583890428,0.8442393048356456
235,15,11,0.7142320505921563,0.8219342223768556,986.7904016287886,218.64382313162076,986.7904016287886,218.64382313162076,526,-842.7949515277983,316.22535760707075,-0.24438322194589132,48.19914201813437,1345.056151697706,199.53560192652296,0.4637641609680391,114.339572156543,-0.46080448829622245,0.9791075195676816,1.2574528464388735,0.7143046213967087
242,2,12,0.7160307894732526,1.3605482233617319,-1273.6114426356785,396.3380870946155,-1273.6114426356785,396.3380870946155,582,-1370.4484406221559,440.0440262169485,0.7964252657802183,111.63101753652961,909.3553598051157,-588.9115195368757,-0.5565805478767719,53.185294086005115,2.485234196326758,1.0665061221861027,1.0625279495218034,0.7184125413793373
94,14,4,0.7172202826282199,0.5553498206189464,872.8101699507988,-910.7819991173405,872.8101699507988,-910.7819991173405,472,-797.6215914058295,432.05074524435685,-0.24213047629329842,31.027751828631004,1072.4147340369784,-1071.2408402263493,0.6805277952357802,116.98986394893537,4.320124335297247,0.8140814973512593,1.184559161212679,0.776951468306672
127,7,6,0.7175590054361404,1.0406190384762068,-489.66882615379825,-544.6917808020866,-489.66882615379825,-544.6917808020866,664,-865.8883075144134,319.90857088920603,-0.038571258296041314,50.9119041178504,-206.82086381821378,-1194.7124730482292,0.0853169677075119,120,-0.6190581543747683,0.9505999748524318,1.3,0.7
251,11,12,0.722631905609534,0.7811179006288139,201.06761704969094,372.83375516908177,201.06761704969094,372.83375516908177,498,-857.209627217637,456.0540302024906,0.09235694330430522,59.76171654859833,1240.3998737051347,291.10326656744786,0.1002019948286668,116.95030905185192,-1.152281960790862,0.8599849554368444,1.1980551271204862,0.7056008216074773
159,19,7,0.7299380472931085,0.9656213355013765,1634.3044558605038,-522.1886978129296,1634.3044558605038,-522.1886978129296,268,-874.15361467006,330.5245832114515,-0.30468728636870124,20,1800,-578.5144513721373,0.8754087301285962,111.3415914358293,0.6010417398513926,1.0931373547181575,1.1821753812838687,0.7
307,7,15,0.7331825856442177,1.2133944140058333,-466.2150033423263,906.8104154679331,-466.2150033423263,906.8104154679331,557,-665.9010917304985,1120.5927873210783,0.7496199649278343,119.98352996947567,927.028684368965,-584.7854314562986,-0.09405930941741804,58.82159745124633,5.654224635084711,0.8857079310964673,1.153820872686053,0.9114288788678361
110,10,5,0.7408788426383675,0.49389648965769595,109.96965210785483,-775.6492389466932,109.96965210785483,-775.6492389466932,534,-809.9213552032934,401.12599036950655,-0.10964833235894124,27.63847428905682,393.21224027455236,-1137.9887541641065,0.40192948677884366,112.34959972791493,4.100011895672894,0.9883272161800102,1.048274288022277,0.7407276262376388
166,6,8,0.7433623558255865,0.9796175599367154,-541.318114703642,-321.407774267057,-541.318114703642,-321.407774267057,567,-810.8277528108989,328.37438238655426,0.136862108346845,35.665354920228374,-175.86483450215366,-1202.508065273925,0.004604544893788127,120,0.5678233721573973,1.002183488177472,1.2380592795279743,0.7
107,7,5,0.7508302635987973,1.0171082783281535,-395.2068715603398,-740.9005147351389,-395.2068715603398,-740.9005147351389,614,-835.5799845706857,357.70760449626613,-0.2612857321574675,48.1851338427852,-230.0087356438856,-1153.0237984639662,0.16452992062776936,117.6631255859473,1.0185398449894867,1.0769114787317602,1.2614876963173418,0.7
326,6,16,0.7520229813807029,1.202019929759564,-716.5915074080892,1142.549006304355,-716.5915074080892,1142.549006304355,600,-817.4928599061351,1239.7663378385998,0.7046534733708477,119.52358274693285,1006.2438899491162,-517.3837483834653,-0.5276933251916591,27.686326598061957,4.307708524003213,1.0373265228817674,1.0631706334480766,0.7215224516119402
97,17,4,0.7539003977096784,0.7155285833999863,1284.651385685138,-939.3735964704537,1284.651385685138,-939.3735964704537,488,-818.9129127474133,422.8046325408383,-0.34858322140846854,35.98183371555507,1378.921182272751,-1000.4186829746571,1,112.1513878937225,3.6220539760447408,0.8239609542361532,1.1183212339294035,0.748103413190826
198,18,9,0.7585251018945683,0.5420769331118583,1508.6462950950968,-168.65271673517907,1508.6462950950968,-168.65271673517907,406,-832.6148001416983,411.33649801094623,-0.29666875452434643,30.64338536257844,1799.9604394360374,-240.81855170526518,0.6084195222994657,119.34087888751803,2.755073820165825,0.9184837946410398,0.9172316405132638,0.72339989210758
164,4,8,0.7598178698133562,0.8064312356583613,-983.9489676663388,-186.8982965672959,-983.9489676663388,-186.8982965672959,586,-1319.7100026350377,-1392.165506109317,-0.8719341278757271,108.89125444122008,-831.6389438645648,359.84256450360425,-0.5286323189687814,28.743519707677798,0.7021036671030442,0.815673792493308,1.2340244023396525,0.704895125993073
146,6,7,0.7612381697651387,0.9810540119126884,-540.9983371618865,-417.40727560575135,-540.9983371618865,-417.40727560575135,610,-849.8286770634436,307.6983464830752,0.06106190365603372,45.71312189363119,-206.9447540921183,-1201.734784489811,0.02696572870898448,120,-0.36488035626777787,0.9818496220505475,1.3,0.7086040153673225
217,17,10,0.7644975319120797,0.7820428625474659,1273.7100273880026,17.624624950332745,1273.7100273880026,17.624624950332745,481,-847.2589745432304,384.0858614600748,-0.2627364561497657,35.5038031752541,1524.4547192971636,-25.699068022840088,0.6645661170999994,115.62228354099635,1.9805771758938429,1.1011080503503035,1.29480612689861,0.8300705459721924
128,8,6,0.7646484759937918,0.7063438021522527,-352.31362863639816,-549.8327693511313,-352.31362863639816,-549.8327693511313,501,-833.3688348718389,389.63336870039933,-0.3870022903191934,27.440642671424424,-169.24691190261237,-907.3488696788959,0.0325832362356099,118.26490900871941,3.894324019953566,0.9703187293134301,1.1759946671142205,0.7188496933756954
109,9,5,0.7652989021317188,0.7127775120906505,-13.153039207835347,-740.8208618176147,-13.153039207835347,-740.8208618176147,514,-820.5637901701613,397.84223692779307,-0.4813954485687396,20,105.88352407503822,-908.6939572032435,0.35001869950890874,117.14143136754242,3.6674604786795295,0.9783446361543108,1.09487316201258,0.7
93,13,4,0.7676645980269824,0.5809916026237623,562.2374303259313,-913.3326823878598,562.2374303259313,-913.3326823878598,524,-814.3350544374897,418.18124724897166,-0.5108808360541197,23.309723607290792,713.574386935063,-1059.7160134687035,0.4479732524318545,120,4.0304768202292145,0.8458968037172427,1.1498865320477794,0.7302037348816078
255,15,12,0.7697867842966973,0.684767811553302,931.5606729413892,406.893825029837,931.5606729413892,406.893825029837,522,-799.1730048854427,471.6004120700454,-0.33800816814699786,26.738465173892713,1538.3545587448991,384.20774577325733,0.11718088033450569,119.98076081976154,2.406055902843628,0.837765485656811,1.1000052238603737,0.7
92,12,4,0.7717700662275804,0.5687355915917194,513.5493371886404,-918.3510203047966,513.5493371886404,-918.3510203047966,488,-789.948005728758,418.6540043292076,-0.5119499811041336,20.005580131274122,692.0062213964227,-1101.3953143056733,0.35162686303138846,116.05663244516508,4.065147315964442,0.900231904478446,1.1460087109089885,0.7050354550439245
252,12,12,0.775549697924363,0.6669271892092027,390.8599752394088,363.4756789563308,390.8599752394088,363.4756789563308,446,-850.8147853527282,460.4918241547117,0.03206107924686418,51.31763254895214,1323.5712970043708,290.5998664711267,0.15632168409225486,116.23129520518819,-1.1029974108530436,0.8969492731710819,1.2273945390693926,0.7
163,3,8,0.7779351302561246,0.7279127798289975,-1084.9463604874024,-201.02082798153506,-1084.9463604874024,-201.02082798153506,659,-1401.1404978687674,-876.8533178196337,-0.5347456230797539,105.22183604908678,-814.7209328366861,376.5582666190724,-0.466518022565948,20,1.4988423078233541,1.1621148482485728,1.2098012623767476,0.7000565680984303
236,16,11,0.7786364425824583,0.7858991672355319,1084.4987899252785,201.13590164162588,1084.4987899252785,201.13590164162588,554,-863.0534730062923,372.66374828493053,-0.24066306548607394,45.66575049414646,1412.6837479652531,172.23148648175498,0.5327073835773681,115.59848993823445,1.3598823128906665,1.1385188385376215,1.291352007553204,0.7223565778296103
304,4,15,0.7813012666078979,1.098484999928157,-900.1619628308268,917.9560509121982,-900.1619628308268,917.9560509121982,517,-983.4147262713664,983.3141884809439,0.5334999708217442,100.66211029106273,979.5393521223419,-557.716011536582,-0.8201902162946488,20,2.8370175779822744,0.9751160637296256,1.1322399880914984,0.7125551593055933
183,3,9,0.7857813876942575,0.7081974570795893,-1091.3891281832282,-135.56076050345158,-1091.3891281832282,-135.56076050345158,621,-1509.0707231850913,-906.4893679001314,-0.6174160232686695,104.23016403737022,-815.6545997420092,373.3714945110912,-0.4370618380051177,20.340418848059752,1.4687379164597527,1.1939573813417086,1.2361729518870195,0.7086312334574484
222,2,11,0.7868415157447157,1.5125293122347878,-1292.6182615155851,353.93058487894496,-1292.6182615155851,353.93058487894496,533,-1342.2565442478522,374.8197567643666,1,120,925.7238718539778,-579.6095694928197,-0.6502117795210303,51.65648366102651,2.479864374418759,1.0693408100835455,1.0591697774177407,0.7453294838005907
253,13,12,0.7876450898734705,0.7800849828049301,651.02968673518,433.2597826421685,651.02968673518,433.2597826421685,503,-792.7568283796174,478.83022506134273,-0.42832244969074706,26.906787727890585,1527.590587496384,405.59276425900975,-0.21160156340641093,119.7578310026272,2.2178446393513207,0.8367490957678616,1.1293140146665401,0.7
254,14,12,0.7893123740177592,0.7642984669211432,750.1488093063851,408.7842463622075,750.1488093063851,408.7842463622075,531,-800.9786929964342,478.0504114398769,-0.40852084729134475,27.225046503922993,1537.6506533784031,373.61806392428406,-0.11412492854843315,119.71126309738075,2.5434925830187587,0.8,1.0695176126132504,0.704531212952808
144,4,7,0.7893378537988858,0.8854342978771292,-1059.1664678308605,-365.6953615195401,-1059.1664678308605,-365.6953615195401,558,-1394.8254129087459,-1404.917563672289,-0.6399733676468329,118.71128873294856,-824.1508662465016,361.9284202988751,-0.4851718363292297,21.173523536031045,1.0868827362729516,0.9324410586932406,1.2207634255637025,0.7
119,19,5,0.7913711580798554,0.8122986579868607,1624.7947858939056,-755.7377803776736,1624.7947858939056,-755.7377803776736,324,-815.1957969299438,401.46451763151964,-0.579359010922739,24.49162469763915,1800,-838.8314930395155,0.5644821126283932,119.0816106273552,3.9731018568463274,0.8,1.227209821253862,0.7
271,11,13,0.7918851303504657,0.632597630622579,311.97018017674355,543.5426778692088,311.97018017674355,543.5426778692088,464,-750.9339882814523,431.06768514301706,-0.42006074554723716,21.308496215345592,1610.245523546608,680.9243103205475,-0.5069334444154525,120,3.809639437515549,0.9538724313591322,1.2695114248849437,0.7
325,5,16,0.7969499652045277,1.161624628037789,-723.7375386435408,1088.612350355505,-723.7375386435408,1088.612350355505,660,-853.0103424191958,1206.7163243552977,0.6193097806923636,120,1022.4575540598383,-506.7160853540614,-0.5112758144556065,20,3.88004353243242,0.9748237449114387,1.0645662874893742,0.7
237,17,11,0.8066441836664269,0.6922311101500064,1279.8362653248903,199.6903228538814,1279.8362653248903,199.6903228538814,515,-794.060634670604,334.49294640386444,-0.23455591461092928,39.530398290447934,1692.1758809014486,172.88838203732863,0.4669761861213637,110.44520230614263,1.5939828321642302,0.9736987554666541,1.2887768937249722,0.7
283,3,14,0.8086966376699172,1.329319252549969,-1081.1842150632644,812.9818842609545,-1081.1842150632644,812.9818842609545,500,-1286.1112315570583,936.4182099136167,0.3505204394090781,118.72173651095173,1028.2700324159573,-457.63282480119585,-0.6620504536183813,20,4.239154494255138,0.9074676175666996,1.1457252837127188,0.7
256,16,12,0.8097034947717276,0.8920318524416111,1084.9649906787683,381.88004868329773,1084.9649906787683,381.88004868329773,555,-791.7233516204338,456.33500061564877,-0.45589346885311466,29.027377584943,1528.2448832188202,364.2935467864445,0.17082065551138215,119.91341786943502,2.086503750966343,0.8863587136515968,1.076216677381143,0.7
262,2,13,0.8107724599570699,1.5596116407049703,-1276.107099471258,607.7351104873567,-1276.107099471258,607.7351104873567,505,-1380.5172994349523,660.4627881452058,0.6713768848842578,110.20165677510145,970.8081010089268,-526.9683998654334,-0.6614668698760383,24.960461631776454,4.259962771629816,0.9213473226872744,1.0736651854807069,0.7036172967153091
308,8,15,0.8114278842111161,1.5843873986755774,-351.7699833434021,941.5563564863354,-351.7699833434021,941.5563564863354,602,-643.9700776309751,1285.5546913778826,0.2115979280153853,120,864.1218331317883,-489.8763105547739,-0.4076166557122118,27.728296421467306,3.2019188411570942,0.9968087434959257,1.1207322634079284,0.7482876350562521
179,19,8,0.8118195897243258,0.9842553026670858,1635.0780733526788,-345.75543162360134,1635.0780733526788,-345.75543162360134,213,-816.6052781322745,333.62664474141496,-0.41630950581176585,27.808544989944195,1800,-391.456684559023,0.7558764724488539,118.7198645534423,0.23487704970285722,1.0603784009006383,1.072221169051031,0.7
108,8,5,0.8125358994058459,1.001080439007216,-341.29171247094047,-870.5136488805786,-341.29171247094047,-870.5136488805786,534,-835.113304600712,369.0434090042661,-0.4684883837295104,39.21869907034993,-228.5118637686738,-1153.6058823391397,0.17285018398193824,120,2.140724844063527,0.9329956200913468,1.1486183376894101,0.7
272,12,13,0.8170471807314557,0.6910539733217446,405.9910047869378,561.8147568173916,405.9910047869378,561.8147568173916,452,-775.0930168595892,435.6740156737333,-0.492539800101235,21.36436979910648,1575.4688923703734,686.7159533345043,-0.48825102053516123,119.95265933109098,2.6152524280150478,1.0169098288278255,1.2115069895705355,0.7
218,18,10,0.8198942265815063,0.7466966204356507,1443.42074325524,61.09103307328511,1443.42074325524,61.09103307328511,433,-824.3994157063287,446.4499130721035,-0.5379618425022256,20,1624.4576443482501,30.32837441714014,0.5598796620206963,117.42940714140951,4.082943608692701,0.9186012816564165,1.1632990946036363,0.7
270,10,13,0.8219883292415717,0.5628504883058263,5.852689451341684,577.9446587814185,5.852689451341684,577.9446587814185,491,-794.7399966092651,496.7304235243917,-0.19524034158555628,20,1445.4218105058103,723.9783501974033,-0.4500612457708105,113.330429406688,2.33083321441912,1.0376813666695848,1.2067424106018558,0.7
142,2,7,0.8225477295897348,0.8155706673671583,-1268.4472916291063,-403.159754847552,-1268.4472916291063,-403.159754847552,563,-1523.1547789584722,-826.4797247439643,-0.4287205794919421,108.83647670678481,-807.9228817861086,362.22480983628594,-0.6859315225916961,30.813110913290256,1.5391070780529195,0.8,1.1921410005250601,0.70088200801075
143,3,7,0.8231177003881823,0.7995292832213806,-1239.9742748066749,-370.20328011478114,-1239.9742748066749,-370.20328011478114,663,-1492.885704475561,-803.611397608526,-0.435719319329276,109.589600970308,-814.9485605329007,358.1528679288237,-0.661166068625195,29.641075470337334,1.427438593196861,0.8,1.1519246676148267,0.7461041953288213
327,7,16,0.8254721957538925,1.4638119521547697,-442.3683328558434,1186.0424492508575,-442.3683328558434,1186.0424492508575,545,-623.5125165450697,1388.055511194472,0.16728950695439918,120,1059.2299923810758,-488.5488586927227,-0.7512398743341594,20.01620326343547,4.258254171054552,0.9142664330544045,1.1349101406919275,0.7050176356190203
238,18,11,0.82593866499624,0.8311208089641002,1440.1463247495838,202.06784003591653,1440.1463247495838,202.06784003591653,529,-849.8143314859565,358.59141809799166,-0.23682008809754826,37.625052728980435,1735.6653833024795,181.86849717634325,0.6524224381536001,120,2.019520404064997,1.1707501083994518,1.2670084793340732,0.7
126,6,6,0.829389372239211,0.9196449464497808,-603.6558540933889,-579.9298994544121,-603.6558540933889,-579.9298994544121,626,-815.6187143162065,357.2131804159377,-0.1425174533764724,34.86090025461029,-331.5646059020406,-1782.9162625736933,-0.250972255065664,115.30681332440284,1.8569470554989072,0.8366584375325683,1.230210419123326,0.7
165,5,8,0.8316052634639192,0.9013613450254263,-742.5246521738077,-218.47658872590281,-742.5246521738077,-218.47658872590281,569,-837.9675299140831,361.30558601296923,-0.49312335285862885,27.858435414497496,-545.4351615374213,-1415.7264643037938,-0.8080432944933509,112.57638058218008,0.8684053257541436,0.8038023678615275,1.281587471435935,0.7
289,9,14,0.8334366426603917,0.6662906958727208,-149.1077620657038,784.6725142018187,-149.1077620657038,784.6725142018187,545,-764.2537887736067,404.3688389569571,-0.48651626239422896,23.63014047192854,1493.1973465923668,1800,-0.9129918830243993,120,4.213674728484839,0.8088097646225081,1.297042899057794,0.7182705667760824
98,18,4,0.8337721375765971,0.7916450409286778,1493.3764112751558,-913.0713016881268,1493.3764112751558,-913.0713016881268,500,-821.8241330573456,429.45024644107286,-0.536268050101959,20,1624.452421050022,-989.0786989722728,0.7107973536927391,117.22730423434204,4.165877912605422,0.849601237016705,1.1965324864687008,0.7077361812762804
145,5,7,0.838168033045639,0.9498835276277519,-750.3027913551871,-396.6897736420978,-750.3027913551871,-396.6897736420978,470,-820.292509768854,379.42563535035356,-0.5874260979743832,22.15627760721486,-656.363378972291,-1438.3831411042725,-0.7152396909571334,108.85354925734515,1.7719688003625347,0.8,1.272400085447426,0.7
106,6,5,0.8384522637178076,0.9464301686441844,-570.63178681107,-727.9694389389925,-570.63178681107,-727.9694389389925,601,-816.5845146495531,352.2338060898395,-0.2600068702016717,34.40634440912252,-330.264300489649,-1783.6427831855808,-0.25003094835142287,115.37622835832893,1.779308966622884,0.865032095800569,1.1998732088296389,0.7218450718185049
91,11,4,0.8441814863213261,0.6364510672524173,297.7230225374817,-900.6590649898271,297.7230225374817,-900.6590649898271,523,-800.9335606715634,414.2882822939955,-0.48559660983455843,20.462466060459704,545.1081349702758,-1196.7464887786646,0.16189179218087804,115.42544762424164,3.1619279802061437,0.9282194848605034,1.1508049504280877,0.7
125,5,6,0.8470546917506265,0.9757185631059758,-743.9426872868157,-571.7289523110453,-743.9426872868157,-571.7289523110453,476,-815.3871951842733,380.53726521583326,-0.5625506716294677,23.97211565613164,-674.3717902414695,-1499.0222730854057,-0.5510094256039095,108.98944560674052,1.7061868366875006,0.8185713380861281,1.2492925559242332,0.726817357239025
273,13,13,0.8477173532773253,0.8183000621527116,691.8866266965646,542.910605721113,691.8866266965646,542.910605721113,470,-784.8027799787423,490.1145411208892,-0.5252300376263358,22.83546547134674,1468.0261981821616,570.6599176412151,-0.24588070474312476,118.87830611536293,2.347496873360885,0.8330208649804683,1.1535313132513954,0.7
274,14,13,0.8500476272591028,0.7514899620428432,733.4608179470149,540.0669788436236,733.4608179470149,540.0669788436236,507,-783.5974767820958,488.7182980834382,-0.5385892598107281,23.117185018104287,1437.69932524747,563.9037149901786,-0.20530675875418683,119.19875767974773,2.5364088567878413,0.829854699080191,1.1958093069362927,0.7068677654413071
123,3,6,0.8506523658230013,0.9536120017330415,-1114.778213705952,-568.7168902932412,-1114.778213705952,-568.7168902932412,609,-1354.249647921547,-1334.883509177042,-0.5193367263053654,118.65344538528872,-827.4411009427932,350.59152278196746,-0.5984747346162842,21.07402735396295,1.2333016690406744,0.9597198993395576,1.1927238991125568,0.7
124,4,6,0.8521826675653797,0.9347664332669372,-1065.2512420148187,-546.7603127132412,-1065.2512420148187,-546.7603127132412,495,-1329.1424700843697,-1467.3635373108327,-0.5931167765127221,119.12888587841454,-808.3061682631499,349.610760969847,-0.5815321179500861,30.527524321131406,1.2465702593020684,0.8680608924360639,1.2742097148543667,0.7019882772691401
67,7,3,0.8548064403869102,0.96071911316649,-482.03153001245647,-1086.3675184072165,-482.03153001245647,-1086.3675184072165,570,-835.757579972516,358.3296759501853,-0.5694460498392651,20,-320.18206630894247,-1747.3973355414612,-0.22989027015288738,119.98302550488798,1.5410433138132873,0.8,1.2252353083254066,0.7073410201897666
90,10,4,0.8548079163550804,0.8489667171790423,26.126342309256113,-909.3266808847926,26.126342309256113,-909.3266808847926,445,-783.5629266504153,334.01568069064206,-0.4405493639351371,36.221053108009855,173.41442179176374,-1135.4992579414024,0.29960142019369995,118.62392943848819,1.6904810408276632,0.8,1.267473796990128,0.7
257,17,12,0.8553854451486115,1.0466569842066444,1282.0944992640425,425.6419261646133,1282.0944992640425,425.6419261646133,533,-820.6406079491928,509.27946356094975,-0.4357725416704177,26.772824050901466,1562.2251940036017,414.49956145268686,0.43965132571572674,119.67359601741839,2.304365436554691,0.8287261139264661,1.0087175840855411,0.7073351297796411
87,7,4,0.8555716896813722,0.962048371224432,-494.64664310760963,-1014.5565008955981,-494.64664310760963,-1014.5565008955981,655,-820.3459445816296,366.7180083849684,-0.5740116037799669,20,-331.48780531129415,-1706.505002448863,-0.27380537975822694,120,1.5233177522438108,0.8,1.205558400196857,0.7
86,6,4,0.8576495504519013,0.9052749331619592,-554.0959631562835,-919.0991517680079,-554.0959631562835,-919.0991517680079,616,-808.6417424315389,338.78484580786954,-0.41971763062695144,33.940007761289415,-375.8366059265481,-1800,-0.26500406660789505,111.79032723240944,2.5935708740216206,0.8,1.3,0.7697583669449936
89,9,4,0.8582121072344611,0.581463320874409,-13.785669048662545,-905.3556444855802,-13.785669048662545,-905.3556444855802,507,-789.8062743431768,422.2462298857665,-0.5161982574363748,20,103.28651145041226,-1105.6405920847817,0.3052212883086499,115.61879150394101,4.546419020117229,0.869239104354668,1.1117764964016834,0.7183732464664796
88,8,4,0.8596978169016164,0.9985016047799091,-348.986930452253,-900.6227378463468,-348.986930452253,-900.6227378463468,533,-834.638971489292,372.2671147499893,-0.5157738660572079,36.03922420727564,-257.36933752475437,-1140.751666590663,0.2085724748618956,120,2.0063926961706953,0.9352973597904627,1.15741730247929,0.7
290,10,14,0.8601338274642454,0.6933394733592322,9.7177958079132,893.2503511693542,9.7177958079132,893.2503511693542,490,-766.2209703862546,418.17372818601393,-0.4666806600632164,20,1490.704587669737,1800,-0.7474043954321816,120,3.414561928254427,1.056876034215233,1.3,0.7
276,16,13,0.8610109550967882,0.9861001843399111,1097.6923745523097,563.3113058246063,1097.6923745523097,563.3113058246063,589,-834.3653980563565,483.692096841734,-0.41875026903841056,20.02493944129431,1523.4687523152277,580.8573538163824,0.23808827661173573,117.52174037018649,1.054034334149326,0.8,0.9980658399489222,0.7026795077421584
162,2,8,0.8614813483082405,0.8497127749785278,-1265.177090854697,-257.6702754363635,-1265.177090854697,-257.6702754363635,605,-1572.592830220196,-758.2698063798506,-0.2466477278898482,118.12188066808979,-822.0511058489768,463.92147097383935,-0.40544884663475583,41.59458958504584,1.8717189163453354,0.9456118411988456,1.2692906807038125,0.7113957675683473
347,7,17,0.867353250941614,1.4852162740554902,-507.01828807910096,1275.3110848472145,-507.01828807910096,1275.3110848472145,414,-624.7481493635108,1407.6636427687858,0.31402520363634673,120,1058.3157412077755,-484.44604488646706,-0.8096951906626292,20,4.271425906259734,0.9077771721629698,1.0903508684520016,0.7184621249671385
291,11,14,0.8678637045951294,0.535791557320829,233.89585947814507,720.910324599189,233.89585947814507,720.910324599189,477,-756.7283687898442,395.9527397698839,-0.36066132710293575,24.445490618025804,1581.0263861578799,1162.813793046612,-0.4941620591227034,120,4.154229770967153,0.8615360282423621,1.2766194672965852,0.7
66,6,3,0.868461167740279,0.9835971317523571,-560.5388427235808,-1084.9716199866657,-560.5388427235808,-1084.9716199866657,573,-845.9315312851411,403.06576236796946,-0.42377433345656024,38.04882065886825,-423.40258916594735,-1800,-0.10548377141612643,113.75582045675002,2.771250141999758,0.9893497868276946,1.2333460646405818,0.7644952792915842
182,2,9,0.8689211391699733,0.7707974997755024,-1274.265399103029,-168.8956267678847,-1274.265399103029,-168.8956267678847,454,-1800,-803.2000329469505,-0.6367228066742688,119.47670325720821,-833.6713900833272,362.68574676256753,-0.5599948334254847,22.204593362710757,1.2072178723452534,0.8479223302424592,1.0481449562072485,0.7261431769296612
303,3,15,0.869992771811929,1.2650789818865424,-1232.0572118646494,979.2445945254854,-1232.0572118646494,979.2445945254854,684,-1397.5145218304788,1089.6488657588934,0.4651522201503032,117.57653383834338,984.4686010065567,-499.7708511542604,-0.661834613941203,20.218361069052754,4.247333506824723,1.0174263881562757,1.1728250681407946,0.7
71,11,3,0.8716862752599284,0.5180439107496392,275.4858743617389,-1097.5023258497258,275.4858743617389,-1097.5023258497258,470,-792.3951928770144,415.88870476934966,-0.2942334364188348,20,457.8585463216969,-1355.9591656997836,0.47332968939087067,115.43875292402306,4.442058143405421,0.8719904156844543,1.1461408742030577,0.7
310,10,15,0.8719090992277828,0.726592297435128,179.90317259228124,927.46630053802,179.90317259228124,927.46630053802,558,-764.6707960012351,418.7643458746616,-0.4631279565968254,20.509397482404054,1800,1799.9722664534027,-0.6974329554135846,120,3.50477055542527,1.164261518178332,1.3,0.7
103,3,5,0.872174043582374,0.937303180127249,-1180.221513974244,-720.5508781366286,-1180.221513974244,-720.5508781366286,493,-1446.967712420833,-1495.4944918256772,-0.4932857614896162,119.13817025887148,-811.6500746462925,350.21258450580945,-0.6337092013528989,30.500052197961853,0.7324767569323591,0.8745806798279973,1.2700472106802487,0.7
311,11,15,0.8727811983052646,0.7014235408919905,217.1043748019898,925.93897576745,217.1043748019898,925.93897576745,671,-764.4571800226133,414.1157946359674,-0.4885900381864897,23.66990522092077,1623.1950176858381,1659.1276201908977,-0.6446858164515535,119.76125769645155,4.210265104974894,0.9283418602267806,1.274452166837154,0.7
122,2,6,0.8734948139599198,0.9672003253574188,-1261.9184422897472,-606.0689546312176,-1261.9184422897472,-606.0689546312176,591,-1800,-1800,-0.6835171069481767,119.9049128306539,-820.5133039917309,373.35003984598484,-0.5975063841017367,20.345589963379357,0.780935306476388,0.9908527102339024,1.1867293219998325,0.7086740578800399
75,15,3,0.875157315968537,0.7951894994549048,1042.408500598748,-1086.8165084684927,1042.408500598748,-1086.8165084684927,448,-823.2094729855881,420.7499524007305,-0.5502768493731637,20,1169.6589896572211,-1189.6449396639687,0.6158864076457292,116.87219308664409,4.448326338729606,0.8443763864518588,1.22799952341651,0.7257477682740906
76,16,3,0.8756204471793041,0.7481969803780084,1207.9329749399194,-1105.0409393569307,1207.9329749399194,-1105.0409393569307,490,-812.7226132537313,422.50767269516626,-0.5034219495195995,20.644159048914172,1379.912663023821,-1235.0518800479974,0.5665931897876999,118.32248761459279,4.432477314221439,0.8245180121017291,1.2884970072217918,0.7
329,9,16,0.8775223700106617,0.7809759303561126,-165.47396109403647,1097.263253415004,-165.47396109403647,1097.263253415004,721,-799.5751032410553,462.60283926332437,-0.4060123405615055,31.13806727110249,536.64352363021,1800,-0.4502635934581958,117.69984136793236,3.5180327969593543,1.14460230839538,1.3,0.7
328,8,16,0.8780658072207139,0.7925584512249382,-186.63868808004844,1084.9257952237847,-186.63868808004844,1084.9257952237847,478,-798.118979009536,465.6311958486338,-0.37129949549918245,33.134534797723184,519.3854200669582,1799.9724184591332,-0.43373656284262607,117.69682192554647,3.327639145609215,1.1682154954931079,1.29801615562155,0.7
292,12,14,0.87897682401903,0.6359291249940658,449.20284446479457,808.141170898803,449.20284446479457,808.141170898803,528,-759.4854818799026,408.62793409903026,-0.4532262440403887,24.632118602077075,1584.8487399254623,1183.5113615963166,-0.4261548519617602,120,4.052926536756979,0.9069394665708922,1.2698417075377029,0.7
312,12,15,0.880800959711614,0.7376104683293893,368.914704379754,1024.6480353554448,368.914704379754,1024.6480353554448,621,-765.9276227468531,416.95353338459813,-0.5062137380391568,22.229507131356215,1609.6198154046008,1689.030792778638,-0.5449467836695755,119.06774933477928,3.4351652151988965,1.0716303253327029,1.263563563710326,0.7017543434535153
332,12,16,0.8860659087094078,0.7626685199851677,429.5026184968083,1103.5798179818755,429.5026184968083,1103.5798179818755,665,-764.499917820414,404.9281015556176,-0.5017615144631651,21.57079650340298,1619.6914409412304,1800,-0.5003721324430938,118.96388000239438,3.44839987971817,1.0640931963978333,1.2821935439544727,0.7
72,12,3,0.8875049167092581,0.6476422399872489,379.18819927006615,-1127.3722282944184,379.18819927006615,-1127.3722282944184,463,-767.4032751645153,461.8054699053284,-0.4007919092771929,26.76855871185001,532.7190989299901,-1340.1663115963302,0.47242100413947596,118.28297727351811,3.6373658665400126,0.8643481423932624,1.1385275093334477,0.7764520808074553
275,15,13,0.8883714946820039,1.0833309634671187,1009.9507139741344,547.1097221479515,1009.9507139741344,547.1097221479515,464,-848.9832284259346,537.8507250622016,-0.3390967649525224,22.406684897980686,1570.363318275491,549.9010309468775,0.18165929786143165,118.09869463320537,1.8443853048320786,0.8,1.0120962012369645,0.7020680253579329
99,19,4,0.8897261731086296,0.9503796222731355,1624.0331344779108,-914.8112544414237,1624.0331344779108,-914.8112544414237,317,-836.3025507301968,399.6657474410977,-0.575734506737962,21.962970762582078,1800,-1008.824603600555,0.5698289609528402,106.58290169446437,3.1911411463309056,0.8,1.1255826852902011,0.7
141,1,7,0.8908811619129778,0.8112982686087149,-1447.4020089988164,-417.7264264924573,-1447.4020089988164,-417.7264264924573,589,-1793.9140919894887,-857.7273318098268,-0.43678075926554827,120,-824.3516773802864,373.42263706796155,-0.6915855075705049,20,2.6859343940884943,0.8370809517229723,1.037991114044046,0.7021819696494546
345,5,17,0.8913961776586554,1.4312754331603796,-759.5823413379817,1317.8863714435763,-759.5823413379817,1317.8863714435763,597,-813.991756962068,1376.9185630530842,0.7175362253362134,117.46477191598248,936.7530925360268,-522.5744608929189,-0.7763014471383076,20,3.802871673198552,0.98993252348401,1.0086528845027034,0.7059353342173125
309,9,15,0.8917543063743857,0.7885335358615743,-168.35280257070158,1048.9648316334137,-168.35280257070158,1048.9648316334137,593,-763.4725695283844,473.2267901245607,-0.4209552683231186,29.682070404820177,607.9653180870841,1800,-0.5363906161818109,117.83954305304634,3.840816151034985,1.0899254106562974,1.2233256193456705,0.7
102,2,5,0.8951441806480789,0.9710558191884636,-1318.3886151807408,-738.4096994567457,-1318.3886151807408,-738.4096994567457,671,-1800,-1800,-0.6260138198036879,119.90626333827029,-815.2803252527971,370.56508300369285,-0.6449785485767926,23.753588239482035,0.94863517553491,0.9600141426492765,1.2189001155703847,0.7
69,9,3,0.9012671230144748,0.8981612842950344,-110.54883563229947,-1138.5234326604038,-110.54883563229947,-1138.5234326604038,582,-799.9790313824735,330.30333667396064,-0.4430519120975823,38.10934766444965,199.92262202693016,-1799.980953574365,-0.09658329200219289,118.02186776098505,1.9402147050695115,0.8,1.2345645241345002,0.7608638538791168
293,13,14,0.9049409048853643,0.6081583748545972,627.8213232798121,744.6517650491619,627.8213232798121,744.6517650491619,503,-828.4555725735726,411.40885786257684,-0.6686087193793706,20.003749733134086,1544.0974898375418,954.3251687809056,-0.4673911501790481,116.12052638035462,2.2673848405195196,0.8712365377164253,1.0946934274498108,0.7112231235418378
202,2,10,0.907180875324316,1.4079176310133337,-1264.2043913881469,92.73698780085631,-1264.2043913881469,92.73698780085631,460,-1345.7967478672442,111.74856577270857,0.6242534904535024,120,746.8563296183837,-375.8539360725071,-0.7675222169972251,53.39930669152422,-3.167649982256633,0.8805471242672354,1.3,1.0488774020797342
77,17,3,0.9076984134925933,0.8003317934935134,1264.8173859605308,-1081.5353331166677,1264.8173859605308,-1081.5353331166677,495,-815.2229806347258,424.3437916447989,-0.45768977259766463,31.166635018422763,1355.2805706622692,-1147.0276300881794,0.9039101178899248,111.27955336435652,4.182716234039412,0.8167543132052335,1.180474251761034,0.7477702790265276
239,19,11,0.9093649337227722,1.065163976178081,1621.2517211451354,239.15139870776247,1621.2517211451354,239.15139870776247,261,-866.3746472707636,297.7564176618228,-0.3175272461382044,31.8460132558472,1764.4700143808768,235.77737482048812,0.922259411637944,118.02866679143072,1.0148083991324077,1.118232857512697,1.2330711900161206,0.7046268079127264
47,7,2,0.913969556098844,1.0107417781279981,-484.6970213574382,-1316.6642792844973,-484.6970213574382,-1316.6642792844973,619,-782.0332000410884,455.28999601092204,-0.6052501962089375,25.958804565230682,-403.59267333756867,-1800,-0.04104657801049258,120,2.642795058470163,1.0530868529308484,1.1904168280511274,0.7
313,13,15,0.9191269008540969,0.7140007894341533,571.7649913500796,900.0595426567343,571.7649913500796,900.0595426567343,575,-761.5491501604729,435.9374275649865,-0.531686331671037,21.52026326094115,1595.6283813304296,1256.4629042713655,-0.4169958606047186,120,3.7064244661140693,1.0017373630934447,1.245930563930371,0.7018737846024249
324,4,16,0.9240847375447961,1.5499154724707191,-900.4261428399656,1163.6505233382184,-900.4261428399656,1163.6505233382184,484,-939.0511902288835,1196.4596573585275,0.8592223483334251,117.95873827022973,1036.9216171130201,-481.98376314502366,-0.8411162113271642,24.70185641486205,2.233947115254882,0.9635769778533996,1.1181911265839874,0.9159937032111645
104,4,5,0.9258480345571676,0.970750044132779,-1069.412633297633,-787.0526530486488,-1069.412633297633,-787.0526530486488,445,-1221.7904857225785,-1511.8131515240175,-0.5152333510161762,118.66842726334613,-828.0339645243532,361.0257685685045,-0.71501039035845,20.8052281636037,0.9315506592661049,0.9239047150984224,1.1658931984579122,0.7
46,6,2,0.9268103363719581,1.0219285179933533,-574.0049809878103,-1273.2131343795184,-574.0049809878103,-1273.2131343795184,537,-787.7643414354062,484.9503772571508,-0.5180714907289238,30.428867616130333,-509.95768234810447,-1800,0.005352833715919736,119.93795440769316,2.89964058358103,1.0444066511708192,1.2353199225071805,0.7447251773184308
346,6,17,0.9275500427182038,1.2867133040347687,-715.8691114938247,1277.072949715534,-715.8691114938247,1277.072949715534,583,-848.4890884063702,1412.4097909586399,0.595601689865748,118.70425760462632,1014.8883189567739,-489.1409273211204,-0.5200255669546223,21.9128190473804,3.56382551860904,1.0032766187537416,1.0500312593323429,0.7277248599608394
49,9,2,0.9293746173076305,0.976981891976442,-44.26532685053465,-1296.8183216218617,-44.26532685053465,-1296.8183216218617,568,-785.0044473455769,330.6603083579098,-0.5742154995151426,42.743624545614544,184.75540929005237,-1800,-0.06442502424356017,117.6805909873924,2.1525621022302164,0.838616082661168,1.234649611944463,0.744879299978444
199,19,9,0.9296251033304288,0.721688800636723,1658.2103677533726,-158.3024389661097,1658.2103677533726,-158.3024389661097,224,-821.5221797245529,424.11957412234443,-0.6096740971397611,20,1800,-191.60498327966638,0.6330862691083088,116.62038145408553,4.271538296086504,0.8205449560403738,1.1325663434915632,0.7
70,10,3,0.9298379949408946,0.7493477251619103,7.270135524865497,-1237.019316811341,7.270135524865497,-1237.019316811341,552,-815.3337678616998,323.16977190851367,-0.390539421522881,31.9985196221284,304.099610151054,-1800,0.05214432105240129,120,0.46332136210658464,0.9329392209469807,1.2680047902285034,0.7486654969697337
333,13,16,0.9329558806013423,0.8090658666720778,544.340963914045,1184.8798203456224,544.340963914045,1184.8798203456224,687,-761.6552123090845,411.9631348040925,-0.555607746260612,22.725591415205688,1570.4321915511428,1792.1427244546212,-0.4508518155856571,119.1462750665735,2.9878172303110406,1.0200915773934476,1.2618429807604525,0.7139943885393839
50,10,2,0.9386717559647123,0.8986315414200584,76.56893089960974,-1402.8498071533493,76.56893089960974,-1402.8498071533493,695,-815.3594390550857,314.4510897646404,-0.5754089989460569,30.876602379345965,282.840018726231,-1800,0.06048262003173363,116.7052093859515,0.6758676870787915,0.868930944046426,1.288995534744312,0.7136375978262426
219,19,10,0.9390965348603715,1.0547712964428957,1629.3266009928154,173.8839868658168,1629.3266009928154,173.8839868658168,194,-859.4038505321702,300.48352815933947,-0.32125115231402535,31.91221519821838,1783.3330956456878,166.04981118506765,0.8871876734572939,117.88733844773606,1.825891923294325,1.1400061872088336,1.2352940646085382,0.7
349,9,17,0.9398034255893878,0.8611151148911979,-11.51850122880554,1276.1236253213763,-11.51850122880554,1276.1236253213763,597,-806.3830225896417,447.78689819748064,-0.5973774443814621,21.1354607478162,491.17567214586165,1799.9865417395504,-0.39838818306227197,115.24748395070422,3.0684166645751723,1.1116437877086651,1.3,0.7
161,1,8,0.9439452063493876,0.9172477075079337,-1461.2859849451386,-339.60197748276045,-1461.2859849451386,-339.60197748276045,494,-1799.9960694374574,-722.5926394040506,-0.5187193176755865,119.11017988935444,-831.8270183379044,372.14803325145743,-0.7878586149151575,21.82029465988421,2.4421673109131645,0.8362543701961049,1.0685109940789064,0.7
121,1,6,0.9455357314736169,0.9435355084752846,-1466.3351613920688,-554.442289277565,-1466.3351613920688,-554.442289277565,530,-1660.7953775655076,-831.5647241117553,-0.26861029719284835,114.09895290855317,-817.7418675382709,369.8586106534636,-0.7917519869511465,32.746095869644336,1.5198591069047054,0.8,1.1936463159461255,0.7
258,18,12,0.9459000212025761,0.8653918212708883,1535.405358401873,395.841664631813,1535.405358401873,395.841664631813,512,-816.0627261882171,446.69339063555594,-0.729688732874802,24.056050190231367,1800,390.11966725290654,0.21906931087948497,119.26933880453385,2.40282711629088,0.816768872585656,1.2273323409643622,0.7
73,13,3,0.9461535856231545,0.7591749299374845,611.8132805690299,-1083.3571485155537,611.8132805690299,-1083.3571485155537,470,-803.310597763324,372.1901577762646,-0.6123572292924362,29.51403578917311,858.3896261768904,-1336.9770196378965,0.14648581805736008,120,-0.09061910695580334,0.8488450358409245,1.2232160775212604,0.7
79,19,3,0.9469969157074906,0.9680355281514542,1645.6932838609373,-1089.8006439212916,1645.6932838609373,-1089.8006439212916,315,-787.3056535989656,416.30174909144966,-0.44594220292548875,21.64358130453745,1800,-1185.3213245335123,0.7518148873692959,107.02137576425284,5.212373560888201,0.8917339423374937,1.1398365474888483,0.7
105,5,5,0.9479967582976621,0.9739791329799267,-733.7424057938513,-768.6451743836426,-733.7424057938513,-768.6451743836426,491,-798.9813639945789,337.49971492148336,-0.5816683544504387,35.72925438963074,-686.8105292402828,-1564.3883442163199,-0.43862925692686194,119.8840779935373,1.8964781810251803,1.0421816520476965,1.3,0.7
314,14,15,0.9496962525252329,0.7922037420608867,721.1028923321892,1012.7788860403813,721.1028923321892,1012.7788860403813,523,-827.2396571691901,398.0282095371136,-0.7102605106186769,21.289236204378327,1572.2771356954277,1350.7273213515573,-0.4504119353043619,117.703183977233,2.0833626856461955,0.8942408856163875,1.1174358136387414,0.7
350,10,17,0.9503222728695893,0.8639756510571859,3.202542814906421,1270.0928834228914,3.202542814906421,1270.0928834228914,668,-810.7899109710257,444.4914710773531,-0.6004565491447926,21.34972047852395,525.6585217548989,1800,-0.40788587398566734,115.3926128828902,3.123888976264429,1.0942909522355269,1.289110122914201,0.7113218039518233
68,8,3,0.9504296925739774,1.038153715990086,-358.19013864667903,-1081.8168633348055,-358.19013864667903,-1081.8168633348055,564,-820.2069510416827,334.8317144446,-0.6515092483384849,38.08025495097192,-288.8850731443384,-1294.3219493896806,0.17238355278350362,119.75934903067251,0.6867222939335187,0.8068838040465567,1.1931469841260607,0.7499071225783042
30,10,1,0.9509476086506196,0.977860884164391,34.705687905030274,-1468.665401774562,34.705687905030274,-1468.665401774562,527,-822.4485442470276,344.05837186808213,-0.7047167872836955,32.117015705416286,191.35426522128037,-1799.9483722797934,0.03341573153244751,117.8739684502151,1.8060118863643904,0.8,1.199478271659668,0.7041718115558122
330,10,16,0.9512679337350217,0.8515614980581301,18.94696462581586,1102.9622412064973,18.94696462581586,1102.9622412064973,624,-844.55120580825,437.7151598617337,-0.624648777373828,24.987941249426193,923.7097908301175,1800,-0.6449221041654521,117.07801670691646,2.4315637965586836,1.0224521113864393,1.2646638295599317,0.7060843727923967
302,2,15,0.9534679236724287,1.777325821644979,-1269.9589871430112,958.6953580694508,-1269.9589871430112,958.6953580694508,541,-1487.6822298972886,1100.266443671973,0.4416659666941276,115.72742874837601,953.0001200440223,-486.74854618867596,-0.5673607128982672,30.831409300899008,3.9823072236580632,0.9035191749907979,1.0688390305081124,0.7089642365797485
83,3,4,0.9607990843306321,0.9946144736761655,-1250.5207202111976,-935.2186224796669,-1250.5207202111976,-935.2186224796669,513,-1465.4774923981684,-1543.5125012114497,-0.2816386321420698,120,-783.9293401128065,385.16164512126926,-0.618224211368195,29.506839427249908,2.4379796371493487,1.0283068968806686,1.2831200347902143,0.7110775002788094
353,13,17,0.9615354612476178,0.8168183250721173,633.9508269444179,1261.0396019043858,633.9508269444179,1261.0396019043858,504,-765.2522431912417,484.79672049646,-0.5882873342983717,22.651221356032682,1605.4444944021207,1800,-0.42984655895508794,120,3.282714846747839,1.0151596224164923,1.264294174033762,0.7
82,2,4,0.9670232639046507,0.9883702164898936,-1416.756994330104,-926.7350415639593,-1416.756994330104,-926.7350415639593,596,-1777.744301843126,-1699.0625535950721,-0.513473844201176,119.83112093441216,-814.6768197795049,361.40743208006955,-0.7356362389127132,20,1.5010558813851027,0.9108413066446046,1.195791412258404,0.7363619904966834
78,18,3,0.9699306707733256,0.9901406103449072,1592.4742079837608,-1092.1629054227385,1592.4742079837608,-1092.1629054227385,493,-799.2072667093779,415.51700588984437,-0.43661937126122685,21.415027443277385,1740.5548111816192,-1185.510683151002,0.771585793532996,105.84913153469715,5.174609031189577,0.8725864385382287,1.0989227679580449,0.7
331,11,16,0.9746120605864986,0.7596752891115676,354.4462278207321,1083.362561347584,354.4462278207321,1083.362561347584,600,-758.7178311490998,401.2284564197536,-0.48623715841276605,21.46045823659762,1523.915741596865,1800,-0.5076668876294888,118.70317312952403,3.496029153216568,1.0347475106894368,1.2732224860865595,0.7216045863126582
277,17,13,0.9754348920773541,0.985663514972264,1307.4074680133476,552.2795919769655,1307.4074680133476,552.2795919769655,560,-789.6101965312914,447.7512159938309,-0.6521312755189362,26.26593165873733,1510.8739223882635,562.4216229204553,0.3609779962113754,119.99302972601753,1.7021743622331584,0.8957394196397848,1.1533871304873944,0.7
85,5,4,0.9778519520626981,1.0046184805882208,-751.4181152456038,-1045.8172495818878,-751.4181152456038,-1045.8172495818878,483,-793.6045398743079,416.88147551677343,-0.5227735334628649,27.52286549021799,-734.6511801868061,-1627.1647979974618,-0.12205449596006726,119.0817583695436,3.194871569192528,1.0060290355187154,1.2323456445762266,0.8258145811779921
27,7,1,0.9783780154587344,1.0001695981570409,-477.86735696800133,-1446.299745317329,-477.86735696800133,-1446.299745317329,524,-778.3178393696872,406.4812185453028,-0.6695596789782126,20,-420.51065144385797,-1800,0.049629028464902435,117.15756096462287,2.549390205027325,1.0316458011947685,1.2157857163071146,0.7080869571682145
26,6,1,0.9798794292645411,1.0072016796810117,-555.3239512436948,-1449.357552656608,-555.3239512436948,-1449.357552656608,548,-778.7793387748216,411.40559742630825,-0.6851041441988139,20,-513.2456075945487,-1799.7533616095245,0.04002804967441763,115.59781728615866,2.625817530872232,1.0290605700854838,1.1891125574266277,0.701501085368287
81,1,4,0.9816712084528529,1.0002751352879427,-1443.894753918919,-963.1155027385157,-1443.894753918919,-963.1155027385157,637,-1800,-1713.0342829251836,-0.5006863266130689,119.65390848488086,-814.7018624264196,361.8960518027056,-0.7478917623387171,20,1.4695289306986818,0.9371427822023536,1.2185704752023463,0.7354864620036303
354,14,17,0.9830728093921415,0.8312470642450721,723.7820554552114,1283.6992380767676,723.7820554552114,1283.6992380767676,677,-761.0777087607211,476.6416263328143,-0.6352312255287531,21.78882066680892,1618.7891027771313,1770.1574663304318,-0.4153722413375134,120,3.029250429108277,1.0168045756082285,1.2419509804578677,0.7
294,14,14,0.9846270434734723,0.6904766684268032,803.2755904163274,868.3505024089334,803.2755904163274,868.3505024089334,471,-759.9566651545465,463.5740950913734,-0.6471260215579375,22.302052038711743,1678.372108044336,1094.944102431738,-0.3951584695108324,120,3.1607997208933436,1.080978218542173,1.2485311760991842,0.7
48,8,2,0.9854670313810522,0.9670083535564081,-228.13734026259704,-1296.983053757833,-228.13734026259704,-1296.983053757833,544,-727.5199327646834,474.76940714217784,-0.4249353441226762,22.486743819896883,-119.69669513301857,-1681.7180900899466,0.23830596290367825,106.50223745791061,2.7884124522656375,1.046361740051016,1.2356974544512158,0.7
28,8,1,0.9857986685144903,0.8184714362224367,-272.490069955331,-1485.0118396591113,-272.490069955331,-1485.0118396591113,512,-738.4149709753127,464.2689584372495,-0.5772622135830127,20,-213.56493372136913,-1731.5357673020087,0.32075311276119217,108.45809252135078,3.680991582834002,1.0406078294192582,1.2501596070167242,0.7
334,14,16,0.9945363059948052,0.8056685163522553,735.9247237037523,1217.0154950504443,735.9247237037523,1217.0154950504443,629,-755.4761773330669,408.8449430357165,-0.5788101371216863,20.858926433090026,1631.3082267054963,1702.2120504385625,-0.3572248244460126,119.97530679508412,3.9661719837172535,0.9813900121595098,1.3,0.7
31,11,1,0.9956034621559724,0.9086735892579452,197.15590963940653,-1441.7622353557836,197.15590963940653,-1441.7622353557836,605,-804.2207738564226,343.2244974883627,-0.5564389039184501,38.95244498926838,398.1271202717642,-1800,0.14102472228527757,117.50400345675993,-0.08669523441412251,0.9226849575693148,1.2828537915872507,0.7
29,9,1,0.9958179974957699,0.9753122428619176,-14.330657763646105,-1456.8941552144577,-14.330657763646105,-1456.8941552144577,491,-806.8682497985968,339.991486099023,-0.6945586992439294,36.32446675961357,137.0002192757413,-1800,0.024533622766031882,118.20005011589079,1.7920946091138006,0.820531958313365,1.2262618880113665,0.7
51,11,2,0.9967853666956348,0.8648210691341981,186.362877358843,-1425.635195089968,186.362877358843,-1425.635195089968,597,-791.8722180369532,321.373100468611,-0.5934429968120708,31.0286990269648,395.9879784960425,-1800,0.07555695765823293,117.3787092070523,0.1327211430474205,0.9513710814185056,1.3,0.7171615874852499
65,5,3,1.000453374488829,1.0200564504493776,-731.8819923875316,-1104.5341749053507,-731.8819923875316,-1104.5341749053507,534,-820.0317029023382,465.8490904888468,-0.5112120360478892,29.16184337089621,-700.8905219237411,-1656.6458755798576,-0.057233328500362,118.71982547605947,3.3279522145154954,1.0053502026413972,1.2756097461873463,0.8184753589423454
74,14,3,1.0006546947939567,0.9221828438452775,744.4097789697939,-1080.3187951750037,744.4097789697939,-1080.3187951750037,434,-795.0660357794883,367.13606332382676,-0.6376407569883451,32.2467155114133,977.4029153241145,-1299.384950019317,0.1823889859959052,120,-0.15812970111491642,0.876327050334843,1.2503067666034593,0.7
62,2,3,1.0037281762594719,1.019968941292891,-1267.0532616034895,-1089.1530003858327,-1267.0532616034895,-1089.1530003858327,501,-1425.8578987746719,-1584.1119541195922,-0.25354192696744826,119.98188410890091,-801.8811227921132,360.68574005338695,-0.7202924421294155,28.352937451781234,2.6456432554876037,0.9646137571180515,1.289939618708751,0.709839992337082
221,1,11,1.0037896071270498,0.846201826633474,-1452.2503091966153,245.26242220238086,-1452.2503091966153,245.26242220238086,435,-1800,222.11506538462996,0.0005081879792365629,120,-814.7855316500742,287.69416277569087,-0.2626812527820667,34.50792986284725,-0.6810678191361235,1.2,1.3,0.7
323,3,16,1.0089047177305288,1.3429821856464799,-1205.7087640260663,1102.241455976535,-1205.7087640260663,1102.241455976535,465,-1400.1819411533133,1247.568170864122,0.45805093608630926,118.28293437348718,966.2957258962625,-520.8629839481862,-0.5899500732269327,20.181061496606333,4.149765594725131,1.0591899496995565,1.1755546791963931,0.7
101,1,5,1.0122560296793124,1.0089655306220708,-1450.8623918936767,-867.7329317261036,-1450.8623918936767,-867.7329317261036,436,-1800,-1574.3259981453555,-0.5146286518768058,119.11979203630156,-826.7139135146846,395.4337309280608,-0.7669199356580909,23.196141836381734,3.4407410227497777,0.9060232261122296,1.162740853973379,0.761956945293272
348,8,17,1.0137389903488718,1.6490388771518865,-357.2067102879073,1336.164249985204,-357.2067102879073,1336.164249985204,418,-508.9624945900105,1556.4353854589078,0.31313379655994733,117.30861750444029,909.6704861028926,-502.6880866033046,-0.6084554688460314,21.396503990346833,4.656562685610367,0.9011087126861329,1.0823576778531416,0.7105454041862957
295,15,14,1.0143166818425535,0.8917664808353636,1045.4981957941282,724.5177810991767,1045.4981957941282,724.5177810991767,482,-825.0911997176215,430.1034492863876,-0.6609271293748905,20,1545.2423538442495,803.1731197441492,-0.08769638736997434,119.9675925959164,3.6065223753916813,1.1791003403360594,1.2344571184362494,0.7
61,1,3,1.018412534050933,1.0671517313790972,-1506.496964756967,-1093.0927225681198,-1506.496964756967,-1093.0927225681198,773,-1800,-1730.2164462598855,-0.46039965236496483,119.1809173947132,-833.4057546436869,368.0246311807747,-0.8208609746787435,20,2.1266897693728684,0.9233044926674074,0.9907575406693968,0.7404122941855454
282,2,14,1.0229545954095027,1.432184186172418,-1299.1715319591888,761.7112554230067,-1299.1715319591888,761.7112554230067,466,-1423.3303521397006,826.6188798054975,0.3728727345243257,115.71543942575221,1067.180943397733,-475.3681353422774,-0.907229123012913,20,4.308765647028336,0.8987465490106952,1.118979994157614,0.7528579249024135
351,11,17,1.0266446254973989,0.8831056474282011,211.08553632051797,1269.2927817962204,211.08553632051797,1269.2927817962204,495,-833.8666883681909,431.6299023909945,-0.686073525179053,20.1003886558259,873.1223794884492,1800,-0.4878592493980316,117.22024232214433,2.709414871254936,1.0272707214416237,1.2710715820100702,0.7072817920250398
355,15,17,1.0364396647368623,0.861213521881495,954.027271842622,1368.409679635784,954.027271842622,1368.409679635784,732,-745.4344379041843,388.7585120087696,-0.6013647826101495,21.203079135569986,1648.732792982956,1768.8712322785063,-0.21285414901198643,119.18661102470782,3.7408869201130615,1.0342518011540414,1.2695427019798722,0.7
296,16,14,1.041459383150215,0.8341729482697406,1095.5787229591306,782.0608902465996,1095.5787229591306,782.0608902465996,520,-815.4989735723923,445.0737005470537,-0.6548041058003612,20,1557.4472153289735,863.503819300171,-0.03804409842912607,120,3.8604753634651785,1.2,1.2492064649528898,0.7
335,15,16,1.0429396119736352,0.9070278385578795,912.1533042444416,1141.8990923060971,912.1533042444416,1141.8990923060971,562,-820.0385509075104,440.85476788421835,-0.7745682347757736,20,1602.9375540978288,1421.4699587314337,-0.3753146695068702,116.6797184196018,1.7869954493780513,0.9265084196559384,1.0443778367797343,0.7
259,19,12,1.0439045967339786,1.0701355019157504,1674.9628281440298,375.2490993491981,1674.9628281440298,375.2490993491981,248,-862.5295449687522,379.3107461083252,-0.5360504887936481,38.83102897636297,1800,375.0489581274074,0.7713151147152523,113.68071757360852,-1.2203448009845035,0.8754061680352893,1.3,0.7
63,3,3,1.0450074750170408,1.032115698713506,-1241.2976686099325,-1102.068804485781,-1241.2976686099325,-1102.068804485781,537,-1375.3015157255545,-1557.8880466696755,-0.25092209180047226,115.69336308127134,-811.5627811258644,359.69095069466056,-0.7570054378632154,28.881408832622167,2.853132504601138,0.9687492593990741,1.2695957684814347,0.7341063150930643
370,10,18,1.0528301915139198,0.9719785882543541,127.04828455264487,1446.8491799935737,127.04828455264487,1446.8491799935737,572,-824.1725783935887,423.6858344111718,-0.689779463922592,20.006817884975582,455.342238194516,1799.9725743883382,-0.22776098108801268,119.55918647229367,2.0543454348349663,1.1143546809743916,1.235442607896352,0.7624539504903519
84,4,4,1.0530759743067355,1.001923994650427,-1071.1053553844495,-952.4977829682533,-1071.1053553844495,-952.4977829682533,456,-1203.3842950990415,-1563.8618984354061,-0.3755964150357348,118.63801430489562,-784.8596744938553,370.4666880318561,-0.7108446522855909,28.32944015160627,1.7589435159432274,1.186388390429426,1.2344489603673827,0.7157763991380536
366,6,18,1.053942818531805,1.525054214077462,-709.7939742665642,1442.4391388537588,-709.7939742665642,1442.4391388537588,529,-817.0083523744622,1570.2472852744888,0.6850550531421946,117.41808419196661,939.1202415279702,-523.1989896013916,-0.5018899782411741,20,3.6451046700377776,0.9616551028450359,0.9517823049840602,0.7
322,2,16,1.0546840611698571,0.88096675460821,-1274.1607424857361,1089.6685379936484,-1274.1607424857361,1089.6685379936484,731,-1800,1799.9393990095884,-0.51490156412606,118.55221835727428,-698.3461903798552,311.89416708970725,-0.5543311943395065,49.36665780932322,-0.4631389755518362,0.9889765738305641,1.2915509612745248,0.7
315,15,15,1.055729687303538,0.8450120404604999,920.3266121790214,1054.9724121347003,920.3266121790214,1054.9724121347003,547,-825.6972783651082,373.68852987810465,-0.7325018197451144,21.331158379363462,1601.708565006453,1320.8419369653059,-0.3238422645613942,117.75148077002225,2.045405525466588,0.8831829021359594,1.04451375654027,0.702852200971142
365,5,18,1.0675677470452896,1.4567150287911512,-759.8236730805681,1454.1964480989554,-759.8236730805681,1454.1964480989554,505,-811.1992723595861,1514.260191826914,0.7258704147358039,117.4516146214703,925.8520300154298,-516.5444261696364,-0.7901467115006979,20.199568463923672,3.514269201872424,1.0010615466638342,1.032880145724661,0.7
352,12,17,1.075821897737255,0.9678091127966354,431.5770457009826,1268.1314059789531,431.5770457009826,1268.1314059789531,513,-826.5618160182399,433.17144859679297,-0.8067032446380433,20,1233.0101462341702,1800,-0.6108419430380061,117.40204860578964,2.0814742217463675,0.9705617299057382,1.2070769311666405,0.7370283011267093
52,12,2,1.076715772276264,0.8798702632298213,371.17992065432213,-1276.5691058670982,371.17992065432213,-1276.5691058670982,528,-782.6733028826425,301.17867112305845,-0.6608483273335364,37.97282048216774,531.1420914799127,-1495.2970638728507,0.19728495110304184,119.86558562163236,1.2046215589182983,0.877611663939848,1.2540849197283916,0.7329959582943237
120,0,6,1.0785632772498672,0.9851325170018055,-1624.151671525975,-599.8875859384098,-1624.151671525975,-599.8875859384098,301,-1800,-813.5805128768817,-0.27503880202881764,118.30619619032814,-824.2858555527438,372.1186245078667,-0.932917694195862,20,2.27200631871583,0.8724379445634451,1.0975163404981638,0.7120407077804651
375,15,18,1.0791931339524734,0.8925814041352482,1055.5000963288683,1444.9727988857346,1055.5000963288683,1444.9727988857346,537,-751.3317071251632,397.0598743883039,-0.6424338649688048,21.528248114075506,1667.6448872447463,1800,-0.1723702968455001,120,4.163655900240111,1.0255431424463612,1.269386769220017,0.7
64,4,3,1.0804919743867674,1.0801696690222062,-957.0727193730113,-1101.604432372094,-957.0727193730113,-1101.604432372094,485,-1008.1677608523585,-1514.2222790203457,-0.1710943263209105,120,-784.1933116317063,294.482680716469,-0.7004588363198296,22.18148225385326,2.5675291404017724,1.0119471001985039,1.2870599568248036,0.7142409823515267
344,4,17,1.084619610850153,0.965341946888188,-930.8048533745687,1268.1646334294514,-930.8048533745687,1268.1646334294514,450,-1028.0756317384598,1772.9993318973477,-0.32886111395086604,118.87059952044143,-749.9500329272973,329.52930756208184,-0.5982088116229722,33.534911753623206,-0.9174886812087639,0.9253175712490167,1.3,0.7
8,8,0,1.0850842663855829,0.9582890407859435,-233.55202539164097,-1639.7344360519005,-233.55202539164097,-1639.7344360519005,263,-749.4175515112775,422.4901815758652,-0.7787451891270792,20,-193.4615916152997,-1800,0.33075056168614825,114.8879083026702,3.3254994157850386,0.9581507876589379,1.2870366773316722,0.7
371,11,18,1.0854584757385124,0.9925764383592492,183.931605405521,1516.4676503147177,183.931605405521,1516.4676503147177,594,-813.5568084178444,407.34053164628074,-0.7312880791075247,20,438.9251304892136,1800,-0.13890937196455028,118.84203040015994,2.4431465239500536,1.110324558655009,1.282625986680636,0.7317047710892557
41,1,2,1.0864693623230408,1.1695592147934843,-1606.9049584744937,-1268.8562315693202,-1606.9049584744937,-1268.8562315693202,649,-1800,-1669.342104598258,-0.283030959101213,119.23750060335574,-822.5635004291447,357.89539859405176,-0.8917650085777434,22.276023299397465,2.2609439944412197,0.9645635177350723,1.0409968409052055,0.7089665309475198
181,1,9,1.0884195111626667,0.9392669750569326,-1454.8161323388001,-12.049305957060653,-1454.8161323388001,-12.049305957060653,422,-1800,-197.04443493926738,-0.17294238985190943,118.72833348776727,-815.6293624151557,330.5114276801332,-0.44051967654553204,32.573838472348555,-1.3468680902357613,1.1532761546042427,1.3,0.7
201,1,10,1.0896976132115066,0.8964736771251467,-1449.724073894238,37.559570065063866,-1449.724073894238,37.559570065063866,457,-1800,-127.2704998074161,-0.13583575228050931,118.7672203403769,-821.0809980782695,333.3814475877287,-0.38982959867280614,32.18448616530278,-0.8202368438889769,1.2,1.276768978506347,0.7
369,9,18,1.0899243603900335,1.0097834332645583,-33.30568932087086,1442.7353151495847,-33.30568932087086,1442.7353151495847,462,-817.7058576608883,403.0933297020521,-0.7673417943684907,20,236.24149393037501,1799.992465361773,-0.30343891401099776,119.00394718759682,2.611553988056043,1.1792945923786442,1.2232318228032537,0.7272255240762147
376,16,18,1.095710027178795,0.8946624425435226,1089.6899526867662,1465.2478446642192,1089.6899526867662,1465.2478446642192,642,-743.4654384919544,394.6295904837523,-0.6319141722774124,20,1662.8659805252041,1800,-0.12700291033169447,120,3.8525649685220276,1.048472980472528,1.2887719568502873,0.7005880200181648
356,16,17,1.1051325866145834,0.9091566478842164,1100.8050597770568,1273.2989146981072,1100.8050597770568,1273.2989146981072,564,-786.1038478994103,390.3541544688872,-0.775952606555612,20.188599884989433,1657.4293399544968,1533.7611392387844,-0.2457638183772162,119.72194755277913,3.7008515331634255,1.0152904782154424,1.273005124233877,0.7
40,0,2,1.1053094364163938,1.1723817964107206,-1633.4876003192985,-1312.6360501666643,-1633.4876003192985,-1312.6360501666643,487,-1799.9559375358713,-1657.7378881655764,-0.2775651831100343,119.98182601894484,-824.9008062740653,363.62739711956243,-0.9639601856388478,20.00254428496007,2.2863936636407756,0.8753299441123905,0.9795406574694581,0.7041890772356502
241,1,12,1.1058343989937647,0.8245042564361365,-1449.0417404920474,370.0799718141173,-1449.0417404920474,370.0799718141173,495,-1800,345.84819552247006,-0.3599648978226459,115.88374970329367,-778.6081785498258,416.3697958922655,-0.6410651771710338,23.519285937519967,2.2749826299294136,0.9754591556427142,1.1607971847450211,0.7
160,0,8,1.1095618739733235,0.8676556152529926,-1620.9725505089773,-210.334895044186,-1620.9725505089773,-210.334895044186,261,-1800,-358.8405855913871,-0.11059358772190434,119.64343769680025,-838.123619156181,439.0488808807186,-0.7513519262420016,20.42932879932312,1.939311102414942,0.8234618065717227,1.2749644242647045,0.7
45,5,2,1.1098386354524286,1.0100545402222973,-740.8123658844041,-1265.7083712004567,-740.8123658844041,-1265.7083712004567,461,-782.3499717624707,410.65610746847926,-0.6572591002734991,20.020976531310986,-731.5299212810547,-1640.3269867736706,-0.006480005064439069,116.4299758276224,2.6072174340648107,1.0425907185811432,1.178834967548033,0.7069491289332436
343,3,17,1.1106681952731465,0.8588419433867921,-1219.516392414371,1277.0228933042742,-1219.516392414371,1277.0228933042742,482,-1489.2061991874357,1800,-0.29534075764934725,119.58300183960334,-730.6702570653415,329.06219525924735,-0.553648411680626,33.59517588229459,-0.7410510133476674,0.8909448267458367,1.3,0.7
342,2,17,1.112453351326252,0.8685478806234693,-1420.210948832177,1264.8790566861976,-1420.210948832177,1264.8790566861976,503,-1800,1800,-0.3928870329585443,119.97239334901872,-756.1247571622301,329.18481211709485,-0.6355690425878565,34.134818624205565,0.37210506035351365,0.911406799026488,1.2268188458156524,0.7
180,0,9,1.1131319646234532,0.8979137145912229,-1634.786205285744,-166.91612813656602,-1634.786205285744,-166.91612813656602,203,-1800,-289.5272773981301,-0.1094093371231274,119.8154046413121,-838.408764881064,424.1044545144244,-0.7924819796479535,20.04830733950377,2.067930684239459,0.8,1.2615324961201215,0.7
42,2,2,1.113249920874761,1.0231343290744543,-1266.2014733648268,-1260.9871928720186,-1266.2014733648268,-1260.9871928720186,526,-1397.7565925771619,-1719.9846851738148,-0.17385133021498975,119.88106282982302,-790.4011154345363,399.08633702087025,-0.7321683421449674,22.256636670917338,0.33019471155625224,0.9050092403442115,1.1731104360402462,0.7
10,10,0,1.114054166765415,1.0179509287113453,68.72775333321212,-1620.7992092164523,68.72775333321212,-1620.7992092164523,228,-826.2446053560367,335.10779802134675,-0.8693316828076891,31.197187580159003,150.7214605894646,-1799.9914099753507,0.16869741647819766,118.16980369680769,2.1513742742377544,0.8118869827560609,1.2111215846292367,0.7121599860376818
140,0,7,1.1156091882664074,0.8832194362020752,-1631.2842803684941,-390.7911945607377,-1631.2842803684941,-390.7911945607377,278,-1800,-562.7028617437231,-0.131123613057143,119.59081793286431,-840.1531729356478,415.3261484832391,-0.8022165257618601,20,2.32197450318975,0.8,1.2147195207969772,0.7
341,1,17,1.1163958647471106,0.8871992070763084,-1440.5063585932378,1298.6231388343258,-1440.5063585932378,1298.6231388343258,666,-1800,1800,-0.4097723018615104,119.9675283953022,-744.5636584528245,328.00912412702485,-0.696654572527988,32.28018552416633,0.6073019448959359,0.9726797321056566,1.2223510674851297,0.7
321,1,16,1.117238166686341,0.7542453219474725,-1446.32318364377,1163.6850999450744,-1446.32318364377,1163.6850999450744,468,-1797.1952607260744,1605.959945591876,-0.2591671802439884,117.91435393077407,-762.4858990216964,301.70704794747616,-0.5489711484420778,41.212218441385176,-1.8296111830393653,0.890677736207259,1.2692015344379772,0.7
297,17,14,1.1178829599269402,0.9464396442250333,1278.9800244061357,724.9353726109204,1278.9800244061357,724.9353726109204,509,-812.4562158185842,478.01419554590456,-0.8556896886776388,20,1507.5732030025704,751.9237625232995,0.10569167392993377,120,2.203780326438696,0.8963471785229776,1.238819408871609,0.7
43,3,2,1.1180028829352886,1.03547621244516,-1202.6158518428215,-1278.5502700828079,-1202.6158518428215,-1278.5502700828079,475,-1329.4010347696008,-1800,-0.25117417223827165,119.57605165066846,-793.7308579180143,403.1365384807598,-0.7597068429010613,24.62563392706873,0.8179336163440164,0.937781716758242,1.2212105553538581,0.7
261,1,13,1.1181483877125469,0.8967961457776529,-1448.449937429994,544.9129030976769,-1448.449937429994,544.9129030976769,455,-1800,605.8560352694521,-0.48596473277003693,120,-807.2566448004445,433.7585278297252,-0.7469665238561761,26.05969986777226,2.11838636520428,0.9579686885412964,1.0962230479090536,0.7
220,0,11,1.1186006842015843,0.908496322020588,-1651.0293627894878,296.91393166695957,-1651.0293627894878,296.91393166695957,251,-1800,272.98501948652927,-0.05599242373101018,119.65122884286626,-827.2559546677485,429.23532001991134,-0.798699516870977,20.372143575784598,2.1383205939910703,0.8003208285273797,1.242561175175871,0.7022745933843689
362,2,18,1.1233135386737763,0.9540371518932913,-1269.382317145409,1441.9280516942133,-1269.382317145409,1441.9280516942133,429,-1446.6426572767991,1800,-0.24926432784709698,119.74911648512925,-725.6542203619057,343.5787039520495,-0.7360345249999929,34.038384832300714,-0.7518031243104961,0.8577266373257773,1.3,0.7
367,7,18,1.1240787218237918,1.5736512815035826,-423.6620687076883,1442.732461260286,-423.6620687076883,1442.732461260286,376,-567.872468374789,1654.162531800862,0.31936317754928223,117.09532449798324,902.5144670917986,-501.6044184696832,-0.6442415816093963,20.75656741353259,4.74662047018206,0.9231216161833085,1.1009601136820855,0.7258023023796631
7,7,0,1.1241051467880294,0.954251288099388,-364.7448312797999,-1641.7658150847856,-364.7448312797999,-1641.7658150847856,220,-744.7840706020226,483.8318472134711,-0.7316833989351397,20.759765886490115,-336.45387088942664,-1800,0.39649735055332536,112.72564447316036,3.495314217590797,1.0283717947807973,1.2552889816267787,0.7
44,4,2,1.1247162113927338,1.0625717229039873,-1013.350715636204,-1275.6779156458858,-1013.350715636204,-1275.6779156458858,459,-1044.3500268627308,-1554.949269918636,0.0338372121640918,120,-826.8484418487656,404.5124019697776,-0.7454948744632742,24.139928379526918,0.789869953921627,1.033499173358372,1.2651173268053375,0.7
60,0,3,1.1247337181431585,1.1769326365446908,-1624.8142291036136,-1228.4441222692176,-1624.8142291036136,-1228.4441222692176,238,-1800,-1578.692761390954,-0.22530693032384844,119.69772187266742,-827.508504811335,365.60797150788943,-0.8834329838758872,27.35967586727773,2.424521535757025,0.9491709783273227,0.9940160220654921,0.7
363,3,18,1.1252079133021065,1.0075811782075192,-1196.3587874894354,1479.9852637210304,-1196.3587874894354,1479.9852637210304,436,-1325.7798501605998,1799.977591749702,-0.14844507763546955,119.7555154492713,-740.6078550549482,353.14548307810554,-0.6951676820240507,35.77876440585623,-1.3157993518044666,0.869873267562084,1.2659444534508202,0.7
301,1,15,1.1254690059785577,0.9103243673471088,-1446.8675485549684,1029.8883810918323,-1446.8675485549684,1029.8883810918323,418,-1800,1378.3104136404895,-0.7074139933072334,120,-812.751650217951,404.23092801464793,-0.9616450058088837,20,1.5588952940282823,0.896330324396556,1.1595563213661515,0.7
361,1,18,1.125938083070934,0.9334206336980211,-1524.9322580602823,1440.046206232674,-1524.9322580602823,1440.046206232674,663,-1799.9905583419156,1800,-0.32850715882687687,120,-724.1922068608698,392.16137979568833,-0.7925739553542935,25.674839322359514,1.153935524561075,1.1408097377315984,1.3,0.7
364,4,18,1.1268685111472683,1.015896555312504,-968.7324390340668,1473.4477762148551,-968.7324390340668,1473.4477762148551,443,-1013.6265565651129,1800,-0.26807990132824794,119.99923880337468,-824.1022936532624,421.43254130552185,-0.7761492848842082,34.52934019740778,2.514854014562362,0.8,0.949622632860619,0.7042577900552291
336,16,16,1.1272649535659098,0.8588393451652917,1129.9011485381588,1182.5525344546834,1129.9011485381588,1182.5525344546834,545,-794.8273431063802,391.09485044576496,-0.8053463008003506,20.299361715425295,1659.698683107124,1400.407848346419,-0.24508675856517848,119.5695046305403,3.69713983366611,1.0075262431845755,1.2698212902162893,0.7
22,2,1,1.1291575696482716,1.1280677690182845,-1408.2233147165152,-1445.9082556665876,-1408.2233147165152,-1445.9082556665876,380,-1527.5952424814602,-1800,-0.16820004234738659,117.73379296664179,-801.6623746749171,353.3273378706412,-0.8741722750501802,29.728544322846744,2.2160999377451063,0.8043354888475368,1.2500583854707545,0.7206340565700968
316,16,15,1.129193464839922,0.7687753977658085,1098.3183642858148,1033.449344010083,1098.3183642858148,1033.449344010083,480,-802.3451886036967,405.64377025212093,-0.9891839557974578,20.065058115427107,1658.9007035814475,1218.6145283611156,-0.45891812056421777,118.3647807190854,2.6032810178310273,0.8145371535576762,1.1646401789621819,0.7
21,1,1,1.1304840120476525,1.1729618269914543,-1541.1543054117442,-1440.5928430626418,-1541.1543054117442,-1440.5928430626418,409,-1683.396026773971,-1800,-0.16009422948087917,115.80348824115535,-827.0823245249252,363.67792954424965,-0.8608092224800914,22.333614084175487,1.4587640562368094,0.9653143886086252,0.9970028647010482,0.7130526925426424
240,0,12,1.130679098549559,0.9939180755771782,-1629.8730969168914,400.95482166369715,-1629.8730969168914,400.95482166369715,248,-1800,400.3870358677815,-0.21607797357108813,118.23779277819388,-825.7538051435957,403.63850956852934,-0.8906254586828026,20,1.5891535834380954,1.031783808695972,1.1522064928801368,0.7
200,0,10,1.1312753706156153,0.9995087543540055,-1625.8665934599424,25.190029895429873,-1625.8665934599424,25.190029895429873,225,-1800,-44.02989583816229,0.13494615281538866,114.35208205592174,-849.5536887655938,333.7828649905755,-0.5142085565829541,33.50080036563902,-2.0248544071506025,1.0648670768239354,1.2730876108269646,0.7135071942983139
32,12,1,1.1328430471864146,0.874510991436156,365.0895244489128,-1451.4944992703306,365.0895244489128,-1451.4944992703306,535,-789.9961163477087,329.53246969891063,-0.5889483909258495,39.318829883178296,567.1555246438054,-1763.060138343333,0.1681725492356315,120,-0.7041084619806927,0.9163034549638152,1.2715734514846933,0.7275601966757961
53,13,2,1.1338199009429093,0.8065398498395957,573.1207711777877,-1270.2816484165864,573.1207711777877,-1270.2816484165864,533,-787.1406723919434,351.0346905224955,-0.4579489479463112,32.88001094761863,853.5808744903816,-1604.5663185223161,0.22780235058819623,120,0.7237873001648953,0.920267650612941,1.3,0.7008736673841448
20,0,1,1.1369349753980238,1.186034395468379,-1647.1464449023056,-1459.8092495687217,-1647.1464449023056,-1459.8092495687217,616,-1800,-1800,-0.2462687575357408,118.89931580965191,-828.6415324674575,361.8546313592178,-0.9750145037190507,20.036383197103667,2.286812010228099,0.9258487219850547,1.082285165766294,0.7
25,5,1,1.1372783833534124,1.0741272950801577,-780.4496815389978,-1441.419897323457,-780.4496815389978,-1441.419897323457,518,-819.403653297491,405.27310740663603,-0.883006065705978,24.363955946546994,-774.2710739000472,-1734.3294772903364,-0.08334493766831669,120,2.6634829648710285,0.8614546148536569,1.3,0.7395218655979541
9,9,0,1.138732291812908,0.9941659562684252,-119.01373582699235,-1627.9511900238974,-119.01373582699235,-1627.9511900238974,230,-761.2139286769626,408.09480754403813,-0.7098704529902181,20,-64.74689751477277,-1800,0.36326545915157604,115.22110761754867,3.4541497858206958,0.9100123579764253,1.2763209174814654,0.7
260,0,13,1.1408101603598553,0.9804112711207038,-1620.8590366885462,606.5810641021105,-1620.8590366885462,606.5810641021105,246,-1799.9857922139543,649.0684984448704,-0.32665597217066256,115.8899686514004,-776.5440705601235,406.3163041963664,-1,20,1.7384421160891514,0.9870855913206712,1.283977339688687,0.7
11,11,0,1.1429038576611898,1.017802239225941,301.681606883324,-1637.176834517089,301.681606883324,-1637.176834517089,245,-740.4984816489751,435.91544515546957,-0.7211445633908313,20,383.5356867436242,-1800,0.3837578771993806,120,4.286016808475332,1.0375758679883988,1.3,0.7
374,14,18,1.1459528408714126,0.9997262415855466,727.6428188882954,1440.7284955702683,727.6428188882954,1440.7284955702683,392,-838.0653698967456,431.6099110214386,-0.8406982868150793,20.25863491383981,1285.0627233352816,1799.9926221834,-0.39216993635461467,117.28171013201016,1.9355046226078234,0.9868884426357396,1.2468651027346713,0.7084616428540889
281,1,14,1.1462156809057105,0.9697525202919158,-1456.8875744767656,751.2827011012006,-1456.8875744767656,751.2827011012006,446,-1800,938.6181337023753,-0.7304745139599401,120,-818.6800327212464,402.8287337411456,-1,20,1.875410247691398,0.9268069777690547,1.1606593047422025,0.7
100,0,5,1.1467455620756755,0.994194296264814,-1623.4909704174884,-770.6412831271691,-1623.4909704174884,-770.6412831271691,236,-1800,-1022.0479034574159,-0.3238097379055274,118.89245383280758,-824.528313204835,367.34299957497944,-0.9795692918913907,20.11156744618352,1.1056731210610127,0.9767076559202801,1.0594826426956063,0.7014001059084005
57,17,2,1.1470213318812543,1.0764673810368897,1299.8844583773707,-1262.2182674221165,1299.8844583773707,-1262.2182674221165,426,-801.8165721478557,323.9299353806282,-0.8389299943708239,35.62025223975528,1503.2474408711523,-1415.6957718407668,0.17536904024742384,120,1.8268113914470063,0.8889665790455613,1.3,0.7181152696768256
6,6,0,1.1495047182617146,1.019267728085602,-549.5250135896401,-1621.657619698943,-549.5250135896401,-1621.657619698943,199,-760.211209650006,404.8031469983951,-0.6295148418430323,20,-532.1538364911538,-1788.7402739956099,0.4542919922496059,115.02785320687646,2.9773412682893556,1.0132016729409168,1.3,0.7
55,15,2,1.1513230384207638,0.8878778900651794,925.042391146932,-1272.7458104009847,925.042391146932,-1272.7458104009847,422,-786.9727954762847,352.1001454517101,-0.6343706267392561,29.879782938576593,1178.7590754729283,-1513.544216677143,0.19478795885343722,119.64024568956128,1.393648510049029,0.8969680292280355,1.3,0.7
54,14,2,1.1515450636390543,1.0193696660208087,731.5587487855049,-1266.9562734304232,731.5587487855049,-1266.9562734304232,479,-800.2467090269689,335.80195058060116,-0.8484500335055231,39.645344800925585,904.1989501788146,-1447.593116814696,0.09961164510836203,120,1.260764334348854,0.8931576770057859,1.255392035022924,0.7224709457724308
12,12,0,1.1534703196531462,1.0468225469399852,380.17912861604054,-1622.4476667950623,380.17912861604054,-1622.4476667950623,267,-820.4654149467589,290.86927128256485,-0.8740258679615978,38.81743324816047,491.5844929457115,-1799.9804525870627,0.15848248030630033,120,-0.09299644391332298,0.8,1.2651526496087435,0.7
80,0,4,1.1536574173450156,1.0415539204908868,-1621.9834791312164,-1023.1518148323706,-1621.9834791312164,-1023.1518148323706,226,-1800,-1334.2104083258862,-0.2933300897393308,118.21060102069062,-816.38463713201,384.51777386264393,-0.948988614022841,20,2.487130848860838,0.8859579481905815,1.1262421595699896,0.7595329663922006
278,18,13,1.1550822482297447,1.143700239512327,1451.4578839228682,601.0471353152415,1451.4578839228682,601.0471353152415,526,-779.3266783995489,507.8005000292914,-0.743506030517236,23.46651552060282,1674.098009995339,610.3534766744825,0.25734816061845567,120,3.0199495353315187,0.8642811991181464,0.9908987792461209,0.7
360,0,18,1.1560908923044138,0.9873184784850585,-1631.3986792528544,1451.8157919095129,-1631.3986792528544,1451.8157919095129,403,-1800,1661.9765342663559,-0.21319734012495475,117.56561605944957,-799.6964201863345,415.1028918520999,-0.906304248868686,25.40300643029003,2.1766216974370294,1.0431812722975937,0.9968284480041206,0.7187799192394538
56,16,2,1.156741674478034,1.0307984652205353,1193.686923005905,-1263.566418457356,1193.686923005905,-1263.566418457356,420,-797.9277941762477,340.6717297663878,-0.8391278495370488,34.28848130505122,1384.0706601022353,-1416.919801125395,0.18044762987177693,120,1.3895121777226707,0.8905579601730804,1.3,0.7
368,8,18,1.1602396015984546,1.0224328349858625,-201.0619018775649,1476.6763112134174,-201.0619018775649,1476.6763112134174,398,-784.173739482323,449.20494078978857,-0.7511725469386334,25.65511626042139,-17.56883750949395,1800,-0.24904034245415524,119.96175670355184,2.2073945515927864,1.2,1.3,0.7
33,13,1,1.1603705903560906,0.9381822343934834,644.0100447832402,-1453.594986963794,644.0100447832402,-1453.594986963794,507,-773.3420393587047,347.5438024750163,-0.7944647206143475,33.2868339216145,791.7953911834252,-1641.3972436438407,0.1873816521491399,119.98219349664444,0.5100620049272061,0.8554375513456206,1.3,0.7
34,14,1,1.1632126429006873,0.9621499650806993,725.2345084621082,-1463.8309497852376,725.2345084621082,-1463.8309497852376,547,-802.8414183568057,334.75218812360293,-0.7512312789973209,31.53922323740357,850.0722925787696,-1610.768107517675,0.33656760365023547,119.74730920995457,0.5865666759068966,0.912465540974398,1.2634349861903515,0.7025798912202634
340,0,17,1.1632960427117929,0.9895859461691524,-1620.0532626124777,1398.086558230862,-1620.0532626124777,1398.086558230862,210,-1800,1613.535788297047,-0.1942681692729633,117.70520103009346,-798.8105229917226,414.81718353974185,-0.8535957355092842,27.92241745866022,2.22561670223106,1.0371207890179743,0.9179108345028894,0.7400504781325258
372,12,18,1.1646173066715286,0.9798380748337573,392.4678492946819,1467.465912626227,392.4678492946819,1467.465912626227,440,-836.9946759783662,416.7306233215021,-0.9157209226273467,20,781.565087165561,1800,-0.41606377473590217,117.47043657866993,2.0150855770467424,0.9872431370193482,1.2313919970430884,0.704438416349592
382,2,19,1.1802636697055302,1.0397029721915958,-1323.382442922432,1629.132225741388,-1323.382442922432,1629.132225741388,208,-1396.8178830646395,1800,0.16843346948091645,119.60651409386504,-770.5580821364637,342.8341127251515,-0.7082480007495477,36.99591973162237,-0.9245782405154854,0.8734696520523905,1.2607649481315824,0.7309174386851971
377,17,18,1.1835523888876116,0.9910748800527766,1264.6216957440013,1556.0476265282766,1264.6216957440013,1556.0476265282766,592,-761.1837066146401,405.32026168318873,-0.805321789334174,20,1694.089223148948,1800,-0.13165439621284197,118.86980857650875,3.824252833261647,1.0109587491170253,1.3,0.7006831307365703
23,3,1,1.1872429470390677,1.1517318737176867,-1096.685593724906,-1459.8361218747712,-1096.685593724906,-1459.8361218747712,392,-1163.5545073879318,-1800,-0.018552888515606398,116.19093888872199,-759.9362516949428,253.2164142900265,-0.7206353765402191,20,1.5515244760565772,1.0323497090475682,1.296581669500452,0.7
24,4,1,1.1882301225540466,1.1858823215401508,-922.4633040606676,-1470.6800804562986,-922.4633040606676,-1470.6800804562986,471,-953.3141084398289,-1799.4883125808158,0.00525808289411672,115.88298395624778,-761.3471662975041,246.49759094405277,-0.7126144676752747,25.33032222853372,1.2915786110526126,1.0282565387344849,1.2826566027677082,0.7467334696531104
373,13,18,1.194482524649598,1.037844150122229,681.6292068280578,1451.8040571963304,681.6292068280578,1451.8040571963304,404,-803.9063179402799,519.7144986414831,-0.9283809270181517,20.157199833561666,1236.573136697881,1800,-0.5007469904559821,116.17478138695061,2.351434914489481,0.8068189305135218,1.2856301159064976,0.7
317,17,15,1.197319446247852,0.9295170996721583,1306.4538930898905,909.1369694103502,1306.4538930898905,909.1369694103502,533,-803.4095874649277,449.38397260809364,-0.7179278001135592,20,1797.5069473218002,1016.1406288189932,-0.08480186167547439,118.73428868031988,5.453512554301643,1.1671454929105585,1.3,0.7011156050321452
357,17,17,1.2000310839901729,0.9314757025224965,1295.0922356961541,1335.2884973402838,1295.0922356961541,1335.2884973402838,461,-765.5690321680822,414.7384143950812,-0.8893263154714334,20,1616.6734214410671,1478.9470363867895,-0.08261033950781223,114.63830719451882,4.000329467197262,1.0058568879469059,1.3,0.7
387,7,19,1.2037416943326869,1.7129517967441263,-497.67640708772666,1630.7934126456964,-497.67640708772666,1630.7934126456964,162,-567.1063322758985,1737.1150298524742,0.3750300266306402,120,903.8755975869274,-515.475294004116,-0.9300324929907864,20,4.574801888884662,0.9303702080398222,1.1007054950483737,0.7007784820567842
391,11,19,1.2056842291254162,1.0176417070003863,321.5106723145116,1643.0906302013188,321.5106723145116,1643.0906302013188,240,-754.839174250543,435.0032753776907,-0.952282401923802,23.698768316603765,461.3096491294674,1800,-0.06583294151211895,116.00160191551359,3.0355167740802376,0.9235557955519582,1.3,0.7132846010654479
58,18,2,1.2070361871255073,0.9278963006465997,1447.4356293737212,-1274.202926993678,1447.4356293737212,-1274.202926993678,474,-767.6750160133446,417.84341116957745,-0.6665117128551109,26.06161449645415,1799.8183096481334,-1543.3758574891135,0.13186915682804923,120,3.663709594908717,1.0663423017349598,1.2482575813365742,0.7
383,3,19,1.2110958373877407,1.050161007228137,-1226.9816182139348,1636.3325798481503,-1226.9816182139348,1636.3325798481503,191,-1286.101729344043,1800,0.057913276933790586,119.50105450838153,-758.8861955264191,340.4627184476479,-0.8406858756815953,38.67627630292505,-0.3325059417517838,0.8437471770391649,1.2814097883015558,0.7216877900626776
1,1,0,1.2127559764581688,1.2405215634980218,-1590.202112733059,-1623.241237831684,-1590.202112733059,-1623.241237831684,138,-1657.537800597705,-1800,0.05561095927330021,117.79950389680364,-824.8588556705407,385.814153778361,-1,20,2.725538742650997,0.9578818621626081,1.3,0.7830075277666166
392,12,19,1.2141526899898663,1.0203322182845111,383.40095110726855,1626.5211900827514,383.40095110726855,1626.5211900827514,235,-813.401160740208,399.73714324754036,-0.8372136858909104,21.02328815247719,552.6321110394986,1799.9918793279394,0.012328329809743806,119.20944641919421,1.165323899528536,1.0618364423391833,1.2685520040942586,0.7670984207323918
390,10,19,1.2165073983711168,1.026415391190965,175.50180408208917,1622.9559388907558,175.50180408208917,1622.9559388907558,211,-839.3612189193996,428.5149305545229,-0.9362082035421861,20.55564811077781,325.9238228431291,1799.9948334930323,-0.10711218735895948,120,2.3224982268588508,1.1793174712000385,1.245313073223893,0.7198137985772798
5,5,0,1.2196158827281005,1.1677917122308654,-750.4868467887937,-1629.423087427764,-750.4868467887937,-1629.423087427764,182,-818.1896011732462,389.4454399251471,-1,23.94430197733857,-744.766550167657,-1800,0.07318778831107602,119.19700427643818,2.783125030156829,0.8342254725674206,1.3,0.7350460693920886
298,18,14,1.2204360293678695,0.9491247989917915,1469.7676428555949,733.4679428386149,1469.7676428555949,733.4679428386149,458,-805.3405932155551,440.5953728432558,-0.7764625828517169,20.386730778393005,1800,775.978447437519,0.061719855301050223,117.46832996895932,2.564735602629735,0.9167531900943332,1.2301862236045198,0.7532645258310934
384,4,19,1.2206524008802397,1.0105208836248976,-942.4185481159498,1622.4549995076386,-942.4185481159498,1622.4549995076386,181,-973.4634564754126,1800,-0.09654579873151235,113.38577863619847,-726.0768487509716,385.20260772966407,-0.9396956532985657,20.104460895537812,1.8324023637427143,1.0678448085099046,1.2828461153724189,0.7
337,17,16,1.2313138786385711,0.8762841587996273,1289.1926204669617,1235.6291194292771,1289.1926204669617,1235.6291194292771,447,-792.3800201726519,387.3775493184913,-0.8640735671885911,20.084146386774453,1696.160531582619,1401.4706388885684,-0.1552421631536671,120,4.49204262841846,0.9791802315055246,1.2923515447423788,0.7
0,0,0,1.2333091236742608,1.2289939940757035,-1622.0671646420576,-1629.5501044473083,-1622.0671646420576,-1629.5501044473083,203,-1688.775052780077,-1800,0.07103321676556905,117.60155729407529,-836.4510040133381,377.83157501186696,-1,20,2.734927140419215,0.968256539720082,1.2699114520999353,0.7312692214393535
35,15,1,1.2387426880230794,1.0640360323176556,973.2200944429625,-1443.951904965473,973.2200944429625,-1443.951904965473,467,-799.425187730362,397.6816940343728,-0.9874585457042706,27.31484586131374,1117.5106036477582,-1593.8579535363149,0.10192552739428777,120,0.9885357634274029,0.8449696837783087,1.2394759427498891,0.7
396,16,19,1.2422951058416953,1.0423536507652036,1256.0833175218058,1622.2860544408468,1256.0833175218058,1622.2860544408468,199,-749.962369818334,432.06084524042825,-0.8851195614731209,20.479926511090568,1555.6083916954867,1800,-0.05921192608140084,116.69846779083778,3.802764689275881,0.9970801030799432,1.2840346666697025,0.7
280,0,14,1.2427413996668668,1.026281655799716,-1623.5300363338679,724.2433981546606,-1623.5300363338679,724.2433981546606,219,-1800,784.5713514451812,-0.33390614588943646,119.97472066831332,-825.1337346957121,451.3039483360119,-0.9894538661452505,20.084915701113513,2.1148789083712605,1.0109002795927384,1.1259885379667613,0.7576875606927269
397,17,19,1.2453965150774846,1.007115904640316,1334.4633889805352,1627.6011525324423,1334.4633889805352,1627.6011525324423,260,-748.2405510348417,420.26914615467547,-0.9048300295854977,20.795342789271512,1631.859429985056,1800,-0.05953767377517239,120,4.092694509722851,1.0270744626242905,1.2862494216778546,0.7
385,5,19,1.2477256114823463,1.0461752458352027,-879.8030617285082,1629.5152618678806,-879.8030617285082,1629.5152618678806,238,-900.973124655586,1799.99951290493,-0.12059974727115647,112.68618847811558,-726.041309744823,391.2592767355094,-0.9817259170955678,20.071780988767408,1.8398501369278217,1.075525836430041,1.3,0.7
4,4,0,1.25163795954501,1.192660436829335,-903.2433044608191,-1629.9587833916296,-903.2433044608191,-1629.9587833916296,160,-910.4347903617171,-1800,0.07497265476172224,119.9808612323935,-817.7777158306449,390.85761937855807,-1,24.527865640406496,2.83256037307768,0.8473185481304304,1.3,0.7251553726194194
393,13,19,1.2550283968370917,1.0042347620546204,549.0950957437971,1643.1625339549769,549.0950957437971,1643.1625339549769,234,-768.7537073878543,435.6056738508262,-1,22.975237425765275,720.2572776188666,1800,-0.11354222749302634,116.33235351729937,3.222403248327333,0.9711408418313706,1.2705462425159983,0.7
59,19,2,1.2557874180580355,1.0278694034927582,1630.5156576558263,-1265.4946550467532,1630.5156576558263,-1265.4946550467532,236,-753.124437668003,421.3262115204542,-0.9831496344453253,26.228394057363083,1800,-1385.4329484927412,0.1649614651629488,120,3.4916513995654936,0.9982544782211569,1.2355769177142244,0.7
279,19,13,1.2573294577556484,1.1721302432734964,1620.1971299203453,548.0890654861637,1620.1971299203453,548.0890654861637,195,-824.6056098188798,382.6283631422973,-0.6856552547730052,35.972575945758884,1800,560.2578628632461,0.4477919489887684,115.33498765523369,-2.5179642381738723,0.9429957420623806,1.2597519866208842,0.787641577267595
318,18,15,1.258161703337904,1.8155406069302997,1440.5301107240396,935.1724587492126,1440.5301107240396,935.1724587492126,536,860.5239553431647,-460.230361438847,-1,25.511476079296607,1800,1800,-0.7922299153061694,120,5.229106885488201,0.9514259442121697,1.2714125889364172,0.7
389,9,19,1.2582083600946268,1.0415652026323194,-8.294664189129787,1629.660941216701,-8.294664189129787,1629.660941216701,179,-839.6167938424841,432.65511115523213,-0.9289755325704545,20.66683469954545,110.00603707279154,1800,-0.08219351011242992,120,2.0315095535804257,1.2,1.2397731078640872,0.7
2,2,0,1.2599513170176995,1.211688306033306,-1391.4941427094677,-1622.6178679896468,-1391.4941427094677,-1622.6178679896468,161,-1444.6944480896857,-1800,0.04219859475838345,118.49282081017559,-805.2038278243479,332.2097460265356,-1,29.549969127407,1.366743209110281,0.9238150152676777,1.2350027575398042,0.7
395,15,19,1.260600473744931,1.0950729972308688,1061.252892543617,1625.523982282535,1061.252892543617,1625.523982282535,156,-796.9518737515774,427.14355168241394,-0.9391341276092339,20,1331.7948335234444,1800,-0.10227515941173983,117.03574035688843,0.6968847491355367,1.0210054512375635,1.3,0.7
338,18,16,1.262124864465611,1.8317821247250243,1521.5317471763822,1131.2269938734769,1521.5317471763822,1131.2269938734769,563,859.6144651405622,-458.4422270361789,-0.9848122091086846,25.627564228180766,1800,1800,-0.6087841788138525,120,6.194856665822504,0.9583393921855616,1.3,0.7
3,3,0,1.265132877162375,1.2262909280732113,-1201.648882760689,-1625.5757240247083,-1201.648882760689,-1625.5757240247083,122,-1241.6002259263335,-1799.9738527067016,0.05565111541249065,118.51585242817691,-762.7567905687524,290.303781058358,-0.9851752556409794,21.479942786601946,1.1713120968251842,0.9309750091771853,1.3,0.7212683225954525
38,18,1,1.265659935349032,1.1206379106558861,1560.552959708293,-1454.9704706883101,1560.552959708293,-1454.9704706883101,657,-784.2695657785747,352.8482821660712,-0.9847783153695479,30.83568450559759,1715.1358953767362,-1574.1513156926326,0.19617011143990354,119.1879924983281,0.5030661165108657,0.8579996257623504,1.3,0.7099758845272605
320,0,16,1.2686471428471464,0.9554635856135925,-1624.2833614170781,1235.5835560069736,-1624.2833614170781,1235.5835560069736,196,-1800,1408.267143441141,-0.3063965443880943,114.40784772277843,-756.4899623059969,382.7691696250341,-1,20.32869849561258,1.4728944336870753,1.031144424363173,1.3,0.7
14,14,0,1.2692173751928815,1.0350845184008253,817.9097880609581,-1630.271129089995,817.9097880609581,-1630.271129089995,297,-752.1722706856247,353.61482559414327,-0.9870713956964947,29.979063370385962,952.2361864297307,-1800,0.08068958489664578,119.7251360286214,0.610720085683617,0.8510314822076229,1.2737855224919759,0.7074672613210243
380,0,19,1.27126332473297,0.9973333138302203,-1678.1987364583708,1620.1216864505025,-1678.1987364583708,1620.1216864505025,223,-1800,1800,-0.15125070236785507,120,-818.3915093947878,350.3427901994999,-1,37.38984383825121,1.4212928583163151,0.9223624281339242,1.273575721823215,0.7
37,17,1,1.2733110279380029,0.9897952867100983,1405.5497110577223,-1459.7834931046577,1405.5497110577223,-1459.7834931046577,565,-766.4218211452488,413.55920298943283,-0.7371029162168938,29.727079212151132,1800,-1800,0.0037589339608034168,114.58871196252423,3.549395151909815,1.0360172810520758,1.2724135129245713,0.7
13,13,0,1.2755191517529383,1.0127531933973084,570.5887590628073,-1625.8394552621594,570.5887590628073,-1625.8394552621594,241,-755.6417660276688,316.438481582796,-0.9912244678840426,27.61879292147156,689.5094481753601,-1800,0.05613713455823099,119.76602463449753,0.6553798232261621,0.8464472978360874,1.2187003344128626,0.7
358,18,17,1.277847851066937,1.8321986653420357,1605.861041711482,1311.5014604226717,1605.861041711482,1311.5014604226717,419,866.4486333415497,-443.57862502884825,-1,20,1800,1772.3125255948594,-0.4192259605910949,120,4.892490413777851,0.9638681268792088,1.257035225673429,0.7006040894501468
300,0,15,1.278119907219894,0.9458299207406781,-1623.7091640808512,918.6439973135922,-1623.7091640808512,918.6439973135922,180,-1800,1028.9348806241057,-0.2911611118315682,120,-753.3921496088338,374.1572020367795,-0.9846088487128857,20,1.3107780758207412,1.0331438237332393,1.3,0.7
381,1,19,1.286493363386029,0.9928598879029963,-1442.5672780317461,1648.7305877568556,-1442.5672780317461,1648.7305877568556,148,-1513.0940910493632,1800,-0.03913333628520317,120,-830.6114726832083,336.1773752541098,-0.977499136095477,33.967685927466405,1.0273432626333063,0.9542865241521634,1.2576329789151426,0.7
339,19,16,1.2870736910126017,1.8202475822327893,1625.5005458734092,1255.493245592363,1625.5005458734092,1255.493245592363,267,885.6368133085931,-440.61048511377,-0.9544878835617152,28.390738794266856,1799.9917344100074,1655.5063058707901,-0.3271096452595379,119.99978297301263,5.5561936961440965,0.9674932219849902,1.2505417269696855,0.7295578572651379
386,6,19,1.2939916287289732,1.0518864269865125,-679.4423581003072,1623.5898531545247,-679.4423581003072,1623.5898531545247,233,-725.1232915776732,387.0386209397806,-0.9296477471382257,20,-672.9253776688962,1800,-0.08395919405900362,114.26401782711454,1.4408568065835325,1.0479748067447636,1.2833280410023093,0.7
39,19,1,1.30064906486325,1.0502556182930092,1622.542337085427,-1477.0113755598143,1622.542337085427,-1477.0113755598143,231,-765.6510125652787,419.61611219076315,-0.9572600223127217,29.0588847525276,1800,-1617.9426286532796,0.17171470468459346,119.93557567081162,3.0400651040987254,1.020848755028902,1.2074601814690726,0.7003505394695592
378,18,18,1.3022522835585182,1.8441001755856428,1510.0610550872125,1495.4466487982481,1510.0610550872125,1495.4466487982481,293,857.6230819701887,-456.3970863037142,-1,25.743219163329275,1606.9072376675635,1785.1732167276327,-0.1715432767964924,120,5.075876938680449,0.9588672437065329,1.259023847831094,0.7093758221448799
359,19,17,1.304994226742968,1.8335582288305763,1631.9537934006498,1274.8919038459294,1631.9537934006498,1274.8919038459294,365,914.1824584001004,-495.2796345713211,-1,20,1800,1689.3283650915257,-0.3694426030361976,101.77148048336761,5.4484030243771135,1.0047455853048934,1.2904652125658533,0.7133083303009143
36,16,1,1.3050493093600457,1.0912382619665681,1256.5605581844939,-1492.1932571712907,1256.5605581844939,-1492.1932571712907,434,-748.0788084314164,333.7042755090263,-0.9627493744617421,30.96495470401306,1373.826053505798,-1599.0028819554025,0.27011663788351137,119.98573883875622,0.5350641024667236,0.9258062492279989,1.3,0.7
388,8,19,1.3067593749949649,1.162465599788786,-228.04700827703522,1627.48429474013,-228.04700827703522,1627.48429474013,155,-791.1799489869351,397.58012583759603,-1,21.472184815332238,-149.05770254249086,1800,-0.1469573643404512,113.07945385977285,2.078029003714744,0.9939234432676938,1.3,0.7
379,19,18,1.3095947520638525,1.842863270381823,1667.2626629849135,1445.3251517587128,1667.2626629849135,1445.3251517587128,234,940.6746189030641,-496.12184472106355,-1,20.010180172697172,1800,1800,-0.26170485322739306,120,6.227524606792933,0.8671952230377658,1.2906387412938125,0.7536062794164928
18,18,0,1.314775338322761,1.1081852762006572,1521.344605627255,-1635.5133309205698,1521.344605627255,-1635.5133309205698,424,-784.8697522512452,386.33927942210926,-1,33.33547724691786,1697.002221898228,-1789.5119428755954,0.11823268666957337,120,0.5605061315675401,0.8,1.3,0.7
394,14,19,1.3212581854668872,0.9977191417566776,741.8344022752492,1629.1758558450877,741.8344022752492,1629.1758558450877,192,-751.1307698721871,383.59179386428565,-1,22.465221657841692,946.5853344440555,1800,-0.13717621101497043,118.18958861040093,3.6809339372485197,1.0479350344111331,1.3,0.7
398,18,19,1.3261065322879082,1.0116443821521905,1485.4863030630113,1631.5318393485627,1485.4863030630113,1631.5318393485627,359,-751.1616414773961,433.47919836284586,-0.9167021291138338,21.00379165946084,1800,1800,-0.06474406249471493,120,5.599895028226271,1.0696915150293216,1.3,0.707457806021979
15,15,0,1.3416533568001017,1.1608481399250865,919.9637981256305,-1646.0610880707468,919.9637981256305,-1646.0610880707468,278,-767.4781506351608,346.41040132395636,-0.9752000222781204,36.03213496669941,1050.3360413013304,-1800,0.13684368088783938,119.6113131484824,-1.203189767477786,0.9075737107462296,1.3,0.7261775409067026
299,19,14,1.3424879512653156,1.13079563079575,1623.9181222281375,735.7391901637218,1623.9181222281375,735.7391901637218,214,-781.1717190442713,471.7972735799929,-1,25.217227381849042,1798.13310977486,754.8580758375998,0.14004578971550521,110.37862001174304,2.301615944978285,0.8538803430040197,1.2748030214542694,0.7461323991632878
319,19,15,1.345924903279501,1.7747698920470976,1621.3055626098158,1037.1445751130318,1621.3055626098158,1037.1445751130318,195,1052.963814902359,-453.96389751204106,-1,30.699718244564608,1800,1505.9695218607867,-0.49750147504536246,119.64366489199958,2.3714420859851493,1.1609528496722339,1.1667910847175116,0.8593128787353878
19,19,0,1.3519521238236156,1.0234050259447127,1627.31607879271,-1650.8484877927506,1627.31607879271,-1650.8484877927506,296,-754.0390688455018,405.98876080316876,-0.9798472989396791,25.566939262458078,1800,-1800,0.159724968770098,119.99527232525655,3.4855120438686145,1.031654887398924,1.2944223576267584,0.7128670232164945
17,17,0,1.355713121378196,1.008954293130969,1417.7639099411592,-1632.105000633722,1417.7639099411592,-1632.105000633722,258,-778.1188714978161,340.360944456585,-0.8175883119754337,31.277800952023764,1604.6760029564016,-1800,0.252383440636816,120,0.9662440863672694,0.8477516421707436,1.2862074264997163,0.7001448424706946
16,16,0,1.3578528007935187,1.041912878955608,1245.3620632001084,-1627.4387781497287,1245.3620632001084,-1627.4387781497287,257,-799.2481130725786,338.74618683580013,-0.8194933377397506,34.24498047115507,1424.8062337681154,-1800,0.23718782587353107,119.95653864501614,1.6301162977263783,0.9296877345147025,1.3,0.7
399,19,19,1.4332955478112543,1.0343224529864092,1621.69720622443,1695.347368391686,1621.69720622443,1695.347368391686,114,-470.6474487796398,467.27140984342395,-0.9521532402212086,20,1800,1800,0.11732183561744157,119.24273311254619,6.443210441789067,1.0012812450995625,1.1056249665188171,0.7
