n_atoms,dimension,parameterization,optimizer,seed,best_energy,target_energy,gap,target_relative_gap,success,within_1_percent,within_5_percent,within_10_percent,population_size,nominal_full_generations_per_restart,restarts,pair_traversals,pair_terms_evaluated,objective_calls,gradient_calls,wall_seconds,measured_pair_seconds,estimated_optimizer_overhead_seconds,overlap_pairs,projected_candidates,reference_structure_audited
13,33,fixed-frame,basin-hopping,3482299955060770590,-4.14719798478106867e1,-4.43268010000000032e1,2.85482115218931654e0,6.44039517354143415e-2,false,false,false,true,,,5,8974,699972,8977,16690,0.027729919,0.006660773,0.021069146,1414,0,true
13,33,fixed-frame,basin-hopping,5694209903365972707,-2.51704287084767131e1,-4.43268010000000032e1,1.91563722915232901e1,4.32162300444899894e-1,false,false,false,false,,,5,19451,1517178,19451,36710,0.035444910,0.008067428,0.027377482,166,0,true
13,33,fixed-frame,basin-hopping,6054845415890715159,-3.78322109784834026e1,-4.43268010000000032e1,6.49459002151660059e0,1.46516100305018632e-1,false,false,false,false,,,5,14468,1128504,14490,27212,0.027318894,0.006328299,0.020990595,145,0,true
13,33,fixed-frame,basin-hopping,8048971573819030837,-4.06154678004849075e1,-4.43268010000000032e1,3.71133319951509577e0,8.37266194669697844e-2,false,false,false,true,,,5,9453,737334,9454,18017,0.018259937,0.004238147,0.014021790,273,0,true
13,33,fixed-frame,basin-hopping,10065547755147478085,-1.60077235208057758e1,-4.43268010000000032e1,2.83190774791942275e1,6.38870318640729962e-1,false,false,false,false,,,5,11581,903318,11583,21254,0.022863522,0.005212798,0.017650724,183,0,true
13,33,fixed-frame,basin-hopping,10307988297944474805,-1.61390478378465083e1,-4.43268010000000032e1,2.81877531621534949e1,6.35907679468082798e-1,false,false,false,false,,,5,18834,1469052,18837,35349,0.054127032,0.011555483,0.042571549,157,0,true
13,33,fixed-frame,basin-hopping,10509203992769182689,-3.85514344595050531e1,-4.43268010000000032e1,5.77536654049495013e0,1.30290623510028375e-1,false,false,false,false,,,5,4569,356382,4579,8272,0.013788183,0.003445140,0.010343043,161,0,true
13,33,fixed-frame,basin-hopping,14076511471388420532,-3.97822028089611024e1,-4.43268010000000032e1,4.54459819103890084e0,1.02524840243691406e-1,false,false,false,false,,,5,14046,1095588,14046,25745,0.027418765,0.006483865,0.020934900,239,0,true
13,33,fixed-frame,basin-hopping,16235298172165022714,-3.18011273529964527e1,-4.43268010000000032e1,1.25256736470035506e1,2.82575628387971178e-1,false,false,false,false,,,5,20000,1560000,20006,37176,0.064038730,0.013483780,0.050554950,143,0,true
13,33,fixed-frame,basin-hopping,17425550653302497574,-3.18130877642338596e1,-4.43268010000000032e1,1.25137132357661436e1,2.82305804918476788e-1,false,false,false,false,,,5,15048,1173744,15054,28174,0.048030230,0.011567572,0.036462658,288,0,true
13,33,fixed-frame,bite-retry,3482299955060770590,-3.30383128275981335e1,-4.43268010000000032e1,1.12884881724018697e1,2.54665076606856167e-1,false,false,false,false,,,4,20000,1560000,20000,0,0.034560660,0.009085227,0.025475433,45976,0,true
13,33,fixed-frame,bite-retry,5694209903365972707,-2.90489482424420054e1,-4.43268010000000032e1,1.52778527575579979e1,3.44664004911114541e-1,false,false,false,false,,,4,20000,1560000,20000,0,0.024545991,0.007724222,0.016821769,47005,0,true
13,33,fixed-frame,bite-retry,6054845415890715159,-3.52279315962649449e1,-4.43268010000000032e1,9.09886940373505837e0,2.05267901099721983e-1,false,false,false,false,,,4,20000,1560000,20000,0,0.023815283,0.007638714,0.016176569,48646,0,true
13,33,fixed-frame,bite-retry,8048971573819030837,-3.22027188706343068e1,-4.43268010000000032e1,1.21240821293656964e1,2.73515838180285020e-1,false,false,false,false,,,4,20000,1560000,20000,0,0.025266540,0.007923245,0.017343295,47776,0,true
13,33,fixed-frame,bite-retry,10065547755147478085,-3.19196848734412733e1,-4.43268010000000032e1,1.24071161265587300e1,2.79901004508733398e-1,false,false,false,false,,,4,20000,1560000,20000,0,0.024846185,0.007838156,0.017008029,48378,0,true
13,33,fixed-frame,bite-retry,10307988297944474805,-3.32569786267169363e1,-4.43268010000000032e1,1.10698223732830670e1,2.49732038485769942e-1,false,false,false,false,,,4,20000,1560000,20000,0,0.043841500,0.011780491,0.032061009,45512,0,true
13,33,fixed-frame,bite-retry,10509203992769182689,-3.35032204169596994e1,-4.43268010000000032e1,1.08235805830403038e1,2.44176893862480704e-1,false,false,false,false,,,4,20000,1560000,20000,0,0.036008667,0.011679966,0.024328701,47549,0,true
13,33,fixed-frame,bite-retry,14076511471388420532,-3.48535237390370511e1,-4.43268010000000032e1,9.47327726096295208e0,2.13714435674321523e-1,false,false,false,false,,,4,20000,1560000,20000,0,0.026415243,0.008331438,0.018083805,48627,0,true
13,33,fixed-frame,bite-retry,16235298172165022714,-3.32145810644612283e1,-4.43268010000000032e1,1.11122199355387750e1,2.50688515409419554e-1,false,false,false,false,,,4,20000,1560000,20000,0,0.039515089,0.014300244,0.025214845,45146,0,true
13,33,fixed-frame,bite-retry,17425550653302497574,-3.24844689679104661e1,-4.43268010000000032e1,1.18423320320895371e1,2.67159636268124501e-1,false,false,false,false,,,4,20000,1560000,20000,0,0.039377988,0.012702417,0.026675571,46421,0,true
13,33,fixed-frame,cma-retry,3482299955060770590,-3.53774963294002873e1,-4.43268010000000032e1,8.94930467059971591e0,2.01893763337438109e-1,false,false,false,false,14,357,4,20000,1560000,20088,0,0.050550610,0.008510128,0.042040482,2888,0,true
13,33,fixed-frame,cma-retry,5694209903365972707,-3.32262781089461114e1,-4.43268010000000032e1,1.11005228910538918e1,2.50424633418817932e-1,false,false,false,false,14,357,4,20000,1560000,20088,0,0.043520356,0.007265611,0.036254745,4538,0,true
13,33,fixed-frame,cma-retry,6054845415890715159,-3.52026596492782247e1,-4.43268010000000032e1,9.12414135072177857e0,2.05838029022707453e-1,false,false,false,false,14,357,4,20000,1560000,20088,0,0.043684288,0.007299595,0.036384693,4444,0,true
13,33,fixed-frame,cma-retry,8048971573819030837,-3.12751315910887193e1,-4.43268010000000032e1,1.30516694089112839e1,2.94441942898412246e-1,false,false,false,false,14,357,4,20000,1560000,20088,0,0.048158711,0.007998949,0.040159762,3795,0,true
13,33,fixed-frame,cma-retry,10065547755147478085,-2.76554613064202535e1,-4.43268010000000032e1,1.66713396935797498e1,3.76100673125041196e-1,false,false,false,false,14,357,4,20000,1560000,20088,0,0.050887374,0.008670613,0.042216761,5162,0,true
13,33,fixed-frame,cma-retry,10307988297944474805,-3.22332185318196949e1,-4.43268010000000032e1,1.20935824681803084e1,2.72827774514572075e-1,false,false,false,false,14,357,4,20000,1560000,20088,0,0.054441466,0.008908713,0.045532753,3468,0,true
13,33,fixed-frame,cma-retry,10509203992769182689,-3.27616566854244837e1,-4.43268010000000032e1,1.15651443145755195e1,2.60906360343384991e-1,false,false,false,false,14,357,4,20000,1560000,20088,0,0.072693282,0.011529350,0.061163932,6080,0,true
13,33,fixed-frame,cma-retry,14076511471388420532,-3.46144820682585106e1,-4.43268010000000032e1,9.71231893174149263e0,2.19107147654113182e-1,false,false,false,false,14,357,4,20000,1560000,20088,0,0.049942752,0.008245955,0.041696797,3407,0,true
13,33,fixed-frame,cma-retry,16235298172165022714,-3.73251740175469493e1,-4.43268010000000032e1,7.00162698245305393e0,1.57954709667703141e-1,false,false,false,false,14,357,4,20000,1560000,20088,0,0.079645846,0.013120051,0.066525795,2993,0,true
13,33,fixed-frame,cma-retry,17425550653302497574,-3.03899431876678321e1,-4.43268010000000032e1,1.39368578123321711e1,3.14411541052379784e-1,false,false,false,false,14,357,4,20000,1560000,20088,0,0.079297582,0.012501116,0.066796466,5029,0,true
13,33,fixed-frame,crfmnes-retry,3482299955060770590,-4.07079344784629882e1,-4.43268010000000032e1,3.61886652153701505e0,8.16405975594091393e-2,false,false,false,true,16,312,4,20000,1560000,20032,0,0.031479854,0.008223427,0.023256427,217,0,true
13,33,fixed-frame,crfmnes-retry,5694209903365972707,-3.85567457441838570e1,-4.43268010000000032e1,5.77005525581614620e0,1.30170802441081757e-1,false,false,false,false,16,312,4,20000,1560000,20032,0,0.029471229,0.007675392,0.021795837,272,0,true
13,33,fixed-frame,crfmnes-retry,6054845415890715159,-4.03287180983310023e1,-4.43268010000000032e1,3.99808290166900093e0,9.01956110405756767e-2,false,false,false,true,16,312,4,20000,1560000,20032,0,0.028977353,0.007558878,0.021418475,283,0,true
13,33,fixed-frame,crfmnes-retry,8048971573819030837,-3.96828538918984108e1,-4.43268010000000032e1,4.64394710810159239e0,1.04766123503963027e-1,false,false,false,false,16,312,4,20000,1560000,20032,0,0.030552593,0.007971493,0.022581100,259,0,true
13,33,fixed-frame,crfmnes-retry,10065547755147478085,-3.94712077137551773e1,-4.43268010000000032e1,4.85559328624482589e0,1.09540800976024089e-1,false,false,false,false,16,312,4,20000,1560000,20032,0,0.035839005,0.009544199,0.026294806,199,0,true
13,33,fixed-frame,crfmnes-retry,10307988297944474805,-3.98463177538696129e1,-4.43268010000000032e1,4.48048324613039028e0,1.01078425355585436e-1,false,false,false,false,16,312,4,20000,1560000,20032,0,0.039229776,0.009716510,0.029513266,171,0,true
13,33,fixed-frame,crfmnes-retry,10509203992769182689,-3.92872917464628557e1,-4.43268010000000032e1,5.03950925353714752e0,1.13689892792785727e-1,false,false,false,false,16,312,4,20000,1560000,20032,0,0.030101228,0.007885120,0.022216108,319,0,true
13,33,fixed-frame,crfmnes-retry,14076511471388420532,-4.04499886787201248e1,-4.43268010000000032e1,3.87681232127987840e0,8.74597813020587256e-2,false,false,false,true,16,312,4,20000,1560000,20032,0,0.031479024,0.008299575,0.023179449,290,0,true
13,33,fixed-frame,crfmnes-retry,16235298172165022714,-3.98635287933541562e1,-4.43268010000000032e1,4.46327220664584701e0,1.00690149208959315e-1,false,false,false,false,16,312,4,20000,1560000,20032,0,0.048495176,0.012206684,0.036288492,386,0,true
13,33,fixed-frame,crfmnes-retry,17425550653302497574,-3.98594361495200786e1,-4.43268010000000032e1,4.46736485047992460e0,1.00782478087690655e-1,false,false,false,false,16,312,4,20000,1560000,20032,0,0.049155653,0.014204381,0.034951272,538,0,true
13,33,fixed-frame,de-retry,3482299955060770590,-3.85943139861227706e1,-4.43268010000000032e1,5.73248701387723258e0,1.29323273607703654e-1,false,false,false,false,495,10,4,20000,1560000,20127,0,20.235331599,0.011486630,20.223844969,306,0,true
13,33,fixed-frame,de-retry,5694209903365972707,-3.76586870888441609e1,-4.43268010000000032e1,6.66811391115584229e0,1.50430749811064468e-1,false,false,false,false,495,10,4,20000,1560000,20097,0,25.457043334,0.022456964,25.434586370,403,0,true
13,33,fixed-frame,de-retry,6054845415890715159,-3.81139698906323190e1,-4.43268010000000032e1,6.21283110936768423e0,1.40159699531840432e-1,false,false,false,false,495,10,4,20000,1560000,20109,0,24.949256122,0.012121190,24.937134932,733,0,true
13,33,fixed-frame,de-retry,8048971573819030837,-3.77985357210854289e1,-4.43268010000000032e1,6.52826527891457431e0,1.47275804516427300e-1,false,false,false,false,495,10,4,20000,1560000,20090,0,22.934282953,0.019632270,22.914650683,213,0,true
13,33,fixed-frame,de-retry,10065547755147478085,-3.79578467970685978e1,-4.43268010000000032e1,6.36895420293140546e0,1.43681792036637279e-1,false,false,false,false,495,10,4,20000,1560000,20082,0,21.939803995,0.011994790,21.927809205,681,0,true
13,33,fixed-frame,de-retry,10307988297944474805,-3.77865826659094139e1,-4.43268010000000032e1,6.54021833409058928e0,1.47545462035272718e-1,false,false,false,false,495,10,4,20000,1560000,20112,0,20.475145277,0.021400984,20.453744293,426,0,true
13,33,fixed-frame,de-retry,10509203992769182689,-3.74482435391220463e1,-4.43268010000000032e1,6.87855746087795694e0,1.55178296328624232e-1,false,false,false,false,495,10,4,20000,1560000,20108,0,20.315802586,0.024113778,20.291688808,387,0,true
13,33,fixed-frame,de-retry,14076511471388420532,-3.74914247223983708e1,-4.43268010000000032e1,6.83537627760163247e0,1.54204141138035933e-1,false,false,false,false,495,10,4,20000,1560000,20086,0,22.029647382,0.011770688,22.017876694,238,0,true
13,33,fixed-frame,de-retry,16235298172165022714,-3.67776676209811058e1,-4.43268010000000032e1,7.54913337901889747e0,1.70306297966751480e-1,false,false,false,false,495,10,4,20000,1560000,20114,0,16.895617713,0.012555514,16.883062199,453,0,true
13,33,fixed-frame,de-retry,17425550653302497574,-3.61852461874755633e1,-4.43268010000000032e1,8.14155481252443991e0,1.83671156700986382e-1,false,false,false,false,495,10,4,20000,1560000,20082,0,17.198614460,0.010789810,17.187824650,362,0,true
13,33,fixed-frame,lbfgs-multistart,3482299955060770590,-4.07104068182928529e1,-4.43268010000000032e1,3.61639418170715032e0,8.15848222773204457e-2,false,false,false,true,,,4,6752,526656,6752,12397,0.020659345,0.005017203,0.015642142,123,0,true
13,33,fixed-frame,lbfgs-multistart,5694209903365972707,-4.14719798478107862e1,-4.43268010000000032e1,2.85482115218921706e0,6.44039517354121072e-2,false,false,false,true,,,4,9397,732966,9397,17855,0.018677022,0.004215197,0.014461825,103,0,true
13,33,fixed-frame,lbfgs-multistart,6054845415890715159,-3.88281349751831826e1,-4.43268010000000032e1,5.49866602481682065e0,1.24048338719882356e-1,false,false,false,false,,,4,14875,1160250,14885,28322,0.027503146,0.006220672,0.021282474,141,0,true
13,33,fixed-frame,lbfgs-multistart,8048971573819030837,-4.43268014195340427e1,-4.43268010000000032e1,-4.19534039508562273e-7,0.00000000000000000e0,true,true,true,true,,,4,7588,591864,7592,14112,0.017311115,0.004050755,0.013260360,89,0,true
13,33,fixed-frame,lbfgs-multistart,10065547755147478085,-3.86983627434023134e1,-4.43268010000000032e1,5.62843825659768981e0,1.26975963291320965e-1,false,false,false,false,,,4,9012,702936,9012,17269,0.018353017,0.004099033,0.014253984,108,0,true
13,33,fixed-frame,lbfgs-multistart,10307988297944474805,-3.97007827940061304e1,-4.43268010000000032e1,4.62601820599387281e0,1.04361652581107134e-1,false,false,false,false,,,4,11301,881478,11301,21579,0.036494333,0.007333442,0.029160891,83,0,true
13,33,fixed-frame,lbfgs-multistart,10509203992769182689,-3.97249035958869996e1,-4.43268010000000032e1,4.60189740411300363e0,1.03817494163700272e-1,false,false,false,false,,,4,4631,361218,4631,8616,0.014715475,0.003485297,0.011230178,107,0,true
13,33,fixed-frame,lbfgs-multistart,14076511471388420532,-3.94307159616695557e1,-4.43268010000000032e1,4.89608503833044750e0,1.10454283365281583e-1,false,false,false,false,,,4,20000,1560000,20003,37725,0.040782634,0.009023153,0.031759481,117,0,true
13,33,fixed-frame,lbfgs-multistart,16235298172165022714,-3.90291511434406004e1,-4.43268010000000032e1,5.29764985655940279e0,1.19513471241910793e-1,false,false,false,false,,,4,12862,1003236,12862,24594,0.042394323,0.008629992,0.033764331,111,0,true
13,33,fixed-frame,lbfgs-multistart,17425550653302497574,-3.73944218386204739e1,-4.43268010000000032e1,6.93237916137952936e0,1.56392498555885606e-1,false,false,false,false,,,4,17222,1343316,17222,32696,0.056098956,0.013491942,0.042607014,116,0,true
13,33,fixed-frame,random,3482299955060770590,-2.08404020680994613e1,-4.43268010000000032e1,2.34863989319005420e1,5.29846467646075792e-1,false,false,false,false,,,,20000,1560000,20000,0,0.074786779,0.028122076,0.046664703,0,0,true
13,33,fixed-frame,random,5694209903365972707,-1.93666419289910898e1,-4.43268010000000032e1,2.49601590710089134e1,5.63094076448442782e-1,false,false,false,false,,,,20000,1560000,20000,0,0.031815179,0.010862254,0.020952925,0,0,true
13,33,fixed-frame,random,6054845415890715159,-1.92278039031144807e1,-4.43268010000000032e1,2.50989970968855225e1,5.66226222751457287e-1,false,false,false,false,,,,20000,1560000,20000,0,0.026174002,0.009100367,0.017073635,0,0,true
13,33,fixed-frame,random,8048971573819030837,-2.13281686399185944e1,-4.43268010000000032e1,2.29986323600814089e1,5.18842592770938027e-1,false,false,false,false,,,,20000,1560000,20000,0,0.037805280,0.014049218,0.023756062,0,0,true
13,33,fixed-frame,random,10065547755147478085,-1.96565036415285412e1,-4.43268010000000032e1,2.46702973584714620e1,5.56554878807326125e-1,false,false,false,false,,,,20000,1560000,20000,0,0.062359242,0.020149357,0.042209885,0,0,true
13,33,fixed-frame,random,10307988297944474805,-1.85778216215331753e1,-4.43268010000000032e1,2.57489793784668279e1,5.80889637816787818e-1,false,false,false,false,,,,20000,1560000,20000,0,0.062565984,0.030996543,0.031569441,0,0,true
13,33,fixed-frame,random,10509203992769182689,-2.11080637267945299e1,-4.43268010000000032e1,2.32187372732054733e1,5.23808096893919162e-1,false,false,false,false,,,,20000,1560000,20000,0,0.066461561,0.023714717,0.042746844,0,0,true
13,33,fixed-frame,random,14076511471388420532,-2.09235270870571455e1,-4.43268010000000032e1,2.34032739129428577e1,5.27971190904185872e-1,false,false,false,false,,,,20000,1560000,20000,0,0.031843569,0.011649213,0.020194356,0,0,true
13,33,fixed-frame,random,16235298172165022714,-2.07091037633977599e1,-4.43268010000000032e1,2.36176972366022433e1,5.32808519987766349e-1,false,false,false,false,,,,20000,1560000,20000,0,0.028839703,0.009562289,0.019277414,0,0,true
13,33,fixed-frame,random,17425550653302497574,-1.90419927669065387e1,-4.43268010000000032e1,2.52848082330934645e1,5.70418069038942432e-1,false,false,false,false,,,,20000,1560000,20000,0,0.024969978,0.007004396,0.017965582,0,0,true
13,39,free,basin-hopping,4570751413759120945,-2.61712244674161028e1,-4.43268010000000032e1,1.81555765325839005e1,4.09584633291806888e-1,false,false,false,false,,,5,12443,970554,12445,22935,0.030715114,0.006048983,0.024666131,1294,0,true
13,39,free,basin-hopping,7034108689089008211,-3.46700550097117670e1,-4.43268010000000032e1,9.65674599028823621e0,2.17853437929983601e-1,false,false,false,false,,,5,12512,975936,12513,23504,0.026839288,0.005331256,0.021508032,1453,0,true
13,39,free,basin-hopping,7271924302297329655,-3.02069029372575422e1,-4.43268010000000032e1,1.41198980627424611e1,3.18540876945811180e-1,false,false,false,false,,,5,17930,1398540,17934,34346,0.039972634,0.007815906,0.032156728,214,0,true
13,39,free,basin-hopping,8072969983913079348,-2.95483423002098071e1,-4.43268010000000032e1,1.47784586997901961e1,3.33397817266131935e-1,false,false,false,false,,,5,12590,982020,12591,23418,0.029931195,0.005843535,0.024087660,3152,0,true
13,39,free,basin-hopping,11652751910907147801,-3.26704945232539572e1,-4.43268010000000032e1,1.16563064767460460e1,2.62962952746038370e-1,false,false,false,false,,,5,12449,971022,12451,23130,0.025427412,0.005104473,0.020322939,813,0,true
13,39,free,basin-hopping,12023397145805715216,-3.05593262115022739e1,-4.43268010000000032e1,1.37674747884977293e1,3.10590308298984374e-1,false,false,false,false,,,5,20000,1560000,20003,37797,0.045620301,0.008968913,0.036651388,307,0,true
13,39,free,basin-hopping,14118027044237162458,-3.65679591343162400e1,-4.43268010000000032e1,7.75884186568376322e0,1.75037261671189909e-1,false,false,false,false,,,5,16838,1313364,16838,31336,0.034312427,0.006719614,0.027592813,259,0,true
13,39,free,basin-hopping,14216130040228855828,-3.88936606171877486e1,-4.43268010000000032e1,5.43314038281225464e0,1.22570098907255995e-1,false,false,false,false,,,5,8597,670566,8599,15748,0.016823340,0.003550850,0.013272490,187,0,true
13,39,free,basin-hopping,15411881175776054229,-3.78608676017053796e1,-4.43268010000000032e1,6.46593339829462366e0,1.45869615050601614e-1,false,false,false,false,,,5,8203,639834,8212,14940,0.021094730,0.004161989,0.016932741,7953,0,true
13,39,free,basin-hopping,17230659570361518906,-3.96368701289964065e1,-4.43268010000000032e1,4.68993087100359674e0,1.05803504092334480e-1,false,false,false,false,,,5,14450,1127100,14463,27153,0.035628113,0.006846979,0.028781134,239,0,true
13,39,free,bite-retry,4570751413759120945,-3.15619765251822706e1,-4.43268010000000032e1,1.27648244748177326e1,2.87970802919383484e-1,false,false,false,false,,,4,20000,1560000,20000,0,0.037498985,0.012422916,0.025076069,58957,0,true
13,39,free,bite-retry,7034108689089008211,-3.07708405186296758e1,-4.43268010000000032e1,1.35559604813703274e1,3.05818605799464904e-1,false,false,false,false,,,4,20000,1560000,20000,0,0.027551537,0.008089512,0.019462025,61160,0,true
13,39,free,bite-retry,7271924302297329655,-3.47655887645799595e1,-4.43268010000000032e1,9.56121223542004373e0,2.15698223641720560e-1,false,false,false,false,,,4,20000,1560000,20000,0,0.027906251,0.008122216,0.019784035,62906,0,true
13,39,free,bite-retry,8072969983913079348,-3.27701041622464615e1,-4.43268010000000032e1,1.15566968377535417e1,2.60715787673320709e-1,false,false,false,false,,,4,20000,1560000,20000,0,0.029639702,0.008625332,0.021014370,59690,0,true
13,39,free,bite-retry,11652751910907147801,-2.82428419069174055e1,-4.43268010000000032e1,1.60839590930825977e1,3.62849534147131336e-1,false,false,false,false,,,4,20000,1560000,20000,0,0.025408271,0.007376668,0.018031603,59492,0,true
13,39,free,bite-retry,12023397145805715216,-3.38849398006416109e1,-4.43268010000000032e1,1.04418611993583923e1,2.35565413334438256e-1,false,false,false,false,,,4,20000,1560000,20000,0,0.033879722,0.010421171,0.023458551,62302,0,true
13,39,free,bite-retry,14118027044237162458,-2.78556002584432818e1,-4.43268010000000032e1,1.64712007415567214e1,3.71585595395361845e-1,false,false,false,false,,,4,20000,1560000,20000,0,0.025764425,0.007460852,0.018303573,66753,0,true
13,39,free,bite-retry,14216130040228855828,-3.43154626754515633e1,-4.43268010000000032e1,1.00113383245484400e1,2.25852939952703530e-1,false,false,false,false,,,4,20000,1560000,20000,0,0.026234371,0.007832989,0.018401382,59943,0,true
13,39,free,bite-retry,15411881175776054229,-3.45726468872535406e1,-4.43268010000000032e1,9.75415411274646260e0,2.20050937416992082e-1,false,false,false,false,,,4,20000,1560000,20000,0,0.028657330,0.008261288,0.020396042,62880,0,true
13,39,free,bite-retry,17230659570361518906,-3.33596176316706163e1,-4.43268010000000032e1,1.09671833683293869e1,2.47416531780161320e-1,false,false,false,false,,,4,20000,1560000,20000,0,0.027943952,0.008115873,0.019828079,54638,0,true
13,39,free,cma-retry,4570751413759120945,-3.56241296501934812e1,-4.43268010000000032e1,8.70267134980652202e0,1.96329785896494580e-1,false,false,false,false,14,357,4,20000,1560000,20088,0,0.097774120,0.011568571,0.086205549,6215,0,true
13,39,free,cma-retry,7034108689089008211,-2.83213276913278946e1,-4.43268010000000032e1,1.60054733086721086e1,3.61078917214714135e-1,false,false,false,false,14,357,4,20000,1560000,20088,0,0.063276101,0.007833643,0.055442458,4775,0,true
13,39,free,cma-retry,7271924302297329655,-3.32033079770606747e1,-4.43268010000000032e1,1.11234930229393285e1,2.50942833049001834e-1,false,false,false,false,14,357,4,20000,1560000,20088,0,0.061699522,0.007619022,0.054080500,5294,0,true
13,39,free,cma-retry,8072969983913079348,-3.04829912840194019e1,-4.43268010000000032e1,1.38438097159806013e1,3.12312402511983667e-1,false,false,false,false,14,357,4,20000,1560000,20088,0,0.064404684,0.007889207,0.056515477,4322,0,true
13,39,free,cma-retry,11652751910907147801,-2.62233674539095460e1,-4.43268010000000032e1,1.81034335460904572e1,4.08408302374233034e-1,false,false,false,false,14,357,4,20000,1560000,20088,0,0.064401574,0.007632391,0.056769183,5440,0,true
13,39,free,cma-retry,12023397145805715216,-3.72804677356444003e1,-4.43268010000000032e1,7.04633326435560292e0,1.58963270648734667e-1,false,false,false,false,14,357,4,20000,1560000,20088,0,0.098243016,0.011298663,0.086944353,3621,0,true
13,39,free,cma-retry,14118027044237162458,-3.47120689675868164e1,-4.43268010000000032e1,9.61473203241318686e0,2.16905615011856734e-1,false,false,false,false,14,357,4,20000,1560000,20088,0,0.057240249,0.007061040,0.050179209,6776,0,true
13,39,free,cma-retry,14216130040228855828,-2.73917902025734215e1,-4.43268010000000032e1,1.69350107974265818e1,3.82049018096897619e-1,false,false,false,false,14,357,4,20000,1560000,20088,0,0.059323823,0.007820596,0.051503227,5011,0,true
13,39,free,cma-retry,15411881175776054229,-2.59312204339057715e1,-4.43268010000000032e1,1.83955805660942318e1,4.14999055900610370e-1,false,false,false,false,14,357,4,20000,1560000,20088,0,0.098274596,0.011606034,0.086668562,6324,0,true
13,39,free,cma-retry,17230659570361518906,-2.89783288478546019e1,-4.43268010000000032e1,1.53484721521454013e1,3.46257158330586512e-1,false,false,false,false,14,357,4,20000,1560000,20088,0,0.059598516,0.007383737,0.052214779,4323,0,true
13,39,free,crfmnes-retry,4570751413759120945,-4.11558770148272828e1,-4.43268010000000032e1,3.17092398517272045e0,7.15351415765987791e-2,false,false,false,true,16,312,4,20000,1560000,20032,0,0.049072992,0.012542824,0.036530168,507,0,true
13,39,free,crfmnes-retry,7034108689089008211,-4.06737036804792851e1,-4.43268010000000032e1,3.65309731952071814e0,8.24128346081351021e-2,false,false,false,true,16,312,4,20000,1560000,20032,0,0.037764488,0.009055703,0.028708785,479,0,true
13,39,free,crfmnes-retry,7271924302297329655,-3.99990504416906205e1,-4.43268010000000032e1,4.32775055830938271e0,9.76328194382757864e-2,false,false,false,true,16,312,4,20000,1560000,20032,0,0.032635257,0.007971952,0.024663305,458,0,true
13,39,free,crfmnes-retry,8072969983913079348,-4.06701700366537509e1,-4.43268010000000032e1,3.65663096334625237e0,8.24925526059561987e-2,false,false,false,true,16,312,4,20000,1560000,20032,0,0.041965937,0.010526625,0.031439312,324,0,true
13,39,free,crfmnes-retry,11652751910907147801,-3.93706334533081872e1,-4.43268010000000032e1,4.95616754669181603e0,1.11809727633893893e-1,false,false,false,false,16,312,4,20000,1560000,20032,0,0.029894594,0.007376268,0.022518326,429,0,true
13,39,free,crfmnes-retry,12023397145805715216,-4.14717934255826606e1,-4.43268010000000032e1,2.85500757441734265e0,6.44081573677591224e-2,false,false,false,true,16,312,4,20000,1560000,20032,0,0.050251036,0.011777930,0.038473106,388,0,true
13,39,free,crfmnes-retry,14118027044237162458,-3.94584588743953759e1,-4.43268010000000032e1,4.86834212560462731e0,1.09828411159303529e-1,false,false,false,false,16,312,4,20000,1560000,20032,0,0.029592631,0.007230547,0.022362084,463,0,true
13,39,free,crfmnes-retry,14216130040228855828,-3.91125934101910460e1,-4.43268010000000032e1,5.21420758980895727e0,1.17631037480213307e-1,false,false,false,false,16,312,4,20000,1560000,20032,0,0.030954347,0.007588686,0.023365661,392,0,true
13,39,free,crfmnes-retry,15411881175776054229,-3.96873675741610441e1,-4.43268010000000032e1,4.63943342583895912e0,1.04664296118254938e-1,false,false,false,false,16,312,4,20000,1560000,20032,0,0.043898441,0.010535753,0.033362688,396,0,true
13,39,free,crfmnes-retry,17230659570361518906,-4.14445728547089729e1,-4.43268010000000032e1,2.88222814529103033e0,6.50222456903901125e-2,false,false,false,true,16,312,4,20000,1560000,20032,0,0.031675906,0.007818960,0.023856946,402,0,true
13,39,free,de-retry,4570751413759120945,-3.97809947985239134e1,-4.43268010000000032e1,4.54580620147608983e0,1.02552092614941678e-1,false,false,false,false,585,8,4,20000,1560000,20078,0,21.729541581,0.009226259,21.720315322,461,0,true
13,39,free,de-retry,7034108689089008211,-3.66701049250715769e1,-4.43268010000000032e1,7.65669607492842630e0,1.72732881737358540e-1,false,false,false,false,585,8,4,20000,1560000,20133,0,23.764668331,0.017930307,23.746738024,441,0,true
13,39,free,de-retry,7271924302297329655,-3.75581210914553765e1,-4.43268010000000032e1,6.76867990854462676e0,1.52699490056695641e-1,false,false,false,false,585,8,4,20000,1560000,20061,0,22.913205022,0.012247149,22.900957873,1280,0,true
13,39,free,de-retry,8072969983913079348,-3.67631682051333470e1,-4.43268010000000032e1,7.56363279486665618e0,1.70633400656786755e-1,false,false,false,false,585,8,4,20000,1560000,20079,0,20.614089626,0.013709300,20.600380326,582,0,true
13,39,free,de-retry,11652751910907147801,-3.94329486990020683e1,-4.43268010000000032e1,4.89385230099793489e0,1.10403913447260374e-1,false,false,false,false,585,8,4,20000,1560000,20096,0,25.055085356,0.012174453,25.042910903,352,0,true
13,39,free,de-retry,12023397145805715216,-3.57756995824591115e1,-4.43268010000000032e1,8.55110141754089170e0,1.92910411413196536e-1,false,false,false,false,585,8,4,20000,1560000,20087,0,20.863846899,0.013819633,20.850027266,577,0,true
13,39,free,de-retry,14118027044237162458,-3.65205486127405052e1,-4.43268010000000032e1,7.80625238725949799e0,1.76106829528697495e-1,false,false,false,false,585,8,4,20000,1560000,20049,0,25.055953777,0.009470737,25.046483040,230,0,true
13,39,free,de-retry,14216130040228855828,-3.91671209654311241e1,-4.43268010000000032e1,5.15968003456887914e0,1.16400911371178778e-1,false,false,false,false,585,8,4,20000,1560000,20078,0,25.114296300,0.012649597,25.101646703,612,0,true
13,39,free,de-retry,15411881175776054229,-3.88871993229483834e1,-4.43268010000000032e1,5.43960167705161979e0,1.22715863864203051e-1,false,false,false,false,585,8,4,20000,1560000,20123,0,20.322207272,0.014806517,20.307400755,627,0,true
13,39,free,de-retry,17230659570361518906,-3.62302205756299074e1,-4.43268010000000032e1,8.09658042437009584e0,1.82656547319309026e-1,false,false,false,false,585,8,4,20000,1560000,20095,0,23.417648978,0.009457112,23.408191866,1226,0,true
13,39,free,lbfgs-multistart,4570751413759120945,-3.81631298003071038e1,-4.43268010000000032e1,6.16367119969289945e0,1.39050665977292126e-1,false,false,false,false,,,4,12540,978120,12553,23789,0.041446802,0.008089972,0.033356830,142,0,true
13,39,free,lbfgs-multistart,7034108689089008211,-2.85044512929521900e1,-4.43268010000000032e1,1.58223497070478132e1,3.56947700941645019e-1,false,false,false,false,,,4,19988,1559064,19988,38003,0.046457861,0.009042555,0.037415306,216,0,true
13,39,free,lbfgs-multistart,7271924302297329655,-4.43268014195340214e1,-4.43268010000000032e1,-4.19534018192280200e-7,0.00000000000000000e0,true,true,true,true,,,4,9298,725244,9302,17450,0.030472422,0.005593610,0.024878812,332,0,true
13,39,free,lbfgs-multistart,8072969983913079348,-3.87620418972070055e1,-4.43268010000000032e1,5.56475910279299768e0,1.25539379726342021e-1,false,false,false,false,,,4,11998,935844,11998,22755,0.042301022,0.007592180,0.034708842,164,0,true
13,39,free,lbfgs-multistart,11652751910907147801,-3.18449833792801265e1,-4.43268010000000032e1,1.24818176207198768e1,2.81586248931428085e-1,false,false,false,false,,,4,17067,1331226,17079,32221,0.035728534,0.007056090,0.028672444,219,0,true
13,39,free,lbfgs-multistart,12023397145805715216,-3.48499506738087277e1,-4.43268010000000032e1,9.47685032619127554e0,2.13795043007756758e-1,false,false,false,false,,,4,18276,1425528,18276,34932,0.041804626,0.008207366,0.033597260,148,0,true
13,39,free,lbfgs-multistart,14118027044237162458,-4.07585134840368468e1,-4.43268010000000032e1,3.56828751596315641e0,8.04995496057375332e-2,false,false,false,true,,,4,11842,923676,11842,22146,0.027812180,0.005489651,0.022322529,191,0,true
13,39,free,lbfgs-multistart,14216130040228855828,-3.96368701289964278e1,-4.43268010000000032e1,4.68993087100357542e0,1.05803504092334008e-1,false,false,false,false,,,4,9878,770484,9881,18590,0.022665119,0.004457774,0.018207345,186,0,true
13,39,free,lbfgs-multistart,15411881175776054229,-3.48714532788133127e1,-4.43268010000000032e1,9.45534772118669053e0,2.13309950365845019e-1,false,false,false,false,,,4,20000,1560000,20003,38187,0.048611947,0.009484636,0.039127311,207,0,true
13,39,free,lbfgs-multistart,17230659570361518906,-3.97171474179169621e1,-4.43268010000000032e1,4.60965358208304110e0,1.03992471328644739e-1,false,false,false,false,,,4,5060,394680,5065,9480,0.014609533,0.002789751,0.011819782,162,0,true
13,39,free,random,4570751413759120945,-2.03191144134938355e1,-4.43268010000000032e1,2.40076865865061677e1,5.41606568597318039e-1,false,false,false,false,,,,20000,1560000,20000,0,0.028309807,0.011246965,0.017062842,0,0,true
13,39,free,random,7034108689089008211,-1.95246735532224065e1,-4.43268010000000032e1,2.48021274467775967e1,5.59528928035605277e-1,false,false,false,false,,,,20000,1560000,20000,0,0.055224317,0.023127183,0.032097134,0,0,true
13,39,free,random,7271924302297329655,-2.08504559278051929e1,-4.43268010000000032e1,2.34763450721948104e1,5.29619655435879744e-1,false,false,false,false,,,,20000,1560000,20000,0,0.055221837,0.023122559,0.032099278,0,0,true
13,39,free,random,8072969983913079348,-1.99117820235105327e1,-4.43268010000000032e1,2.44150189764894705e1,5.50795871249302849e-1,false,false,false,false,,,,20000,1560000,20000,0,0.028504720,0.011395465,0.017109255,0,0,true
13,39,free,random,11652751910907147801,-1.92555733880675248e1,-4.43268010000000032e1,2.50712276119324784e1,5.65599751083604607e-1,false,false,false,false,,,,20000,1560000,20000,0,0.055468640,0.019569273,0.035899367,0,0,true
13,39,free,random,12023397145805715216,-1.94660805593371080e1,-4.43268010000000032e1,2.48607204406628952e1,5.60850769282062456e-1,false,false,false,false,,,,20000,1560000,20000,0,0.059459398,0.021555021,0.037904377,0,0,true
13,39,free,random,14118027044237162458,-2.02732249705253658e1,-4.43268010000000032e1,2.40535760294746375e1,5.42641821354864606e-1,false,false,false,false,,,,20000,1560000,20000,0,0.055989936,0.020603931,0.035386005,0,0,true
13,39,free,random,14216130040228855828,-1.98542351072102790e1,-4.43268010000000032e1,2.44725658927897243e1,5.52094113283512655e-1,false,false,false,false,,,,20000,1560000,20000,0,0.027239814,0.010602235,0.016637579,0,0,true
13,39,free,random,15411881175776054229,-1.94007027650390214e1,-4.43268010000000032e1,2.49260982349609819e1,5.62325673692558592e-1,false,false,false,false,,,,20000,1560000,20000,0,0.060045865,0.023039211,0.037006654,0,0,true
13,39,free,random,17230659570361518906,-2.04039458124101181e1,-4.43268010000000032e1,2.39228551875898852e1,5.39692796409781184e-1,false,false,false,false,,,,20000,1560000,20000,0,0.019815815,0.006851957,0.012963858,0,0,true
38,108,fixed-frame,basin-hopping,4369550028377192033,-1.66997036989571910e2,-1.73928426999999999e2,6.93139001042808900e0,3.98519674442182406e-2,false,false,true,true,,,5,18127,12743281,18127,34672,0.117586425,0.051016786,0.066569639,3612,0,true
38,108,fixed-frame,basin-hopping,6412464223153242384,-1.66139802049023416e2,-1.73928426999999999e2,7.78862495097658325e0,4.47806323860824862e-2,false,false,true,true,,,5,17780,12499340,17780,34241,0.113394336,0.049342792,0.064051544,1884,0,true
38,108,fixed-frame,basin-hopping,6591294930753127125,-1.64684587640600142e2,-1.73928426999999999e2,9.24383935939985690e0,5.31473751521932478e-2,false,false,false,true,,,5,17772,12493716,17772,34232,0.111702405,0.048617612,0.063084793,1192,0,true
38,108,fixed-frame,basin-hopping,7778866204680747898,-1.62402650044760662e2,-1.73928426999999999e2,1.15257769552393370e1,6.62673557971023147e-2,false,false,false,true,,,5,17766,12489498,17766,34179,0.171214864,0.071082864,0.100132000,2120,0,true
38,108,fixed-frame,basin-hopping,9551546021544654052,-1.68767467578207828e2,-1.73928426999999999e2,5.16095942179217104e0,2.96728919522291253e-2,false,false,true,true,,,5,17851,12549253,17864,34389,0.111403922,0.049217763,0.062186159,1224,0,true
38,108,fixed-frame,basin-hopping,11388942113657625856,-1.29345220924879982e2,-1.73928426999999999e2,4.45832060751200174e1,2.56330761130381612e-1,false,false,false,false,,,5,20000,14060000,20003,38465,0.119790521,0.052012635,0.067777886,3991,0,true
38,108,fixed-frame,basin-hopping,11398140638034715456,-1.69305539112053083e2,-1.73928426999999999e2,4.62288788794691641e0,2.65792542811125188e-2,false,false,true,true,,,5,18144,12755232,18152,34645,0.172391518,0.072374584,0.100016934,1375,0,true
38,108,fixed-frame,basin-hopping,11494354147713574914,-1.64675074705203514e2,-1.73928426999999999e2,9.25335229479648547e0,5.32020696927046066e-2,false,false,false,true,,,5,17822,12528866,17822,34281,0.106999840,0.047031003,0.059968837,1448,0,true
38,108,fixed-frame,basin-hopping,12020210742578376580,-1.69530299861375454e2,-1.73928426999999999e2,4.39812713862454530e0,2.52869942796903786e-2,false,false,true,true,,,5,18000,12654000,18001,34462,0.148710346,0.060982299,0.087728047,18671,0,true
38,108,fixed-frame,basin-hopping,15915993166989309444,-1.19595923502475216e2,-1.73928426999999999e2,5.43325034975247831e1,3.12384263082680469e-1,false,false,false,false,,,5,20000,14060000,20003,38481,0.126300349,0.055172197,0.071128152,1103,0,true
38,108,fixed-frame,bite-retry,4369550028377192033,-5.81440589576069442e1,-1.73928426999999999e2,1.15784368042393055e2,6.65701231474904676e-1,false,false,false,false,,,4,20000,14060000,20000,0,0.120475170,0.063284950,0.057190220,408970,0,true
38,108,fixed-frame,bite-retry,6412464223153242384,-6.13833889265404125e1,-1.73928426999999999e2,1.12545038073459580e2,6.47076731588330789e-1,false,false,false,false,,,4,20000,14060000,20000,0,0.108971383,0.057699632,0.051271751,393347,0,true
38,108,fixed-frame,bite-retry,6591294930753127125,-4.76269242312669903e1,-1.73928426999999999e2,1.26301502768733002e2,7.26169407423738700e-1,false,false,false,false,,,4,20000,14060000,20000,0,0.102850810,0.054190758,0.048660052,388603,0,true
38,108,fixed-frame,bite-retry,7778866204680747898,-5.44411144178822184e1,-1.73928426999999999e2,1.19487312582117781e2,6.86991279361813478e-1,false,false,false,false,,,4,20000,14060000,20000,0,0.150327106,0.078642168,0.071684938,393062,0,true
38,108,fixed-frame,bite-retry,9551546021544654052,-6.11752416713320528e1,-1.73928426999999999e2,1.12753185328667939e2,6.48273472447766896e-1,false,false,false,false,,,4,20000,14060000,20000,0,0.097600358,0.052073886,0.045526472,378237,0,true
38,108,fixed-frame,bite-retry,11388942113657625856,-5.19524631847348530e1,-1.73928426999999999e2,1.21975963815265146e2,7.01299758292329933e-1,false,false,false,false,,,4,20000,14060000,20000,0,0.106367742,0.055265588,0.051102154,403955,0,true
38,108,fixed-frame,bite-retry,11398140638034715456,-4.92378130097763460e1,-1.73928426999999999e2,1.24690613990223653e2,7.16907616201368003e-1,false,false,false,false,,,4,20000,14060000,20000,0,0.180572444,0.083724571,0.096847873,398426,0,true
38,108,fixed-frame,bite-retry,11494354147713574914,-6.29576731529201155e1,-1.73928426999999999e2,1.10970753847079891e2,6.38025397924629645e-1,false,false,false,false,,,4,20000,14060000,20000,0,0.099092805,0.051955997,0.047136808,421446,0,true
38,108,fixed-frame,bite-retry,12020210742578376580,-5.23448840609234125e1,-1.73928426999999999e2,1.21583542939076580e2,6.99043537828790806e-1,false,false,false,false,,,4,20000,14060000,20000,0,0.159062249,0.083194063,0.075868186,416106,0,true
38,108,fixed-frame,bite-retry,15915993166989309444,-5.74445492739421084e1,-1.73928426999999999e2,1.16483877726057898e2,6.69723056404447847e-1,false,false,false,false,,,4,20000,14060000,20000,0,0.107930620,0.056553996,0.051376624,390347,0,true
38,108,fixed-frame,cma-retry,4369550028377192033,-2.19110335115771733e1,-1.73928426999999999e2,1.52017393488422840e2,8.74022700661938656e-1,false,false,false,false,18,277,4,20000,14060000,20088,0,0.697428096,0.059361185,0.638066911,28111,0,true
38,108,fixed-frame,cma-retry,6412464223153242384,-2.24350942964238094e1,-1.73928426999999999e2,1.51493332703576186e2,8.71009617672079517e-1,false,false,false,false,18,277,4,20000,14060000,20088,0,0.857635967,0.069823974,0.787811993,31299,0,true
38,108,fixed-frame,cma-retry,6591294930753127125,-2.16675992847292598e1,-1.73928426999999999e2,1.52260827715270750e2,8.75422323662311652e-1,false,false,false,false,18,277,4,20000,14060000,20088,0,0.592165854,0.051314163,0.540851691,32336,0,true
38,108,fixed-frame,cma-retry,7778866204680747898,-2.37641328773675866e1,-1.73928426999999999e2,1.50164294122632413e2,8.63368321744394374e-1,false,false,false,false,18,277,4,20000,14060000,20088,0,1.136833995,0.081259074,1.055574921,32982,0,true
38,108,fixed-frame,cma-retry,9551546021544654052,-4.08729386211828540e1,-1.73928426999999999e2,1.33055488378817131e2,7.65001389789014330e-1,false,false,false,false,18,277,4,20000,14060000,20088,0,0.609208358,0.053152247,0.556056111,25525,0,true
38,108,fixed-frame,cma-retry,11388942113657625856,-3.92712855770774212e1,-1.73928426999999999e2,1.34657141422922564e2,7.74210080235605003e-1,false,false,false,false,18,277,4,20000,14060000,20088,0,0.688718851,0.058374783,0.630344068,26724,0,true
38,108,fixed-frame,cma-retry,11398140638034715456,-4.15510137192725963e1,-1.73928426999999999e2,1.32377413280727410e2,7.61102802825482927e-1,false,false,false,false,18,277,4,20000,14060000,20088,0,1.175610075,0.089704539,1.085905536,25776,0,true
38,108,fixed-frame,cma-retry,11494354147713574914,-2.06523152960302383e1,-1.73928426999999999e2,1.53276111703969775e2,8.81259690251610106e-1,false,false,false,false,18,277,4,20000,14060000,20088,0,0.587587410,0.050669818,0.536917592,29867,0,true
38,108,fixed-frame,cma-retry,12020210742578376580,-5.24860226667101131e1,-1.73928426999999999e2,1.21442404333289886e2,6.98232062624759342e-1,false,false,false,false,18,277,4,20000,14060000,20088,0,1.162232621,0.084049335,1.078183286,21375,0,true
38,108,fixed-frame,cma-retry,15915993166989309444,-2.76157850400891327e1,-1.73928426999999999e2,1.46312641959910877e2,8.41223280653891514e-1,false,false,false,false,18,277,4,20000,14060000,20088,0,0.921821048,0.070433909,0.851387139,25823,0,true
38,108,fixed-frame,crfmnes-retry,4369550028377192033,-1.30585818937380793e2,-1.73928426999999999e2,4.33426080626192061e1,2.49197953492784730e-1,false,false,false,false,16,312,4,20000,14060000,20032,0,0.136261847,0.075326226,0.060935621,5384,0,true
38,108,fixed-frame,crfmnes-retry,6412464223153242384,-1.15291189943952958e2,-1.73928426999999999e2,5.86372370560470415e1,3.37134291774208006e-1,false,false,false,false,16,312,4,20000,14060000,20032,0,0.126925536,0.069980247,0.056945289,5976,0,true
38,108,fixed-frame,crfmnes-retry,6591294930753127125,-1.38330434563245518e2,-1.73928426999999999e2,3.55979924367544811e1,2.04670352344154066e-1,false,false,false,false,16,312,4,20000,14060000,20032,0,0.095702355,0.054093486,0.041608869,5237,0,true
38,108,fixed-frame,crfmnes-retry,7778866204680747898,-1.28300441443901065e2,-1.73928426999999999e2,4.56279855560989347e1,2.62337711799687179e-1,false,false,false,false,16,312,4,20000,14060000,20032,0,0.159329122,0.092736951,0.066592171,4984,0,true
38,108,fixed-frame,crfmnes-retry,9551546021544654052,-1.23993700421867615e2,-1.73928426999999999e2,4.99347265781323841e1,2.87099282385463006e-1,false,false,false,false,16,312,4,20000,14060000,20032,0,0.089679484,0.051339570,0.038339914,5107,0,true
38,108,fixed-frame,crfmnes-retry,11388942113657625856,-1.17467920390643030e2,-1.73928426999999999e2,5.64605066093569690e1,3.24619198731423975e-1,false,false,false,false,16,312,4,20000,14060000,20032,0,0.126320449,0.069225623,0.057094826,4849,0,true
38,108,fixed-frame,crfmnes-retry,11398140638034715456,-1.14660655280029815e2,-1.73928426999999999e2,5.92677717199701846e1,3.40759545419048626e-1,false,false,false,false,16,312,4,20000,14060000,20032,0,0.145592300,0.079853618,0.065738682,5071,0,true
38,108,fixed-frame,crfmnes-retry,11494354147713574914,-1.30787411820387860e2,-1.73928426999999999e2,4.31410151796121397e1,2.48038896940131232e-1,false,false,false,false,16,312,4,20000,14060000,20032,0,0.089418081,0.051532383,0.037885698,4626,0,true
38,108,fixed-frame,crfmnes-retry,12020210742578376580,-1.24560874169766009e2,-1.73928426999999999e2,4.93675528302339899e1,2.83838321784132430e-1,false,false,false,false,16,312,4,20000,14060000,20032,0,0.174923997,0.096070126,0.078853871,5668,0,true
38,108,fixed-frame,crfmnes-retry,15915993166989309444,-1.16353118060871296e2,-1.73928426999999999e2,5.75753089391287034e1,3.31028745169578864e-1,false,false,false,false,16,312,4,20000,14060000,20032,0,0.134962191,0.074297806,0.060664385,4368,0,true
38,108,fixed-frame,de-retry,4369550028377192033,-1.12368880783655300e2,-1.73928426999999999e2,6.15595462163446996e1,3.53936083239255073e-1,false,false,false,false,1620,3,4,20000,14060000,20128,0,19.655017613,0.081232350,19.573785263,2510,0,true
38,108,fixed-frame,de-retry,6412464223153242384,-1.08263854154064333e2,-1.73928426999999999e2,6.56645728459356661e1,3.77537898654920101e-1,false,false,false,false,1620,3,4,20000,14060000,20103,0,19.533130365,0.082123479,19.451006886,2110,0,true
38,108,fixed-frame,de-retry,6591294930753127125,-1.05893513298872548e2,-1.73928426999999999e2,6.80349137011274507e1,3.91166153081620449e-1,false,false,false,false,1620,3,4,20000,14060000,20121,0,22.859957217,0.094058128,22.765899089,2477,0,true
38,108,fixed-frame,de-retry,7778866204680747898,-1.02417898179945809e2,-1.73928426999999999e2,7.15105288200541906e1,4.11149172412478559e-1,false,false,false,false,1620,3,4,20000,14060000,20153,0,10.975383727,0.142063325,10.833320402,2139,0,true
38,108,fixed-frame,de-retry,9551546021544654052,-1.10855649143981850e2,-1.73928426999999999e2,6.30727778560181491e1,3.62636395579074289e-1,false,false,false,false,1620,3,4,20000,14060000,20048,0,21.036904377,0.147178752,20.889725625,2123,0,true
38,108,fixed-frame,de-retry,11388942113657625856,-1.02018338999869712e2,-1.73928426999999999e2,7.19100880001302869e1,4.13446434493024484e-1,false,false,false,false,1620,3,4,20000,14060000,20094,0,21.100439283,0.104758517,20.995680766,2811,0,true
38,108,fixed-frame,de-retry,11398140638034715456,-1.11403908853363490e2,-1.73928426999999999e2,6.25245181466365096e1,3.59484181080051424e-1,false,false,false,false,1620,3,4,20000,14060000,20035,0,10.945777548,0.165793705,10.779983843,1466,0,true
38,108,fixed-frame,de-retry,11494354147713574914,-1.03724693325339373e2,-1.73928426999999999e2,7.02037336746606258e1,4.03635764926803031e-1,false,false,false,false,1620,3,4,20000,14060000,20095,0,22.362651398,0.081954320,22.280697078,2283,0,true
38,108,fixed-frame,de-retry,12020210742578376580,-1.04904089676116570e2,-1.73928426999999999e2,6.90243373238834295e1,3.96854835718622512e-1,false,false,false,false,1620,3,4,20000,14060000,20097,0,13.582529979,0.162058367,13.420471612,2323,0,true
38,108,fixed-frame,de-retry,15915993166989309444,-1.10528069762377896e2,-1.73928426999999999e2,6.34003572376221030e1,3.64519810425365964e-1,false,false,false,false,1620,3,4,20000,14060000,20082,0,20.529744401,0.169705648,20.360038753,2177,0,true
38,108,fixed-frame,lbfgs-multistart,4369550028377192033,-1.67609705382670938e2,-1.73928426999999999e2,6.31872161732906079e0,3.63294357703186771e-2,false,false,true,true,,,4,12165,8551995,12193,23202,0.109871313,0.046350500,0.063520813,847,0,true
38,108,fixed-frame,lbfgs-multistart,6412464223153242384,-1.67189741692321149e2,-1.73928426999999999e2,6.73868530767884977e0,3.87440134077614018e-2,false,false,true,true,,,4,6950,4885850,6973,13272,0.048549736,0.020997590,0.027552146,990,0,true
38,108,fixed-frame,lbfgs-multistart,6591294930753127125,-1.67866081765850225e2,-1.73928426999999999e2,6.06234523414977389e0,3.48554019530675913e-2,false,false,true,true,,,4,9347,6570941,9359,17767,0.056785624,0.025469412,0.031316212,752,0,true
38,108,fixed-frame,lbfgs-multistart,7778866204680747898,-1.68281742328813351e2,-1.73928426999999999e2,5.64668467118664807e0,3.24655651096450587e-2,false,false,true,true,,,4,11404,8017012,11404,21888,0.112133761,0.046162690,0.065971071,853,0,true
38,108,fixed-frame,lbfgs-multistart,9551546021544654052,-1.67492695021558234e2,-1.73928426999999999e2,6.43573197844176548e0,3.70021858384412677e-2,false,false,true,true,,,4,6894,4846482,6896,13272,0.060061572,0.025800020,0.034261552,831,0,true
38,108,fixed-frame,lbfgs-multistart,11388942113657625856,-1.66908809965153097e2,-1.73928426999999999e2,7.01961703484690247e0,4.03592279647702612e-2,false,false,true,true,,,4,6994,4916782,7007,13293,0.043389665,0.019155825,0.024233840,768,0,true
38,108,fixed-frame,lbfgs-multistart,11398140638034715456,-1.62722905884855322e2,-1.73928426999999999e2,1.12055211151446770e1,6.44260475899358087e-2,false,false,false,true,,,4,10302,7242306,10304,19891,0.096880290,0.041201180,0.055679110,738,0,true
38,108,fixed-frame,lbfgs-multistart,11494354147713574914,-1.68715255623932165e2,-1.73928426999999999e2,5.21317137606783376e0,2.99730841357395451e-2,false,false,true,true,,,4,8515,5986045,8528,16211,0.052170579,0.023156423,0.029014156,861,0,true
38,108,fixed-frame,lbfgs-multistart,12020210742578376580,-1.68051781520717952e2,-1.73928426999999999e2,5.87664547928204684e0,3.37877228044041744e-2,false,false,true,true,,,4,2556,1796868,2561,4806,0.020078028,0.008739322,0.011338706,819,0,true
38,108,fixed-frame,lbfgs-multistart,15915993166989309444,-1.69330058576088220e2,-1.73928426999999999e2,4.59836842391177925e0,2.64382798328405486e-2,false,false,true,true,,,4,7637,5368811,7677,14244,0.056577341,0.025430105,0.031147236,1005,0,true
38,108,fixed-frame,random,4369550028377192033,-2.85102116207483007e1,-1.73928426999999999e2,1.45418215379251706e2,8.36080782696043689e-1,false,false,false,false,,,,20000,14060000,20000,0,0.126806549,0.062587955,0.064218594,0,0,true
38,108,fixed-frame,random,6412464223153242384,-1.98384079804778857e1,-1.73928426999999999e2,1.54090019019522117e2,8.85939243384993746e-1,false,false,false,false,,,,20000,14060000,20000,0,0.248245614,0.133458879,0.114786735,0,0,true
38,108,fixed-frame,random,6591294930753127125,-3.00513597653902984e1,-1.73928426999999999e2,1.43877067234609711e2,8.27219964650227735e-1,false,false,false,false,,,,20000,14060000,20000,0,0.154850573,0.078803542,0.076047031,0,0,true
38,108,fixed-frame,random,7778866204680747898,-3.87058663729695454e1,-1.73928426999999999e2,1.35222560627030447e2,7.77460953102453112e-1,false,false,false,false,,,,20000,14060000,20000,0,0.310940589,0.164841374,0.146099215,0,0,true
38,108,fixed-frame,random,9551546021544654052,-2.36787935306723725e1,-1.73928426999999999e2,1.50249633469327620e2,8.63858979586629716e-1,false,false,false,false,,,,20000,14060000,20000,0,0.218144466,0.100155229,0.117989237,0,0,true
38,108,fixed-frame,random,11388942113657625856,-2.60226363419381066e1,-1.73928426999999999e2,1.47905790658061903e2,8.50383075436322411e-1,false,false,false,false,,,,20000,14060000,20000,0,0.153648508,0.072061684,0.081586824,0,0,true
38,108,fixed-frame,random,11398140638034715456,-4.20965669385340391e1,-1.73928426999999999e2,1.31831860061465960e2,7.57966149268204270e-1,false,false,false,false,,,,20000,14060000,20000,0,0.356926487,0.160600634,0.196325853,0,0,true
38,108,fixed-frame,random,11494354147713574914,-5.64026172381112332e1,-1.73928426999999999e2,1.17525809761888766e2,6.75713635712285043e-1,false,false,false,false,,,,20000,14060000,20000,0,0.119662984,0.057809790,0.061853194,0,0,true
38,108,fixed-frame,random,12020210742578376580,-3.44484814669500636e1,-1.73928426999999999e2,1.39479945533049943e2,8.01938751122321936e-1,false,false,false,false,,,,20000,14060000,20000,0,0.155556351,0.073347698,0.082208653,0,0,true
38,108,fixed-frame,random,15915993166989309444,-3.53872364465462965e1,-1.73928426999999999e2,1.38541190553453703e2,7.96541387414799629e-1,false,false,false,false,,,,20000,14060000,20000,0,0.152231041,0.077812801,0.074418240,0,0,true
38,114,free,basin-hopping,310390961701372380,-1.67632951182151942e2,-1.73928426999999999e2,6.29547581784805743e0,3.61957842454819489e-2,false,false,true,true,,,5,17775,12495825,17778,34026,0.144022189,0.057481669,0.086540520,1713,0,true
38,114,free,basin-hopping,2694942142563917412,-1.66883551511041475e2,-1.73928426999999999e2,7.04487548895852456e0,4.05044512301518389e-2,false,false,true,true,,,5,17759,12484577,17771,34146,0.114119293,0.047391726,0.066727567,3345,0,true
38,114,free,basin-hopping,3516793536562092974,-1.66247830397894006e2,-1.73928426999999999e2,7.68059660210599304e0,4.41595243203458249e-2,false,false,true,true,,,5,17788,12504964,17788,34062,0.174664123,0.068521994,0.106142129,1818,0,true
38,114,free,basin-hopping,5286523174927104938,-1.34971826188202101e2,-1.73928426999999999e2,3.89566008117978981e1,2.23980642404118885e-1,false,false,false,false,,,5,20000,14060000,20003,38520,0.202786828,0.078539665,0.124247163,1833,0,true
38,114,free,basin-hopping,10367236530154959813,-1.63533548737875350e2,-1.73928426999999999e2,1.03948782621246494e1,5.97652634558964238e-2,false,false,false,true,,,5,17644,12403732,17658,33863,0.175121119,0.069218004,0.105903115,1541,0,true
38,114,free,basin-hopping,10800259301335554439,-1.68070745463286357e2,-1.73928426999999999e2,5.85768153671364189e0,3.36786897791793507e-2,false,false,true,true,,,5,17791,12507073,17798,34181,0.116802956,0.048590231,0.068212725,1781,0,true
38,114,free,basin-hopping,12003576510136652524,-1.68089466274808132e2,-1.73928426999999999e2,5.83896072519186760e0,3.35710546338228374e-2,false,false,true,true,,,5,17746,12475438,17746,33971,0.237100506,0.091109711,0.145990795,1513,0,true
38,114,free,basin-hopping,12176091559551906874,-1.69791703473485541e2,-1.73928426999999999e2,4.13672352651445863e0,2.37840564527985916e-2,false,false,true,true,,,5,17971,12633613,17983,34369,0.103203524,0.043029616,0.060173908,1950,0,true
38,114,free,basin-hopping,16302470690849955379,-1.61767812144495167e2,-1.73928426999999999e2,1.21606148555048321e1,6.99173508624029161e-2,false,false,false,true,,,5,17681,12429743,17683,33922,0.142771276,0.055510232,0.087261044,1646,0,true
38,114,free,basin-hopping,18308442171428908393,-1.37784757163560243e2,-1.73928426999999999e2,3.61436698364397557e1,2.07807719875715058e-1,false,false,false,false,,,5,20000,14060000,20003,38492,0.289665671,0.132890734,0.156774937,2003,0,true
38,114,free,bite-retry,310390961701372380,-4.71883373203538952e1,-1.73928426999999999e2,1.26740089679646104e2,7.28691059108158901e-1,false,false,false,false,,,4,20000,14060000,20000,0,0.104975395,0.054700865,0.050274530,437861,0,true
38,114,free,bite-retry,2694942142563917412,-4.91048265594106894e1,-1.73928426999999999e2,1.24823600440589303e2,7.17672220657692206e-1,false,false,false,false,,,4,20000,14060000,20000,0,0.101998840,0.052914551,0.049084289,474759,0,true
38,114,free,bite-retry,3516793536562092974,-5.20972476803144886e1,-1.73928426999999999e2,1.21831179319685504e2,7.00467321076189031e-1,false,false,false,false,,,4,20000,14060000,20000,0,0.159264400,0.080591329,0.078673071,455583,0,true
38,114,free,bite-retry,5286523174927104938,-4.91565294681508576e1,-1.73928426999999999e2,1.24771897531849135e2,7.17374955227124134e-1,false,false,false,false,,,4,20000,14060000,20000,0,0.179179497,0.099522320,0.079657177,451807,0,true
38,114,free,bite-retry,10367236530154959813,-4.57866120840043038e1,-1.73928426999999999e2,1.28141814915995695e2,7.36750266337978799e-1,false,false,false,false,,,4,20000,14060000,20000,0,0.162757062,0.080468547,0.082288515,452477,0,true
38,114,free,bite-retry,10800259301335554439,-4.50660409995324471e1,-1.73928426999999999e2,1.28862386000467552e2,7.40893183610908834e-1,false,false,false,false,,,4,20000,14060000,20000,0,0.107287213,0.054713001,0.052574212,430997,0,true
38,114,free,bite-retry,12003576510136652524,-5.30876735843350787e1,-1.73928426999999999e2,1.20840753415664921e2,6.94772875831648373e-1,false,false,false,false,,,4,20000,14060000,20000,0,0.179888656,0.084679805,0.095208851,472779,0,true
38,114,free,bite-retry,12176091559551906874,-5.74911260448506951e1,-1.73928426999999999e2,1.16437300955149311e2,6.69455263659397781e-1,false,false,false,false,,,4,20000,14060000,20000,0,0.093401557,0.047941479,0.045460078,453859,0,true
38,114,free,bite-retry,16302470690849955379,-5.46502269531921598e1,-1.73928426999999999e2,1.19278200046807839e2,6.85788988632708318e-1,false,false,false,false,,,4,20000,14060000,20000,0,0.160021931,0.078091929,0.081930002,462359,0,true
38,114,free,bite-retry,18308442171428908393,-5.50818809161664973e1,-1.73928426999999999e2,1.18846546083833502e2,6.83307197873027961e-1,false,false,false,false,,,4,20000,14060000,20000,0,0.164995250,0.082304826,0.082690424,433363,0,true
38,114,free,cma-retry,310390961701372380,-2.10356291371326947e1,-1.73928426999999999e2,1.52892797862867297e2,8.79055830608226563e-1,false,false,false,false,18,277,4,20000,14060000,20088,0,1.157357363,0.078334235,1.079023128,27410,0,true
38,114,free,cma-retry,2694942142563917412,-2.48325368543738918e1,-1.73928426999999999e2,1.49095890145626100e2,8.57225542237705085e-1,false,false,false,false,18,277,4,20000,14060000,20088,0,0.669717774,0.051219897,0.618497877,30316,0,true
38,114,free,cma-retry,3516793536562092974,-5.17512929869571252e1,-1.73928426999999999e2,1.22177134013042874e2,7.02456384619880914e-1,false,false,false,false,18,277,4,20000,14060000,20088,0,0.986756406,0.067812440,0.918943966,27856,0,true
38,114,free,cma-retry,5286523174927104938,-3.66153576175078044e1,-1.73928426999999999e2,1.37313069382492188e2,7.89480315270672750e-1,false,false,false,false,18,277,4,20000,14060000,20088,0,1.186169036,0.075386252,1.110782784,26970,0,true
38,114,free,cma-retry,10367236530154959813,-2.25545941269032575e1,-1.73928426999999999e2,1.51373832873096745e2,8.70322554421174344e-1,false,false,false,false,18,277,4,20000,14060000,20088,0,1.283041117,0.082281249,1.200759868,32717,0,true
38,114,free,cma-retry,10800259301335554439,-2.00389391059680477e1,-1.73928426999999999e2,1.53889487894031959e2,8.84786291398081626e-1,false,false,false,false,18,277,4,20000,14060000,20088,0,0.734006089,0.054385511,0.679620578,26041,0,true
38,114,free,cma-retry,12003576510136652524,-2.91002006578168952e1,-1.73928426999999999e2,1.44828226342183115e2,8.32688645785217840e-1,false,false,false,false,18,277,4,20000,14060000,20088,0,1.252945110,0.084092518,1.168852592,26768,0,true
38,114,free,cma-retry,12176091559551906874,-1.97541411444028938e1,-1.73928426999999999e2,1.54174285855597105e2,8.86423734836612409e-1,false,false,false,false,18,277,4,20000,14060000,20088,0,0.645153471,0.048712183,0.596441288,32481,0,true
38,114,free,cma-retry,16302470690849955379,-3.11776650759678979e1,-1.73928426999999999e2,1.42750761924032105e2,8.20744281922541119e-1,false,false,false,false,18,277,4,20000,14060000,20088,0,1.449540198,0.086406789,1.363133409,25984,0,true
38,114,free,cma-retry,18308442171428908393,-5.82529686056741056e1,-1.73928426999999999e2,1.15675458394325887e2,6.65075056386992380e-1,false,false,false,false,18,277,4,20000,14060000,20088,0,1.342527939,0.080425717,1.262102222,23045,0,true
38,114,free,crfmnes-retry,310390961701372380,-1.16118719212419961e2,-1.73928426999999999e2,5.78097077875800380e1,3.32376419339318441e-1,false,false,false,false,16,312,4,20000,14060000,20032,0,0.100204149,0.055937636,0.044266513,5638,0,true
38,114,free,crfmnes-retry,2694942142563917412,-1.22197815335539588e2,-1.73928426999999999e2,5.17306116644604117e1,2.97424708293719087e-1,false,false,false,false,16,312,4,20000,14060000,20032,0,0.091520605,0.051348337,0.040172268,6363,0,true
38,114,free,crfmnes-retry,3516793536562092974,-1.29764681120377134e2,-1.73928426999999999e2,4.41637458796228657e1,2.53919078332277837e-1,false,false,false,false,16,312,4,20000,14060000,20032,0,0.160378314,0.084532465,0.075845849,5205,0,true
38,114,free,crfmnes-retry,5286523174927104938,-1.12381449354567181e2,-1.73928426999999999e2,6.15469776454328183e1,3.53863820348543801e-1,false,false,false,false,16,312,4,20000,14060000,20032,0,0.159821888,0.088056630,0.071765258,4985,0,true
38,114,free,crfmnes-retry,10367236530154959813,-1.18897724168400032e2,-1.73928426999999999e2,5.50307028315999673e1,3.16398554168491219e-1,false,false,false,false,16,312,4,20000,14060000,20032,0,0.171543687,0.091415774,0.080127913,5452,0,true
38,114,free,crfmnes-retry,10800259301335554439,-1.17730513465762087e2,-1.73928426999999999e2,5.61979135342379124e1,3.23109422097159038e-1,false,false,false,false,16,312,4,20000,14060000,20032,0,0.113062212,0.064156438,0.048905774,5736,0,true
38,114,free,crfmnes-retry,12003576510136652524,-1.25895730835012500e2,-1.73928426999999999e2,4.80326961649874988e1,2.76163574830625591e-1,false,false,false,false,16,312,4,20000,14060000,20032,0,0.148700096,0.077842094,0.070858002,5111,0,true
38,114,free,crfmnes-retry,12176091559551906874,-1.18773693032479613e2,-1.73928426999999999e2,5.51547339675203858e1,3.17111670121183742e-1,false,false,false,false,16,312,4,20000,14060000,20032,0,0.086431895,0.048569721,0.037862174,5484,0,true
38,114,free,crfmnes-retry,16302470690849955379,-1.24241173261245208e2,-1.73928426999999999e2,4.96872537387547908e1,2.85676439416972294e-1,false,false,false,false,16,312,4,20000,14060000,20032,0,0.221394360,0.100995523,0.120398837,5911,0,true
38,114,free,crfmnes-retry,18308442171428908393,-1.13247881890797359e2,-1.73928426999999999e2,6.06805451092026402e1,3.48882273909155993e-1,false,false,false,false,16,312,4,20000,14060000,20032,0,0.225425927,0.120776456,0.104649471,6056,0,true
38,114,free,de-retry,310390961701372380,-1.01856142728759835e2,-1.73928426999999999e2,7.20722842712401643e1,4.14378980563310462e-1,false,false,false,false,1710,2,4,20000,14060000,20097,0,20.011999521,0.179207321,19.832792200,2167,0,true
38,114,free,de-retry,2694942142563917412,-1.13537096534867331e2,-1.73928426999999999e2,6.03913304651326683e1,3.47219436792426506e-1,false,false,false,false,1710,2,4,20000,14060000,20118,0,22.419511106,0.178378982,22.241132124,1900,0,true
38,114,free,de-retry,3516793536562092974,-1.03249071143459744e2,-1.73928426999999999e2,7.06793558565402549e1,4.06370350584152940e-1,false,false,false,false,1710,2,4,20000,14060000,20155,0,15.283867545,0.095874611,15.187992934,2431,0,true
38,114,free,de-retry,5286523174927104938,-1.03347595024692410e2,-1.73928426999999999e2,7.05808319753075892e1,4.05803888373621580e-1,false,false,false,false,1710,2,4,20000,14060000,20131,0,13.300360408,0.100046153,13.200314255,2840,0,true
38,114,free,de-retry,10367236530154959813,-1.03405651046065316e2,-1.73928426999999999e2,7.05227759539346835e1,4.05470095776435002e-1,false,false,false,false,1710,2,4,20000,14060000,20086,0,13.392339222,0.162413190,13.229926032,1844,0,true
38,114,free,de-retry,10800259301335554439,-1.10884527575626336e2,-1.73928426999999999e2,6.30438994243736630e1,3.62470359283900534e-1,false,false,false,false,1710,2,4,20000,14060000,20084,0,20.449782332,0.097163065,20.352619267,2307,0,true
38,114,free,de-retry,12003576510136652524,-1.03275662142074196e2,-1.73928426999999999e2,7.06527648579258027e1,4.06217465865575889e-1,false,false,false,false,1710,2,4,20000,14060000,20098,0,13.016232125,0.122755792,12.893476333,2131,0,true
38,114,free,de-retry,12176091559551906874,-1.01645657140313688e2,-1.73928426999999999e2,7.22827698596863115e1,4.15589165649651482e-1,false,false,false,false,1710,2,4,20000,14060000,20091,0,25.114874571,0.127745139,24.987129432,2216,0,true
38,114,free,de-retry,16302470690849955379,-1.09750966051637988e2,-1.73928426999999999e2,6.41774609483620111e1,3.68987761548386861e-1,false,false,false,false,1710,2,4,20000,14060000,20084,0,10.981492510,0.103949927,10.877542583,2205,0,true
38,114,free,de-retry,18308442171428908393,-1.05480554209262294e2,-1.73928426999999999e2,6.84478727907377049e1,3.93540457827159573e-1,false,false,false,false,1710,2,4,20000,14060000,20122,0,10.487703444,0.173128128,10.314575316,2083,0,true
38,114,free,lbfgs-multistart,310390961701372380,-1.59611751538311040e2,-1.73928426999999999e2,1.43166754616889591e1,8.23136028343944004e-2,false,false,false,true,,,4,15210,10692630,15221,28983,0.127335391,0.052834384,0.074501007,1193,0,true
38,114,free,lbfgs-multistart,2694942142563917412,-1.67937475069573765e2,-1.73928426999999999e2,5.99095193042623464e0,3.44449267653425886e-2,false,false,true,true,,,4,11439,8041617,11443,22023,0.073712565,0.030659151,0.043053414,1106,0,true
38,114,free,lbfgs-multistart,3516793536562092974,-1.69378682437887193e2,-1.73928426999999999e2,4.54974456211280653e0,2.61587173562652098e-2,false,false,true,true,,,4,1656,1164168,1681,2861,0.015160061,0.006435270,0.008724791,1052,0,true
38,114,free,lbfgs-multistart,5286523174927104938,-1.64581155622208342e2,-1.73928426999999999e2,9.34727137779165673e0,5.37420566552450699e-2,false,false,false,true,,,4,11333,7967099,11340,21835,0.112721529,0.044985265,0.067736264,902,0,true
38,114,free,lbfgs-multistart,10367236530154959813,-1.67856549634937636e2,-1.73928426999999999e2,6.07187736506236320e0,3.49102068580334074e-2,false,false,true,true,,,4,11691,8218773,11700,22276,0.114387619,0.046089603,0.068298016,970,0,true
38,114,free,lbfgs-multistart,10800259301335554439,-1.69884836320278907e2,-1.73928426999999999e2,4.04359067972109187e0,2.32485899485602304e-2,false,false,true,true,,,4,6260,4400780,6266,12057,0.044049612,0.018604967,0.025444645,875,0,true
38,114,free,lbfgs-multistart,12003576510136652524,-1.68897048021261639e2,-1.73928426999999999e2,5.03137897873835982e0,2.89278703057457079e-2,false,false,true,true,,,4,6331,4450693,6347,12075,0.111149030,0.033010609,0.078138421,743,0,true
38,114,free,lbfgs-multistart,12176091559551906874,-1.69130422215932612e2,-1.73928426999999999e2,4.79800478406738762e0,2.75860873741322794e-2,false,false,true,true,,,4,16285,11448355,16285,31523,0.097167362,0.040030514,0.057136848,894,0,true
38,114,free,lbfgs-multistart,16302470690849955379,-1.68131596672950906e2,-1.73928426999999999e2,5.79683032704909351e0,3.33288262708722888e-2,false,false,true,true,,,4,16363,11503189,16366,31625,0.138073249,0.052556450,0.085516799,870,0,true
38,114,free,lbfgs-multistart,18308442171428908393,-1.66826513961824077e2,-1.73928426999999999e2,7.10191303817592257e0,4.08323881304113803e-2,false,false,true,true,,,4,16465,11574895,16465,31707,0.205516471,0.083649599,0.121866872,1033,0,true
38,114,free,random,310390961701372380,-3.49640489275948951e1,-1.73928426999999999e2,1.38964378072405111e2,7.98974500427150458e-1,false,false,false,false,,,,20000,14060000,20000,0,0.293758725,0.157811282,0.135947443,0,0,true
38,114,free,random,2694942142563917412,-2.91904451793794593e1,-1.73928426999999999e2,1.44737981820620547e2,8.32169785682133178e-1,false,false,false,false,,,,20000,14060000,20000,0,0.294030488,0.136187110,0.157843378,0,0,true
38,114,free,random,3516793536562092974,-3.70914698667064400e1,-1.73928426999999999e2,1.36836957133293566e2,7.86742911975473524e-1,false,false,false,false,,,,20000,14060000,20000,0,0.115436163,0.060627630,0.054808533,0,0,true
38,114,free,random,5286523174927104938,-3.57620176777325938e1,-1.73928426999999999e2,1.38166409322267413e2,7.94386585938981704e-1,false,false,false,false,,,,20000,14060000,20000,0,0.142721958,0.078287838,0.064434120,0,0,true
38,114,free,random,10367236530154959813,-3.08967422127944538e1,-1.73928426999999999e2,1.43031684787205535e2,8.22359445516088861e-1,false,false,false,false,,,,20000,14060000,20000,0,0.216630197,0.122258786,0.094371411,0,0,true
38,114,free,random,10800259301335554439,-3.43805684859780385e1,-1.73928426999999999e2,1.39547858514021954e2,8.02329216224222819e-1,false,false,false,false,,,,20000,14060000,20000,0,0.164490607,0.085986663,0.078503944,0,0,true
38,114,free,random,12003576510136652524,-3.23114771737571331e1,-1.73928426999999999e2,1.41616949826242859e2,8.14225438986134531e-1,false,false,false,false,,,,20000,14060000,20000,0,0.210425423,0.137027268,0.073398155,0,0,true
38,114,free,random,12176091559551906874,-3.34487896852721462e1,-1.73928426999999999e2,1.40479637314727853e2,8.07686470451019822e-1,false,false,false,false,,,,20000,14060000,20000,0,0.164756090,0.094353058,0.070403032,0,0,true
38,114,free,random,16302470690849955379,-3.95544079328363338e1,-1.73928426999999999e2,1.34374019067163658e2,7.72582270678292660e-1,false,false,false,false,,,,20000,14060000,20000,0,0.206959162,0.123962121,0.082997041,0,0,true
38,114,free,random,18308442171428908393,-4.81657166776101349e1,-1.73928426999999999e2,1.25762710322389864e2,7.23071624872395735e-1,false,false,false,false,,,,20000,14060000,20000,0,0.252671556,0.120590043,0.132081513,0,0,true
55,159,fixed-frame,basin-hopping,1487862586726741835,-2.61716287239424048e2,-2.79248469999999998e2,1.75321827605759495e1,6.27834514566040364e-2,false,false,false,true,,,5,18146,26946810,18146,34981,0.461653458,0.193593498,0.268059960,2487,0,true
55,159,fixed-frame,basin-hopping,2765697318890495683,-2.61529582994737382e2,-2.79248469999999998e2,1.77188870052626157e1,6.34520468644380192e-2,false,false,false,true,,,5,17960,26670600,17974,34676,0.187011147,0.092698316,0.094312831,2398,0,true
55,159,fixed-frame,basin-hopping,4439734757201113907,-2.59738760195897271e2,-2.79248469999999998e2,1.95097098041027266e1,6.98650553183074868e-2,false,false,false,true,,,5,17838,26489430,17840,34377,0.356506048,0.163247189,0.193258859,3749,0,true
55,159,fixed-frame,basin-hopping,4480850950451826366,-2.00225602387575634e2,-2.79248469999999998e2,7.90228676124243634e1,2.82984066528365830e-1,false,false,false,false,,,5,20000,29700000,20003,38604,0.214781547,0.105620709,0.109160838,2359,0,true
55,159,fixed-frame,basin-hopping,9265646381143836605,-2.56869475484927420e2,-2.79248469999999998e2,2.23789945150725771e1,8.01400792458149408e-2,false,false,false,true,,,5,17956,26664660,17967,34572,0.310350845,0.145690105,0.164660740,2982,0,true
55,159,fixed-frame,basin-hopping,9356486868317781128,-2.62816248858962354e2,-2.79248469999999998e2,1.64322211410376440e1,5.88444446662058501e-2,false,false,false,true,,,5,17937,26636445,17954,34463,0.308174291,0.145175990,0.162998301,3259,0,true
55,159,fixed-frame,basin-hopping,15344896877483144765,-2.61373692915217816e2,-2.79248469999999998e2,1.78747770847821812e1,6.40102955077325314e-2,false,false,false,true,,,5,17767,26383995,17775,34196,0.307595622,0.144266488,0.163329134,3263,0,true
55,159,fixed-frame,basin-hopping,16858060321842103884,-1.93153463818424797e2,-2.79248469999999998e2,8.60950061815752008e1,3.08309679124026015e-1,false,false,false,false,,,5,20000,29700000,20003,38603,0.349980366,0.163101242,0.186879124,5931,0,true
55,159,fixed-frame,basin-hopping,17087425938534002878,-2.58342863800540499e2,-2.79248469999999998e2,2.09056061994594984e1,7.48638164408188117e-2,false,false,false,true,,,5,17999,26728515,17999,34562,0.190451639,0.093587386,0.096864253,3039,0,true
55,159,fixed-frame,basin-hopping,18292828579292461595,-1.56368576669721477e2,-2.79248469999999998e2,1.22879893330278520e2,4.40037839169820755e-1,false,false,false,false,,,5,20000,29700000,20003,38635,0.323277318,0.149940633,0.173336685,2365,0,true
55,159,fixed-frame,bite-retry,1487862586726741835,-6.51700808966993037e1,-2.79248469999999998e2,2.14078389103300708e2,7.66623319738513609e-1,false,false,false,false,,,4,20000,29700000,20000,0,0.351115744,0.199303653,0.151812091,757497,0,true
55,159,fixed-frame,bite-retry,2765697318890495683,-5.84167525816975299e1,-2.79248469999999998e2,2.20831717418302475e2,7.90807259994307121e-1,false,false,false,false,,,4,20000,29700000,20000,0,0.174971195,0.101329367,0.073641828,790912,0,true
55,159,fixed-frame,bite-retry,4439734757201113907,-7.47908452574144320e1,-2.79248469999999998e2,2.04457624742585551e2,7.32170975699833027e-1,false,false,false,false,,,4,20000,29700000,20000,0,0.385935109,0.230107525,0.155827584,792648,0,true
55,159,fixed-frame,bite-retry,4480850950451826366,-5.94621550289788345e1,-2.79248469999999998e2,2.19786314971021170e2,7.87063631793653795e-1,false,false,false,false,,,4,20000,29700000,20000,0,0.183148582,0.105489655,0.077658927,806022,0,true
55,159,fixed-frame,bite-retry,9265646381143836605,-5.90871788214958187e1,-2.79248469999999998e2,2.20161291178504172e2,7.88406436670912369e-1,false,false,false,false,,,4,20000,29700000,20000,0,0.341593497,0.190141140,0.151452357,760278,0,true
55,159,fixed-frame,bite-retry,9356486868317781128,-5.28041303061903449e1,-2.79248469999999998e2,2.26444339693809638e2,8.10906286053454939e-1,false,false,false,false,,,4,20000,29700000,20000,0,0.299182515,0.176888681,0.122293834,772768,0,true
55,159,fixed-frame,bite-retry,15344896877483144765,-6.04122598639096680e1,-2.79248469999999998e2,2.18836210136090330e2,7.83661268174863479e-1,false,false,false,false,,,4,20000,29700000,20000,0,0.287624616,0.163487175,0.124137441,803706,0,true
55,159,fixed-frame,bite-retry,16858060321842103884,-6.14333200283930339e1,-2.79248469999999998e2,2.17815149971606957e2,7.80004810667743187e-1,false,false,false,false,,,4,20000,29700000,20000,0,0.294720100,0.158923806,0.135796294,820843,0,true
55,159,fixed-frame,bite-retry,17087425938534002878,-5.89358951840448526e1,-2.79248469999999998e2,2.20312574815955145e2,7.88948189459928506e-1,false,false,false,false,,,4,20000,29700000,20000,0,0.180404441,0.104793412,0.075611029,757837,0,true
55,159,fixed-frame,bite-retry,18292828579292461595,-6.42655595083438982e1,-2.79248469999999998e2,2.14982910491656099e2,7.69862447202149802e-1,false,false,false,false,,,4,20000,29700000,20000,0,0.289451897,0.163008271,0.126443626,765226,0,true
55,159,fixed-frame,cma-retry,1487862586726741835,-3.85432372748623635e1,-2.79248469999999998e2,2.40705232725137648e2,8.61975117446973527e-1,false,false,false,false,19,263,4,20000,29700000,20088,0,3.475519831,0.215271119,3.260248712,49822,0,true
55,159,fixed-frame,cma-retry,2765697318890495683,-2.59416799447551369e1,-2.79248469999999998e2,2.53306790055244846e2,9.07101800970457783e-1,false,false,false,false,19,263,4,20000,29700000,20088,0,1.561588571,0.105318704,1.456269867,53167,0,true
55,159,fixed-frame,cma-retry,4439734757201113907,-3.17943036079551007e1,-2.79248469999999998e2,2.47454166392044897e2,8.86143320291226333e-1,false,false,false,false,19,263,4,20000,29700000,20088,0,3.069625525,0.180204944,2.889420581,52812,0,true
55,159,fixed-frame,cma-retry,4480850950451826366,-3.20019871390563111e1,-2.79248469999999998e2,2.47246482860943672e2,8.85399597215138501e-1,false,false,false,false,19,263,4,20000,29700000,20088,0,1.667320161,0.111288125,1.556032036,45931,0,true
55,159,fixed-frame,cma-retry,9265646381143836605,-2.62110895889348541e1,-2.79248469999999998e2,2.53037380411065158e2,9.06137034201351832e-1,false,false,false,false,19,263,4,20000,29700000,20088,0,3.212712158,0.168396648,3.044315510,46817,0,true
55,159,fixed-frame,cma-retry,9356486868317781128,-2.94666979427600353e1,-2.79248469999999998e2,2.49781772057239948e2,8.94478569774222798e-1,false,false,false,false,19,263,4,20000,29700000,20088,0,3.046675003,0.164465011,2.882209992,54093,0,true
55,159,fixed-frame,cma-retry,15344896877483144765,-2.55802493838767440e1,-2.79248469999999998e2,2.53668220616123250e2,9.08396098342537983e-1,false,false,false,false,19,263,4,20000,29700000,20088,0,2.891972827,0.161927278,2.730045549,52414,0,true
55,159,fixed-frame,cma-retry,16858060321842103884,-2.96872086578690997e1,-2.79248469999999998e2,2.49561261342130905e2,8.93688912036405769e-1,false,false,false,false,19,263,4,20000,29700000,20088,0,2.969913641,0.160289827,2.809623814,42839,0,true
55,159,fixed-frame,cma-retry,17087425938534002878,-2.60446605991020164e1,-2.79248469999999998e2,2.53203809400897967e2,9.06733023106260805e-1,false,false,false,false,19,263,4,20000,29700000,20088,0,1.851712120,0.117380132,1.734331988,44031,0,true
55,159,fixed-frame,cma-retry,18292828579292461595,-3.25550862326772830e1,-2.79248469999999998e2,2.46693383767322700e2,8.83418927120075859e-1,false,false,false,false,19,263,4,20000,29700000,20088,0,3.080778364,0.166722619,2.914055745,44369,0,true
55,159,fixed-frame,crfmnes-retry,1487862586726741835,-1.35501830701285542e2,-2.79248469999999998e2,1.43746639298714456e2,5.14762495560725730e-1,false,false,false,false,16,312,4,20000,29700000,20032,0,0.271154294,0.170748413,0.100405881,15187,0,true
55,159,fixed-frame,crfmnes-retry,2765697318890495683,-1.38490891313152247e2,-2.79248469999999998e2,1.40757578686847751e2,5.04058549315767990e-1,false,false,false,false,16,312,4,20000,29700000,20032,0,0.157954493,0.102437563,0.055516930,14728,0,true
55,159,fixed-frame,crfmnes-retry,4439734757201113907,-1.39516421764661118e2,-2.79248469999999998e2,1.39732048235338880e2,5.00386083531053516e-1,false,false,false,false,16,312,4,20000,29700000,20032,0,0.385192160,0.232980732,0.152211428,15664,0,true
55,159,fixed-frame,crfmnes-retry,4480850950451826366,-1.22556840558258358e2,-2.79248469999999998e2,1.56691629441741640e2,5.61119025797139126e-1,false,false,false,false,16,312,4,20000,29700000,20032,0,0.163740313,0.105745362,0.057994951,14566,0,true
55,159,fixed-frame,crfmnes-retry,9265646381143836605,-1.33007298148601421e2,-2.79248469999999998e2,1.46241171851398576e2,5.23695516940159367e-1,false,false,false,false,16,312,4,20000,29700000,20032,0,0.296030705,0.176778294,0.119252411,13081,0,true
55,159,fixed-frame,crfmnes-retry,9356486868317781128,-1.46454496080335701e2,-2.79248469999999998e2,1.32793973919664296e2,4.75540560417982927e-1,false,false,false,false,16,312,4,20000,29700000,20032,0,0.306998029,0.191485175,0.115512854,13826,0,true
55,159,fixed-frame,crfmnes-retry,15344896877483144765,-1.33608989872899031e2,-2.79248469999999998e2,1.45639480127100967e2,5.21540834680673360e-1,false,false,false,false,16,312,4,20000,29700000,20032,0,0.268859082,0.166662048,0.102197034,14085,0,true
55,159,fixed-frame,crfmnes-retry,16858060321842103884,-1.37547236113544756e2,-2.79248469999999998e2,1.41701233886455242e2,5.07437816531117414e-1,false,false,false,false,16,312,4,20000,29700000,20032,0,0.293286864,0.184370342,0.108916522,15195,0,true
55,159,fixed-frame,crfmnes-retry,17087425938534002878,-1.34871481822379593e2,-2.79248469999999998e2,1.44376988177620404e2,5.17019800243204264e-1,false,false,false,false,16,312,4,20000,29700000,20032,0,0.170424751,0.109240864,0.061183887,13765,0,true
55,159,fixed-frame,crfmnes-retry,18292828579292461595,-1.19947323237192478e2,-2.79248469999999998e2,1.59301146762807520e2,5.70463812255829095e-1,false,false,false,false,16,312,4,20000,29700000,20032,0,0.285759454,0.169144302,0.116615152,14403,0,true
55,159,fixed-frame,de-retry,1487862586726741835,-1.40557200915922095e2,-2.79248469999999998e2,1.38691269084077902e2,4.96659011539357431e-1,false,false,false,false,2385,2,4,20000,29700000,20133,0,0.338593118,0.284829387,0.053763731,3079,0,true
55,159,fixed-frame,de-retry,2765697318890495683,-1.38594480232161004e2,-2.79248469999999998e2,1.40653989767838993e2,5.03687593231357700e-1,false,false,false,false,2385,2,4,20000,29700000,20048,0,22.827816968,0.344856008,22.482960960,4951,0,true
55,159,fixed-frame,de-retry,4439734757201113907,-1.43143945881801699e2,-2.79248469999999998e2,1.36104524118198299e2,4.87395773800294418e-1,false,false,false,false,2385,2,4,20000,29700000,20094,0,0.316180761,0.268954370,0.047226391,3298,0,true
55,159,fixed-frame,de-retry,4480850950451826366,-1.46138086310040563e2,-2.79248469999999998e2,1.33110383689959434e2,4.76673636528642142e-1,false,false,false,false,2385,2,4,20000,29700000,20053,0,20.168779150,0.254982746,19.913796404,5386,0,true
55,159,fixed-frame,de-retry,9265646381143836605,-1.43466982244766939e2,-2.79248469999999998e2,1.35781487755233059e2,4.86238967594819993e-1,false,false,false,false,2385,2,4,20000,29700000,20088,0,10.655830287,0.327563641,10.328266646,5182,0,true
55,159,fixed-frame,de-retry,9356486868317781128,-1.45302819955420262e2,-2.79248469999999998e2,1.33945650044579736e2,4.79664758931641566e-1,false,false,false,false,2385,2,4,20000,29700000,20088,0,4.937431016,0.294445729,4.642985287,3375,0,true
55,159,fixed-frame,de-retry,15344896877483144765,-1.40111992400452465e2,-2.79248469999999998e2,1.39136477599547533e2,4.98253321135645022e-1,false,false,false,false,2385,2,4,20000,29700000,20086,0,11.137042001,0.216596191,10.920445810,3314,0,true
55,159,fixed-frame,de-retry,16858060321842103884,-1.35863345624584156e2,-2.79248469999999998e2,1.43385124375415842e2,5.13467896083426467e-1,false,false,false,false,2385,2,4,20000,29700000,20136,0,9.325815107,0.240136249,9.085678858,3910,0,true
55,159,fixed-frame,de-retry,17087425938534002878,-1.40642843133378534e2,-2.79248469999999998e2,1.38605626866621463e2,4.96352323314865285e-1,false,false,false,false,2385,2,4,20000,29700000,20105,0,19.596992065,0.208342484,19.388649581,4245,0,true
55,159,fixed-frame,de-retry,18292828579292461595,-1.32653385035080021e2,-2.79248469999999998e2,1.46595084964919977e2,5.24962894030968075e-1,false,false,false,false,2385,2,4,20000,29700000,20137,0,10.238071764,0.266409304,9.971662460,4419,0,true
55,159,fixed-frame,lbfgs-multistart,1487862586726741835,-2.64959647717342364e2,-2.79248469999999998e2,1.42888222826576339e1,5.11688471655999885e-2,false,false,false,true,,,4,3819,5671215,3821,7244,0.114555142,0.060612739,0.053942403,1964,0,true
55,159,fixed-frame,lbfgs-multistart,2765697318890495683,-2.62882554651108876e2,-2.79248469999999998e2,1.63659153488911215e1,5.86070009582903770e-2,false,false,false,true,,,4,3145,4670325,3145,6124,0.036259670,0.017948461,0.018311209,1752,0,true
55,159,fixed-frame,lbfgs-multistart,4439734757201113907,-2.62581803578706399e2,-2.79248469999999998e2,1.66666664212935984e1,5.96840026421401673e-2,false,false,false,true,,,4,2540,3771900,2555,4795,0.052047199,0.024211069,0.027836130,1727,0,true
55,159,fixed-frame,lbfgs-multistart,4480850950451826366,-2.62726091895531965e2,-2.79248469999999998e2,1.65223781044680322e1,5.91673003775742556e-2,false,false,false,true,,,4,6953,10325205,6954,13376,0.074573855,0.036817741,0.037756114,1714,0,true
55,159,fixed-frame,lbfgs-multistart,9265646381143836605,-2.61017133986655892e2,-2.79248469999999998e2,1.82313360133441051e1,6.52871473685929377e-2,false,false,false,true,,,4,12025,17857125,12025,23203,0.203577467,0.096941799,0.106635668,1879,0,true
55,159,fixed-frame,lbfgs-multistart,9356486868317781128,-2.70651860049046093e2,-2.79248469999999998e2,8.59660995095390490e0,3.07848059147966154e-2,false,false,true,true,,,4,7489,11121165,7489,14532,0.127695988,0.060199147,0.067496841,1785,0,true
55,159,fixed-frame,lbfgs-multistart,15344896877483144765,-2.63733152696476395e2,-2.79248469999999998e2,1.55153173035236023e1,5.55609751542187613e-2,false,false,false,true,,,4,7170,10647450,7187,13734,0.122427573,0.058649949,0.063777624,1679,0,true
55,159,fixed-frame,lbfgs-multistart,16858060321842103884,-2.61429971740910048e2,-2.79248469999999998e2,1.78184982590899494e1,6.38087587698867170e-2,false,false,false,true,,,4,2724,4045140,2736,5052,0.044643261,0.022177008,0.022466253,1846,0,true
55,159,fixed-frame,lbfgs-multistart,17087425938534002878,-2.68208777345249359e2,-2.79248469999999998e2,1.10396926547506382e1,3.95335833165017456e-2,false,false,true,true,,,4,3275,4863375,3293,6071,0.038648798,0.019675572,0.018973226,1943,0,true
55,159,fixed-frame,lbfgs-multistart,18292828579292461595,-2.62297332619704491e2,-2.79248469999999998e2,1.69511373802955063e1,6.07027045852588099e-2,false,false,false,true,,,4,7306,10849410,7313,14085,0.148573475,0.063323971,0.085249504,1620,0,true
55,159,fixed-frame,random,1487862586726741835,3.68237117326348340e1,-2.79248469999999998e2,3.16072181732634817e2,1.13186719244203848e0,false,false,false,false,,,,20000,29700000,20000,0,0.342438263,0.194879671,0.147558592,0,0,true
55,159,fixed-frame,random,2765697318890495683,-1.81433283445153570e1,-2.79248469999999998e2,2.61105141655484658e2,9.35028011632381251e-1,false,false,false,false,,,,20000,29700000,20000,0,0.399070908,0.202677125,0.196393783,0,0,true
55,159,fixed-frame,random,4439734757201113907,-1.83817837032142535e1,-2.79248469999999998e2,2.60866686296785758e2,9.34174093404292472e-1,false,false,false,false,,,,20000,29700000,20000,0,0.371860154,0.217475451,0.154384703,0,0,true
55,159,fixed-frame,random,4480850950451826366,-2.63238281335482718e1,-2.79248469999999998e2,2.52924641866451736e2,9.05733312939733359e-1,false,false,false,false,,,,20000,29700000,20000,0,0.348490726,0.182862007,0.165628719,0,0,true
55,159,fixed-frame,random,9265646381143836605,-2.34051245717018084e1,-2.79248469999999998e2,2.55843345428298193e2,9.16185307759423750e-1,false,false,false,false,,,,20000,29700000,20000,0,0.309794286,0.172053402,0.137740884,0,0,true
55,159,fixed-frame,random,9356486868317781128,-1.42889677488381350e0,-2.79248469999999998e2,2.77819573225116187e2,9.94883063191415840e-1,false,false,false,false,,,,20000,29700000,20000,0,0.299562754,0.165291354,0.134271400,0,0,true
55,159,fixed-frame,random,15344896877483144765,-1.06844805087489263e1,-2.79248469999999998e2,2.68563989491251050e2,9.61738445661854624e-1,false,false,false,false,,,,20000,29700000,20000,0,0.539639460,0.302129416,0.237510044,0,0,true
55,159,fixed-frame,random,16858060321842103884,-1.59091334256450203e1,-2.79248469999999998e2,2.63339336574355002e2,9.43028753476626069e-1,false,false,false,false,,,,20000,29700000,20000,0,0.303974246,0.170955305,0.133018941,0,0,true
55,159,fixed-frame,random,17087425938534002878,-1.63502617088401081e1,-2.79248469999999998e2,2.62898208291159904e2,9.41449055356184838e-1,false,false,false,false,,,,20000,29700000,20000,0,0.378311131,0.212747446,0.165563685,0,0,true
55,159,fixed-frame,random,18292828579292461595,5.08948118317345788e0,-2.79248469999999998e2,2.84337951183173459e2,1.01822563677134359e0,false,false,false,false,,,,20000,29700000,20000,0,0.415111199,0.239157599,0.175953600,0,0,true
55,165,free,basin-hopping,4773657909067814169,-2.55085933841280479e2,-2.79248469999999998e2,2.41625361587195187e1,8.65270135901533149e-2,false,false,false,true,,,5,20000,29700000,20003,38449,0.235414743,0.112281374,0.123133369,4523,0,true
55,165,free,basin-hopping,6689891048696985090,-2.22720388823098830e2,-2.79248469999999998e2,5.65280811769011677e1,2.02429331759279352e-1,false,false,false,false,,,5,20000,29700000,20003,38576,0.224722135,0.106169999,0.118552136,3049,0,true
55,165,free,basin-hopping,6924010277989202646,-2.24532421899786328e2,-2.79248469999999998e2,5.47160481002136692e1,1.95940368447546615e-1,false,false,false,false,,,5,20000,29700000,20003,38556,0.222080915,0.105353918,0.116726997,3006,0,true
55,165,free,basin-hopping,7328677105447600177,-2.62695861992654613e2,-2.79248469999999998e2,1.65526080073453841e1,5.92755548753602299e-2,false,false,false,true,,,5,17812,26450820,17821,34143,0.192224250,0.092939175,0.099285075,3961,0,true
55,165,free,basin-hopping,7864081664548081831,-2.59271933826425027e2,-2.79248469999999998e2,1.99765361735749707e1,7.15367793190593709e-2,false,false,false,true,,,5,18443,27387855,18443,35549,0.220140672,0.106731220,0.113409452,3058,0,true
55,165,free,basin-hopping,7955940764409777316,-2.64142918821397416e2,-2.79248469999999998e2,1.51055511786025818e1,5.40935861836685516e-2,false,false,false,true,,,5,17908,26593380,17909,34313,0.203347882,0.097554845,0.105793037,3470,0,true
55,165,free,basin-hopping,8335261214550714471,-2.62267791080685299e2,-2.79248469999999998e2,1.69806789193146983e1,6.08084940243887387e-2,false,false,false,true,,,5,17950,26655750,17975,34112,0.189394076,0.092119496,0.097274580,3697,0,true
55,165,free,basin-hopping,8638575829898871528,-2.61171567438778254e2,-2.79248469999999998e2,1.80769025612217433e1,6.47341149665806304e-2,false,false,false,true,,,5,17911,26597835,17911,34236,0.214549385,0.100881690,0.113667695,3941,0,true
55,165,free,basin-hopping,12222677779089720353,-2.63172414502709387e2,-2.79248469999999998e2,1.60760554972906107e1,5.75690011740820282e-2,false,false,false,true,,,5,17668,26236980,17668,34012,0.278315262,0.129258901,0.149056361,3216,0,true
55,165,free,basin-hopping,14386783963371075810,-2.60438861551492266e2,-2.79248469999999998e2,1.88096084485077313e1,6.73579642119712663e-2,false,false,false,true,,,5,17706,26293410,17711,34010,0.193374414,0.093326048,0.100048366,3080,0,true
55,165,free,bite-retry,4773657909067814169,-5.58087121225714000e1,-2.79248469999999998e2,2.23439757877428605e2,8.00146757751004301e-1,false,false,false,false,,,4,20000,29700000,20000,0,0.188876031,0.107645255,0.081230776,780625,0,true
55,165,free,bite-retry,6689891048696985090,-6.38620285294493470e1,-2.79248469999999998e2,2.15386441470550665e2,7.71307507864056219e-1,false,false,false,false,,,4,20000,29700000,20000,0,0.181937758,0.105262224,0.076675534,818865,0,true
55,165,free,bite-retry,6924010277989202646,-6.51160199038824601e1,-2.79248469999999998e2,2.14132450096117537e2,7.66816914327650756e-1,false,false,false,false,,,4,20000,29700000,20000,0,0.183411156,0.105098131,0.078313025,848626,0,true
55,165,free,bite-retry,7328677105447600177,-6.69050652267971913e1,-2.79248469999999998e2,2.12343404773202792e2,7.60410271086544465e-1,false,false,false,false,,,4,20000,29700000,20000,0,0.173850951,0.101431686,0.072419265,879324,0,true
55,165,free,bite-retry,7864081664548081831,-5.90145821558156953e1,-2.79248469999999998e2,2.20233887844184295e2,7.88666408249915518e-1,false,false,false,false,,,4,20000,29700000,20000,0,0.185608472,0.105346720,0.080261752,842307,0,true
55,165,free,bite-retry,7955940764409777316,-6.32155857658930245e1,-2.79248469999999998e2,2.16032884234106973e2,7.73622445394622882e-1,false,false,false,false,,,4,20000,29700000,20000,0,0.187079609,0.108591111,0.078488498,867353,0,true
55,165,free,bite-retry,8335261214550714471,-6.53274321329316621e1,-2.79248469999999998e2,2.13921037867068321e2,7.66059838634275514e-1,false,false,false,false,,,4,20000,29700000,20000,0,0.177737437,0.102963789,0.074773648,863560,0,true
55,165,free,bite-retry,8638575829898871528,-6.42039466364689133e1,-2.79248469999999998e2,2.15044523363531084e2,7.70083085373864717e-1,false,false,false,false,,,4,20000,29700000,20000,0,0.177733508,0.103815491,0.073918017,853677,0,true
55,165,free,bite-retry,12222677779089720353,-5.91648647969290096e1,-2.79248469999999998e2,2.20083605203070988e2,7.88128240069035924e-1,false,false,false,false,,,4,20000,29700000,20000,0,0.209763239,0.122064828,0.087698411,874134,0,true
55,165,free,bite-retry,14386783963371075810,-6.45787051154649419e1,-2.79248469999999998e2,2.14669764884535056e2,7.68741060191073022e-1,false,false,false,false,,,4,20000,29700000,20000,0,0.180215698,0.104146212,0.076069486,847038,0,true
55,165,free,cma-retry,4773657909067814169,-3.19065734322181171e1,-2.79248469999999998e2,2.47341896567781873e2,8.85741277536030491e-1,false,false,false,false,19,263,4,20000,29700000,20088,0,1.819854192,0.110085627,1.709768565,52153,0,true
55,165,free,cma-retry,6689891048696985090,-3.34186023093929663e1,-2.79248469999999998e2,2.45829867690607045e2,8.80326641326296455e-1,false,false,false,false,19,263,4,20000,29700000,20088,0,1.758648899,0.106999753,1.651649146,54788,0,true
55,165,free,cma-retry,6924010277989202646,-2.11906612024334677e1,-2.79248469999999998e2,2.58057808797566508e2,9.24115390131113434e-1,false,false,false,false,19,263,4,20000,29700000,20088,0,2.115891486,0.121020599,1.994870887,50157,0,true
55,165,free,cma-retry,7328677105447600177,-2.63439993690834484e1,-2.79248469999999998e2,2.52904470630916535e2,9.05661078934171249e-1,false,false,false,false,19,263,4,20000,29700000,20088,0,1.719652005,0.104747215,1.614904790,49223,0,true
55,165,free,cma-retry,7864081664548081831,-3.47433772963103209e1,-2.79248469999999998e2,2.44505092703689684e2,8.75582568827287355e-1,false,false,false,false,19,263,4,20000,29700000,20088,0,1.945196199,0.114812776,1.830383423,41892,0,true
55,165,free,cma-retry,7955940764409777316,-2.82281490263072783e1,-2.79248469999999998e2,2.51020320973692719e2,8.98913863247640110e-1,false,false,false,false,19,263,4,20000,29700000,20088,0,1.883179092,0.113088939,1.770090153,45590,0,true
55,165,free,cma-retry,8335261214550714471,-2.86948216453271563e1,-2.79248469999999998e2,2.50553648354672845e2,8.97242689833440576e-1,false,false,false,false,19,263,4,20000,29700000,20088,0,1.737418788,0.105949730,1.631469058,46982,0,true
55,165,free,cma-retry,8638575829898871528,-4.16476917636971464e1,-2.79248469999999998e2,2.37600778236302858e2,8.50857941088461023e-1,false,false,false,false,19,263,4,20000,29700000,20088,0,1.968976751,0.116599858,1.852376893,45728,0,true
55,165,free,cma-retry,12222677779089720353,-2.59431859618754572e1,-2.79248469999999998e2,2.53305284038124540e2,9.07096407862591159e-1,false,false,false,false,19,263,4,20000,29700000,20088,0,2.006850775,0.119799614,1.887051161,55080,0,true
55,165,free,cma-retry,14386783963371075810,-2.46129905514309115e1,-2.79248469999999998e2,2.54635479448569072e2,9.11859891116213017e-1,false,false,false,false,19,263,4,20000,29700000,20088,0,2.009227548,0.116196120,1.893031428,44778,0,true
55,165,free,crfmnes-retry,4773657909067814169,-1.16921684066179537e2,-2.79248469999999998e2,1.62326785933820474e2,5.81298747791959114e-1,false,false,false,false,16,312,4,20000,29700000,20032,0,0.175358730,0.111746135,0.063612595,14499,0,true
55,165,free,crfmnes-retry,6689891048696985090,-1.23435753381953020e2,-2.79248469999999998e2,1.55812716618046977e2,5.57971603633305446e-1,false,false,false,false,16,312,4,20000,29700000,20032,0,0.162175453,0.103899221,0.058276232,15833,0,true
55,165,free,crfmnes-retry,6924010277989202646,-1.15806169060631802e2,-2.79248469999999998e2,1.63442300939368181e2,5.85293451883078131e-1,false,false,false,false,16,312,4,20000,29700000,20032,0,0.178517018,0.113732750,0.064784268,16376,0,true
55,165,free,crfmnes-retry,7328677105447600177,-1.15834381797029295e2,-2.79248469999999998e2,1.63414088202970703e2,5.85192420939569358e-1,false,false,false,false,16,312,4,20000,29700000,20032,0,0.160465473,0.102672726,0.057792747,17086,0,true
55,165,free,crfmnes-retry,7864081664548081831,-1.32565617745455512e2,-2.79248469999999998e2,1.46682852254544486e2,5.25277192224345879e-1,false,false,false,false,16,312,4,20000,29700000,20032,0,0.165661435,0.106991349,0.058670086,15625,0,true
55,165,free,crfmnes-retry,7955940764409777316,-1.22577088593463884e2,-2.79248469999999998e2,1.56671381406536113e2,5.61046516768869408e-1,false,false,false,false,16,312,4,20000,29700000,20032,0,0.161450035,0.103722641,0.057727394,16267,0,true
55,165,free,crfmnes-retry,8335261214550714471,-1.18885561505278503e2,-2.79248469999999998e2,1.60362908494721495e2,5.74266023712579288e-1,false,false,false,false,16,312,4,20000,29700000,20032,0,0.164506961,0.104489622,0.060017339,16442,0,true
55,165,free,crfmnes-retry,8638575829898871528,-1.19366845086703265e2,-2.79248469999999998e2,1.59881624913296719e2,5.72542527854482897e-1,false,false,false,false,16,312,4,20000,29700000,20032,0,0.167348635,0.106526110,0.060822525,14390,0,true
55,165,free,crfmnes-retry,12222677779089720353,-1.13053792717563155e2,-2.79248469999999998e2,1.66194677282436828e2,5.95149822244099735e-1,false,false,false,false,16,312,4,20000,29700000,20032,0,0.209114311,0.131786433,0.077327878,15508,0,true
55,165,free,crfmnes-retry,14386783963371075810,-1.34700239252533947e2,-2.79248469999999998e2,1.44548230747466050e2,5.17633026771699201e-1,false,false,false,false,16,312,4,20000,29700000,20032,0,0.171731637,0.110439436,0.061292201,16243,0,true
55,165,free,de-retry,4773657909067814169,-1.40634105031140422e2,-2.79248469999999998e2,1.38614364968859576e2,4.96383614810349982e-1,false,false,false,false,2475,2,4,20000,29700000,20164,0,20.134864544,0.277280173,19.857584371,4808,0,true
55,165,free,de-retry,6689891048696985090,-1.36419794088796664e2,-2.79248469999999998e2,1.42828675911203334e2,5.11475231757593241e-1,false,false,false,false,2475,2,4,20000,29700000,20097,0,22.445804048,0.334187201,22.111616847,5340,0,true
55,165,free,de-retry,6924010277989202646,-1.35534475714554532e2,-2.79248469999999998e2,1.43713994285445466e2,5.14645592455512668e-1,false,false,false,false,2475,2,4,20000,29700000,20129,0,19.367639654,0.269532640,19.098107014,3989,0,true
55,165,free,de-retry,7328677105447600177,-1.52439679434445907e2,-2.79248469999999998e2,1.26808790565554091e2,4.54107378155211017e-1,false,false,false,false,2475,2,4,20000,29700000,20056,0,22.820920986,0.333253367,22.487667619,3852,0,true
55,165,free,de-retry,7864081664548081831,-1.44602408801266250e2,-2.79248469999999998e2,1.34646061198733747e2,4.82172959439075011e-1,false,false,false,false,2475,2,4,20000,29700000,20124,0,19.987561969,0.285261555,19.702300414,5265,0,true
55,165,free,de-retry,7955940764409777316,-1.43830269536881758e2,-2.79248469999999998e2,1.35418200463118239e2,4.84938021193520752e-1,false,false,false,false,2475,2,4,20000,29700000,20103,0,19.973770696,0.308539599,19.665231097,4107,0,true
55,165,free,de-retry,8335261214550714471,-1.40388291285410958e2,-2.79248469999999998e2,1.38860178714589040e2,4.97263883718285171e-1,false,false,false,false,2475,2,4,20000,29700000,20063,0,22.407019196,0.276702478,22.130316718,4478,0,true
55,165,free,de-retry,8638575829898871528,-1.52080210607134660e2,-2.79248469999999998e2,1.27168259392865338e2,4.55394650480503371e-1,false,false,false,false,2475,2,4,20000,29700000,20118,0,20.117538087,0.168404264,19.949133823,5055,0,true
55,165,free,de-retry,12222677779089720353,-1.44087286430180114e2,-2.79248469999999998e2,1.35161183569819883e2,4.84017633363648836e-1,false,false,false,false,2475,2,4,20000,29700000,20139,0,18.593202840,0.226972699,18.366230141,5941,0,true
55,165,free,de-retry,14386783963371075810,-1.49116933377841548e2,-2.79248469999999998e2,1.30131536622158450e2,4.66006265395683128e-1,false,false,false,false,2475,2,4,20000,29700000,20018,0,19.788829987,0.253141135,19.535688852,4250,0,true
55,165,free,lbfgs-multistart,4773657909067814169,-2.60023725960407774e2,-2.79248469999999998e2,1.92247440395922240e1,6.88445814567658076e-2,false,false,false,true,,,4,7960,11820600,7970,15129,0.093757772,0.045192812,0.048564960,1791,0,true
55,165,free,lbfgs-multistart,6689891048696985090,-2.63797590884165402e2,-2.79248469999999998e2,1.54508791158345957e1,5.53302194129643640e-2,false,false,false,true,,,4,3746,5562810,3759,6882,0.038509296,0.019593029,0.018916267,2007,0,true
55,165,free,lbfgs-multistart,6924010277989202646,-2.64154534735882294e2,-2.79248469999999998e2,1.50939352641177038e1,5.40519891268077604e-2,false,false,false,true,,,4,1837,2727945,1854,3302,0.020621824,0.010772055,0.009849769,1823,0,true
55,165,free,lbfgs-multistart,7328677105447600177,-2.63689682344976291e2,-2.79248469999999998e2,1.55587876550237070e1,5.57166442309377993e-2,false,false,false,true,,,4,1664,2471040,1669,3092,0.017773331,0.009012203,0.008761128,2215,0,true
55,165,free,lbfgs-multistart,7864081664548081831,-2.66174197766425891e2,-2.79248469999999998e2,1.30742722335741064e1,4.68194946012563881e-2,false,false,true,true,,,4,1863,2766555,1867,3489,0.020349911,0.010210097,0.010139814,1948,0,true
55,165,free,lbfgs-multistart,7955940764409777316,-2.65519872925265588e2,-2.79248469999999998e2,1.37285970747344095e1,4.91626581686711098e-2,false,false,true,true,,,4,2187,3247695,2208,3784,0.022971162,0.012380767,0.010590395,1926,0,true
55,165,free,lbfgs-multistart,8335261214550714471,-2.65357477526800437e2,-2.79248469999999998e2,1.38909924731995602e1,4.97442026206967591e-2,false,false,true,true,,,4,6440,9563400,6445,12396,0.068071878,0.033099553,0.034972325,2085,0,true
55,165,free,lbfgs-multistart,8638575829898871528,-2.63057667306213261e2,-2.79248469999999998e2,1.61908026937867362e1,5.79799154988628468e-2,false,false,false,true,,,4,6580,9771300,6591,12489,0.068981078,0.034163267,0.034817811,2098,0,true
55,165,free,lbfgs-multistart,12222677779089720353,-2.67610624884165077e2,-2.79248469999999998e2,1.16378451158349208e1,4.16755913321026281e-2,false,false,true,true,,,4,1740,2583900,1759,3017,0.026439544,0.013725958,0.012713586,2110,0,true
55,165,free,lbfgs-multistart,14386783963371075810,-2.63958649663805886e2,-2.79248469999999998e2,1.52898203361941114e1,5.47534614466969535e-2,false,false,false,true,,,4,6752,10026720,6774,12784,0.083911725,0.041971524,0.041940201,1735,0,true
55,165,free,random,4773657909067814169,-1.66000899584956091e-1,-2.79248469999999998e2,2.79082469100415040e2,9.99405544103482590e-1,false,false,false,false,,,,20000,29700000,20000,0,0.233288156,0.135084976,0.098203180,0,0,true
55,165,free,random,6689891048696985090,1.84841407555313744e1,-2.79248469999999998e2,2.97732610755531368e2,1.06619245131596019e0,false,false,false,false,,,,20000,29700000,20000,0,0.302412628,0.183402118,0.119010510,0,0,true
55,165,free,random,6924010277989202646,1.54564170883794176e1,-2.79248469999999998e2,2.94704887088379394e2,1.05535005111533620e0,false,false,false,false,,,,20000,29700000,20000,0,0.274416035,0.162933576,0.111482459,0,0,true
55,165,free,random,7328677105447600177,-2.47124868055695863e1,-2.79248469999999998e2,2.54535983194430401e2,9.11503591029273696e-1,false,false,false,false,,,,20000,29700000,20000,0,0.372105317,0.222905322,0.149199995,0,0,true
55,165,free,random,7864081664548081831,-8.77907871551379770e0,-2.79248469999999998e2,2.70469391284486221e2,9.68561766102017385e-1,false,false,false,false,,,,20000,29700000,20000,0,0.388628204,0.226993831,0.161634373,0,0,true
55,165,free,random,7955940764409777316,-9.53710551376066462e0,-2.79248469999999998e2,2.69711364486239347e2,9.65847241656290323e-1,false,false,false,false,,,,20000,29700000,20000,0,0.683408031,0.397740044,0.285667987,0,0,true
55,165,free,random,8335261214550714471,-5.64550618710967900e-1,-2.79248469999999998e2,2.78683919381289002e2,9.97978321533109947e-1,false,false,false,false,,,,20000,29700000,20000,0,0.310880699,0.181172095,0.129708604,0,0,true
55,165,free,random,8638575829898871528,7.65347030599093348e0,-2.79248469999999998e2,2.86901940305990934e2,1.02740738492136030e0,false,false,false,false,,,,20000,29700000,20000,0,0.256627843,0.144601628,0.112026215,0,0,true
55,165,free,random,12222677779089720353,-3.76494615098192824e1,-2.79248469999999998e2,2.41599008490180722e2,8.65175764401433289e-1,false,false,false,false,,,,20000,29700000,20000,0,0.451586133,0.242963989,0.208622144,0,0,true
55,165,free,random,14386783963371075810,1.68946035740944822e1,-2.79248469999999998e2,2.96143073574094501e2,1.06050025475195797e0,false,false,false,false,,,,20000,29700000,20000,0,0.432606997,0.267953601,0.164653396,0,0,true
75,219,fixed-frame,basin-hopping,2910522129518853000,-3.75260370132793753e2,-3.97492330999999979e2,2.22319608672062259e1,5.59305403736361090e-2,false,false,false,true,,,5,17921,49730775,17925,34489,0.433776688,0.245950866,0.187825822,6444,0,true
75,219,fixed-frame,basin-hopping,4731736691415956141,-3.77241036347349109e2,-3.97492330999999979e2,2.02512946526508699e1,5.09476361511258247e-2,false,false,false,true,,,5,17962,49844550,17962,34722,0.466618294,0.260923362,0.205694932,5454,0,true
75,219,fixed-frame,basin-hopping,7407323647264859716,-3.75404414552353273e2,-3.97492330999999979e2,2.20879164476467054e1,5.55681574838904416e-2,false,false,false,true,,,5,18018,49999950,18027,34602,0.379483913,0.220901943,0.158581970,5725,0,true
75,219,fixed-frame,basin-hopping,8872592126365022774,-2.86575302223731853e2,-3.97492330999999979e2,1.10917028776268126e2,2.79041933959395361e-1,false,false,false,false,,,5,20000,55500000,20003,38498,0.506399120,0.306592879,0.199806241,5028,0,true
75,219,fixed-frame,basin-hopping,10755073629183295884,-3.79709184697509613e2,-3.97492330999999979e2,1.77831463024903655e1,4.47383381152336376e-2,false,false,true,true,,,5,18084,50183100,18090,34785,0.306908552,0.175782007,0.131126545,7083,0,true
75,219,fixed-frame,basin-hopping,11513381819083278912,-3.73320826099327803e2,-3.97492330999999979e2,2.41715049006721756e1,6.08099905723015755e-2,false,false,false,true,,,5,18065,50130375,18065,34855,0.469806651,0.267077944,0.202728707,5316,0,true
75,219,fixed-frame,basin-hopping,11826906021640961783,-3.73949441052492773e2,-3.97492330999999979e2,2.35428899475072058e1,5.92285387953993200e-2,false,false,false,true,,,5,18552,51481800,18574,35641,0.587017844,0.351638036,0.235379808,5328,0,true
75,219,fixed-frame,basin-hopping,11991622382020256984,-3.79633256905068890e2,-3.97492330999999979e2,1.78590740949310884e1,4.49293551148565173e-2,false,false,true,true,,,5,18181,50452275,18191,34933,0.459065674,0.259724583,0.199341091,9922,0,true
75,219,fixed-frame,basin-hopping,13031615034431741802,-3.82717497316119477e2,-3.97492330999999979e2,1.47748336838805017e1,3.71701100413947411e-2,false,false,true,true,,,5,18282,50732550,18292,35019,0.559905282,0.316430262,0.243475020,6187,0,true
75,219,fixed-frame,basin-hopping,13221001052841687732,-3.78756961028793739e2,-3.97492330999999979e2,1.87353699712062394e1,4.71339155753579542e-2,false,false,true,true,,,5,17766,49300650,17766,34310,0.501337636,0.294385242,0.206952394,5793,0,true
75,219,fixed-frame,bite-retry,2910522129518853000,-7.87591847306593706e1,-3.97492330999999979e2,3.18733146269340637e2,8.01859863478323720e-1,false,false,false,false,,,4,20000,55500000,20000,0,0.476907400,0.312049058,0.164858342,1406728,0,true
75,219,fixed-frame,bite-retry,4731736691415956141,-7.19124522694690853e1,-3.97492330999999979e2,3.25579878730530879e2,8.19084679977211683e-1,false,false,false,false,,,4,20000,55500000,20000,0,0.567452202,0.342260980,0.225191222,1406419,0,true
75,219,fixed-frame,bite-retry,7407323647264859716,-7.42400032184189484e1,-3.97492330999999979e2,3.23252327781581016e2,8.13229092919483310e-1,false,false,false,false,,,4,20000,55500000,20000,0,0.346437802,0.208496376,0.137941426,1348996,0,true
75,219,fixed-frame,bite-retry,8872592126365022774,-6.25991893733825648e1,-3.97492330999999979e2,3.34893141626617421e2,8.42514724206383292e-1,false,false,false,false,,,4,20000,55500000,20000,0,0.443575364,0.286635268,0.156940096,1375512,0,true
75,219,fixed-frame,bite-retry,10755073629183295884,-7.16282328066979659e1,-3.97492330999999979e2,3.25864098193302027e2,8.19799711288774602e-1,false,false,false,false,,,4,20000,55500000,20000,0,0.342548425,0.210866658,0.131681767,1309086,0,true
75,219,fixed-frame,bite-retry,11513381819083278912,-6.36629407774814879e1,-3.97492330999999979e2,3.33829390222518498e2,8.39838568413835640e-1,false,false,false,false,,,4,20000,55500000,20000,0,0.515044100,0.306371889,0.208672211,1346121,0,true
75,219,fixed-frame,bite-retry,11826906021640961783,-7.07348110271581589e1,-3.97492330999999979e2,3.26757519972841806e2,8.22047356613886060e-1,false,false,false,false,,,4,20000,55500000,20000,0,0.492796136,0.297934461,0.194861675,1347413,0,true
75,219,fixed-frame,bite-retry,11991622382020256984,-6.59523827564598406e1,-3.97492330999999979e2,3.31539948243540152e2,8.34078854828371963e-1,false,false,false,false,,,4,20000,55500000,20000,0,0.522593579,0.308546364,0.214047215,1401801,0,true
75,219,fixed-frame,bite-retry,13031615034431741802,-7.54647603378960241e1,-3.97492330999999979e2,3.22027570662103926e2,8.10147883487352005e-1,false,false,false,false,,,4,20000,55500000,20000,0,0.565870674,0.354328770,0.211541904,1359450,0,true
75,219,fixed-frame,bite-retry,13221001052841687732,-7.73705222085595636e1,-3.97492330999999979e2,3.20121808791440401e2,8.05353421501458944e-1,false,false,false,false,,,4,20000,55500000,20000,0,0.492637773,0.301479669,0.191158104,1411395,0,true
75,219,fixed-frame,cma-retry,2910522129518853000,-2.92203034650903675e1,-3.97492330999999979e2,3.68272027534909626e2,9.26488384337934900e-1,false,false,false,false,20,250,4,20000,55500000,20088,0,6.533390608,0.275957269,6.257433339,78149,0,true
75,219,fixed-frame,cma-retry,4731736691415956141,-2.46544003313729760e1,-3.97492330999999979e2,3.72837930668626996e2,9.37975154717203830e-1,false,false,false,false,20,250,4,20000,55500000,20088,0,7.434226474,0.313315721,7.120910753,78703,0,true
75,219,fixed-frame,cma-retry,7407323647264859716,-3.27349826067038663e1,-3.97492330999999979e2,3.64757348393296127e2,9.17646253641296372e-1,false,false,false,false,20,250,4,20000,55500000,20088,0,7.178364584,0.308545481,6.869819103,79175,0,true
75,219,fixed-frame,cma-retry,8872592126365022774,-3.15572638126929341e1,-3.97492330999999979e2,3.65935067187307027e2,9.20609125380351112e-1,false,false,false,false,20,250,4,20000,55500000,20088,0,6.246285540,0.271690407,5.974595133,85909,0,true
75,219,fixed-frame,cma-retry,10755073629183295884,-3.48437113178207269e1,-3.97492330999999979e2,3.62648619682179230e2,9.12341173400347261e-1,false,false,false,false,20,250,4,20000,55500000,20088,0,7.183501242,0.295362978,6.888138264,79379,0,true
75,219,fixed-frame,cma-retry,11513381819083278912,-2.75397720039275846e1,-3.97492330999999979e2,3.69952558996072412e2,9.30716218009429830e-1,false,false,false,false,20,250,4,20000,55500000,20088,0,7.791952866,0.344692238,7.447260628,81182,0,true
75,219,fixed-frame,cma-retry,11826906021640961783,-3.13925550053585880e1,-3.97492330999999979e2,3.66099775994641391e2,9.21023495154278615e-1,false,false,false,false,20,250,4,20000,55500000,20088,0,7.704763291,0.322583430,7.382179861,80674,0,true
75,219,fixed-frame,cma-retry,11991622382020256984,-3.11305687238117379e1,-3.97492330999999979e2,3.66361762276188244e2,9.21682592855327942e-1,false,false,false,false,20,250,4,20000,55500000,20088,0,7.287519697,0.299663467,6.987856230,84073,0,true
75,219,fixed-frame,cma-retry,13031615034431741802,-2.54119325106931839e1,-3.97492330999999979e2,3.72080398489306788e2,9.36069376617247983e-1,false,false,false,false,20,250,4,20000,55500000,20088,0,7.600776264,0.300311901,7.300464363,85264,0,true
75,219,fixed-frame,cma-retry,13221001052841687732,-3.02125904357664723e1,-3.97492330999999979e2,3.67279740564233521e2,9.23992016752226419e-1,false,false,false,false,20,250,4,20000,55500000,20088,0,7.600010506,0.321123308,7.278887198,80287,0,true
75,219,fixed-frame,crfmnes-retry,2910522129518853000,-1.43313383722725945e2,-3.97492330999999979e2,2.54178947277274034e2,6.39456229602764492e-1,false,false,false,false,16,312,4,20000,55500000,20032,0,0.388269049,0.274561393,0.113707656,30794,0,true
75,219,fixed-frame,crfmnes-retry,4731736691415956141,-1.23428992885871153e2,-3.97492330999999979e2,2.74063338114128840e2,6.89480819478071494e-1,false,false,false,false,16,312,4,20000,55500000,20032,0,0.469332547,0.310191036,0.159141511,32575,0,true
75,219,fixed-frame,crfmnes-retry,7407323647264859716,-1.30498377495336598e2,-3.97492330999999979e2,2.66993953504663409e2,6.71695860981688764e-1,false,false,false,false,16,312,4,20000,55500000,20032,0,0.370714540,0.263129591,0.107584949,35168,0,true
75,219,fixed-frame,crfmnes-retry,8872592126365022774,-1.11747482242113961e2,-3.97492330999999979e2,2.85744848757886018e2,7.18868834623845987e-1,false,false,false,false,16,312,4,20000,55500000,20032,0,0.403577140,0.284014659,0.119562481,34874,0,true
75,219,fixed-frame,crfmnes-retry,10755073629183295884,-1.31792723304015539e2,-3.97492330999999979e2,2.65699607695984469e2,6.68439582287147283e-1,false,false,false,false,16,312,4,20000,55500000,20032,0,0.303835626,0.221238319,0.082597307,33604,0,true
75,219,fixed-frame,crfmnes-retry,11513381819083278912,-1.46665236221867218e2,-3.97492330999999979e2,2.50827094778132761e2,6.31023733582756319e-1,false,false,false,false,16,312,4,20000,55500000,20032,0,0.487645634,0.344170017,0.143475617,30403,0,true
75,219,fixed-frame,crfmnes-retry,11826906021640961783,-1.27480532583023191e2,-3.97492330999999979e2,2.70011798416976774e2,6.79288070131287114e-1,false,false,false,false,16,312,4,20000,55500000,20032,0,0.454407330,0.328744786,0.125662544,34261,0,true
75,219,fixed-frame,crfmnes-retry,11991622382020256984,-1.33474800486509508e2,-3.97492330999999979e2,2.64017530513490442e2,6.64207859933505174e-1,false,false,false,false,16,312,4,20000,55500000,20032,0,0.434481313,0.303349438,0.131131875,31754,0,true
75,219,fixed-frame,crfmnes-retry,13031615034431741802,-1.44504774792136288e2,-3.97492330999999979e2,2.52987556207863690e2,6.36458961538716284e-1,false,false,false,false,16,312,4,20000,55500000,20032,0,0.494335184,0.337662349,0.156672835,29523,0,true
75,219,fixed-frame,crfmnes-retry,13221001052841687732,-1.27591309536319017e2,-3.97492330999999979e2,2.69901021463680991e2,6.79009380595272383e-1,false,false,false,false,16,312,4,20000,55500000,20032,0,0.479447158,0.338846836,0.140600322,31943,0,true
75,219,fixed-frame,de-retry,2910522129518853000,-1.83871296424920502e2,-3.97492330999999979e2,2.13621034575079477e2,5.37421776258318551e-1,false,false,false,false,3285,1,4,20000,55500000,20144,0,11.003197252,0.392441960,10.610755292,7484,0,true
75,219,fixed-frame,de-retry,4731736691415956141,-1.82906368449663603e2,-3.97492330999999979e2,2.14585962550336376e2,5.39849314854671691e-1,false,false,false,false,3285,1,4,20000,55500000,20075,0,0.312233694,0.272659214,0.039574480,10167,0,true
75,219,fixed-frame,de-retry,7407323647264859716,-1.83055101482573633e2,-3.97492330999999979e2,2.14437229517426346e2,5.39475136483642870e-1,false,false,false,false,3285,1,4,20000,55500000,20089,0,10.147405777,0.635270776,9.512135001,7673,0,true
75,219,fixed-frame,de-retry,8872592126365022774,-1.76622584834904757e2,-3.97492330999999979e2,2.20869746165095222e2,5.55657880516681524e-1,false,false,false,false,3285,1,4,20000,55500000,20124,0,10.898089492,0.360109802,10.537979690,6291,0,true
75,219,fixed-frame,de-retry,10755073629183295884,-1.80642764301088675e2,-3.97492330999999979e2,2.16849566698911303e2,5.45544026354841338e-1,false,false,false,false,3285,1,4,20000,55500000,20061,0,10.957804989,0.424419720,10.533385269,7106,0,true
75,219,fixed-frame,de-retry,11513381819083278912,-1.81635935417016498e2,-3.97492330999999979e2,2.15856395582983481e2,5.43045434461434939e-1,false,false,false,false,3285,1,4,20000,55500000,20120,0,0.378766826,0.342361240,0.036405586,9016,0,true
75,219,fixed-frame,de-retry,11826906021640961783,-1.77805528196825833e2,-3.97492330999999979e2,2.19686802803174146e2,5.52681864956972357e-1,false,false,false,false,3285,1,4,20000,55500000,20119,0,0.393484741,0.357071665,0.036413076,6887,0,true
75,219,fixed-frame,de-retry,11991622382020256984,-1.77371270194635400e2,-3.97492330999999979e2,2.20121060805364579e2,5.53774358996034555e-1,false,false,false,false,3285,1,4,20000,55500000,20122,0,0.449164333,0.404512691,0.044651642,5775,0,true
75,219,fixed-frame,de-retry,13031615034431741802,-1.96332864585765350e2,-3.97492330999999979e2,2.01159466414234629e2,5.06071314402880001e-1,false,false,false,false,3285,1,4,20000,55500000,20065,0,0.421478574,0.368607773,0.052870801,7390,0,true
75,219,fixed-frame,de-retry,13221001052841687732,-1.79952370476425472e2,-3.97492330999999979e2,2.17539960523574507e2,5.47280899674953747e-1,false,false,false,false,3285,1,4,20000,55500000,20095,0,0.454161843,0.414316298,0.039845545,7741,0,true
75,219,fixed-frame,lbfgs-multistart,2910522129518853000,-3.86014535374795742e2,-3.97492330999999979e2,1.14777956252042372e1,2.88755146453485607e-2,false,false,true,true,,,4,3049,8460975,3073,5472,0.070495346,0.042563304,0.027932042,3385,0,true
75,219,fixed-frame,lbfgs-multistart,4731736691415956141,-3.77832039973617498e2,-3.97492330999999979e2,1.96602910263824810e1,4.94608058900700698e-2,false,false,true,true,,,4,3553,9859575,3581,6442,0.112995403,0.069922211,0.043073192,3938,0,true
75,219,fixed-frame,lbfgs-multistart,7407323647264859716,-3.81759291050911145e2,-3.97492330999999979e2,1.57330399490888340e1,3.95807383491100229e-2,false,false,true,true,,,4,3971,11019525,4024,7164,0.104941836,0.068593322,0.036348514,3403,0,true
75,219,fixed-frame,lbfgs-multistart,8872592126365022774,-3.81338776394182162e2,-3.97492330999999979e2,1.61535546058178170e1,4.06386572671205010e-2,false,false,true,true,,,4,3998,11094450,4024,7367,0.077349918,0.046515335,0.030834583,3439,0,true
75,219,fixed-frame,lbfgs-multistart,10755073629183295884,-3.78393722964599988e2,-3.97492330999999979e2,1.90986080353999910e1,4.80477396566425657e-2,false,false,true,true,,,4,11242,31196550,11248,21661,0.201148037,0.116385546,0.084762491,3461,0,true
75,219,fixed-frame,lbfgs-multistart,11513381819083278912,-3.78273618984483846e2,-3.97492330999999979e2,1.92187120155161324e1,4.83498938637790532e-2,false,false,true,true,,,4,10757,29850675,10805,20080,0.274038396,0.161244377,0.112794019,3341,0,true
75,219,fixed-frame,lbfgs-multistart,11826906021640961783,-3.81089998089638414e2,-3.97492330999999979e2,1.64023329103615652e1,4.12645267119922526e-2,false,false,true,true,,,4,4506,12504150,4520,8579,0.120268029,0.073712954,0.046555075,3728,0,true
75,219,fixed-frame,lbfgs-multistart,11991622382020256984,-3.77848876581907859e2,-3.97492330999999979e2,1.96434544180921193e1,4.94184488256004112e-2,false,false,true,true,,,4,4361,12101775,4437,7554,0.102541428,0.062805152,0.039736276,3720,0,true
75,219,fixed-frame,lbfgs-multistart,13031615034431741802,-3.81277999391060916e2,-3.97492330999999979e2,1.62143316089390623e1,4.07915583381131056e-2,false,false,true,true,,,4,11974,33227850,11979,23187,0.417167726,0.234413494,0.182754232,3754,0,true
75,219,fixed-frame,lbfgs-multistart,13221001052841687732,-3.80183976622267949e2,-3.97492330999999979e2,1.73083543777320301e1,4.35438699765305151e-2,false,false,true,true,,,4,4095,11363625,4097,7934,0.116169060,0.071715433,0.044453627,3353,0,true
75,219,fixed-frame,random,2910522129518853000,5.49268415309331388e1,-3.97492330999999979e2,4.52419172530933110e2,1.13818339939477498e0,false,false,false,false,,,,20000,55500000,20000,0,0.714386449,0.427866204,0.286520245,0,0,true
75,219,fixed-frame,random,4731736691415956141,6.33531846346015399e1,-3.97492330999999979e2,4.60845515634601497e2,1.15938215581472814e0,false,false,false,false,,,,20000,55500000,20000,0,0.784482482,0.479182660,0.305299822,0,0,true
75,219,fixed-frame,random,7407323647264859716,5.83360724073687464e1,-3.97492330999999979e2,4.55828403407368739e2,1.14676024631873652e0,false,false,false,false,,,,20000,55500000,20000,0,0.740238067,0.454238244,0.285999823,0,0,true
75,219,fixed-frame,random,8872592126365022774,8.39547684152850024e1,-3.97492330999999979e2,4.81447099415284981e2,1.21121103947860820e0,false,false,false,false,,,,20000,55500000,20000,0,0.698838664,0.429866350,0.268972314,0,0,true
75,219,fixed-frame,random,10755073629183295884,3.75910324218810885e1,-3.97492330999999979e2,4.35083363421881074e2,1.09457045957920918e0,false,false,false,false,,,,20000,55500000,20000,0,0.716192180,0.452507100,0.263685080,0,0,true
75,219,fixed-frame,random,11513381819083278912,5.38947976885996951e1,-3.97492330999999979e2,4.51387128688599660e2,1.13558701259219941e0,false,false,false,false,,,,20000,55500000,20000,0,0.579365742,0.340668150,0.238697592,0,0,true
75,219,fixed-frame,random,11826906021640961783,6.22652658646831583e1,-3.97492330999999979e2,4.59757596864683137e2,1.15664520044459218e0,false,false,false,false,,,,20000,55500000,20000,0,0.734883422,0.425423090,0.309460332,0,0,true
75,219,fixed-frame,random,11991622382020256984,4.78828842507510899e1,-3.97492330999999979e2,4.45375215250751069e2,1.12046241025654170e0,false,false,false,false,,,,20000,55500000,20000,0,0.982630019,0.560435888,0.422194131,0,0,true
75,219,fixed-frame,random,13031615034431741802,6.96037876798455244e1,-3.97492330999999979e2,4.67096118679845517e2,1.17510724673539824e0,false,false,false,false,,,,20000,55500000,20000,0,0.596208612,0.363302531,0.232906081,0,0,true
75,219,fixed-frame,random,13221001052841687732,6.59945417919837496e1,-3.97492330999999979e2,4.63486872791983728e2,1.16602720768462764e0,false,false,false,false,,,,20000,55500000,20000,0,0.823544887,0.500886634,0.322658253,0,0,true
75,225,free,basin-hopping,1287922141077879032,-3.71221948034027378e2,-3.97492330999999979e2,2.62703829659726011e1,6.60902888362206037e-2,false,false,false,true,,,5,17755,49270125,17756,34034,0.480011142,0.269407525,0.210603617,7318,0,true
75,225,free,basin-hopping,1786420581672205123,-3.82532097847801651e2,-3.97492330999999979e2,1.49602331521983274e1,3.76365327969015034e-2,false,false,true,true,,,5,17540,48673500,17540,33808,0.449892264,0.245499259,0.204393005,6238,0,true
75,225,free,basin-hopping,4004884927747905394,-3.73898775075832987e2,-3.97492330999999979e2,2.35935559241669921e1,5.93560028310759838e-2,false,false,false,true,,,5,17864,49572600,17877,34204,0.457662097,0.247992563,0.209669534,6364,0,true
75,225,free,basin-hopping,6303565281650490854,-3.78042356498460947e2,-3.97492330999999979e2,1.94499745015390317e1,4.89316975062319692e-2,false,false,true,true,,,5,17882,49622550,17893,34296,0.300247220,0.169747912,0.130499308,5293,0,true
75,225,free,basin-hopping,8140142588874384960,-3.76069227191275388e2,-3.97492330999999979e2,2.14231038087245906e1,5.38956405896660953e-2,false,false,false,true,,,5,18054,50099850,18062,34524,0.475225926,0.263180882,0.212045044,6109,0,true
75,225,free,basin-hopping,8584672532144930599,-3.75792523570510241e2,-3.97492330999999979e2,2.16998074294897378e1,5.45917637578012538e-2,false,false,false,true,,,5,17605,48853875,17605,33945,0.522808961,0.308722720,0.214086241,7794,0,true
75,225,free,basin-hopping,10274910186795659788,-3.72475870113364351e2,-3.97492330999999979e2,2.50164608866356275e1,6.29357070203088453e-2,false,false,false,true,,,5,17831,49481025,17837,34325,0.335916436,0.192475340,0.143441096,5823,0,true
75,225,free,basin-hopping,14220113434379166222,-3.74862331453870070e2,-3.97492330999999979e2,2.26299995461299090e1,5.69319148603395567e-2,false,false,false,true,,,5,17831,49481025,17838,34273,0.401172621,0.239074775,0.162097846,6308,0,true
75,225,free,basin-hopping,16060929746927937307,-3.80938567765146047e2,-3.97492330999999979e2,1.65537632348539319e1,4.16454908531403434e-2,false,false,true,true,,,5,18274,50710350,18317,34707,0.451235451,0.259514948,0.191720503,6617,0,true
75,225,free,basin-hopping,16551941299703004814,-3.77092021264089851e2,-3.97492330999999979e2,2.04003097359101275e1,5.13225240964715057e-2,false,false,false,true,,,5,18296,50771400,18354,34790,0.477632874,0.268905544,0.208727330,6150,0,true
75,225,free,bite-retry,1287922141077879032,-7.06836564829631868e1,-3.97492330999999979e2,3.26808674517036820e2,8.22176049773993833e-1,false,false,false,false,,,4,20000,55500000,20000,0,0.479086561,0.286419360,0.192667201,1386762,0,true
75,225,free,bite-retry,1786420581672205123,-7.68777299231628319e1,-3.97492330999999979e2,3.20614601076837175e2,8.06593174439979799e-1,false,false,false,false,,,4,20000,55500000,20000,0,0.486669292,0.290500152,0.196169140,1399593,0,true
75,225,free,bite-retry,4004884927747905394,-7.08382874481242766e1,-3.97492330999999979e2,3.26654043551875702e2,8.21787033551285573e-1,false,false,false,false,,,4,20000,55500000,20000,0,0.501142634,0.295762893,0.205379741,1353852,0,true
75,225,free,bite-retry,6303565281650490854,-6.91807203798166199e1,-3.97492330999999979e2,3.28311610620183387e2,8.25957094050660867e-1,false,false,false,false,,,4,20000,55500000,20000,0,0.309037915,0.187686257,0.121351658,1437123,0,true
75,225,free,bite-retry,8140142588874384960,-7.93685679921137819e1,-3.97492330999999979e2,3.18123763007886168e2,8.00326794249235918e-1,false,false,false,false,,,4,20000,55500000,20000,0,0.567088157,0.364849884,0.202238273,1521836,0,true
75,225,free,bite-retry,8584672532144930599,-7.03837844448462278e1,-3.97492330999999979e2,3.27108546555153737e2,8.22930459393325431e-1,false,false,false,false,,,4,20000,55500000,20000,0,0.552574486,0.345424381,0.207150105,1406050,0,true
75,225,free,bite-retry,10274910186795659788,-6.95386507416124005e1,-3.97492330999999979e2,3.27953680258387578e2,8.25056622937431206e-1,false,false,false,false,,,4,20000,55500000,20000,0,0.478923064,0.316413642,0.162509422,1508900,0,true
75,225,free,bite-retry,14220113434379166222,-7.69161893900808735e1,-3.97492330999999979e2,3.20576141609919091e2,8.06496419197378467e-1,false,false,false,false,,,4,20000,55500000,20000,0,0.383660323,0.243589912,0.140070411,1394064,0,true
75,225,free,bite-retry,16060929746927937307,-7.26856324412394201e1,-3.97492330999999979e2,3.24806698558760559e2,8.17139535099006942e-1,false,false,false,false,,,4,20000,55500000,20000,0,0.521717738,0.304947712,0.216770026,1452953,0,true
75,225,free,bite-retry,16551941299703004814,-7.38297617196400751e1,-3.97492330999999979e2,3.23662569280359889e2,8.14261166916349644e-1,false,false,false,false,,,4,20000,55500000,20000,0,0.489987191,0.292660924,0.197326267,1381213,0,true
75,225,free,cma-retry,1287922141077879032,-2.82666267408966796e1,-3.97492330999999979e2,3.69225704259103281e2,9.28887617354064887e-1,false,false,false,false,20,250,4,20000,55500000,20088,0,8.188084817,0.312251213,7.875833604,81223,0,true
75,225,free,cma-retry,1786420581672205123,-3.32981460332202985e1,-3.97492330999999979e2,3.64194184966779687e2,9.16229462969889830e-1,false,false,false,false,20,250,4,20000,55500000,20088,0,8.169745288,0.304776729,7.864968559,85235,0,true
75,225,free,cma-retry,4004884927747905394,-2.87739281608003559e1,-3.97492330999999979e2,3.68718402839199598e2,9.27611362744001244e-1,false,false,false,false,20,250,4,20000,55500000,20088,0,8.420407018,0.315903718,8.104503300,85033,0,true
75,225,free,cma-retry,6303565281650490854,-3.50463814171959314e1,-3.97492330999999979e2,3.62445949582804019e2,9.11831301678129869e-1,false,false,false,false,20,250,4,20000,55500000,20088,0,4.374922202,0.203229887,4.171692315,86492,0,true
75,225,free,cma-retry,8140142588874384960,-3.66823752486890697e1,-3.97492330999999979e2,3.60809955751310895e2,9.07715514519727762e-1,false,false,false,false,20,250,4,20000,55500000,20088,0,8.257740379,0.323876430,7.933863949,70896,0,true
75,225,free,cma-retry,8584672532144930599,-3.23243392087809767e1,-3.97492330999999979e2,3.65167991791218981e2,9.18679338724698535e-1,false,false,false,false,20,250,4,20000,55500000,20088,0,8.069075829,0.305326255,7.763749574,79946,0,true
75,225,free,cma-retry,10274910186795659788,-2.45173809511738732e1,-3.97492330999999979e2,3.72974950048826088e2,9.38319864210980459e-1,false,false,false,false,20,250,4,20000,55500000,20088,0,6.975965602,0.303017931,6.672947671,86317,0,true
75,225,free,cma-retry,14220113434379166222,-2.94190248840594428e1,-3.97492330999999979e2,3.68073306115940511e2,9.25988446594559700e-1,false,false,false,false,20,250,4,20000,55500000,20088,0,7.263236329,0.285346264,6.977890065,80648,0,true
75,225,free,cma-retry,16060929746927937307,-2.71125320370161411e1,-3.97492330999999979e2,3.70379798962983841e2,9.31791056273193474e-1,false,false,false,false,20,250,4,20000,55500000,20088,0,8.098793431,0.307607864,7.791185567,85171,0,true
75,225,free,cma-retry,16551941299703004814,-2.83199688163395571e1,-3.97492330999999979e2,3.69172362183660425e2,9.28753420864515844e-1,false,false,false,false,20,250,4,20000,55500000,20088,0,8.401450765,0.321180273,8.080270492,79826,0,true
75,225,free,crfmnes-retry,1287922141077879032,-1.06163638186405393e2,-3.97492330999999979e2,2.91328692813594557e2,7.32916512076291049e-1,false,false,false,false,16,312,4,20000,55500000,20032,0,0.413870848,0.287233969,0.126636879,32157,0,true
75,225,free,crfmnes-retry,1786420581672205123,-1.23149025450179963e2,-3.97492330999999979e2,2.74343305549820002e2,6.90185153659782169e-1,false,false,false,false,16,312,4,20000,55500000,20032,0,0.441826819,0.309701101,0.132125718,37196,0,true
75,225,free,crfmnes-retry,4004884927747905394,-1.04263268967117142e2,-3.97492330999999979e2,2.93229062032882837e2,7.37697407381886938e-1,false,false,false,false,16,312,4,20000,55500000,20032,0,0.415112132,0.290390080,0.124722052,33353,0,true
75,225,free,crfmnes-retry,6303565281650490854,-1.40472720218538768e2,-3.97492330999999979e2,2.57019610781461211e2,6.46602690760997967e-1,false,false,false,false,16,312,4,20000,55500000,20032,0,0.261151997,0.190503342,0.070648655,39815,0,true
75,225,free,crfmnes-retry,8140142588874384960,-1.23721105899592018e2,-3.97492330999999979e2,2.73771225100407946e2,6.88745929793568634e-1,false,false,false,false,16,312,4,20000,55500000,20032,0,0.371467853,0.260116917,0.111350936,33932,0,true
75,225,free,crfmnes-retry,8584672532144930599,-1.13436337086641288e2,-3.97492330999999979e2,2.84055993913358691e2,7.14620061219140124e-1,false,false,false,false,16,312,4,20000,55500000,20032,0,0.474343926,0.334119489,0.140224437,31412,0,true
75,225,free,crfmnes-retry,10274910186795659788,-1.23448580941884586e2,-3.97492330999999979e2,2.74043750058115393e2,6.89431540398990461e-1,false,false,false,false,16,312,4,20000,55500000,20032,0,0.279888181,0.203844421,0.076043760,35554,0,true
75,225,free,crfmnes-retry,14220113434379166222,-9.63053242634105118e1,-3.97492330999999979e2,3.01187006736589467e2,7.57717780312570310e-1,false,false,false,false,16,312,4,20000,55500000,20032,0,0.292332590,0.207895340,0.084437250,38010,0,true
75,225,free,crfmnes-retry,16060929746927937307,-7.69022660327299121e1,-3.97492330999999979e2,3.20590064967270052e2,8.06531447187266770e-1,false,false,false,false,16,312,4,20000,55500000,20032,0,0.468221143,0.342858330,0.125362813,36242,0,true
75,225,free,crfmnes-retry,16551941299703004814,-1.07262789648827138e2,-3.97492330999999979e2,2.90229541351172827e2,7.30151297815033407e-1,false,false,false,false,16,312,4,20000,55500000,20032,0,0.424321191,0.291562404,0.132758787,37311,0,true
75,225,free,de-retry,1287922141077879032,-1.72831146350794569e2,-3.97492330999999979e2,2.24661184649205410e2,5.65196274564616519e-1,false,false,false,false,3375,1,4,20000,55500000,20042,0,0.547431601,0.493516235,0.053915366,7449,0,true
75,225,free,de-retry,1786420581672205123,-2.03393470761686217e2,-3.97492330999999979e2,1.94098860238313762e2,4.88308440442122071e-1,false,false,false,false,3375,1,4,20000,55500000,20090,0,0.322045151,0.280666443,0.041378708,7276,0,true
75,225,free,de-retry,4004884927747905394,-1.86532599678099444e2,-3.97492330999999979e2,2.10959731321900534e2,5.30726544562945435e-1,false,false,false,false,3375,1,4,20000,55500000,20132,0,0.389327101,0.352893735,0.036433366,6344,0,true
75,225,free,de-retry,6303565281650490854,-1.88204351855999448e2,-3.97492330999999979e2,2.09287979144000531e2,5.26520797564772547e-1,false,false,false,false,3375,1,4,20000,55500000,20085,0,19.286475591,0.319971376,18.966504215,6267,0,true
75,225,free,de-retry,8140142588874384960,-1.85798241636947324e2,-3.97492330999999979e2,2.11694089363052655e2,5.32574021819436472e-1,false,false,false,false,3375,1,4,20000,55500000,20146,0,0.380796480,0.341625518,0.039170962,7134,0,true
75,225,free,de-retry,8584672532144930599,-1.82369816429456733e2,-3.97492330999999979e2,2.15122514570543245e2,5.41199157300328526e-1,false,false,false,false,3375,1,4,20000,55500000,20128,0,0.509294589,0.453811765,0.055482824,7331,0,true
75,225,free,de-retry,10274910186795659788,-1.82091980591134472e2,-3.97492330999999979e2,2.15400350408865506e2,5.41898128869473750e-1,false,false,false,false,3375,1,4,20000,55500000,20123,0,11.130766549,0.549438968,10.581327581,8017,0,true
75,225,free,de-retry,14220113434379166222,-1.82078768421226499e2,-3.97492330999999979e2,2.15413562578773480e2,5.41931367674043263e-1,false,false,false,false,3375,1,4,20000,55500000,20091,0,10.849255939,0.358249789,10.491006150,6126,0,true
75,225,free,de-retry,16060929746927937307,-1.90246176317129994e2,-3.97492330999999979e2,2.07246154682869985e2,5.21384033149736359e-1,false,false,false,false,3375,1,4,20000,55500000,20075,0,0.536163268,0.487573822,0.048589446,6339,0,true
75,225,free,de-retry,16551941299703004814,-1.85578144200878114e2,-3.97492330999999979e2,2.11914186799121865e2,5.33127736743987279e-1,false,false,false,false,3375,1,4,20000,55500000,20099,0,0.447912178,0.407939404,0.039972774,6544,0,true
75,225,free,lbfgs-multistart,1287922141077879032,-3.81580898793073231e2,-3.97492330999999979e2,1.59114322069267473e1,4.00295325620426828e-2,false,false,true,true,,,4,2174,6032850,2204,3798,0.091036022,0.055124378,0.035911644,3624,0,true
75,225,free,lbfgs-multistart,1786420581672205123,-3.80005568696086357e2,-3.97492330999999979e2,1.74867623039136220e1,4.39927036074404740e-2,false,false,true,true,,,4,1851,5136525,1867,3240,0.068838048,0.040498760,0.028339288,4145,0,true
75,225,free,lbfgs-multistart,4004884927747905394,-3.78839251185966418e2,-3.97492330999999979e2,1.86530798140335605e1,4.69268923179138320e-2,false,false,true,true,,,4,2772,7692300,2821,4570,0.053148661,0.032996679,0.020151982,3801,0,true
75,225,free,lbfgs-multistart,6303565281650490854,-3.85040224958617557e2,-3.97492330999999979e2,1.24521060413824216e1,3.13266573220564171e-2,false,false,true,true,,,4,1822,5056050,1835,3403,0.032700688,0.019742411,0.012958277,4064,0,true
75,225,free,lbfgs-multistart,8140142588874384960,-3.78738505422994137e2,-3.97492330999999979e2,1.87538255770058413e1,4.71803456681176639e-2,false,false,true,true,,,4,7228,20057700,7278,13298,0.161336876,0.095293294,0.066043582,4664,0,true
75,225,free,lbfgs-multistart,8584672532144930599,-3.80663974974663915e2,-3.97492330999999979e2,1.68283560253360633e1,4.23363036539592119e-2,false,false,true,true,,,4,7351,20399025,7368,14039,0.201939929,0.123025950,0.078913979,4541,0,true
75,225,free,lbfgs-multistart,10274910186795659788,-3.81724596513822405e2,-3.97492330999999979e2,1.57677344861775737e1,3.96680218873897567e-2,false,false,true,true,,,4,2447,6790425,2498,4170,0.062746595,0.041934853,0.020811742,3677,0,true
75,225,free,lbfgs-multistart,14220113434379166222,-3.77998230680445204e2,-3.97492330999999979e2,1.94941003195547751e1,4.90427079951758285e-2,false,false,true,true,,,4,6940,19258500,6956,13176,0.166977671,0.102000643,0.064977028,3865,0,true
75,225,free,lbfgs-multistart,16060929746927937307,-3.77726589794724475e2,-3.97492330999999979e2,1.97657412052755035e1,4.97260944772177360e-2,false,false,true,true,,,4,2284,6338100,2320,3898,0.055709532,0.035731062,0.019978470,3915,0,true
75,225,free,lbfgs-multistart,16551941299703004814,-3.80825313945030473e2,-3.97492330999999979e2,1.66670170549695058e1,4.19304116208710151e-2,false,false,true,true,,,4,1796,4983900,1808,3315,0.066380769,0.027408836,0.038971933,3921,0,true
75,225,free,random,1287922141077879032,9.73926064992888598e1,-3.97492330999999979e2,4.94884937499288867e2,1.24501757368317345e0,false,false,false,false,,,,20000,55500000,20000,0,0.698465809,0.461470913,0.236994896,0,0,true
75,225,free,random,1786420581672205123,8.80545735526834079e1,-3.97492330999999979e2,4.85546904552683372e2,1.22152521365923761e0,false,false,false,false,,,,20000,55500000,20000,0,0.910157006,0.551185547,0.358971459,0,0,true
75,225,free,random,4004884927747905394,3.35134963302859958e1,-3.97492330999999979e2,4.31005827330285967e2,1.08431230923618993e0,false,false,false,false,,,,20000,55500000,20000,0,0.720911625,0.459187985,0.261723640,0,0,true
75,225,free,random,6303565281650490854,7.60509970791422916e1,-3.97492330999999979e2,4.73543328079142270e2,1.19132695437875569e0,false,false,false,false,,,,20000,55500000,20000,0,0.550274287,0.331540024,0.218734263,0,0,true
75,225,free,random,8140142588874384960,6.46279182880878125e1,-3.97492330999999979e2,4.62120249288087791e2,1.16258909480215311e0,false,false,false,false,,,,20000,55500000,20000,0,0.670603847,0.423273905,0.247329942,0,0,true
75,225,free,random,8584672532144930599,-4.00429306567941978e0,-3.97492330999999979e2,3.93488037934320573e2,9.89926112396670610e-1,false,false,false,false,,,,20000,55500000,20000,0,0.645273366,0.404614887,0.240658479,0,0,true
75,225,free,random,10274910186795659788,1.25681288951772512e1,-3.97492330999999979e2,4.10060459895177246e2,1.03161854434665123e0,false,false,false,false,,,,20000,55500000,20000,0,0.476593941,0.298934412,0.177659529,0,0,true
75,225,free,random,14220113434379166222,4.87127657252174657e1,-3.97492330999999979e2,4.46205096725217459e2,1.12255020267351391e0,false,false,false,false,,,,20000,55500000,20000,0,0.630854095,0.381895252,0.248958843,0,0,true
75,225,free,random,16060929746927937307,7.60999505197441408e1,-3.97492330999999979e2,4.73592281519744120e2,1.19145011006449875e0,false,false,false,false,,,,20000,55500000,20000,0,0.732466814,0.457802263,0.274664551,0,0,true
75,225,free,random,16551941299703004814,6.30945917286609514e1,-3.97492330999999979e2,4.60586922728660909e2,1.15873159507236112e0,false,false,false,false,,,,20000,55500000,20000,0,0.822895549,0.510386977,0.312508572,0,0,true
98,288,fixed-frame,basin-hopping,3633905019706158283,-5.11777557122262749e2,-5.43665360999999962e2,3.18878038777372126e1,5.86533668782646886e-2,false,false,false,true,,,5,18365,87288845,18365,35527,0.605869440,0.405765611,0.200103829,10223,0,true
98,288,fixed-frame,basin-hopping,3811725506174441054,-5.13049124091143881e2,-5.43665360999999962e2,3.06162369088560808e1,5.63144888475910904e-2,false,false,false,true,,,5,18020,85649060,18026,34683,0.609812316,0.399794226,0.210018090,9998,0,true
98,288,fixed-frame,basin-hopping,7103261212699260625,-5.11619282174530156e2,-5.43665360999999962e2,3.20460788254698059e1,5.89444925579318060e-2,false,false,false,true,,,5,18402,87464706,18402,35626,0.470470853,0.304024407,0.166446446,8960,0,true
98,288,fixed-frame,basin-hopping,9103774087225660002,-5.13799868324275621e2,-5.43665360999999962e2,2.98654926757243402e1,5.49335948510509264e-2,false,false,false,true,,,5,18301,86984653,18308,35165,0.575275347,0.379300289,0.195975058,9761,0,true
98,288,fixed-frame,basin-hopping,9530134931770446274,-5.17119411241449143e2,-5.43665360999999962e2,2.65459497585508188e1,4.88277379116504387e-2,false,false,true,true,,,5,18152,86276456,18152,35095,0.599573586,0.394809107,0.204764479,10612,0,true
98,288,fixed-frame,basin-hopping,11052738261520348619,-5.15968344898301098e2,-5.43665360999999962e2,2.76970161016988641e1,5.09449710953699467e-2,false,false,false,true,,,5,18304,86998912,18304,35304,0.705277570,0.474114586,0.231162984,10106,0,true
98,288,fixed-frame,basin-hopping,11727356278815618936,-5.12070780020298002e2,-5.43665360999999962e2,3.15945809797019592e1,5.81140224228888502e-2,false,false,false,true,,,5,17747,84351491,17747,34351,0.575840193,0.382702354,0.193137839,10550,0,true
98,288,fixed-frame,basin-hopping,12320299426127359451,-5.16519985824003584e2,-5.43665360999999962e2,2.71453751759963779e1,4.99303011066698776e-2,false,false,true,true,,,5,18288,86922864,18296,35158,0.694730205,0.461473949,0.233256256,14405,0,true
98,288,fixed-frame,basin-hopping,14171349150135557302,-5.26786603343622232e2,-5.43665360999999962e2,1.68787576563777293e1,3.10462259823423431e-2,false,false,true,true,,,5,18432,87607296,18440,35495,0.514351314,0.330608636,0.183742678,8821,0,true
98,288,fixed-frame,basin-hopping,16282985161550518188,-5.12322070746611075e2,-5.43665360999999962e2,3.13432902533888864e1,5.76518066108480456e-2,false,false,false,true,,,5,18097,86015041,18100,34984,0.493980423,0.319283936,0.174696487,10809,0,true
98,288,fixed-frame,bite-retry,3633905019706158283,-7.95350548495871550e1,-5.43665360999999962e2,4.64130306150412821e2,8.53705862916679048e-1,false,false,false,false,,,4,20000,95060000,20000,0,0.646120679,0.416116376,0.230004303,2222748,0,true
98,288,fixed-frame,bite-retry,3811725506174441054,-8.56404462949390108e1,-5.43665360999999962e2,4.58024914705060951e2,8.42475808763289979e-1,false,false,false,false,,,4,20000,95060000,20000,0,0.640753575,0.433725865,0.207027710,2125369,0,true
98,288,fixed-frame,bite-retry,7103261212699260625,-7.90714861151458877e1,-5.43665360999999962e2,4.64593874884854074e2,8.54558535843253919e-1,false,false,false,false,,,4,20000,95060000,20000,0,0.527231247,0.337240802,0.189990445,2212535,0,true
98,288,fixed-frame,bite-retry,9103774087225660002,-8.45781176620658357e1,-5.43665360999999962e2,4.59087243337934126e2,8.44429820751324556e-1,false,false,false,false,,,4,20000,95060000,20000,0,0.786417184,0.533741625,0.252675559,2017835,0,true
98,288,fixed-frame,bite-retry,9530134931770446274,-8.15067059923517974e1,-5.43665360999999962e2,4.62158655007648179e2,8.50079273319103712e-1,false,false,false,false,,,4,20000,95060000,20000,0,0.731564593,0.490341358,0.241223235,2404004,0,true
98,288,fixed-frame,bite-retry,11052738261520348619,-8.49683483835934510e1,-5.43665360999999962e2,4.58697012616406482e2,8.43712043328812555e-1,false,false,false,false,,,4,20000,95060000,20000,0,0.650294958,0.420802066,0.229492892,2145014,0,true
98,288,fixed-frame,bite-retry,11727356278815618936,-8.12344172586885804e1,-5.43665360999999962e2,4.62430943741311353e2,8.50580112168138225e-1,false,false,false,false,,,4,20000,95060000,20000,0,0.748516463,0.521198646,0.227317817,2206687,0,true
98,288,fixed-frame,bite-retry,12320299426127359451,-8.21583632957633228e1,-5.43665360999999962e2,4.61506997704236653e2,8.48880636528610233e-1,false,false,false,false,,,4,20000,95060000,20000,0,0.662610054,0.429680093,0.232929961,2200525,0,true
98,288,fixed-frame,bite-retry,14171349150135557302,-6.85097707143775523e1,-5.43665360999999962e2,4.75155590285622395e2,8.73985404204595695e-1,false,false,false,false,,,4,20000,95060000,20000,0,0.622963644,0.394927013,0.228036631,2237513,0,true
98,288,fixed-frame,bite-retry,16282985161550518188,-8.28787482871702679e1,-5.43665360999999962e2,4.60786612712829708e2,8.47555584312515653e-1,false,false,false,false,,,4,20000,95060000,20000,0,0.571126068,0.366306211,0.204819857,2225984,0,true
98,288,fixed-frame,cma-retry,3633905019706158283,-2.55615183260321857e1,-5.43665360999999962e2,5.18103842673967733e2,9.52982992554435970e-1,false,false,false,false,20,250,4,20000,95060000,20088,0,15.514870516,0.501467605,15.013402911,126078,0,true
98,288,fixed-frame,cma-retry,3811725506174441054,-2.86013971461999184e1,-5.43665360999999962e2,5.15063963853800033e2,9.47391540462332427e-1,false,false,false,false,20,250,4,20000,95060000,20088,0,16.033858777,0.519703814,15.514154963,123299,0,true
98,288,fixed-frame,cma-retry,7103261212699260625,-4.29380805263142591e1,-5.43665360999999962e2,5.00727280473685710e2,9.21021121435186885e-1,false,false,false,false,20,250,4,20000,95060000,20088,0,16.115385711,0.539436226,15.575949485,117323,0,true
98,288,fixed-frame,cma-retry,9103774087225660002,-2.70330638195145845e1,-5.43665360999999962e2,5.16632297180485352e2,9.50276280670538043e-1,false,false,false,false,20,250,4,20000,95060000,20088,0,15.796289193,0.496631753,15.299657440,123319,0,true
98,288,fixed-frame,cma-retry,9530134931770446274,-2.40758091077569638e1,-5.43665360999999962e2,5.19589551892242980e2,9.55715756723082843e-1,false,false,false,false,20,250,4,20000,95060000,20088,0,15.641654024,0.509356168,15.132297856,122901,0,true
98,288,fixed-frame,cma-retry,11052738261520348619,-2.69130110355847414e1,-5.43665360999999962e2,5.16752349964415203e2,9.50497101772160291e-1,false,false,false,false,20,250,4,20000,95060000,20088,0,15.641346993,0.533393695,15.107953298,121826,0,true
98,288,fixed-frame,cma-retry,11727356278815618936,-3.21955183303651253e1,-5.43665360999999962e2,5.11469842669634829e2,9.40780633382370057e-1,false,false,false,false,20,250,4,20000,95060000,20088,0,15.844375709,0.517653749,15.326721960,122029,0,true
98,288,fixed-frame,cma-retry,12320299426127359451,-2.99978484251945119e1,-5.43665360999999962e2,5.13667512574805414e2,9.44822954381317359e-1,false,false,false,false,20,250,4,20000,95060000,20088,0,15.109913981,0.515393701,14.594520280,123972,0,true
98,288,fixed-frame,cma-retry,14171349150135557302,-3.07525288834113049e1,-5.43665360999999962e2,5.12912832116588675e2,9.43434820223149617e-1,false,false,false,false,20,250,4,20000,95060000,20088,0,14.930052759,0.508580779,14.421471980,128860,0,true
98,288,fixed-frame,cma-retry,16282985161550518188,-2.87008964616664599e1,-5.43665360999999962e2,5.14964464538333459e2,9.47208524727646717e-1,false,false,false,false,20,250,4,20000,95060000,20088,0,15.883528643,0.523341400,15.360187243,128158,0,true
98,288,fixed-frame,crfmnes-retry,3633905019706158283,-8.12348859629140776e1,-5.43665360999999962e2,4.62430475037085898e2,8.50579250049160129e-1,false,false,false,false,16,312,4,20000,95060000,20032,0,0.611733511,0.467204428,0.144529083,68700,0,true
98,288,fixed-frame,crfmnes-retry,3811725506174441054,-9.00319622905343380e1,-5.43665360999999962e2,4.53633398709465609e2,8.34398200163180226e-1,false,false,false,false,16,312,4,20000,95060000,20032,0,0.669726218,0.538487222,0.131238996,70769,0,true
98,288,fixed-frame,crfmnes-retry,7103261212699260625,-1.13023016325072589e2,-5.43665360999999962e2,4.30642344674927358e2,7.92109219323478997e-1,false,false,false,false,16,312,4,20000,95060000,20032,0,0.544422811,0.429401746,0.115021065,66497,0,true
98,288,fixed-frame,crfmnes-retry,9103774087225660002,-8.98136393903016739e1,-5.43665360999999962e2,4.53851721609698302e2,8.34799776051390441e-1,false,false,false,false,16,312,4,20000,95060000,20032,0,0.669606578,0.536129235,0.133477343,67299,0,true
98,288,fixed-frame,crfmnes-retry,9530134931770446274,-7.57906102057205402e1,-5.43665360999999962e2,4.67874750794279407e2,8.60593269973437658e-1,false,false,false,false,16,312,4,20000,95060000,20032,0,0.536657940,0.414606843,0.122051097,69341,0,true
98,288,fixed-frame,crfmnes-retry,11052738261520348619,-1.01970413982142432e2,-5.43665360999999962e2,4.41694947017857544e2,8.12439008814941910e-1,false,false,false,false,16,312,4,20000,95060000,20032,0,0.621723200,0.475310349,0.146412851,66515,0,true
98,288,fixed-frame,crfmnes-retry,11727356278815618936,-8.18684110096067599e1,-5.43665360999999962e2,4.61796949990393216e2,8.49413965129172999e-1,false,false,false,false,16,312,4,20000,95060000,20032,0,0.692085205,0.551939859,0.140145346,70760,0,true
98,288,fixed-frame,crfmnes-retry,12320299426127359451,-9.50675636349732400e1,-5.43665360999999962e2,4.48597797365026736e2,8.25135882374206986e-1,false,false,false,false,16,312,4,20000,95060000,20032,0,0.582720857,0.446009830,0.136711027,69627,0,true
98,288,fixed-frame,crfmnes-retry,14171349150135557302,-9.49744874640763186e1,-5.43665360999999962e2,4.48690873535923629e2,8.25307083590200774e-1,false,false,false,false,16,312,4,20000,95060000,20032,0,0.489603272,0.382051567,0.107551705,68498,0,true
98,288,fixed-frame,crfmnes-retry,16282985161550518188,-8.97477743141172652e1,-5.43665360999999962e2,4.53917586685882725e2,8.34920926083945858e-1,false,false,false,false,16,312,4,20000,95060000,20032,0,0.699009787,0.557490528,0.141519259,73591,0,true
98,288,fixed-frame,de-retry,3633905019706158283,-2.21836640415007537e2,-5.43665360999999962e2,3.21828720584992425e2,5.91961054853727298e-1,false,false,false,false,4320,1,4,20000,95060000,20045,0,0.651299427,0.607420301,0.043879126,10207,0,true
98,288,fixed-frame,de-retry,3811725506174441054,-2.30686823506510450e2,-5.43665360999999962e2,3.12978537493489512e2,5.75682322150903980e-1,false,false,false,false,4320,1,4,20000,95060000,20118,0,0.688061744,0.636926762,0.051134982,11585,0,true
98,288,fixed-frame,de-retry,7103261212699260625,-2.38281866643399752e2,-5.43665360999999962e2,3.05383494356600181e2,5.61712252174550786e-1,false,false,false,false,4320,1,4,20000,95060000,20077,0,0.651895684,0.602847891,0.049047793,8006,0,true
98,288,fixed-frame,de-retry,9103774087225660002,-2.35613358748921485e2,-5.43665360999999962e2,3.08052002251078477e2,5.66620616925930132e-1,false,false,false,false,4320,1,4,20000,95060000,20117,0,0.778746993,0.717416754,0.061330239,10000,0,true
98,288,fixed-frame,de-retry,9530134931770446274,-2.31227128040388408e2,-5.43665360999999962e2,3.12438232959611582e2,5.74688503944638107e-1,false,false,false,false,4320,1,4,20000,95060000,20099,0,0.682271975,0.636302082,0.045969893,11490,0,true
98,288,fixed-frame,de-retry,11052738261520348619,-2.23858326862151586e2,-5.43665360999999962e2,3.19807034137848404e2,5.88242431979859814e-1,false,false,false,false,4320,1,4,20000,95060000,20134,0,0.600364682,0.549891812,0.050472870,9150,0,true
98,288,fixed-frame,de-retry,11727356278815618936,-2.36213836093935271e2,-5.43665360999999962e2,3.07451524906064719e2,5.65516118850295402e-1,false,false,false,false,4320,1,4,20000,95060000,20091,0,0.610272449,0.566283419,0.043989030,12285,0,true
98,288,fixed-frame,de-retry,12320299426127359451,-2.27507675319190099e2,-5.43665360999999962e2,3.16157685680809891e2,5.81529941689277297e-1,false,false,false,false,4320,1,4,20000,95060000,20100,0,0.498876274,0.455690059,0.043186215,9032,0,true
98,288,fixed-frame,de-retry,14171349150135557302,-2.23668732559571453e2,-5.43665360999999962e2,3.19996628440428481e2,5.88591165440147446e-1,false,false,false,false,4320,1,4,20000,95060000,20115,0,0.540064833,0.494600914,0.045463919,10643,0,true
98,288,fixed-frame,de-retry,16282985161550518188,-2.30237758099617025e2,-5.43665360999999962e2,3.13427602900382908e2,5.76508318138706843e-1,false,false,false,false,4320,1,4,20000,95060000,20096,0,0.444355496,0.397465953,0.046889543,10129,0,true
98,288,fixed-frame,lbfgs-multistart,3633905019706158283,-5.28675137801028313e2,-5.43665360999999962e2,1.49902231989716483e1,2.75725184539973821e-2,false,false,true,true,,,4,8234,39136202,8256,15777,0.320550924,0.220658558,0.099892366,6399,0,true
98,288,fixed-frame,lbfgs-multistart,3811725506174441054,-5.32552650683394518e2,-5.43665360999999962e2,1.11127103166054439e1,2.04403501009611764e-2,false,false,true,true,,,4,3532,16787596,3552,6548,0.145386715,0.103042156,0.042344559,5829,0,true
98,288,fixed-frame,lbfgs-multistart,7103261212699260625,-5.15337903532239466e2,-5.43665360999999962e2,2.83274574677604960e1,5.21045839956695289e-2,false,false,false,true,,,4,7988,37966964,7996,15436,0.288436583,0.197252389,0.091184194,6867,0,true
98,288,fixed-frame,lbfgs-multistart,9103774087225660002,-5.17982633245914599e2,-5.43665360999999962e2,2.56827277540853629e1,4.72399560399533458e-2,false,false,true,true,,,4,3819,18151707,3832,7333,0.149343682,0.102376848,0.046966834,6566,0,true
98,288,fixed-frame,lbfgs-multistart,9530134931770446274,-5.18142084064235632e2,-5.43665360999999962e2,2.55232769357643292e1,4.69466675029979186e-2,false,false,true,true,,,4,4178,19858034,4196,7858,0.154047288,0.106647430,0.047399858,6096,0,true
98,288,fixed-frame,lbfgs-multistart,11052738261520348619,-5.18385024688923977e2,-5.43665360999999962e2,2.52803363110759847e1,4.64998105904267586e-2,false,false,true,true,,,4,3782,17975846,3782,7387,0.110943297,0.073195420,0.037747877,6619,0,true
98,288,fixed-frame,lbfgs-multistart,11727356278815618936,-5.20500259166516685e2,-5.43665360999999962e2,2.31651018334832770e1,4.26091185777849810e-2,false,false,true,true,,,4,4046,19230638,4056,7718,0.138784697,0.094997150,0.043787547,5931,0,true
98,288,fixed-frame,lbfgs-multistart,12320299426127359451,-5.18907732737251422e2,-5.43665360999999962e2,2.47576282627485398e1,4.55383587749828012e-2,false,false,true,true,,,4,4543,21592879,4562,8533,0.160746818,0.105521486,0.055225332,6372,0,true
98,288,fixed-frame,lbfgs-multistart,14171349150135557302,-5.20409246064992089e2,-5.43665360999999962e2,2.32561149350078722e1,4.27765250525274365e-2,false,false,true,true,,,4,12512,59469536,12522,24038,0.426862677,0.284237284,0.142625393,6489,0,true
98,288,fixed-frame,lbfgs-multistart,16282985161550518188,-5.15857085881771468e2,-5.43665360999999962e2,2.78082751182284937e1,5.11496172334372709e-2,false,false,false,true,,,4,8110,38546830,8123,15616,0.253805072,0.170083534,0.083721538,6524,0,true
98,288,fixed-frame,random,3633905019706158283,8.91461469378166669e1,-5.43665360999999962e2,6.32811507937816600e2,1.16397246051108394e0,false,false,false,false,,,,20000,95060000,20000,0,0.935945094,0.599459291,0.336485803,0,0,true
98,288,fixed-frame,random,3811725506174441054,1.37896704326772493e2,-5.43665360999999962e2,6.81562065326772426e2,1.25364261587887427e0,false,false,false,false,,,,20000,95060000,20000,0,1.524948852,0.987529211,0.537419641,0,0,true
98,288,fixed-frame,random,7103261212699260625,1.33007249587637261e2,-5.43665360999999962e2,6.76672610587637223e2,1.24464911529950739e0,false,false,false,false,,,,20000,95060000,20000,0,0.927467633,0.584153925,0.343313708,0,0,true
98,288,fixed-frame,random,9103774087225660002,1.60147413229405942e2,-5.43665360999999962e2,7.03812774229405932e2,1.29456983048328866e0,false,false,false,false,,,,20000,95060000,20000,0,1.195510233,0.772065182,0.423445051,0,0,true
98,288,fixed-frame,random,9530134931770446274,1.37890360789355867e2,-5.43665360999999962e2,6.81555721789355857e2,1.25363094778693451e0,false,false,false,false,,,,20000,95060000,20000,0,1.022258521,0.644081439,0.378177082,0,0,true
98,288,fixed-frame,random,11052738261520348619,5.96658643184482074e1,-5.43665360999999962e2,6.03331225318448219e2,1.10974740823785578e0,false,false,false,false,,,,20000,95060000,20000,0,1.037587243,0.671542159,0.366045084,0,0,true
98,288,fixed-frame,random,11727356278815618936,1.97600097194884682e2,-5.43665360999999962e2,7.41265458194884673e2,1.36345905288397562e0,false,false,false,false,,,,20000,95060000,20000,0,0.879096927,0.560359865,0.318737062,0,0,true
98,288,fixed-frame,random,12320299426127359451,8.75752412424110815e1,-5.43665360999999962e2,6.31240602242411001e2,1.16108298877332938e0,false,false,false,false,,,,20000,95060000,20000,0,0.882345886,0.567184980,0.315160906,0,0,true
98,288,fixed-frame,random,14171349150135557302,1.31289531408249445e2,-5.43665360999999962e2,6.74954892408249407e2,1.24148960155703114e0,false,false,false,false,,,,20000,95060000,20000,0,1.069119299,0.659971014,0.409148285,0,0,true
98,288,fixed-frame,random,16282985161550518188,1.62666545960568641e2,-5.43665360999999962e2,7.06331906960568631e2,1.29920343952273365e0,false,false,false,false,,,,20000,95060000,20000,0,1.258436221,0.769935402,0.488500819,0,0,true
98,294,free,basin-hopping,2060775769102701759,-5.13042966217294634e2,-5.43665360999999962e2,3.06223947827053280e1,5.63258154361343036e-2,false,false,false,true,,,5,17636,83823908,17636,34123,0.411540348,0.264094593,0.147445755,10563,0,true
98,294,free,basin-hopping,2181635377049592256,-5.16800324681761595e2,-5.43665360999999962e2,2.68650363182383671e1,4.94146551268664844e-2,false,false,true,true,,,5,17752,84375256,17752,34228,0.491798636,0.314548896,0.177249740,9808,0,true
98,294,free,basin-hopping,3949547420586920845,-5.15289738727913118e2,-5.43665360999999962e2,2.83756222720868436e1,5.21931767363174801e-2,false,false,false,true,,,5,18326,87103478,18347,34992,0.419835066,0.272046788,0.147788278,10314,0,true
98,294,free,basin-hopping,6365254708925833423,-5.22337854930428534e2,-5.43665360999999962e2,2.13275060695714274e1,3.92291059896520203e-2,false,false,true,true,,,5,17852,84850556,17856,34331,0.446265113,0.286181660,0.160083453,10285,0,true
98,294,free,basin-hopping,6379556273658887373,-5.23337364836494999e2,-5.43665360999999962e2,2.03279961635049631e1,3.73906406803522010e-2,false,false,true,true,,,5,20000,95060000,20030,37958,0.515865601,0.331751926,0.184113675,11573,0,true
98,294,free,basin-hopping,11995429414818333901,-5.22133422838353567e2,-5.43665360999999962e2,2.15319381616463943e1,3.96051315869034998e-2,false,false,true,true,,,5,17709,84170877,17709,34081,0.533087966,0.340330134,0.192757832,10340,0,true
98,294,free,basin-hopping,13002821441637278240,-5.15093975024980296e2,-5.43665360999999962e2,2.85713859750196661e1,5.25532579866159061e-2,false,false,false,true,,,5,17992,85515976,17997,34595,0.488966873,0.314017908,0.174948965,9323,0,true
98,294,free,basin-hopping,13858579061593168584,-5.20910129849747591e2,-5.43665360999999962e2,2.27552311502523708e1,4.18552160623166386e-2,false,false,true,true,,,5,18001,85558753,18001,34491,0.502031537,0.321413665,0.180617872,10622,0,true
98,294,free,basin-hopping,15470961719969680748,-5.11014488436905708e2,-5.43665360999999962e2,3.26508725630942536e1,6.00569300627086591e-2,false,false,false,true,,,5,18098,86019794,18113,34623,0.560473172,0.355155697,0.205317475,9719,0,true
98,294,free,basin-hopping,17254318372267541395,-5.06771598231007999e2,-5.43665360999999962e2,3.68937627689919623e1,6.78611613238165601e-2,false,false,false,true,,,5,17781,84513093,17792,34111,0.558766551,0.359250158,0.199516393,10289,0,true
98,294,free,bite-retry,2060775769102701759,-7.03974553208714298e1,-5.43665360999999962e2,4.73267905679128546e2,8.70513259863779698e-1,false,false,false,false,,,4,20000,95060000,20000,0,0.466249596,0.301516195,0.164733401,2280716,0,true
98,294,free,bite-retry,2181635377049592256,-9.70780304735124986e1,-5.43665360999999962e2,4.46587330526487449e2,8.21437896475599616e-1,false,false,false,false,,,4,20000,95060000,20000,0,0.573863340,0.377220969,0.196642371,2375513,0,true
98,294,free,bite-retry,3949547420586920845,-7.62085917402919790e1,-5.43665360999999962e2,4.67456769259707983e2,8.59824448627522608e-1,false,false,false,false,,,4,20000,95060000,20000,0,0.462165518,0.298159840,0.164005678,2384478,0,true
98,294,free,bite-retry,6365254708925833423,-8.33171132952652442e1,-5.43665360999999962e2,4.60348247704734717e2,8.46749270282707522e-1,false,false,false,false,,,4,20000,95060000,20000,0,0.498285270,0.322062349,0.176222921,2251367,0,true
98,294,free,bite-retry,6379556273658887373,-7.36511302525336760e1,-5.43665360999999962e2,4.70014230747466286e2,8.64528558308253703e-1,false,false,false,false,,,4,20000,95060000,20000,0,0.606645570,0.389125087,0.217520483,2145086,0,true
98,294,free,bite-retry,11995429414818333901,-7.64325742806590540e1,-5.43665360999999962e2,4.67232786719340879e2,8.59412462585308790e-1,false,false,false,false,,,4,20000,95060000,20000,0,0.575756373,0.378666881,0.197089492,2177771,0,true
98,294,free,bite-retry,13002821441637278240,-8.05227531818478184e1,-5.43665360999999962e2,4.63142607818152158e2,8.51889123423760330e-1,false,false,false,false,,,4,20000,95060000,20000,0,0.776765638,0.533578653,0.243186985,2361659,0,true
98,294,free,bite-retry,13858579061593168584,-8.82693299807796308e1,-5.43665360999999962e2,4.55396031019220345e2,8.37640327464637569e-1,false,false,false,false,,,4,20000,95060000,20000,0,0.583076769,0.370328459,0.212748310,2288812,0,true
98,294,free,bite-retry,15470961719969680748,-7.46605162344234401e1,-5.43665360999999962e2,4.69004844765576536e2,8.62671927273248818e-1,false,false,false,false,,,4,20000,95060000,20000,0,0.677883686,0.447140440,0.230743246,2299511,0,true
98,294,free,bite-retry,17254318372267541395,-7.62367090718984173e1,-5.43665360999999962e2,4.67428651928101544e2,8.59772730542054164e-1,false,false,false,false,,,4,20000,95060000,20000,0,0.513127079,0.328249590,0.184877489,2419186,0,true
98,294,free,cma-retry,2060775769102701759,-2.74516529867737447e1,-5.43665360999999962e2,5.16213708013226210e2,9.49506341665247722e-1,false,false,false,false,21,238,4,20000,95060000,20088,0,8.917627631,0.337566235,8.580061396,123989,0,true
98,294,free,cma-retry,2181635377049592256,-2.97984512296763562e1,-5.43665360999999962e2,5.13866909770323559e2,9.45189718957142766e-1,false,false,false,false,21,238,4,20000,95060000,20088,0,16.384248404,0.512187004,15.872061400,117477,0,true
98,294,free,cma-retry,3949547420586920845,-3.25200232006757091e1,-5.43665360999999962e2,5.11145337799324238e2,9.40183749906634669e-1,false,false,false,false,21,238,4,20000,95060000,20088,0,8.694434643,0.326443837,8.367990806,124754,0,true
98,294,free,cma-retry,6365254708925833423,-2.85885016213872873e1,-5.43665360999999962e2,5.15076859378612653e2,9.47415260062177689e-1,false,false,false,false,21,238,4,20000,95060000,20088,0,12.264376366,0.413274126,11.851102240,137820,0,true
98,294,free,cma-retry,6379556273658887373,-3.45365587049521565e1,-5.43665360999999962e2,5.09128802295047819e2,9.36474601505921322e-1,false,false,false,false,21,238,4,20000,95060000,20088,0,16.357562000,0.498615946,15.858946054,123140,0,true
98,294,free,cma-retry,11995429414818333901,-2.64321523985695244e1,-5.43665360999999962e2,5.17233208601430420e2,9.51381577171017234e-1,false,false,false,false,21,238,4,20000,95060000,20088,0,16.521237263,0.520509165,16.000728098,120805,0,true
98,294,free,cma-retry,13002821441637278240,-2.87954636809861064e1,-5.43665360999999962e2,5.14869897319013830e2,9.47034580926729097e-1,false,false,false,false,21,238,4,20000,95060000,20088,0,16.193505193,0.500468991,15.693036202,126256,0,true
98,294,free,cma-retry,13858579061593168584,-3.70860697939800872e1,-5.43665360999999962e2,5.06579291206019889e2,9.31785115524437324e-1,false,false,false,false,21,238,4,20000,95060000,20088,0,16.837787579,0.518953071,16.318834508,114530,0,true
98,294,free,cma-retry,15470961719969680748,-3.12490245632961567e1,-5.43665360999999962e2,5.12416336436703773e2,9.42521582567228955e-1,false,false,false,false,21,238,4,20000,95060000,20088,0,15.579681432,0.486701953,15.092979479,124386,0,true
98,294,free,cma-retry,17254318372267541395,-3.25583067177527994e1,-5.43665360999999962e2,5.11107054282247191e2,9.40113332477415686e-1,false,false,false,false,21,238,4,20000,95060000,20088,0,16.375448873,0.504399297,15.871049576,113466,0,true
98,294,free,crfmnes-retry,2060775769102701759,-6.93297104681824834e1,-5.43665360999999962e2,4.74335650531817464e2,8.72477234266572088e-1,false,false,false,false,16,312,4,20000,95060000,20032,0,0.389207024,0.304680288,0.084526736,69050,0,true
98,294,free,crfmnes-retry,2181635377049592256,-6.86113836549301936e1,-5.43665360999999962e2,4.75053977345069768e2,8.73798500738158679e-1,false,false,false,false,16,312,4,20000,95060000,20032,0,0.668164150,0.530416388,0.137747762,71559,0,true
98,294,free,crfmnes-retry,3949547420586920845,-8.25256964445365213e1,-5.43665360999999962e2,4.61139664555463469e2,8.48204976140577549e-1,false,false,false,false,16,312,4,20000,95060000,20032,0,0.383569206,0.300873854,0.082695352,79189,0,true
98,294,free,crfmnes-retry,6365254708925833423,-9.21442882631449436e1,-5.43665360999999962e2,4.51521072736854990e2,8.30512857957958150e-1,false,false,false,false,16,312,4,20000,95060000,20032,0,0.421996585,0.330254386,0.091742199,76244,0,true
98,294,free,crfmnes-retry,6379556273658887373,-6.53816522882612361e1,-5.43665360999999962e2,4.78283708711738711e2,8.79739161295837513e-1,false,false,false,false,16,312,4,20000,95060000,20032,0,0.676262026,0.540504039,0.135757987,72596,0,true
98,294,free,crfmnes-retry,11995429414818333901,-1.04327711252022894e2,-5.43665360999999962e2,4.39337649747977082e2,8.08103074545477806e-1,false,false,false,false,16,312,4,20000,95060000,20032,0,0.671395158,0.538239596,0.133155562,71072,0,true
98,294,free,crfmnes-retry,13002821441637278240,-1.04633235692236852e2,-5.43665360999999962e2,4.39032125307763124e2,8.07541103042176633e-1,false,false,false,false,16,312,4,20000,95060000,20032,0,0.608125328,0.473295977,0.134829351,67513,0,true
98,294,free,crfmnes-retry,13858579061593168584,-8.17954588279811929e1,-5.43665360999999962e2,4.61869902172018783e2,8.49548150947985081e-1,false,false,false,false,16,312,4,20000,95060000,20032,0,0.606751060,0.480412263,0.126338797,68003,0,true
98,294,free,crfmnes-retry,15470961719969680748,-9.55167820502504696e1,-5.43665360999999962e2,4.48148578949749492e2,8.24309604947867092e-1,false,false,false,false,16,312,4,20000,95060000,20032,0,0.628261147,0.478364365,0.149896782,73509,0,true
98,294,free,crfmnes-retry,17254318372267541395,-9.14789948330289633e1,-5.43665360999999962e2,4.52186366166970970e2,8.31736576586807774e-1,false,false,false,false,16,312,4,20000,95060000,20032,0,0.581034806,0.463570020,0.117464786,67914,0,true
98,294,free,de-retry,2060775769102701759,-2.43001658875815366e2,-5.43665360999999962e2,3.00663702124184624e2,5.53030823172463659e-1,false,false,false,false,4410,1,4,20000,95060000,20096,0,18.592006667,0.668885837,17.923120830,11065,0,true
98,294,free,de-retry,2181635377049592256,-2.38870715408871263e2,-5.43665360999999962e2,3.04794645591128699e2,5.60629143321729306e-1,false,false,false,false,4410,1,4,20000,95060000,20111,0,0.517451444,0.470567294,0.046884150,12634,0,true
98,294,free,de-retry,3949547420586920845,-2.44924012178172717e2,-5.43665360999999962e2,2.98741348821827273e2,5.49494910384454860e-1,false,false,false,false,4410,1,4,20000,95060000,20075,0,19.525483784,0.643634565,18.881849219,9304,0,true
98,294,free,de-retry,6365254708925833423,-2.28160234458757685e2,-5.43665360999999962e2,3.15505126541242248e2,5.80329646091324647e-1,false,false,false,false,4410,1,4,20000,95060000,20084,0,10.496700265,0.801402512,9.695297753,8678,0,true
98,294,free,de-retry,6379556273658887373,-2.26808862043736355e2,-5.43665360999999962e2,3.16856498956263636e2,5.82815315607837059e-1,false,false,false,false,4410,1,4,20000,95060000,20082,0,0.658953209,0.600876461,0.058076748,17023,0,true
98,294,free,de-retry,11995429414818333901,-2.43243436496703879e2,-5.43665360999999962e2,3.00421924503296054e2,5.52586105450437293e-1,false,false,false,false,4410,1,4,20000,95060000,20081,0,0.731419261,0.683152478,0.048266783,8988,0,true
98,294,free,de-retry,13002821441637278240,-2.40190416799585307e2,-5.43665360999999962e2,3.03474944200414654e2,5.58201728434956634e-1,false,false,false,false,4410,1,4,20000,95060000,20166,0,0.607190172,0.562496745,0.044693427,9357,0,true
98,294,free,de-retry,13858579061593168584,-2.41621682828804325e2,-5.43665360999999962e2,3.02043678171195666e2,5.55569105259210549e-1,false,false,false,false,4410,1,4,20000,95060000,20100,0,0.575785329,0.533365827,0.042419502,9341,0,true
98,294,free,de-retry,15470961719969680748,-2.41061220204029922e2,-5.43665360999999962e2,3.02604140795970011e2,5.56600001588054116e-1,false,false,false,false,4410,1,4,20000,95060000,20064,0,0.716047087,0.662773412,0.053273675,12994,0,true
98,294,free,de-retry,17254318372267541395,-2.40562649587017688e2,-5.43665360999999962e2,3.03102711412982273e2,5.57517055814380491e-1,false,false,false,false,4410,1,4,20000,95060000,20079,0,0.571098193,0.518951396,0.052146797,10647,0,true
98,294,free,lbfgs-multistart,2060775769102701759,-5.21186187346440079e2,-5.43665360999999962e2,2.24791736535598830e1,4.13474450757952278e-2,false,false,true,true,,,4,1979,9406187,1991,3654,0.044514618,0.029759260,0.014755358,7471,0,true
98,294,free,lbfgs-multistart,2181635377049592256,-5.18623111780395220e2,-5.43665360999999962e2,2.50422492196047415e1,4.60618811055809457e-2,false,false,true,true,,,4,12295,58438135,12312,23452,0.440528307,0.296319879,0.144208428,6979,0,true
98,294,free,lbfgs-multistart,3949547420586920845,-5.22816153784153357e2,-5.43665360999999962e2,2.08492072158466044e1,3.83493389711223598e-2,false,false,true,true,,,4,3141,14929173,3175,5626,0.068665454,0.046734327,0.021931127,5969,0,true
98,294,free,lbfgs-multistart,6365254708925833423,-5.21643788369539834e2,-5.43665360999999962e2,2.20215726304601276e1,4.05057489591655814e-2,false,false,true,true,,,4,1820,8650460,1828,3401,0.044229244,0.029398941,0.014830303,6653,0,true
98,294,free,lbfgs-multistart,6379556273658887373,-5.26914451996540151e2,-5.43665360999999962e2,1.67509090034598103e1,3.08110654183462174e-2,false,false,true,true,,,4,7242,34421226,7252,13641,0.188134523,0.122095269,0.066039254,7822,0,true
98,294,free,lbfgs-multistart,11995429414818333901,-5.22616770890578891e2,-5.43665360999999962e2,2.10485901094210703e1,3.87160772404278181e-2,false,false,true,true,,,4,7284,34620852,7296,13887,0.191140099,0.123325106,0.067814993,7883,0,true
98,294,free,lbfgs-multistart,13002821441637278240,-5.18846883953066026e2,-5.43665360999999962e2,2.48184770469339355e1,4.56502820067176129e-2,false,false,true,true,,,4,2165,10290245,2180,3939,0.077202796,0.051268332,0.025934464,6561,0,true
98,294,free,lbfgs-multistart,13858579061593168584,-5.16228003211379132e2,-5.43665360999999962e2,2.74373577886208295e1,5.04673642222735475e-2,false,false,false,true,,,4,7215,34292895,7235,13614,0.259521660,0.172399446,0.087122214,6513,0,true
98,294,free,lbfgs-multistart,15470961719969680748,-5.26613579464509371e2,-5.43665360999999962e2,1.70517815354905906e1,3.13644803563098290e-2,false,false,true,true,,,4,7079,33646487,7102,13309,0.205152955,0.133207832,0.071945123,7941,0,true
98,294,free,lbfgs-multistart,17254318372267541395,-5.15241809440140173e2,-5.43665360999999962e2,2.84235515598597885e1,5.22813362756428951e-2,false,false,false,true,,,4,2783,13227599,2816,4803,0.066306507,0.046007094,0.020299413,6027,0,true
98,294,free,random,2060775769102701759,1.53216082839234105e2,-5.43665360999999962e2,6.96881443839234066e2,1.28182057167926522e0,false,false,false,false,,,,20000,95060000,20000,0,0.813536468,0.522913843,0.290622625,0,0,true
98,294,free,random,2181635377049592256,1.51899480376667981e2,-5.43665360999999962e2,6.95564841376667914e2,1.27939885685795596e0,false,false,false,false,,,,20000,95060000,20000,0,1.092655038,0.706669443,0.385985595,0,0,true
98,294,free,random,3949547420586920845,8.11058361564189738e1,-5.43665360999999962e2,6.24771197156418907e2,1.14918338002486609e0,false,false,false,false,,,,20000,95060000,20000,0,0.814618742,0.516434642,0.298184100,0,0,true
98,294,free,random,6365254708925833423,1.46300184829668126e2,-5.43665360999999962e2,6.89965545829668145e2,1.26909969868333805e0,false,false,false,false,,,,20000,95060000,20000,0,0.777283058,0.510661078,0.266621980,0,0,true
98,294,free,random,6379556273658887373,1.35984819013454057e2,-5.43665360999999962e2,6.79650180013454019e2,1.25012595756207112e0,false,false,false,false,,,,20000,95060000,20000,0,1.095931227,0.700069362,0.395861865,0,0,true
98,294,free,random,11995429414818333901,1.91103977614102689e2,-5.43665360999999962e2,7.34769338614102708e2,1.35151030638147041e0,false,false,false,false,,,,20000,95060000,20000,0,0.918875321,0.592497879,0.326377442,0,0,true
98,294,free,random,13002821441637278240,1.63202384321471726e2,-5.43665360999999962e2,7.06867745321471716e2,1.30018904279883252e0,false,false,false,false,,,,20000,95060000,20000,0,1.036995436,0.680022587,0.356972849,0,0,true
98,294,free,random,13858579061593168584,1.63211458942743718e2,-5.43665360999999962e2,7.06876819942743623e2,1.30020573435566678e0,false,false,false,false,,,,20000,95060000,20000,0,1.084769885,0.690217937,0.394551948,0,0,true
98,294,free,random,15470961719969680748,1.24130349387466040e2,-5.43665360999999962e2,6.67795710387465988e2,1.22832124003476117e0,false,false,false,false,,,,20000,95060000,20000,0,1.289073116,0.831550892,0.457522224,0,0,true
98,294,free,random,17254318372267541395,1.65433115513462127e2,-5.43665360999999962e2,7.09098476513462060e2,1.30429217563018907e0,false,false,false,false,,,,20000,95060000,20000,0,1.307431602,0.855280441,0.452151161,0,0,true
