seed,sample,operating_cost,d1_axis1_train,d1_axis2_train,d1_axis1_holdout,d1_axis2_holdout,d1_axis1_hourly,d1_axis2_hourly,d1_axis1_half_hour,d1_axis2_half_hour,d2_axis1_train,d2_axis2_train,d2_axis1_holdout,d2_axis2_holdout,d2_axis1_hourly,d2_axis2_hourly,d2_axis1_half_hour,d2_axis2_half_hour,d3_axis1_train,d3_axis2_train,d3_axis1_holdout,d3_axis2_holdout
42,1,71.82135883430379408,0.25156160281413803,0.09575960363655410,0.25045555111059514,0.08952003934661941,0.25173976293835487,0.09431912527264881,0.25164864948293714,0.09403203831165759,0.31922863256071865,0.09575960363655410,0.31592855424710892,0.08952003934661941,0.31922863256071865,0.09431912527264881,0.31918153240218472,0.09403203831165759,0.65000000000000024,0.25156160281413803,0.65000000000000024,0.25045555111059514
42,2,72.38947153438152782,0.25328545904600425,0.09621843889423681,0.25045555096977939,0.08952003786684733,0.25173976263996506,0.09431911834292787,0.25164864949992677,0.09403203434322512,0.31922863184848033,0.09621843889423681,0.31592855312884416,0.08952003786684733,0.31922863184848033,0.09431911834292787,0.31918153248807946,0.09403203434322512,0.65000000000000024,0.25328545904600425,0.65000000000000024,0.25045555096977939
42,3,71.82135885552587240,0.25156160275172867,0.09575960125487963,0.25045555091597593,0.08952003825936646,0.25173976291077932,0.09431912224864991,0.25164864949178994,0.09403203168229875,0.31922863347168240,0.09575960125487963,0.31592855424348093,0.08952003825936646,0.31922863347168240,0.09431912224864991,0.31918153111534314,0.09403203168229875,0.65000000000000024,0.25156160275172867,0.65000000000000024,0.25045555091597593
42,4,73.59205771555978970,0.25504528365039447,0.09672749400882961,0.25045555099088329,0.08952004097327859,0.25173976272422960,0.09431911730655614,0.25164864933132086,0.09403203591598423,0.31922863176891142,0.09672749400882961,0.31592855340261694,0.08952004097327859,0.31922863176891142,0.09431911730655614,0.31918153127634313,0.09403203591598423,0.65000000000000024,0.25504528365039447,0.65000000000000024,0.25045555099088329
42,5,71.82135891364248437,0.25156160274276723,0.09575960266987410,0.25045555093701333,0.08952003671533755,0.25173976289316441,0.09431912155255488,0.25164864964443950,0.09403203432297851,0.31922863159481174,0.09575960266987410,0.31592855416029236,0.08952003671533755,0.31922863159481174,0.09431912155255488,0.31918153249436026,0.09403203432297851,0.65000000000000024,0.25156160274276723,0.65000000000000024,0.25045555093701333
42,7,87.59412572412961140,0.30600694883610663,0.17686674535359917,0.30323844491555124,0.17716193934003752,0.30380741527038446,0.17982036906032053,0.30376682809103722,0.17952501733712611,0.31590413233058179,0.17686674535359917,0.31245228136347969,0.17716193934003752,0.31590413233058179,0.17982036906032053,0.31588112307979949,0.17952501733712611,0.58750000000000024,0.30600694883610663,0.58750000000000024,0.30323844491555124
42,13,71.82135881423613455,0.25156160272893963,0.09575960232143683,0.25045555119436808,0.08952003375722668,0.25173976282079280,0.09431912041122865,0.25164864947356735,0.09403203328940328,0.31922863255942574,0.09575960232143683,0.31592855369716288,0.08952003375722668,0.31922863255942574,0.09431912041122865,0.31918153221296675,0.09403203328940328,0.65000000000000024,0.25156160272893963,0.65000000000000024,0.25045555119436808
42,14,71.82135881719496240,0.25156160284805085,0.09575960429727771,0.25045555120454444,0.08952003195820191,0.25173976305432871,0.09431912438727630,0.25164864956307231,0.09403203796373154,0.31922863416303449,0.09575960429727771,0.31592855434666545,0.08952003195820191,0.31922863416303449,0.09431912438727630,0.31918153245137271,0.09403203796373154,0.65000000000000024,0.25156160284805085,0.65000000000000024,0.25045555120454444
42,15,72.38442077767527394,0.25329226285930795,0.09610800101802930,0.25045555107884504,0.08952003832618516,0.25173976271237780,0.09431912263494757,0.25164864945044657,0.09403203579088844,0.31922863190118356,0.09610800101802930,0.31592855296734912,0.08952003832618516,0.31922863190118356,0.09431912263494757,0.31918153171140695,0.09403203579088844,0.65000000000000024,0.25329226285930795,0.65000000000000024,0.25045555107884504
42,16,71.82135882065242072,0.25156160273542949,0.09575960529897422,0.25045555093113797,0.08952004153726907,0.25173976270701792,0.09431912179451267,0.25164864929261715,0.09403203692577507,0.31922863181079814,0.09575960529897422,0.31592855323259189,0.08952004153726907,0.31922863181079814,0.09431912179451267,0.31918153022378382,0.09403203692577507,0.65000000000000024,0.25156160273542949,0.65000000000000024,0.25045555093113797
42,17,71.82135884445213492,0.25156160274430001,0.09575960333494683,0.25045555107699441,0.08952003460322462,0.25173976299225082,0.09431912300368180,0.25164864946668525,0.09403203038010484,0.31922863255288192,0.09575960333494683,0.31592855371496498,0.08952003460322462,0.31922863255288192,0.09431912300368180,0.31918153048981340,0.09403203038010484,0.65000000000000024,0.25156160274430001,0.65000000000000024,0.25045555107699441
42,18,71.82135883025537737,0.25156160272206646,0.09575960417801443,0.25045555114837914,0.08952004138552379,0.25173976279187449,0.09431912168623469,0.25164864948508175,0.09403203470978953,0.31922863264855811,0.09575960417801443,0.31592855364471434,0.08952004138552379,0.31922863264855811,0.09431912168623469,0.31918153211130451,0.09403203470978953,0.65000000000000024,0.25156160272206646,0.65000000000000024,0.25045555114837914
42,19,85.19257530674229884,0.17471309128023724,0.11978571188800426,1.00000000000000000,0.04428756387790789,0.17515131042389748,0.11715963267707008,0.17507418284453680,0.11689325200856926,0.31847319476342456,0.11978571188800426,0.30802756539592641,0.04428756387790789,0.31847319476342456,0.11715963267707008,0.31842615262227592,0.11689325200856926,0.65000000000000024,0.17471309128023724,0.65000000000000024,1.00000000000000000
42,26,71.82135885888791904,0.25156160263645588,0.09575960255813082,0.25045555106125150,0.08952004093378137,0.25173976272464993,0.09431912517772534,0.25164864948527199,0.09403203743301614,0.31922863176152350,0.09575960255813082,0.31592855532678171,0.08952004093378137,0.31922863176152350,0.09431912517772534,0.31918153207688621,0.09403203743301614,0.65000000000000024,0.25156160263645588,0.65000000000000024,0.25045555106125150
42,27,71.82135887038144517,0.25156160279675682,0.09575960156677822,0.25045555094457744,0.08952003762242559,0.25173976290066935,0.09431912097178774,0.25164864938447268,0.09403203849125889,0.31922863301560961,0.09575960156677822,0.31592855431793249,0.08952003762242559,0.31922863301560961,0.09431912097178774,0.31918153116476083,0.09403203849125889,0.65000000000000024,0.25156160279675682,0.65000000000000024,0.25045555094457744
42,28,71.82135886788682910,0.25156160266882976,0.09575960432309355,0.25045555089349858,0.08952004197874519,0.25173976280799831,0.09431911909460444,0.25164864963736477,0.09403203836602676,0.31922863429319909,0.09575960432309355,0.31592855402347114,0.08952004197874519,0.31922863429319909,0.09431911909460444,0.31918153215331690,0.09403203836602676,0.65000000000000024,0.25156160266882976,0.65000000000000024,0.25045555089349858
42,29,76.15424425061931402,0.25675640484955214,0.09891351123740066,0.25045555106580003,0.08952003555425618,0.25173976289097189,0.09431912205015684,0.25164864940061932,0.09403203761912193,0.31922863223875547,0.09891351123740066,0.31592855465148695,0.08952003555425618,0.31922863223875547,0.09431912205015684,0.31918153143304062,0.09403203761912193,0.65000000000000024,0.25675640484955214,0.65000000000000024,0.25045555106580003
42,30,71.82135884222969935,0.25156160279020107,0.09575960206315820,0.25045555113706691,0.08952003930437906,0.25173976290423683,0.09431911683818946,0.25164864942022214,0.09403203493744912,0.31922863274206725,0.09575960206315820,0.31592855493004135,0.08952003930437906,0.31922863274206725,0.09431911683818946,0.31918153224777351,0.09403203493744912,0.65000000000000024,0.25156160279020107,0.65000000000000024,0.25045555113706691
42,39,71.82135883162276002,0.25156160277416084,0.09575960346872196,0.25045555108533363,0.08952003278297045,0.25173976296916234,0.09431911929947634,0.25164864942425291,0.09403203697506801,0.31922863316755778,0.09575960346872196,0.31592855523061880,0.08952003278297045,0.31922863316755778,0.09431911929947634,0.31918153107167785,0.09403203697506801,0.65000000000000024,0.25156160277416084,0.65000000000000024,0.25045555108533363
42,40,72.37443344305495430,0.25503806696753384,0.09701656084442968,0.25045555100791539,0.08952003570306884,0.25173976283298133,0.09431912227018595,0.25164864943879323,0.09403203321511440,0.31922863166206611,0.09701656084442968,0.31592855400936676,0.08952003570306884,0.31922863166206611,0.09431912227018595,0.31918153214417361,0.09403203321511440,0.65000000000000024,0.25503806696753384,0.65000000000000024,0.25045555100791539
42,41,71.82135881811088041,0.25156160273736755,0.09575960472182804,0.25045555113723528,0.08952003711611860,0.25173976287433036,0.09431912507251461,0.25164864936559433,0.09403203297739123,0.31922863184445832,0.09575960472182804,0.31592855411684334,0.08952003711611860,0.31922863184445832,0.09431912507251461,0.31918153198948346,0.09403203297739123,0.65000000000000024,0.25156160273736755,0.65000000000000024,0.25045555113723528
42,43,71.82135884713193263,0.25156160271766265,0.09575960427392678,0.25045555116252810,0.08952003985358752,0.25173976287543792,0.09431912452687603,0.25164864948251664,0.09403203534615145,0.31922863217056519,0.09575960427392678,0.31592855509603146,0.08952003985358752,0.31922863217056519,0.09431912452687603,0.31918153236808022,0.09403203534615145,0.65000000000000024,0.25156160271766265,0.65000000000000024,0.25045555116252810
42,52,71.82135884627838607,0.25156160273421097,0.09575960341086774,0.25045555117879315,0.08952003745430621,0.25173976274003157,0.09431912181094700,0.25164864957174760,0.09403203374233859,0.31922863219367575,0.09575960341086774,0.31592855583858137,0.08952003745430621,0.31922863219367575,0.09431912181094700,0.31918153261100946,0.09403203374233859,0.65000000000000024,0.25156160273421097,0.65000000000000024,0.25045555117879315
42,53,72.39453151078443227,0.25327864329514732,0.09641771228457487,0.25045555108349848,0.08952003261140888,0.25173976304026735,0.09431912394018223,0.25164864944093074,0.09403203633332780,0.31922863261923673,0.09641771228457487,0.31592855263494002,0.08952003261140888,0.31922863261923673,0.09431912394018223,0.31918153107264324,0.09403203633332780,0.65000000000000024,0.25327864329514732,0.65000000000000024,0.25045555108349848
42,54,76.17358580228236065,0.25498552778742856,0.09897511222066920,0.25045555102713146,0.08952004091577614,0.25173976275313997,0.09431911913582132,0.25164864946344495,0.09403203698573637,0.31922863281828939,0.09897511222066920,0.31592855466478725,0.08952004091577614,0.31922863281828939,0.09431911913582132,0.31918153200761723,0.09403203698573637,0.65000000000000024,0.25498552778742856,0.65000000000000024,0.25045555102713146
42,56,71.82135891192456256,0.25156160278204809,0.09575960479994995,0.25045555112030116,0.08952004203956106,0.25173976276180071,0.09431912677384686,0.25164864949820653,0.09403203442336110,0.31922863272511315,0.09575960479994995,0.31592855422292848,0.08952004203956106,0.31922863272511315,0.09431912677384686,0.31918153240968417,0.09403203442336110,0.65000000000000024,0.25156160278204809,0.65000000000000024,0.25045555112030116
42,57,70.74323524912165340,0.18187697451932394,0.10527545925185344,1.00000000000000000,0.04428756252844024,0.18211844671165950,0.10288674895509724,0.18204970110120164,0.10263647911242273,0.31268399704735317,0.10527545925185344,0.30802756560532024,0.04428756252844024,0.31268399704735317,0.10288674895509724,0.31264078633974551,0.10263647911242273,0.64583333333333359,0.18187697451932394,0.64583333333333359,1.00000000000000000
42,59,86.46551622738734011,0.24276865279169182,0.10903578686692024,0.24215384301867079,0.08766284220314750,0.24316753664971069,0.10805850083458934,0.24307267428844007,0.10774517219996575,0.32221191610656069,0.10903578686692024,0.31886520485378556,0.08766284220314750,0.32221191610656069,0.10805850083458934,0.32216021061465322,0.10774517219996575,0.65416666666666690,0.24276865279169182,0.65416666666666690,0.24215384301867079
42,61,85.25893406209226555,0.29226883292044303,0.15131927881996612,0.28877516505924955,0.14746130774884877,0.28986886687458596,0.15206439695134324,0.28982160591909628,0.15174389447312389,0.31955869745781912,0.15131927881996612,0.31327794702156980,0.14746130774884877,0.31955869745781912,0.15206439695134324,0.32039264100021952,0.15174389447312389,0.62083333333333357,0.29226883292044303,0.62083333333333357,0.28877516505924955
42,64,86.63850116933195977,0.20955825844499146,0.22468130559153032,0.20996887727202770,0.21176525706430738,0.20987156984094182,0.22600014967131088,0.20983648251256962,0.22567081134927217,0.31901633431939880,0.22468130559153032,0.31515961244748736,0.21176525706430738,0.31901633431939880,0.22600014967131088,0.32043563372812406,0.22567081134927217,0.59583333333333355,0.20955825844499146,0.59583333333333355,0.20996887727202770
42,65,71.82135884016757643,0.25156160276212963,0.09575960296820375,0.25045555102303024,0.08952003454732112,0.25173976295213563,0.09431912722308951,0.25164864936277936,0.09403203396602285,0.31922863264590129,0.09575960296820375,0.31592855407820475,0.08952003454732112,0.31922863264590129,0.09431912722308951,0.31918153134034744,0.09403203396602285,0.65000000000000024,0.25156160276212963,0.65000000000000024,0.25045555102303024
42,67,71.82135885013198617,0.25156160273648775,0.09575960255684830,0.25045555100372408,0.08952003657955381,0.25173976291290440,0.09431911945731801,0.25164864939850817,0.09403203402038418,0.31922863247302802,0.09575960255684830,0.31592855460620339,0.08952003657955381,0.31922863247302802,0.09431911945731801,0.31918153188887360,0.09403203402038418,0.65000000000000024,0.25156160273648775,0.65000000000000024,0.25045555100372408
42,68,72.37443346872713335,0.25503806682508257,0.09701656190346519,0.25045555114342977,0.08952003911751698,0.25173976257370478,0.09431911976995326,0.25164864936765968,0.09403203437865293,0.31922863108066013,0.09701656190346519,0.31592855503164863,0.08952003911751698,0.31922863108066013,0.09431911976995326,0.31918153071709243,0.09403203437865293,0.65000000000000024,0.25503806682508257,0.65000000000000024,0.25045555114342977
42,69,72.38442068896290493,0.25329226304438601,0.09610800102505677,0.25045555093700944,0.08952003489514881,0.25173976290657452,0.09431912322826770,0.25164864941337201,0.09403203559679607,0.31922863344037322,0.09610800102505677,0.31592855342664827,0.08952003489514881,0.31922863344037322,0.09431912322826770,0.31918153138274719,0.09403203559679607,0.65000000000000024,0.25329226304438601,0.65000000000000024,0.25045555093700944
42,70,69.14606827878637318,0.27427389723159584,0.10657824224728248,0.27302308953242937,0.09492697078176142,0.27445441193429426,0.10481501702172731,0.27434842690347111,0.10456337033199097,0.31503911935800860,0.10657824224728248,0.31079809980382317,0.09492697078176142,0.31503911935800860,0.10481501702172731,0.31562947156370924,0.10456337033199097,0.64583333333333359,0.27427389723159584,0.64583333333333359,0.27302308953242937
42,78,71.82135887322588985,0.25156160273830530,0.09575960217916263,0.25045555090706123,0.08952004132510354,0.25173976275457588,0.09431911959294996,0.25164864950268068,0.09403203512111784,0.31922863284928915,0.09575960217916263,0.31592855387090113,0.08952004132510354,0.31922863284928915,0.09431911959294996,0.31918153194024934,0.09403203512111784,0.65000000000000024,0.25156160273830530,0.65000000000000024,0.25045555090706123
42,79,71.82135886307887063,0.25156160271895422,0.09575960195542910,0.25045555084965065,0.08952004044894919,0.25173976294826089,0.09431911884010764,0.25164864939074311,0.09403203659843314,0.31922863253274136,0.09575960195542910,0.31592855249479951,0.08952004044894919,0.31922863253274136,0.09431911884010764,0.31918153180152653,0.09403203659843314,0.65000000000000024,0.25156160271895422,0.65000000000000024,0.25045555084965065
42,80,72.38442073199004767,0.25329226289789192,0.09610799913698960,0.25045555103103651,0.08952003922214809,0.25173976277826449,0.09431912431257368,0.25164864959546368,0.09403203570780090,0.31922863222808801,0.09610799913698960,0.31592855447019602,0.08952003922214809,0.31922863222808801,0.09431912431257368,0.31918153262999283,0.09403203570780090,0.65000000000000024,0.25329226289789192,0.65000000000000024,0.25045555103103651
42,81,71.82135886867524732,0.25156160266976102,0.09575960158555503,0.25045555137273212,0.08952004357198422,0.25173976284752042,0.09431912169378458,0.25164864947897392,0.09403203417025312,0.31922863206515784,0.09575960158555503,0.31592855615546883,0.08952004357198422,0.31922863206515784,0.09431912169378458,0.31918153117234838,0.09403203417025312,0.65000000000000024,0.25156160266976102,0.65000000000000024,0.25045555137273212
42,82,72.38442074961739081,0.25329226291380402,0.09610800019783639,0.25045555118662644,0.08952003521847063,0.25173976285924837,0.09431912257753816,0.25164864947263854,0.09403203560711382,0.31922863224238063,0.09610800019783639,0.31592855272892978,0.08952003521847063,0.31922863224238063,0.09431912257753816,0.31918153063588373,0.09403203560711382,0.65000000000000024,0.25329226291380402,0.65000000000000024,0.25045555118662644
42,83,67.22435614166468554,0.27332656986945242,0.13105035739878276,0.27254072521605016,0.11410742418875046,0.27380724179266008,0.13171781671625835,0.27371782003282857,0.13144682754111714,0.31417076118001658,0.13105035739878276,0.31164011248184381,0.11410742418875046,0.31417076118001658,0.13171781671625835,0.31416792059684057,0.13144682754111714,0.64583333333333359,0.27332656986945242,0.64583333333333359,0.27254072521605016
42,91,71.82135885781212892,0.25156160271038008,0.09575960366908559,0.25045555119700369,0.08952003285391830,0.25173976279441868,0.09431912289359985,0.25164864946276255,0.09403203542194565,0.31922863240513477,0.09575960366908559,0.31592855306742956,0.08952003285391830,0.31922863240513477,0.09431912289359985,0.31918153144759842,0.09403203542194565,0.65000000000000024,0.25156160271038008,0.65000000000000024,0.25045555119700369
42,92,72.38947151760554277,0.25328545908240524,0.09621843725470426,0.25045555088417437,0.08952003356390015,0.25173976302316270,0.09431911839165334,0.25164864937912584,0.09403203444318302,0.31922863266316370,0.09621843725470426,0.31592855399569331,0.08952003356390015,0.31922863266316370,0.09431911839165334,0.31918153073263467,0.09403203444318302,0.65000000000000024,0.25328545908240524,0.65000000000000024,0.25045555088417437
42,93,72.37443344680740154,0.25503806700151543,0.09701656289215342,0.25045555096172162,0.08952004253953549,0.25173976295549405,0.09431912309867101,0.25164864941603654,0.09403203628735073,0.31922863405098589,0.09701656289215342,0.31592855504916506,0.08952004253953549,0.31922863405098589,0.09431912309867101,0.31918153161056501,0.09403203628735073,0.65000000000000024,0.25503806700151543,0.65000000000000024,0.25045555096172162
42,95,72.38947152872950142,0.25328545906841626,0.09621843743588844,0.25045555089305060,0.08952003802176038,0.25173976293398942,0.09431912052162546,0.25164864936983977,0.09403203616909701,0.31922863432318094,0.09621843743588844,0.31592855382426904,0.08952003802176038,0.31922863432318094,0.09431912052162546,0.31918153078635525,0.09403203616909701,0.65000000000000024,0.25328545906841626,0.65000000000000024,0.25045555089305060
42,96,71.82135883699547207,0.25156160269462674,0.09575960373838492,0.25045555117869656,0.08952003989303321,0.25173976287785021,0.09431911949337035,0.25164864944643750,0.09403203530320418,0.31922863267375695,0.09575960373838492,0.31592855455442731,0.08952003989303321,0.31922863267375695,0.09431911949337035,0.31918153097218671,0.09403203530320418,0.65000000000000024,0.25156160269462674,0.65000000000000024,0.25045555117869656
42,97,85.90436123379322453,0.27935603450728264,0.10910976726714777,0.27698464222645530,0.10278921636675460,0.27850825547001251,0.10678413841480346,0.27847379363375580,0.10649083458029862,0.32178157609834346,0.10910976726714777,0.31850006242282869,0.10278921636675460,0.32178157609834346,0.10678413841480346,0.32173475765372755,0.10649083458029862,0.65416666666666690,0.27935603450728264,0.65416666666666690,0.27698464222645530
42,104,71.82135883604905757,0.25156160275283262,0.09575960414701030,0.25045555120666813,0.08952003536238662,0.25173976290899291,0.09431912390957382,0.25164864943606591,0.09403203426114159,0.31922863244298788,0.09575960414701030,0.31592855421199040,0.08952003536238662,0.31922863244298788,0.09431912390957382,0.31918153224831708,0.09403203426114159,0.65000000000000024,0.25156160275283262,0.65000000000000024,0.25045555120666813
42,105,71.82135883051456915,0.25156160280499928,0.09575960359816514,0.25045555095102534,0.08952003778575006,0.25173976300688572,0.09431912125856427,0.25164864954460076,0.09403203641806861,0.31922863214397884,0.09575960359816514,0.31592855423224492,0.08952003778575006,0.31922863214397884,0.09431912125856427,0.31918153249861642,0.09403203641806861,0.65000000000000024,0.25156160280499928,0.65000000000000024,0.25045555095102534
42,106,71.82135882334560506,0.25156160272038097,0.09575960312584104,0.25045555124454327,0.08952003601106025,0.25173976285288269,0.09431912134573024,0.25164864951817900,0.09403203741343209,0.31922863362280024,0.09575960312584104,0.31592855480495252,0.08952003601106025,0.31922863362280024,0.09431912134573024,0.31918153167607316,0.09403203741343209,0.65000000000000024,0.25156160272038097,0.65000000000000024,0.25045555124454327
42,107,71.82135882895155987,0.25156160276070638,0.09575960517117711,0.25045555097993832,0.08952003552210878,0.25173976285676691,0.09431912585819176,0.25164864944186371,0.09403203735204779,0.31922863242643279,0.09575960517117711,0.31592855410635701,0.08952003552210878,0.31922863242643279,0.09431912585819176,0.31918153235639785,0.09403203735204779,0.65000000000000024,0.25156160276070638,0.65000000000000024,0.25045555097993832
42,108,71.82135879782504162,0.25156160276742179,0.09575960303547403,0.25045555118482843,0.08952003837299845,0.25173976295597544,0.09431912109514662,0.25164864937341741,0.09403203507050024,0.31922863303894039,0.09575960303547403,0.31592855413750776,0.08952003837299845,0.31922863303894039,0.09431912109514662,0.31918153143880723,0.09403203507050024,0.65000000000000024,0.25156160276742179,0.65000000000000024,0.25045555118482843
42,109,76.15954078935087068,0.25674865319392431,0.09885282463184458,0.25045555123428032,0.08952003802121673,0.25173976286448818,0.09431912187379732,0.25164864938456988,0.09403203513595686,0.31922863299803145,0.09885282463184458,0.31592855450528184,0.08952003802121673,0.31922863299803145,0.09431912187379732,0.31918153148127071,0.09403203513595686,0.65000000000000024,0.25674865319392431,0.65000000000000024,0.25045555123428032
42,117,71.82135886585257367,0.25156160275376893,0.09575960451559001,0.25045555088847821,0.08952003640608353,0.25173976318713542,0.09431911943251969,0.25164864946601589,0.09403203622005352,0.31922863525924638,0.09575960451559001,0.31592855363181999,0.08952003640608353,0.31922863525924638,0.09431911943251969,0.31918153171543978,0.09403203622005352,0.65000000000000024,0.25156160275376893,0.65000000000000024,0.25045555088847821
42,118,72.38442074891580091,0.25329226295970492,0.09610800041210001,0.25045555099943645,0.08952004000840708,0.25173976296996009,0.09431912391859994,0.25164864943621301,0.09403203445528734,0.31922863225142023,0.09610800041210001,0.31592855344472431,0.08952004000840708,0.31922863225142023,0.09431912391859994,0.31918153130873195,0.09403203445528734,0.65000000000000024,0.25329226295970492,0.65000000000000024,0.25045555099943645
42,119,71.82135882490662482,0.25156160271809724,0.09575960294799633,0.25045555089799348,0.08952003337215848,0.25173976265427511,0.09431912289263893,0.25164864946637583,0.09403203733210368,0.31922863064331802,0.09575960294799633,0.31592855258379549,0.08952003337215848,0.31922863064331802,0.09431912289263893,0.31918153110156361,0.09403203733210368,0.65000000000000024,0.25156160271809724,0.65000000000000024,0.25045555089799348
42,120,72.38442070431923980,0.25329226294558493,0.09610800101055833,0.25045555100825456,0.08952003708355323,0.25173976298495476,0.09431912449628783,0.25164864937014825,0.09403203416585597,0.31922863313362038,0.09610800101055833,0.31592855330512321,0.08952003708355323,0.31922863313362038,0.09431912449628783,0.31918153184438630,0.09403203416585597,0.65000000000000024,0.25329226294558493,0.65000000000000024,0.25045555100825456
42,130,71.82135883842759938,0.25156160265638272,0.09575960332329263,0.25045555090622207,0.08952003788694622,0.25173976290525807,0.09431912687012822,0.25164864936588066,0.09403203510831044,0.31922863286212305,0.09575960332329263,0.31592855385121560,0.08952003788694622,0.31922863286212305,0.09431912687012822,0.31918153101100782,0.09403203510831044,0.65000000000000024,0.25156160265638272,0.65000000000000024,0.25045555090622207
42,131,71.82135885306422551,0.25156160269924455,0.09575960351666492,0.25045555108129952,0.08952004089209376,0.25173976289783673,0.09431912209042048,0.25164864952392135,0.09403203755594114,0.31922863281942077,0.09575960351666492,0.31592855453922375,0.08952004089209376,0.31922863281942077,0.09431912209042048,0.31918153216106693,0.09403203755594114,0.65000000000000024,0.25156160269924455,0.65000000000000024,0.25045555108129952
42,133,71.82135881747984740,0.25156160266036265,0.09575960295775608,0.25045555097836841,0.08952004353040222,0.25173976273706355,0.09431912188465708,0.25164864957806449,0.09403204082925994,0.31922863235124721,0.09575960295775608,0.31592855299514339,0.08952004353040222,0.31922863235124721,0.09431912188465708,0.31918153225640805,0.09403204082925994,0.65000000000000024,0.25156160266036265,0.65000000000000024,0.25045555097836841
42,134,72.38947151172722272,0.25328545906274114,0.09621844220358328,0.25045555102222178,0.08952004397404563,0.25173976296765677,0.09431912520158736,0.25164864942180093,0.09403203395955884,0.31922863310094768,0.09621844220358328,0.31592855461356328,0.08952004397404563,0.31922863310094768,0.09431912520158736,0.31918153197905624,0.09403203395955884,0.65000000000000024,0.25328545906274114,0.65000000000000024,0.25045555102222178
42,136,81.21179285519437485,0.32889627598382654,0.16826445272844351,0.32359081903509090,0.16862438720067185,0.32868492836275154,0.16664843608161184,0.32864532707583505,0.16636198696328020,0.31700606907574203,0.16826445272844351,0.31992249194862515,0.16862438720067185,0.31700606907574203,0.16664843608161184,0.31867746880771475,0.16636198696328020,0.64583333333333359,0.32889627598382654,0.64583333333333359,0.32359081903509090
42,144,72.38442069911994281,0.25329226301335200,0.09610800053719108,0.25045555094337379,0.08952003623284284,0.25173976290167738,0.09431912101442326,0.25164864938584125,0.09403203330850733,0.31922863258989925,0.09610800053719108,0.31592855408846410,0.08952003623284284,0.31922863258989925,0.09431912101442326,0.31918153178043374,0.09403203330850733,0.65000000000000024,0.25329226301335200,0.65000000000000024,0.25045555094337379
42,146,71.82135886661372126,0.25156160265078231,0.09575960255975359,0.25045555100705863,0.08952003891496603,0.25173976271819332,0.09431911748622827,0.25164864955981836,0.09403203352107921,0.31922863120736816,0.09575960255975359,0.31592855336664477,0.08952003891496603,0.31922863120736816,0.09431911748622827,0.31918153245011432,0.09403203352107921,0.65000000000000024,0.25156160265078231,0.65000000000000024,0.25045555100705863
42,156,71.82135883338325755,0.25156160277032147,0.09575960204462707,0.25045555110944445,0.08952003674801179,0.25173976280294202,0.09431912472568464,0.25164864959900385,0.09403203995780747,0.31922863234634824,0.09575960204462707,0.31592855468785841,0.08952003674801179,0.31922863234634824,0.09431912472568464,0.31918153227669843,0.09403203995780747,0.65000000000000024,0.25156160277032147,0.65000000000000024,0.25045555110944445
42,157,71.82135883320125913,0.25156160255900534,0.09575960442424393,0.25045555097598887,0.08952004120079904,0.25173976289115335,0.09431912022287910,0.25164864947937798,0.09403203633151495,0.31922863224158660,0.09575960442424393,0.31592855316604918,0.08952004120079904,0.31922863224158660,0.09431912022287910,0.31918153203632937,0.09403203633151495,0.65000000000000024,0.25156160255900534,0.65000000000000024,0.25045555097598887
42,158,71.82135885967574040,0.25156160280013512,0.09575960189734238,0.25045555113450557,0.08952003565689044,0.25173976303254880,0.09431912186292039,0.25164864939182902,0.09403203317178810,0.31922863327398410,0.09575960189734238,0.31592855387762525,0.08952003565689044,0.31922863327398410,0.09431912186292039,0.31918153085698997,0.09403203317178810,0.65000000000000024,0.25156160280013512,0.65000000000000024,0.25045555113450557
42,159,71.82135883827942280,0.25156160271131661,0.09575960329446455,0.25045555107202688,0.08952004382620456,0.25173976289954036,0.09431912122894204,0.25164864944539017,0.09403203679161669,0.31922863219077174,0.09575960329446455,0.31592855418932408,0.08952004382620456,0.31922863219077174,0.09431912122894204,0.31918153064303695,0.09403203679161669,0.65000000000000024,0.25156160271131661,0.65000000000000024,0.25045555107202688
42,160,71.82135886369870548,0.25156160268028871,0.09575960475824852,0.25045555112883322,0.08952003877551966,0.25173976296498696,0.09431912025502065,0.25164864937725501,0.09403203442471660,0.31922863332168916,0.09575960475824852,0.31592855402430919,0.08952003877551966,0.31922863332168916,0.09431912025502065,0.31918153170645241,0.09403203442471660,0.65000000000000024,0.25156160268028871,0.65000000000000024,0.25045555112883322
42,161,71.82135885953184129,0.25156160270082112,0.09575960325205889,0.25045555094597660,0.08952004084034204,0.25173976258059017,0.09431911995247488,0.25164864945908433,0.09403203267632014,0.31922863207330043,0.09575960325205889,0.31592855450793644,0.08952004084034204,0.31922863207330043,0.09431911995247488,0.31918153052979797,0.09403203267632014,0.65000000000000024,0.25156160270082112,0.65000000000000024,0.25045555094597660
42,162,96.51716396540622611,0.27592863043363769,0.13307371481179850,0.25884509346976942,0.12603536909944726,0.27473706358559219,0.12990522184083306,0.27468982093441319,0.12926620702345790,0.32188417402651892,0.13307371481179850,0.32398960663266152,0.12603536909944726,0.32188417402651892,0.12990522184083306,0.32341106117363283,0.12926620702345790,0.59583333333333355,0.27592863043363769,0.59583333333333355,0.25884509346976942
42,169,71.82135885497885397,0.25156160282552426,0.09575960443629093,0.25045555091068034,0.08952004078444387,0.25173976303829010,0.09431912529524171,0.25164864950329391,0.09403203702672862,0.31922863345010327,0.09575960443629093,0.31592855272455400,0.08952004078444387,0.31922863345010327,0.09431912529524171,0.31918153257128634,0.09403203702672862,0.65000000000000024,0.25156160282552426,0.65000000000000024,0.25045555091068034
42,170,71.82135883011380884,0.25156160278148881,0.09575960394250799,0.25045555104972150,0.08952003906927113,0.25173976289249983,0.09431912189660892,0.25164864935278547,0.09403203588952702,0.31922863098149767,0.09575960394250799,0.31592855379801371,0.08952003906927113,0.31922863098149767,0.09431912189660892,0.31918153137488281,0.09403203588952702,0.65000000000000024,0.25156160278148881,0.65000000000000024,0.25045555104972150
42,171,71.82135889005687091,0.25156160276420836,0.09575960286563813,0.25045555093994409,0.08952003609112154,0.25173976280581661,0.09431912377505432,0.25164864953971022,0.09403203676524245,0.31922863407980168,0.09575960286563813,0.31592855478264859,0.08952003609112154,0.31922863407980168,0.09431912377505432,0.31918153216742290,0.09403203676524245,0.65000000000000024,0.25156160276420836,0.65000000000000024,0.25045555093994409
42,172,73.59205770370320465,0.25504528373873231,0.09672749559319201,0.25045555094453437,0.08952003839164169,0.25173976280210530,0.09431911916540588,0.25164864950980970,0.09403203446083763,0.31922863208249830,0.09672749559319201,0.31592855356122074,0.08952003839164169,0.31922863208249830,0.09431911916540588,0.31918153200997601,0.09403203446083763,0.65000000000000024,0.25504528373873231,0.65000000000000024,0.25045555094453437
42,174,76.17428672262803957,0.25673522763601797,0.09934112689557946,0.25045555104241479,0.08952003755795368,0.25173976285619076,0.09431912392581114,0.25164864950314997,0.09403203509494588,0.31776036756270548,0.09934112689557946,0.31592855454445629,0.08952003755795368,0.31776036756270548,0.09431912392581114,0.31843639984104505,0.09403203509494588,0.65000000000000024,0.25673522763601797,0.65000000000000024,0.25045555104241479
42,182,72.38442075929644659,0.25329226295686652,0.09610799908440665,0.25045555101922407,0.08952004159136906,0.25173976289786126,0.09431912292483620,0.25164864939254644,0.09403203376662080,0.31922863480727864,0.09610799908440665,0.31592855440244016,0.08952004159136906,0.31922863480727864,0.09431912292483620,0.31918153122172266,0.09403203376662080,0.65000000000000024,0.25329226295686652,0.65000000000000024,0.25045555101922407
42,183,71.82135882771916613,0.25156160281300066,0.09575960195509520,0.25045555079402654,0.08952004031417338,0.25173976302790385,0.09431911811280551,0.25164864943089343,0.09403203682094567,0.31922863542223756,0.09575960195509520,0.31592855346783977,0.08952004031417338,0.31922863542223756,0.09431911811280551,0.31918153159390394,0.09403203682094567,0.65000000000000024,0.25156160281300066,0.65000000000000024,0.25045555079402654
42,184,71.82135886628124410,0.25156160275912809,0.09575960447094128,0.25045555098370254,0.08952004362274901,0.25173976299960732,0.09431912389544476,0.25164864949318522,0.09403203501904984,0.31922863257193063,0.09575960447094128,0.31592855330963454,0.08952004362274901,0.31922863257193063,0.09431912389544476,0.31918153154467055,0.09403203501904984,0.65000000000000024,0.25156160275912809,0.65000000000000024,0.25045555098370254
42,185,71.82135886124189028,0.25156160275429235,0.09575960368770382,0.25045555109912016,0.08952004086702485,0.25173976282828281,0.09431912629820460,0.25164864956043898,0.09403203606266379,0.31922863185257272,0.09575960368770382,0.31592855425179123,0.08952004086702485,0.31922863185257272,0.09431912629820460,0.31918153150506429,0.09403203606266379,0.65000000000000024,0.25156160275429235,0.65000000000000024,0.25045555109912016
42,186,71.82135884892684885,0.25156160275023359,0.09575960338139279,0.25045555112947276,0.08952004113649419,0.25173976311619084,0.09431912747113103,0.25164864940886728,0.09403203425414282,0.31922863381172256,0.09575960338139279,0.31592855397187586,0.08952004113649419,0.31922863381172256,0.09431912747113103,0.31918153087330076,0.09403203425414282,0.65000000000000024,0.25156160275023359,0.65000000000000024,0.25045555112947276
42,195,71.82135885181023127,0.25156160274584721,0.09575960103431984,0.25045555100738043,0.08952003832962729,0.25173976276836607,0.09431912306122059,0.25164864956474176,0.09403203541611831,0.31922863306654720,0.09575960103431984,0.31592855512628626,0.08952003832962729,0.31922863306654720,0.09431912306122059,0.31918153264409282,0.09403203541611831,0.65000000000000024,0.25156160274584721,0.65000000000000024,0.25045555100738043
42,196,71.82135885018917065,0.25156160273199590,0.09575960231179088,0.25045555105795919,0.08952003351467079,0.25173976292185263,0.09431911705077149,0.25164864954568278,0.09403203584449689,0.31922863209569868,0.09575960231179088,0.31592855499166261,0.08952003351467079,0.31922863209569868,0.09431911705077149,0.31918153180333403,0.09403203584449689,0.65000000000000024,0.25156160273199590,0.65000000000000024,0.25045555105795919
42,197,71.82135890808393697,0.25156160279008194,0.09575960457812059,0.25045555089105093,0.08952003763330836,0.25173976299086354,0.09431912378728217,0.25164864948962301,0.09403203434964014,0.31922863326364603,0.09575960457812059,0.31592855317637708,0.08952003763330836,0.31922863326364603,0.09431912378728217,0.31918153161730300,0.09403203434964014,0.65000000000000024,0.25156160279008194,0.65000000000000024,0.25045555089105093
42,199,71.82135887135567032,0.25156160268414379,0.09575960243047689,0.25045555094201688,0.08952003804545756,0.25173976282671134,0.09431912238172702,0.25164864945946491,0.09403203633561479,0.31922863156469039,0.09575960243047689,0.31592855280594745,0.08952003804545756,0.31922863156469039,0.09431912238172702,0.31918153211259176,0.09403203633561479,0.65000000000000024,0.25156160268414379,0.65000000000000024,0.25045555094201688
42,202,69.14606827587867599,0.27427389725905460,0.10657824080674515,0.27302308940880265,0.09492697193905619,0.27445441179618102,0.10481501956618795,0.27434842698383710,0.10456337555382038,0.31503912043092952,0.10657824080674515,0.31079809883494142,0.09492697193905619,0.31503912043092952,0.10481501956618795,0.31562947230985289,0.10456337555382038,0.64583333333333359,0.27427389725905460,0.64583333333333359,0.27302308940880265
42,203,88.01487300901864330,0.24393406249591310,0.13192088299290683,0.23851993308861841,0.13077083829488126,0.23963979199923904,0.13000902774422451,0.24658319215584962,0.12853193086571668,0.32247395088415415,0.13192088299290683,0.32246733665654043,0.13077083829488126,0.32247395088415415,0.13000902774422451,0.32275802243974466,0.12853193086571668,0.62500000000000011,0.24393406249591310,0.62500000000000011,0.23851993308861841
42,208,72.38442072870111588,0.25329226289286200,0.09610799979719183,0.25045555117144347,0.08952003315252099,0.25173976268334053,0.09431911999499058,0.25164864938879605,0.09403203567540504,0.31922863290799214,0.09610799979719183,0.31592855549159715,0.08952003315252099,0.31922863290799214,0.09431911999499058,0.31918153095663471,0.09403203567540504,0.65000000000000024,0.25329226289286200,0.65000000000000024,0.25045555117144347
42,210,71.82135884451103891,0.25156160273513523,0.09575960619059221,0.25045555101179667,0.08952004327160849,0.25173976304055762,0.09431912891015896,0.25164864942740506,0.09403203314677107,0.31922863277407759,0.09575960619059221,0.31592855430258582,0.08952004327160849,0.31922863277407759,0.09431912891015896,0.31918153159016482,0.09403203314677107,0.65000000000000024,0.25156160273513523,0.65000000000000024,0.25045555101179667
42,212,71.82135884357455780,0.25156160274767525,0.09575960207368227,0.25045555140586373,0.08952003853929195,0.25173976304014484,0.09431912341098710,0.25164864955216770,0.09403203590184428,0.31922863334842211,0.09575960207368227,0.31592855616217558,0.08952003853929195,0.31922863334842211,0.09431912341098710,0.31918153232212310,0.09403203590184428,0.65000000000000024,0.25156160274767525,0.65000000000000024,0.25045555140586373
42,213,71.82135889182698918,0.25156160269674377,0.09575960489350797,0.25045555107691075,0.08952003705811669,0.25173976275398147,0.09431911850936096,0.25164864937230297,0.09403203636529096,0.31922863119225781,0.09575960489350797,0.31592855358181815,0.08952003705811669,0.31922863119225781,0.09431911850936096,0.31918153156160189,0.09403203636529096,0.65000000000000024,0.25156160269674377,0.65000000000000024,0.25045555107691075
42,214,85.63229130008633661,0.29154243747963599,0.14384005048154538,0.28967697748245813,0.14502770337232795,0.29106128012585875,0.14328014743135764,0.29102360413052453,0.14298901105172460,0.31805033042118191,0.14384005048154538,0.31668555940793852,0.14502770337232795,0.31805033042118191,0.14328014743135764,0.31799312087837556,0.14298901105172460,0.65416666666666690,0.29154243747963599,0.65416666666666690,0.28967697748245813
42,221,72.38442073467811610,0.25329226288997420,0.09610800103150975,0.25045555098807504,0.08952004484932925,0.25173976279152427,0.09431912226860788,0.25164864944200294,0.09403203572100478,0.31922863137483942,0.09610800103150975,0.31592855366661504,0.08952004484932925,0.31922863137483942,0.09431912226860788,0.31918153111662873,0.09403203572100478,0.65000000000000024,0.25329226288997420,0.65000000000000024,0.25045555098807504
42,222,71.82135881689141854,0.25156160283545287,0.09575960209009821,0.25045555075322201,0.08952003734824492,0.25173976272949161,0.09431912081536331,0.25164864941027404,0.09403203675010241,0.31922863120789491,0.09575960209009821,0.31592855277490278,0.08952003734824492,0.31922863120789491,0.09431912081536331,0.31918153138889216,0.09403203675010241,0.65000000000000024,0.25156160283545287,0.65000000000000024,0.25045555075322201
42,223,72.38947152180398348,0.25328545910884864,0.09621843889884742,0.25045555090429911,0.08952003910779156,0.25173976292339306,0.09431912220662524,0.25164864954618527,0.09403203123414323,0.31922863238214583,0.09621843889884742,0.31592855371271866,0.08952003910779156,0.31922863238214583,0.09431912220662524,0.31918153194488091,0.09403203123414323,0.65000000000000024,0.25328545910884864,0.65000000000000024,0.25045555090429911
42,224,72.39453150220374766,0.25327864314875909,0.09641771265142279,0.25045555086966254,0.08952004315220496,0.25173976284440064,0.09431912190230481,0.25164864943101672,0.09403203821124895,0.31922863220444492,0.09641771265142279,0.31592855349203347,0.08952004315220496,0.31922863220444492,0.09431912190230481,0.31918153188442211,0.09403203821124895,0.65000000000000024,0.25327864314875909,0.65000000000000024,0.25045555086966254
42,225,71.82135885045316570,0.25156160274644995,0.09575960402589236,0.25045555118280205,0.08952003867501575,0.25173976300474343,0.09431912098914104,0.25164864934707132,0.09403203350215501,0.31922863336922658,0.09575960402589236,0.31592855520563973,0.08952003867501575,0.31922863336922658,0.09431912098914104,0.31918153178381931,0.09403203350215501,0.65000000000000024,0.25156160274644995,0.65000000000000024,0.25045555118280205
42,226,94.72684314868466515,0.23960066963399171,0.11282446833704590,0.23764821225868499,0.09369975562207267,0.23934589303526541,0.11304752523598401,0.23931109278413731,0.11260976598171608,0.32329412107506800,0.11282446833704590,0.32025086363445837,0.09369975562207267,0.32329412107506800,0.11304752523598401,0.32321583291094941,0.11260976598171608,0.65416666666666690,0.23960066963399171,0.65416666666666690,0.23764821225868499
42,234,71.82135885521434204,0.25156160275449935,0.09575960541625332,0.25045555094865052,0.08952004105931526,0.25173976291227368,0.09431912212709952,0.25164864946561510,0.09403203940904074,0.31922863200438839,0.09575960541625332,0.31592855322983832,0.08952004105931526,0.31922863200438839,0.09431912212709952,0.31918153237447089,0.09403203940904074,0.65000000000000024,0.25156160275449935,0.65000000000000024,0.25045555094865052
42,235,72.38947149508338441,0.25328545908567518,0.09621843869155934,0.25045555131382857,0.08952003661789594,0.25173976295581596,0.09431912331899699,0.25164864940766529,0.09403203645548024,0.31922863311710409,0.09621843869155934,0.31592855582544166,0.08952003661789594,0.31922863311710409,0.09431912331899699,0.31918153251562992,0.09403203645548024,0.65000000000000024,0.25328545908567518,0.65000000000000024,0.25045555131382857
42,236,71.82135885693590183,0.25156160285733459,0.09575960304817242,0.25045555097448247,0.08952003896765774,0.25173976285085842,0.09431912096239865,0.25164864940030690,0.09403203880874560,0.31922863251392075,0.09575960304817242,0.31592855403157832,0.08952003896765774,0.31922863251392075,0.09431912096239865,0.31918153089635909,0.09403203880874560,0.65000000000000024,0.25156160285733459,0.65000000000000024,0.25045555097448247
42,237,71.82135883819762512,0.25156160284440654,0.09575960370689955,0.25045555112743734,0.08952004181235540,0.25173976291279254,0.09431912049197518,0.25164864945279153,0.09403203439048576,0.31922863222771236,0.09575960370689955,0.31592855254973534,0.08952004181235540,0.31922863222771236,0.09431912049197518,0.31918153128153059,0.09403203439048576,0.65000000000000024,0.25156160284440654,0.65000000000000024,0.25045555112743734
42,238,71.82135885403386055,0.25156160267883598,0.09575960355278045,0.25045555097669558,0.08952003799404817,0.25173976268638593,0.09431911765551670,0.25164864935565023,0.09403203690949113,0.31922863154595760,0.09575960355278045,0.31592855323089120,0.08952003799404817,0.31922863154595760,0.09431911765551670,0.31918153061190652,0.09403203690949113,0.65000000000000024,0.25156160267883598,0.65000000000000024,0.25045555097669558
42,247,72.38947150487439330,0.25328545912822586,0.09621844008766817,0.25045555108548828,0.08952003652369094,0.25173976287428801,0.09431912072674797,0.25164864950128929,0.09403203485199303,0.31922863184414418,0.09621844008766817,0.31592855496939742,0.08952003652369094,0.31922863184414418,0.09431912072674797,0.31918153130512200,0.09403203485199303,0.65000000000000024,0.25328545912822586,0.65000000000000024,0.25045555108548828
42,248,72.37443341862891089,0.25503806695737424,0.09701656006064813,0.25045555115305074,0.08952003893091616,0.25173976304100409,0.09431911592610076,0.25164864942574622,0.09403203589687441,0.31922863162532222,0.09701656006064813,0.31592855408579223,0.08952003893091616,0.31922863162532222,0.09431911592610076,0.31918153027487906,0.09403203589687441,0.65000000000000024,0.25503806695737424,0.65000000000000024,0.25045555115305074
42,249,72.38442070016121477,0.25329226294050539,0.09610800036867101,0.25045555106540518,0.08952003630231083,0.25173976278016474,0.09431911833507201,0.25164864949540655,0.09403203386482091,0.31922863200590784,0.09610800036867101,0.31592855393308411,0.08952003630231083,0.31922863200590784,0.09431911833507201,0.31918153215784428,0.09403203386482091,0.65000000000000024,0.25329226294050539,0.65000000000000024,0.25045555106540518
42,251,72.38947148844061985,0.25328545910176403,0.09621844013542420,0.25045555091597238,0.08952003814966940,0.25173976284756727,0.09431911843983953,0.25164864949283927,0.09403203388815899,0.31922863256144901,0.09621844013542420,0.31592855436060097,0.08952003814966940,0.31922863256144901,0.09431911843983953,0.31918153210773931,0.09403203388815899,0.65000000000000024,0.25328545910176403,0.65000000000000024,0.25045555091597238
42,259,94.00800202670322392,0.19203229161751481,0.15139758468348891,0.19109731708478683,0.16540784965672062,0.19174910687151947,0.14972930317065272,0.19173121002360050,0.14941813033403273,0.32348944333048485,0.15139758468348891,0.32150087793103493,0.16540784965672062,0.32348944333048485,0.14972930317065272,0.32343061042524873,0.14941813033403273,0.59583333333333355,0.19203229161751481,0.59583333333333355,0.19109731708478683
42,260,71.82135884266756420,0.25156160269139349,0.09575960166074786,0.25045555110267687,0.08952003580350627,0.25173976291655042,0.09431912549039967,0.25164864940081993,0.09403203375843579,0.31922863350528752,0.09575960166074786,0.31592855429248895,0.08952003580350627,0.31922863350528752,0.09431912549039967,0.31918153171428931,0.09403203375843579,0.65000000000000024,0.25156160269139349,0.65000000000000024,0.25045555110267687
42,261,71.82135891533111760,0.25156160277341744,0.09575960351525782,0.25045555097757027,0.08952003971571727,0.25173976312328256,0.09431913155995497,0.25164864939332432,0.09403203311418040,0.31922863345599672,0.09575960351525782,0.31592855376400797,0.08952003971571727,0.31922863345599672,0.09431913155995497,0.31918153198459076,0.09403203311418040,0.65000000000000024,0.25156160277341744,0.65000000000000024,0.25045555097757027
42,262,72.38947155549212198,0.25328545902702870,0.09621843995034053,0.25045555096527311,0.08952004043667590,0.25173976293528422,0.09431912271169107,0.25164864954434113,0.09403203369151740,0.31922863219662367,0.09621843995034053,0.31592855375963613,0.08952004043667590,0.31922863219662367,0.09431912271169107,0.31918153178258302,0.09403203369151740,0.65000000000000024,0.25328545902702870,0.65000000000000024,0.25045555096527311
42,263,79.97126484945297875,0.25852061777672436,0.10167073234015372,0.25045555092837701,0.08952003659101189,0.25173976286697763,0.09431912272712850,0.25695531446759273,0.09653750787730535,0.31776036798284019,0.10167073234015372,0.31592855413652399,0.08952003659101189,0.31776036798284019,0.09431912272712850,0.31771752974182271,0.09653750787730535,0.65000000000000024,0.25852061777672436,0.65000000000000024,0.25045555092837701
42,265,72.37443345671900374,0.25503806687652614,0.09701656353525447,0.25045555095528643,0.08952003333264240,0.25173976278602556,0.09431912334759758,0.25164864936529707,0.09403203498730923,0.31922863210164665,0.09701656353525447,0.31592855281778698,0.08952003333264240,0.31922863210164665,0.09431912334759758,0.31918153078388400,0.09403203498730923,0.65000000000000024,0.25503806687652614,0.65000000000000024,0.25045555095528643
42,266,71.82135883011548572,0.25156160266706745,0.09575960389811861,0.25045555114642681,0.08952003722687074,0.25173976285200778,0.09431911890395783,0.25164864941039050,0.09403203437674350,0.31922863214049008,0.09575960389811861,0.31592855443085172,0.08952003722687074,0.31922863214049008,0.09431911890395783,0.31918153110867314,0.09403203437674350,0.65000000000000024,0.25156160266706745,0.65000000000000024,0.25045555114642681
42,267,88.80028680677185093,0.25149797408763702,0.12323643754005033,0.24694660957841699,0.11174954661696986,0.24824958636372535,0.12208027251059761,0.24812105487966002,0.12170605678320912,0.32005781749398843,0.12323643754005033,0.31675382080324482,0.11174954661696986,0.32005781749398843,0.12208027251059761,0.32001727767379073,0.12170605678320912,0.62083333333333357,0.25149797408763702,0.62083333333333357,0.24694660957841699
42,273,71.82135883967733037,0.25156160270165878,0.09575960411219601,0.25045555107838091,0.08952003912151148,0.25173976280946081,0.09431912462256009,0.25164864943968923,0.09403203612219831,0.31922863215872049,0.09575960411219601,0.31592855492403105,0.08952003912151148,0.31922863215872049,0.09431912462256009,0.31918153241803376,0.09403203612219831,0.65000000000000024,0.25156160270165878,0.65000000000000024,0.25045555107838091
42,274,71.82135886126030755,0.25156160271964861,0.09575960046400921,0.25045555083740578,0.08952004108645310,0.25173976278162319,0.09431911805309275,0.25164864937478965,0.09403203395693190,0.31922863207241808,0.09575960046400921,0.31592855240039464,0.08952004108645310,0.31922863207241808,0.09431911805309275,0.31918153151705914,0.09403203395693190,0.65000000000000024,0.25156160271964861,0.65000000000000024,0.25045555083740578
42,275,131.63211963049485576,0.26234027056590198,0.29531626318097504,0.25713526357358779,0.24343516811800062,0.26010951633051493,0.29723212812253269,0.26000957436728600,0.29608857057051047,0.34843665742167429,0.29531626318097504,0.34001558640528806,0.24343516811800062,0.34843665742167429,0.29723212812253269,0.35009271674940140,0.29608857057051047,0.72083333333333333,0.26234027056590198,0.72083333333333333,0.25713526357358779
42,276,71.82135887226841930,0.25156160277745360,0.09575960419565525,0.25045555110181417,0.08952003139305427,0.25173976282751465,0.09431911622186269,0.25164864949152266,0.09403203481022104,0.31922863182443545,0.09575960419565525,0.31592855373324036,0.08952003139305427,0.31922863182443545,0.09431911622186269,0.31918153207295158,0.09403203481022104,0.65000000000000024,0.25156160277745360,0.65000000000000024,0.25045555110181417
42,277,71.82135886008758519,0.25156160274868050,0.09575960495439627,0.25045555109630124,0.08952003459185602,0.25173976285965821,0.09431912558960980,0.25164864949005927,0.09403203425805036,0.31922863272941987,0.09575960495439627,0.31592855396426117,0.08952003459185602,0.31922863272941987,0.09431912558960980,0.31918153202546812,0.09403203425805036,0.65000000000000024,0.25156160274868050,0.65000000000000024,0.25045555109630124
42,287,72.38442072215529777,0.25329226300848651,0.09610800060769387,0.25045555105332884,0.08952003856462547,0.25173976295203032,0.09431912566104923,0.25164864957895111,0.09403203300691161,0.31922863351389758,0.09610800060769387,0.31592855257902935,0.08952003856462547,0.31922863351389758,0.09431912566104923,0.31918153244700781,0.09403203300691161,0.65000000000000024,0.25329226300848651,0.65000000000000024,0.25045555105332884
42,288,71.82135884163518824,0.25156160277433737,0.09575960346187760,0.25045555100288858,0.08952003506494255,0.25173976287988359,0.09431912217371459,0.25164864939146503,0.09403203609161515,0.31922863199212054,0.09575960346187760,0.31592855348772292,0.08952003506494255,0.31922863199212054,0.09431912217371459,0.31918153165472096,0.09403203609161515,0.65000000000000024,0.25156160277433737,0.65000000000000024,0.25045555100288858
42,289,71.82135887210164071,0.25156160273514921,0.09575960237076692,0.25045555112688328,0.08952003594262951,0.25173976277352911,0.09431911947307021,0.25164864938996301,0.09403203435050773,0.31922863242687916,0.09575960237076692,0.31592855395235786,0.08952003594262951,0.31922863242687916,0.09431911947307021,0.31918153166918439,0.09403203435050773,0.65000000000000024,0.25156160273514921,0.65000000000000024,0.25045555112688328
42,290,71.82135883953175437,0.25156160282525547,0.09575960597009668,0.25045555092889427,0.08952003909565336,0.25173976284900101,0.09431912668500793,0.25164864943010196,0.09403203303927432,0.31922863204671914,0.09575960597009668,0.31592855260698732,0.08952003909565336,0.31922863204671914,0.09431912668500793,0.31918153107676589,0.09403203303927432,0.65000000000000024,0.25156160282525547,0.65000000000000024,0.25045555092889427
42,291,72.38442073077715122,0.25329226289493006,0.09610800323694930,0.25045555092242100,0.08952003970284579,0.25173976295796680,0.09431912909745736,0.25164864937836495,0.09403203581396451,0.31922863383111355,0.09610800323694930,0.31592855359613398,0.08952003970284579,0.31922863383111355,0.09431912909745736,0.31918153156842999,0.09403203581396451,0.65000000000000024,0.25329226289493006,0.65000000000000024,0.25045555092242100
42,293,86.46551616090081893,0.24276865289861749,0.10903578791418661,0.24215384299974418,0.08766284544643477,0.24316753670486521,0.10805850129621541,0.24307267425847778,0.10774517439944005,0.32221191696395030,0.10903578791418661,0.31886520443223043,0.08766284544643477,0.32221191696395030,0.10805850129621541,0.32216021034667514,0.10774517439944005,0.65416666666666690,0.24276865289861749,0.65416666666666690,0.24215384299974418
42,295,81.94002800729987257,0.35768758328575584,0.17746001614932774,0.35463847684303162,0.16151874370861238,0.35653597603855425,0.17637862990934750,0.35653834474237356,0.17608542923076306,0.31807742724473159,0.17746001614932774,0.31626352288446596,0.16151874370861238,0.31807742724473159,0.17637862990934750,0.31963362128726941,0.17608542923076306,0.61666666666666692,0.35768758328575584,0.61666666666666692,0.35463847684303162
42,299,71.82135883932865283,0.25156160279927697,0.09575960262949824,0.25045555114453966,0.08952003388983669,0.25173976296393064,0.09431912482105627,0.25164864942220205,0.09403203619219187,0.31922863218934128,0.09575960262949824,0.31592855387926683,0.08952003388983669,0.31922863218934128,0.09431912482105627,0.31918153044369663,0.09403203619219187,0.65000000000000024,0.25156160279927697,0.65000000000000024,0.25045555114453966
42,300,71.82135885104148088,0.25156160277666267,0.09575960322842876,0.25045555093114735,0.08952003625912486,0.25173976306747431,0.09431912502405775,0.25164864941036713,0.09403203330192000,0.31922863420007858,0.09575960322842876,0.31592855396974179,0.08952003625912486,0.31922863420007858,0.09431912502405775,0.31918153190287030,0.09403203330192000,0.65000000000000024,0.25156160277666267,0.65000000000000024,0.25045555093114735
42,301,71.82135885464067826,0.25156160273154954,0.09575960401149647,0.25045555108182715,0.08952003353100853,0.25173976291861183,0.09431912592928282,0.25164864934896641,0.09403203553819939,0.31922863311494365,0.09575960401149647,0.31592855433264250,0.08952003353100853,0.31922863311494365,0.09431912592928282,0.31918153050573467,0.09403203553819939,0.65000000000000024,0.25156160273154954,0.65000000000000024,0.25045555108182715
42,302,71.82135887161493315,0.25156160274719269,0.09575960420851014,0.25045555098878969,0.08952004142377719,0.25173976304606638,0.09431912642183778,0.25164864938354276,0.09403203458789185,0.31922863303577392,0.09575960420851014,0.31592855426338085,0.08952004142377719,0.31922863303577392,0.09431912642183778,0.31918153187029724,0.09403203458789185,0.65000000000000024,0.25156160274719269,0.65000000000000024,0.25045555098878969
42,303,72.37443346521699539,0.25503806694655823,0.09701656196374807,0.25045555120115487,0.08952003506435331,0.25173976283046179,0.09431912121189641,0.25164864944508397,0.09403203530774706,0.31922863137703628,0.09701656196374807,0.31592855415442278,0.08952003506435331,0.31922863137703628,0.09431912121189641,0.31918153162344454,0.09403203530774706,0.65000000000000024,0.25503806694655823,0.65000000000000024,0.25045555120115487
42,312,71.82135882153347950,0.25156160274591632,0.09575960339026246,0.25045555098532307,0.08952003748955129,0.25173976295678635,0.09431911866879654,0.25164864949372506,0.09403203713223533,0.31922863384943750,0.09575960339026246,0.31592855400517644,0.08952003748955129,0.31922863384943750,0.09431911866879654,0.31918153182456294,0.09403203713223533,0.65000000000000024,0.25156160274591632,0.65000000000000024,0.25045555098532307
42,313,71.82135885380459683,0.25156160281192252,0.09575960430227158,0.25045555101990763,0.08952004152776771,0.25173976302152573,0.09431912479253864,0.25164864940978809,0.09403203789599823,0.31922863295242571,0.09575960430227158,0.31592855443281997,0.08952004152776771,0.31922863295242571,0.09431912479253864,0.31918153178859093,0.09403203789599823,0.65000000000000024,0.25156160281192252,0.65000000000000024,0.25045555101990763
42,314,71.82135888038553162,0.25156160274694661,0.09575960289078024,0.25045555104398332,0.08952004012461101,0.25173976295652989,0.09431911998364122,0.25164864953849486,0.09403203575918373,0.31922863255176798,0.09575960289078024,0.31592855409660198,0.08952004012461101,0.31922863255176798,0.09431911998364122,0.31918153211707340,0.09403203575918373,0.65000000000000024,0.25156160274694661,0.65000000000000024,0.25045555104398332
42,315,71.82135884477241916,0.25156160268672556,0.09575960398960003,0.25045555104261952,0.08952003902910022,0.25173976269060722,0.09431912156336748,0.25164864939065829,0.09403203219318594,0.31922863161499210,0.09575960398960003,0.31592855375838824,0.08952003902910022,0.31922863161499210,0.09431912156336748,0.31918153176303915,0.09403203219318594,0.65000000000000024,0.25156160268672556,0.65000000000000024,0.25045555104261952
42,316,71.82135884689361660,0.25156160282557100,0.09575960256142101,0.25045555115804452,0.08952003294592366,0.25173976291786815,0.09431912184808507,0.25164864941479276,0.09403203391770824,0.31922863229286558,0.09575960256142101,0.31592855400123498,0.08952003294592366,0.31922863229286558,0.09431912184808507,0.31918153107174396,0.09403203391770824,0.65000000000000024,0.25156160282557100,0.65000000000000024,0.25045555115804452
42,317,76.15424428348262609,0.25675640475399059,0.09891351117849802,0.25045555096123895,0.08952004379889027,0.25173976299562856,0.09431912335214913,0.25164864929069458,0.09403203345931892,0.31922863364457976,0.09891351117849802,0.31592855373567197,0.08952004379889027,0.31922863364457976,0.09431912335214913,0.31918153154960699,0.09403203345931892,0.65000000000000024,0.25675640475399059,0.65000000000000024,0.25045555096123895
42,325,71.82135886826236515,0.25156160275493156,0.09575960442169523,0.25045555106403322,0.08952003792051788,0.25173976303646711,0.09431912539965981,0.25164864941133874,0.09403203839508294,0.31922863225440579,0.09575960442169523,0.31592855351230320,0.08952003792051788,0.31922863225440579,0.09431912539965981,0.31918153129436633,0.09403203839508294,0.65000000000000024,0.25156160275493156,0.65000000000000024,0.25045555106403322
42,326,71.82135886198770436,0.25156160276011863,0.09575960380297434,0.25045555114019502,0.08952003684777139,0.25173976287538352,0.09431912353716425,0.25164864943378346,0.09403203439835391,0.31922863232466114,0.09575960380297434,0.31592855406547854,0.08952003684777139,0.31922863232466114,0.09431912353716425,0.31918153191777277,0.09403203439835391,0.65000000000000024,0.25156160276011863,0.65000000000000024,0.25045555114019502
42,327,71.82135889142612939,0.25156160278536732,0.09575960285611562,0.25045555107937778,0.08952004056452652,0.25173976296123329,0.09431911750488246,0.25164864944749404,0.09403203397937958,0.31922863230772563,0.09575960285611562,0.31592855407027265,0.08952004056452652,0.31922863230772563,0.09431911750488246,0.31918153063579369,0.09403203397937958,0.65000000000000024,0.25156160278536732,0.65000000000000024,0.25045555107937778
42,328,71.82135878294531040,0.25156160278975370,0.09575960262922455,0.25045555088048049,0.08952003535870127,0.25173976292930378,0.09431912489598419,0.25164864948105381,0.09403203768858510,0.31922863263147988,0.09575960262922455,0.31592855324184704,0.08952003535870127,0.31922863263147988,0.09431912489598419,0.31918153242984570,0.09403203768858510,0.65000000000000024,0.25156160278975370,0.65000000000000024,0.25045555088048049
42,329,76.17834501527536872,0.25497903082333551,0.09917396489793839,0.25045555114410789,0.08952003527500703,0.25173976263681819,0.09431912378791234,0.25164864946246063,0.09403203486335721,0.31922863125183965,0.09917396489793839,0.31592855536324488,0.08952003527500703,0.31922863125183965,0.09431912378791234,0.31918153186929388,0.09403203486335721,0.65000000000000024,0.25497903082333551,0.65000000000000024,0.25045555114410789
42,331,88.96551633505694667,0.24276865170764148,0.10903579744474957,0.24215384212075039,0.08766284630500532,0.24316753561792701,0.10805850040164751,0.24307267325342652,0.10774517466095242,0.32221191045420272,0.10903579744474957,0.31886519869030167,0.08766284630500532,0.32221191045420272,0.10805850040164751,0.32216020391287942,0.10774517466095242,0.62083333333333357,0.24276865170764148,0.62083333333333357,0.24215384212075039
42,338,71.82135885798666664,0.25156160271019246,0.09575960269450806,0.25045555104641043,0.08952003651545389,0.25173976292255734,0.09431912004285392,0.25164864944111520,0.09403203402729214,0.31922863206378316,0.09575960269450806,0.31592855357554511,0.08952003651545389,0.31922863206378316,0.09431912004285392,0.31918153101493452,0.09403203402729214,0.65000000000000024,0.25156160271019246,0.65000000000000024,0.25045555104641043
42,339,72.38442069555624414,0.25329226294044588,0.09610799907533797,0.25045555127813213,0.08952004112593537,0.25173976289324229,0.09431912052755258,0.25164864939445991,0.09403203744467496,0.31922863231783166,0.09610799907533797,0.31592855499703426,0.08952004112593537,0.31922863231783166,0.09431912052755258,0.31918153185832493,0.09403203744467496,0.65000000000000024,0.25329226294044588,0.65000000000000024,0.25045555127813213
42,340,71.82135883476229310,0.25156160267611588,0.09575960326108808,0.25045555114676421,0.08952003529735397,0.25173976287457028,0.09431912344929327,0.25164864942933074,0.09403203492477674,0.31922863270847318,0.09575960326108808,0.31592855424400673,0.08952003529735397,0.31922863270847318,0.09431912344929327,0.31918153207625083,0.09403203492477674,0.65000000000000024,0.25156160267611588,0.65000000000000024,0.25045555114676421
42,342,71.82135883244090735,0.25156160273565603,0.09575960425185120,0.25045555109062556,0.08952003639398069,0.25173976277664722,0.09431912121094059,0.25164864946844095,0.09403203282296653,0.31922863247874672,0.09575960425185120,0.31592855463069791,0.08952003639398069,0.31922863247874672,0.09431912121094059,0.31918153102405955,0.09403203282296653,0.65000000000000024,0.25156160273565603,0.65000000000000024,0.25045555109062556
42,344,85.94175656028770049,0.28006292351627748,0.10963828098102034,0.27734343542001050,0.09563295659403807,0.27916181278439778,0.10726411545653169,0.27912006396286398,0.10696700646445094,0.32187976899594561,0.10963828098102034,0.31858132831920871,0.09563295659403807,0.32187976899594561,0.10726411545653169,0.32183223360160229,0.10696700646445094,0.65416666666666690,0.28006292351627748,0.65416666666666690,0.27734343542001050
42,351,71.82135889362768921,0.25156160272114025,0.09575960406432789,0.25045555100752021,0.08952003693356669,0.25173976289928335,0.09431912472081098,0.25164864942013904,0.09403203758661786,0.31922863423367637,0.09575960406432789,0.31592855480014381,0.08952003693356669,0.31922863423367637,0.09431912472081098,0.31918153206512168,0.09403203758661786,0.65000000000000024,0.25156160272114025,0.65000000000000024,0.25045555100752021
42,353,71.82135881766002683,0.25156160276774231,0.09575960329215567,0.25045555096859506,0.08952004343619054,0.25173976283132721,0.09431912335796788,0.25164864951080812,0.09403203710501214,0.31922863271898572,0.09575960329215567,0.31592855310471607,0.08952004343619054,0.31922863271898572,0.09431912335796788,0.31918153224754497,0.09403203710501214,0.65000000000000024,0.25156160276774231,0.65000000000000024,0.25045555096859506
42,354,71.82135886777250278,0.25156160270541722,0.09575960126055545,0.25045555112914025,0.08952003937992603,0.25173976284641192,0.09431911797323426,0.25164864963946088,0.09403203666707534,0.31922863327071677,0.09575960126055545,0.31592855541606468,0.08952003937992603,0.31922863327071677,0.09431911797323426,0.31918153344664169,0.09403203666707534,0.65000000000000024,0.25156160270541722,0.65000000000000024,0.25045555112914025
42,355,72.39453153805672514,0.25327864322877325,0.09641770923959324,0.25045555108428785,0.08952004060531531,0.25173976273325810,0.09431911779739388,0.25164864949154575,0.09403203301479339,0.31922863162615234,0.09641770923959324,0.31592855413230336,0.08952004060531531,0.31922863162615234,0.09431911779739388,0.31918153073856681,0.09403203301479339,0.65000000000000024,0.25327864322877325,0.65000000000000024,0.25045555108428785
42,357,71.82135884199564657,0.25156160268865946,0.09575960376035932,0.25045555102373823,0.08952004052056783,0.25173976273448062,0.09431912349231331,0.25164864945465676,0.09403203617288081,0.31922863090571324,0.09575960376035932,0.31592855345521259,0.08952004052056783,0.31922863090571324,0.09431912349231331,0.31918153085403406,0.09403203617288081,0.65000000000000024,0.25156160268865946,0.65000000000000024,0.25045555102373823
42,364,71.82135885427408084,0.25156160273074435,0.09575960381314841,0.25045555113921919,0.08952003924976422,0.25173976295082157,0.09431912428698645,0.25164864948312143,0.09403203824149246,0.31922863224190356,0.09575960381314841,0.31592855438002604,0.08952003924976422,0.31922863224190356,0.09431912428698645,0.31918153248371245,0.09403203824149246,0.65000000000000024,0.25156160273074435,0.65000000000000024,0.25045555113921919
42,365,71.82135888840598170,0.25156160275020867,0.09575960603996515,0.25045555107059730,0.08952004273825438,0.25173976304556944,0.09431912686954209,0.25164864942202592,0.09403203762335099,0.31922863327725509,0.09575960603996515,0.31592855450827728,0.08952004273825438,0.31922863327725509,0.09431912686954209,0.31918153135014066,0.09403203762335099,0.65000000000000024,0.25156160275020867,0.65000000000000024,0.25045555107059730
42,366,71.82135883630735407,0.25156160273108419,0.09575960428745528,0.25045555117862256,0.08952003924206853,0.25173976299940315,0.09431912462234664,0.25164864940707232,0.09403203519672669,0.31922863299304921,0.09575960428745528,0.31592855412353310,0.08952003924206853,0.31922863299304921,0.09431912462234664,0.31918153088555212,0.09403203519672669,0.65000000000000024,0.25156160273108419,0.65000000000000024,0.25045555117862256
42,367,72.38442075639177631,0.25329226287144452,0.09610800034856680,0.25045555103070782,0.08952004149428568,0.25173976312124346,0.09431912489945644,0.25164864954066302,0.09403203569570451,0.31922863321125755,0.09610800034856680,0.31592855169191991,0.08952004149428568,0.31922863321125755,0.09431912489945644,0.31918153279626432,0.09403203569570451,0.65000000000000024,0.25329226287144452,0.65000000000000024,0.25045555103070782
42,368,71.82135884415380644,0.25156160281070311,0.09575960692506512,0.25045555101796363,0.08952003867184288,0.25173976291180999,0.09431912718994366,0.25164864945900139,0.09403203371704787,0.31922863308717814,0.09575960692506512,0.31592855451599466,0.08952003867184288,0.31922863308717814,0.09431912718994366,0.31918153173861991,0.09403203371704787,0.65000000000000024,0.25156160281070311,0.65000000000000024,0.25045555101796363
42,369,70.84182221398305046,0.18608109707655290,0.10322932955414731,0.18535993889017516,0.09341394813219990,0.18716025795448221,0.10223064919714668,0.18800862214426980,0.10150228070519056,0.31750298346222960,0.10322932955414731,0.31421036041438405,0.09341394813219990,0.31750298346222960,0.10223064919714668,0.31743438141781610,0.10150228070519056,0.64583333333333359,0.18608109707655290,0.64583333333333359,0.18535993889017516
42,377,71.82135887044736933,0.25156160277490114,0.09575960352941974,0.25045555093784955,0.08952003506877593,0.25173976300184109,0.09431911954983614,0.25164864946308008,0.09403203576467023,0.31922863346415303,0.09575960352941974,0.31592855339142195,0.08952003506877593,0.31922863346415303,0.09431911954983614,0.31918153148853246,0.09403203576467023,0.65000000000000024,0.25156160277490114,0.65000000000000024,0.25045555093784955
42,378,71.82135889461652312,0.25156160267276362,0.09575960381827774,0.25045555105734518,0.08952003675341176,0.25173976294573347,0.09431912389560633,0.25164864929150305,0.09403203619123035,0.31922863494403075,0.09575960381827774,0.31592855528028463,0.08952003675341176,0.31922863494403075,0.09431912389560633,0.31918153127101134,0.09403203619123035,0.65000000000000024,0.25156160267276362,0.65000000000000024,0.25045555105734518
42,379,71.82135889426444919,0.25156160271901329,0.09575960157053641,0.25045555119327362,0.08952003881627779,0.25173976286423189,0.09431911470528560,0.25164864957047989,0.09403203874237949,0.31922863165563697,0.09575960157053641,0.31592855427351041,0.08952003881627779,0.31922863165563697,0.09431911470528560,0.31918153198913046,0.09403203874237949,0.65000000000000024,0.25156160271901329,0.65000000000000024,0.25045555119327362
42,380,71.82135884234202194,0.25156160273386541,0.09575960392646600,0.25045555112262147,0.08952004374570637,0.25173976293074007,0.09431912096768791,0.25164864950488736,0.09403203442156838,0.31922863245068506,0.09575960392646600,0.31592855380828622,0.08952004374570637,0.31922863245068506,0.09431912096768791,0.31918153120650922,0.09403203442156838,0.65000000000000024,0.25156160273386541,0.65000000000000024,0.25045555112262147
42,381,71.82135884363069067,0.25156160277628725,0.09575960367874664,0.25045555129367170,0.08952003712227256,0.25173976289928895,0.09431912458278369,0.25164864947265020,0.09403203625972963,0.31922863198004642,0.09575960367874664,0.31592855529185260,0.08952003712227256,0.31922863198004642,0.09431912458278369,0.31918153213997902,0.09403203625972963,0.65000000000000024,0.25156160277628725,0.65000000000000024,0.25045555129367170
42,390,71.82135882704375263,0.25156160274743200,0.09575960433005187,0.25045555100499128,0.08952003100282642,0.25173976270439780,0.09431912123654447,0.25164864942240162,0.09403203519532462,0.31922863304837679,0.09575960433005187,0.31592855440669310,0.08952003100282642,0.31922863304837679,0.09431912123654447,0.31918153037434166,0.09403203519532462,0.65000000000000024,0.25156160274743200,0.65000000000000024,0.25045555100499128
42,391,71.82135885560930433,0.25156160272265499,0.09575960418637659,0.25045555089184557,0.08952004108375688,0.25173976292345956,0.09431912528938262,0.25164864943621212,0.09403203870160293,0.31922863333074458,0.09575960418637659,0.31592855359540822,0.08952004108375688,0.31922863333074458,0.09431912528938262,0.31918153160924362,0.09403203870160293,0.65000000000000024,0.25156160272265499,0.65000000000000024,0.25045555089184557
42,392,71.82135888865866491,0.25156160274694833,0.09575960487740148,0.25045555118979612,0.08952003480551711,0.25173976269535175,0.09431911927590526,0.25164864936129450,0.09403203491674761,0.31922863167564869,0.09575960487740148,0.31592855574370565,0.08952003480551711,0.31922863167564869,0.09431911927590526,0.31918153102565994,0.09403203491674761,0.65000000000000024,0.25156160274694833,0.65000000000000024,0.25045555118979612
42,393,71.82135885509160289,0.25156160266959232,0.09575960281471151,0.25045555116193091,0.08952003464819673,0.25173976277831672,0.09431911675450337,0.25164864950336463,0.09403203833869818,0.31922863299968163,0.09575960281471151,0.31592855480235299,0.08952003464819673,0.31922863299968163,0.09431911675450337,0.31918153281877726,0.09403203833869818,0.65000000000000024,0.25156160266959232,0.65000000000000024,0.25045555116193091
42,394,71.82135884696562300,0.25156160281853635,0.09575960284104185,0.25045555114436702,0.08952003903391843,0.25173976310412732,0.09431912095256549,0.25164864949345955,0.09403203624183261,0.31922863229046106,0.09575960284104185,0.31592855451873936,0.08952003903391843,0.31922863229046106,0.09431912095256549,0.31918153060009935,0.09403203624183261,0.65000000000000024,0.25156160281853635,0.65000000000000024,0.25045555114436702
42,395,71.82135887729023693,0.25156160278475198,0.09575960213082690,0.25045555118381474,0.08952003267080122,0.25173976308501039,0.09431911974058593,0.25164864939817827,0.09403203959840105,0.31922863239082866,0.09575960213082690,0.31592855445999318,0.08952003267080122,0.31922863239082866,0.09431911974058593,0.31918153176886027,0.09403203959840105,0.65000000000000024,0.25156160278475198,0.65000000000000024,0.25045555118381474
42,403,71.82135889518883687,0.25156160281124113,0.09575960299747975,0.25045555105284423,0.08952004087799259,0.25173976316244645,0.09431911706011882,0.25164864944311915,0.09403203807961839,0.31922863279298352,0.09575960299747975,0.31592855385359470,0.08952004087799259,0.31922863279298352,0.09431911706011882,0.31918153098469770,0.09403203807961839,0.65000000000000024,0.25156160281124113,0.65000000000000024,0.25045555105284423
42,404,72.38947152844384902,0.25328545916931922,0.09621843654906420,0.25045555106251793,0.08952003803282856,0.25173976286623095,0.09431912106947678,0.25164864946702020,0.09403203097681434,0.31922863180465583,0.09621843654906420,0.31592855397811148,0.08952003803282856,0.31922863180465583,0.09431912106947678,0.31918153097561969,0.09403203097681434,0.65000000000000024,0.25328545916931922,0.65000000000000024,0.25045555106251793
42,405,71.82135887283091336,0.25156160267239219,0.09575960203036843,0.25045555099284472,0.08952003916339531,0.25173976265178805,0.09431911913962288,0.25164864929200670,0.09403203052268805,0.31922863109985822,0.09575960203036843,0.31592855424228394,0.08952003916339531,0.31922863109985822,0.09431911913962288,0.31918153020676648,0.09403203052268805,0.65000000000000024,0.25156160267239219,0.65000000000000024,0.25045555099284472
42,406,71.82135881701503877,0.25156160274583139,0.09575960392267567,0.25045555103004397,0.08952004382587542,0.25173976296842121,0.09431912602676180,0.25164864939351239,0.09403203538217204,0.31922863240518418,0.09575960392267567,0.31592855378951090,0.08952004382587542,0.31922863240518418,0.09431912602676180,0.31918153139244249,0.09403203538217204,0.65000000000000024,0.25156160274583139,0.65000000000000024,0.25045555103004397
42,408,71.82135886715647644,0.25156160267520911,0.09575960291250867,0.25045555120193747,0.08952003642078184,0.25173976279210869,0.09431912148797683,0.25164864955179750,0.09403203544762984,0.31922863291844805,0.09575960291250867,0.31592855486996740,0.08952003642078184,0.31922863291844805,0.09431912148797683,0.31918153235235236,0.09403203544762984,0.65000000000000024,0.25156160267520911,0.65000000000000024,0.25045555120193747
42,409,88.96551633512034130,0.24276865129343150,0.10903580177808846,0.24215384205441887,0.08766281568211791,0.24316753534025379,0.10805852898800065,0.24307267292444756,0.10774520508166430,0.32221191091441520,0.10903580177808846,0.31886519954365555,0.08766281568211791,0.32221191091441520,0.10805852898800065,0.32216020445297100,0.10774520508166430,0.62083333333333357,0.24276865129343150,0.62083333333333357,0.24215384205441887
42,415,84.54942751374497334,0.34823994150619780,0.20838138742883802,0.34474124332333372,0.18916556358257361,0.34642977589399404,0.21025923199240623,0.34632491549733102,0.20982948363359655,0.31730697564102495,0.20838138742883802,0.31514718886471477,0.18916556358257361,0.31730697564102495,0.21025923199240623,0.31798849395558099,0.20982948363359655,0.62500000000000022,0.34823994150619780,0.62500000000000022,0.34474124332333372
42,416,71.82135887463908830,0.25156160279014184,0.09575960392060162,0.25045555097843325,0.08952003992056638,0.25173976295964179,0.09431912307486301,0.25164864946012327,0.09403203488781060,0.31922863246636135,0.09575960392060162,0.31592855438904194,0.08952003992056638,0.31922863246636135,0.09431912307486301,0.31918153173816982,0.09403203488781060,0.65000000000000024,0.25156160279014184,0.65000000000000024,0.25045555097843325
42,417,71.82135890979600390,0.25156160278250261,0.09575960430488882,0.25045555110126472,0.08952004134353390,0.25173976291049843,0.09431912365227306,0.25164864939145870,0.09403203657929082,0.31922863241898880,0.09575960430488882,0.31592855452212587,0.08952004134353390,0.31922863241898880,0.09431912365227306,0.31918153156804296,0.09403203657929082,0.65000000000000024,0.25156160278250261,0.65000000000000024,0.25045555110126472
42,419,73.59205770315014661,0.25504528376673147,0.09672749626436274,0.25045555098245043,0.08952004125425790,0.25173976298984341,0.09431912331409313,0.25164864942119508,0.09403203485984298,0.31922863338439678,0.09672749626436274,0.31592855452868279,0.08952004125425790,0.31922863338439678,0.09431912331409313,0.31918153160524132,0.09403203485984298,0.65000000000000024,0.25504528376673147,0.65000000000000024,0.25045555098245043
42,420,76.17834499732313702,0.25497903079366785,0.09917396675850616,0.25045555089615074,0.08952003695296695,0.25173976297234607,0.09431912188612752,0.25164864942174714,0.09403203518676644,0.31922863326773715,0.09917396675850616,0.31592855351276761,0.08952003695296695,0.31922863326773715,0.09431912188612752,0.31918153178922060,0.09403203518676644,0.65000000000000024,0.25497903079366785,0.65000000000000024,0.25045555089615074
42,421,71.82135885899310779,0.25156160270195560,0.09575960069428015,0.25045555099339389,0.08952003440060723,0.25173976276074156,0.09431911653065377,0.25164864947694071,0.09403203795459136,0.31922863137202440,0.09575960069428015,0.31592855406137477,0.08952003440060723,0.31922863137202440,0.09431911653065377,0.31918153224198476,0.09403203795459136,0.65000000000000024,0.25156160270195560,0.65000000000000024,0.25045555099339389
42,430,71.82135883287024569,0.25156160264791477,0.09575960329924156,0.25045555109794049,0.08952004066388453,0.25173976272419696,0.09431911828736668,0.25164864955846267,0.09403203645313700,0.31922863219197578,0.09575960329924156,0.31592855530881275,0.08952004066388453,0.31922863219197578,0.09431911828736668,0.31918153255331189,0.09403203645313700,0.65000000000000024,0.25156160264791477,0.65000000000000024,0.25045555109794049
42,431,71.82135884679736648,0.25156160283295875,0.09575960200775178,0.25045555101169409,0.08952003707167377,0.25173976305776058,0.09431912021641568,0.25164864954359906,0.09403203617649680,0.31922863269081875,0.09575960200775178,0.31592855249186363,0.08952003707167377,0.31922863269081875,0.09431912021641568,0.31918153211280964,0.09403203617649680,0.65000000000000024,0.25156160283295875,0.65000000000000024,0.25045555101169409
42,432,71.82135886620049803,0.25156160267458877,0.09575960284602870,0.25045555113380291,0.08952003870195628,0.25173976278119731,0.09431912291779103,0.25164864948872800,0.09403203933724653,0.31922863280119118,0.09575960284602870,0.31592855517067364,0.08952003870195628,0.31922863280119118,0.09431912291779103,0.31918153218886602,0.09403203933724653,0.65000000000000024,0.25156160267458877,0.65000000000000024,0.25045555113380291
42,433,71.82135883199021009,0.25156160277715028,0.09575960518952888,0.25045555116290713,0.08952003402150122,0.25173976303959539,0.09431912343213493,0.25164864944666387,0.09403203805974791,0.31922863218190956,0.09575960518952888,0.31592855319950852,0.08952003402150122,0.31922863218190956,0.09431912343213493,0.31918153137817812,0.09403203805974791,0.65000000000000024,0.25156160277715028,0.65000000000000024,0.25045555116290713
42,435,83.04904029078349481,0.25302745255516401,0.15209677959636744,0.25315744493567982,0.13704690191398031,0.25380120709612836,0.15512334972575634,0.25370365279945478,0.15482213585246427,0.31807710979422482,0.15209677959636744,0.31459672441711534,0.13704690191398031,0.31807710979422482,0.15512334972575634,0.31823144292421007,0.15482213585246427,0.65416666666666690,0.25302745255516401,0.65416666666666690,0.25315744493567982
42,442,72.38442076268830760,0.25329226288470175,0.09610800212499422,0.25045555129047375,0.08952003951201430,0.25173976291330269,0.09431912429125489,0.25164864932848163,0.09403203444710388,0.31922863212207375,0.09610800212499422,0.31592855297326805,0.08952003951201430,0.31922863212207375,0.09431912429125489,0.31918153143612926,0.09403203444710388,0.65000000000000024,0.25329226288470175,0.65000000000000024,0.25045555129047375
42,443,71.82135883147495292,0.25156160277852063,0.09575960242534494,0.25045555115268553,0.08952003569044116,0.25173976277819538,0.09431912409171790,0.25164864951530563,0.09403203642569036,0.31922863118958206,0.09575960242534494,0.31592855372290529,0.08952003569044116,0.31922863118958206,0.09431912409171790,0.31918153147179551,0.09403203642569036,0.65000000000000024,0.25156160277852063,0.65000000000000024,0.25045555115268553
42,444,71.82135887778710526,0.25156160270098221,0.09575960324039824,0.25045555104280054,0.08952004023602078,0.25173976297640521,0.09431912127915971,0.25164864949079158,0.09403203785872671,0.31922863133142376,0.09575960324039824,0.31592855412158444,0.08952004023602078,0.31922863133142376,0.09431912127915971,0.31918153163478941,0.09403203785872671,0.65000000000000024,0.25156160270098221,0.65000000000000024,0.25045555104280054
42,445,71.82135888841567350,0.25156160273286210,0.09575960283730223,0.25045555097604033,0.08952003758819622,0.25173976290605793,0.09431912204338233,0.25164864954774507,0.09403203751124749,0.31922863253168132,0.09575960283730223,0.31592855426506472,0.08952003758819622,0.31922863253168132,0.09431912204338233,0.31918153258215254,0.09403203751124749,0.65000000000000024,0.25156160273286210,0.65000000000000024,0.25045555097604033
42,448,89.77700472778258245,0.28705210175119783,0.14482213548693426,0.30062964374607865,0.11901641587864005,0.26939730892562652,0.14071807575035700,0.29214856130397121,0.14293303187655856,0.31341509209056079,0.14482213548693426,0.31073157422929482,0.11901641587864005,0.31341509209056079,0.14071807575035700,0.31405950083922429,0.14293303187655856,0.65000000000000024,0.28705210175119783,0.65000000000000024,0.30062964374607865
42,449,84.71057892030586345,0.28695241832064239,0.17259715105785431,0.28008627427868055,0.15309947686205852,0.28593093727594465,0.17429352900318840,0.99487502740503830,0.09774519613942571,0.31683259264158997,0.17259715105785431,0.31749497209361821,0.15309947686205852,0.31683259264158997,0.17429352900318840,0.31527670593466761,0.09774519613942571,0.61250000000000016,0.28695241832064239,0.61250000000000016,0.28008627427868055
42,455,72.38442074958284422,0.25329226294052903,0.09610799961318756,0.25045555115006196,0.08952004279298616,0.25173976288804495,0.09431912076579348,0.25164864935830406,0.09403203649945839,0.31922863214413411,0.09610799961318756,0.31592855457733698,0.08952004279298616,0.31922863214413411,0.09431912076579348,0.31918153058500581,0.09403203649945839,0.65000000000000024,0.25329226294052903,0.65000000000000024,0.25045555115006196
42,456,72.38947155418011903,0.25328545901651817,0.09621843879760096,0.25045555099814459,0.08952003554173893,0.25173976292414324,0.09431912076053643,0.25164864931135594,0.09403203546409504,0.31922863368771004,0.09621843879760096,0.31592855418107085,0.08952003554173893,0.31922863368771004,0.09431912076053643,0.31918153168939684,0.09403203546409504,0.65000000000000024,0.25328545901651817,0.65000000000000024,0.25045555099814459
42,458,72.39012091047695208,0.25502398110769448,0.09750572636936940,0.25045555110665058,0.08952003905291332,0.25173976304281703,0.09431912311451114,0.25164864953867394,0.09403203556639357,0.31922863252682859,0.09750572636936940,0.31592855404082698,0.08952003905291332,0.31922863252682859,0.09431912311451114,0.31918153172209129,0.09403203556639357,0.65000000000000024,0.25502398110769448,0.65000000000000024,0.25045555110665058
42,459,71.82135884994704611,0.25156160277055384,0.09575960391119792,0.25045555107726669,0.08952003585403372,0.25173976289996208,0.09431912443132735,0.25164864937625514,0.09403203576734491,0.31922863285306308,0.09575960391119792,0.31592855462439501,0.08952003585403372,0.31922863285306308,0.09431912443132735,0.31918153127300058,0.09403203576734491,0.65000000000000024,0.25156160277055384,0.65000000000000024,0.25045555107726669
42,460,71.82135883458809644,0.25156160268205369,0.09575960440070276,0.25045555103214062,0.08952003898646728,0.25173976282627114,0.09431912520339303,0.25164864953323246,0.09403203581776176,0.31922863213046937,0.09575960440070276,0.31592855456007884,0.08952003898646728,0.31922863213046937,0.09431912520339303,0.31918153194280080,0.09403203581776176,0.65000000000000024,0.25156160268205369,0.65000000000000024,0.25045555103214062
42,468,71.82135884647374269,0.25156160271379652,0.09575960315999589,0.25045555096221062,0.08952004290271898,0.25173976282763960,0.09431911934454895,0.25164864951302163,0.09403203349127447,0.31922863234511345,0.09575960315999589,0.31592855387772739,0.08952004290271898,0.31922863234511345,0.09431911934454895,0.31918153215872741,0.09403203349127447,0.65000000000000024,0.25156160271379652,0.65000000000000024,0.25045555096221062
42,469,71.82135886645380651,0.25156160272555844,0.09575960260069311,0.25045555131695035,0.08952003488185138,0.25173976294985873,0.09431912172979347,0.25164864946615290,0.09403204011483994,0.31922863116967082,0.09575960260069311,0.31592855468344327,0.08952003488185138,0.31922863116967082,0.09431912172979347,0.31918153058638665,0.09403204011483994,0.65000000000000024,0.25156160272555844,0.65000000000000024,0.25045555131695035
42,470,71.82135882056023490,0.25156160273093514,0.09575960340660489,0.25045555085150872,0.08952004147260355,0.25173976285192190,0.09431912564484175,0.25164864950313232,0.09403203628511274,0.31922863149153385,0.09575960340660489,0.31592855374886603,0.08952004147260355,0.31922863149153385,0.09431912564484175,0.31918153232064767,0.09403203628511274,0.65000000000000024,0.25156160273093514,0.65000000000000024,0.25045555085150872
42,471,71.82135885001193287,0.25156160270819355,0.09575960135732127,0.25045555107748640,0.08952003872573495,0.25173976288235600,0.09431912286224509,0.25164864936497533,0.09403203184618698,0.31922863372389210,0.09575960135732127,0.31592855509978479,0.08952003872573495,0.31922863372389210,0.09431912286224509,0.31918153148838579,0.09403203184618698,0.65000000000000024,0.25156160270819355,0.65000000000000024,0.25045555107748640
42,472,71.82135886325281149,0.25156160275697131,0.09575960544542624,0.25045555103514411,0.08952003913870159,0.25173976311994867,0.09431912512883385,0.25164864943751564,0.09403203632704282,0.31922863365228193,0.09575960544542624,0.31592855405145104,0.08952003913870159,0.31922863365228193,0.09431912512883385,0.31918153152287870,0.09403203632704282,0.65000000000000024,0.25156160275697131,0.65000000000000024,0.25045555103514411
42,474,86.47357730291483335,0.24304433218663021,0.10790079772623141,0.24236080174852345,0.09838834682798663,0.24342324160524445,0.10773677804682340,0.24332589003558264,0.10742596895071377,0.32197645682070020,0.10790079772623141,0.31864352443775074,0.09838834682798663,0.32197645682070020,0.10773677804682340,0.32192617378911875,0.10742596895071377,0.65416666666666690,0.24304433218663021,0.65416666666666690,0.24236080174852345
42,476,86.99335652839312161,0.22967263283998232,0.20954095025453601,0.22466415986379956,0.19975021003890894,0.23149712367536349,0.21364030690129221,0.23153581269520607,0.21151710881585592,0.31746274623676174,0.20954095025453601,0.32048086341963666,0.19975021003890894,0.31746274623676174,0.21364030690129221,0.31806497399667577,0.21151710881585592,0.58750000000000013,0.22967263283998232,0.58750000000000013,0.22466415986379956
42,477,97.50454574065830116,0.22425141071716689,0.12003196801126453,0.22317724011037748,0.11901809766722667,0.22438125416267818,0.12085220431136379,0.22434733050600747,0.12042982315042379,0.32921545811702230,0.12003196801126453,0.32606819450604269,0.11901809766722667,0.32921545811702230,0.12085220431136379,0.32912409257296787,0.12042982315042379,0.66250000000000020,0.22425141071716689,0.66250000000000020,0.22317724011037748
42,478,83.88387745492798331,0.23271597323382479,0.20469957551606299,0.22946093870489176,0.20188580183852514,0.23361133118845179,0.20572410559451226,0.23329061222670561,0.20504378788821986,0.31848168673973248,0.20469957551606299,0.31568043503219395,0.20188580183852514,0.31848168673973248,0.20572410559451226,0.31930045418293163,0.20504378788821986,0.58750000000000024,0.23271597323382479,0.58750000000000024,0.22946093870489176
42,481,71.82135883176171376,0.25156160278527284,0.09575960216784239,0.25045555116617479,0.08952003956119740,0.25173976291411271,0.09431911984932673,0.25164864956093014,0.09403203471760484,0.31922863234052251,0.09575960216784239,0.31592855445109103,0.08952003956119740,0.31922863234052251,0.09431911984932673,0.31918153217366130,0.09403203471760484,0.65000000000000024,0.25156160278527284,0.65000000000000024,0.25045555116617479
42,482,73.59205767425861211,0.25504528373301188,0.09672749482154952,0.25045555102414441,0.08952003730717133,0.25173976290862321,0.09431912161711235,0.25164864939923143,0.09403203530819915,0.31922863243710004,0.09672749482154952,0.31592855329749608,0.08952003730717133,0.31922863243710004,0.09431912161711235,0.31918153182526743,0.09403203530819915,0.65000000000000024,0.25504528373301188,0.65000000000000024,0.25045555102414441
42,483,72.38947153322240524,0.25328545913401607,0.09621843810432144,0.25045555122742086,0.08952003998245013,0.25173976287524646,0.09431911781822759,0.25164864939335729,0.09403203611074289,0.31922863258045270,0.09621843810432144,0.31592855506990891,0.08952003998245013,0.31922863258045270,0.09431911781822759,0.31918153053670151,0.09403203611074289,0.65000000000000024,0.25328545913401607,0.65000000000000024,0.25045555122742086
42,486,71.82135888928831946,0.25156160280211121,0.09575960448417921,0.25045555111310586,0.08952003635807222,0.25173976281398919,0.09431912704439054,0.25164864943340326,0.09403203747114038,0.31922863184068379,0.09575960448417921,0.31592855413231374,0.08952003635807222,0.31922863184068379,0.09431912704439054,0.31918153127536997,0.09403203747114038,0.65000000000000024,0.25156160280211121,0.65000000000000024,0.25045555111310586
42,491,92.25153941042208317,0.16056212217619625,0.14196218509328171,0.16113132994225854,0.14304764643206602,0.16213038462537840,0.14349905482673467,0.16286792173636747,0.14270790958108318,0.33243726956516845,0.14196218509328171,0.32903664709251246,0.14304764643206602,0.33243726956516845,0.14349905482673467,0.33234927412120691,0.14270790958108318,0.56250000000000011,0.16056212217619625,0.56250000000000011,0.16113132994225854
42,494,71.82135889122639583,0.25156160272071082,0.09575960191541767,0.25045555104995665,0.08952004118155221,0.25173976293304900,0.09431911969416203,0.25164864953960708,0.09403203415278065,0.31922863154673586,0.09575960191541767,0.31592855397733138,0.08952004118155221,0.31922863154673586,0.09431911969416203,0.31918153273994726,0.09403203415278065,0.65000000000000024,0.25156160272071082,0.65000000000000024,0.25045555104995665
42,496,71.82135887873056390,0.25156160272870254,0.09575960367256679,0.25045555101379535,0.08952003739168897,0.25173976288906258,0.09431912304740735,0.25164864950139015,0.09403203470732187,0.31922863243155730,0.09575960367256679,0.31592855324555930,0.08952003739168897,0.31922863243155730,0.09431912304740735,0.31918153166648350,0.09403203470732187,0.65000000000000024,0.25156160272870254,0.65000000000000024,0.25045555101379535
42,497,71.82135886035081285,0.25156160269630307,0.09575960453325648,0.25045555110095641,0.08952003869152587,0.25173976295212575,0.09431912291275986,0.25164864939164172,0.09403203288328865,0.31922863378823541,0.09575960453325648,0.31592855437832457,0.08952003869152587,0.31922863378823541,0.09431912291275986,0.31918153054583565,0.09403203288328865,0.65000000000000024,0.25156160269630307,0.65000000000000024,0.25045555110095641
42,498,71.82135887701255683,0.25156160273385386,0.09575960302487413,0.25045555102009603,0.08952003664295065,0.25173976296004341,0.09431912385212786,0.25164864938409742,0.09403203614795903,0.31922863197157347,0.09575960302487413,0.31592855272958642,0.08952003664295065,0.31922863197157347,0.09431912385212786,0.31918153137067767,0.09403203614795903,0.65000000000000024,0.25156160273385386,0.65000000000000024,0.25045555102009603
42,499,71.82135884271292525,0.25156160275533068,0.09575960290591971,0.25045555117132662,0.08952003990465977,0.25173976293337347,0.09431911946924491,0.25164864944176446,0.09403203597167908,0.31922863220136494,0.09575960290591971,0.31592855521039459,0.08952003990465977,0.31922863220136494,0.09431911946924491,0.31918153227000418,0.09403203597167908,0.65000000000000024,0.25156160275533068,0.65000000000000024,0.25045555117132662
4242,1,72.38947149976561946,0.25328545911570621,0.09621844165022336,0.25045555095279770,0.08952003542140645,0.25173976295122513,0.09431912374839342,0.25164864946169097,0.09403203560883273,0.31922863308430893,0.09621844165022336,0.31592855355406535,0.08952003542140645,0.31922863308430893,0.09431912374839342,0.31918153221189727,0.09403203560883273,0.65000000000000024,0.25328545911570621,0.65000000000000024,0.25045555095279770
4242,2,71.82135887492039217,0.25156160279626394,0.09575960190976525,0.25045555098005901,0.08952003755035642,0.25173976296468786,0.09431912471919530,0.25164864944299375,0.09403203567529987,0.31922863415768432,0.09575960190976525,0.31592855425259186,0.08952003755035642,0.31922863415768432,0.09431912471919530,0.31918153104677799,0.09403203567529987,0.65000000000000024,0.25156160279626394,0.65000000000000024,0.25045555098005901
4242,3,71.82135883748517813,0.25156160267721767,0.09575960367355768,0.25045555108370665,0.08952004097439976,0.25173976291973466,0.09431912567637342,0.25164864948424698,0.09403203595019856,0.31922863232630372,0.09575960367355768,0.31592855359592581,0.08952004097439976,0.31922863232630372,0.09431912567637342,0.31918153243158820,0.09403203595019856,0.65000000000000024,0.25156160267721767,0.65000000000000024,0.25045555108370665
4242,4,71.82135886637298938,0.25156160269246292,0.09575960325355498,0.25045555115379092,0.08952003565695528,0.25173976277290450,0.09431912266620124,0.25164864933948267,0.09403203366316149,0.31922863223681863,0.09575960325355498,0.31592855425966448,0.08952003565695528,0.31922863223681863,0.09431912266620124,0.31918153197450544,0.09403203366316149,0.65000000000000024,0.25156160269246292,0.65000000000000024,0.25045555115379092
4242,5,70.74471007568426728,0.18234105729371539,0.09985700287320777,0.18168947411587755,0.10859511060786213,0.18251390576975890,0.09889180159939559,0.18245347802364123,0.09864751330576493,0.31325224104688615,0.09985700287320777,0.31392180286551913,0.10859511060786213,0.31325224104688615,0.09889180159939559,0.31322181902153701,0.09864751330576493,0.64583333333333359,0.18234105729371539,0.64583333333333359,0.18168947411587755
4242,6,79.32331033589622393,0.26398358376053715,0.11153127523796839,0.26123934677470506,0.09160281664117109,0.27347250205556090,0.11102248804694659,0.27360207256535374,0.11352426558867486,0.31188293601549916,0.11153127523796839,0.31235181445036764,0.09160281664117109,0.31188293601549916,0.11102248804694659,0.31229014952845091,0.11352426558867486,0.61666666666666692,0.26398358376053715,0.61666666666666692,0.26123934677470506
4242,7,89.60572167904659580,0.24456904902864984,0.10190363457517698,0.24228922555896781,0.10271991643974765,0.24334566202278207,0.10045409988237042,0.24325559381126233,0.10016832919310481,0.32205523159710425,0.10190363457517698,0.31871401402639693,0.10271991643974765,0.32205523159710425,0.10045409988237042,0.32200275923025840,0.10016832919310481,0.62083333333333357,0.24456904902864984,0.62083333333333357,0.24228922555896781
4242,13,71.82135884389768421,0.25156160271070271,0.09575960268733709,0.25045555096812755,0.08952003886839048,0.25173976295022749,0.09431912427990226,0.25164864951422211,0.09403203689239326,0.31922863317337130,0.09575960268733709,0.31592855429342992,0.08952003886839048,0.31922863317337130,0.09431912427990226,0.31918153213687217,0.09403203689239326,0.65000000000000024,0.25156160271070271,0.65000000000000024,0.25045555096812755
4242,14,71.82135883810900623,0.25156160266136351,0.09575960381581172,0.25045555103855438,0.08952003991469655,0.25173976281630167,0.09431911698068918,0.25164864949060978,0.09403203755910587,0.31922863184621619,0.09575960381581172,0.31592855313560020,0.08952003991469655,0.31922863184621619,0.09431911698068918,0.31918153115148867,0.09403203755910587,0.65000000000000024,0.25156160266136351,0.65000000000000024,0.25045555103855438
4242,15,71.82135887082179693,0.25156160263539273,0.09575960227040754,0.25045555100480454,0.08952003965058020,0.25173976277285798,0.09431912035123864,0.25164864937301623,0.09403203100426223,0.31922863233859666,0.09575960227040754,0.31592855363092448,0.08952003965058020,0.31922863233859666,0.09431912035123864,0.31918153041382330,0.09403203100426223,0.65000000000000024,0.25156160263539273,0.65000000000000024,0.25045555100480454
4242,16,72.39453151338476289,0.25327864329702254,0.09641771189918463,0.25045555094736816,0.08952004319603739,0.25173976321209546,0.09431912065283732,0.25164864944923659,0.09403203487976408,0.31922863358123638,0.09641771189918463,0.31592855405049503,0.08952004319603739,0.31922863358123638,0.09431912065283732,0.31918153200637323,0.09403203487976408,0.65000000000000024,0.25327864329702254,0.65000000000000024,0.25045555094736816
4242,17,71.82135881542852474,0.25156160273769756,0.09575960526324706,0.25045555109921236,0.08952003987659414,0.25173976284279620,0.09431912482907830,0.25164864948719023,0.09403203468155567,0.31922863156476344,0.09575960526324706,0.31592855414330856,0.08952003987659414,0.31922863156476344,0.09431912482907830,0.31918153138511363,0.09403203468155567,0.65000000000000024,0.25156160273769756,0.65000000000000024,0.25045555109921236
4242,18,72.39012090511370445,0.25502398116613129,0.09750572533487495,0.25045555102051387,0.08952003933827468,0.25173976294532391,0.09431912136688569,0.25164864943848575,0.09403203372820064,0.31922863189648004,0.09750572533487495,0.31592855331139980,0.08952003933827468,0.31922863189648004,0.09431912136688569,0.31918153138609379,0.09403203372820064,0.65000000000000024,0.25502398116613129,0.65000000000000024,0.25045555102051387
4242,26,71.82135892373791819,0.25156160273224454,0.09575960260441284,0.25045555088670501,0.08952003574368139,0.25173976293776940,0.09431912283667680,0.25164864953330202,0.09403203488883143,0.31922863430461773,0.09575960260441284,0.31592855357128241,0.08952003574368139,0.31922863430461773,0.09431912283667680,0.31918153281402811,0.09403203488883143,0.65000000000000024,0.25156160273224454,0.65000000000000024,0.25045555088670501
4242,27,71.82135881651353770,0.25156160272423106,0.09575960179559871,0.25045555123361829,0.08952003666899855,0.25173976287970307,0.09431912240302553,0.25164864951650523,0.09403203705493679,0.31922863251964939,0.09575960179559871,0.31592855530228908,0.08952003666899855,0.31922863251964939,0.09431912240302553,0.31918153117294878,0.09403203705493679,0.65000000000000024,0.25156160272423106,0.65000000000000024,0.25045555123361829
4242,28,77.37403207592210208,0.25677149920812425,0.09886098587410237,0.25045555113046275,0.08952003745012349,0.25173976277496168,0.09431912006521996,0.25164864952533755,0.09403203595531544,0.31922863132893903,0.09886098587410237,0.31592855325108216,0.08952003745012349,0.31922863132893903,0.09431912006521996,0.31918153197386895,0.09403203595531544,0.65000000000000024,0.25677149920812425,0.65000000000000024,0.25045555113046275
4242,29,71.82135884734321962,0.25156160265106614,0.09575960281493835,0.25045555097098404,0.08952004059437169,0.25173976270350268,0.09431912019754855,0.25164864959861227,0.09403203767456136,0.31922863161486831,0.09575960281493835,0.31592855420395749,0.08952004059437169,0.31922863161486831,0.09431912019754855,0.31918153251767689,0.09403203767456136,0.65000000000000024,0.25156160265106614,0.65000000000000024,0.25045555097098404
4242,31,70.74471009743689365,0.18234105737205514,0.09985700304997396,1.00000000000000000,0.02851198706421239,0.18251390585980670,0.09889180410767746,0.18245347797909006,0.09864751969913026,0.31325224249638184,0.09985700304997396,0.30443718498033051,0.02851198706421239,0.31325224249638184,0.09889180410767746,0.31322182074801119,0.09864751969913026,0.64583333333333359,0.18234105737205514,0.64583333333333359,1.00000000000000000
4242,32,73.66315867528169292,0.27605612237355925,0.11382731135531744,0.27286638315609313,0.10150472000950110,0.27426890285238409,0.11048070451417254,0.27416507633854376,0.11021970961245131,0.31417076236541058,0.11382731135531744,0.30801464869467515,0.10150472000950110,0.31417076236541058,0.11048070451417254,0.31416791925840692,0.11021970961245131,0.64583333333333359,0.27605612237355925,0.64583333333333359,0.27286638315609313
4242,39,71.82135883707769608,0.25156160275134093,0.09575960232234391,0.25045555112703782,0.08952003398339288,0.25173976278850563,0.09431912179387598,0.25164864942654619,0.09403203227848844,0.31922863192072226,0.09575960232234391,0.31592855359786493,0.08952003398339288,0.31922863192072226,0.09431912179387598,0.31918153118132236,0.09403203227848844,0.65000000000000024,0.25156160275134093,0.65000000000000024,0.25045555112703782
4242,40,72.38947151016371606,0.25328545903937144,0.09621843730157363,0.25045555103715789,0.08952003819530489,0.25173976287539634,0.09431911853004078,0.25164864942055148,0.09403203596762040,0.31922863233056353,0.09621843730157363,0.31592855484708260,0.08952003819530489,0.31922863233056353,0.09431911853004078,0.31918153196877319,0.09403203596762040,0.65000000000000024,0.25328545903937144,0.65000000000000024,0.25045555103715789
4242,41,71.82135885411972254,0.25156160269556627,0.09575960385045422,0.25045555079457638,0.08952004067881740,0.25173976285996985,0.09431912071754082,0.25164864951502014,0.09403203442073897,0.31922863434028220,0.09575960385045422,0.31592855390070490,0.08952004067881740,0.31922863434028220,0.09431912071754082,0.31918153185017056,0.09403203442073897,0.65000000000000024,0.25156160269556627,0.65000000000000024,0.25045555079457638
4242,42,71.82135885646501094,0.25156160265491617,0.09575960259774108,0.25045555103986117,0.08952003646987960,0.25173976285627969,0.09431911793339605,0.25164864941500198,0.09403203273057814,0.31922863304267468,0.09575960259774108,0.31592855401101239,0.08952003646987960,0.31922863304267468,0.09431911793339605,0.31918153115447695,0.09403203273057814,0.65000000000000024,0.25156160265491617,0.65000000000000024,0.25045555103986117
4242,43,71.82135883972910051,0.25156160262144922,0.09575960384791289,0.25045555100217365,0.08952003610326265,0.25173976283228894,0.09431912068551540,0.25164864950758481,0.09403203836918202,0.31922863159117953,0.09575960384791289,0.31592855313305179,0.08952003610326265,0.31922863159117953,0.09431912068551540,0.31918153217434719,0.09403203836918202,0.65000000000000024,0.25156160262144922,0.65000000000000024,0.25045555100217365
4242,51,110.95787910496285633,0.21201081607663214,0.22232479643261494,0.20586239221031583,0.24657205342513477,0.21238025863113369,0.22234189296975626,0.49880014241298942,0.12920485345960220,0.32255198760886011,0.22232479643261494,0.32848346596922612,0.24657205342513477,0.32255198760886011,0.22234189296975626,0.31237277801768309,0.12920485345960220,0.59166666666666690,0.21201081607663214,0.59166666666666690,0.20586239221031583
4242,52,71.82135883953347388,0.25156160271148958,0.09575960333454164,0.25045555097390620,0.08952003284187986,0.25173976303937573,0.09431912348241316,0.25164864946136067,0.09403203847266983,0.31922863519576156,0.09575960333454164,0.31592855453867630,0.08952003284187986,0.31922863519576156,0.09431912348241316,0.31918153255334775,0.09403203847266983,0.65000000000000024,0.25156160271148958,0.65000000000000024,0.25045555097390620
4242,53,71.82135884412488736,0.25156160272455058,0.09575960296996143,0.25045555117347873,0.08952004294539188,0.25173976295379891,0.09431912314187452,0.25164864951607457,0.09403203616442941,0.31922863305781290,0.09575960296996143,0.31592855514213519,0.08952004294539188,0.31922863305781290,0.09431912314187452,0.31918153278445216,0.09403203616442941,0.65000000000000024,0.25156160272455058,0.65000000000000024,0.25045555117347873
4242,54,71.82135892496364704,0.25156160273044698,0.09575960109338555,0.25045555099788808,0.08952003806055371,0.25173976278500265,0.09431912515349006,0.25164864940802151,0.09403203691008229,0.31922863319630096,0.09575960109338555,0.31592855463846403,0.08952003806055371,0.31922863319630096,0.09431912515349006,0.31918153153009871,0.09403203691008229,0.65000000000000024,0.25156160273044698,0.65000000000000024,0.25045555099788808
4242,56,71.82135887621598158,0.25156160269737465,0.09575960342865862,0.25045555105372619,0.08952004035620471,0.25173976278587867,0.09431912131817970,0.25164864942207421,0.09403203891906209,0.31922863126455459,0.09575960342865862,0.31592855370879180,0.08952004035620471,0.31922863126455459,0.09431912131817970,0.31918152934444272,0.09403203891906209,0.65000000000000024,0.25156160269737465,0.65000000000000024,0.25045555105372619
4242,58,88.68586188000926995,0.23747294335080008,0.12303850454451505,0.23426397622595108,0.11192114941336977,0.23510227650633045,0.12147583173791099,0.23500249999612971,0.12114142113256358,0.32522563335783689,0.12303850454451505,0.32184177653128165,0.11192114941336977,0.32522563335783689,0.12147583173791099,0.32516977104278894,0.12114142113256358,0.62500000000000022,0.23747294335080008,0.62500000000000022,0.23426397622595108
4242,65,71.82135882429227536,0.25156160279382961,0.09575960377484348,0.25045555108642875,0.08952003844079592,0.25173976282570643,0.09431912046406980,0.25164864958027267,0.09403203458561922,0.31922863272485613,0.09575960377484348,0.31592855427088090,0.08952003844079592,0.31922863272485613,0.09431912046406980,0.31918153284181672,0.09403203458561922,0.65000000000000024,0.25156160279382961,0.65000000000000024,0.25045555108642875
4242,68,71.82135884118389413,0.25156160277578377,0.09575960182520987,0.25045555107245054,0.08952003903101979,0.25173976314400065,0.09431912367625639,0.25164864935465425,0.09403203509008147,0.31922863306126781,0.09575960182520987,0.31592855393838598,0.08952003903101979,0.31922863306126781,0.09431912367625639,0.31918153083371387,0.09403203509008147,0.65000000000000024,0.25156160277578377,0.65000000000000024,0.25045555107245054
4242,69,71.82135886148236636,0.25156160274947620,0.09575960378089782,0.25045555105051354,0.08952003775206567,0.25173976284498034,0.09431912477085673,0.25164864944129833,0.09403203537936866,0.31922863242191446,0.09575960378089782,0.31592855346854803,0.08952003775206567,0.31922863242191446,0.09431912477085673,0.31918153105094355,0.09403203537936866,0.65000000000000024,0.25156160274947620,0.65000000000000024,0.25045555105051354
4242,70,72.39012091292353546,0.25502398109727170,0.09750572696420491,0.25045555106299783,0.08952004041430750,0.25173976302492501,0.09431912408922805,0.25164864937620018,0.09403203338573023,0.31922863317121369,0.09750572696420491,0.31592855472933912,0.08952004041430750,0.31922863317121369,0.09431912408922805,0.31918153123154042,0.09403203338573023,0.65000000000000024,0.25502398109727170,0.65000000000000024,0.25045555106299783
4242,71,89.61101476684308409,0.24456240144169891,0.10201441560751291,0.24228922564939850,0.10271990754968770,0.24334566197982857,0.10045409990390652,0.24325559376829706,0.10016833112243462,0.32205523139761405,0.10201441560751291,0.31871401354574169,0.10271990754968770,0.32205523139761405,0.10045409990390652,0.32200275896879382,0.10016833112243462,0.62083333333333357,0.24456240144169891,0.62083333333333357,0.24228922564939850
4242,78,71.82135890390819100,0.25156160277161949,0.09575960241788252,0.25045555094135646,0.08952003909373378,0.25173976285626964,0.09431912666210603,0.25164864944919912,0.09403203435872887,0.31922863317537031,0.09575960241788252,0.31592855429416367,0.08952003909373378,0.31922863317537031,0.09431912666210603,0.31918153107317560,0.09403203435872887,0.65000000000000024,0.25156160277161949,0.65000000000000024,0.25045555094135646
4242,79,71.82135885874428993,0.25156160276847223,0.09575960358489323,0.25045555091001992,0.08952003862868423,0.25173976303016377,0.09431912318203010,0.25164864940567844,0.09403203748177343,0.31922863135877422,0.09575960358489323,0.31592855309757151,0.08952003862868423,0.31922863135877422,0.09431912318203010,0.31918153039864522,0.09403203748177343,0.65000000000000024,0.25156160276847223,0.65000000000000024,0.25045555091001992
4242,80,72.37443344590451488,0.25503806690353142,0.09701656157492065,0.25045555117824336,0.08952004253256669,0.25173976294221689,0.09431912043608610,0.25164864935726583,0.09403203518337551,0.31922863295160087,0.09701656157492065,0.31592855458034108,0.08952004253256669,0.31922863295160087,0.09431912043608610,0.31918153188418219,0.09403203518337551,0.65000000000000024,0.25503806690353142,0.65000000000000024,0.25045555117824336
4242,81,73.59205774039864423,0.25504528375934088,0.09672749564190458,0.25045555099292294,0.08952003710554195,0.25173976274830384,0.09431911673163618,0.25164864943264170,0.09403203666217290,0.31922863164200121,0.09672749564190458,0.31592855474221165,0.08952003710554195,0.31922863164200121,0.09431911673163618,0.31918153176694558,0.09403203666217290,0.65000000000000024,0.25504528375934088,0.65000000000000024,0.25045555099292294
4242,82,71.82135894209892513,0.25156160270129502,0.09575960304011882,0.25045555095013616,0.08952003637675225,0.25173976288432842,0.09431912195156393,0.25164864952552807,0.09403203672656879,0.31922863201150958,0.09575960304011882,0.31592855356140764,0.08952003637675225,0.31922863201150958,0.09431912195156393,0.31918153214793166,0.09403203672656879,0.65000000000000024,0.25156160270129502,0.65000000000000024,0.25045555095013616
4242,85,88.12807744063454152,0.26051191589473488,0.12705083769447309,0.25921514420306613,0.12764011912073903,0.26020551932778202,0.12598348894710801,0.26016089756599975,0.12565879901831467,0.32671572296574980,0.12705083769447309,0.32324470652886694,0.12764011912073903,0.32671572296574980,0.12598348894710801,0.32665866293157153,0.12565879901831467,0.66250000000000020,0.26051191589473488,0.66250000000000020,0.25921514420306613
4242,91,71.82135885329441294,0.25156160274521183,0.09575960394396264,0.25045555114325257,0.08952004243392353,0.25173976288095734,0.09431912173268391,0.25164864949912047,0.09403203810395337,0.31922863294382109,0.09575960394396264,0.31592855445587292,0.08952004243392353,0.31922863294382109,0.09431912173268391,0.31918153298037649,0.09403203810395337,0.65000000000000024,0.25156160274521183,0.65000000000000024,0.25045555114325257
4242,92,72.38947153446457605,0.25328545907876415,0.09621843652121098,0.25045555113530088,0.08952004614856331,0.25173976300912632,0.09431911992543562,0.25164864932065917,0.09403203501527790,0.31922863318948075,0.09621843652121098,0.31592855398265640,0.08952004614856331,0.31922863318948075,0.09431911992543562,0.31918153157815765,0.09403203501527790,0.65000000000000024,0.25328545907876415,0.65000000000000024,0.25045555113530088
4242,93,71.82135886698924310,0.25156160272231448,0.09575960274683487,0.25045555102075667,0.08952003987986264,0.25173976282906935,0.09431912697400779,0.25164864935321679,0.09403203887489127,0.31922863295570086,0.09575960274683487,0.31592855335261549,0.08952003987986264,0.31922863295570086,0.09431912697400779,0.31918153061075266,0.09403203887489127,0.65000000000000024,0.25156160272231448,0.65000000000000024,0.25045555102075667
4242,94,72.39012093458093489,0.25502398108647889,0.09750572633027976,0.25045555102055073,0.08952004013929689,0.25173976295690803,0.09431912054376597,0.25164864935546610,0.09403203836599368,0.31922863286773689,0.09750572633027976,0.31592855308769680,0.08952004013929689,0.31922863286773689,0.09431912054376597,0.31918153152306106,0.09403203836599368,0.65000000000000024,0.25502398108647889,0.65000000000000024,0.25045555102055073
4242,95,71.82135885060613134,0.25156160276338013,0.09575960453670507,0.25045555127775693,0.08952003825349093,0.25173976292834721,0.09431912582809458,0.25164864953524879,0.09403203551239463,0.31922863246170574,0.09575960453670507,0.31592855521829305,0.08952003825349093,0.31922863246170574,0.09431912582809458,0.31918153208998651,0.09403203551239463,0.65000000000000024,0.25156160276338013,0.65000000000000024,0.25045555127775693
4242,100,81.82197454378555790,0.33029870717485960,0.17880677760904462,0.32373823435411364,0.15131436670717546,0.33049162811357025,0.18098118784034556,0.33045978524120145,0.18070467144307209,0.31960778836460035,0.17880677760904462,0.31822436663311854,0.15131436670717546,0.31960778836460035,0.18098118784034556,0.31985055104880827,0.18070467144307209,0.61250000000000016,0.33029870717485960,0.61250000000000016,0.32373823435411364
4242,104,72.38442073832732149,0.25329226295914464,0.09610799927456737,0.25045555111776491,0.08952003905935846,0.25173976296226941,0.09431911877927417,0.25164864948719678,0.09403203531909932,0.31922863290118253,0.09610799927456737,0.31592855324617297,0.08952003905935846,0.31922863290118253,0.09431911877927417,0.31918153182473552,0.09403203531909932,0.65000000000000024,0.25329226295914464,0.65000000000000024,0.25045555111776491
4242,105,73.59205768261773528,0.25504528367717172,0.09672749618187530,0.25045555109090878,0.08952003850819068,0.25173976283549482,0.09431912746196273,0.25164864947273274,0.09403203317910032,0.31922863277819957,0.09672749618187530,0.31592855396867697,0.08952003850819068,0.31922863277819957,0.09431912746196273,0.31918153248161912,0.09403203317910032,0.65000000000000024,0.25504528367717172,0.65000000000000024,0.25045555109090878
4242,106,71.82135886809213332,0.25156160268849770,0.09575960161513464,0.25045555109801676,0.08952003470421850,0.25173976286796906,0.09431912052721329,0.25164864945491972,0.09403203417944073,0.31922863455307116,0.09575960161513464,0.31592855502322637,0.08952003470421850,0.31922863455307116,0.09431912052721329,0.31918153146027201,0.09403203417944073,0.65000000000000024,0.25156160268849770,0.65000000000000024,0.25045555109801676
4242,107,71.82135885001044073,0.25156160277380551,0.09575960357805367,0.25045555120267043,0.08952004021329348,0.25173976276278265,0.09431912615884563,0.25164864958854322,0.09403203484690570,0.31922863329838175,0.09575960357805367,0.31592855528708769,0.08952004021329348,0.31922863329838175,0.09431912615884563,0.31918153148055983,0.09403203484690570,0.65000000000000024,0.25156160277380551,0.65000000000000024,0.25045555120267043
4242,108,71.82135883916875230,0.25156160268711181,0.09575960393066041,0.25045555111639012,0.08952003873224028,0.25173976280655580,0.09431912165136842,0.25164864936332870,0.09403203573070133,0.31922863206659230,0.09575960393066041,0.31592855382496382,0.08952003873224028,0.31922863206659230,0.09431912165136842,0.31918153065397048,0.09403203573070133,0.65000000000000024,0.25156160268711181,0.65000000000000024,0.25045555111639012
4242,109,71.82135890788077859,0.25156160269834760,0.09575960407989537,0.25045555114976115,0.08952003869860925,0.25173976277861210,0.09431912694648832,0.25164864940159209,0.09403203451636559,0.31922863223562181,0.09575960407989537,0.31592855433047601,0.08952003869860925,0.31922863223562181,0.09431912694648832,0.31918153169639973,0.09403203451636559,0.65000000000000024,0.25156160269834760,0.65000000000000024,0.25045555114976115
4242,117,71.82135884057001363,0.25156160278838419,0.09575960248633625,0.25045555119642071,0.08952004120451258,0.25173976276754201,0.09431911885948156,0.25164864949628396,0.09403204025128316,0.31922863170406790,0.09575960248633625,0.31592855611965653,0.08952004120451258,0.31922863170406790,0.09431911885948156,0.31918153247552389,0.09403204025128316,0.65000000000000024,0.25156160278838419,0.65000000000000024,0.25045555119642071
4242,118,71.82135881747058193,0.25156160280100615,0.09575960127706579,0.25045555102137912,0.08952003602473095,0.25173976275338600,0.09431912148353423,0.25164864939692666,0.09403203706576620,0.31922863221199149,0.09575960127706579,0.31592855344896426,0.08952003602473095,0.31922863221199149,0.09431912148353423,0.31918153125534915,0.09403203706576620,0.65000000000000024,0.25156160280100615,0.65000000000000024,0.25045555102137912
4242,119,71.82135885666755826,0.25156160277947526,0.09575960502486792,0.25045555100701661,0.08952004186155442,0.25173976300407930,0.09431912417949806,0.25164864953599470,0.09403203788787229,0.31922863279681229,0.09575960502486792,0.31592855377020107,0.08952004186155442,0.31922863279681229,0.09431912417949806,0.31918153144118028,0.09403203788787229,0.65000000000000024,0.25156160277947526,0.65000000000000024,0.25045555100701661
4242,120,72.39453152903165289,0.25327864324507010,0.09641771184768443,0.25045555108742285,0.08952003797944245,0.25173976312272434,0.09431912167853389,0.25164864946216059,0.09403203429886224,0.31922863400024221,0.09641771184768443,0.31592855359843525,0.08952003797944245,0.31922863400024221,0.09431912167853389,0.31918153221965107,0.09403203429886224,0.65000000000000024,0.25327864324507010,0.65000000000000024,0.25045555108742285
4242,130,71.82135890716813265,0.25156160285735091,0.09575960225357417,0.25045555099687028,0.08952003807903515,0.25173976297943496,0.09431912051785145,0.25164864947753762,0.09403203550191901,0.31922863215489350,0.09575960225357417,0.31592855394831898,0.08952003807903515,0.31922863215489350,0.09431912051785145,0.31918153146852851,0.09403203550191901,0.65000000000000024,0.25156160285735091,0.65000000000000024,0.25045555099687028
4242,131,72.38947152202544544,0.25328545913310141,0.09621843839513612,0.25045555102051370,0.08952003850950459,0.25173976298428929,0.09431912356175480,0.25164864954801380,0.09403203645785374,0.31922863366639154,0.09621843839513612,0.31592855473977560,0.08952003850950459,0.31922863366639154,0.09431912356175480,0.31918153157316986,0.09403203645785374,0.65000000000000024,0.25328545913310141,0.65000000000000024,0.25045555102051370
4242,133,71.82135886471952801,0.25156160270569411,0.09575960286210651,0.25045555094196342,0.08952003742353314,0.25173976297885370,0.09431911911143571,0.25164864937721815,0.09403203538749964,0.31922863248118960,0.09575960286210651,0.31592855328351843,0.08952003742353314,0.31922863248118960,0.09431911911143571,0.31918153278273181,0.09403203538749964,0.65000000000000024,0.25156160270569411,0.65000000000000024,0.25045555094196342
4242,134,71.82135887309161149,0.25156160273916772,0.09575960277728268,0.25045555104648654,0.08952003818603275,0.25173976302878476,0.09431912686943382,0.25164864939393611,0.09403203443684920,0.31922863349612357,0.09575960277728268,0.31592855510473195,0.08952003818603275,0.31922863349612357,0.09431912686943382,0.31918153184442405,0.09403203443684920,0.65000000000000024,0.25156160273916772,0.65000000000000024,0.25045555104648654
4242,137,71.14222903752724392,0.25795326627304238,0.10803795090966338,0.25611040308071470,0.10145953090420286,0.25779978682551247,0.10699819433692803,0.25767844732661488,0.10664547764417305,0.31654324150613716,0.10803795090966338,0.31331134038132474,0.10145953090420286,0.31654324150613716,0.10699819433692803,0.31650812404268225,0.10664547764417305,0.65000000000000024,0.25795326627304238,0.65000000000000024,0.25611040308071470
4242,138,79.95826154514602990,0.26410361600348436,0.10409190124099756,0.25045555007180864,0.08952003814365354,0.26255194256473019,0.10007216173434681,0.26247493816768852,0.09941291083038095,0.31521415374464601,0.10409190124099756,0.31592854715251950,0.08952003814365354,0.31521415374464601,0.10007216173434681,0.31569609196448789,0.09941291083038095,0.61666666666666692,0.26410361600348436,0.61666666666666692,0.25045555007180864
4242,144,71.82135884637392564,0.25156160277766887,0.09575960396131598,0.25045555101224631,0.08952003753349251,0.25173976285816790,0.09431912148701797,0.25164864955597516,0.09403203504626585,0.31922863285231656,0.09575960396131598,0.31592855458378843,0.08952003753349251,0.31922863285231656,0.09431912148701797,0.31918153264878213,0.09403203504626585,0.65000000000000024,0.25156160277766887,0.65000000000000024,0.25045555101224631
4242,145,71.82135886710869954,0.25156160270973216,0.09575960364623433,0.25045555106009715,0.08952004115802874,0.25173976288500977,0.09431912269967919,0.25164864950296906,0.09403203538131370,0.31922863214962915,0.09575960364623433,0.31592855467657133,0.08952004115802874,0.31922863214962915,0.09431912269967919,0.31918153138249750,0.09403203538131370,0.65000000000000024,0.25156160270973216,0.65000000000000024,0.25045555106009715
4242,146,73.59205772416187585,0.25504528369728235,0.09672749649396863,0.25045555103144246,0.08952003562486872,0.25173976293635431,0.09431911939456450,0.25164864950060722,0.09403203342689730,0.31922863284505110,0.09672749649396863,0.31592855490503269,0.08952003562486872,0.31922863284505110,0.09431911939456450,0.31918153197213101,0.09403203342689730,0.65000000000000024,0.25504528369728235,0.65000000000000024,0.25045555103144246
4242,147,76.15424421437731439,0.25675640476726230,0.09891351269864995,0.25045555095381455,0.08952003829165707,0.25173976277389876,0.09431912174520345,0.25164864948271215,0.09403203519005676,0.31922863212159641,0.09891351269864995,0.31592855311289847,0.08952003829165707,0.31922863212159641,0.09431912174520345,0.31918153207195343,0.09403203519005676,0.65000000000000024,0.25675640476726230,0.65000000000000024,0.25045555095381455
4242,148,73.59205771703703647,0.25504528371625135,0.09672749572698781,0.25045555112357637,0.08952003484316624,0.25173976280826715,0.09431912184484292,0.25164864948689974,0.09403203139139138,0.31922863246610783,0.09672749572698781,0.31592855485753857,0.08952003484316624,0.31922863246610783,0.09431912184484292,0.31918153181995246,0.09403203139139138,0.65000000000000024,0.25504528371625135,0.65000000000000024,0.25045555112357637
4242,150,67.16891464923934052,0.27359614404533511,0.12210503305715982,0.27270728406814448,0.10543857339123945,0.27406369136889053,0.12191367191823677,0.27396482686465717,0.12163421174435569,0.31417076061567800,0.12210503305715982,0.30880772767583459,0.10543857339123945,0.31417076061567800,0.12191367191823677,0.31416792001846289,0.12163421174435569,0.64583333333333359,0.27359614404533511,0.64583333333333359,0.27270728406814448
4242,151,89.29415879929931066,0.22637064921968456,0.12255661466276620,0.22659825317372695,0.12544384528402600,0.22716361613827771,0.12440939634499060,0.22706923935057496,0.12409014189073335,0.32853150507015327,0.12255661466276620,0.32507254831876381,0.12544384528402600,0.32853150507015327,0.12440939634499060,0.32846784581608346,0.12409014189073335,0.62916666666666687,0.22637064921968456,0.62916666666666687,0.22659825317372695
4242,156,71.82135888833103365,0.25156160278684808,0.09575960342652662,0.25045555098226330,0.08952003918814759,0.25173976279489724,0.09431912295448501,0.25164864944250237,0.09403203445272539,0.31922863462487761,0.09575960342652662,0.31592855503747769,0.08952003918814759,0.31922863462487761,0.09431912295448501,0.31918153240864150,0.09403203445272539,0.65000000000000024,0.25156160278684808,0.65000000000000024,0.25045555098226330
4242,157,71.82135884312712903,0.25156160283276652,0.09575960293220519,0.25045555131895786,0.08952003464432597,0.25173976316651786,0.09431912208861659,0.25164864953216637,0.09403203994653271,0.31922863308000843,0.09575960293220519,0.31592855598478842,0.08952003464432597,0.31922863308000843,0.09431912208861659,0.31918153235633512,0.09403203994653271,0.65000000000000024,0.25156160283276652,0.65000000000000024,0.25045555131895786
4242,158,71.82135883408304267,0.25156160283598827,0.09575960208619151,0.25045555090923199,0.08952003982311034,0.25173976305674450,0.09431912743254123,0.25164864939442505,0.09403203685942867,0.31922863485874564,0.09575960208619151,0.31592855408844728,0.08952003982311034,0.31922863485874564,0.09431912743254123,0.31918153135914773,0.09403203685942867,0.65000000000000024,0.25156160283598827,0.65000000000000024,0.25045555090923199
4242,159,71.82135884168971529,0.25156160271930522,0.09575960292287065,0.25045555105055806,0.08952003697535460,0.25173976289150696,0.09431911936175415,0.25164864933403575,0.09403203361164721,0.31922863248836458,0.09575960292287065,0.31592855367988087,0.08952003697535460,0.31922863248836458,0.09431911936175415,0.31918153187105380,0.09403203361164721,0.65000000000000024,0.25156160271930522,0.65000000000000024,0.25045555105055806
4242,160,71.82135884116267732,0.25156160273384226,0.09575960476758932,0.25045555098582967,0.08952004026364972,0.25173976292209521,0.09431912493161858,0.25164864953269772,0.09403203867149205,0.31922863275877861,0.09575960476758932,0.31592855415024934,0.08952004026364972,0.31922863275877861,0.09431912493161858,0.31918153275876404,0.09403203867149205,0.65000000000000024,0.25156160273384226,0.65000000000000024,0.25045555098582967
4242,161,67.22435556512257904,0.27332657025814594,0.13105035917077998,0.27254072523823542,0.11410742260907687,0.27380724190615041,0.13171782251646058,0.27371781973921189,0.13144682605303970,0.31417076269900945,0.13105035917077998,0.31164012087359849,0.11410742260907687,0.31417076269900945,0.13171782251646058,0.31416792062069659,0.13144682605303970,0.64583333333333359,0.27332657025814594,0.64583333333333359,0.27254072523823542
4242,169,71.82135883999023918,0.25156160272198913,0.09575960293459272,0.25045555102736883,0.08952003802634589,0.25173976293024930,0.09431911815050675,0.25164864944309828,0.09403203446718018,0.31922863224260944,0.09575960293459272,0.31592855444781653,0.08952003802634589,0.31922863224260944,0.09431911815050675,0.31918153123337839,0.09403203446718018,0.65000000000000024,0.25156160272198913,0.65000000000000024,0.25045555102736883
4242,170,71.82135886970876015,0.25156160274620665,0.09575960207076374,0.25045555104465744,0.08952003775827344,0.25173976294373546,0.09431911801925301,0.25164864956151972,0.09403203622987773,0.31922863197534695,0.09575960207076374,0.31592855357364596,0.08952003775827344,0.31922863197534695,0.09431911801925301,0.31918153099187152,0.09403203622987773,0.65000000000000024,0.25156160274620665,0.65000000000000024,0.25045555104465744
4242,172,71.82135881562469137,0.25156160278994361,0.09575960337824539,0.25045555115415591,0.08952004148297392,0.25173976276870225,0.09431912402084135,0.25164864937994968,0.09403203289370077,0.31922863205129631,0.09575960337824539,0.31592855479994225,0.08952004148297392,0.31922863205129631,0.09431912402084135,0.31918153184738474,0.09403203289370077,0.65000000000000024,0.25156160278994361,0.65000000000000024,0.25045555115415591
4242,173,71.82135883439664781,0.25156160267308209,0.09575960284632522,0.25045555101880240,0.08952003619967885,0.25173976288076910,0.09431912296346574,0.25164864949796695,0.09403203420822111,0.31922863348508740,0.09575960284632522,0.31592855360016775,0.08952003619967885,0.31922863348508740,0.09431912296346574,0.31918153192208026,0.09403203420822111,0.65000000000000024,0.25156160267308209,0.65000000000000024,0.25045555101880240
4242,182,71.82135886644235256,0.25156160272613914,0.09575960275289781,0.25045555112169238,0.08952004096999026,0.25173976282510291,0.09431912240472780,0.25164864935556785,0.09403203439643588,0.31922863271157198,0.09575960275289781,0.31592855462743386,0.08952004096999026,0.31922863271157198,0.09431912240472780,0.31918153187044879,0.09403203439643588,0.65000000000000024,0.25156160272613914,0.65000000000000024,0.25045555112169238
4242,183,71.82135883591027437,0.25156160278780143,0.09575960220870304,0.25045555101735556,0.08952003943103885,0.25173976287080524,0.09431911934138341,0.25164864955599892,0.09403203512925599,0.31922863367370852,0.09575960220870304,0.31592855443280021,0.08952003943103885,0.31922863367370852,0.09431911934138341,0.31918153166899599,0.09403203512925599,0.65000000000000024,0.25156160278780143,0.65000000000000024,0.25045555101735556
4242,184,72.38947151980067929,0.25328545906918731,0.09621843962705888,0.25045555118191221,0.08952003996076452,0.25173976292270234,0.09431912616849895,0.25164864940829940,0.09403203539340559,0.31922863315804884,0.09621843962705888,0.31592855483215765,0.08952003996076452,0.31922863315804884,0.09431912616849895,0.31918153206478772,0.09403203539340559,0.65000000000000024,0.25328545906918731,0.65000000000000024,0.25045555118191221
4242,185,72.38947153886353192,0.25328545906733368,0.09621843801716169,0.25045555109802081,0.08952004041086914,0.25173976272450593,0.09431912186956344,0.25164864945815113,0.09403203592268206,0.31922863287963721,0.09621843801716169,0.31592855360854338,0.08952004041086914,0.31922863287963721,0.09431912186956344,0.31918153114831910,0.09403203592268206,0.65000000000000024,0.25328545906733368,0.65000000000000024,0.25045555109802081
4242,186,77.37403206131494926,0.25677149924686804,0.09886098554718681,0.25045555116194129,0.08952003890349995,0.25173976298015766,0.09431912170041949,0.25164864946228177,0.09403203624152294,0.31922863327327183,0.09886098554718681,0.31592855459024966,0.08952003890349995,0.31922863327327183,0.09431912170041949,0.31918153208318223,0.09403203624152294,0.65000000000000024,0.25677149924686804,0.65000000000000024,0.25045555116194129
4242,188,88.44175680975953924,0.28006292160936475,0.10963829602121176,0.27734343375267612,0.09563293655789118,0.27916181120803102,0.10726414662362720,0.27912006198062506,0.10696703816635789,0.32187976342147473,0.10963829602121176,0.31858132242094778,0.09563293655789118,0.32187976342147473,0.10726414662362720,0.32183222590307997,0.10696703816635789,0.62083333333333357,0.28006292160936475,0.62083333333333357,0.27734343375267612
4242,189,70.74471003346030784,0.18234105725182417,0.09985700265090679,0.18168947433361299,0.10859510788990390,0.18251390577725168,0.09889179965524852,0.18245347812487137,0.09864751237830305,0.31325224190339218,0.09985700265090679,0.31392179850535262,0.10859510788990390,0.31325224190339218,0.09889179965524852,0.31322181878778244,0.09864751237830305,0.64583333333333359,0.18234105725182417,0.64583333333333359,0.18168947433361299
4242,194,84.81264719495722204,0.22816712995589589,0.21124826112255232,0.22451023883156332,0.20836050478140358,0.22724597005252339,0.21023309742611893,0.22721485506577194,0.20994878688112487,0.31355462877187895,0.21124826112255232,0.31779889490622165,0.20836050478140358,0.31355462877187895,0.21023309742611893,0.31578383233566254,0.20994878688112487,0.58750000000000024,0.22816712995589589,0.58750000000000024,0.22451023883156332
4242,195,71.82135886333283281,0.25156160272671257,0.09575960354161707,0.25045555096902061,0.08952003255796637,0.25173976275946669,0.09431911992976001,0.25164864949672761,0.09403203753314678,0.31922863318858818,0.09575960354161707,0.31592855433774308,0.08952003255796637,0.31922863318858818,0.09431911992976001,0.31918153168592467,0.09403203753314678,0.65000000000000024,0.25156160272671257,0.65000000000000024,0.25045555096902061
4242,196,71.82135885690397004,0.25156160267313910,0.09575960380760075,0.25045555068707165,0.08952003820753192,0.25173976279494337,0.09431912349278826,0.25164864944942039,0.09403203304098932,0.31922863214388492,0.09575960380760075,0.31592855156687816,0.08952003820753192,0.31922863214388492,0.09431912349278826,0.31918153179026343,0.09403203304098932,0.65000000000000024,0.25156160267313910,0.65000000000000024,0.25045555068707165
4242,197,71.82135885551601007,0.25156160273954581,0.09575960197282767,0.25045555107056561,0.08952003258811130,0.25173976270479381,0.09431912012819610,0.25164864942614712,0.09403203479144828,0.31922863143263991,0.09575960197282767,0.31592855396789338,0.08952003258811130,0.31922863143263991,0.09431912012819610,0.31918153097606244,0.09403203479144828,0.65000000000000024,0.25156160273954581,0.65000000000000024,0.25045555107056561
4242,199,72.39453154708530747,0.25327864319118859,0.09641771163025975,0.25045555106895612,0.08952003697972954,0.25173976278691523,0.09431911981283762,0.25164864956822225,0.09403203368470987,0.31922863187580580,0.09641771163025975,0.31592855431946310,0.08952003697972954,0.31922863187580580,0.09431911981283762,0.31918153134637600,0.09403203368470987,0.65000000000000024,0.25327864319118859,0.65000000000000024,0.25045555106895612
4242,200,71.82135888149589675,0.25156160282916540,0.09575960265799270,0.25045555109776219,0.08952003634792338,0.25173976275222892,0.09431912478897164,0.25164864938597742,0.09403203364812625,0.31922863183291172,0.09575960265799270,0.31592855412953069,0.08952003634792338,0.31922863183291172,0.09431912478897164,0.31918153180224307,0.09403203364812625,0.65000000000000024,0.25156160282916540,0.65000000000000024,0.25045555109776219
4242,201,89.64784493948783961,0.25269764602602729,0.13340329315318186,0.24391136880626571,0.11320450731002851,0.24640919310036963,0.12728529955813492,0.25252493123901593,0.12902982202037636,0.32028175694090516,0.13340329315318186,0.31868024962550190,0.11320450731002851,0.32028175694090516,0.12728529955813492,0.32109133953889796,0.12902982202037636,0.65416666666666690,0.25269764602602729,0.65416666666666690,0.24391136880626571
4242,203,87.14388232892355290,0.26367235242897630,0.12543471778843771,0.26300270120833502,0.11434146693973313,0.26413690096760400,0.12417404800046672,0.26402854049183333,0.12388756537856020,0.31750016018310490,0.12543471778843771,0.31107850728487629,0.11434146693973313,0.31750016018310490,0.12417404800046672,0.31793615215642435,0.12388756537856020,0.58333333333333359,0.26367235242897630,0.58333333333333359,0.26300270120833502
4242,206,82.38260285910510561,0.28639565594180827,0.15728437848766072,0.28522973706942079,0.15429786002934662,0.28800581282346444,0.15860128032035958,0.28790579319221049,0.15832575159085494,0.31734860995909808,0.15728437848766072,0.31543985869338398,0.15429786002934662,0.31734860995909808,0.15860128032035958,0.31805157747194512,0.15832575159085494,0.54583333333333350,0.28639565594180827,0.54583333333333350,0.28522973706942079
4242,208,71.82135884777275692,0.25156160280371626,0.09575960419630945,0.25045555100419903,0.08952004181954647,0.25173976280442589,0.09431912563230438,0.25164864940790227,0.09403203441078826,0.31922863273992996,0.09575960419630945,0.31592855444136475,0.08952004181954647,0.31922863273992996,0.09431912563230438,0.31918153138928540,0.09403203441078826,0.65000000000000024,0.25156160280371626,0.65000000000000024,0.25045555100419903
4242,210,72.38947144758206775,0.25328545909403638,0.09621844012936200,0.25045555098399253,0.08952003868634988,0.25173976282697247,0.09431912586627707,0.25164864948119559,0.09403203528384337,0.31922863159379461,0.09621844012936200,0.31592855353904098,0.08952003868634988,0.31922863159379461,0.09431912586627707,0.31918153220383116,0.09403203528384337,0.65000000000000024,0.25328545909403638,0.65000000000000024,0.25045555098399253
4242,211,72.39012095094204824,0.25502398099587698,0.09750572783246535,0.25045555092413613,0.08952003975089839,0.25173976299061773,0.09431912071813613,0.25164864948037396,0.09403203659086452,0.31922863223559966,0.09750572783246535,0.31592855422553884,0.08952003975089839,0.31922863223559966,0.09431912071813613,0.31918153222473455,0.09403203659086452,0.65000000000000024,0.25502398099587698,0.65000000000000024,0.25045555092413613
4242,212,71.82135888486151032,0.25156160276585393,0.09575960258665854,0.25045555125081187,0.08952003945445708,0.25173976279373572,0.09431912126206037,0.25164864950682719,0.09403203313729740,0.31922863255521533,0.09575960258665854,0.31592855552940108,0.08952003945445708,0.31922863255521533,0.09431912126206037,0.31918153179093439,0.09403203313729740,0.65000000000000024,0.25156160276585393,0.65000000000000024,0.25045555125081187
4242,213,71.82135889431708620,0.25156160271976480,0.09575960252568826,0.25045555115309898,0.08952004049589875,0.25173976286473482,0.09431912280027184,0.25164864960887756,0.09403203923489338,0.31922863424162090,0.09575960252568826,0.31592855410612070,0.08952004049589875,0.31922863424162090,0.09431912280027184,0.31918153081284728,0.09403203923489338,0.65000000000000024,0.25156160271976480,0.65000000000000024,0.25045555115309898
4242,214,87.53182305665210095,0.24251381429790822,0.10921469232131030,0.24189658481128953,0.10295390285856516,0.24293431819885880,0.10795287725347820,0.24283940637577189,0.10764292969041689,0.32245297573913895,0.10921469232131030,0.31910353196649838,0.10295390285856516,0.32245297573913895,0.10795287725347820,0.32240046692084046,0.10764292969041689,0.65416666666666690,0.24251381429790822,0.65416666666666690,0.24189658481128953
4242,221,71.82135881693103840,0.25156160275188771,0.09575960257373456,0.25045555096349859,0.08952003502365417,0.25173976297508027,0.09431912472836879,0.25164864956153737,0.09403203796180759,0.31922863289304665,0.09575960257373456,0.31592855317896079,0.08952003502365417,0.31922863289304665,0.09431912472836879,0.31918153256784160,0.09403203796180759,0.65000000000000024,0.25156160275188771,0.65000000000000024,0.25045555096349859
4242,222,71.82135885593029911,0.25156160267962552,0.09575960332386065,0.25045555098949590,0.08952003491687914,0.25173976283361971,0.09431912487371748,0.25164864923578301,0.09403203395585839,0.31922863227376813,0.09575960332386065,0.31592855380690371,0.08952003491687914,0.31922863227376813,0.09431912487371748,0.31918153167720542,0.09403203395585839,0.65000000000000024,0.25156160267962552,0.65000000000000024,0.25045555098949590
4242,223,72.37443346169618508,0.25503806700982279,0.09701656280959609,0.25045555071796077,0.08952003847042238,0.25173976273371595,0.09431912043314165,0.25164864956828770,0.09403203246547649,0.31922863283173247,0.09701656280959609,0.31592855316034330,0.08952003847042238,0.31922863283173247,0.09431912043314165,0.31918153117269488,0.09403203246547649,0.65000000000000024,0.25503806700982279,0.65000000000000024,0.25045555071796077
4242,224,72.39453153275782427,0.25327864320818250,0.09641770978775406,0.25045555108321788,0.08952003629552863,0.25173976279255328,0.09431911853712342,0.25164864955918825,0.09403203811065770,0.31922863163734017,0.09641770978775406,0.31592855399933478,0.08952003629552863,0.31922863163734017,0.09431911853712342,0.31918153248976816,0.09403203811065770,0.65000000000000024,0.25327864320818250,0.65000000000000024,0.25045555108321788
4242,225,72.37443342731339158,0.25503806694883152,0.09701656220689288,0.25045555110284395,0.08952003974255396,0.25173976300398065,0.09431912100851496,0.25164864948203586,0.09403203756096408,0.31922863223931325,0.09701656220689288,0.31592855398167502,0.08952003974255396,0.31922863223931325,0.09431912100851496,0.31918153175926939,0.09403203756096408,0.65000000000000024,0.25503806694883152,0.65000000000000024,0.25045555110284395
4242,226,71.82135887101838989,0.25156160282748663,0.09575960087837361,0.25045555075780307,0.08952003842521698,0.25173976315696228,0.09431912415485326,0.25164864939020049,0.09403203621221275,0.31922863420176772,0.09575960087837361,0.31592855245731982,0.08952003842521698,0.31922863420176772,0.09431912415485326,0.31918153075803551,0.09403203621221275,0.65000000000000024,0.25156160282748663,0.65000000000000024,0.25045555075780307
4242,227,86.46551618733718669,0.24276865282224763,0.10903578653429820,0.24215384313418281,0.08766284259410699,0.24316753662563509,0.10805850109169650,0.24307267433730967,0.10774517122885337,0.32221191584202219,0.10903578653429820,0.31886520680681441,0.08766284259410699,0.32221191584202219,0.10805850109169650,0.32216021070784023,0.10774517122885337,0.65416666666666690,0.24276865282224763,0.65416666666666690,0.24215384313418281
4242,234,72.38442072876840427,0.25329226290837697,0.09610800176491968,0.25045555106399042,0.08952003859853079,0.25173976282577110,0.09431912481465370,0.25164864948355375,0.09403203863646770,0.31922863221577286,0.09610800176491968,0.31592855256475005,0.08952003859853079,0.31922863221577286,0.09431912481465370,0.31918153201849120,0.09403203863646770,0.65000000000000024,0.25329226290837697,0.65000000000000024,0.25045555106399042
4242,235,71.82135884918169211,0.25156160269362665,0.09575960346093798,0.25045555114021895,0.08952003764871767,0.25173976296257466,0.09431912114374796,0.25164864953508581,0.09403203535079389,0.31922863137499485,0.09575960346093798,0.31592855419404986,0.08952003764871767,0.31922863137499485,0.09431912114374796,0.31918153172003211,0.09403203535079389,0.65000000000000024,0.25156160269362665,0.65000000000000024,0.25045555114021895
4242,236,71.82135885234498573,0.25156160268142824,0.09575960119480299,0.25045555109741652,0.08952003746364563,0.25173976279450239,0.09431912034020984,0.25164864948751342,0.09403203722423788,0.31922863227784887,0.09575960119480299,0.31592855378098639,0.08952003746364563,0.31922863227784887,0.09431912034020984,0.31918153213548822,0.09403203722423788,0.65000000000000024,0.25156160268142824,0.65000000000000024,0.25045555109741652
4242,237,71.82135884647397006,0.25156160277369327,0.09575960199693605,0.25045555091848087,0.08952004395270441,0.25173976284663724,0.09431911754948523,0.25164864937087894,0.09403203420547435,0.31922863276908631,0.09575960199693605,0.31592855428969213,0.08952004395270441,0.31922863276908631,0.09431911754948523,0.31918153176977626,0.09403203420547435,0.65000000000000024,0.25156160277369327,0.65000000000000024,0.25045555091848087
4242,238,74.93103724167791313,0.25499553780238288,0.09925942169475312,0.25045555113427076,0.08952003248022011,0.25173976272699677,0.09431911960198532,0.25164864951380989,0.09403203655024843,0.31922863195018181,0.09925942169475312,0.31592855453274710,0.08952003248022011,0.31922863195018181,0.09431911960198532,0.31918153102522129,0.09403203655024843,0.65000000000000024,0.25499553780238288,0.65000000000000024,0.25045555113427076
4242,239,71.82135887496224314,0.25156160272587247,0.09575960137711897,0.25045555102072714,0.08952003803826103,0.25173976309499058,0.09431912221238115,0.25164864942567261,0.09403203302259359,0.31922863346649355,0.09575960137711897,0.31592855385945767,0.08952003803826103,0.31922863346649355,0.09431912221238115,0.31918153201168442,0.09403203302259359,0.65000000000000024,0.25156160272587247,0.65000000000000024,0.25045555102072714
4242,247,71.82135886132510905,0.25156160274566475,0.09575960150179950,0.25045555109993822,0.08952003664961102,0.25173976276610066,0.09431911949332188,0.25164864947078980,0.09403203630011414,0.31922863273046526,0.09575960150179950,0.31592855483683763,0.08952003664961102,0.31922863273046526,0.09431911949332188,0.31918153268354182,0.09403203630011414,0.65000000000000024,0.25156160274566475,0.65000000000000024,0.25045555109993822
4242,248,72.39012090660615684,0.25502398104223711,0.09750572514077975,0.25045555113743084,0.08952004196068734,0.25173976281164229,0.09431912514935115,0.25164864952250104,0.09403203581450859,0.31922863157002690,0.09750572514077975,0.31592855445996743,0.08952004196068734,0.31922863157002690,0.09431912514935115,0.31918153189634729,0.09403203581450859,0.65000000000000024,0.25502398104223711,0.65000000000000024,0.25045555113743084
4242,249,71.82135884945529369,0.25156160269896616,0.09575960413577976,0.25045555102499245,0.08952003990774308,0.25173976288918581,0.09431912075929601,0.25164864938146664,0.09403203357117411,0.31922863248759292,0.09575960413577976,0.31592855461769526,0.08952003990774308,0.31922863248759292,0.09431912075929601,0.31918153121041920,0.09403203357117411,0.65000000000000024,0.25156160269896616,0.65000000000000024,0.25045555102499245
4242,250,71.82135886238744149,0.25156160272634120,0.09575960354494267,0.25045555109011880,0.08952003812095022,0.25173976279967059,0.09431912373858349,0.25164864958813382,0.09403203824701316,0.31922863130979495,0.09575960354494267,0.31592855399738418,0.08952003812095022,0.31922863130979495,0.09431912373858349,0.31918153201476485,0.09403203824701316,0.65000000000000024,0.25156160272634120,0.65000000000000024,0.25045555109011880
4242,252,72.38442071460934812,0.25329226290363016,0.09610800109622664,0.25045555091573962,0.08952004056586434,0.25173976286735461,0.09431912240628930,0.25164864942172532,0.09403203512104634,0.31922863163078630,0.09610800109622664,0.31592855278769755,0.08952004056586434,0.31922863163078630,0.09431912240628930,0.31918153163289431,0.09403203512104634,0.65000000000000024,0.25329226290363016,0.65000000000000024,0.25045555091573962
4242,254,82.59296440721702481,0.26294427266189918,0.14451929696376506,0.26269001336000486,0.12727017327665693,0.26368279705571773,0.14507382087100681,0.26358703340764189,0.14478133440988836,0.31478905769244298,0.14451929696376506,0.31411207622513898,0.12727017327665693,0.31478905769244298,0.14507382087100681,0.31473114745344238,0.14478133440988836,0.65000000000000024,0.26294427266189918,0.65000000000000024,0.26269001336000486
4242,255,77.53616636316579047,0.24038620328521410,0.13985562405617460,0.27210117466084399,0.12839050332024846,0.24915951913987161,0.13764282131650254,0.24338343881199606,0.13405478505649113,0.31211803702356627,0.13985562405617460,0.31404097049324237,0.12839050332024846,0.31211803702356627,0.13764282131650254,0.31131963213892327,0.13405478505649113,0.61250000000000016,0.24038620328521410,0.61250000000000016,0.27210117466084399
4242,258,90.61431826805308276,0.27915231115006051,0.17690020483711391,0.27680094041567765,0.17027760720261678,0.27779991944863036,0.17770566321243395,0.27775143378674755,0.17723405260146641,0.33081571723934144,0.17690020483711391,0.32729335788568092,0.17027760720261678,0.33081571723934144,0.17770566321243395,0.33076600250249671,0.17723405260146641,0.64166666666666683,0.27915231115006051,0.64166666666666683,0.27680094041567765
4242,260,71.82135884525760616,0.25156160277254974,0.09575960385042742,0.25045555104378858,0.08952003792559449,0.25173976273717136,0.09431912277777051,0.25164864944085630,0.09403203614970816,0.31922863230035142,0.09575960385042742,0.31592855385406660,0.08952003792559449,0.31922863230035142,0.09431912277777051,0.31918153195146665,0.09403203614970816,0.65000000000000024,0.25156160277254974,0.65000000000000024,0.25045555104378858
4242,261,71.82135885100313999,0.25156160268410943,0.09575960317827113,0.25045555105659861,0.08952003515129252,0.25173976274050147,0.09431912151872668,0.25164864955115135,0.09403203557985214,0.31922863126739798,0.09575960317827113,0.31592855314972579,0.08952003515129252,0.31922863126739798,0.09431912151872668,0.31918153165607466,0.09403203557985214,0.65000000000000024,0.25156160268410943,0.65000000000000024,0.25045555105659861
4242,262,71.82135884119105640,0.25156160277047601,0.09575960483380171,0.25045555105697737,0.08952004110906997,0.25173976294921324,0.09431912520088133,0.25164864958762051,0.09403203755368872,0.31922863240050903,0.09575960483380171,0.31592855427059391,0.08952004110906997,0.31922863240050903,0.09431912520088133,0.31918153208316424,0.09403203755368872,0.65000000000000024,0.25156160277047601,0.65000000000000024,0.25045555105697737
4242,263,71.82135882877921063,0.25156160274677253,0.09575960379271921,0.25045555120410923,0.08952004030853307,0.25173976276663323,0.09431912120080425,0.25164864932702158,0.09403203636195727,0.31922863150532649,0.09575960379271921,0.31592855520352114,0.08952004030853307,0.31922863150532649,0.09431912120080425,0.31918153000459187,0.09403203636195727,0.65000000000000024,0.25156160274677253,0.65000000000000024,0.25045555120410923
4242,265,72.38947150288581156,0.25328545904483507,0.09621843900989059,0.25045555126745989,0.08952004167791960,0.25173976259322761,0.09431912174980250,0.25164864937981435,0.09403203586883846,0.31922863164151666,0.09621843900989059,0.31592855509753698,0.08952004167791960,0.31922863164151666,0.09431912174980250,0.31918153067899224,0.09403203586883846,0.65000000000000024,0.25328545904483507,0.65000000000000024,0.25045555126745989
4242,273,71.82135886326301488,0.25156160280204948,0.09575960295314102,0.25045555092509714,0.08952003684035652,0.25173976311179724,0.09431912389287318,0.25164864950034277,0.09403203645401044,0.31922863300729476,0.09575960295314102,0.31592855365183148,0.08952003684035652,0.31922863300729476,0.09431912389287318,0.31918153201105298,0.09403203645401044,0.65000000000000024,0.25156160280204948,0.65000000000000024,0.25045555092509714
4242,274,71.82135888585983707,0.25156160275107342,0.09575960498525178,0.25045555091485294,0.08952003753475231,0.25173976296624107,0.09431912351269160,0.25164864944042481,0.09403203173657119,0.31922863156651810,0.09575960498525178,0.31592855337460951,0.08952003753475231,0.31922863156651810,0.09431912351269160,0.31918153062284721,0.09403203173657119,0.65000000000000024,0.25156160275107342,0.65000000000000024,0.25045555091485294
4242,276,71.82135889217401825,0.25156160278723233,0.09575960314995567,0.25045555109345441,0.08952003813505338,0.25173976313442586,0.09431911983154102,0.25164864925101849,0.09403203403196869,0.31922863333721341,0.09575960314995567,0.31592855394573344,0.08952003813505338,0.31922863333721341,0.09431911983154102,0.31918153048230380,0.09403203403196869,0.65000000000000024,0.25156160278723233,0.65000000000000024,0.25045555109345441
4242,277,72.38947153854545036,0.25328545910859429,0.09621843902921833,0.25045555097829908,0.08952003465109226,0.25173976295767625,0.09431912311828435,0.25164864954009525,0.09403203242972895,0.31922863200981250,0.09621843902921833,0.31592855388175861,0.08952003465109226,0.31922863200981250,0.09431912311828435,0.31918153196961024,0.09403203242972895,0.65000000000000024,0.25328545910859429,0.65000000000000024,0.25045555097829908
4242,278,69.51295757825172927,0.27300907360427273,0.12628658513842117,0.50031457839798754,0.05578126659788718,0.27330952809519138,0.12501434813010048,0.27321560444194087,0.12473122118763554,0.31355417054278589,0.12628658513842117,0.31018211378492727,0.05578126659788718,0.31355417054278589,0.12501434813010048,0.31355418250504385,0.12473122118763554,0.64583333333333359,0.27300907360427273,0.64583333333333359,0.50031457839798754
4242,279,85.81802303373021346,0.20635798852040046,0.13351377219610022,0.20454908836625274,0.15512738627082165,0.20567432557640769,0.13010492959585038,0.20566181917777188,0.12983101894439711,0.32114300536959561,0.13351377219610022,0.31946408353876349,0.15512738627082165,0.32114300536959561,0.13010492959585038,0.32109583916219336,0.12983101894439711,0.65416666666666690,0.20635798852040046,0.65416666666666690,0.20454908836625274
4242,287,71.82135883853197811,0.25156160263355809,0.09575960404051441,0.25045555116108753,0.08952003904809221,0.25173976291115313,0.09431912549355299,0.25164864946676319,0.09403203369385922,0.31922863328058548,0.09575960404051441,0.31592855437542755,0.08952003904809221,0.31922863328058548,0.09431912549355299,0.31918153191418175,0.09403203369385922,0.65000000000000024,0.25156160263355809,0.65000000000000024,0.25045555116108753
4242,288,71.82135884939209802,0.25156160264135052,0.09575960087118179,0.25045555094031019,0.08952003911334017,0.25173976274119503,0.09431911638318098,0.25164864938788267,0.09403203489014238,0.31922863125974582,0.09575960087118179,0.31592855289013072,0.08952003911334017,0.31922863125974582,0.09431911638318098,0.31918153211842826,0.09403203489014238,0.65000000000000024,0.25156160264135052,0.65000000000000024,0.25045555094031019
4242,289,71.82135884150690686,0.25156160280577111,0.09575960370362946,0.25045555108146278,0.08952004374905893,0.25173976304406420,0.09431912139918334,0.25164864934861109,0.09403203360222638,0.31922863237872773,0.09575960370362946,0.31592855392630315,0.08952004374905893,0.31922863237872773,0.09431912139918334,0.31918153021449130,0.09403203360222638,0.65000000000000024,0.25156160280577111,0.65000000000000024,0.25045555108146278
4242,290,71.82135889121934724,0.25156160278381817,0.09575960172283991,0.25045555112043116,0.08952004147102843,0.25173976282570021,0.09431912180461650,0.25164864964467087,0.09403203388877619,0.31922863230015258,0.09575960172283991,0.31592855440076278,0.08952004147102843,0.31922863230015258,0.09431912180461650,0.31918153189994036,0.09403203388877619,0.65000000000000024,0.25156160278381817,0.65000000000000024,0.25045555112043116
4242,291,68.04293500634872771,0.27406985721497151,0.11193114624472351,0.27286638300257410,0.10150472659530330,0.27426890289371525,0.11048070525909341,0.27416507642238580,0.11021971460564339,0.31417076227518304,0.11193114624472351,0.30801464886423241,0.10150472659530330,0.31417076227518304,0.11048070525909341,0.31416792071915600,0.11021971460564339,0.64583333333333359,0.27406985721497151,0.64583333333333359,0.27286638300257410
4242,292,71.82135886429686877,0.25156160270975908,0.09575960078552702,0.25045555112084023,0.08952003554900075,0.25173976292927708,0.09431912047809791,0.25164864935472075,0.09403203213015887,0.31922863260995898,0.09575960078552702,0.31592855439384515,0.08952003554900075,0.31922863260995898,0.09431912047809791,0.31918153179845232,0.09403203213015887,0.65000000000000024,0.25156160270975908,0.65000000000000024,0.25045555112084023
4242,299,71.82135882740229249,0.25156160272558153,0.09575960465914433,0.25045555097891448,0.08952003596484122,0.25173976292183892,0.09431912205585029,0.25164864942111831,0.09403203716981874,0.31922863461715018,0.09575960465914433,0.31592855461092795,0.08952003596484122,0.31922863461715018,0.09431912205585029,0.31918153134791005,0.09403203716981874,0.65000000000000024,0.25156160272558153,0.65000000000000024,0.25045555097891448
4242,300,72.38947149803333048,0.25328545906451350,0.09621844066229718,0.25045555111745160,0.08952003561826534,0.25173976313317120,0.09431912477816984,0.25164864951835098,0.09403203670057780,0.31922863348939873,0.09621844066229718,0.31592855349155663,0.08952003561826534,0.31922863348939873,0.09431912477816984,0.31918153183753828,0.09403203670057780,0.65000000000000024,0.25328545906451350,0.65000000000000024,0.25045555111745160
4242,301,71.82135883836301105,0.25156160266735406,0.09575960506370006,0.25045555072632780,0.08952003561026929,0.25173976282713983,0.09431912527094070,0.25164864937752057,0.09403203309020573,0.31922863456616890,0.09575960506370006,0.31592855366122125,0.08952003561026929,0.31922863456616890,0.09431912527094070,0.31918153126063409,0.09403203309020573,0.65000000000000024,0.25156160266735406,0.65000000000000024,0.25045555072632780
4242,302,71.82135884012561178,0.25156160281072626,0.09575960272048749,0.25045555112059004,0.08952003864579572,0.25173976301175893,0.09431912256343640,0.25164864942460824,0.09403203642057660,0.31922863289644260,0.09575960272048749,0.31592855181002671,0.08952003864579572,0.31922863289644260,0.09431912256343640,0.31918153147828043,0.09403203642057660,0.65000000000000024,0.25156160281072626,0.65000000000000024,0.25045555112059004
4242,303,72.38442073473480320,0.25329226296870949,0.09610800077116279,0.25045555122641039,0.08952004061039531,0.25173976315342045,0.09431912570132910,0.25164864939654691,0.09403203229450696,0.31922863320136735,0.09610800077116279,0.31592855454525148,0.08952004061039531,0.31922863320136735,0.09431912570132910,0.31918153205510513,0.09403203229450696,0.65000000000000024,0.25329226296870949,0.65000000000000024,0.25045555122641039
4242,304,71.82135885917318774,0.25156160270601019,0.09575960371536718,0.25045555122156538,0.08952004039047574,0.25173976278402738,0.09431912445452821,0.25164864935361864,0.09403203435270324,0.31922863081301578,0.09575960371536718,0.31592855475115328,0.08952004039047574,0.31922863081301578,0.09431912445452821,0.31918153018221124,0.09403203435270324,0.65000000000000024,0.25156160270601019,0.65000000000000024,0.25045555122156538
4242,305,69.14606841628626910,0.27427389637996663,0.10657826296530724,0.27302308862189856,0.09492694673795876,0.27445441128864151,0.10481504537720092,0.27434842624732292,0.10456339890648041,0.31503911485023833,0.10657826296530724,0.31079809130902497,0.09492694673795876,0.31503911485023833,0.10481504537720092,0.31562946631835542,0.10456339890648041,0.61250000000000027,0.27427389637996663,0.61250000000000027,0.27302308862189856
4242,312,71.82135887304431776,0.25156160265433541,0.09575960279467816,0.25045555108807233,0.08952004144236447,0.25173976279601368,0.09431911964882445,0.25164864946636478,0.09403203555252422,0.31922863384840489,0.09575960279467816,0.31592855512361012,0.08952004144236447,0.31922863384840489,0.09431911964882445,0.31918153183983244,0.09403203555252422,0.65000000000000024,0.25156160265433541,0.65000000000000024,0.25045555108807233
4242,313,71.82135889126493566,0.25156160266042260,0.09575960259249860,0.25045555087085081,0.08952003639148735,0.25173976272077075,0.09431911949653389,0.25164864949640564,0.09403203603411714,0.31922863183251310,0.09575960259249860,0.31592855432947170,0.08952003639148735,0.31922863183251310,0.09431911949653389,0.31918153115297271,0.09403203603411714,0.65000000000000024,0.25156160266042260,0.65000000000000024,0.25045555087085081
4242,314,71.82135885426336586,0.25156160273754180,0.09575960296191065,0.25045555103686784,0.08952003905691863,0.25173976299962603,0.09431912216248173,0.25164864939441411,0.09403203534056763,0.31922863277860580,0.09575960296191065,0.31592855366195333,0.08952003905691863,0.31922863277860580,0.09431912216248173,0.31918153104786079,0.09403203534056763,0.65000000000000024,0.25156160273754180,0.65000000000000024,0.25045555103686784
4242,316,72.37443343696175191,0.25503806697121134,0.09701656233363992,0.25045555090402294,0.08952003729502940,0.25173976288575867,0.09431912250165826,0.25164864939330384,0.09403203444071935,0.31922863231313386,0.09701656233363992,0.31592855441053547,0.08952003729502940,0.31922863231313386,0.09431912250165826,0.31918153142012784,0.09403203444071935,0.65000000000000024,0.25503806697121134,0.65000000000000024,0.25045555090402294
4242,320,91.01124674189546226,0.19255652133118978,0.15975324954591322,0.19148713547918361,0.16611477877496625,0.19223251805660443,0.15674693923537486,0.19221350916068439,0.15642164847945686,0.32451499478447315,0.15975324954591322,0.32166557529959960,0.16611477877496625,0.32451499478447315,0.15674693923537486,0.32445868301942854,0.15642164847945686,0.62916666666666687,0.19255652133118978,0.62916666666666687,0.19148713547918361
4242,325,71.82135886648877943,0.25156160277448725,0.09575960298000176,0.25045555094664940,0.08952004171346939,0.25173976284787186,0.09431912625116297,0.25164864954281324,0.09403203599400685,0.31922863307974675,0.09575960298000176,0.31592855391223373,0.08952004171346939,0.31922863307974675,0.09431912625116297,0.31918153143078593,0.09403203599400685,0.65000000000000024,0.25156160277448725,0.65000000000000024,0.25045555094664940
4242,326,71.82135883877808169,0.25156160273958683,0.09575960166956483,0.25045555095888833,0.08952003888669265,0.25173976307322843,0.09431911782559983,0.25164864951354710,0.09403203650814003,0.31922863509545946,0.09575960166956483,0.31592855464958625,0.08952003888669265,0.31922863509545946,0.09431911782559983,0.31918153173582697,0.09403203650814003,0.65000000000000024,0.25156160273958683,0.65000000000000024,0.25045555095888833
4242,327,71.82135884012750182,0.25156160276917816,0.09575960303355678,0.25045555121983226,0.08952003595051912,0.25173976288554872,0.09431911968418794,0.25164864940312304,0.09403203489941318,0.31922863254516970,0.09575960303355678,0.31592855485547738,0.08952003595051912,0.31922863254516970,0.09431911968418794,0.31918153186629722,0.09403203489941318,0.65000000000000024,0.25156160276917816,0.65000000000000024,0.25045555121983226
4242,328,72.38442074017662264,0.25329226284958023,0.09610799917231322,0.25045555111126838,0.08952004084514154,0.25173976277468851,0.09431912030342482,0.25164864945307047,0.09403203716172766,0.31922863217070407,0.09610799917231322,0.31592855466052400,0.08952004084514154,0.31922863217070407,0.09431912030342482,0.31918153208418254,0.09403203716172766,0.65000000000000024,0.25329226284958023,0.65000000000000024,0.25045555111126838
4242,329,76.17428673157695584,0.25673522770749085,0.09934112598294599,0.25045555077516768,0.08952004247788563,0.25173976280297566,0.09431911854904802,0.25164864940077986,0.09403203286935839,0.31776036728529911,0.09934112598294599,0.31592855365553413,0.08952004247788563,0.31776036728529911,0.09431911854904802,0.31843639863048973,0.09403203286935839,0.65000000000000024,0.25673522770749085,0.65000000000000024,0.25045555077516768
4242,331,84.35942175913565677,0.33142122469319768,0.17618189350364066,0.32407798407811733,0.16194596598584043,0.32874584126070588,0.17590292605372163,0.32871375512866302,0.17562108254328543,0.31833228424963322,0.17618189350364066,0.32005664002411199,0.16194596598584043,0.31833228424963322,0.17590292605372163,0.31870194411234065,0.17562108254328543,0.64583333333333359,0.33142122469319768,0.64583333333333359,0.32407798407811733
4242,336,92.69235425944080475,0.12028146258137098,0.15428500776306717,0.11887506318973864,0.14160482813531483,0.12745883638026390,0.15734757224607843,0.12584060796012800,0.15551822836398718,0.31399542364889604,0.15428500776306717,0.31767370299924846,0.14160482813531483,0.31399542364889604,0.15734757224607843,0.31441868107897752,0.15551822836398718,0.62500000000000022,0.12028146258137098,0.62500000000000022,0.11887506318973864
4242,338,72.38442074367181078,0.25329226285482265,0.09610800076964281,0.25045555112724038,0.08952004150988542,0.25173976286230509,0.09431912222408238,0.25164864938048531,0.09403203239976388,0.31922863272881696,0.09610800076964281,0.31592855440918050,0.08952004150988542,0.31922863272881696,0.09431912222408238,0.31918153159500962,0.09403203239976388,0.65000000000000024,0.25329226285482265,0.65000000000000024,0.25045555112724038
4242,339,71.82135883054928627,0.25156160277991296,0.09575960160740177,0.25045555102319522,0.08952003687766126,0.25173976287062566,0.09431911762734997,0.25164864948225657,0.09403203322073377,0.31922863279805286,0.09575960160740177,0.31592855363969341,0.08952003687766126,0.31922863279805286,0.09431911762734997,0.31918153205836203,0.09403203322073377,0.65000000000000024,0.25156160277991296,0.65000000000000024,0.25045555102319522
4242,340,71.82135883275381616,0.25156160278123391,0.09575960060903908,0.25045555109967194,0.08952003924247709,0.25173976297631856,0.09431912310502095,0.25164864950381671,0.09403203545670007,0.31922863262732670,0.09575960060903908,0.31592855411257525,0.08952003924247709,0.31922863262732670,0.09431912310502095,0.31918153152702256,0.09403203545670007,0.65000000000000024,0.25156160278123391,0.65000000000000024,0.25045555109967194
4242,343,71.82135887820309961,0.25156160272541456,0.09575960225258556,0.25045555111931039,0.08952003997461078,0.25173976284831401,0.09431911730779656,0.25164864941274895,0.09403203760763934,0.31922863145631392,0.09575960225258556,0.31592855448993901,0.08952003997461078,0.31922863145631392,0.09431911730779656,0.31918153191690274,0.09403203760763934,0.65000000000000024,0.25156160272541456,0.65000000000000024,0.25045555111931039
4242,351,71.82135886241935907,0.25156160265159599,0.09575960424082154,0.25045555115553980,0.08952003933757657,0.25173976278002064,0.09431912024756935,0.25164864940772508,0.09403203533995670,0.31922863233419635,0.09575960424082154,0.31592855498813066,0.08952003933757657,0.31922863233419635,0.09431912024756935,0.31918153130361704,0.09403203533995670,0.65000000000000024,0.25156160265159599,0.65000000000000024,0.25045555115553980
4242,353,71.82135885527475239,0.25156160267945121,0.09575960268828676,0.25045555087716714,0.08952004239915039,0.25173976278592336,0.09431911606208250,0.25164864943025561,0.09403203375335867,0.31922863193728029,0.09575960268828676,0.31592855346363102,0.08952004239915039,0.31922863193728029,0.09431911606208250,0.31918153178663000,0.09403203375335867,0.65000000000000024,0.25156160267945121,0.65000000000000024,0.25045555087716714
4242,354,72.39453149879264515,0.25327864314131893,0.09641771351429956,0.25045555102395434,0.08952003782469935,0.25173976275878851,0.09431912299523189,0.25164864950664428,0.09403203483452494,0.31922863233170351,0.09641771351429956,0.31592855485817589,0.08952003782469935,0.31922863233170351,0.09431912299523189,0.31918153205067290,0.09403203483452494,0.65000000000000024,0.25327864314131893,0.65000000000000024,0.25045555102395434
4242,355,71.82135884800101167,0.25156160264948740,0.09575960162836883,0.25045555091464283,0.08952004470390669,0.25173976273149862,0.09431912189057116,0.25164864955830246,0.09403203877557147,0.31922863296773035,0.09575960162836883,0.31592855415004950,0.08952004470390669,0.31922863296773035,0.09431912189057116,0.31918153202281024,0.09403203877557147,0.65000000000000024,0.25156160264948740,0.65000000000000024,0.25045555091464283
4242,356,70.84182219819527404,0.18608109680272664,0.10322932771725374,0.18535994113624393,0.09341394352782857,0.18716025795272964,0.10223064467457228,0.18800862228207371,0.10150227785628856,0.31750298219161643,0.10322932771725374,0.31421036166659183,0.09341394352782857,0.31750298219161643,0.10223064467457228,0.31743438309621402,0.10150227785628856,0.64583333333333359,0.18608109680272664,0.64583333333333359,0.18535994113624393
4242,359,90.83534080010855405,0.16654157468752076,0.14480362633474644,0.31356449600514064,0.05879859961732548,0.16703656164785419,0.14386138057599127,0.16694760172840684,0.14352621713715089,0.32278642217326187,0.14480362633474644,0.30851811385968553,0.05879859961732548,0.32278642217326187,0.14386138057599127,0.32275201712311402,0.14352621713715089,0.62500000000000011,0.16654157468752076,0.62500000000000011,0.31356449600514064
4242,364,71.82135885251111063,0.25156160269704669,0.09575960316211385,0.25045555105645401,0.08952004056270879,0.25173976274072279,0.09431912125373243,0.25164864927541686,0.09403203812495746,0.31922863408350849,0.09575960316211385,0.31592855523104674,0.08952004056270879,0.31922863408350849,0.09431912125373243,0.31918153062020549,0.09403203812495746,0.65000000000000024,0.25156160269704669,0.65000000000000024,0.25045555105645401
4242,365,71.82135884236566881,0.25156160266825611,0.09575960355701661,0.25045555114420665,0.08952003395341190,0.25173976284235539,0.09431912166864469,0.25164864941542087,0.09403203903611283,0.31922863200205037,0.09575960355701661,0.31592855379911100,0.08952003395341190,0.31922863200205037,0.09431912166864469,0.31918153106044395,0.09403203903611283,0.65000000000000024,0.25156160266825611,0.65000000000000024,0.25045555114420665
4242,366,71.82135885326815128,0.25156160271108691,0.09575960395697997,0.25045555110204143,0.08952003903774657,0.25173976284193988,0.09431912149491439,0.25164864943362297,0.09403203521712215,0.31922863193646484,0.09575960395697997,0.31592855325223224,0.08952003903774657,0.31922863193646484,0.09431912149491439,0.31918153190960502,0.09403203521712215,0.65000000000000024,0.25156160271108691,0.65000000000000024,0.25045555110204143
4242,367,72.38442071490634078,0.25329226286292394,0.09610800074619619,0.25045555115822904,0.08952003785417872,0.25173976271045528,0.09431911895459703,0.25164864951005456,0.09403203564819118,0.31922863203568619,0.09610800074619619,0.31592855443717449,0.08952003785417872,0.31922863203568619,0.09431911895459703,0.31918153149875583,0.09403203564819118,0.65000000000000024,0.25329226286292394,0.65000000000000024,0.25045555115822904
4242,368,71.82135882845369679,0.25156160277217909,0.09575959978436466,0.25045555103792316,0.08952004084240388,0.25173976281969374,0.09431911708096104,0.25164864929992459,0.09403203235282069,0.31922863241362209,0.09575959978436466,0.31592855410873122,0.08952004084240388,0.31922863241362209,0.09431911708096104,0.31918153034331626,0.09403203235282069,0.65000000000000024,0.25156160277217909,0.65000000000000024,0.25045555103792316
4242,369,72.39012093332554798,0.25502398108063851,0.09750572784180765,0.25045555121102792,0.08952004283022459,0.25173976289872541,0.09431911941156905,0.25164864946629945,0.09403203571768308,0.31922863118851785,0.09750572784180765,0.31592855507873124,0.08952004283022459,0.31922863118851785,0.09431911941156905,0.31918153124258164,0.09403203571768308,0.65000000000000024,0.25502398108063851,0.65000000000000024,0.25045555121102792
4242,377,72.38947148817118205,0.25328545903147243,0.09621843918186636,0.25045555104312123,0.08952004105540823,0.25173976292053024,0.09431912444544503,0.25164864955493466,0.09403203476715534,0.31922863289585096,0.09621843918186636,0.31592855363458716,0.08952004105540823,0.31922863289585096,0.09431912444544503,0.31918153297287732,0.09403203476715534,0.65000000000000024,0.25328545903147243,0.65000000000000024,0.25045555104312123
4242,378,71.82135886175242945,0.25156160269916372,0.09575960440577008,0.25045555109075862,0.08952003686128274,0.25173976290349259,0.09431912430868754,0.25164864938458692,0.09403203555216540,0.31922863201224749,0.09575960440577008,0.31592855406565085,0.08952003686128274,0.31922863201224749,0.09431912430868754,0.31918153100771041,0.09403203555216540,0.65000000000000024,0.25156160269916372,0.65000000000000024,0.25045555109075862
4242,379,71.82135884939091852,0.25156160269424110,0.09575960282652050,0.25045555117040424,0.08952003830965061,0.25173976289344457,0.09431912044707813,0.25164864940716741,0.09403203213913873,0.31922863257834405,0.09575960282652050,0.31592855615551252,0.08952003830965061,0.31922863257834405,0.09431912044707813,0.31918153141310257,0.09403203213913873,0.65000000000000024,0.25156160269424110,0.65000000000000024,0.25045555117040424
4242,380,76.17834500595202485,0.25497903083877810,0.09917396503700247,0.25045555109498246,0.08952002921773279,0.25173976288129402,0.09431911969589028,0.25164864937788956,0.09403203669663400,0.31922863230440485,0.09917396503700247,0.31592855482373500,0.08952002921773279,0.31922863230440485,0.09431911969589028,0.31918153177807229,0.09403203669663400,0.65000000000000024,0.25497903083877810,0.65000000000000024,0.25045555109498246
4242,381,72.38442072955221818,0.25329226293516144,0.09610800137939651,0.25045555111780804,0.08952003710987722,0.25173976285572069,0.09431912347906775,0.25164864948461030,0.09403203650460405,0.31922863091712805,0.09610800137939651,0.31592855452419061,0.08952003710987722,0.31922863091712805,0.09431912347906775,0.31918153178583630,0.09403203650460405,0.65000000000000024,0.25329226293516144,0.65000000000000024,0.25045555111780804
4242,382,69.51295757575729795,0.27300907364187699,0.12628658594774320,0.27210117541870865,0.12839050300144725,0.27330952792710383,0.12501434903711606,0.27321560469890988,0.12473122107518912,0.31355417041273748,0.12628658594774320,0.31404097250579249,0.12839050300144725,0.31355417041273748,0.12501434903711606,0.31355418353671816,0.12473122107518912,0.64583333333333359,0.27300907364187699,0.64583333333333359,0.27210117541870865
4242,383,88.10041938608321743,0.26888582414369627,0.12206723384435571,0.26720302156600079,0.11584221628756919,0.26838886952333502,0.12007166953329047,0.26834353882732553,0.11975369528226243,0.32418033255106976,0.12206723384435571,0.32073715697658806,0.11584221628756919,0.32418033255106976,0.12007166953329047,0.32412766130332327,0.11975369528226243,0.65833333333333355,0.26888582414369627,0.65833333333333355,0.26720302156600079
4242,384,88.41631335766265920,0.19291743872156672,0.14735119092901638,0.31013881926646009,0.07302554317966618,0.19212595734527502,0.14773930284988576,0.19205971139299488,0.14747873915246604,0.31094338597150761,0.14735119092901638,0.30768383390999660,0.07302554317966618,0.31094338597150761,0.14773930284988576,0.31156723817455406,0.14747873915246604,0.64583333333333359,0.19291743872156672,0.64583333333333359,0.31013881926646009
4242,386,88.71362800023266004,0.16956171945722182,0.12522107927118528,0.16950405445770439,0.13081146696956600,0.17002205816776961,0.12523472996719484,0.16995298674024098,0.12494567303163724,0.31882926003226203,0.12522107927118528,0.31822900418904659,0.13081146696956600,0.31882926003226203,0.12523472996719484,0.31879180685280306,0.12494567303163724,0.62083333333333357,0.16956171945722182,0.62083333333333357,0.16950405445770439
4242,390,72.38442071536810829,0.25329226295795787,0.09610799913255069,0.25045555104843459,0.08952004468168624,0.25173976284713134,0.09431912379901160,0.25164864949700788,0.09403203621002738,0.31922863384836736,0.09610799913255069,0.31592855507199968,0.08952004468168624,0.31922863384836736,0.09431912379901160,0.31918153123081261,0.09403203621002738,0.65000000000000024,0.25329226295795787,0.65000000000000024,0.25045555104843459
4242,391,71.82135881693530166,0.25156160269012184,0.09575960351862096,0.25045555096288064,0.08952003664277597,0.25173976290841682,0.09431911936801544,0.25164864952875354,0.09403203336146178,0.31922863239086419,0.09575960351862096,0.31592855460139108,0.08952003664277597,0.31922863239086419,0.09431911936801544,0.31918153161696899,0.09403203336146178,0.65000000000000024,0.25156160269012184,0.65000000000000024,0.25045555096288064
4242,392,71.82135888019465142,0.25156160274242972,0.09575960321226749,0.25045555093631927,0.08952003721404456,0.25173976287712058,0.09431912195028185,0.25164864959855776,0.09403203806880860,0.31922863233918281,0.09575960321226749,0.31592855376001083,0.08952003721404456,0.31922863233918281,0.09431912195028185,0.31918153248468628,0.09403203806880860,0.65000000000000024,0.25156160274242972,0.65000000000000024,0.25045555093631927
4242,393,77.37403207241838743,0.25677149916564745,0.09886098557841379,0.25045555096349936,0.08952003932639574,0.25173976265600878,0.09431911845611925,0.25164864945343995,0.09403203604736492,0.31922863105019011,0.09886098557841379,0.31592855390129498,0.08952003932639574,0.31922863105019011,0.09431911845611925,0.31918153175201391,0.09403203604736492,0.65000000000000024,0.25677149916564745,0.65000000000000024,0.25045555096349936
4242,394,76.17834498262266152,0.25497903080598205,0.09917396753989459,0.25045555101660333,0.08952004183550784,0.25173976277494675,0.09431911948408563,0.25164864941335968,0.09403203815075349,0.31922863271765778,0.09917396753989459,0.31592855449996543,0.08952004183550784,0.31922863271765778,0.09431911948408563,0.31918153096772256,0.09403203815075349,0.65000000000000024,0.25497903080598205,0.65000000000000024,0.25045555101660333
4242,395,71.82135887495067550,0.25156160272003014,0.09575960369424953,0.25045555088638710,0.08952004097642230,0.25173976278620713,0.09431912159057292,0.25164864941012166,0.09403203524478720,0.31922863448329281,0.09575960369424953,0.31592855453732710,0.08952004097642230,0.31922863448329281,0.09431912159057292,0.31918153126405757,0.09403203524478720,0.65000000000000024,0.25156160272003014,0.65000000000000024,0.25045555088638710
4242,397,80.96412856500367639,0.28560269513088538,0.17360959434459430,0.28064596920239604,0.15612034104815531,0.28732517714960348,0.17539387167001710,0.42893894063881377,0.11324765482085881,0.31832948850531723,0.17360959434459430,0.31651902819273658,0.15612034104815531,0.31832948850531723,0.17539387167001710,0.31653731488687015,0.11324765482085881,0.64583333333333359,0.28560269513088538,0.64583333333333359,0.28064596920239604
4242,399,80.96882002705594061,0.31682712614791236,0.17442119335842762,0.31553179459337416,0.15774090676880706,0.31687591134728710,0.17659597362159540,0.31684192588958676,0.17632439151284052,0.31689984196595455,0.17442119335842762,0.31274006547967048,0.15774090676880706,0.31689984196595455,0.17659597362159540,0.31721142948978348,0.17632439151284052,0.65000000000000024,0.31682712614791236,0.65000000000000024,0.31553179459337416
4242,403,72.38442070220797575,0.25329226289446588,0.09610800123418005,0.25045555083943122,0.08952003517918709,0.25173976287465993,0.09431911893362772,0.25164864941781490,0.09403203673323139,0.31922863361776427,0.09610800123418005,0.31592855294081185,0.08952003517918709,0.31922863361776427,0.09431911893362772,0.31918153125038268,0.09403203673323139,0.65000000000000024,0.25329226289446588,0.65000000000000024,0.25045555083943122
4242,404,71.82135885910460615,0.25156160276357570,0.09575960308966487,0.25045555103459183,0.08952004070251407,0.25173976302081574,0.09431912511579310,0.25164864946783366,0.09403203499470969,0.31922863357581571,0.09575960308966487,0.31592855254573843,0.08952004070251407,0.31922863357581571,0.09431912511579310,0.31918153217093470,0.09403203499470969,0.65000000000000024,0.25156160276357570,0.65000000000000024,0.25045555103459183
4242,405,71.82135888788184275,0.25156160269340705,0.09575960393316542,0.25045555108508910,0.08952003914450664,0.25173976283862354,0.09431912352161127,0.25164864950134685,0.09403203427905608,0.31922863167466814,0.09575960393316542,0.31592855415847881,0.08952003914450664,0.31922863167466814,0.09431912352161127,0.31918153186676490,0.09403203427905608,0.65000000000000024,0.25156160269340705,0.65000000000000024,0.25045555108508910
4242,406,71.82135888759560771,0.25156160269562639,0.09575960200326472,0.25045555111478918,0.08952003816973038,0.25173976288208633,0.09431911983728725,0.25164864946116261,0.09403203387381098,0.31922863284380570,0.09575960200326472,0.31592855408639886,0.08952003816973038,0.31922863284380570,0.09431911983728725,0.31918153089542839,0.09403203387381098,0.65000000000000024,0.25156160269562639,0.65000000000000024,0.25045555111478918
4242,409,86.46271831028110455,0.24296379623149553,0.10152620132935725,0.24228922686576057,0.10271993873658174,0.24334566305563485,0.10045412366455093,0.24325559503076427,0.10016835514217037,0.32205523665357944,0.10152620132935725,0.31871402045946995,0.10271993873658174,0.32205523665357944,0.10045412366455093,0.32200276577031717,0.10016835514217037,0.65416666666666690,0.24296379623149553,0.65416666666666690,0.24228922686576057
4242,416,71.82135886838725014,0.25156160280789674,0.09575960354237795,0.25045555105565015,0.08952004254885886,0.25173976300436779,0.09431912316214867,0.25164864951486710,0.09403203658133601,0.31922863346301900,0.09575960354237795,0.31592855328539415,0.08952004254885886,0.31922863346301900,0.09431912316214867,0.31918153159007540,0.09403203658133601,0.65000000000000024,0.25156160280789674,0.65000000000000024,0.25045555105565015
4242,417,72.38947156929816629,0.25328545892884968,0.09621843868958709,0.25045555113725315,0.08952003692980785,0.25173976272887438,0.09431912127089515,0.25164864936220677,0.09403203626949981,0.31922863189966699,0.09621843868958709,0.31592855488404104,0.08952003692980785,0.31922863189966699,0.09431912127089515,0.31918153102592278,0.09403203626949981,0.65000000000000024,0.25328545892884968,0.65000000000000024,0.25045555113725315
4242,419,71.82135887441033617,0.25156160281024148,0.09575960430637030,0.25045555102578598,0.08952003803652413,0.25173976310326995,0.09431912322318770,0.25164864949503318,0.09403203783259635,0.31922863397825624,0.09575960430637030,0.31592855326833374,0.08952003803652413,0.31922863397825624,0.09431912322318770,0.31918153119879361,0.09403203783259635,0.65000000000000024,0.25156160281024148,0.65000000000000024,0.25045555102578598
4242,420,71.82135880840729669,0.25156160278583728,0.09575960472234757,0.25045555100404504,0.08952003772421735,0.25173976301091283,0.09431912298812173,0.25164864951643673,0.09403203875051964,0.31922863292555187,0.09575960472234757,0.31592855378040624,0.08952003772421735,0.31922863292555187,0.09431912298812173,0.31918153208349687,0.09403203875051964,0.65000000000000024,0.25156160278583728,0.65000000000000024,0.25045555100404504
4242,421,71.37070472583495473,0.18747539205297531,0.10351625259577484,0.18535993536693976,0.09341394571257355,0.18716025785535381,0.10223064249742746,0.18800862174208338,0.10150227824736364,0.31750298391337367,0.10351625259577484,0.31421036134460628,0.09341394571257355,0.31750298391337367,0.10223064249742746,0.31743438374494060,0.10150227824736364,0.64583333333333359,0.18747539205297531,0.64583333333333359,0.18535993536693976
4242,422,88.40436143245284484,0.27935603339990639,0.10910977683268817,0.27698464131349343,0.10278922194411806,0.27850825444726884,0.10678414007163990,0.27847379236581860,0.10649084248694485,0.32178157248275724,0.10910977683268817,0.31850005656569103,0.10278922194411806,0.32178157248275724,0.10678414007163990,0.32173475208101576,0.10649084248694485,0.62083333333333357,0.27935603339990639,0.62083333333333357,0.27698464131349343
4242,430,71.82135883981582936,0.25156160282230078,0.09575960560467145,0.25045555130843222,0.08952003254422262,0.25173976301881773,0.09431912310494872,0.25164864935621600,0.09403203693264144,0.31922863262846263,0.09575960560467145,0.31592855515770979,0.08952003254422262,0.31922863262846263,0.09431912310494872,0.31918153076191330,0.09403203693264144,0.65000000000000024,0.25156160282230078,0.65000000000000024,0.25045555130843222
4242,431,71.82135885592546742,0.25156160265097743,0.09575960373494903,0.25045555121466034,0.08952003749632868,0.25173976283072835,0.09431912352083109,0.25164864915138152,0.09403203460198850,0.31922863221068198,0.09575960373494903,0.31592855431559314,0.08952003749632868,0.31922863221068198,0.09431912352083109,0.31918153087186368,0.09403203460198850,0.65000000000000024,0.25156160265097743,0.65000000000000024,0.25045555121466034
4242,432,71.82135883988217984,0.25156160276697231,0.09575960426199374,0.25045555110823031,0.08952004212526421,0.25173976275032256,0.09431912525219643,0.25164864945025978,0.09403203732732394,0.31922863205230173,0.09575960426199374,0.31592855456234459,0.08952004212526421,0.31922863205230173,0.09431912525219643,0.31918153217929274,0.09403203732732394,0.65000000000000024,0.25156160276697231,0.65000000000000024,0.25045555110823031
4242,433,72.38947152597714307,0.25328545910042294,0.09621843845736178,0.25045555132202335,0.08952003845028478,0.25173976296830841,0.09431912251808609,0.25164864938641357,0.09403203499155577,0.31922863305600424,0.09621843845736178,0.31592855603655073,0.08952003845028478,0.31922863305600424,0.09431912251808609,0.31918153245514225,0.09403203499155577,0.65000000000000024,0.25328545910042294,0.65000000000000024,0.25045555132202335
4242,434,71.82135888038438054,0.25156160270314037,0.09575960291267173,0.25045555120841090,0.08952004077781095,0.25173976283518618,0.09431911934966301,0.25164864940866227,0.09403203331336130,0.31922863096296167,0.09575960291267173,0.31592855467405134,0.08952004077781095,0.31922863096296167,0.09431911934966301,0.31918153007811584,0.09403203331336130,0.65000000000000024,0.25156160270314037,0.65000000000000024,0.25045555120841090
4242,442,72.38442069315161120,0.25329226295056406,0.09610799866372251,0.25045555096392408,0.08952003548715237,0.25173976284728161,0.09431912177616823,0.25164864949317201,0.09403203233602560,0.31922863358855053,0.09610799866372251,0.31592855367925765,0.08952003548715237,0.31922863358855053,0.09431912177616823,0.31918153166162455,0.09403203233602560,0.65000000000000024,0.25329226295056406,0.65000000000000024,0.25045555096392408
4242,443,71.82135885637435990,0.25156160270110878,0.09575960233930093,0.25045555114426205,0.08952003975996847,0.25173976275418941,0.09431911744940728,0.25164864953078619,0.09403203708582956,0.31922863164309467,0.09575960233930093,0.31592855382535767,0.08952003975996847,0.31922863164309467,0.09431911744940728,0.31918153252549836,0.09403203708582956,0.65000000000000024,0.25156160270110878,0.65000000000000024,0.25045555114426205
4242,445,71.82135884489274247,0.25156160280314144,0.09575960441273169,0.25045555102497741,0.08952003713871097,0.25173976303848972,0.09431912271145637,0.25164864940051473,0.09403203439633050,0.31922863326556422,0.09575960441273169,0.31592855347901655,0.08952003713871097,0.31922863326556422,0.09431912271145637,0.31918153165314733,0.09403203439633050,0.65000000000000024,0.25156160280314144,0.65000000000000024,0.25045555102497741
4242,446,71.82135884875184217,0.25156160264586386,0.09575960491995462,0.25045555093784561,0.08952003316598889,0.25173976288243088,0.09431912202562624,0.25164864947110349,0.09403203130697550,0.31922863277571040,0.09575960491995462,0.31592855361272215,0.08952003316598889,0.31922863277571040,0.09431912202562624,0.31918153089098966,0.09403203130697550,0.65000000000000024,0.25156160264586386,0.65000000000000024,0.25045555093784561
4242,447,71.82135887515221384,0.25156160269164812,0.09575960312399140,0.25045555121254570,0.08952003706223954,0.25173976291085381,0.09431912249404777,0.25164864946807186,0.09403203586569164,0.31922863340594082,0.09575960312399140,0.31592855532178304,0.08952003706223954,0.31922863340594082,0.09431912249404777,0.31918153013880662,0.09403203586569164,0.65000000000000024,0.25156160269164812,0.65000000000000024,0.25045555121254570
4242,448,72.37443351675608483,0.25503806691606817,0.09701656173171201,0.25045555084919680,0.08952004056356699,0.25173976280507276,0.09431912505088406,0.25164864940671872,0.09403203501256037,0.31922863265687901,0.09701656173171201,0.31592855361636368,0.08952004056356699,0.31922863265687901,0.09431912505088406,0.31918153205294880,0.09403203501256037,0.65000000000000024,0.25503806691606817,0.65000000000000024,0.25045555084919680
4242,450,84.19600676391156924,0.30561154700000609,0.14696918128967035,0.30081832465030206,0.12054694846058285,0.30262824906181790,0.14434103063687451,0.30259223897844206,0.14406149470419552,0.31721635307970675,0.14696918128967035,0.31138857995864716,0.12054694846058285,0.31721635307970675,0.14434103063687451,0.31721142790625051,0.14406149470419552,0.65000000000000024,0.30561154700000609,0.65000000000000024,0.30081832465030206
4242,455,71.82135888732145190,0.25156160271941119,0.09575960391723616,0.25045555112611012,0.08952004170061671,0.25173976298066147,0.09431912528497326,0.25164864944962456,0.09403203307400299,0.31922863255633532,0.09575960391723616,0.31592855424732846,0.08952004170061671,0.31922863255633532,0.09431912528497326,0.31918153108831360,0.09403203307400299,0.65000000000000024,0.25156160271941119,0.65000000000000024,0.25045555112611012
4242,456,71.82135885522129115,0.25156160284876766,0.09575960296962055,0.25045555102745454,0.08952003230831658,0.25173976307832280,0.09431912395703017,0.25164864944301557,0.09403203553814439,0.31922863261038598,0.09575960296962055,0.31592855374041695,0.08952003230831658,0.31922863261038598,0.09431912395703017,0.31918153177338510,0.09403203553814439,0.65000000000000024,0.25156160284876766,0.65000000000000024,0.25045555102745454
4242,457,76.17834503007938451,0.25497903072231648,0.09917396677123985,0.25045555120195584,0.08952003946731073,0.25173976297465894,0.09431912131063218,0.25164864946435683,0.09403203829616036,0.31922863300747900,0.09917396677123985,0.31592855493040917,0.08952003946731073,0.31922863300747900,0.09431912131063218,0.31918153210806188,0.09403203829616036,0.65000000000000024,0.25497903072231648,0.65000000000000024,0.25045555120195584
4242,458,71.82135881447548797,0.25156160285866475,0.09575960186995804,0.25045555085282734,0.08952004097965512,0.25173976297496503,0.09431912380379874,0.25164864947510657,0.09403203455420524,0.31922863338235918,0.09575960186995804,0.31592855268177217,0.08952004097965512,0.31922863338235918,0.09431912380379874,0.31918153244911501,0.09403203455420524,0.65000000000000024,0.25156160285866475,0.65000000000000024,0.25045555085282734
4242,468,72.38442074535136328,0.25329226292310181,0.09610800160720855,0.25045555120159385,0.08952004273502689,0.25173976298419454,0.09431912334369856,0.25164864956799221,0.09403203615507987,0.31922863310154254,0.09610800160720855,0.31592855521821023,0.08952004273502689,0.31922863310154254,0.09431912334369856,0.31918153280429917,0.09403203615507987,0.65000000000000024,0.25329226292310181,0.65000000000000024,0.25045555120159385
4242,469,72.38442078393707391,0.25329226280788003,0.09610800029945919,0.25045555118474677,0.08952004270407350,0.25173976288582822,0.09431911947335377,0.25164864946663568,0.09403203501357986,0.31922863260194217,0.09610800029945919,0.31592855460983854,0.08952004270407350,0.31922863260194217,0.09431911947335377,0.31918153132168414,0.09403203501357986,0.65000000000000024,0.25329226280788003,0.65000000000000024,0.25045555118474677
4242,470,73.59205771249268935,0.25504528383075858,0.09672749675504660,0.25045555105404532,0.08952003706368068,0.25173976312672419,0.09431912542891448,0.25164864933080572,0.09403203750346963,0.31922863335814383,0.09672749675504660,0.31592855394139102,0.08952003706368068,0.31922863335814383,0.09431912542891448,0.31918153100922553,0.09403203750346963,0.65000000000000024,0.25504528383075858,0.65000000000000024,0.25045555105404532
4242,471,71.82135883277187816,0.25156160264897010,0.09575960299311509,0.25045555113268403,0.08952003607936369,0.25173976279831545,0.09431912212111919,0.25164864955959310,0.09403203617961838,0.31922863213482139,0.09575960299311509,0.31592855562611838,0.08952003607936369,0.31922863213482139,0.09431912212111919,0.31918153197747579,0.09403203617961838,0.65000000000000024,0.25156160264897010,0.65000000000000024,0.25045555113268403
4242,472,72.38442074027834394,0.25329226285382772,0.09610799950715755,0.25045555114938561,0.08952003647813538,0.25173976298823691,0.09431912582280748,0.25164864949726473,0.09403203500200252,0.31922863324687517,0.09610799950715755,0.31592855565682593,0.08952003647813538,0.31922863324687517,0.09431912582280748,0.31918153108766595,0.09403203500200252,0.65000000000000024,0.25329226285382772,0.65000000000000024,0.25045555114938561
4242,481,71.82135883052561098,0.25156160282578982,0.09575960131622034,0.25045555072662995,0.08952004491734922,0.25173976288830979,0.09431912074536679,0.25164864924094305,0.09403203313012742,0.31922863484053932,0.09575960131622034,0.31592855355531624,0.08952004491734922,0.31922863484053932,0.09431912074536679,0.31918153068422339,0.09403203313012742,0.65000000000000024,0.25156160282578982,0.65000000000000024,0.25045555072662995
4242,482,71.82135882679287420,0.25156160275193856,0.09575960271503298,0.25045555132344405,0.08952003897898890,0.25173976296442790,0.09431912593889787,0.25164864949595872,0.09403203521676688,0.31922863325151191,0.09575960271503298,0.31592855549328563,0.08952003897898890,0.31922863325151191,0.09431912593889787,0.31918153134534499,0.09403203521676688,0.65000000000000024,0.25156160275193856,0.65000000000000024,0.25045555132344405
4242,483,72.38442071515460441,0.25329226300725732,0.09610800127585988,0.25045555103170175,0.08952003869347076,0.25173976311787644,0.09431912401749958,0.25164864947530363,0.09403203645677090,0.31922863321352452,0.09610800127585988,0.31592855393049796,0.08952003869347076,0.31922863321352452,0.09431912401749958,0.31918153106510244,0.09403203645677090,0.65000000000000024,0.25329226300725732,0.65000000000000024,0.25045555103170175
4242,485,71.82135881667466037,0.25156160272564876,0.09575960542985512,0.25045555107241380,0.08952003949729896,0.25173976290842659,0.09431912726886305,0.25164864941633835,0.09403203456581211,0.31922863343198749,0.09575960542985512,0.31592855354978516,0.08952003949729896,0.31922863343198749,0.09431912726886305,0.31918153056273757,0.09403203456581211,0.65000000000000024,0.25156160272564876,0.65000000000000024,0.25045555107241380
4242,486,72.39012092299458345,0.25502398106792801,0.09750572555524274,0.25045555086839749,0.08952003726143087,0.25173976286557437,0.09431912183040396,0.25164864952192895,0.09403203969645972,0.31922863146920449,0.09750572555524274,0.31592855358285044,0.08952003726143087,0.31922863146920449,0.09431912183040396,0.31918153204937982,0.09403203969645972,0.65000000000000024,0.25502398106792801,0.65000000000000024,0.25045555086839749
4242,488,85.26720889553658367,0.21582671331360614,0.11328851217295742,0.21231949420475218,0.12147018190474923,0.21332443506835819,0.11128058576329931,0.21332448171713864,0.11102799269248598,0.31456435396813992,0.11328851217295742,0.31357156286203691,0.12147018190474923,0.31456435396813992,0.11128058576329931,0.31452209563195560,0.11102799269248598,0.65000000000000024,0.21582671331360614,0.65000000000000024,0.21231949420475218
4242,493,89.99107285176438609,0.26532832794939332,0.13758408062672917,0.26364443587566505,0.13887403027611378,0.26476990106787490,0.13693768977481158,0.26469783163932226,0.13656702419422717,0.32746767383891895,0.13758408062672917,0.32411292309652090,0.13887403027611378,0.32746767383891895,0.13693768977481158,0.32741903378135673,0.13656702419422717,0.62916666666666687,0.26532832794939332,0.62916666666666687,0.26364443587566505
4242,494,71.82135891591289578,0.25156160267597227,0.09575960411817414,0.25045555096824812,0.08952003898772205,0.25173976290788558,0.09431912587580789,0.25164864944112192,0.09403203783937568,0.31922863194157969,0.09575960411817414,0.31592855376811607,0.08952003898772205,0.31922863194157969,0.09431912587580789,0.31918153199482530,0.09403203783937568,0.65000000000000024,0.25156160267597227,0.65000000000000024,0.25045555096824812
4242,496,72.38442072738186539,0.25329226290766649,0.09610799782669856,0.25045555098377664,0.08952004087424470,0.25173976278211024,0.09431911826561623,0.25164864937922404,0.09403203477870663,0.31922863274953478,0.09610799782669856,0.31592855431570777,0.08952004087424470,0.31922863274953478,0.09431911826561623,0.31918153107386454,0.09403203477870663,0.65000000000000024,0.25329226290766649,0.65000000000000024,0.25045555098377664
4242,497,71.82135886290700455,0.25156160275434375,0.09575960210695177,0.25045555100291572,0.08952004176350374,0.25173976285204930,0.09431912377644469,0.25164864942509046,0.09403203509823614,0.31922863430235732,0.09575960210695177,0.31592855451804913,0.08952004176350374,0.31922863430235732,0.09431912377644469,0.31918153167334473,0.09403203509823614,0.65000000000000024,0.25156160275434375,0.65000000000000024,0.25045555100291572
4242,498,79.97126482655465907,0.25668510008848794,0.10094532003922768,0.25045555105403416,0.08952003399587039,0.25173976299943540,0.09431911910518116,0.25695531445989594,0.09653750740073568,0.31776036812783764,0.10094532003922768,0.31592855391458063,0.08952003399587039,0.31776036812783764,0.09431911910518116,0.31771752914189372,0.09653750740073568,0.65000000000000024,0.25668510008848794,0.65000000000000024,0.25045555105403416
424242,1,71.82135886021909243,0.25156160273796996,0.09575960398275583,0.25045555109095230,0.08952004392956077,0.25173976302132473,0.09431912123883938,0.25164864953671545,0.09403203394634436,0.31922863261321788,0.09575960398275583,0.31592855445374068,0.08952004392956077,0.31922863261321788,0.09431912123883938,0.31918153145417044,0.09403203394634436,0.65000000000000024,0.25156160273796996,0.65000000000000024,0.25045555109095230
424242,2,71.82135885615454640,0.25156160276029560,0.09575960567011664,0.25045555104484113,0.08952003505090918,0.25173976277884180,0.09431912671093741,0.25164864936251996,0.09403203302643652,0.31922863247191463,0.09575960567011664,0.31592855420390847,0.08952003505090918,0.31922863247191463,0.09431912671093741,0.31918153162023249,0.09403203302643652,0.65000000000000024,0.25156160276029560,0.65000000000000024,0.25045555104484113
424242,3,71.82135885503042516,0.25156160273921668,0.09575960258918058,0.25045555102011435,0.08952003836563123,0.25173976283455646,0.09431912168031942,0.25164864955530525,0.09403203910780882,0.31922863125134376,0.09575960258918058,0.31592855405825360,0.08952003836563123,0.31922863125134376,0.09431912168031942,0.31918153201965860,0.09403203910780882,0.65000000000000024,0.25156160273921668,0.65000000000000024,0.25045555102011435
424242,4,71.82135883899718465,0.25156160261880112,0.09575960288296335,0.25045555111640361,0.08952003867512692,0.25173976273751220,0.09431912422238160,0.25164864946357601,0.09403203249435570,0.31922863327043211,0.09575960288296335,0.31592855438875234,0.08952003867512692,0.31922863327043211,0.09431912422238160,0.31918153205301214,0.09403203249435570,0.65000000000000024,0.25156160261880112,0.65000000000000024,0.25045555111640361
424242,5,76.17428673198087097,0.25673522770658042,0.09934112783275940,0.25045555108787093,0.08952003928876177,0.25173976273776727,0.09431912565548066,0.25164864950470150,0.09403203487159077,0.31776036713139427,0.09934112783275940,0.31592855486385024,0.08952003928876177,0.31776036713139427,0.09431912565548066,0.31843640034877119,0.09403203487159077,0.65000000000000024,0.25673522770658042,0.65000000000000024,0.25045555108787093
424242,6,69.66891622364182979,0.27359614173204821,0.12210502230187679,0.27270728283671047,0.10543859793150727,0.27406369038969930,0.12191364730558300,0.27396482567907265,0.12163418311885350,0.31417075442195275,0.12210502230187679,0.30880772753221025,0.10543859793150727,0.31417075442195275,0.12191364730558300,0.31416791268757843,0.12163418311885350,0.61250000000000027,0.27359614173204821,0.61250000000000027,0.27270728283671047
424242,13,72.39453151241113460,0.25327864321629034,0.09641771065340264,0.25045555094836969,0.08952004152169013,0.25173976289349836,0.09431912561336937,0.25164864939925247,0.09403203599273846,0.31922863320227957,0.09641771065340264,0.31592855383128687,0.08952004152169013,0.31922863320227957,0.09431912561336937,0.31918153169875974,0.09403203599273846,0.65000000000000024,0.25327864321629034,0.65000000000000024,0.25045555094836969
424242,14,71.82135885967363720,0.25156160280371581,0.09575960207556572,0.25045555091281779,0.08952003864781484,0.25173976287806504,0.09431911890387019,0.25164864936466225,0.09403203839936536,0.31922863235479748,0.09575960207556572,0.31592855349472182,0.08952003864781484,0.31922863235479748,0.09431911890387019,0.31918153063221605,0.09403203839936536,0.65000000000000024,0.25156160280371581,0.65000000000000024,0.25045555091281779
424242,15,72.38442071092157448,0.25329226289621892,0.09610800250035417,0.25045555106204148,0.08952003855363426,0.25173976284444277,0.09431912161074078,0.25164864943891979,0.09403203810403997,0.31922863164278836,0.09610800250035417,0.31592855314270912,0.08952003855363426,0.31922863164278836,0.09431912161074078,0.31918153104302971,0.09403203810403997,0.65000000000000024,0.25329226289621892,0.65000000000000024,0.25045555106204148
424242,16,71.82135887892360415,0.25156160271314360,0.09575960247484445,0.25045555094026778,0.08952003903018890,0.25173976279294796,0.09431912080728592,0.25164864950277538,0.09403203409359613,0.31922863214416280,0.09575960247484445,0.31592855345265514,0.08952003903018890,0.31922863214416280,0.09431912080728592,0.31918153215663109,0.09403203409359613,0.65000000000000024,0.25156160271314360,0.65000000000000024,0.25045555094026778
424242,17,72.37443347181987008,0.25503806684860725,0.09701656104844168,0.25045555124433455,0.08952003830888240,0.25173976289889227,0.09431911994474522,0.25164864944420884,0.09403203543443735,0.31922863226084902,0.09701656104844168,0.31592855491289690,0.08952003830888240,0.31922863226084902,0.09431911994474522,0.31918153198151700,0.09403203543443735,0.65000000000000024,0.25503806684860725,0.65000000000000024,0.25045555124433455
424242,19,87.02053997845462163,0.26916755447112239,0.12182310418328680,0.26748566946059249,0.09991723890637731,0.26864590098565488,0.12034208628934540,0.26860061403649121,0.12001489008242634,0.32393647616449839,0.12182310418328680,0.32049591403367417,0.09991723890637731,0.32393647616449839,0.12034208628934540,0.32388463030311088,0.12001489008242634,0.65833333333333355,0.26916755447112239,0.65833333333333355,0.26748566946059249
424242,26,71.82135887538431973,0.25156160279227502,0.09575960411515987,0.25045555086049959,0.08952004122231694,0.25173976296122991,0.09431912455989415,0.25164864946559529,0.09403203747870011,0.31922863480020303,0.09575960411515987,0.31592855400405967,0.08952004122231694,0.31922863480020303,0.09431912455989415,0.31918153198119192,0.09403203747870011,0.65000000000000024,0.25156160279227502,0.65000000000000024,0.25045555086049959
424242,27,71.82135886230550170,0.25156160270597699,0.09575960224730891,0.25045555069012998,0.08952004374291112,0.25173976289582639,0.09431911944890474,0.25164864946865367,0.09403203548290888,0.31922863538749885,0.09575960224730891,0.31592855291723543,0.08952004374291112,0.31922863538749885,0.09431911944890474,0.31918153165404495,0.09403203548290888,0.65000000000000024,0.25156160270597699,0.65000000000000024,0.25045555069012998
424242,28,73.59205767403761911,0.25504528372080043,0.09672749671544677,0.25045555122098306,0.08952003723152650,0.25173976288058725,0.09431912610694664,0.25164864958838123,0.09403203641171871,0.31922863264815149,0.09672749671544677,0.31592855513324458,0.08952003723152650,0.31922863264815149,0.09431912610694664,0.31918153259944904,0.09403203641171871,0.65000000000000024,0.25504528372080043,0.65000000000000024,0.25045555122098306
424242,29,71.82135885698633615,0.25156160277985584,0.09575960351022982,0.25045555108879392,0.08952004296841938,0.25173976287154648,0.09431912437550860,0.25164864943464177,0.09403203968862184,0.31922863118316436,0.09575960351022982,0.31592855367501882,0.08952004296841938,0.31922863118316436,0.09431912437550860,0.31918153057550019,0.09403203968862184,0.65000000000000024,0.25156160277985584,0.65000000000000024,0.25045555108879392
424242,30,71.82135886356964249,0.25156160262908644,0.09575960358857726,0.25045555107856948,0.08952003837478732,0.25173976267494197,0.09431912293478062,0.25164864939030840,0.09403203441420620,0.31922863223337067,0.09575960358857726,0.31592855461591751,0.08952003837478732,0.31922863223337067,0.09431912293478062,0.31918153161728463,0.09403203441420620,0.65000000000000024,0.25156160262908644,0.65000000000000024,0.25045555107856948
424242,39,71.82135883725901238,0.25156160266627198,0.09575960227193597,0.25045555084929294,0.08952004397417190,0.25173976286704663,0.09431911941577502,0.25164864950181903,0.09403203957942075,0.31922863089818210,0.09575960227193597,0.31592855457708197,0.08952004397417190,0.31922863089818210,0.09431911941577502,0.31918153219177936,0.09403203957942075,0.65000000000000024,0.25156160266627198,0.65000000000000024,0.25045555084929294
424242,40,71.82135882705941299,0.25156160279898582,0.09575960430173659,0.25045555102048478,0.08952004287645658,0.25173976289772976,0.09431912021711379,0.25164864947967513,0.09403203613423623,0.31922863196674606,0.09575960430173659,0.31592855323902386,0.08952004287645658,0.31922863196674606,0.09431912021711379,0.31918153146257344,0.09403203613423623,0.65000000000000024,0.25156160279898582,0.65000000000000024,0.25045555102048478
424242,42,72.38947152417173925,0.25328545905251465,0.09621843858881014,0.25045555107014322,0.08952003530647801,0.25173976305948687,0.09431912037549688,0.25164864957195865,0.09403203404185108,0.31922863377686156,0.09621843858881014,0.31592855426716215,0.08952003530647801,0.31922863377686156,0.09431912037549688,0.31918153251754122,0.09403203404185108,0.65000000000000024,0.25328545905251465,0.65000000000000024,0.25045555107014322
424242,43,71.82135890736203976,0.25156160273267292,0.09575960293324544,0.25045555109463963,0.08952003423218809,0.25173976298138118,0.09431911883703219,0.25164864948538651,0.09403203636300628,0.31922863282328523,0.09575960293324544,0.31592855435478095,0.08952003423218809,0.31922863282328523,0.09431911883703219,0.31918153213335698,0.09403203636300628,0.65000000000000024,0.25156160273267292,0.65000000000000024,0.25045555109463963
424242,52,72.38442075506846152,0.25329226293118817,0.09610800002348095,0.25045555120396212,0.08952003820306402,0.25173976282143173,0.09431911824438981,0.25164864942917053,0.09403203543761318,0.31922863198871504,0.09610800002348095,0.31592855440188700,0.08952003820306402,0.31922863198871504,0.09431911824438981,0.31918153253261744,0.09403203543761318,0.65000000000000024,0.25329226293118817,0.65000000000000024,0.25045555120396212
424242,53,71.82135883275745414,0.25156160272308931,0.09575960220649192,0.25045555112069945,0.08952003722620809,0.25173976302849604,0.09431912222878720,0.25164864949062987,0.09403203549804891,0.31922863287017572,0.09575960220649192,0.31592855412838522,0.08952003722620809,0.31922863287017572,0.09431912222878720,0.31918153234191915,0.09403203549804891,0.65000000000000024,0.25156160272308931,0.65000000000000024,0.25045555112069945
424242,54,71.82135885059798852,0.25156160275057549,0.09575960196311185,0.25045555100552203,0.08952003924548158,0.25173976286474453,0.09431911807978606,0.25164864936950515,0.09403203353675911,0.31922863484864095,0.09575960196311185,0.31592855467184555,0.08952003924548158,0.31922863484864095,0.09431911807978606,0.31918153116009618,0.09403203353675911,0.65000000000000024,0.25156160275057549,0.65000000000000024,0.25045555100552203
424242,56,71.82135885698775724,0.25156160275445671,0.09575960266857901,0.25045555102698230,0.08952003654191487,0.25173976288283567,0.09431912032026712,0.25164864952073662,0.09403203855039870,0.31922863245237099,0.09575960266857901,0.31592855444720547,0.08952003654191487,0.31922863245237099,0.09431912032026712,0.31918153148729245,0.09403203855039870,0.65000000000000024,0.25156160275445671,0.65000000000000024,0.25045555102698230
424242,59,96.72422052829946892,0.17719094070358379,0.15553555711064812,0.28691271124516021,0.07123834368474598,0.17648366080857528,0.15998148154327882,0.17736342604524957,0.15898362851486847,0.32448628572347699,0.15553555711064812,0.31292300030717585,0.07123834368474598,0.32448628572347699,0.15998148154327882,0.32504820224093345,0.15898362851486847,0.62083333333333357,0.17719094070358379,0.62083333333333357,0.28691271124516021
424242,65,72.38947152626626291,0.25328545901954397,0.09621843804350595,0.25045555106490597,0.08952003834062057,0.25173976284618682,0.09431912070076269,0.25164864960626293,0.09403203622851490,0.31922863240175509,0.09621843804350595,0.31592855487837457,0.08952003834062057,0.31922863240175509,0.09431912070076269,0.31918153252683490,0.09403203622851490,0.65000000000000024,0.25328545901954397,0.65000000000000024,0.25045555106490597
424242,67,71.82135882399464322,0.25156160271298211,0.09575960288185069,0.25045555115952434,0.08952003800961283,0.25173976283576421,0.09431911838253981,0.25164864946356186,0.09403203627293906,0.31922863215752256,0.09575960288185069,0.31592855417765564,0.08952003800961283,0.31922863215752256,0.09431911838253981,0.31918153206826771,0.09403203627293906,0.65000000000000024,0.25156160271298211,0.65000000000000024,0.25045555115952434
424242,68,72.38947148660433584,0.25328545906293548,0.09621843829800057,0.25045555108085182,0.08952003830399884,0.25173976280823696,0.09431912066081360,0.25164864947492344,0.09403203288527744,0.31922863203571472,0.09621843829800057,0.31592855380507096,0.08952003830399884,0.31922863203571472,0.09431912066081360,0.31918153177039149,0.09403203288527744,0.65000000000000024,0.25328545906293548,0.65000000000000024,0.25045555108085182
424242,71,85.94175656645417405,0.28006292354921225,0.10963828040269513,0.27734343540541795,0.09563296082061123,0.27916181311423777,0.10726411603242414,0.27912006372900527,0.10696700800104364,0.32187976951950792,0.10963828040269513,0.31858132959709579,0.09563296082061123,0.32187976951950792,0.10726411603242414,0.32183223276109990,0.10696700800104364,0.65416666666666690,0.28006292354921225,0.65416666666666690,0.27734343540541795
424242,78,71.82135885251349805,0.25156160275305173,0.09575960278032238,0.25045555098561628,0.08952003707625988,0.25173976278468835,0.09431911537373143,0.25164864937338977,0.09403203313769366,0.31922863225332365,0.09575960278032238,0.31592855437013823,0.08952003707625988,0.31922863225332365,0.09431911537373143,0.31918153211758965,0.09403203313769366,0.65000000000000024,0.25156160275305173,0.65000000000000024,0.25045555098561628
424242,79,71.82135888033018034,0.25156160268074435,0.09575960214921891,0.25045555103909223,0.08952003806849833,0.25173976293812500,0.09431911905642180,0.25164864967442158,0.09403203857296487,0.31922863226800596,0.09575960214921891,0.31592855442108086,0.08952003806849833,0.31922863226800596,0.09431911905642180,0.31918153331264143,0.09403203857296487,0.65000000000000024,0.25156160268074435,0.65000000000000024,0.25045555103909223
424242,80,71.82135883425259237,0.25156160269529154,0.09575960237523280,0.25045555096205430,0.08952004147888364,0.25173976299786061,0.09431912114235945,0.25164864950922416,0.09403203347232576,0.31922863312471078,0.09575960237523280,0.31592855468965730,0.08952004147888364,0.31922863312471078,0.09431912114235945,0.31918153176603115,0.09403203347232576,0.65000000000000024,0.25156160269529154,0.65000000000000024,0.25045555096205430
424242,81,71.82135885832906297,0.25156160271012129,0.09575960387911199,0.25045555094127059,0.08952003707324296,0.25173976296199835,0.09431912618532452,0.25164864938586257,0.09403203573839547,0.31922863271954915,0.09575960387911199,0.31592855354080485,0.08952003707324296,0.31922863271954915,0.09431912618532452,0.31918153131908250,0.09403203573839547,0.65000000000000024,0.25156160271012129,0.65000000000000024,0.25045555094127059
424242,82,71.82135886907811084,0.25156160275970463,0.09575960372980509,0.25045555102654810,0.08952003909579775,0.25173976300704765,0.09431912240424774,0.25164864942698190,0.09403204035501463,0.31922863361107062,0.09575960372980509,0.31592855426887895,0.08952003909579775,0.31922863361107062,0.09431912240424774,0.31918153134348998,0.09403204035501463,0.65000000000000024,0.25156160275970463,0.65000000000000024,0.25045555102654810
424242,83,71.82135884494542211,0.25156160284313195,0.09575960217733236,0.25045555116145263,0.08952003953414089,0.25173976287019406,0.09431911955621541,0.25164864959321404,0.09403203682665888,0.31922863259519829,0.09575960217733236,0.31592855419990729,0.08952003953414089,0.31922863259519829,0.09431911955621541,0.31918153242408109,0.09403203682665888,0.65000000000000024,0.25156160284313195,0.65000000000000024,0.25045555116145263
424242,84,71.82135886859603602,0.25156160268476901,0.09575960362844317,0.25045555089243399,0.08952003409748732,0.25173976272744619,0.09431912238629958,0.25164864955956634,0.09403203720487834,0.31922863240268912,0.09575960362844317,0.31592855286445742,0.08952003409748732,0.31922863240268912,0.09431912238629958,0.31918153212531963,0.09403203720487834,0.65000000000000024,0.25156160268476901,0.65000000000000024,0.25045555089243399
424242,85,86.98389769560472473,0.26176579674365075,0.13840188670914605,0.26151270424062489,0.14127257691541209,0.26242455494206318,0.13693664691101101,0.26232081818128516,0.13663898145625830,0.31582753471144670,0.13840188670914605,0.31719040514984903,0.14127257691541209,0.31582753471144670,0.13693664691101101,0.31577396011560294,0.13663898145625830,0.61666666666666692,0.26176579674365075,0.61666666666666692,0.26151270424062489
424242,91,71.82135885739184289,0.25156160270567235,0.09575960286489589,0.25045555098560290,0.08952003536113466,0.25173976296708495,0.09431912516849213,0.25164864939066983,0.09403203279418015,0.31922863286767966,0.09575960286489589,0.31592855464909242,0.08952003536113466,0.31922863286767966,0.09431912516849213,0.31918153146031886,0.09403203279418015,0.65000000000000024,0.25156160270567235,0.65000000000000024,0.25045555098560290
424242,92,72.39453147700135105,0.25327864320444671,0.09641771124651061,0.25045555093186128,0.08952003551004124,0.25173976286329652,0.09431912006872079,0.25164864950063670,0.09403203536064098,0.31922863254064915,0.09641771124651061,0.31592855327781744,0.08952003551004124,0.31922863254064915,0.09431912006872079,0.31918153107811342,0.09403203536064098,0.65000000000000024,0.25327864320444671,0.65000000000000024,0.25045555093186128
424242,93,71.82135885545508813,0.25156160273553979,0.09575960204254247,0.25045555111286721,0.08952003972899998,0.25173976287356803,0.09431912281094242,0.25164864943350024,0.09403203614864182,0.31922863146788871,0.09575960204254247,0.31592855419640770,0.08952003972899998,0.31922863146788871,0.09431912281094242,0.31918153162903662,0.09403203614864182,0.65000000000000024,0.25156160273553979,0.65000000000000024,0.25045555111286721
424242,94,76.17834500736231007,0.25497903077037892,0.09917396689429142,0.25045555103321671,0.08952003664584980,0.25173976299718337,0.09431912455579645,0.25164864943029708,0.09403203528829736,0.31922863263850737,0.09917396689429142,0.31592855517613272,0.08952003664584980,0.31922863263850737,0.09431912455579645,0.31918153198072652,0.09403203528829736,0.65000000000000024,0.25497903077037892,0.65000000000000024,0.25045555103321671
424242,95,71.82135888191058370,0.25156160271958755,0.09575960345723959,0.25045555094125965,0.08952003829212692,0.25173976268587722,0.09431911594852882,0.25164864950805854,0.09403203561693174,0.31922863182344730,0.09575960345723959,0.31592855426292910,0.08952003829212692,0.31922863182344730,0.09431911594852882,0.31918153259828941,0.09403203561693174,0.65000000000000024,0.25156160271958755,0.65000000000000024,0.25045555094125965
424242,96,71.82135886085337972,0.25156160272923939,0.09575960327891740,0.25045555074200143,0.08952003697500110,0.25173976275826226,0.09431912400733429,0.25164864947556348,0.09403203534252391,0.31922863231620169,0.09575960327891740,0.31592855329051361,0.08952003697500110,0.31922863231620169,0.09431912400733429,0.31918153224164542,0.09403203534252391,0.65000000000000024,0.25156160272923939,0.65000000000000024,0.25045555074200143
424242,104,72.38442074081521582,0.25329226295844742,0.09610799932472575,0.25045555089375926,0.08952003556152577,0.25173976299173662,0.09431912272659493,0.25164864949407822,0.09403203589994351,0.31922863242970334,0.09610799932472575,0.31592855328027125,0.08952003556152577,0.31922863242970334,0.09431912272659493,0.31918153180004766,0.09403203589994351,0.65000000000000024,0.25329226295844742,0.65000000000000024,0.25045555089375926
424242,105,72.38947151577522732,0.25328545914451683,0.09621843869768526,0.25045555097089744,0.08952003843233165,0.25173976291422573,0.09431912444179232,0.25164864945494092,0.09403203337845989,0.31922863396852491,0.09621843869768526,0.31592855474734621,0.08952003843233165,0.31922863396852491,0.09431912444179232,0.31918153186850190,0.09403203337845989,0.65000000000000024,0.25328545914451683,0.65000000000000024,0.25045555097089744
424242,106,77.37403207639698621,0.25677149907720825,0.09886098667130443,0.25045555091268590,0.08952004317467099,0.25173976278407123,0.09431912244018432,0.25164864936794501,0.09403203736519179,0.31922863244502125,0.09886098667130443,0.31592855393198965,0.08952004317467099,0.31922863244502125,0.09431912244018432,0.31918153139583011,0.09403203736519179,0.65000000000000024,0.25677149907720825,0.65000000000000024,0.25045555091268590
424242,107,71.82135884753660093,0.25156160276301848,0.09575960341087537,0.25045555104367834,0.08952003693227395,0.25173976275651327,0.09431912386976042,0.25164864942030457,0.09403203511584805,0.31922863190754319,0.09575960341087537,0.31592855484392429,0.08952003693227395,0.31922863190754319,0.09431912386976042,0.31918153189870174,0.09403203511584805,0.65000000000000024,0.25156160276301848,0.65000000000000024,0.25045555104367834
424242,108,72.37917186428245486,0.25503159559140487,0.09712655966121238,0.25045555104919331,0.08952004000031748,0.25173976299068790,0.09431912067645894,0.25164864940570492,0.09403203936729687,0.31922863169016480,0.09712655966121238,0.31592855449911666,0.08952004000031748,0.31922863169016480,0.09431912067645894,0.31918153123945670,0.09403203936729687,0.65000000000000024,0.25503159559140487,0.65000000000000024,0.25045555104919331
424242,113,80.35797696146167368,0.31453772617073711,0.18381995770812568,0.31278403250176462,0.15011490563194366,0.31420140344362596,0.18799213568212458,0.31408681858300125,0.18761317799136790,0.32370693982473514,0.18381995770812568,0.31439896812119478,0.15011490563194366,0.32370693982473514,0.18799213568212458,0.32426209393564520,0.18761317799136790,0.62083333333333357,0.31453772617073711,0.62083333333333357,0.31278403250176462
424242,117,71.82135887075408220,0.25156160272459066,0.09575960170387436,0.25045555110533241,0.08952003902345851,0.25173976276987170,0.09431911699196083,0.25164864952667326,0.09403204083005405,0.31922863149557501,0.09575960170387436,0.31592855378560181,0.08952003902345851,0.31922863149557501,0.09431911699196083,0.31918153076954342,0.09403204083005405,0.65000000000000024,0.25156160272459066,0.65000000000000024,0.25045555110533241
424242,118,72.38947147173114161,0.25328545912247202,0.09621843848575794,0.25045555122115409,0.08952004305043630,0.25173976288679595,0.09431911988923762,0.25164864932975550,0.09403203619511569,0.31922863276243574,0.09621843848575794,0.31592855447368878,0.08952004305043630,0.31922863276243574,0.09431911988923762,0.31918153170946356,0.09403203619511569,0.65000000000000024,0.25328545912247202,0.65000000000000024,0.25045555122115409
424242,119,71.82135883173293678,0.25156160275105155,0.09575960240659907,0.25045555099340233,0.08952003834117295,0.25173976281094484,0.09431912622781928,0.25164864944490534,0.09403203266877262,0.31922863251387895,0.09575960240659907,0.31592855414060156,0.08952003834117295,0.31922863251387895,0.09431912622781928,0.31918153198455601,0.09403203266877262,0.65000000000000024,0.25156160275105155,0.65000000000000024,0.25045555099340233
424242,120,71.82135885184897006,0.25156160271156680,0.09575960274044798,0.25045555111790868,0.08952003636646648,0.25173976281751176,0.09431912667588856,0.25164864932010778,0.09403203203592196,0.31922863248738426,0.09575960274044798,0.31592855389569041,0.08952003636646648,0.31922863248738426,0.09431912667588856,0.31918153070450672,0.09403203203592196,0.65000000000000024,0.25156160271156680,0.65000000000000024,0.25045555111790868
424242,122,71.82135883718846969,0.25156160272460404,0.09575960336129598,0.25045555099817207,0.08952003878819714,0.25173976274077725,0.09431912142708065,0.25164864946912135,0.09403203594572836,0.31922863186185324,0.09575960336129598,0.31592855477219750,0.08952003878819714,0.31922863186185324,0.09431912142708065,0.31918153100802127,0.09403203594572836,0.65000000000000024,0.25156160272460404,0.65000000000000024,0.25045555099817207
424242,123,87.77232734085453103,0.19142754269281487,0.15887736467863992,0.18826826127507240,0.12110865352447024,0.18970488198334709,0.15651452428482507,0.19054302745918889,0.15576074988156163,0.31824566536771726,0.15887736467863992,0.31199032073613686,0.12110865352447024,0.31824566536771726,0.15651452428482507,0.31921051019012864,0.15576074988156163,0.65000000000000024,0.19142754269281487,0.65000000000000024,0.18826826127507240
424242,130,72.38442076627997324,0.25329226290929008,0.09610800066864818,0.25045555075795867,0.08952004196576453,0.25173976292432421,0.09431912027789154,0.25164864923670172,0.09403203294284834,0.31922863531815160,0.09610800066864818,0.31592855380184282,0.08952004196576453,0.31922863531815160,0.09431912027789154,0.31918153047882691,0.09403203294284834,0.65000000000000024,0.25329226290929008,0.65000000000000024,0.25045555075795867
424242,131,71.82135888365004917,0.25156160275108475,0.09575960335069401,0.25045555102480282,0.08952003857595152,0.25173976288521266,0.09431912391588049,0.25164864947169374,0.09403203408254497,0.31922863298768872,0.09575960335069401,0.31592855454693819,0.08952003857595152,0.31922863298768872,0.09431912391588049,0.31918153209841049,0.09403203408254497,0.65000000000000024,0.25156160275108475,0.65000000000000024,0.25045555102480282
424242,135,71.82135890036502701,0.25156160270945493,0.09575960232412549,0.25045555094639610,0.08952003663999804,0.25173976273499082,0.09431911983632719,0.25164864938137083,0.09403203254860741,0.31922863141284130,0.09575960232412549,0.31592855324215863,0.08952003663999804,0.31922863141284130,0.09431911983632719,0.31918153107289177,0.09403203254860741,0.65000000000000024,0.25156160270945493,0.65000000000000024,0.25045555094639610
424242,144,71.82135879530270017,0.25156160278567785,0.09575960310040810,0.25045555122156621,0.08952003637046801,0.25173976282894506,0.09431912318933648,0.25164864956876631,0.09403203684857482,0.31922863183341815,0.09575960310040810,0.31592855488911709,0.08952003637046801,0.31922863183341815,0.09431912318933648,0.31918153161916579,0.09403203684857482,0.65000000000000024,0.25156160278567785,0.65000000000000024,0.25045555122156621
424242,145,71.82135888626295639,0.25156160273622930,0.09575960409969407,0.25045555109531847,0.08952003881832615,0.25173976299119866,0.09431912083949683,0.25164864945888804,0.09403203451973689,0.31922863179907784,0.09575960409969407,0.31592855178110502,0.08952003881832615,0.31922863179907784,0.09431912083949683,0.31918153093370016,0.09403203451973689,0.65000000000000024,0.25156160273622930,0.65000000000000024,0.25045555109531847
424242,147,71.82135887370807836,0.25156160275754541,0.09575960446876014,0.25045555103805778,0.08952003835052731,0.25173976285031446,0.09431912290322653,0.25164864951253596,0.09403203761361960,0.31922863135400159,0.09575960446876014,0.31592855317201896,0.08952003835052731,0.31922863135400159,0.09431912290322653,0.31918153107879155,0.09403203761361960,0.65000000000000024,0.25156160275754541,0.65000000000000024,0.25045555103805778
424242,148,70.74471001646679724,0.18234105743940898,0.09985700205957553,1.00000000000000000,0.02851198690820807,0.18251390593432898,0.09889180223534237,0.18245347791602778,0.09864751327826753,0.31325224301587690,0.09985700205957553,0.30443718663610464,0.02851198690820807,0.31325224301587690,0.09889180223534237,0.31322181911547659,0.09864751327826753,0.64583333333333359,0.18234105743940898,0.64583333333333359,1.00000000000000000
424242,149,69.14606823281144443,0.27427389736446228,0.10657824101383938,0.27302308962043031,0.09492697181269572,0.27445441204547311,0.10481501266719311,0.27434842700025230,0.10456337162443126,0.31503912173767523,0.10657824101383938,0.31079809994645546,0.09492697181269572,0.31503912173767523,0.10481501266719311,0.31562947229671556,0.10456337162443126,0.64583333333333359,0.27427389736446228,0.64583333333333359,0.27302308962043031
424242,156,72.38442073027913182,0.25329226301821328,0.09610800051006570,0.25045555108404671,0.08952003640220900,0.25173976295852935,0.09431912046003850,0.25164864948152804,0.09403203226920831,0.31922863343553792,0.09610800051006570,0.31592855604874165,0.08952003640220900,0.31922863343553792,0.09431912046003850,0.31918153228725749,0.09403203226920831,0.65000000000000024,0.25329226301821328,0.65000000000000024,0.25045555108404671
424242,157,71.82135883797732845,0.25156160267826444,0.09575960300719723,0.25045555112084639,0.08952003789312786,0.25173976282154259,0.09431912058623000,0.25164864937707815,0.09403203537292937,0.31922863185267070,0.09575960300719723,0.31592855500602801,0.08952003789312786,0.31922863185267070,0.09431912058623000,0.31918153135243893,0.09403203537292937,0.65000000000000024,0.25156160267826444,0.65000000000000024,0.25045555112084639
424242,158,71.82135886893527754,0.25156160278535683,0.09575960482108330,0.25045555109572476,0.08952003887980682,0.25173976279756766,0.09431911879283612,0.25164864937425946,0.09403203593591185,0.31922863176589866,0.09575960482108330,0.31592855374831980,0.08952003887980682,0.31922863176589866,0.09431911879283612,0.31918153143493133,0.09403203593591185,0.65000000000000024,0.25156160278535683,0.65000000000000024,0.25045555109572476
424242,159,71.82135886962569771,0.25156160272980949,0.09575960300744019,0.25045555121517593,0.08952003689317523,0.25173976291322370,0.09431911540940548,0.25164864924839503,0.09403203587755622,0.31922863119579270,0.09575960300744019,0.31592855420900606,0.08952003689317523,0.31922863119579270,0.09431911540940548,0.31918153036581637,0.09403203587755622,0.65000000000000024,0.25156160272980949,0.65000000000000024,0.25045555121517593
424242,160,71.82135882558530682,0.25156160275051603,0.09575960298640113,0.25045555090396615,0.08952004157567450,0.25173976294113487,0.09431911916364018,0.25164864956044725,0.09403203848531631,0.31922863246652222,0.09575960298640113,0.31592855389892444,0.08952004157567450,0.31922863246652222,0.09431911916364018,0.31918153242635777,0.09403203848531631,0.65000000000000024,0.25156160275051603,0.65000000000000024,0.25045555090396615
424242,161,72.38947151665419710,0.25328545908200184,0.09621843879747242,0.25045555111705498,0.08952003839797085,0.25173976293244998,0.09431912286400583,0.25164864941744530,0.09403203412116808,0.31922863395866663,0.09621843879747242,0.31592855490010252,0.08952003839797085,0.31922863395866663,0.09431912286400583,0.31918152997587507,0.09403203412116808,0.65000000000000024,0.25328545908200184,0.65000000000000024,0.25045555111705498
424242,169,71.82135882618631229,0.25156160272854911,0.09575960307228758,0.25045555099660149,0.08952003548902925,0.25173976285474214,0.09431911655861924,0.25164864943189186,0.09403203294144717,0.31922863382532463,0.09575960307228758,0.31592855393890462,0.08952003548902925,0.31922863382532463,0.09431911655861924,0.31918153218054746,0.09403203294144717,0.65000000000000024,0.25156160272854911,0.65000000000000024,0.25045555099660149
424242,170,71.82135891313474474,0.25156160269775324,0.09575960498965197,0.25045555090964866,0.08952003925536389,0.25173976278869553,0.09431912257873305,0.25164864953134947,0.09403203436297813,0.31922863452480171,0.09575960498965197,0.31592855459201485,0.08952003925536389,0.31922863452480171,0.09431912257873305,0.31918153235912528,0.09403203436297813,0.65000000000000024,0.25156160269775324,0.65000000000000024,0.25045555090964866
424242,171,72.37443345545020179,0.25503806696559583,0.09701656148922289,0.25045555112980733,0.08952003373585882,0.25173976277455901,0.09431912309713757,0.25164864946553295,0.09403203581556507,0.31922863217369701,0.09701656148922289,0.31592855452003588,0.08952003373585882,0.31922863217369701,0.09431912309713757,0.31918153120108123,0.09403203581556507,0.65000000000000024,0.25503806696559583,0.65000000000000024,0.25045555112980733
424242,172,71.82135888694918435,0.25156160265618516,0.09575960278544111,0.25045555107788964,0.08952003851435864,0.25173976288937611,0.09431912224273804,0.25164864951703581,0.09403203883408458,0.31922863291995390,0.09575960278544111,0.31592855339837100,0.08952003851435864,0.31922863291995390,0.09431912224273804,0.31918153252871145,0.09403203883408458,0.65000000000000024,0.25156160265618516,0.65000000000000024,0.25045555107788964
424242,173,71.82135887276594133,0.25156160272893369,0.09575960287688846,0.25045555100653277,0.08952003771103938,0.25173976292658595,0.09431912432435019,0.25164864947549387,0.09403203508040499,0.31922863351065156,0.09575960287688846,0.31592855363644262,0.08952003771103938,0.31922863351065156,0.09431912432435019,0.31918153243954328,0.09403203508040499,0.65000000000000024,0.25156160272893369,0.65000000000000024,0.25045555100653277
424242,174,71.82135884569265727,0.25156160268707300,0.09575960265140017,0.25045555092128391,0.08952003622395766,0.25173976286195526,0.09431911942707701,0.25164864957935468,0.09403203871994952,0.31922863214087760,0.09575960265140017,0.31592855290698807,0.08952003622395766,0.31922863214087760,0.09431911942707701,0.31918153242429687,0.09403203871994952,0.65000000000000024,0.25156160268707300,0.65000000000000024,0.25045555092128391
424242,175,74.32135906662854552,0.25156160171958014,0.09575961476218915,0.25045555016566035,0.08952004276017685,0.25173976195200753,0.09431912259967556,0.25164864843514367,0.09403203416448291,0.31922862673629643,0.09575961476218915,0.31592854785245644,0.08952004276017685,0.31922862673629643,0.09431912259967556,0.31918152548872392,0.09403203416448291,0.61666666666666692,0.25156160171958014,0.61666666666666692,0.25045555016566035
424242,182,71.82135888669471058,0.25156160276569456,0.09575960391382361,0.25045555105565948,0.08952003722396513,0.25173976294220596,0.09431912328524457,0.25164864934047082,0.09403203732645560,0.31922863228101817,0.09575960391382361,0.31592855426787181,0.08952003722396513,0.31922863228101817,0.09431912328524457,0.31918153158899032,0.09403203732645560,0.65000000000000024,0.25156160276569456,0.65000000000000024,0.25045555105565948
424242,183,73.59205775854175613,0.25504528367999663,0.09672749374998489,0.25045555119115004,0.08952003969927969,0.25173976290394162,0.09431912301595509,0.25164864946380977,0.09403203336678656,0.31922863260575007,0.09672749374998489,0.31592855514472901,0.08952003969927969,0.31922863260575007,0.09431912301595509,0.31918153119405424,0.09403203336678656,0.65000000000000024,0.25504528367999663,0.65000000000000024,0.25045555119115004
424242,184,73.59205768024595784,0.25504528370376373,0.09672749672112768,0.25045555105461115,0.08952004212478333,0.25173976284694521,0.09431912276234100,0.25164864949297355,0.09403203852210622,0.31922863155615594,0.09672749672112768,0.31592855214419052,0.08952004212478333,0.31922863155615594,0.09431912276234100,0.31918153238301095,0.09403203852210622,0.65000000000000024,0.25504528370376373,0.65000000000000024,0.25045555105461115
424242,185,76.15424422109529701,0.25675640475543460,0.09891351209875117,0.25045555087638804,0.08952003742413590,0.25173976287108113,0.09431912318355051,0.25164864933128833,0.09403203457678733,0.31922863379767158,0.09891351209875117,0.31592855374065304,0.08952003742413590,0.31922863379767158,0.09431912318355051,0.31918153036730323,0.09403203457678733,0.65000000000000024,0.25675640475543460,0.65000000000000024,0.25045555087638804
424242,186,72.39012089667340888,0.25502398099960538,0.09750572564398328,0.25045555114950896,0.08952003197922302,0.25173976261995507,0.09431912404173848,0.25164864950661953,0.09403203369731439,0.31922863179680178,0.09750572564398328,0.31592855412255838,0.08952003197922302,0.31922863179680178,0.09431912404173848,0.31918153241747843,0.09403203369731439,0.65000000000000024,0.25502398099960538,0.65000000000000024,0.25045555114950896
424242,195,71.82135882841913599,0.25156160274872186,0.09575960343064997,0.25045555100769928,0.08952004463424952,0.25173976291581790,0.09431912615152031,0.25164864933238057,0.09403203416751056,0.31922863257065215,0.09575960343064997,0.31592855394995101,0.08952004463424952,0.31922863257065215,0.09431912615152031,0.31918153210436173,0.09403203416751056,0.65000000000000024,0.25156160274872186,0.65000000000000024,0.25045555100769928
424242,196,71.82135882657074433,0.25156160278644385,0.09575960277482515,0.25045555097350986,0.08952004289866977,0.25173976291019245,0.09431912133543774,0.25164864946828619,0.09403203959258377,0.31922863301243981,0.09575960277482515,0.31592855434693490,0.08952004289866977,0.31922863301243981,0.09431912133543774,0.31918153197970794,0.09403203959258377,0.65000000000000024,0.25156160278644385,0.65000000000000024,0.25045555097350986
424242,197,71.82135882261806614,0.25156160269266670,0.09575960407589168,0.25045555109690459,0.08952003906035315,0.25173976282629773,0.09431912546344197,0.25164864958436201,0.09403203699833525,0.31922863254416939,0.09575960407589168,0.31592855508209355,0.08952003906035315,0.31922863254416939,0.09431912546344197,0.31918153238535724,0.09403203699833525,0.65000000000000024,0.25156160269266670,0.65000000000000024,0.25045555109690459
424242,199,71.82135890587848337,0.25156160271757810,0.09575960587455618,0.25045555111667595,0.08952003672189150,0.25173976289629185,0.09431912387951202,0.25164864953968341,0.09403203459777616,0.31922863201734147,0.09575960587455618,0.31592855485395338,0.08952003672189150,0.31922863201734147,0.09431912387951202,0.31918153204938193,0.09403203459777616,0.65000000000000024,0.25156160271757810,0.65000000000000024,0.25045555111667595
424242,200,71.82135886760168830,0.25156160273900652,0.09575960235659553,0.25045555117314156,0.08952004714923871,0.25173976284051125,0.09431912273644112,0.25164864939672288,0.09403203767350576,0.31922863221598169,0.09575960235659553,0.31592855486885518,0.08952004714923871,0.31922863221598169,0.09431912273644112,0.31918153166026164,0.09403203767350576,0.65000000000000024,0.25156160273900652,0.65000000000000024,0.25045555117314156
424242,206,92.82415057370187128,0.22213423072375180,0.12515401033971055,0.26765665538726707,0.10501683302590714,0.23345877890780745,0.12026860306074864,0.23906001176068870,0.12701410721039194,0.30932326159477452,0.12515401033971055,0.31068486966820397,0.10501683302590714,0.30932326159477452,0.12026860306074864,0.31035209721917822,0.12701410721039194,0.52083333333333348,0.22213423072375180,0.52083333333333348,0.26765665538726707
424242,208,71.82135887220908899,0.25156160275618644,0.09575960403660944,0.25045555112112355,0.08952004209883513,0.25173976291520728,0.09431912208789554,0.25164864956041494,0.09403203500753454,0.31922863246301836,0.09575960403660944,0.31592855329425018,0.08952004209883513,0.31922863246301836,0.09431912208789554,0.31918153233803059,0.09403203500753454,0.65000000000000024,0.25156160275618644,0.65000000000000024,0.25045555112112355
424242,210,71.82135886910808154,0.25156160269752087,0.09575960155632245,0.25045555115639689,0.08952004226534112,0.25173976302712786,0.09431911581550738,0.25164864933043168,0.09403203573640173,0.31922863227453896,0.09575960155632245,0.31592855445560386,0.08952004226534112,0.31922863227453896,0.09431911581550738,0.31918153082073242,0.09403203573640173,0.65000000000000024,0.25156160269752087,0.65000000000000024,0.25045555115639689
424242,211,71.82135888682078928,0.25156160276360146,0.09575960238390145,0.25045555114779217,0.08952003510427575,0.25173976295081407,0.09431912014609933,0.25164864935302678,0.09403203506026651,0.31922863315028394,0.09575960238390145,0.31592855388254698,0.08952003510427575,0.31922863315028394,0.09431912014609933,0.31918153210753131,0.09403203506026651,0.65000000000000024,0.25156160276360146,0.65000000000000024,0.25045555114779217
424242,212,71.82135888513118971,0.25156160272334066,0.09575960366119306,0.25045555104744144,0.08952004342337072,0.25173976295847944,0.09431912224597087,0.25164864924532787,0.09403203406825351,0.31922863271744334,0.09575960366119306,0.31592855409533288,0.08952004342337072,0.31922863271744334,0.09431912224597087,0.31918153005145555,0.09403203406825351,0.65000000000000024,0.25156160272334066,0.65000000000000024,0.25045555104744144
424242,213,71.82135885036015566,0.25156160263340410,0.09575960344144802,0.25045555087444787,0.08952003518391775,0.25173976274390103,0.09431911919016955,0.25164864946471721,0.09403203604363768,0.31922863186222017,0.09575960344144802,0.31592855326013486,0.08952003518391775,0.31922863186222017,0.09431911919016955,0.31918153185916465,0.09403203604363768,0.65000000000000024,0.25156160263340410,0.65000000000000024,0.25045555087444787
424242,214,71.82135883988175351,0.25156160264059590,0.09575960245986685,0.25045555102685252,0.08952003808020481,0.25173976278673310,0.09431912294868232,0.25164864947306542,0.09403203297001757,0.31922863155120390,0.09575960245986685,0.31592855470207304,0.08952003808020481,0.31922863155120390,0.09431912294868232,0.31918153224201740,0.09403203297001757,0.65000000000000024,0.25156160264059590,0.65000000000000024,0.25045555102685252
424242,221,71.82135889901761061,0.25156160272966516,0.09575960264397089,0.25045555098508626,0.08952003951726854,0.25173976301061707,0.09431911875471195,0.25164864944300058,0.09403203272858714,0.31922863482565744,0.09575960264397089,0.31592855471838172,0.08952003951726854,0.31922863482565744,0.09431911875471195,0.31918153165873320,0.09403203272858714,0.65000000000000024,0.25156160272966516,0.65000000000000024,0.25045555098508626
424242,222,71.82135885809653075,0.25156160264919453,0.09575960354912072,0.25045555118622864,0.08952003958748866,0.25173976267206383,0.09431912460938618,0.25164864958836369,0.09403203616719787,0.31922863061834439,0.09575960354912072,0.31592855452951130,0.08952003958748866,0.31922863061834439,0.09431912460938618,0.31918153176054381,0.09403203616719787,0.65000000000000024,0.25156160264919453,0.65000000000000024,0.25045555118622864
424242,223,73.59205770246552447,0.25504528363039125,0.09672749523984130,0.25045555119106155,0.08952003937174198,0.25173976278198651,0.09431912342098858,0.25164864944163640,0.09403203597238008,0.31922863184272271,0.09672749523984130,0.31592855435143574,0.08952003937174198,0.31922863184272271,0.09431912342098858,0.31918153185796028,0.09403203597238008,0.65000000000000024,0.25504528363039125,0.65000000000000024,0.25045555119106155
424242,224,71.82135891170845809,0.25156160271866573,0.09575960243495940,0.25045555111587098,0.08952003992694579,0.25173976301780515,0.09431912003216240,0.25164864937760928,0.09403203723552293,0.31922863338471019,0.09575960243495940,0.31592855369711126,0.08952003992694579,0.31922863338471019,0.09431912003216240,0.31918153096492546,0.09403203723552293,0.65000000000000024,0.25156160271866573,0.65000000000000024,0.25045555111587098
424242,225,71.82135886882755926,0.25156160276149386,0.09575960469466137,0.25045555106012118,0.08952003342638459,0.25173976284750876,0.09431912668337628,0.25164864951784055,0.09403204027971064,0.31922863242922139,0.09575960469466137,0.31592855466785208,0.08952003342638459,0.31922863242922139,0.09431912668337628,0.31918153216723871,0.09403204027971064,0.65000000000000024,0.25156160276149386,0.65000000000000024,0.25045555106012118
424242,226,71.82135886467013108,0.25156160276956063,0.09575960405097415,0.25045555087330174,0.08952003669224580,0.25173976299240541,0.09431912034802803,0.25164864940616438,0.09403203326712532,0.31922863245405275,0.09575960405097415,0.31592855405626336,0.08952003669224580,0.31922863245405275,0.09431912034802803,0.31918153084957646,0.09403203326712532,0.65000000000000024,0.25156160276956063,0.65000000000000024,0.25045555087330174
424242,227,79.36510940504200562,0.24272654020300449,0.11462206804810471,0.26120366460915584,0.09307260796964816,0.22781382853095500,0.11892437428949536,0.25653396025569453,0.11234105562944678,0.31067251089743941,0.11462206804810471,0.31079809353132420,0.09307260796964816,0.31067251089743941,0.11892437428949536,0.31091267856523253,0.11234105562944678,0.61666666666666692,0.24272654020300449,0.61666666666666692,0.26120366460915584
424242,234,72.38947145737623146,0.25328545907411232,0.09621843751259555,0.25045555094185018,0.08952003917932212,0.25173976289924493,0.09431911981036738,0.25164864935681963,0.09403203485020328,0.31922863499331405,0.09621843751259555,0.31592855437498690,0.08952003917932212,0.31922863499331405,0.09431911981036738,0.31918153149083955,0.09403203485020328,0.65000000000000024,0.25328545907411232,0.65000000000000024,0.25045555094185018
424242,235,71.82135885428532163,0.25156160284589679,0.09575960365263912,0.25045555101762079,0.08952004049854441,0.25173976297343714,0.09431912241163731,0.25164864940293447,0.09403203603420011,0.31922863277681196,0.09575960365263912,0.31592855208495807,0.08952004049854441,0.31922863277681196,0.09431912241163731,0.31918153149543194,0.09403203603420011,0.65000000000000024,0.25156160284589679,0.65000000000000024,0.25045555101762079
424242,236,71.82135886180125794,0.25156160265375410,0.09575960377082422,0.25045555111471912,0.08952004027925524,0.25173976273110699,0.09431912366455930,0.25164864946804127,0.09403203632258499,0.31922863171382970,0.09575960377082422,0.31592855404086700,0.08952004027925524,0.31922863171382970,0.09431912366455930,0.31918153206176525,0.09403203632258499,0.65000000000000024,0.25156160265375410,0.65000000000000024,0.25045555111471912
424242,237,71.82135889782868787,0.25156160278486039,0.09575960311142956,0.25045555106182427,0.08952003778812141,0.25173976294921818,0.09431912151954669,0.25164864955150706,0.09403203706102319,0.31922863377625804,0.09575960311142956,0.31592855479301640,0.08952003778812141,0.31922863377625804,0.09431912151954669,0.31918153187828580,0.09403203706102319,0.65000000000000024,0.25156160278486039,0.65000000000000024,0.25045555106182427
424242,238,71.82135881405415034,0.25156160274609968,0.09575960265820123,0.25045555090179372,0.08952004145393300,0.25173976285486471,0.09431912130527483,0.25164864945228599,0.09403203739431880,0.31922863272703061,0.09575960265820123,0.31592855309866158,0.08952004145393300,0.31922863272703061,0.09431912130527483,0.31918153204066479,0.09403203739431880,0.65000000000000024,0.25156160274609968,0.65000000000000024,0.25045555090179372
424242,239,68.04293503360472073,0.27406985714050863,0.11193114518350550,0.27286638302637167,0.10150472566301838,0.27426890284337102,0.11048070684533062,0.27416507648134214,0.11021971125771464,0.31417076212242739,0.11193114518350550,0.30801464984344251,0.10150472566301838,0.31417076212242739,0.11048070684533062,0.31416792059087872,0.11021971125771464,0.64583333333333359,0.27406985714050863,0.64583333333333359,0.27286638302637167
424242,242,125.01588125199657497,0.24095196405517727,0.23479151642936913,0.23743955866684141,0.25214059174670628,0.24175848362885030,0.23399904913790906,0.99887729906206413,0.08033430276455822,0.32714494357423041,0.23479151642936913,0.33210292461439117,0.25214059174670628,0.32714494357423041,0.23399904913790906,0.31302232846242717,0.08033430276455822,0.71250000000000002,0.24095196405517727,0.71250000000000002,0.23743955866684141
424242,247,71.82135889091554759,0.25156160272013106,0.09575960614310693,0.25045555094193100,0.08952003815142710,0.25173976280349075,0.09431912128244220,0.25164864938501885,0.09403203747887123,0.31922863343072067,0.09575960614310693,0.31592855449501839,0.08952003815142710,0.31922863343072067,0.09431912128244220,0.31918153223632345,0.09403203747887123,0.65000000000000024,0.25156160272013106,0.65000000000000024,0.25045555094193100
424242,248,72.37917185415501820,0.25503159560144262,0.09712655938649972,0.25045555111573831,0.08952003665607562,0.25173976292394246,0.09431911756204858,0.25164864938379367,0.09403203535091238,0.31922863178027550,0.09712655938649972,0.31592855455907831,0.08952003665607562,0.31922863178027550,0.09431911756204858,0.31918153153626455,0.09403203535091238,0.65000000000000024,0.25503159560144262,0.65000000000000024,0.25045555111573831
424242,249,71.82135887942339991,0.25156160277038597,0.09575960336847729,0.25045555079732790,0.08952003546913923,0.25173976289314570,0.09431912408234459,0.25164864944637744,0.09403203862650973,0.31922863380929961,0.09575960336847729,0.31592855353999150,0.08952003546913923,0.31922863380929961,0.09431912408234459,0.31918153166225816,0.09403203862650973,0.65000000000000024,0.25156160277038597,0.65000000000000024,0.25045555079732790
424242,251,71.82135882451399311,0.25156160274852590,0.09575960228885617,0.25045555103838901,0.08952004017018249,0.25173976295847822,0.09431911965643718,0.25164864958819227,0.09403203509107490,0.31922863218350694,0.09575960228885617,0.31592855454656865,0.08952004017018249,0.31922863218350694,0.09431911965643718,0.31918153243443448,0.09403203509107490,0.65000000000000024,0.25156160274852590,0.65000000000000024,0.25045555103838901
424242,260,71.82135885150765375,0.25156160274996264,0.09575960368285152,0.25045555097256755,0.08952003477135555,0.25173976294081457,0.09431912132843363,0.25164864949181731,0.09403203958618622,0.31922863203639307,0.09575960368285152,0.31592855448872004,0.08952003477135555,0.31922863203639307,0.09431912132843363,0.31918153224334955,0.09403203958618622,0.65000000000000024,0.25156160274996264,0.65000000000000024,0.25045555097256755
424242,261,71.82135886468900310,0.25156160268982802,0.09575960447061337,0.25045555110098361,0.08952003908973875,0.25173976262487213,0.09431912416726518,0.25164864949729188,0.09403203884623575,0.31922863177412170,0.09575960447061337,0.31592855448707746,0.08952003908973875,0.31922863177412170,0.09431912416726518,0.31918153202409771,0.09403203884623575,0.65000000000000024,0.25156160268982802,0.65000000000000024,0.25045555110098361
424242,262,71.82135886835885685,0.25156160276218981,0.09575960232381410,0.25045555101526001,0.08952003991778335,0.25173976305308465,0.09431911908938144,0.25164864937548087,0.09403203429742368,0.31922863273757102,0.09575960232381410,0.31592855376540352,0.08952003991778335,0.31922863273757102,0.09431911908938144,0.31918153177407460,0.09403203429742368,0.65000000000000024,0.25156160276218981,0.65000000000000024,0.25045555101526001
424242,263,81.17582541794998008,0.26415483594682848,0.10421958277786236,0.25045555121401225,0.08952003173811107,0.26259497562302336,0.09929150428898170,0.25694481738781882,0.09657458823814362,0.31634814985233306,0.10421958277786236,0.31592855534068642,0.08952003173811107,0.31634814985233306,0.09929150428898170,0.31700054101792630,0.09657458823814362,0.65000000000000024,0.26415483594682848,0.65000000000000024,0.25045555121401225
424242,265,71.82135881173599046,0.25156160267243821,0.09575960302884262,0.25045555091861887,0.08952003887290612,0.25173976282804256,0.09431911823150656,0.25164864950003590,0.09403203587298507,0.31922863293366760,0.09575960302884262,0.31592855242090329,0.08952003887290612,0.31922863293366760,0.09431911823150656,0.31918153211182909,0.09403203587298507,0.65000000000000024,0.25156160267243821,0.65000000000000024,0.25045555091861887
424242,266,70.74471007487903762,0.18234105734281442,0.09985700226164192,0.18168947430079693,0.10859511189551536,0.18251390586711766,0.09889180256604517,0.18245347799581882,0.09864751985729743,0.31325224220015729,0.09985700226164192,0.31392180385277962,0.10859511189551536,0.31325224220015729,0.09889180256604517,0.31322181899762991,0.09864751985729743,0.64583333333333359,0.18234105734281442,0.64583333333333359,0.18168947430079693
424242,267,71.82135883183578073,0.25156160281132772,0.09575960208006894,0.25045555099353289,0.08952003695952526,0.25173976292129568,0.09431911914083495,0.25164864935266767,0.09403203385258825,0.31922863246550276,0.09575960208006894,0.31592855444337031,0.08952003695952526,0.31922863246550276,0.09431911914083495,0.31918153173380220,0.09403203385258825,0.65000000000000024,0.25156160281132772,0.65000000000000024,0.25045555099353289
424242,269,89.95741010394358739,0.17667902246120643,0.16187471209464865,0.17428412079245270,0.16102288870834536,0.17789710838659531,0.16351469345326475,0.17726600023939773,0.16193618930694895,0.31967741196958244,0.16187471209464865,0.32290726968913519,0.16102288870834536,0.31967741196958244,0.16351469345326475,0.31964031684426658,0.16193618930694895,0.58750000000000024,0.17667902246120643,0.58750000000000024,0.17428412079245270
424242,273,71.82135885393995522,0.25156160281227108,0.09575960295068207,0.25045555106754708,0.08952003935525991,0.25173976317761254,0.09431912450045273,0.25164864942406984,0.09403203308748768,0.31922863345061075,0.09575960295068207,0.31592855361532968,0.08952003935525991,0.31922863345061075,0.09431912450045273,0.31918153257927456,0.09403203308748768,0.65000000000000024,0.25156160281227108,0.65000000000000024,0.25045555106754708
424242,274,72.38442076560798455,0.25329226280871259,0.09610800051696440,0.25045555115125689,0.08952003778754558,0.25173976299417000,0.09431912054120017,0.25164864940211995,0.09403203379238005,0.31922863313358463,0.09610800051696440,0.31592855391449276,0.08952003778754558,0.31922863313358463,0.09431912054120017,0.31918153084065354,0.09403203379238005,0.65000000000000024,0.25329226280871259,0.65000000000000024,0.25045555115125689
424242,276,72.39453152406298386,0.25327864317330934,0.09641771102721503,0.25045555102673495,0.08952004024275111,0.25173976281632410,0.09431912051829834,0.25164864941472537,0.09403203950465795,0.31922863269183810,0.09641771102721503,0.31592855402409020,0.08952004024275111,0.31922863269183810,0.09431912051829834,0.31918153165716506,0.09403203950465795,0.65000000000000024,0.25327864317330934,0.65000000000000024,0.25045555102673495
424242,277,71.82135883742195404,0.25156160276789835,0.09575960200745637,0.25045555131888997,0.08952003418435421,0.25173976278547261,0.09431912013225374,0.25164864946811738,0.09403203735472920,0.31922863070114715,0.09575960200745637,0.31592855363863270,0.08952003418435421,0.31922863070114715,0.09431912013225374,0.31918153071704852,0.09403203735472920,0.65000000000000024,0.25156160276789835,0.65000000000000024,0.25045555131888997
424242,287,71.82135883855893610,0.25156160274376221,0.09575960276251773,0.25045555115690565,0.08952003611242665,0.25173976283661925,0.09431912006910832,0.25164864946682186,0.09403203490804797,0.31922863201988505,0.09575960276251773,0.31592855433942441,0.08952003611242665,0.31922863201988505,0.09431912006910832,0.31918153245220110,0.09403203490804797,0.65000000000000024,0.25156160274376221,0.65000000000000024,0.25045555115690565
424242,289,71.82135882935513393,0.25156160270192285,0.09575960247343628,0.25045555102330747,0.08952004036744039,0.25173976294117711,0.09431912256664392,0.25164864951212557,0.09403203602694155,0.31922863294138126,0.09575960247343628,0.31592855485832133,0.08952004036744039,0.31922863294138126,0.09431912256664392,0.31918153214119543,0.09403203602694155,0.65000000000000024,0.25156160270192285,0.65000000000000024,0.25045555102330747
424242,290,71.82135882609877342,0.25156160275564332,0.09575960389642862,0.25045555121089069,0.08952003741840968,0.25173976290618955,0.09431912303782537,0.25164864947496129,0.09403203753059704,0.31922863446617250,0.09575960389642862,0.31592855497338540,0.08952003741840968,0.31922863446617250,0.09431912303782537,0.31918153251205661,0.09403203753059704,0.65000000000000024,0.25156160275564332,0.65000000000000024,0.25045555121089069
424242,292,83.46078342275291106,0.30288871884782709,0.14026701168192793,0.53494715992610531,0.06279716702528011,0.30206896954504769,0.13831120654569892,0.30202794734696831,0.13801676175758995,0.31689984193853105,0.14026701168192793,0.31057023495438718,0.06279716702528011,0.31689984193853105,0.13831120654569892,0.31721142778033168,0.13801676175758995,0.65000000000000024,0.30288871884782709,0.65000000000000024,0.53494715992610531
424242,299,71.82135884875438592,0.25156160271476496,0.09575960148482404,0.25045555135221409,0.08952003485223699,0.25173976280202887,0.09431911313602044,0.25164864940900061,0.09403203548781584,0.31922863186263917,0.09575960148482404,0.31592855303410095,0.08952003485223699,0.31922863186263917,0.09431911313602044,0.31918153204878857,0.09403203548781584,0.65000000000000024,0.25156160271476496,0.65000000000000024,0.25045555135221409
424242,300,72.38947150010108089,0.25328545914760442,0.09621843839106548,0.25045555102286554,0.08952004601006831,0.25173976279911853,0.09431911913456648,0.25164864954716848,0.09403204032281305,0.31922863186354000,0.09621843839106548,0.31592855418926774,0.08952004601006831,0.31922863186354000,0.09431911913456648,0.31918153241397657,0.09403204032281305,0.65000000000000024,0.25328545914760442,0.65000000000000024,0.25045555102286554
424242,301,71.82135886683546744,0.25156160266843897,0.09575960262444751,0.25045555095997901,0.08952003685751071,0.25173976268146792,0.09431911735551328,0.25164864927826264,0.09403203440701469,0.31922863102347315,0.09575960262444751,0.31592855275672072,0.08952003685751071,0.31922863102347315,0.09431911735551328,0.31918153066471427,0.09403203440701469,0.65000000000000024,0.25156160266843897,0.65000000000000024,0.25045555095997901
424242,302,71.82135880757088842,0.25156160281362505,0.09575960246969113,0.25045555085932031,0.08952004337174195,0.25173976276659915,0.09431912034848877,0.25164864936319736,0.09403203400221005,0.31922863161065607,0.09575960246969113,0.31592855345955589,0.08952004337174195,0.31922863161065607,0.09431912034848877,0.31918153153255813,0.09403203400221005,0.65000000000000024,0.25156160281362505,0.65000000000000024,0.25045555085932031
424242,303,79.95405786372526791,0.26410977351481296,0.10398264207655110,0.25045555103241285,0.08952004120539625,0.26255194341949567,0.10007216016137847,0.26247493922636611,0.09941290893595767,0.31521415924649898,0.10398264207655110,0.31592855378262136,0.08952004120539625,0.31521415924649898,0.10007216016137847,0.31569609818729888,0.09941290893595767,0.65000000000000024,0.26410977351481296,0.65000000000000024,0.25045555103241285
424242,304,71.82135881983512604,0.25156160281792800,0.09575960356685087,0.25045555147975934,0.08952003852096846,0.25173976285727900,0.09431912072354920,0.25164864957581506,0.09403203717731312,0.31922863190365680,0.09575960356685087,0.31592855610296844,0.08952003852096846,0.31922863190365680,0.09431912072354920,0.31918153131179133,0.09403203717731312,0.65000000000000024,0.25156160281792800,0.65000000000000024,0.25045555147975934
424242,305,71.82135886796041291,0.25156160273942302,0.09575960350398792,0.25045555077450871,0.08952003821395331,0.25173976295585015,0.09431912156832063,0.25164864946605864,0.09403203728776033,0.31922863270790602,0.09575960350398792,0.31592855293424604,0.08952003821395331,0.31922863270790602,0.09431912156832063,0.31918153242658875,0.09403203728776033,0.65000000000000024,0.25156160273942302,0.65000000000000024,0.25045555077450871
424242,312,72.38442069727997819,0.25329226293837137,0.09610799978017655,0.25045555103945449,0.08952003782463946,0.25173976287755478,0.09431911503148697,0.25164864943362142,0.09403203805208256,0.31922863210344105,0.09610799978017655,0.31592855333635278,0.08952003782463946,0.31922863210344105,0.09431911503148697,0.31918153260067783,0.09403203805208256,0.65000000000000024,0.25329226293837137,0.65000000000000024,0.25045555103945449
424242,313,72.38442071757434348,0.25329226304961522,0.09610800227933514,0.25045555092698929,0.08952003825315306,0.25173976279465338,0.09431912421051858,0.25164864948394911,0.09403203584462043,0.31922863373621146,0.09610800227933514,0.31592855423142402,0.08952003825315306,0.31922863373621146,0.09431912421051858,0.31918153152252965,0.09403203584462043,0.65000000000000024,0.25329226304961522,0.65000000000000024,0.25045555092698929
424242,314,71.82135885274763609,0.25156160272498435,0.09575960250517239,0.25045555102694139,0.08952004506164919,0.25173976280783589,0.09431912054649172,0.25164864941476350,0.09403203564105785,0.31922863240566735,0.09575960250517239,0.31592855321954000,0.08952004506164919,0.31922863240566735,0.09431912054649172,0.31918153130928340,0.09403203564105785,0.65000000000000024,0.25156160272498435,0.65000000000000024,0.25045555102694139
424242,315,71.82135886140872572,0.25156160276751871,0.09575960439611754,0.25045555096809397,0.08952004275101921,0.25173976292233885,0.09431911825171084,0.25164864947275806,0.09403203795385780,0.31922863263097306,0.09575960439611754,0.31592855470567099,0.08952004275101921,0.31922863263097306,0.09431911825171084,0.31918153192538234,0.09403203795385780,0.65000000000000024,0.25156160276751871,0.65000000000000024,0.25045555096809397
424242,316,72.37443349696266637,0.25503806702053455,0.09701656030180293,0.25045555093494887,0.08952003678069416,0.25173976301659223,0.09431912149047610,0.25164864948535309,0.09403203502432984,0.31922863365311116,0.09701656030180293,0.31592855285266319,0.08952003678069416,0.31922863365311116,0.09431912149047610,0.31918153184470027,0.09403203502432984,0.65000000000000024,0.25503806702053455,0.65000000000000024,0.25045555093494887
424242,318,70.74471006391920014,0.18234105731200329,0.09985700249135875,1.00000000000000000,0.02851198713967100,0.18251390582201119,0.09889179755507738,0.18245347810662457,0.09864751497746993,0.31325224198109453,0.09985700249135875,0.30443718515871149,0.02851198713967100,0.31325224198109453,0.09889179755507738,0.31322181925737241,0.09864751497746993,0.64583333333333359,0.18234105731200329,0.64583333333333359,1.00000000000000000
424242,325,71.82135883076355753,0.25156160283156587,0.09575960467205095,0.25045555091141042,0.08952003440026557,0.25173976299439221,0.09431913029361268,0.25164864933491476,0.09403203335156511,0.31922863314614575,0.09575960467205095,0.31592855382203339,0.08952003440026557,0.31922863314614575,0.09431913029361268,0.31918153083393164,0.09403203335156511,0.65000000000000024,0.25156160283156587,0.65000000000000024,0.25045555091141042
424242,326,72.38442075359938599,0.25329226290064349,0.09610800088690684,0.25045555100517120,0.08952003473351151,0.25173976282504418,0.09431912218845488,0.25164864950448812,0.09403203902200145,0.31922863393925832,0.09610800088690684,0.31592855472163622,0.08952003473351151,0.31922863393925832,0.09431912218845488,0.31918153186153764,0.09403203902200145,0.65000000000000024,0.25329226290064349,0.65000000000000024,0.25045555100517120
424242,327,72.39012088745846540,0.25502398108858410,0.09750572670693620,0.25045555110893564,0.08952003294088258,0.25173976305160756,0.09431911844154180,0.25164864947259324,0.09403203466166736,0.31922863318564487,0.09750572670693620,0.31592855515502960,0.08952003294088258,0.31922863318564487,0.09431911844154180,0.31918153118007558,0.09403203466166736,0.65000000000000024,0.25502398108858410,0.65000000000000024,0.25045555110893564
424242,328,73.59205770834162763,0.25504528373165319,0.09672749529377432,0.25045555092913629,0.08952003764925538,0.25173976276549082,0.09431912457158391,0.25164864943784476,0.09403203988910769,0.31922863130797735,0.09672749529377432,0.31592855341276960,0.08952003764925538,0.31922863130797735,0.09431912457158391,0.31918153105113234,0.09403203988910769,0.65000000000000024,0.25504528373165319,0.65000000000000024,0.25045555092913629
424242,329,71.82135882870448995,0.25156160271918732,0.09575960338320794,0.25045555119923341,0.08952003831946927,0.25173976289806499,0.09431911905295946,0.25164864946767634,0.09403203757330680,0.31922863245760758,0.09575960338320794,0.31592855510166518,0.08952003831946927,0.31922863245760758,0.09431911905295946,0.31918153116622056,0.09403203757330680,0.65000000000000024,0.25156160271918732,0.65000000000000024,0.25045555119923341
424242,338,71.82135886104647682,0.25156160267888011,0.09575960354957525,0.25045555105811446,0.08952003736928504,0.25173976282215860,0.09431912238640201,0.25164864937585990,0.09403203587205677,0.31922863336633073,0.09575960354957525,0.31592855487037119,0.08952003736928504,0.31922863336633073,0.09431912238640201,0.31918153139058458,0.09403203587205677,0.65000000000000024,0.25156160267888011,0.65000000000000024,0.25045555105811446
424242,339,72.38947148355842387,0.25328545907112671,0.09621844070877407,0.25045555114665374,0.08952004319224945,0.25173976281719262,0.09431912375804896,0.25164864943081483,0.09403203694436006,0.31922863213375258,0.09621844070877407,0.31592855463595415,0.08952004319224945,0.31922863213375258,0.09431912375804896,0.31918153193473509,0.09403203694436006,0.65000000000000024,0.25328545907112671,0.65000000000000024,0.25045555114665374
424242,340,73.59205766581391117,0.25504528370623714,0.09672749572927775,0.25045555097908767,0.08952004102913731,0.25173976283563770,0.09431911890939371,0.25164864955414429,0.09403203630627559,0.31922863300521181,0.09672749572927775,0.31592855398722663,0.08952004102913731,0.31922863300521181,0.09431911890939371,0.31918153273943939,0.09403203630627559,0.65000000000000024,0.25504528370623714,0.65000000000000024,0.25045555097908767
424242,342,71.82135884687588145,0.25156160273883810,0.09575960269628948,0.25045555099114863,0.08952003861089712,0.25173976300418260,0.09431912145783568,0.25164864954034771,0.09403203373505960,0.31922863269162982,0.09575960269628948,0.31592855452376539,0.08952003861089712,0.31922863269162982,0.09431912145783568,0.31918153213341094,0.09403203373505960,0.65000000000000024,0.25156160273883810,0.65000000000000024,0.25045555099114863
424242,343,67.16891486779337583,0.27359614392319037,0.12210503333271568,0.27270728410357387,0.10543857147391256,0.27406369152698651,0.12191367462238641,0.27396482683700468,0.12163421100968026,0.31417076144881512,0.12210503333271568,0.30880772628870040,0.10543857147391256,0.31417076144881512,0.12191367462238641,0.31416792013702666,0.12163421100968026,0.64583333333333359,0.27359614392319037,0.64583333333333359,0.27270728410357387
424242,351,72.38442076317588203,0.25329226286330558,0.09610800184550004,0.25045555092304961,0.08952004395262143,0.25173976298469136,0.09431912253822945,0.25164864935608849,0.09403203251443999,0.31922863289378461,0.09610800184550004,0.31592855466401931,0.08952004395262143,0.31922863289378461,0.09431912253822945,0.31918153159758594,0.09403203251443999,0.65000000000000024,0.25329226286330558,0.65000000000000024,0.25045555092304961
424242,353,72.38442067089894749,0.25329226293497936,0.09610800129354315,0.25045555108973389,0.08952004108549157,0.25173976301169759,0.09431912584389875,0.25164864933008874,0.09403203689250376,0.31922863217786707,0.09610800129354315,0.31592855373967405,0.08952004108549157,0.31922863217786707,0.09431912584389875,0.31918152981054526,0.09403203689250376,0.65000000000000024,0.25329226293497936,0.65000000000000024,0.25045555108973389
424242,354,71.82135889066597656,0.25156160266214478,0.09575960336085380,0.25045555109395073,0.08952004216867578,0.25173976278531635,0.09431912284815473,0.25164864941784232,0.09403203418777228,0.31922863203782748,0.09575960336085380,0.31592855427305272,0.08952004216867578,0.31922863203782748,0.09431912284815473,0.31918153169613228,0.09403203418777228,0.65000000000000024,0.25156160266214478,0.65000000000000024,0.25045555109395073
424242,355,71.82135885667906905,0.25156160278497025,0.09575960354398595,0.25045555120020890,0.08952004054029694,0.25173976275727705,0.09431911974487983,0.25164864945640031,0.09403203459086118,0.31922863266100954,0.09575960354398595,0.31592855505781237,0.08952004054029694,0.31922863266100954,0.09431911974487983,0.31918153195590543,0.09403203459086118,0.65000000000000024,0.25156160278497025,0.65000000000000024,0.25045555120020890
424242,358,87.03609301645505525,0.27062939153589050,0.12269060898307969,0.26842215728846330,0.10789410112077140,0.26999214064516869,0.12088515453474875,0.26994491711290641,0.12055743978471682,0.32479744671764071,0.12269060898307969,0.32146367168550766,0.10789410112077140,0.32479744671764071,0.12088515453474875,0.32474561922893153,0.12055743978471682,0.65833333333333355,0.27062939153589050,0.65833333333333355,0.26842215728846330
424242,364,72.38442075445591684,0.25329226287331791,0.09610800071498933,0.25045555092954941,0.08952003792018874,0.25173976292133038,0.09431912369197108,0.25164864954142058,0.09403203556647373,0.31922863364299353,0.09610800071498933,0.31592855376510220,0.08952003792018874,0.31922863364299353,0.09431912369197108,0.31918153188408233,0.09403203556647373,0.65000000000000024,0.25329226287331791,0.65000000000000024,0.25045555092954941
424242,365,72.38947156107519731,0.25328545905693362,0.09621843922501407,0.25045555106847978,0.08952003829942619,0.25173976297794309,0.09431912215742051,0.25164864947516918,0.09403203472331308,0.31922863296579029,0.09621843922501407,0.31592855498349864,0.08952003829942619,0.31922863296579029,0.09431912215742051,0.31918153203537364,0.09403203472331308,0.65000000000000024,0.25328545905693362,0.65000000000000024,0.25045555106847978
424242,366,72.39012089490348956,0.25502398111053143,0.09750572681214792,0.25045555106551337,0.08952003671885971,0.25173976281390575,0.09431911836296962,0.25164864943155829,0.09403203405146250,0.31922863207968016,0.09750572681214792,0.31592855427055211,0.08952003671885971,0.31922863207968016,0.09431911836296962,0.31918153213489653,0.09403203405146250,0.65000000000000024,0.25502398111053143,0.65000000000000024,0.25045555106551337
424242,367,71.82135888634502408,0.25156160270105088,0.09575960328105566,0.25045555082130350,0.08952003714085148,0.25173976292862249,0.09431912283920012,0.25164864937589437,0.09403203509606106,0.31922863272346402,0.09575960328105566,0.31592855334947800,0.08952003714085148,0.31922863272346402,0.09431912283920012,0.31918153153648648,0.09403203509606106,0.65000000000000024,0.25156160270105088,0.65000000000000024,0.25045555082130350
424242,369,71.82135890840609704,0.25156160276475809,0.09575960239020599,0.25045555109296047,0.08952004283983321,0.25173976281585964,0.09431911933775861,0.25164864957090860,0.09403203886732998,0.31922863218517233,0.09575960239020599,0.31592855474703874,0.08952004283983321,0.31922863218517233,0.09431911933775861,0.31918153290030804,0.09403203886732998,0.65000000000000024,0.25156160276475809,0.65000000000000024,0.25045555109296047
424242,370,82.62078527171750864,0.28450311720797006,0.16433087667106280,0.27994798476935900,0.16493586937672178,0.28575151487562633,0.16714257543072394,0.99487503648822606,0.09774519749355252,0.31683259293488725,0.16433087667106280,0.31871527022061719,0.16493586937672178,0.31683259293488725,0.16714257543072394,0.31527670579191275,0.09774519749355252,0.64583333333333359,0.28450311720797006,0.64583333333333359,0.27994798476935900
424242,377,71.82135882810020178,0.25156160275342382,0.09575960191723526,0.25045555118961688,0.08952003723062181,0.25173976302385309,0.09431912206903041,0.25164864955418170,0.09403203637563469,0.31922863337440510,0.09575960191723526,0.31592855448073015,0.08952003723062181,0.31922863337440510,0.09431912206903041,0.31918153254989595,0.09403203637563469,0.65000000000000024,0.25156160275342382,0.65000000000000024,0.25045555118961688
424242,378,71.82135885742009407,0.25156160275326844,0.09575960301036247,0.25045555105738665,0.08952003646267485,0.25173976282159322,0.09431912568947465,0.25164864948228238,0.09403203680977497,0.31922863200960860,0.09575960301036247,0.31592855467252889,0.08952003646267485,0.31922863200960860,0.09431912568947465,0.31918153262806936,0.09403203680977497,0.65000000000000024,0.25156160275326844,0.65000000000000024,0.25045555105738665
424242,379,71.82135886693363602,0.25156160266183475,0.09575960237462006,0.25045555095080196,0.08952003734010476,0.25173976280755722,0.09431911798321672,0.25164864943232490,0.09403203528293447,0.31922863214928293,0.09575960237462006,0.31592855401821301,0.08952003734010476,0.31922863214928293,0.09431911798321672,0.31918153065711541,0.09403203528293447,0.65000000000000024,0.25156160266183475,0.65000000000000024,0.25045555095080196
424242,380,71.82135883971135115,0.25156160280657275,0.09575960262977558,0.25045555106835637,0.08952003994050695,0.25173976271438964,0.09431912259267095,0.25164864947213061,0.09403203588911772,0.31922863211609287,0.09575960262977558,0.31592855400975622,0.08952003994050695,0.31922863211609287,0.09431912259267095,0.31918153221683915,0.09403203588911772,0.65000000000000024,0.25156160280657275,0.65000000000000024,0.25045555106835637
424242,381,76.17428676267124388,0.25673522771167023,0.09934112543479555,0.25045555117168428,0.08952003575464358,0.25173976286614175,0.09431912703973766,0.25164864936080555,0.09403203552919859,0.31776036726963919,0.09934112543479555,0.31592855471415526,0.08952003575464358,0.31776036726963919,0.09431912703973766,0.31843640036947851,0.09403203552919859,0.65000000000000024,0.25673522771167023,0.65000000000000024,0.25045555117168428
424242,388,97.82335390277907550,0.10019446975339150,0.21332805280437903,0.11051560373023726,0.24890366422074472,0.10059604337449034,0.20987771228951124,0.10133213135205013,0.20813499853341147,0.32389746930351282,0.21332805280437903,0.32978419649233226,0.24890366422074472,0.32389746930351282,0.20987771228951124,0.32380005965105374,0.20813499853341147,0.65000000000000024,0.10019446975339150,0.65000000000000024,0.11051560373023726
424242,390,71.82135882047856512,0.25156160279951562,0.09575960324238081,0.25045555120504026,0.08952003679856942,0.25173976275459553,0.09431912021311084,0.25164864939448184,0.09403203507577418,0.31922863132285406,0.09575960324238081,0.31592855264065361,0.08952003679856942,0.31922863132285406,0.09431912021311084,0.31918153152315831,0.09403203507577418,0.65000000000000024,0.25156160279951562,0.65000000000000024,0.25045555120504026
424242,391,71.82135884160703654,0.25156160268326583,0.09575960245406641,0.25045555105839223,0.08952003938382307,0.25173976289540356,0.09431912522735593,0.25164864940178472,0.09403203366905966,0.31922863294785553,0.09575960245406641,0.31592855348155263,0.08952003938382307,0.31922863294785553,0.09431912522735593,0.31918153153788686,0.09403203366905966,0.65000000000000024,0.25156160268326583,0.65000000000000024,0.25045555105839223
424242,392,72.39012093795309966,0.25502398101390206,0.09750572762568831,0.25045555092075983,0.08952003866849030,0.25173976276191257,0.09431912434612093,0.25164864950556887,0.09403204061770021,0.31922863170805238,0.09750572762568831,0.31592855378742823,0.08952003866849030,0.31922863170805238,0.09431912434612093,0.31918153206324557,0.09403204061770021,0.65000000000000024,0.25502398101390206,0.65000000000000024,0.25045555092075983
424242,393,71.82135886115513301,0.25156160264045008,0.09575960429514123,0.25045555096261357,0.08952004006183729,0.25173976287383804,0.09431912034336316,0.25164864942211540,0.09403203665672095,0.31922863283257624,0.09575960429514123,0.31592855361235189,0.08952004006183729,0.31922863283257624,0.09431912034336316,0.31918153191671167,0.09403203665672095,0.65000000000000024,0.25156160264045008,0.65000000000000024,0.25045555096261357
424242,394,71.82135884437259676,0.25156160276263745,0.09575960436897311,0.25045555104912637,0.08952003937133535,0.25173976299104761,0.09431912504701812,0.25164864954198485,0.09403203512714886,0.31922863178841077,0.09575960436897311,0.31592855171249179,0.08952003937133535,0.31922863178841077,0.09431912504701812,0.31918153305261276,0.09403203512714886,0.65000000000000024,0.25156160276263745,0.65000000000000024,0.25045555104912637
424242,395,71.82135885690129840,0.25156160268343342,0.09575960427445462,0.25045555097918470,0.08952003759789566,0.25173976281151877,0.09431911779936979,0.25164864944657495,0.09403203477412836,0.31922863214958619,0.09575960427445462,0.31592855341523618,0.08952003759789566,0.31922863214958619,0.09431911779936979,0.31918153107597741,0.09403203477412836,0.65000000000000024,0.25156160268343342,0.65000000000000024,0.25045555097918470
424242,400,85.33571930061513910,0.11090783373896507,0.12194725713428443,0.11462616854497013,0.13115123474999826,0.11513922127383470,0.12082452890744322,0.11652850681667236,0.11988485953677379,0.32325792888654986,0.12194725713428443,0.32304515371392817,0.13115123474999826,0.32325792888654986,0.12082452890744322,0.32326899629306621,0.11988485953677379,0.55000000000000016,0.11090783373896507,0.55000000000000016,0.11462616854497013
424242,403,71.82135885372458972,0.25156160284371154,0.09575960450429065,0.25045555116475188,0.08952003596895690,0.25173976296845846,0.09431912464376069,0.25164864946355575,0.09403203348281064,0.31922863291347675,0.09575960450429065,0.31592855461951080,0.08952003596895690,0.31922863291347675,0.09431912464376069,0.31918153194124821,0.09403203348281064,0.65000000000000024,0.25156160284371154,0.65000000000000024,0.25045555116475188
424242,404,71.82135882384307024,0.25156160275588740,0.09575960228276940,0.25045555111739848,0.08952003685930321,0.25173976288222022,0.09431912149676847,0.25164864953599630,0.09403203748414983,0.31922863278514252,0.09575960228276940,0.31592855477275988,0.08952003685930321,0.31922863278514252,0.09431912149676847,0.31918153194059862,0.09403203748414983,0.65000000000000024,0.25156160275588740,0.65000000000000024,0.25045555111739848
424242,405,71.82135888380302902,0.25156160274385969,0.09575960494386206,0.25045555121535690,0.08952003557369077,0.25173976287279148,0.09431912362443606,0.25164864941668130,0.09403203199420695,0.31922863422187270,0.09575960494386206,0.31592855556886124,0.08952003557369077,0.31922863422187270,0.09431912362443606,0.31918153117674342,0.09403203199420695,0.65000000000000024,0.25156160274385969,0.65000000000000024,0.25045555121535690
424242,406,71.82135884451425056,0.25156160272115391,0.09575960288880993,0.25045555114176166,0.08952003694839579,0.25173976285723837,0.09431911731835441,0.25164864941335130,0.09403203422834612,0.31922863230708309,0.09575960288880993,0.31592855472825354,0.08952003694839579,0.31922863230708309,0.09431911731835441,0.31918153075551281,0.09403203422834612,0.65000000000000024,0.25156160272115391,0.65000000000000024,0.25045555114176166
424242,408,72.38442070202349043,0.25329226307297220,0.09610800120386685,0.25045555109427420,0.08952003672026738,0.25173976279038207,0.09431912483334541,0.25164864948982002,0.09403203764757755,0.31922863331569146,0.09610800120386685,0.31592855508226797,0.08952003672026738,0.31922863331569146,0.09431912483334541,0.31918153184256665,0.09403203764757755,0.65000000000000024,0.25329226307297220,0.65000000000000024,0.25045555109427420
424242,409,71.82135909858800460,0.25156160082850537,0.09575958827148172,0.25045554985217477,0.08952004147502420,0.25173976122591890,0.09431909163939396,0.25164864785321600,0.09403200934238092,0.31922862566772620,0.09575958827148172,0.31592854986018504,0.08952004147502420,0.31922862566772620,0.09431909163939396,0.31918152495367752,0.09403200934238092,0.61666666666666692,0.25156160082850537,0.61666666666666692,0.25045554985217477
424242,416,71.82135885373241990,0.25156160267426064,0.09575960255016348,0.25045555099961114,0.08952003832103224,0.25173976274146803,0.09431911997069002,0.25164864946178606,0.09403203638667845,0.31922863211865943,0.09575960255016348,0.31592855413224546,0.08952003832103224,0.31922863211865943,0.09431911997069002,0.31918153224327211,0.09403203638667845,0.65000000000000024,0.25156160267426064,0.65000000000000024,0.25045555099961114
424242,417,71.82135884357835209,0.25156160264739991,0.09575960221917747,0.25045555114472129,0.08952003461678282,0.25173976286112881,0.09431911836873692,0.25164864946135251,0.09403203431455309,0.31922863314936628,0.09575960221917747,0.31592855439739204,0.08952003461678282,0.31922863314936628,0.09431911836873692,0.31918153223709372,0.09403203431455309,0.65000000000000024,0.25156160264739991,0.65000000000000024,0.25045555114472129
424242,419,71.82135885498476569,0.25156160264315819,0.09575960386446512,0.25045555111409590,0.08952003497436212,0.25173976271479565,0.09431912168925161,0.25164864944948506,0.09403203519017038,0.31922863209778307,0.09575960386446512,0.31592855391162061,0.08952003497436212,0.31922863209778307,0.09431912168925161,0.31918153174353797,0.09403203519017038,0.65000000000000024,0.25156160264315819,0.65000000000000024,0.25045555111409590
424242,420,71.82135884220372191,0.25156160270931599,0.09575960219860774,0.25045555119678697,0.08952003555956378,0.25173976294736755,0.09431912454299048,0.25164864939726489,0.09403203537945237,0.31922863262388002,0.09575960219860774,0.31592855444478718,0.08952003555956378,0.31922863262388002,0.09431912454299048,0.31918153204355854,0.09403203537945237,0.65000000000000024,0.25156160270931599,0.65000000000000024,0.25045555119678697
424242,421,71.82135884892062450,0.25156160270132599,0.09575960335767304,0.25045555104166217,0.08952004121602190,0.25173976288017097,0.09431912122933121,0.25164864948544124,0.09403203744965778,0.31922863245620658,0.09575960335767304,0.31592855417058430,0.08952004121602190,0.31922863245620658,0.09431912122933121,0.31918153211398759,0.09403203744965778,0.65000000000000024,0.25156160270132599,0.65000000000000024,0.25045555104166217
424242,422,69.14606832160836802,0.27427389723818563,0.10657824300998138,0.27302308937459124,0.09492697445905411,0.27445441210165678,0.10481501906536546,0.27434842682506261,0.10456336978059537,0.31503912182489607,0.10657824300998138,0.31079809835191563,0.09492697445905411,0.31503912182489607,0.10481501906536546,0.31562947240696582,0.10456336978059537,0.64583333333333359,0.27427389723818563,0.64583333333333359,0.27302308937459124
424242,430,71.82135886896054444,0.25156160274400075,0.09575960347391345,0.25045555109465795,0.08952003938781232,0.25173976287771654,0.09431912040693417,0.25164864950315452,0.09403203520811683,0.31922863388651557,0.09575960347391345,0.31592855481582466,0.08952003938781232,0.31922863388651557,0.09431912040693417,0.31918153208511946,0.09403203520811683,0.65000000000000024,0.25156160274400075,0.65000000000000024,0.25045555109465795
424242,431,71.82135890810522483,0.25156160271541333,0.09575960232009346,0.25045555124427882,0.08952003862208668,0.25173976299646367,0.09431911852411530,0.25164864951361221,0.09403203556567896,0.31922863214947794,0.09575960232009346,0.31592855445225981,0.08952003862208668,0.31922863214947794,0.09431911852411530,0.31918153098098301,0.09403203556567896,0.65000000000000024,0.25156160271541333,0.65000000000000024,0.25045555124427882
424242,432,71.82135880454706012,0.25156160267558025,0.09575960330462453,0.25045555121057805,0.08952003565538506,0.25173976287619437,0.09431912314085318,0.25164864935531112,0.09403203348857603,0.31922863362052278,0.09575960330462453,0.31592855434173794,0.08952003565538506,0.31922863362052278,0.09431912314085318,0.31918153095306928,0.09403203348857603,0.65000000000000024,0.25156160267558025,0.65000000000000024,0.25045555121057805
424242,433,72.38947156389086501,0.25328545915600215,0.09621843870191572,0.25045555100990619,0.08952003722183122,0.25173976299464146,0.09431911895549276,0.25164864954282412,0.09403203362471320,0.31922863301221249,0.09621843870191572,0.31592855416335025,0.08952003722183122,0.31922863301221249,0.09431911895549276,0.31918153261438753,0.09403203362471320,0.65000000000000024,0.25328545915600215,0.65000000000000024,0.25045555100990619
424242,434,71.82135890339286277,0.25156160269022887,0.09575960304906767,0.25045555095325694,0.08952004238229305,0.25173976299128342,0.09431912295980194,0.25164864933942466,0.09403203605907073,0.31922863496958931,0.09575960304906767,0.31592855418639809,0.08952004238229305,0.31922863496958931,0.09431912295980194,0.31918153130629073,0.09403203605907073,0.65000000000000024,0.25156160269022887,0.65000000000000024,0.25045555095325694
424242,442,72.38442074861566766,0.25329226287417289,0.09610799863332159,0.25045555131984337,0.08952003951408487,0.25173976292410571,0.09431911973072020,0.25164864950761534,0.09403203383674145,0.31922863229123682,0.09610799863332159,0.31592855515245832,0.08952003951408487,0.31922863229123682,0.09431911973072020,0.31918153255829845,0.09403203383674145,0.65000000000000024,0.25329226287417289,0.65000000000000024,0.25045555131984337
424242,443,72.38442070140287399,0.25329226297590857,0.09610800109241734,0.25045555098350486,0.08952003892745027,0.25173976304502460,0.09431912426333278,0.25164864940365927,0.09403203388232440,0.31922863319413319,0.09610800109241734,0.31592855333546671,0.08952003892745027,0.31922863319413319,0.09431912426333278,0.31918153194538795,0.09403203388232440,0.65000000000000024,0.25329226297590857,0.65000000000000024,0.25045555098350486
424242,444,71.82135884635326306,0.25156160265790539,0.09575960347262741,0.25045555112692131,0.08952003577480953,0.25173976279081950,0.09431911933943134,0.25164864943458204,0.09403203478174900,0.31922863219426512,0.09575960347262741,0.31592855381826007,0.08952003577480953,0.31922863219426512,0.09431911933943134,0.31918153197080068,0.09403203478174900,0.65000000000000024,0.25156160265790539,0.65000000000000024,0.25045555112692131
424242,445,71.82135883248254515,0.25156160277865941,0.09575960464181177,0.25045555091212512,0.08952003318894157,0.25173976294540545,0.09431912332596770,0.25164864959645056,0.09403204108568371,0.31922863304666010,0.09575960464181177,0.31592855319346491,0.08952003318894157,0.31922863304666010,0.09431912332596770,0.31918153258665655,0.09403204108568371,0.65000000000000024,0.25156160277865941,0.65000000000000024,0.25045555091212512
424242,446,77.37403209068293108,0.25677149923077014,0.09886098563501627,0.25045555107421580,0.08952004202762143,0.25173976289845978,0.09431912316680724,0.25164864959153105,0.09403203651741943,0.31922863276010260,0.09886098563501627,0.31592855414920662,0.08952004202762143,0.31922863276010260,0.09431912316680724,0.31918153310004627,0.09403203651741943,0.65000000000000024,0.25677149923077014,0.65000000000000024,0.25045555107421580
424242,447,71.82135890348186535,0.25156160270201144,0.09575960516478221,0.25045555098260508,0.08952003690247563,0.25173976278367149,0.09431912402067311,0.25164864944028015,0.09403203287438888,0.31922863219837161,0.09575960516478221,0.31592855092285360,0.08952003690247563,0.31922863219837161,0.09431912402067311,0.31918153258969051,0.09403203287438888,0.65000000000000024,0.25156160270201144,0.65000000000000024,0.25045555098260508
424242,448,85.84285297350471922,0.25480489156289160,0.14578974225821975,0.25317181127492594,0.13830893116949983,0.25385198621559318,0.14588132273823962,0.25375571749717613,0.14556974026423095,0.31807278341916834,0.14578974225821975,0.31451977390498326,0.13830893116949983,0.31807278341916834,0.14588132273823962,0.31801324449946966,0.14556974026423095,0.65416666666666690,0.25480489156289160,0.65416666666666690,0.25317181127492594
424242,455,71.82135886231282029,0.25156160276052059,0.09575960314166275,0.25045555104361195,0.08952003798220749,0.25173976306308593,0.09431912088047611,0.25164864948933519,0.09403203468762815,0.31922863332703422,0.09575960314166275,0.31592855447193363,0.08952003798220749,0.31922863332703422,0.09431912088047611,0.31918153190170051,0.09403203468762815,0.65000000000000024,0.25156160276052059,0.65000000000000024,0.25045555104361195
424242,456,71.82135883482054339,0.25156160266570898,0.09575960199201668,0.25045555111000323,0.08952003767179136,0.25173976265469034,0.09431911879720938,0.25164864943779586,0.09403203326154763,0.31922863183452149,0.09575960199201668,0.31592855399932818,0.08952003767179136,0.31922863183452149,0.09431911879720938,0.31918153182146708,0.09403203326154763,0.65000000000000024,0.25156160266570898,0.65000000000000024,0.25045555111000323
424242,458,72.37443346724441540,0.25503806700889453,0.09701656063865120,0.25045555105745609,0.08952003965126749,0.25173976302794743,0.09431912057233172,0.25164864945783977,0.09403203594989089,0.31922863325330103,0.09701656063865120,0.31592855519860374,0.08952003965126749,0.31922863325330103,0.09431912057233172,0.31918153214651857,0.09403203594989089,0.65000000000000024,0.25503806700889453,0.65000000000000024,0.25045555105745609
424242,459,79.97290719455565977,0.26408870578975308,0.10440900104837801,0.25045555095204325,0.08952003812879521,0.26255194360608108,0.10007216103655663,0.26245350782322757,0.10011864428071131,0.31521416118390017,0.10440900104837801,0.31409079693082320,0.08952003812879521,0.31521416118390017,0.10007216103655663,0.31517129491634543,0.10011864428071131,0.65000000000000024,0.26408870578975308,0.65000000000000024,0.25045555095204325
424242,460,76.15424422607463839,0.25675640479906964,0.09891351109314371,0.25045555125627000,0.08952004036363877,0.25173976308454232,0.09431912877425330,0.25164864938187204,0.09403203703236758,0.31922863269347984,0.09891351109314371,0.31592855471307518,0.08952004036363877,0.31922863269347984,0.09431912877425330,0.31918153096260710,0.09403203703236758,0.65000000000000024,0.25675640479906964,0.65000000000000024,0.25045555125627000
424242,463,88.46922339559863246,0.17250363607028707,0.12101360368455542,0.17250834655263336,0.11955950545929601,0.17386190003917004,0.12029527096478281,0.17465422950506981,0.11953501623859242,0.32379792580100125,0.12101360368455542,0.32038998362645915,0.11955950545929601,0.32379792580100125,0.12029527096478281,0.32371818294203664,0.11953501623859242,0.58750000000000024,0.17250363607028707,0.58750000000000024,0.17250834655263336
424242,468,71.82135884608284471,0.25156160272704825,0.09575960424913567,0.25045555098177991,0.08952003822431480,0.25173976282150223,0.09431912269434650,0.25164864939173132,0.09403203499193265,0.31922863208155144,0.09575960424913567,0.31592855420500859,0.08952003822431480,0.31922863208155144,0.09431912269434650,0.31918153162607488,0.09403203499193265,0.65000000000000024,0.25156160272704825,0.65000000000000024,0.25045555098177991
424242,469,71.82135889626501069,0.25156160273381900,0.09575960285267714,0.25045555110113554,0.08952004182135613,0.25173976291069755,0.09431911836541255,0.25164864952385430,0.09403203573201895,0.31922863149011443,0.09575960285267714,0.31592855414208887,0.08952004182135613,0.31922863149011443,0.09431911836541255,0.31918153178101838,0.09403203573201895,0.65000000000000024,0.25156160273381900,0.65000000000000024,0.25045555110113554
424242,470,71.82135889146070440,0.25156160273536854,0.09575960279690060,0.25045555127666430,0.08952003826015353,0.25173976293925782,0.09431912005640124,0.25164864938588571,0.09403203594618829,0.31922863113295596,0.09575960279690060,0.31592855481540033,0.08952003826015353,0.31922863113295596,0.09431912005640124,0.31918153116229470,0.09403203594618829,0.65000000000000024,0.25156160273536854,0.65000000000000024,0.25045555127666430
424242,471,71.82135889852162336,0.25156160270227296,0.09575960476366309,0.25045555115866969,0.08952003645328295,0.25173976279746979,0.09431912197768555,0.25164864950184607,0.09403203771435649,0.31922863220998154,0.09575960476366309,0.31592855203391046,0.08952003645328295,0.31922863220998154,0.09431912197768555,0.31918153287152179,0.09403203771435649,0.65000000000000024,0.25156160270227296,0.65000000000000024,0.25045555115866969
424242,472,72.38947150754736981,0.25328545910704070,0.09621843947717200,0.25045555093829769,0.08952003182443009,0.25173976274965959,0.09431912608392350,0.25164864950866878,0.09403203489360619,0.31922863185837785,0.09621843947717200,0.31592855361197836,0.08952003182443009,0.31922863185837785,0.09431912608392350,0.31918153100122565,0.09403203489360619,0.65000000000000024,0.25328545910704070,0.65000000000000024,0.25045555093829769
424242,481,71.82135890269793776,0.25156160268460859,0.09575960323339662,0.25045555090727795,0.08952003866560927,0.25173976272517146,0.09431912014673483,0.25164864960323780,0.09403203659214306,0.31922863173764088,0.09575960323339662,0.31592855208379089,0.08952003866560927,0.31922863173764088,0.09431912014673483,0.31918153210104694,0.09403203659214306,0.65000000000000024,0.25156160268460859,0.65000000000000024,0.25045555090727795
424242,482,71.82135883130916909,0.25156160277148876,0.09575960328787934,0.25045555129601899,0.08952003359696022,0.25173976298152351,0.09431912193669041,0.25164864944416165,0.09403203712400716,0.31922863290978348,0.09575960328787934,0.31592855522176061,0.08952003359696022,0.31922863290978348,0.09431912193669041,0.31918153186529957,0.09403203712400716,0.65000000000000024,0.25156160277148876,0.65000000000000024,0.25045555129601899
424242,483,71.82135885964711974,0.25156160279761552,0.09575960390715450,0.25045555102172046,0.08952003865259679,0.25173976305562784,0.09431912232680399,0.25164864954748928,0.09403203814682908,0.31922863289364140,0.09575960390715450,0.31592855214054461,0.08952003865259679,0.31922863289364140,0.09431912232680399,0.31918153272574279,0.09403203814682908,0.65000000000000024,0.25156160279761552,0.65000000000000024,0.25045555102172046
424242,485,72.38442074741659837,0.25329226283162110,0.09610800222478581,0.25045555092278748,0.08952004186212403,0.25173976276417781,0.09431912026471904,0.25164864938172510,0.09403203481686558,0.31922863278828401,0.09610800222478581,0.31592855391632535,0.08952004186212403,0.31922863278828401,0.09431912026471904,0.31918153171015745,0.09403203481686558,0.65000000000000024,0.25329226283162110,0.65000000000000024,0.25045555092278748
424242,486,71.82135887707885047,0.25156160263980637,0.09575960325870524,0.25045555109021489,0.08952003443391317,0.25173976285876221,0.09431912548942430,0.25164864934966008,0.09403203552674566,0.31922863160910936,0.09575960325870524,0.31592855411434184,0.08952003443391317,0.31922863160910936,0.09431912548942430,0.31918153009385802,0.09403203552674566,0.65000000000000024,0.25156160263980637,0.65000000000000024,0.25045555109021489
424242,491,87.82690161625941982,0.23753671605794252,0.11809391395960202,0.23369456408997261,0.11288845402350001,0.23444795725847217,0.11889541461625790,0.23434906656744589,0.11857564528153992,0.32500559454878575,0.11809391395960202,0.32488606108289242,0.11288845402350001,0.32500559454878575,0.11889541461625790,0.32651860198466431,0.11857564528153992,0.55833333333333346,0.23753671605794252,0.55833333333333346,0.23369456408997261
424242,493,96.48897144174986806,0.27386914875272178,0.19660636922624486,0.26901112733237953,0.20594383509149142,0.28770740812616202,0.19330263115567795,0.24883425198880016,0.19225818247737400,0.31259362292817255,0.19660636922624486,0.31575672216441997,0.20594383509149142,0.31259362292817255,0.19330263115567795,0.31366847138805537,0.19225818247737400,0.60000000000000020,0.27386914875272178,0.60000000000000020,0.26901112733237953
424242,494,71.82135884556836913,0.25156160279222628,0.09575960320413757,0.25045555100298766,0.08952003304246288,0.25173976303036355,0.09431912437685626,0.25164864955650540,0.09403203570675116,0.31922863311864341,0.09575960320413757,0.31592855322222929,0.08952003304246288,0.31922863311864341,0.09431912437685626,0.31918153271720945,0.09403203570675116,0.65000000000000024,0.25156160279222628,0.65000000000000024,0.25045555100298766
424242,496,71.82135884900179690,0.25156160272563893,0.09575960546828438,0.25045555097067601,0.08952003555248256,0.25173976279015603,0.09431912248443781,0.25164864940423554,0.09403203751546292,0.31922863175884147,0.09575960546828438,0.31592855446421270,0.08952003555248256,0.31922863175884147,0.09431912248443781,0.31918153181388775,0.09403203751546292,0.65000000000000024,0.25156160272563893,0.65000000000000024,0.25045555097067601
424242,497,71.82135885924660101,0.25156160268849070,0.09575960347263159,0.25045555127359309,0.08952004138061580,0.25173976280036342,0.09431911662401708,0.25164864947585946,0.09403203450341653,0.31922863133270973,0.09575960347263159,0.31592855261012076,0.08952004138061580,0.31922863133270973,0.09431911662401708,0.31918153260731208,0.09403203450341653,0.65000000000000024,0.25156160268849070,0.65000000000000024,0.25045555127359309
424242,498,72.38947156003064265,0.25328545899448329,0.09621843800226261,0.25045555092656374,0.08952003381391112,0.25173976277605581,0.09431911890091930,0.25164864936450937,0.09403203626306762,0.31922863161453130,0.09621843800226261,0.31592855234919653,0.08952003381391112,0.31922863161453130,0.09431911890091930,0.31918153145843187,0.09403203626306762,0.65000000000000024,0.25328545899448329,0.65000000000000024,0.25045555092656374
